----------------
; Command Info ;
----------------
Report Timing: Found 20 hold paths (0 violated).  Worst case slack is 0.493 

Tcl Command:
    report_timing -hold -show_routing -multi_corner -file critical_paths/worst_hold_paths.rpt -panel_name {LightHD challenge: worst hold paths} -npaths 20 -detail full_path

Options:
    -hold 
    -npaths 20 
    -show_routing 
    -detail full_path 
    -panel_name {LightHD challenge: worst hold paths} 
    -file {critical_paths/worst_hold_paths.rpt} 
    -multi_corner 

Delay Model:
    Slow 1100mV 85C Model

+-----------------------------------------------------------------------------------------------------------------------------------------+
; Summary of Paths                                                                                                                        ;
+-------+-----------------------------+-----------------------------+--------------+-------------+--------------+------------+------------+
; Slack ; From Node                   ; To Node                     ; Launch Clock ; Latch Clock ; Relationship ; Clock Skew ; Data Delay ;
+-------+-----------------------------+-----------------------------+--------------+-------------+--------------+------------+------------+
; 0.493 ; message_bytes_remaining[12] ; message_bytes_remaining[12] ; clk          ; clk         ; 0.000        ; 0.125      ; 0.618      ;
; 0.495 ; message_bytes_remaining[8]  ; message_bytes_remaining[8]  ; clk          ; clk         ; 0.000        ; 0.125      ; 0.620      ;
; 0.496 ; message_bytes_remaining[15] ; message_bytes_remaining[15] ; clk          ; clk         ; 0.000        ; 0.125      ; 0.621      ;
; 0.498 ; message_bytes_remaining[7]  ; message_bytes_remaining[7]  ; clk          ; clk         ; 0.000        ; 0.125      ; 0.623      ;
; 0.499 ; message_bytes_remaining[6]  ; message_bytes_remaining[6]  ; clk          ; clk         ; 0.000        ; 0.125      ; 0.624      ;
; 0.504 ; xof_bytes_remaining[11]     ; xof_bytes_remaining[11]     ; clk          ; clk         ; 0.000        ; 0.125      ; 0.629      ;
; 0.505 ; xof_bytes_remaining[6]      ; xof_bytes_remaining[6]      ; clk          ; clk         ; 0.000        ; 0.125      ; 0.630      ;
; 0.507 ; message_bytes_remaining[5]  ; message_bytes_remaining[5]  ; clk          ; clk         ; 0.000        ; 0.125      ; 0.632      ;
; 0.507 ; message_bytes_remaining[13] ; message_bytes_remaining[13] ; clk          ; clk         ; 0.000        ; 0.125      ; 0.632      ;
; 0.508 ; xof_bytes_remaining[15]     ; xof_bytes_remaining[15]     ; clk          ; clk         ; 0.000        ; 0.125      ; 0.633      ;
; 0.514 ; xof_bytes_remaining[8]      ; xof_bytes_remaining[8]      ; clk          ; clk         ; 0.000        ; 0.125      ; 0.639      ;
; 0.514 ; message_bytes_remaining[0]  ; message_bytes_remaining[0]  ; clk          ; clk         ; 0.000        ; 0.125      ; 0.639      ;
; 0.515 ; message_bytes_remaining[3]  ; message_bytes_remaining[3]  ; clk          ; clk         ; 0.000        ; 0.125      ; 0.640      ;
; 0.517 ; xof_bytes_remaining[9]      ; xof_bytes_remaining[9]      ; clk          ; clk         ; 0.000        ; 0.125      ; 0.642      ;
; 0.524 ; state_array[0][1][48]       ; state_array[0][1][48]       ; clk          ; clk         ; 0.000        ; 0.127      ; 0.651      ;
; 0.524 ; state_array[0][4][48]       ; state_array[0][4][48]       ; clk          ; clk         ; 0.000        ; 0.127      ; 0.651      ;
; 0.524 ; state_array[0][0][6]        ; state_array[0][0][6]        ; clk          ; clk         ; 0.000        ; 0.127      ; 0.651      ;
; 0.524 ; state_array[2][1][48]       ; state_array[2][1][48]       ; clk          ; clk         ; 0.000        ; 0.127      ; 0.651      ;
; 0.524 ; state_array[1][1][48]       ; state_array[1][1][48]       ; clk          ; clk         ; 0.000        ; 0.127      ; 0.651      ;
; 0.524 ; state_array[0][3][50]       ; state_array[0][3][50]       ; clk          ; clk         ; 0.000        ; 0.127      ; 0.651      ;
+-------+-----------------------------+-----------------------------+--------------+-------------+--------------+------------+------------+

Path #1: Hold slack is 0.493 
===============================================================================
+--------------------------------------------------+
; Path Summary                                     ;
+--------------------+-----------------------------+
; Property           ; Value                       ;
+--------------------+-----------------------------+
; From Node          ; message_bytes_remaining[12] ;
; To Node            ; message_bytes_remaining[12] ;
; Launch Clock       ; clk                         ;
; Latch Clock        ; clk                         ;
; Data Arrival Time  ; 4.819                       ;
; Data Required Time ; 4.326                       ;
; Slack              ; 0.493                       ;
+--------------------+-----------------------------+

+------------------------------------------------------------------------------------+
; Statistics                                                                         ;
+------------------------+-------+-------+-------------+------------+--------+-------+
; Property               ; Value ; Count ; Total Delay ; % of Total ; Min    ; Max   ;
+------------------------+-------+-------+-------------+------------+--------+-------+
; Hold Relationship      ; 0.000 ;       ;             ;            ;        ;       ;
; Clock Skew             ; 0.125 ;       ;             ;            ;        ;       ;
; Data Delay             ; 0.618 ;       ;             ;            ;        ;       ;
; Number of Logic Levels ;       ; 1     ;             ;            ;        ;       ;
; Physical Delays        ;       ;       ;             ;            ;        ;       ;
;  Arrival Path          ;       ;       ;             ;            ;        ;       ;
;   Clock                ;       ;       ;             ;            ;        ;       ;
;    IC                  ;       ; 3     ; -0.002      ; 0          ; -0.002 ; 0.000 ;
;    Cell                ;       ; 3     ; 1.764       ; 42         ; 0.470  ; 0.739 ;
;    Routing Element     ;       ; 26    ; 2.439       ; 58         ; 0.000  ; 0.763 ;
;   Data                 ;       ;       ;             ;            ;        ;       ;
;    IC                  ;       ; 2     ; 0.001       ; 0          ; 0.000  ; 0.001 ;
;    Cell                ;       ; 3     ; 0.347       ; 56         ; 0.000  ; 0.265 ;
;    uTco                ;       ; 1     ; 0.000       ; 0          ; 0.000  ; 0.000 ;
;    Routing Element     ;       ; 4     ; 0.270       ; 44         ; 0.000  ; 0.137 ;
;  Required Path         ;       ;       ;             ;            ;        ;       ;
;   Clock                ;       ;       ;             ;            ;        ;       ;
;    IC                  ;       ; 3     ; -0.001      ; 0          ; -0.001 ; 0.000 ;
;    Cell                ;       ; 3     ; 1.891       ; 42         ; 0.507  ; 0.739 ;
;    Routing Element     ;       ; 26    ; 2.561       ; 58         ; 0.000  ; 0.806 ;
+------------------------+-------+-------+-------------+------------+--------+-------+
Note: Negative delays are omitted from totals when calculating percentages

+-------------------------------------------------------------------------------------------------------------------+
; Data Arrival Path                                                                                                 ;
+---------+----------+----+------+--------+---------------------------------------+---------------------------------+
; Total   ; Incr     ; RF ; Type ; Fanout ; Location                              ; Element                         ;
+---------+----------+----+------+--------+---------------------------------------+---------------------------------+
; 0.000   ; 0.000    ;    ;      ;        ;                                       ; launch edge time                ;
; 4.201   ; 4.201    ;    ;      ;        ;                                       ; clock path                      ;
;   0.000 ;   0.000  ;    ;      ;        ;                                       ; source latency                  ;
;   0.000 ;   0.000  ;    ;      ; 1      ; PIN_M16                               ; clk                             ;
;   0.000 ;   0.000  ;    ; RE   ; 1      ; IOPAD_X89_Y35_N60                     ; ARRIAV_IO_PAD                   ;
;   0.000 ;   0.000  ;    ; RE   ; 1      ; IO_PAD_OUTPUT_X89_Y35_N60_I1          ; IO_PAD_OUTPUT                   ;
;   0.000 ;   0.000  ;    ; RE   ; 1      ; IO_INPUT_BUFFER_INPUT_X89_Y35_N61_I0  ; IO_INPUT_BUFFER_INPUT           ;
;   0.000 ;   0.000  ; RR ; IC   ; 1      ; IOIBUF_X89_Y35_N61                    ; clk~input|i                     ;
;   0.739 ;   0.739  ; RR ; CELL ; 1      ; IOIBUF_X89_Y35_N61                    ; clk~input|o                     ;
;   0.739 ;   0.000  ;    ; RE   ; 1      ; IOIBUF_X89_Y35_N61                    ; ARRIAV_IO_IBUF                  ;
;   0.739 ;   0.000  ;    ; RE   ; 1      ; IO_INPUT_BUFFER_OUTPUT_X89_Y35_N61_I2 ; IO_INPUT_BUFFER_OUTPUT          ;
;   0.739 ;   0.000  ;    ; RE   ; 1      ; IO_RE_X89_Y35_N60_I96                 ; IO_RE                           ;
;   0.827 ;   0.088  ;    ; RE   ; 1      ; IO_RE_X89_Y35_N60_I66                 ; IO_RE                           ;
;   1.102 ;   0.275  ;    ; RE   ; 1      ; CLKBUF_CLUSTER_RE_X89_Y39_N3_I421     ; CLKBUF_CLUSTER_RE               ;
;   1.102 ;   0.000  ;    ; RE   ; 1      ; CLKBUF_CLUSTER_RE_X89_Y39_N3_I772     ; CLKBUF_CLUSTER_RE               ;
;   1.102 ;   0.000  ;    ; RE   ; 1      ; CLKBUF_CLUSTER_RE_X89_Y39_N3_I557     ; CLKBUF_CLUSTER_RE               ;
;   1.102 ;   0.000  ;    ; RE   ; 1      ; GCLK_CLUSTER_RE_X89_Y39_N6_I10        ; GCLK_CLUSTER_RE                 ;
;   1.102 ;   0.000  ;    ; RE   ; 1      ; CLKBUFBLOCK_INPUT_X89_Y39_N7_I0       ; CLKBUFBLOCK_INPUT               ;
;   1.102 ;   0.000  ; RR ; IC   ; 1      ; CLKCTRL_G9                            ; clk~inputCLKENA0|inclk          ;
;   1.572 ;   0.470  ; RR ; CELL ; 1674   ; CLKCTRL_G9                            ; clk~inputCLKENA0|outclk         ;
;   1.572 ;   0.000  ;    ; RE   ; 1      ; CLKCTRL_G9                            ; ARRIAV_CLKBUF                   ;
;   1.572 ;   0.000  ;    ; RE   ; 1      ; CLKBUFBLOCK_OUTPUT_X89_Y39_N7_I2      ; CLKBUFBLOCK_OUTPUT              ;
;   1.572 ;   0.000  ;    ; RE   ; 1      ; GCLK_CLUSTER_RE_X89_Y39_N6_I12        ; GCLK_CLUSTER_RE                 ;
;   1.572 ;   0.000  ;    ; RE   ; 1      ; CLKBUF_CLUSTER_RE_X89_Y39_N3_I416     ; CLKBUF_CLUSTER_RE               ;
;   2.335 ;   0.763  ;    ; RE   ; 6      ; GLOBAL_CLOCK_X0_Y36_N0_I9             ; GLOBAL_CLOCK                    ;
;   2.474 ;   0.139  ;    ; RE   ; 6      ; SPINE_CLOCK_X33_Y19_N0_I22            ; SPINE_CLOCK                     ;
;   2.863 ;   0.389  ;    ; RE   ; 1      ; SCLK_TO_ROWCLK_BUF_X33_Y20_N0_I133    ; SCLK_TO_ROWCLK_BUF              ;
;   2.944 ;   0.081  ;    ; RE   ; 1      ; SCLK_TO_ROWCLK_BUF_X33_Y20_N0_I136    ; SCLK_TO_ROWCLK_BUF              ;
;   3.405 ;   0.461  ;    ; RE   ; 3      ; LAB_CLK_X34_Y20_N0_I5                 ; LAB_CLK                         ;
;   3.538 ;   0.133  ;    ; RE   ; 1      ; BLK_CLK_BUF_X37_Y20_N0_I5             ; BLK_CLK_BUF                     ;
;   3.593 ;   0.055  ;    ; RE   ; 1      ; ROWCLKSEL_PREBUF_X37_Y20_N0_I5        ; ROWCLKSEL_PREBUF                ;
;   3.648 ;   0.055  ;    ; RE   ; 1      ; ROWCLKSEL_X37_Y20_N0_I0               ; ROWCLKSEL                       ;
;   3.648 ;   0.000  ;    ; RE   ; 1      ; GLOBAL_LOCAL_SEL_X37_Y20_N0_I0        ; GLOBAL_LOCAL_SEL                ;
;   3.648 ;   0.000  ;    ; RE   ; 16     ; LAB_INPUT_X37_Y20_N0_I2               ; LAB_INPUT                       ;
;   3.646 ;   -0.002 ; RR ; IC   ; 1      ; FF_X37_Y20_N38                        ; message_bytes_remaining[12]|clk ;
;   4.201 ;   0.555  ; RR ; CELL ; 1      ; FF_X37_Y20_N38                        ; message_bytes_remaining[12]     ;
; 4.819   ; 0.618    ;    ;      ;        ;                                       ; data path                       ;
;   4.201 ;   0.000  ;    ; uTco ; 1      ; FF_X37_Y20_N38                        ; message_bytes_remaining[12]     ;
;   4.201 ;   0.000  ; FF ; CELL ; 3      ; FF_X37_Y20_N38                        ; message_bytes_remaining[12]|q   ;
;   4.258 ;   0.057  ;    ; RE   ; 2      ; FF_X37_Y20_N38                        ; ARRIAV_FF                       ;
;   4.334 ;   0.076  ;    ; RE   ; 1      ; LOCAL_LINE_X37_Y20_N0_I12             ; LOCAL_LINE                      ;
;   4.471 ;   0.137  ;    ; RE   ; 1      ; BLOCK_INPUT_MUX_X37_Y20_N0_I52        ; LEIM_INPUT                      ;
;   4.472 ;   0.001  ; FF ; IC   ; 3      ; LABCELL_X37_Y20_N36                   ; Add1~53|datac                   ;
;   4.737 ;   0.265  ; FR ; CELL ; 1      ; LABCELL_X37_Y20_N36                   ; Add1~53|sumout                  ;
;   4.737 ;   0.000  ;    ; RE   ; 3      ; LABCELL_X37_Y20_N36                   ; ARRIAV_LCELL_COMB               ;
;   4.737 ;   0.000  ; RR ; IC   ; 1      ; FF_X37_Y20_N38                        ; message_bytes_remaining[12]|d   ;
;   4.819 ;   0.082  ; RR ; CELL ; 1      ; FF_X37_Y20_N38                        ; message_bytes_remaining[12]     ;
+---------+----------+----+------+--------+---------------------------------------+---------------------------------+

+-------------------------------------------------------------------------------------------------------------------+
; Data Required Path                                                                                                ;
+---------+----------+----+------+--------+---------------------------------------+---------------------------------+
; Total   ; Incr     ; RF ; Type ; Fanout ; Location                              ; Element                         ;
+---------+----------+----+------+--------+---------------------------------------+---------------------------------+
; 0.000   ; 0.000    ;    ;      ;        ;                                       ; latch edge time                 ;
; 4.326   ; 4.326    ;    ;      ;        ;                                       ; clock path                      ;
;   0.000 ;   0.000  ;    ;      ;        ;                                       ; source latency                  ;
;   0.000 ;   0.000  ;    ;      ; 1      ; PIN_M16                               ; clk                             ;
;   0.000 ;   0.000  ;    ; RE   ; 1      ; IOPAD_X89_Y35_N60                     ; ARRIAV_IO_PAD                   ;
;   0.000 ;   0.000  ;    ; RE   ; 1      ; IO_PAD_OUTPUT_X89_Y35_N60_I1          ; IO_PAD_OUTPUT                   ;
;   0.000 ;   0.000  ;    ; RE   ; 1      ; IO_INPUT_BUFFER_INPUT_X89_Y35_N61_I0  ; IO_INPUT_BUFFER_INPUT           ;
;   0.000 ;   0.000  ; RR ; IC   ; 1      ; IOIBUF_X89_Y35_N61                    ; clk~input|i                     ;
;   0.739 ;   0.739  ; RR ; CELL ; 1      ; IOIBUF_X89_Y35_N61                    ; clk~input|o                     ;
;   0.739 ;   0.000  ;    ; RE   ; 1      ; IOIBUF_X89_Y35_N61                    ; ARRIAV_IO_IBUF                  ;
;   0.739 ;   0.000  ;    ; RE   ; 1      ; IO_INPUT_BUFFER_OUTPUT_X89_Y35_N61_I2 ; IO_INPUT_BUFFER_OUTPUT          ;
;   0.739 ;   0.000  ;    ; RE   ; 1      ; IO_RE_X89_Y35_N60_I96                 ; IO_RE                           ;
;   0.833 ;   0.094  ;    ; RE   ; 1      ; IO_RE_X89_Y35_N60_I66                 ; IO_RE                           ;
;   1.125 ;   0.292  ;    ; RE   ; 1      ; CLKBUF_CLUSTER_RE_X89_Y39_N3_I421     ; CLKBUF_CLUSTER_RE               ;
;   1.125 ;   0.000  ;    ; RE   ; 1      ; CLKBUF_CLUSTER_RE_X89_Y39_N3_I772     ; CLKBUF_CLUSTER_RE               ;
;   1.125 ;   0.000  ;    ; RE   ; 1      ; CLKBUF_CLUSTER_RE_X89_Y39_N3_I557     ; CLKBUF_CLUSTER_RE               ;
;   1.125 ;   0.000  ;    ; RE   ; 1      ; GCLK_CLUSTER_RE_X89_Y39_N6_I10        ; GCLK_CLUSTER_RE                 ;
;   1.125 ;   0.000  ;    ; RE   ; 1      ; CLKBUFBLOCK_INPUT_X89_Y39_N7_I0       ; CLKBUFBLOCK_INPUT               ;
;   1.125 ;   0.000  ; RR ; IC   ; 1      ; CLKCTRL_G9                            ; clk~inputCLKENA0|inclk          ;
;   1.632 ;   0.507  ; RR ; CELL ; 1674   ; CLKCTRL_G9                            ; clk~inputCLKENA0|outclk         ;
;   1.632 ;   0.000  ;    ; RE   ; 1      ; CLKCTRL_G9                            ; ARRIAV_CLKBUF                   ;
;   1.632 ;   0.000  ;    ; RE   ; 1      ; CLKBUFBLOCK_OUTPUT_X89_Y39_N7_I2      ; CLKBUFBLOCK_OUTPUT              ;
;   1.632 ;   0.000  ;    ; RE   ; 1      ; GCLK_CLUSTER_RE_X89_Y39_N6_I12        ; GCLK_CLUSTER_RE                 ;
;   1.632 ;   0.000  ;    ; RE   ; 1      ; CLKBUF_CLUSTER_RE_X89_Y39_N3_I416     ; CLKBUF_CLUSTER_RE               ;
;   2.438 ;   0.806  ;    ; RE   ; 6      ; GLOBAL_CLOCK_X0_Y36_N0_I9             ; GLOBAL_CLOCK                    ;
;   2.582 ;   0.144  ;    ; RE   ; 6      ; SPINE_CLOCK_X33_Y19_N0_I22            ; SPINE_CLOCK                     ;
;   2.985 ;   0.403  ;    ; RE   ; 1      ; SCLK_TO_ROWCLK_BUF_X33_Y20_N0_I133    ; SCLK_TO_ROWCLK_BUF              ;
;   3.069 ;   0.084  ;    ; RE   ; 1      ; SCLK_TO_ROWCLK_BUF_X33_Y20_N0_I136    ; SCLK_TO_ROWCLK_BUF              ;
;   3.546 ;   0.477  ;    ; RE   ; 3      ; LAB_CLK_X34_Y20_N0_I5                 ; LAB_CLK                         ;
;   3.690 ;   0.144  ;    ; RE   ; 1      ; BLK_CLK_BUF_X37_Y20_N0_I5             ; BLK_CLK_BUF                     ;
;   3.747 ;   0.057  ;    ; RE   ; 1      ; ROWCLKSEL_PREBUF_X37_Y20_N0_I5        ; ROWCLKSEL_PREBUF                ;
;   3.807 ;   0.060  ;    ; RE   ; 1      ; ROWCLKSEL_X37_Y20_N0_I0               ; ROWCLKSEL                       ;
;   3.807 ;   0.000  ;    ; RE   ; 1      ; GLOBAL_LOCAL_SEL_X37_Y20_N0_I0        ; GLOBAL_LOCAL_SEL                ;
;   3.807 ;   0.000  ;    ; RE   ; 16     ; LAB_INPUT_X37_Y20_N0_I2               ; LAB_INPUT                       ;
;   3.806 ;   -0.001 ; RR ; IC   ; 1      ; FF_X37_Y20_N38                        ; message_bytes_remaining[12]|clk ;
;   4.451 ;   0.645  ; RR ; CELL ; 1      ; FF_X37_Y20_N38                        ; message_bytes_remaining[12]     ;
;   4.326 ;   -0.125 ;    ;      ;        ;                                       ; clock pessimism removed         ;
; 4.326   ; 0.000    ;    ;      ;        ;                                       ; clock uncertainty               ;
; 4.326   ; 0.000    ;    ; uTh  ; 1      ; FF_X37_Y20_N38                        ; message_bytes_remaining[12]     ;
+---------+----------+----+------+--------+---------------------------------------+---------------------------------+

----------------------------
; Extra Fitter Information ;
----------------------------
HTML report is unavailable in plain text report export.


Path #2: Hold slack is 0.495 
===============================================================================
+-------------------------------------------------+
; Path Summary                                    ;
+--------------------+----------------------------+
; Property           ; Value                      ;
+--------------------+----------------------------+
; From Node          ; message_bytes_remaining[8] ;
; To Node            ; message_bytes_remaining[8] ;
; Launch Clock       ; clk                        ;
; Latch Clock        ; clk                        ;
; Data Arrival Time  ; 4.821                      ;
; Data Required Time ; 4.326                      ;
; Slack              ; 0.495                      ;
+--------------------+----------------------------+

+------------------------------------------------------------------------------------+
; Statistics                                                                         ;
+------------------------+-------+-------+-------------+------------+--------+-------+
; Property               ; Value ; Count ; Total Delay ; % of Total ; Min    ; Max   ;
+------------------------+-------+-------+-------------+------------+--------+-------+
; Hold Relationship      ; 0.000 ;       ;             ;            ;        ;       ;
; Clock Skew             ; 0.125 ;       ;             ;            ;        ;       ;
; Data Delay             ; 0.620 ;       ;             ;            ;        ;       ;
; Number of Logic Levels ;       ; 1     ;             ;            ;        ;       ;
; Physical Delays        ;       ;       ;             ;            ;        ;       ;
;  Arrival Path          ;       ;       ;             ;            ;        ;       ;
;   Clock                ;       ;       ;             ;            ;        ;       ;
;    IC                  ;       ; 3     ; -0.002      ; 0          ; -0.002 ; 0.000 ;
;    Cell                ;       ; 3     ; 1.764       ; 42         ; 0.470  ; 0.739 ;
;    Routing Element     ;       ; 26    ; 2.439       ; 58         ; 0.000  ; 0.763 ;
;   Data                 ;       ;       ;             ;            ;        ;       ;
;    IC                  ;       ; 2     ; 0.000       ; 0          ; 0.000  ; 0.000 ;
;    Cell                ;       ; 3     ; 0.348       ; 56         ; 0.000  ; 0.265 ;
;    uTco                ;       ; 1     ; 0.000       ; 0          ; 0.000  ; 0.000 ;
;    Routing Element     ;       ; 4     ; 0.272       ; 44         ; 0.000  ; 0.137 ;
;  Required Path         ;       ;       ;             ;            ;        ;       ;
;   Clock                ;       ;       ;             ;            ;        ;       ;
;    IC                  ;       ; 3     ; -0.001      ; 0          ; -0.001 ; 0.000 ;
;    Cell                ;       ; 3     ; 1.891       ; 42         ; 0.507  ; 0.739 ;
;    Routing Element     ;       ; 26    ; 2.561       ; 58         ; 0.000  ; 0.806 ;
+------------------------+-------+-------+-------------+------------+--------+-------+
Note: Negative delays are omitted from totals when calculating percentages

+------------------------------------------------------------------------------------------------------------------+
; Data Arrival Path                                                                                                ;
+---------+----------+----+------+--------+---------------------------------------+--------------------------------+
; Total   ; Incr     ; RF ; Type ; Fanout ; Location                              ; Element                        ;
+---------+----------+----+------+--------+---------------------------------------+--------------------------------+
; 0.000   ; 0.000    ;    ;      ;        ;                                       ; launch edge time               ;
; 4.201   ; 4.201    ;    ;      ;        ;                                       ; clock path                     ;
;   0.000 ;   0.000  ;    ;      ;        ;                                       ; source latency                 ;
;   0.000 ;   0.000  ;    ;      ; 1      ; PIN_M16                               ; clk                            ;
;   0.000 ;   0.000  ;    ; RE   ; 1      ; IOPAD_X89_Y35_N60                     ; ARRIAV_IO_PAD                  ;
;   0.000 ;   0.000  ;    ; RE   ; 1      ; IO_PAD_OUTPUT_X89_Y35_N60_I1          ; IO_PAD_OUTPUT                  ;
;   0.000 ;   0.000  ;    ; RE   ; 1      ; IO_INPUT_BUFFER_INPUT_X89_Y35_N61_I0  ; IO_INPUT_BUFFER_INPUT          ;
;   0.000 ;   0.000  ; RR ; IC   ; 1      ; IOIBUF_X89_Y35_N61                    ; clk~input|i                    ;
;   0.739 ;   0.739  ; RR ; CELL ; 1      ; IOIBUF_X89_Y35_N61                    ; clk~input|o                    ;
;   0.739 ;   0.000  ;    ; RE   ; 1      ; IOIBUF_X89_Y35_N61                    ; ARRIAV_IO_IBUF                 ;
;   0.739 ;   0.000  ;    ; RE   ; 1      ; IO_INPUT_BUFFER_OUTPUT_X89_Y35_N61_I2 ; IO_INPUT_BUFFER_OUTPUT         ;
;   0.739 ;   0.000  ;    ; RE   ; 1      ; IO_RE_X89_Y35_N60_I96                 ; IO_RE                          ;
;   0.827 ;   0.088  ;    ; RE   ; 1      ; IO_RE_X89_Y35_N60_I66                 ; IO_RE                          ;
;   1.102 ;   0.275  ;    ; RE   ; 1      ; CLKBUF_CLUSTER_RE_X89_Y39_N3_I421     ; CLKBUF_CLUSTER_RE              ;
;   1.102 ;   0.000  ;    ; RE   ; 1      ; CLKBUF_CLUSTER_RE_X89_Y39_N3_I772     ; CLKBUF_CLUSTER_RE              ;
;   1.102 ;   0.000  ;    ; RE   ; 1      ; CLKBUF_CLUSTER_RE_X89_Y39_N3_I557     ; CLKBUF_CLUSTER_RE              ;
;   1.102 ;   0.000  ;    ; RE   ; 1      ; GCLK_CLUSTER_RE_X89_Y39_N6_I10        ; GCLK_CLUSTER_RE                ;
;   1.102 ;   0.000  ;    ; RE   ; 1      ; CLKBUFBLOCK_INPUT_X89_Y39_N7_I0       ; CLKBUFBLOCK_INPUT              ;
;   1.102 ;   0.000  ; RR ; IC   ; 1      ; CLKCTRL_G9                            ; clk~inputCLKENA0|inclk         ;
;   1.572 ;   0.470  ; RR ; CELL ; 1674   ; CLKCTRL_G9                            ; clk~inputCLKENA0|outclk        ;
;   1.572 ;   0.000  ;    ; RE   ; 1      ; CLKCTRL_G9                            ; ARRIAV_CLKBUF                  ;
;   1.572 ;   0.000  ;    ; RE   ; 1      ; CLKBUFBLOCK_OUTPUT_X89_Y39_N7_I2      ; CLKBUFBLOCK_OUTPUT             ;
;   1.572 ;   0.000  ;    ; RE   ; 1      ; GCLK_CLUSTER_RE_X89_Y39_N6_I12        ; GCLK_CLUSTER_RE                ;
;   1.572 ;   0.000  ;    ; RE   ; 1      ; CLKBUF_CLUSTER_RE_X89_Y39_N3_I416     ; CLKBUF_CLUSTER_RE              ;
;   2.335 ;   0.763  ;    ; RE   ; 6      ; GLOBAL_CLOCK_X0_Y36_N0_I9             ; GLOBAL_CLOCK                   ;
;   2.474 ;   0.139  ;    ; RE   ; 6      ; SPINE_CLOCK_X33_Y19_N0_I22            ; SPINE_CLOCK                    ;
;   2.863 ;   0.389  ;    ; RE   ; 1      ; SCLK_TO_ROWCLK_BUF_X33_Y20_N0_I133    ; SCLK_TO_ROWCLK_BUF             ;
;   2.944 ;   0.081  ;    ; RE   ; 1      ; SCLK_TO_ROWCLK_BUF_X33_Y20_N0_I136    ; SCLK_TO_ROWCLK_BUF             ;
;   3.405 ;   0.461  ;    ; RE   ; 3      ; LAB_CLK_X34_Y20_N0_I5                 ; LAB_CLK                        ;
;   3.538 ;   0.133  ;    ; RE   ; 1      ; BLK_CLK_BUF_X37_Y20_N0_I5             ; BLK_CLK_BUF                    ;
;   3.593 ;   0.055  ;    ; RE   ; 1      ; ROWCLKSEL_PREBUF_X37_Y20_N0_I5        ; ROWCLKSEL_PREBUF               ;
;   3.648 ;   0.055  ;    ; RE   ; 1      ; ROWCLKSEL_X37_Y20_N0_I0               ; ROWCLKSEL                      ;
;   3.648 ;   0.000  ;    ; RE   ; 1      ; GLOBAL_LOCAL_SEL_X37_Y20_N0_I0        ; GLOBAL_LOCAL_SEL               ;
;   3.648 ;   0.000  ;    ; RE   ; 16     ; LAB_INPUT_X37_Y20_N0_I2               ; LAB_INPUT                      ;
;   3.646 ;   -0.002 ; RR ; IC   ; 1      ; FF_X37_Y20_N26                        ; message_bytes_remaining[8]|clk ;
;   4.201 ;   0.555  ; RR ; CELL ; 1      ; FF_X37_Y20_N26                        ; message_bytes_remaining[8]     ;
; 4.821   ; 0.620    ;    ;      ;        ;                                       ; data path                      ;
;   4.201 ;   0.000  ;    ; uTco ; 1      ; FF_X37_Y20_N26                        ; message_bytes_remaining[8]     ;
;   4.201 ;   0.000  ; FF ; CELL ; 3      ; FF_X37_Y20_N26                        ; message_bytes_remaining[8]|q   ;
;   4.258 ;   0.057  ;    ; RE   ; 2      ; FF_X37_Y20_N26                        ; ARRIAV_FF                      ;
;   4.336 ;   0.078  ;    ; RE   ; 1      ; LOCAL_LINE_X37_Y20_N0_I8              ; LOCAL_LINE                     ;
;   4.473 ;   0.137  ;    ; RE   ; 1      ; BLOCK_INPUT_MUX_X37_Y20_N0_I36        ; LEIM_INPUT                     ;
;   4.473 ;   0.000  ; FF ; IC   ; 4      ; LABCELL_X37_Y20_N24                   ; Add1~25|datac                  ;
;   4.738 ;   0.265  ; FR ; CELL ; 1      ; LABCELL_X37_Y20_N24                   ; Add1~25|sumout                 ;
;   4.738 ;   0.000  ;    ; RE   ; 3      ; LABCELL_X37_Y20_N24                   ; ARRIAV_LCELL_COMB              ;
;   4.738 ;   0.000  ; RR ; IC   ; 1      ; FF_X37_Y20_N26                        ; message_bytes_remaining[8]|d   ;
;   4.821 ;   0.083  ; RR ; CELL ; 1      ; FF_X37_Y20_N26                        ; message_bytes_remaining[8]     ;
+---------+----------+----+------+--------+---------------------------------------+--------------------------------+

+------------------------------------------------------------------------------------------------------------------+
; Data Required Path                                                                                               ;
+---------+----------+----+------+--------+---------------------------------------+--------------------------------+
; Total   ; Incr     ; RF ; Type ; Fanout ; Location                              ; Element                        ;
+---------+----------+----+------+--------+---------------------------------------+--------------------------------+
; 0.000   ; 0.000    ;    ;      ;        ;                                       ; latch edge time                ;
; 4.326   ; 4.326    ;    ;      ;        ;                                       ; clock path                     ;
;   0.000 ;   0.000  ;    ;      ;        ;                                       ; source latency                 ;
;   0.000 ;   0.000  ;    ;      ; 1      ; PIN_M16                               ; clk                            ;
;   0.000 ;   0.000  ;    ; RE   ; 1      ; IOPAD_X89_Y35_N60                     ; ARRIAV_IO_PAD                  ;
;   0.000 ;   0.000  ;    ; RE   ; 1      ; IO_PAD_OUTPUT_X89_Y35_N60_I1          ; IO_PAD_OUTPUT                  ;
;   0.000 ;   0.000  ;    ; RE   ; 1      ; IO_INPUT_BUFFER_INPUT_X89_Y35_N61_I0  ; IO_INPUT_BUFFER_INPUT          ;
;   0.000 ;   0.000  ; RR ; IC   ; 1      ; IOIBUF_X89_Y35_N61                    ; clk~input|i                    ;
;   0.739 ;   0.739  ; RR ; CELL ; 1      ; IOIBUF_X89_Y35_N61                    ; clk~input|o                    ;
;   0.739 ;   0.000  ;    ; RE   ; 1      ; IOIBUF_X89_Y35_N61                    ; ARRIAV_IO_IBUF                 ;
;   0.739 ;   0.000  ;    ; RE   ; 1      ; IO_INPUT_BUFFER_OUTPUT_X89_Y35_N61_I2 ; IO_INPUT_BUFFER_OUTPUT         ;
;   0.739 ;   0.000  ;    ; RE   ; 1      ; IO_RE_X89_Y35_N60_I96                 ; IO_RE                          ;
;   0.833 ;   0.094  ;    ; RE   ; 1      ; IO_RE_X89_Y35_N60_I66                 ; IO_RE                          ;
;   1.125 ;   0.292  ;    ; RE   ; 1      ; CLKBUF_CLUSTER_RE_X89_Y39_N3_I421     ; CLKBUF_CLUSTER_RE              ;
;   1.125 ;   0.000  ;    ; RE   ; 1      ; CLKBUF_CLUSTER_RE_X89_Y39_N3_I772     ; CLKBUF_CLUSTER_RE              ;
;   1.125 ;   0.000  ;    ; RE   ; 1      ; CLKBUF_CLUSTER_RE_X89_Y39_N3_I557     ; CLKBUF_CLUSTER_RE              ;
;   1.125 ;   0.000  ;    ; RE   ; 1      ; GCLK_CLUSTER_RE_X89_Y39_N6_I10        ; GCLK_CLUSTER_RE                ;
;   1.125 ;   0.000  ;    ; RE   ; 1      ; CLKBUFBLOCK_INPUT_X89_Y39_N7_I0       ; CLKBUFBLOCK_INPUT              ;
;   1.125 ;   0.000  ; RR ; IC   ; 1      ; CLKCTRL_G9                            ; clk~inputCLKENA0|inclk         ;
;   1.632 ;   0.507  ; RR ; CELL ; 1674   ; CLKCTRL_G9                            ; clk~inputCLKENA0|outclk        ;
;   1.632 ;   0.000  ;    ; RE   ; 1      ; CLKCTRL_G9                            ; ARRIAV_CLKBUF                  ;
;   1.632 ;   0.000  ;    ; RE   ; 1      ; CLKBUFBLOCK_OUTPUT_X89_Y39_N7_I2      ; CLKBUFBLOCK_OUTPUT             ;
;   1.632 ;   0.000  ;    ; RE   ; 1      ; GCLK_CLUSTER_RE_X89_Y39_N6_I12        ; GCLK_CLUSTER_RE                ;
;   1.632 ;   0.000  ;    ; RE   ; 1      ; CLKBUF_CLUSTER_RE_X89_Y39_N3_I416     ; CLKBUF_CLUSTER_RE              ;
;   2.438 ;   0.806  ;    ; RE   ; 6      ; GLOBAL_CLOCK_X0_Y36_N0_I9             ; GLOBAL_CLOCK                   ;
;   2.582 ;   0.144  ;    ; RE   ; 6      ; SPINE_CLOCK_X33_Y19_N0_I22            ; SPINE_CLOCK                    ;
;   2.985 ;   0.403  ;    ; RE   ; 1      ; SCLK_TO_ROWCLK_BUF_X33_Y20_N0_I133    ; SCLK_TO_ROWCLK_BUF             ;
;   3.069 ;   0.084  ;    ; RE   ; 1      ; SCLK_TO_ROWCLK_BUF_X33_Y20_N0_I136    ; SCLK_TO_ROWCLK_BUF             ;
;   3.546 ;   0.477  ;    ; RE   ; 3      ; LAB_CLK_X34_Y20_N0_I5                 ; LAB_CLK                        ;
;   3.690 ;   0.144  ;    ; RE   ; 1      ; BLK_CLK_BUF_X37_Y20_N0_I5             ; BLK_CLK_BUF                    ;
;   3.747 ;   0.057  ;    ; RE   ; 1      ; ROWCLKSEL_PREBUF_X37_Y20_N0_I5        ; ROWCLKSEL_PREBUF               ;
;   3.807 ;   0.060  ;    ; RE   ; 1      ; ROWCLKSEL_X37_Y20_N0_I0               ; ROWCLKSEL                      ;
;   3.807 ;   0.000  ;    ; RE   ; 1      ; GLOBAL_LOCAL_SEL_X37_Y20_N0_I0        ; GLOBAL_LOCAL_SEL               ;
;   3.807 ;   0.000  ;    ; RE   ; 16     ; LAB_INPUT_X37_Y20_N0_I2               ; LAB_INPUT                      ;
;   3.806 ;   -0.001 ; RR ; IC   ; 1      ; FF_X37_Y20_N26                        ; message_bytes_remaining[8]|clk ;
;   4.451 ;   0.645  ; RR ; CELL ; 1      ; FF_X37_Y20_N26                        ; message_bytes_remaining[8]     ;
;   4.326 ;   -0.125 ;    ;      ;        ;                                       ; clock pessimism removed        ;
; 4.326   ; 0.000    ;    ;      ;        ;                                       ; clock uncertainty              ;
; 4.326   ; 0.000    ;    ; uTh  ; 1      ; FF_X37_Y20_N26                        ; message_bytes_remaining[8]     ;
+---------+----------+----+------+--------+---------------------------------------+--------------------------------+

----------------------------
; Extra Fitter Information ;
----------------------------
HTML report is unavailable in plain text report export.


Path #3: Hold slack is 0.496 
===============================================================================
+--------------------------------------------------+
; Path Summary                                     ;
+--------------------+-----------------------------+
; Property           ; Value                       ;
+--------------------+-----------------------------+
; From Node          ; message_bytes_remaining[15] ;
; To Node            ; message_bytes_remaining[15] ;
; Launch Clock       ; clk                         ;
; Latch Clock        ; clk                         ;
; Data Arrival Time  ; 4.828                       ;
; Data Required Time ; 4.332                       ;
; Slack              ; 0.496                       ;
+--------------------+-----------------------------+

+------------------------------------------------------------------------------------+
; Statistics                                                                         ;
+------------------------+-------+-------+-------------+------------+--------+-------+
; Property               ; Value ; Count ; Total Delay ; % of Total ; Min    ; Max   ;
+------------------------+-------+-------+-------------+------------+--------+-------+
; Hold Relationship      ; 0.000 ;       ;             ;            ;        ;       ;
; Clock Skew             ; 0.125 ;       ;             ;            ;        ;       ;
; Data Delay             ; 0.621 ;       ;             ;            ;        ;       ;
; Number of Logic Levels ;       ; 1     ;             ;            ;        ;       ;
; Physical Delays        ;       ;       ;             ;            ;        ;       ;
;  Arrival Path          ;       ;       ;             ;            ;        ;       ;
;   Clock                ;       ;       ;             ;            ;        ;       ;
;    IC                  ;       ; 3     ; -0.002      ; 0          ; -0.002 ; 0.000 ;
;    Cell                ;       ; 3     ; 1.770       ; 42         ; 0.470  ; 0.739 ;
;    Routing Element     ;       ; 26    ; 2.439       ; 58         ; 0.000  ; 0.763 ;
;   Data                 ;       ;       ;             ;            ;        ;       ;
;    IC                  ;       ; 2     ; 0.000       ; 0          ; 0.000  ; 0.000 ;
;    Cell                ;       ; 3     ; 0.353       ; 57         ; 0.000  ; 0.271 ;
;    uTco                ;       ; 1     ; 0.000       ; 0          ; 0.000  ; 0.000 ;
;    Routing Element     ;       ; 4     ; 0.268       ; 43         ; 0.000  ; 0.134 ;
;  Required Path         ;       ;       ;             ;            ;        ;       ;
;   Clock                ;       ;       ;             ;            ;        ;       ;
;    IC                  ;       ; 3     ; -0.001      ; 0          ; -0.001 ; 0.000 ;
;    Cell                ;       ; 3     ; 1.897       ; 43         ; 0.507  ; 0.739 ;
;    Routing Element     ;       ; 26    ; 2.561       ; 57         ; 0.000  ; 0.806 ;
+------------------------+-------+-------+-------------+------------+--------+-------+
Note: Negative delays are omitted from totals when calculating percentages

+-------------------------------------------------------------------------------------------------------------------+
; Data Arrival Path                                                                                                 ;
+---------+----------+----+------+--------+---------------------------------------+---------------------------------+
; Total   ; Incr     ; RF ; Type ; Fanout ; Location                              ; Element                         ;
+---------+----------+----+------+--------+---------------------------------------+---------------------------------+
; 0.000   ; 0.000    ;    ;      ;        ;                                       ; launch edge time                ;
; 4.207   ; 4.207    ;    ;      ;        ;                                       ; clock path                      ;
;   0.000 ;   0.000  ;    ;      ;        ;                                       ; source latency                  ;
;   0.000 ;   0.000  ;    ;      ; 1      ; PIN_M16                               ; clk                             ;
;   0.000 ;   0.000  ;    ; RE   ; 1      ; IOPAD_X89_Y35_N60                     ; ARRIAV_IO_PAD                   ;
;   0.000 ;   0.000  ;    ; RE   ; 1      ; IO_PAD_OUTPUT_X89_Y35_N60_I1          ; IO_PAD_OUTPUT                   ;
;   0.000 ;   0.000  ;    ; RE   ; 1      ; IO_INPUT_BUFFER_INPUT_X89_Y35_N61_I0  ; IO_INPUT_BUFFER_INPUT           ;
;   0.000 ;   0.000  ; RR ; IC   ; 1      ; IOIBUF_X89_Y35_N61                    ; clk~input|i                     ;
;   0.739 ;   0.739  ; RR ; CELL ; 1      ; IOIBUF_X89_Y35_N61                    ; clk~input|o                     ;
;   0.739 ;   0.000  ;    ; RE   ; 1      ; IOIBUF_X89_Y35_N61                    ; ARRIAV_IO_IBUF                  ;
;   0.739 ;   0.000  ;    ; RE   ; 1      ; IO_INPUT_BUFFER_OUTPUT_X89_Y35_N61_I2 ; IO_INPUT_BUFFER_OUTPUT          ;
;   0.739 ;   0.000  ;    ; RE   ; 1      ; IO_RE_X89_Y35_N60_I96                 ; IO_RE                           ;
;   0.827 ;   0.088  ;    ; RE   ; 1      ; IO_RE_X89_Y35_N60_I66                 ; IO_RE                           ;
;   1.102 ;   0.275  ;    ; RE   ; 1      ; CLKBUF_CLUSTER_RE_X89_Y39_N3_I421     ; CLKBUF_CLUSTER_RE               ;
;   1.102 ;   0.000  ;    ; RE   ; 1      ; CLKBUF_CLUSTER_RE_X89_Y39_N3_I772     ; CLKBUF_CLUSTER_RE               ;
;   1.102 ;   0.000  ;    ; RE   ; 1      ; CLKBUF_CLUSTER_RE_X89_Y39_N3_I557     ; CLKBUF_CLUSTER_RE               ;
;   1.102 ;   0.000  ;    ; RE   ; 1      ; GCLK_CLUSTER_RE_X89_Y39_N6_I10        ; GCLK_CLUSTER_RE                 ;
;   1.102 ;   0.000  ;    ; RE   ; 1      ; CLKBUFBLOCK_INPUT_X89_Y39_N7_I0       ; CLKBUFBLOCK_INPUT               ;
;   1.102 ;   0.000  ; RR ; IC   ; 1      ; CLKCTRL_G9                            ; clk~inputCLKENA0|inclk          ;
;   1.572 ;   0.470  ; RR ; CELL ; 1674   ; CLKCTRL_G9                            ; clk~inputCLKENA0|outclk         ;
;   1.572 ;   0.000  ;    ; RE   ; 1      ; CLKCTRL_G9                            ; ARRIAV_CLKBUF                   ;
;   1.572 ;   0.000  ;    ; RE   ; 1      ; CLKBUFBLOCK_OUTPUT_X89_Y39_N7_I2      ; CLKBUFBLOCK_OUTPUT              ;
;   1.572 ;   0.000  ;    ; RE   ; 1      ; GCLK_CLUSTER_RE_X89_Y39_N6_I12        ; GCLK_CLUSTER_RE                 ;
;   1.572 ;   0.000  ;    ; RE   ; 1      ; CLKBUF_CLUSTER_RE_X89_Y39_N3_I416     ; CLKBUF_CLUSTER_RE               ;
;   2.335 ;   0.763  ;    ; RE   ; 6      ; GLOBAL_CLOCK_X0_Y36_N0_I9             ; GLOBAL_CLOCK                    ;
;   2.474 ;   0.139  ;    ; RE   ; 6      ; SPINE_CLOCK_X33_Y19_N0_I22            ; SPINE_CLOCK                     ;
;   2.863 ;   0.389  ;    ; RE   ; 1      ; SCLK_TO_ROWCLK_BUF_X33_Y20_N0_I133    ; SCLK_TO_ROWCLK_BUF              ;
;   2.944 ;   0.081  ;    ; RE   ; 1      ; SCLK_TO_ROWCLK_BUF_X33_Y20_N0_I136    ; SCLK_TO_ROWCLK_BUF              ;
;   3.405 ;   0.461  ;    ; RE   ; 3      ; LAB_CLK_X34_Y20_N0_I5                 ; LAB_CLK                         ;
;   3.538 ;   0.133  ;    ; RE   ; 1      ; BLK_CLK_BUF_X37_Y20_N0_I5             ; BLK_CLK_BUF                     ;
;   3.593 ;   0.055  ;    ; RE   ; 1      ; ROWCLKSEL_PREBUF_X37_Y20_N0_I5        ; ROWCLKSEL_PREBUF                ;
;   3.648 ;   0.055  ;    ; RE   ; 1      ; ROWCLKSEL_X37_Y20_N0_I0               ; ROWCLKSEL                       ;
;   3.648 ;   0.000  ;    ; RE   ; 1      ; GLOBAL_LOCAL_SEL_X37_Y20_N0_I0        ; GLOBAL_LOCAL_SEL                ;
;   3.648 ;   0.000  ;    ; RE   ; 16     ; LAB_INPUT_X37_Y20_N0_I2               ; LAB_INPUT                       ;
;   3.646 ;   -0.002 ; RR ; IC   ; 1      ; FF_X37_Y20_N47                        ; message_bytes_remaining[15]|clk ;
;   4.207 ;   0.561  ; RR ; CELL ; 1      ; FF_X37_Y20_N47                        ; message_bytes_remaining[15]     ;
; 4.828   ; 0.621    ;    ;      ;        ;                                       ; data path                       ;
;   4.207 ;   0.000  ;    ; uTco ; 1      ; FF_X37_Y20_N47                        ; message_bytes_remaining[15]     ;
;   4.207 ;   0.000  ; FF ; CELL ; 3      ; FF_X37_Y20_N47                        ; message_bytes_remaining[15]|q   ;
;   4.264 ;   0.057  ;    ; RE   ; 2      ; FF_X37_Y20_N47                        ; ARRIAV_FF                       ;
;   4.341 ;   0.077  ;    ; RE   ; 1      ; LOCAL_LINE_X37_Y20_N0_I15             ; LOCAL_LINE                      ;
;   4.475 ;   0.134  ;    ; RE   ; 1      ; BLOCK_INPUT_MUX_X37_Y20_N0_I61        ; LEIM_INPUT                      ;
;   4.475 ;   0.000  ; FF ; IC   ; 1      ; LABCELL_X37_Y20_N45                   ; Add1~33|datac                   ;
;   4.746 ;   0.271  ; FR ; CELL ; 1      ; LABCELL_X37_Y20_N45                   ; Add1~33|sumout                  ;
;   4.746 ;   0.000  ;    ; RE   ; 1      ; LABCELL_X37_Y20_N45                   ; ARRIAV_LCELL_COMB               ;
;   4.746 ;   0.000  ; RR ; IC   ; 1      ; FF_X37_Y20_N47                        ; message_bytes_remaining[15]|d   ;
;   4.828 ;   0.082  ; RR ; CELL ; 1      ; FF_X37_Y20_N47                        ; message_bytes_remaining[15]     ;
+---------+----------+----+------+--------+---------------------------------------+---------------------------------+

+-------------------------------------------------------------------------------------------------------------------+
; Data Required Path                                                                                                ;
+---------+----------+----+------+--------+---------------------------------------+---------------------------------+
; Total   ; Incr     ; RF ; Type ; Fanout ; Location                              ; Element                         ;
+---------+----------+----+------+--------+---------------------------------------+---------------------------------+
; 0.000   ; 0.000    ;    ;      ;        ;                                       ; latch edge time                 ;
; 4.332   ; 4.332    ;    ;      ;        ;                                       ; clock path                      ;
;   0.000 ;   0.000  ;    ;      ;        ;                                       ; source latency                  ;
;   0.000 ;   0.000  ;    ;      ; 1      ; PIN_M16                               ; clk                             ;
;   0.000 ;   0.000  ;    ; RE   ; 1      ; IOPAD_X89_Y35_N60                     ; ARRIAV_IO_PAD                   ;
;   0.000 ;   0.000  ;    ; RE   ; 1      ; IO_PAD_OUTPUT_X89_Y35_N60_I1          ; IO_PAD_OUTPUT                   ;
;   0.000 ;   0.000  ;    ; RE   ; 1      ; IO_INPUT_BUFFER_INPUT_X89_Y35_N61_I0  ; IO_INPUT_BUFFER_INPUT           ;
;   0.000 ;   0.000  ; RR ; IC   ; 1      ; IOIBUF_X89_Y35_N61                    ; clk~input|i                     ;
;   0.739 ;   0.739  ; RR ; CELL ; 1      ; IOIBUF_X89_Y35_N61                    ; clk~input|o                     ;
;   0.739 ;   0.000  ;    ; RE   ; 1      ; IOIBUF_X89_Y35_N61                    ; ARRIAV_IO_IBUF                  ;
;   0.739 ;   0.000  ;    ; RE   ; 1      ; IO_INPUT_BUFFER_OUTPUT_X89_Y35_N61_I2 ; IO_INPUT_BUFFER_OUTPUT          ;
;   0.739 ;   0.000  ;    ; RE   ; 1      ; IO_RE_X89_Y35_N60_I96                 ; IO_RE                           ;
;   0.833 ;   0.094  ;    ; RE   ; 1      ; IO_RE_X89_Y35_N60_I66                 ; IO_RE                           ;
;   1.125 ;   0.292  ;    ; RE   ; 1      ; CLKBUF_CLUSTER_RE_X89_Y39_N3_I421     ; CLKBUF_CLUSTER_RE               ;
;   1.125 ;   0.000  ;    ; RE   ; 1      ; CLKBUF_CLUSTER_RE_X89_Y39_N3_I772     ; CLKBUF_CLUSTER_RE               ;
;   1.125 ;   0.000  ;    ; RE   ; 1      ; CLKBUF_CLUSTER_RE_X89_Y39_N3_I557     ; CLKBUF_CLUSTER_RE               ;
;   1.125 ;   0.000  ;    ; RE   ; 1      ; GCLK_CLUSTER_RE_X89_Y39_N6_I10        ; GCLK_CLUSTER_RE                 ;
;   1.125 ;   0.000  ;    ; RE   ; 1      ; CLKBUFBLOCK_INPUT_X89_Y39_N7_I0       ; CLKBUFBLOCK_INPUT               ;
;   1.125 ;   0.000  ; RR ; IC   ; 1      ; CLKCTRL_G9                            ; clk~inputCLKENA0|inclk          ;
;   1.632 ;   0.507  ; RR ; CELL ; 1674   ; CLKCTRL_G9                            ; clk~inputCLKENA0|outclk         ;
;   1.632 ;   0.000  ;    ; RE   ; 1      ; CLKCTRL_G9                            ; ARRIAV_CLKBUF                   ;
;   1.632 ;   0.000  ;    ; RE   ; 1      ; CLKBUFBLOCK_OUTPUT_X89_Y39_N7_I2      ; CLKBUFBLOCK_OUTPUT              ;
;   1.632 ;   0.000  ;    ; RE   ; 1      ; GCLK_CLUSTER_RE_X89_Y39_N6_I12        ; GCLK_CLUSTER_RE                 ;
;   1.632 ;   0.000  ;    ; RE   ; 1      ; CLKBUF_CLUSTER_RE_X89_Y39_N3_I416     ; CLKBUF_CLUSTER_RE               ;
;   2.438 ;   0.806  ;    ; RE   ; 6      ; GLOBAL_CLOCK_X0_Y36_N0_I9             ; GLOBAL_CLOCK                    ;
;   2.582 ;   0.144  ;    ; RE   ; 6      ; SPINE_CLOCK_X33_Y19_N0_I22            ; SPINE_CLOCK                     ;
;   2.985 ;   0.403  ;    ; RE   ; 1      ; SCLK_TO_ROWCLK_BUF_X33_Y20_N0_I133    ; SCLK_TO_ROWCLK_BUF              ;
;   3.069 ;   0.084  ;    ; RE   ; 1      ; SCLK_TO_ROWCLK_BUF_X33_Y20_N0_I136    ; SCLK_TO_ROWCLK_BUF              ;
;   3.546 ;   0.477  ;    ; RE   ; 3      ; LAB_CLK_X34_Y20_N0_I5                 ; LAB_CLK                         ;
;   3.690 ;   0.144  ;    ; RE   ; 1      ; BLK_CLK_BUF_X37_Y20_N0_I5             ; BLK_CLK_BUF                     ;
;   3.747 ;   0.057  ;    ; RE   ; 1      ; ROWCLKSEL_PREBUF_X37_Y20_N0_I5        ; ROWCLKSEL_PREBUF                ;
;   3.807 ;   0.060  ;    ; RE   ; 1      ; ROWCLKSEL_X37_Y20_N0_I0               ; ROWCLKSEL                       ;
;   3.807 ;   0.000  ;    ; RE   ; 1      ; GLOBAL_LOCAL_SEL_X37_Y20_N0_I0        ; GLOBAL_LOCAL_SEL                ;
;   3.807 ;   0.000  ;    ; RE   ; 16     ; LAB_INPUT_X37_Y20_N0_I2               ; LAB_INPUT                       ;
;   3.806 ;   -0.001 ; RR ; IC   ; 1      ; FF_X37_Y20_N47                        ; message_bytes_remaining[15]|clk ;
;   4.457 ;   0.651  ; RR ; CELL ; 1      ; FF_X37_Y20_N47                        ; message_bytes_remaining[15]     ;
;   4.332 ;   -0.125 ;    ;      ;        ;                                       ; clock pessimism removed         ;
; 4.332   ; 0.000    ;    ;      ;        ;                                       ; clock uncertainty               ;
; 4.332   ; 0.000    ;    ; uTh  ; 1      ; FF_X37_Y20_N47                        ; message_bytes_remaining[15]     ;
+---------+----------+----+------+--------+---------------------------------------+---------------------------------+

----------------------------
; Extra Fitter Information ;
----------------------------
HTML report is unavailable in plain text report export.


Path #4: Hold slack is 0.498 
===============================================================================
+-------------------------------------------------+
; Path Summary                                    ;
+--------------------+----------------------------+
; Property           ; Value                      ;
+--------------------+----------------------------+
; From Node          ; message_bytes_remaining[7] ;
; To Node            ; message_bytes_remaining[7] ;
; Launch Clock       ; clk                        ;
; Latch Clock        ; clk                        ;
; Data Arrival Time  ; 4.830                      ;
; Data Required Time ; 4.332                      ;
; Slack              ; 0.498                      ;
+--------------------+----------------------------+

+------------------------------------------------------------------------------------+
; Statistics                                                                         ;
+------------------------+-------+-------+-------------+------------+--------+-------+
; Property               ; Value ; Count ; Total Delay ; % of Total ; Min    ; Max   ;
+------------------------+-------+-------+-------------+------------+--------+-------+
; Hold Relationship      ; 0.000 ;       ;             ;            ;        ;       ;
; Clock Skew             ; 0.125 ;       ;             ;            ;        ;       ;
; Data Delay             ; 0.623 ;       ;             ;            ;        ;       ;
; Number of Logic Levels ;       ; 1     ;             ;            ;        ;       ;
; Physical Delays        ;       ;       ;             ;            ;        ;       ;
;  Arrival Path          ;       ;       ;             ;            ;        ;       ;
;   Clock                ;       ;       ;             ;            ;        ;       ;
;    IC                  ;       ; 3     ; -0.002      ; 0          ; -0.002 ; 0.000 ;
;    Cell                ;       ; 3     ; 1.770       ; 42         ; 0.470  ; 0.739 ;
;    Routing Element     ;       ; 26    ; 2.439       ; 58         ; 0.000  ; 0.763 ;
;   Data                 ;       ;       ;             ;            ;        ;       ;
;    IC                  ;       ; 2     ; 0.000       ; 0          ; 0.000  ; 0.000 ;
;    Cell                ;       ; 3     ; 0.330       ; 53         ; 0.000  ; 0.248 ;
;    uTco                ;       ; 1     ; 0.000       ; 0          ; 0.000  ; 0.000 ;
;    Routing Element     ;       ; 4     ; 0.293       ; 47         ; 0.000  ; 0.137 ;
;  Required Path         ;       ;       ;             ;            ;        ;       ;
;   Clock                ;       ;       ;             ;            ;        ;       ;
;    IC                  ;       ; 3     ; -0.001      ; 0          ; -0.001 ; 0.000 ;
;    Cell                ;       ; 3     ; 1.897       ; 43         ; 0.507  ; 0.739 ;
;    Routing Element     ;       ; 26    ; 2.561       ; 57         ; 0.000  ; 0.806 ;
+------------------------+-------+-------+-------------+------------+--------+-------+
Note: Negative delays are omitted from totals when calculating percentages

+------------------------------------------------------------------------------------------------------------------+
; Data Arrival Path                                                                                                ;
+---------+----------+----+------+--------+---------------------------------------+--------------------------------+
; Total   ; Incr     ; RF ; Type ; Fanout ; Location                              ; Element                        ;
+---------+----------+----+------+--------+---------------------------------------+--------------------------------+
; 0.000   ; 0.000    ;    ;      ;        ;                                       ; launch edge time               ;
; 4.207   ; 4.207    ;    ;      ;        ;                                       ; clock path                     ;
;   0.000 ;   0.000  ;    ;      ;        ;                                       ; source latency                 ;
;   0.000 ;   0.000  ;    ;      ; 1      ; PIN_M16                               ; clk                            ;
;   0.000 ;   0.000  ;    ; RE   ; 1      ; IOPAD_X89_Y35_N60                     ; ARRIAV_IO_PAD                  ;
;   0.000 ;   0.000  ;    ; RE   ; 1      ; IO_PAD_OUTPUT_X89_Y35_N60_I1          ; IO_PAD_OUTPUT                  ;
;   0.000 ;   0.000  ;    ; RE   ; 1      ; IO_INPUT_BUFFER_INPUT_X89_Y35_N61_I0  ; IO_INPUT_BUFFER_INPUT          ;
;   0.000 ;   0.000  ; RR ; IC   ; 1      ; IOIBUF_X89_Y35_N61                    ; clk~input|i                    ;
;   0.739 ;   0.739  ; RR ; CELL ; 1      ; IOIBUF_X89_Y35_N61                    ; clk~input|o                    ;
;   0.739 ;   0.000  ;    ; RE   ; 1      ; IOIBUF_X89_Y35_N61                    ; ARRIAV_IO_IBUF                 ;
;   0.739 ;   0.000  ;    ; RE   ; 1      ; IO_INPUT_BUFFER_OUTPUT_X89_Y35_N61_I2 ; IO_INPUT_BUFFER_OUTPUT         ;
;   0.739 ;   0.000  ;    ; RE   ; 1      ; IO_RE_X89_Y35_N60_I96                 ; IO_RE                          ;
;   0.827 ;   0.088  ;    ; RE   ; 1      ; IO_RE_X89_Y35_N60_I66                 ; IO_RE                          ;
;   1.102 ;   0.275  ;    ; RE   ; 1      ; CLKBUF_CLUSTER_RE_X89_Y39_N3_I421     ; CLKBUF_CLUSTER_RE              ;
;   1.102 ;   0.000  ;    ; RE   ; 1      ; CLKBUF_CLUSTER_RE_X89_Y39_N3_I772     ; CLKBUF_CLUSTER_RE              ;
;   1.102 ;   0.000  ;    ; RE   ; 1      ; CLKBUF_CLUSTER_RE_X89_Y39_N3_I557     ; CLKBUF_CLUSTER_RE              ;
;   1.102 ;   0.000  ;    ; RE   ; 1      ; GCLK_CLUSTER_RE_X89_Y39_N6_I10        ; GCLK_CLUSTER_RE                ;
;   1.102 ;   0.000  ;    ; RE   ; 1      ; CLKBUFBLOCK_INPUT_X89_Y39_N7_I0       ; CLKBUFBLOCK_INPUT              ;
;   1.102 ;   0.000  ; RR ; IC   ; 1      ; CLKCTRL_G9                            ; clk~inputCLKENA0|inclk         ;
;   1.572 ;   0.470  ; RR ; CELL ; 1674   ; CLKCTRL_G9                            ; clk~inputCLKENA0|outclk        ;
;   1.572 ;   0.000  ;    ; RE   ; 1      ; CLKCTRL_G9                            ; ARRIAV_CLKBUF                  ;
;   1.572 ;   0.000  ;    ; RE   ; 1      ; CLKBUFBLOCK_OUTPUT_X89_Y39_N7_I2      ; CLKBUFBLOCK_OUTPUT             ;
;   1.572 ;   0.000  ;    ; RE   ; 1      ; GCLK_CLUSTER_RE_X89_Y39_N6_I12        ; GCLK_CLUSTER_RE                ;
;   1.572 ;   0.000  ;    ; RE   ; 1      ; CLKBUF_CLUSTER_RE_X89_Y39_N3_I416     ; CLKBUF_CLUSTER_RE              ;
;   2.335 ;   0.763  ;    ; RE   ; 6      ; GLOBAL_CLOCK_X0_Y36_N0_I9             ; GLOBAL_CLOCK                   ;
;   2.474 ;   0.139  ;    ; RE   ; 6      ; SPINE_CLOCK_X33_Y19_N0_I22            ; SPINE_CLOCK                    ;
;   2.863 ;   0.389  ;    ; RE   ; 1      ; SCLK_TO_ROWCLK_BUF_X33_Y20_N0_I133    ; SCLK_TO_ROWCLK_BUF             ;
;   2.944 ;   0.081  ;    ; RE   ; 1      ; SCLK_TO_ROWCLK_BUF_X33_Y20_N0_I136    ; SCLK_TO_ROWCLK_BUF             ;
;   3.405 ;   0.461  ;    ; RE   ; 3      ; LAB_CLK_X34_Y20_N0_I5                 ; LAB_CLK                        ;
;   3.538 ;   0.133  ;    ; RE   ; 1      ; BLK_CLK_BUF_X37_Y20_N0_I5             ; BLK_CLK_BUF                    ;
;   3.593 ;   0.055  ;    ; RE   ; 1      ; ROWCLKSEL_PREBUF_X37_Y20_N0_I5        ; ROWCLKSEL_PREBUF               ;
;   3.648 ;   0.055  ;    ; RE   ; 1      ; ROWCLKSEL_X37_Y20_N0_I0               ; ROWCLKSEL                      ;
;   3.648 ;   0.000  ;    ; RE   ; 1      ; GLOBAL_LOCAL_SEL_X37_Y20_N0_I0        ; GLOBAL_LOCAL_SEL               ;
;   3.648 ;   0.000  ;    ; RE   ; 16     ; LAB_INPUT_X37_Y20_N0_I2               ; LAB_INPUT                      ;
;   3.646 ;   -0.002 ; RR ; IC   ; 1      ; FF_X37_Y20_N23                        ; message_bytes_remaining[7]|clk ;
;   4.207 ;   0.561  ; RR ; CELL ; 1      ; FF_X37_Y20_N23                        ; message_bytes_remaining[7]     ;
; 4.830   ; 0.623    ;    ;      ;        ;                                       ; data path                      ;
;   4.207 ;   0.000  ;    ; uTco ; 1      ; FF_X37_Y20_N23                        ; message_bytes_remaining[7]     ;
;   4.207 ;   0.000  ; RR ; CELL ; 3      ; FF_X37_Y20_N23                        ; message_bytes_remaining[7]|q   ;
;   4.266 ;   0.059  ;    ; RE   ; 2      ; FF_X37_Y20_N23                        ; ARRIAV_FF                      ;
;   4.363 ;   0.097  ;    ; RE   ; 1      ; LOCAL_LINE_X37_Y20_N0_I7              ; LOCAL_LINE                     ;
;   4.500 ;   0.137  ;    ; RE   ; 1      ; BLOCK_INPUT_MUX_X37_Y20_N0_I30        ; LEIM_INPUT                     ;
;   4.500 ;   0.000  ; RR ; IC   ; 4      ; LABCELL_X37_Y20_N21                   ; Add1~21|datad                  ;
;   4.748 ;   0.248  ; RR ; CELL ; 1      ; LABCELL_X37_Y20_N21                   ; Add1~21|sumout                 ;
;   4.748 ;   0.000  ;    ; RE   ; 3      ; LABCELL_X37_Y20_N21                   ; ARRIAV_LCELL_COMB              ;
;   4.748 ;   0.000  ; RR ; IC   ; 1      ; FF_X37_Y20_N23                        ; message_bytes_remaining[7]|d   ;
;   4.830 ;   0.082  ; RR ; CELL ; 1      ; FF_X37_Y20_N23                        ; message_bytes_remaining[7]     ;
+---------+----------+----+------+--------+---------------------------------------+--------------------------------+

+------------------------------------------------------------------------------------------------------------------+
; Data Required Path                                                                                               ;
+---------+----------+----+------+--------+---------------------------------------+--------------------------------+
; Total   ; Incr     ; RF ; Type ; Fanout ; Location                              ; Element                        ;
+---------+----------+----+------+--------+---------------------------------------+--------------------------------+
; 0.000   ; 0.000    ;    ;      ;        ;                                       ; latch edge time                ;
; 4.332   ; 4.332    ;    ;      ;        ;                                       ; clock path                     ;
;   0.000 ;   0.000  ;    ;      ;        ;                                       ; source latency                 ;
;   0.000 ;   0.000  ;    ;      ; 1      ; PIN_M16                               ; clk                            ;
;   0.000 ;   0.000  ;    ; RE   ; 1      ; IOPAD_X89_Y35_N60                     ; ARRIAV_IO_PAD                  ;
;   0.000 ;   0.000  ;    ; RE   ; 1      ; IO_PAD_OUTPUT_X89_Y35_N60_I1          ; IO_PAD_OUTPUT                  ;
;   0.000 ;   0.000  ;    ; RE   ; 1      ; IO_INPUT_BUFFER_INPUT_X89_Y35_N61_I0  ; IO_INPUT_BUFFER_INPUT          ;
;   0.000 ;   0.000  ; RR ; IC   ; 1      ; IOIBUF_X89_Y35_N61                    ; clk~input|i                    ;
;   0.739 ;   0.739  ; RR ; CELL ; 1      ; IOIBUF_X89_Y35_N61                    ; clk~input|o                    ;
;   0.739 ;   0.000  ;    ; RE   ; 1      ; IOIBUF_X89_Y35_N61                    ; ARRIAV_IO_IBUF                 ;
;   0.739 ;   0.000  ;    ; RE   ; 1      ; IO_INPUT_BUFFER_OUTPUT_X89_Y35_N61_I2 ; IO_INPUT_BUFFER_OUTPUT         ;
;   0.739 ;   0.000  ;    ; RE   ; 1      ; IO_RE_X89_Y35_N60_I96                 ; IO_RE                          ;
;   0.833 ;   0.094  ;    ; RE   ; 1      ; IO_RE_X89_Y35_N60_I66                 ; IO_RE                          ;
;   1.125 ;   0.292  ;    ; RE   ; 1      ; CLKBUF_CLUSTER_RE_X89_Y39_N3_I421     ; CLKBUF_CLUSTER_RE              ;
;   1.125 ;   0.000  ;    ; RE   ; 1      ; CLKBUF_CLUSTER_RE_X89_Y39_N3_I772     ; CLKBUF_CLUSTER_RE              ;
;   1.125 ;   0.000  ;    ; RE   ; 1      ; CLKBUF_CLUSTER_RE_X89_Y39_N3_I557     ; CLKBUF_CLUSTER_RE              ;
;   1.125 ;   0.000  ;    ; RE   ; 1      ; GCLK_CLUSTER_RE_X89_Y39_N6_I10        ; GCLK_CLUSTER_RE                ;
;   1.125 ;   0.000  ;    ; RE   ; 1      ; CLKBUFBLOCK_INPUT_X89_Y39_N7_I0       ; CLKBUFBLOCK_INPUT              ;
;   1.125 ;   0.000  ; RR ; IC   ; 1      ; CLKCTRL_G9                            ; clk~inputCLKENA0|inclk         ;
;   1.632 ;   0.507  ; RR ; CELL ; 1674   ; CLKCTRL_G9                            ; clk~inputCLKENA0|outclk        ;
;   1.632 ;   0.000  ;    ; RE   ; 1      ; CLKCTRL_G9                            ; ARRIAV_CLKBUF                  ;
;   1.632 ;   0.000  ;    ; RE   ; 1      ; CLKBUFBLOCK_OUTPUT_X89_Y39_N7_I2      ; CLKBUFBLOCK_OUTPUT             ;
;   1.632 ;   0.000  ;    ; RE   ; 1      ; GCLK_CLUSTER_RE_X89_Y39_N6_I12        ; GCLK_CLUSTER_RE                ;
;   1.632 ;   0.000  ;    ; RE   ; 1      ; CLKBUF_CLUSTER_RE_X89_Y39_N3_I416     ; CLKBUF_CLUSTER_RE              ;
;   2.438 ;   0.806  ;    ; RE   ; 6      ; GLOBAL_CLOCK_X0_Y36_N0_I9             ; GLOBAL_CLOCK                   ;
;   2.582 ;   0.144  ;    ; RE   ; 6      ; SPINE_CLOCK_X33_Y19_N0_I22            ; SPINE_CLOCK                    ;
;   2.985 ;   0.403  ;    ; RE   ; 1      ; SCLK_TO_ROWCLK_BUF_X33_Y20_N0_I133    ; SCLK_TO_ROWCLK_BUF             ;
;   3.069 ;   0.084  ;    ; RE   ; 1      ; SCLK_TO_ROWCLK_BUF_X33_Y20_N0_I136    ; SCLK_TO_ROWCLK_BUF             ;
;   3.546 ;   0.477  ;    ; RE   ; 3      ; LAB_CLK_X34_Y20_N0_I5                 ; LAB_CLK                        ;
;   3.690 ;   0.144  ;    ; RE   ; 1      ; BLK_CLK_BUF_X37_Y20_N0_I5             ; BLK_CLK_BUF                    ;
;   3.747 ;   0.057  ;    ; RE   ; 1      ; ROWCLKSEL_PREBUF_X37_Y20_N0_I5        ; ROWCLKSEL_PREBUF               ;
;   3.807 ;   0.060  ;    ; RE   ; 1      ; ROWCLKSEL_X37_Y20_N0_I0               ; ROWCLKSEL                      ;
;   3.807 ;   0.000  ;    ; RE   ; 1      ; GLOBAL_LOCAL_SEL_X37_Y20_N0_I0        ; GLOBAL_LOCAL_SEL               ;
;   3.807 ;   0.000  ;    ; RE   ; 16     ; LAB_INPUT_X37_Y20_N0_I2               ; LAB_INPUT                      ;
;   3.806 ;   -0.001 ; RR ; IC   ; 1      ; FF_X37_Y20_N23                        ; message_bytes_remaining[7]|clk ;
;   4.457 ;   0.651  ; RR ; CELL ; 1      ; FF_X37_Y20_N23                        ; message_bytes_remaining[7]     ;
;   4.332 ;   -0.125 ;    ;      ;        ;                                       ; clock pessimism removed        ;
; 4.332   ; 0.000    ;    ;      ;        ;                                       ; clock uncertainty              ;
; 4.332   ; 0.000    ;    ; uTh  ; 1      ; FF_X37_Y20_N23                        ; message_bytes_remaining[7]     ;
+---------+----------+----+------+--------+---------------------------------------+--------------------------------+

----------------------------
; Extra Fitter Information ;
----------------------------
HTML report is unavailable in plain text report export.


Path #5: Hold slack is 0.499 
===============================================================================
+-------------------------------------------------+
; Path Summary                                    ;
+--------------------+----------------------------+
; Property           ; Value                      ;
+--------------------+----------------------------+
; From Node          ; message_bytes_remaining[6] ;
; To Node            ; message_bytes_remaining[6] ;
; Launch Clock       ; clk                        ;
; Latch Clock        ; clk                        ;
; Data Arrival Time  ; 4.825                      ;
; Data Required Time ; 4.326                      ;
; Slack              ; 0.499                      ;
+--------------------+----------------------------+

+------------------------------------------------------------------------------------+
; Statistics                                                                         ;
+------------------------+-------+-------+-------------+------------+--------+-------+
; Property               ; Value ; Count ; Total Delay ; % of Total ; Min    ; Max   ;
+------------------------+-------+-------+-------------+------------+--------+-------+
; Hold Relationship      ; 0.000 ;       ;             ;            ;        ;       ;
; Clock Skew             ; 0.125 ;       ;             ;            ;        ;       ;
; Data Delay             ; 0.624 ;       ;             ;            ;        ;       ;
; Number of Logic Levels ;       ; 1     ;             ;            ;        ;       ;
; Physical Delays        ;       ;       ;             ;            ;        ;       ;
;  Arrival Path          ;       ;       ;             ;            ;        ;       ;
;   Clock                ;       ;       ;             ;            ;        ;       ;
;    IC                  ;       ; 3     ; -0.002      ; 0          ; -0.002 ; 0.000 ;
;    Cell                ;       ; 3     ; 1.764       ; 42         ; 0.470  ; 0.739 ;
;    Routing Element     ;       ; 26    ; 2.439       ; 58         ; 0.000  ; 0.763 ;
;   Data                 ;       ;       ;             ;            ;        ;       ;
;    IC                  ;       ; 2     ; 0.000       ; 0          ; 0.000  ; 0.000 ;
;    Cell                ;       ; 3     ; 0.347       ; 56         ; 0.000  ; 0.265 ;
;    uTco                ;       ; 1     ; 0.000       ; 0          ; 0.000  ; 0.000 ;
;    Routing Element     ;       ; 4     ; 0.277       ; 44         ; 0.000  ; 0.139 ;
;  Required Path         ;       ;       ;             ;            ;        ;       ;
;   Clock                ;       ;       ;             ;            ;        ;       ;
;    IC                  ;       ; 3     ; -0.001      ; 0          ; -0.001 ; 0.000 ;
;    Cell                ;       ; 3     ; 1.891       ; 42         ; 0.507  ; 0.739 ;
;    Routing Element     ;       ; 26    ; 2.561       ; 58         ; 0.000  ; 0.806 ;
+------------------------+-------+-------+-------------+------------+--------+-------+
Note: Negative delays are omitted from totals when calculating percentages

+------------------------------------------------------------------------------------------------------------------+
; Data Arrival Path                                                                                                ;
+---------+----------+----+------+--------+---------------------------------------+--------------------------------+
; Total   ; Incr     ; RF ; Type ; Fanout ; Location                              ; Element                        ;
+---------+----------+----+------+--------+---------------------------------------+--------------------------------+
; 0.000   ; 0.000    ;    ;      ;        ;                                       ; launch edge time               ;
; 4.201   ; 4.201    ;    ;      ;        ;                                       ; clock path                     ;
;   0.000 ;   0.000  ;    ;      ;        ;                                       ; source latency                 ;
;   0.000 ;   0.000  ;    ;      ; 1      ; PIN_M16                               ; clk                            ;
;   0.000 ;   0.000  ;    ; RE   ; 1      ; IOPAD_X89_Y35_N60                     ; ARRIAV_IO_PAD                  ;
;   0.000 ;   0.000  ;    ; RE   ; 1      ; IO_PAD_OUTPUT_X89_Y35_N60_I1          ; IO_PAD_OUTPUT                  ;
;   0.000 ;   0.000  ;    ; RE   ; 1      ; IO_INPUT_BUFFER_INPUT_X89_Y35_N61_I0  ; IO_INPUT_BUFFER_INPUT          ;
;   0.000 ;   0.000  ; RR ; IC   ; 1      ; IOIBUF_X89_Y35_N61                    ; clk~input|i                    ;
;   0.739 ;   0.739  ; RR ; CELL ; 1      ; IOIBUF_X89_Y35_N61                    ; clk~input|o                    ;
;   0.739 ;   0.000  ;    ; RE   ; 1      ; IOIBUF_X89_Y35_N61                    ; ARRIAV_IO_IBUF                 ;
;   0.739 ;   0.000  ;    ; RE   ; 1      ; IO_INPUT_BUFFER_OUTPUT_X89_Y35_N61_I2 ; IO_INPUT_BUFFER_OUTPUT         ;
;   0.739 ;   0.000  ;    ; RE   ; 1      ; IO_RE_X89_Y35_N60_I96                 ; IO_RE                          ;
;   0.827 ;   0.088  ;    ; RE   ; 1      ; IO_RE_X89_Y35_N60_I66                 ; IO_RE                          ;
;   1.102 ;   0.275  ;    ; RE   ; 1      ; CLKBUF_CLUSTER_RE_X89_Y39_N3_I421     ; CLKBUF_CLUSTER_RE              ;
;   1.102 ;   0.000  ;    ; RE   ; 1      ; CLKBUF_CLUSTER_RE_X89_Y39_N3_I772     ; CLKBUF_CLUSTER_RE              ;
;   1.102 ;   0.000  ;    ; RE   ; 1      ; CLKBUF_CLUSTER_RE_X89_Y39_N3_I557     ; CLKBUF_CLUSTER_RE              ;
;   1.102 ;   0.000  ;    ; RE   ; 1      ; GCLK_CLUSTER_RE_X89_Y39_N6_I10        ; GCLK_CLUSTER_RE                ;
;   1.102 ;   0.000  ;    ; RE   ; 1      ; CLKBUFBLOCK_INPUT_X89_Y39_N7_I0       ; CLKBUFBLOCK_INPUT              ;
;   1.102 ;   0.000  ; RR ; IC   ; 1      ; CLKCTRL_G9                            ; clk~inputCLKENA0|inclk         ;
;   1.572 ;   0.470  ; RR ; CELL ; 1674   ; CLKCTRL_G9                            ; clk~inputCLKENA0|outclk        ;
;   1.572 ;   0.000  ;    ; RE   ; 1      ; CLKCTRL_G9                            ; ARRIAV_CLKBUF                  ;
;   1.572 ;   0.000  ;    ; RE   ; 1      ; CLKBUFBLOCK_OUTPUT_X89_Y39_N7_I2      ; CLKBUFBLOCK_OUTPUT             ;
;   1.572 ;   0.000  ;    ; RE   ; 1      ; GCLK_CLUSTER_RE_X89_Y39_N6_I12        ; GCLK_CLUSTER_RE                ;
;   1.572 ;   0.000  ;    ; RE   ; 1      ; CLKBUF_CLUSTER_RE_X89_Y39_N3_I416     ; CLKBUF_CLUSTER_RE              ;
;   2.335 ;   0.763  ;    ; RE   ; 6      ; GLOBAL_CLOCK_X0_Y36_N0_I9             ; GLOBAL_CLOCK                   ;
;   2.474 ;   0.139  ;    ; RE   ; 6      ; SPINE_CLOCK_X33_Y19_N0_I22            ; SPINE_CLOCK                    ;
;   2.863 ;   0.389  ;    ; RE   ; 1      ; SCLK_TO_ROWCLK_BUF_X33_Y20_N0_I133    ; SCLK_TO_ROWCLK_BUF             ;
;   2.944 ;   0.081  ;    ; RE   ; 1      ; SCLK_TO_ROWCLK_BUF_X33_Y20_N0_I136    ; SCLK_TO_ROWCLK_BUF             ;
;   3.405 ;   0.461  ;    ; RE   ; 3      ; LAB_CLK_X34_Y20_N0_I5                 ; LAB_CLK                        ;
;   3.538 ;   0.133  ;    ; RE   ; 1      ; BLK_CLK_BUF_X37_Y20_N0_I5             ; BLK_CLK_BUF                    ;
;   3.593 ;   0.055  ;    ; RE   ; 1      ; ROWCLKSEL_PREBUF_X37_Y20_N0_I5        ; ROWCLKSEL_PREBUF               ;
;   3.648 ;   0.055  ;    ; RE   ; 1      ; ROWCLKSEL_X37_Y20_N0_I0               ; ROWCLKSEL                      ;
;   3.648 ;   0.000  ;    ; RE   ; 1      ; GLOBAL_LOCAL_SEL_X37_Y20_N0_I0        ; GLOBAL_LOCAL_SEL               ;
;   3.648 ;   0.000  ;    ; RE   ; 16     ; LAB_INPUT_X37_Y20_N0_I2               ; LAB_INPUT                      ;
;   3.646 ;   -0.002 ; RR ; IC   ; 1      ; FF_X37_Y20_N20                        ; message_bytes_remaining[6]|clk ;
;   4.201 ;   0.555  ; RR ; CELL ; 1      ; FF_X37_Y20_N20                        ; message_bytes_remaining[6]     ;
; 4.825   ; 0.624    ;    ;      ;        ;                                       ; data path                      ;
;   4.201 ;   0.000  ;    ; uTco ; 1      ; FF_X37_Y20_N20                        ; message_bytes_remaining[6]     ;
;   4.201 ;   0.000  ; FF ; CELL ; 3      ; FF_X37_Y20_N20                        ; message_bytes_remaining[6]|q   ;
;   4.258 ;   0.057  ;    ; RE   ; 2      ; FF_X37_Y20_N20                        ; ARRIAV_FF                      ;
;   4.339 ;   0.081  ;    ; RE   ; 1      ; LOCAL_LINE_X37_Y20_N0_I6              ; LOCAL_LINE                     ;
;   4.478 ;   0.139  ;    ; RE   ; 1      ; BLOCK_INPUT_MUX_X37_Y20_N0_I28        ; LEIM_INPUT                     ;
;   4.478 ;   0.000  ; FF ; IC   ; 4      ; LABCELL_X37_Y20_N18                   ; Add1~17|datac                  ;
;   4.743 ;   0.265  ; FR ; CELL ; 1      ; LABCELL_X37_Y20_N18                   ; Add1~17|sumout                 ;
;   4.743 ;   0.000  ;    ; RE   ; 3      ; LABCELL_X37_Y20_N18                   ; ARRIAV_LCELL_COMB              ;
;   4.743 ;   0.000  ; RR ; IC   ; 1      ; FF_X37_Y20_N20                        ; message_bytes_remaining[6]|d   ;
;   4.825 ;   0.082  ; RR ; CELL ; 1      ; FF_X37_Y20_N20                        ; message_bytes_remaining[6]     ;
+---------+----------+----+------+--------+---------------------------------------+--------------------------------+

+------------------------------------------------------------------------------------------------------------------+
; Data Required Path                                                                                               ;
+---------+----------+----+------+--------+---------------------------------------+--------------------------------+
; Total   ; Incr     ; RF ; Type ; Fanout ; Location                              ; Element                        ;
+---------+----------+----+------+--------+---------------------------------------+--------------------------------+
; 0.000   ; 0.000    ;    ;      ;        ;                                       ; latch edge time                ;
; 4.326   ; 4.326    ;    ;      ;        ;                                       ; clock path                     ;
;   0.000 ;   0.000  ;    ;      ;        ;                                       ; source latency                 ;
;   0.000 ;   0.000  ;    ;      ; 1      ; PIN_M16                               ; clk                            ;
;   0.000 ;   0.000  ;    ; RE   ; 1      ; IOPAD_X89_Y35_N60                     ; ARRIAV_IO_PAD                  ;
;   0.000 ;   0.000  ;    ; RE   ; 1      ; IO_PAD_OUTPUT_X89_Y35_N60_I1          ; IO_PAD_OUTPUT                  ;
;   0.000 ;   0.000  ;    ; RE   ; 1      ; IO_INPUT_BUFFER_INPUT_X89_Y35_N61_I0  ; IO_INPUT_BUFFER_INPUT          ;
;   0.000 ;   0.000  ; RR ; IC   ; 1      ; IOIBUF_X89_Y35_N61                    ; clk~input|i                    ;
;   0.739 ;   0.739  ; RR ; CELL ; 1      ; IOIBUF_X89_Y35_N61                    ; clk~input|o                    ;
;   0.739 ;   0.000  ;    ; RE   ; 1      ; IOIBUF_X89_Y35_N61                    ; ARRIAV_IO_IBUF                 ;
;   0.739 ;   0.000  ;    ; RE   ; 1      ; IO_INPUT_BUFFER_OUTPUT_X89_Y35_N61_I2 ; IO_INPUT_BUFFER_OUTPUT         ;
;   0.739 ;   0.000  ;    ; RE   ; 1      ; IO_RE_X89_Y35_N60_I96                 ; IO_RE                          ;
;   0.833 ;   0.094  ;    ; RE   ; 1      ; IO_RE_X89_Y35_N60_I66                 ; IO_RE                          ;
;   1.125 ;   0.292  ;    ; RE   ; 1      ; CLKBUF_CLUSTER_RE_X89_Y39_N3_I421     ; CLKBUF_CLUSTER_RE              ;
;   1.125 ;   0.000  ;    ; RE   ; 1      ; CLKBUF_CLUSTER_RE_X89_Y39_N3_I772     ; CLKBUF_CLUSTER_RE              ;
;   1.125 ;   0.000  ;    ; RE   ; 1      ; CLKBUF_CLUSTER_RE_X89_Y39_N3_I557     ; CLKBUF_CLUSTER_RE              ;
;   1.125 ;   0.000  ;    ; RE   ; 1      ; GCLK_CLUSTER_RE_X89_Y39_N6_I10        ; GCLK_CLUSTER_RE                ;
;   1.125 ;   0.000  ;    ; RE   ; 1      ; CLKBUFBLOCK_INPUT_X89_Y39_N7_I0       ; CLKBUFBLOCK_INPUT              ;
;   1.125 ;   0.000  ; RR ; IC   ; 1      ; CLKCTRL_G9                            ; clk~inputCLKENA0|inclk         ;
;   1.632 ;   0.507  ; RR ; CELL ; 1674   ; CLKCTRL_G9                            ; clk~inputCLKENA0|outclk        ;
;   1.632 ;   0.000  ;    ; RE   ; 1      ; CLKCTRL_G9                            ; ARRIAV_CLKBUF                  ;
;   1.632 ;   0.000  ;    ; RE   ; 1      ; CLKBUFBLOCK_OUTPUT_X89_Y39_N7_I2      ; CLKBUFBLOCK_OUTPUT             ;
;   1.632 ;   0.000  ;    ; RE   ; 1      ; GCLK_CLUSTER_RE_X89_Y39_N6_I12        ; GCLK_CLUSTER_RE                ;
;   1.632 ;   0.000  ;    ; RE   ; 1      ; CLKBUF_CLUSTER_RE_X89_Y39_N3_I416     ; CLKBUF_CLUSTER_RE              ;
;   2.438 ;   0.806  ;    ; RE   ; 6      ; GLOBAL_CLOCK_X0_Y36_N0_I9             ; GLOBAL_CLOCK                   ;
;   2.582 ;   0.144  ;    ; RE   ; 6      ; SPINE_CLOCK_X33_Y19_N0_I22            ; SPINE_CLOCK                    ;
;   2.985 ;   0.403  ;    ; RE   ; 1      ; SCLK_TO_ROWCLK_BUF_X33_Y20_N0_I133    ; SCLK_TO_ROWCLK_BUF             ;
;   3.069 ;   0.084  ;    ; RE   ; 1      ; SCLK_TO_ROWCLK_BUF_X33_Y20_N0_I136    ; SCLK_TO_ROWCLK_BUF             ;
;   3.546 ;   0.477  ;    ; RE   ; 3      ; LAB_CLK_X34_Y20_N0_I5                 ; LAB_CLK                        ;
;   3.690 ;   0.144  ;    ; RE   ; 1      ; BLK_CLK_BUF_X37_Y20_N0_I5             ; BLK_CLK_BUF                    ;
;   3.747 ;   0.057  ;    ; RE   ; 1      ; ROWCLKSEL_PREBUF_X37_Y20_N0_I5        ; ROWCLKSEL_PREBUF               ;
;   3.807 ;   0.060  ;    ; RE   ; 1      ; ROWCLKSEL_X37_Y20_N0_I0               ; ROWCLKSEL                      ;
;   3.807 ;   0.000  ;    ; RE   ; 1      ; GLOBAL_LOCAL_SEL_X37_Y20_N0_I0        ; GLOBAL_LOCAL_SEL               ;
;   3.807 ;   0.000  ;    ; RE   ; 16     ; LAB_INPUT_X37_Y20_N0_I2               ; LAB_INPUT                      ;
;   3.806 ;   -0.001 ; RR ; IC   ; 1      ; FF_X37_Y20_N20                        ; message_bytes_remaining[6]|clk ;
;   4.451 ;   0.645  ; RR ; CELL ; 1      ; FF_X37_Y20_N20                        ; message_bytes_remaining[6]     ;
;   4.326 ;   -0.125 ;    ;      ;        ;                                       ; clock pessimism removed        ;
; 4.326   ; 0.000    ;    ;      ;        ;                                       ; clock uncertainty              ;
; 4.326   ; 0.000    ;    ; uTh  ; 1      ; FF_X37_Y20_N20                        ; message_bytes_remaining[6]     ;
+---------+----------+----+------+--------+---------------------------------------+--------------------------------+

----------------------------
; Extra Fitter Information ;
----------------------------
HTML report is unavailable in plain text report export.


Path #6: Hold slack is 0.504 
===============================================================================
+----------------------------------------------+
; Path Summary                                 ;
+--------------------+-------------------------+
; Property           ; Value                   ;
+--------------------+-------------------------+
; From Node          ; xof_bytes_remaining[11] ;
; To Node            ; xof_bytes_remaining[11] ;
; Launch Clock       ; clk                     ;
; Latch Clock        ; clk                     ;
; Data Arrival Time  ; 4.831                   ;
; Data Required Time ; 4.327                   ;
; Slack              ; 0.504                   ;
+--------------------+-------------------------+

+-----------------------------------------------------------------------------------+
; Statistics                                                                        ;
+------------------------+-------+-------+-------------+------------+-------+-------+
; Property               ; Value ; Count ; Total Delay ; % of Total ; Min   ; Max   ;
+------------------------+-------+-------+-------------+------------+-------+-------+
; Hold Relationship      ; 0.000 ;       ;             ;            ;       ;       ;
; Clock Skew             ; 0.125 ;       ;             ;            ;       ;       ;
; Data Delay             ; 0.629 ;       ;             ;            ;       ;       ;
; Number of Logic Levels ;       ; 1     ;             ;            ;       ;       ;
; Physical Delays        ;       ;       ;             ;            ;       ;       ;
;  Arrival Path          ;       ;       ;             ;            ;       ;       ;
;   Clock                ;       ;       ;             ;            ;       ;       ;
;    IC                  ;       ; 3     ; 0.000       ; 0          ; 0.000 ; 0.000 ;
;    Cell                ;       ; 3     ; 1.764       ; 42         ; 0.470 ; 0.739 ;
;    Routing Element     ;       ; 26    ; 2.438       ; 58         ; 0.000 ; 0.763 ;
;   Data                 ;       ;       ;             ;            ;       ;       ;
;    IC                  ;       ; 2     ; 0.000       ; 0          ; 0.000 ; 0.000 ;
;    Cell                ;       ; 3     ; 0.349       ; 55         ; 0.000 ; 0.266 ;
;    uTco                ;       ; 1     ; 0.000       ; 0          ; 0.000 ; 0.000 ;
;    Routing Element     ;       ; 4     ; 0.280       ; 45         ; 0.000 ; 0.141 ;
;  Required Path         ;       ;       ;             ;            ;       ;       ;
;   Clock                ;       ;       ;             ;            ;       ;       ;
;    IC                  ;       ; 3     ; 0.001       ; 0          ; 0.000 ; 0.001 ;
;    Cell                ;       ; 3     ; 1.891       ; 42         ; 0.507 ; 0.739 ;
;    Routing Element     ;       ; 26    ; 2.560       ; 58         ; 0.000 ; 0.806 ;
+------------------------+-------+-------+-------------+------------+-------+-------+
Note: Negative delays are omitted from totals when calculating percentages

+--------------------------------------------------------------------------------------------------------------+
; Data Arrival Path                                                                                            ;
+---------+---------+----+------+--------+---------------------------------------+-----------------------------+
; Total   ; Incr    ; RF ; Type ; Fanout ; Location                              ; Element                     ;
+---------+---------+----+------+--------+---------------------------------------+-----------------------------+
; 0.000   ; 0.000   ;    ;      ;        ;                                       ; launch edge time            ;
; 4.202   ; 4.202   ;    ;      ;        ;                                       ; clock path                  ;
;   0.000 ;   0.000 ;    ;      ;        ;                                       ; source latency              ;
;   0.000 ;   0.000 ;    ;      ; 1      ; PIN_M16                               ; clk                         ;
;   0.000 ;   0.000 ;    ; RE   ; 1      ; IOPAD_X89_Y35_N60                     ; ARRIAV_IO_PAD               ;
;   0.000 ;   0.000 ;    ; RE   ; 1      ; IO_PAD_OUTPUT_X89_Y35_N60_I1          ; IO_PAD_OUTPUT               ;
;   0.000 ;   0.000 ;    ; RE   ; 1      ; IO_INPUT_BUFFER_INPUT_X89_Y35_N61_I0  ; IO_INPUT_BUFFER_INPUT       ;
;   0.000 ;   0.000 ; RR ; IC   ; 1      ; IOIBUF_X89_Y35_N61                    ; clk~input|i                 ;
;   0.739 ;   0.739 ; RR ; CELL ; 1      ; IOIBUF_X89_Y35_N61                    ; clk~input|o                 ;
;   0.739 ;   0.000 ;    ; RE   ; 1      ; IOIBUF_X89_Y35_N61                    ; ARRIAV_IO_IBUF              ;
;   0.739 ;   0.000 ;    ; RE   ; 1      ; IO_INPUT_BUFFER_OUTPUT_X89_Y35_N61_I2 ; IO_INPUT_BUFFER_OUTPUT      ;
;   0.739 ;   0.000 ;    ; RE   ; 1      ; IO_RE_X89_Y35_N60_I96                 ; IO_RE                       ;
;   0.827 ;   0.088 ;    ; RE   ; 1      ; IO_RE_X89_Y35_N60_I66                 ; IO_RE                       ;
;   1.102 ;   0.275 ;    ; RE   ; 1      ; CLKBUF_CLUSTER_RE_X89_Y39_N3_I421     ; CLKBUF_CLUSTER_RE           ;
;   1.102 ;   0.000 ;    ; RE   ; 1      ; CLKBUF_CLUSTER_RE_X89_Y39_N3_I772     ; CLKBUF_CLUSTER_RE           ;
;   1.102 ;   0.000 ;    ; RE   ; 1      ; CLKBUF_CLUSTER_RE_X89_Y39_N3_I557     ; CLKBUF_CLUSTER_RE           ;
;   1.102 ;   0.000 ;    ; RE   ; 1      ; GCLK_CLUSTER_RE_X89_Y39_N6_I10        ; GCLK_CLUSTER_RE             ;
;   1.102 ;   0.000 ;    ; RE   ; 1      ; CLKBUFBLOCK_INPUT_X89_Y39_N7_I0       ; CLKBUFBLOCK_INPUT           ;
;   1.102 ;   0.000 ; RR ; IC   ; 1      ; CLKCTRL_G9                            ; clk~inputCLKENA0|inclk      ;
;   1.572 ;   0.470 ; RR ; CELL ; 1674   ; CLKCTRL_G9                            ; clk~inputCLKENA0|outclk     ;
;   1.572 ;   0.000 ;    ; RE   ; 1      ; CLKCTRL_G9                            ; ARRIAV_CLKBUF               ;
;   1.572 ;   0.000 ;    ; RE   ; 1      ; CLKBUFBLOCK_OUTPUT_X89_Y39_N7_I2      ; CLKBUFBLOCK_OUTPUT          ;
;   1.572 ;   0.000 ;    ; RE   ; 1      ; GCLK_CLUSTER_RE_X89_Y39_N6_I12        ; GCLK_CLUSTER_RE             ;
;   1.572 ;   0.000 ;    ; RE   ; 1      ; CLKBUF_CLUSTER_RE_X89_Y39_N3_I416     ; CLKBUF_CLUSTER_RE           ;
;   2.335 ;   0.763 ;    ; RE   ; 6      ; GLOBAL_CLOCK_X0_Y36_N0_I9             ; GLOBAL_CLOCK                ;
;   2.473 ;   0.138 ;    ; RE   ; 6      ; SPINE_CLOCK_X33_Y19_N0_I22            ; SPINE_CLOCK                 ;
;   2.862 ;   0.389 ;    ; RE   ; 1      ; SCLK_TO_ROWCLK_BUF_X33_Y23_N0_I133    ; SCLK_TO_ROWCLK_BUF          ;
;   2.943 ;   0.081 ;    ; RE   ; 1      ; SCLK_TO_ROWCLK_BUF_X33_Y23_N0_I136    ; SCLK_TO_ROWCLK_BUF          ;
;   3.406 ;   0.463 ;    ; RE   ; 3      ; LAB_CLK_X34_Y23_N0_I5                 ; LAB_CLK                     ;
;   3.539 ;   0.133 ;    ; RE   ; 1      ; BLK_CLK_BUF_X40_Y23_N0_I5             ; BLK_CLK_BUF                 ;
;   3.593 ;   0.054 ;    ; RE   ; 1      ; ROWCLKSEL_PREBUF_X40_Y23_N0_I5        ; ROWCLKSEL_PREBUF            ;
;   3.647 ;   0.054 ;    ; RE   ; 1      ; ROWCLKSEL_X40_Y23_N0_I0               ; ROWCLKSEL                   ;
;   3.647 ;   0.000 ;    ; RE   ; 1      ; GLOBAL_LOCAL_SEL_X40_Y23_N0_I0        ; GLOBAL_LOCAL_SEL            ;
;   3.647 ;   0.000 ;    ; RE   ; 13     ; LAB_INPUT_X40_Y23_N0_I2               ; LAB_INPUT                   ;
;   3.647 ;   0.000 ; RR ; IC   ; 1      ; FF_X40_Y23_N26                        ; xof_bytes_remaining[11]|clk ;
;   4.202 ;   0.555 ; RR ; CELL ; 1      ; FF_X40_Y23_N26                        ; xof_bytes_remaining[11]     ;
; 4.831   ; 0.629   ;    ;      ;        ;                                       ; data path                   ;
;   4.202 ;   0.000 ;    ; uTco ; 1      ; FF_X40_Y23_N26                        ; xof_bytes_remaining[11]     ;
;   4.202 ;   0.000 ; FF ; CELL ; 2      ; FF_X40_Y23_N26                        ; xof_bytes_remaining[11]|q   ;
;   4.256 ;   0.054 ;    ; RE   ; 2      ; FF_X40_Y23_N26                        ; ARRIAV_FF                   ;
;   4.341 ;   0.085 ;    ; RE   ; 1      ; LOCAL_LINE_X40_Y23_N0_I8              ; LOCAL_LINE                  ;
;   4.482 ;   0.141 ;    ; RE   ; 1      ; BLOCK_INPUT_MUX_X40_Y23_N0_I36        ; LEIM_INPUT                  ;
;   4.482 ;   0.000 ; FF ; IC   ; 3      ; LABCELL_X40_Y23_N24                   ; Add5~41|datac               ;
;   4.748 ;   0.266 ; FR ; CELL ; 1      ; LABCELL_X40_Y23_N24                   ; Add5~41|sumout              ;
;   4.748 ;   0.000 ;    ; RE   ; 2      ; LABCELL_X40_Y23_N24                   ; ARRIAV_LCELL_COMB           ;
;   4.748 ;   0.000 ; RR ; IC   ; 1      ; FF_X40_Y23_N26                        ; xof_bytes_remaining[11]|d   ;
;   4.831 ;   0.083 ; RR ; CELL ; 1      ; FF_X40_Y23_N26                        ; xof_bytes_remaining[11]     ;
+---------+---------+----+------+--------+---------------------------------------+-----------------------------+

+---------------------------------------------------------------------------------------------------------------+
; Data Required Path                                                                                            ;
+---------+----------+----+------+--------+---------------------------------------+-----------------------------+
; Total   ; Incr     ; RF ; Type ; Fanout ; Location                              ; Element                     ;
+---------+----------+----+------+--------+---------------------------------------+-----------------------------+
; 0.000   ; 0.000    ;    ;      ;        ;                                       ; latch edge time             ;
; 4.327   ; 4.327    ;    ;      ;        ;                                       ; clock path                  ;
;   0.000 ;   0.000  ;    ;      ;        ;                                       ; source latency              ;
;   0.000 ;   0.000  ;    ;      ; 1      ; PIN_M16                               ; clk                         ;
;   0.000 ;   0.000  ;    ; RE   ; 1      ; IOPAD_X89_Y35_N60                     ; ARRIAV_IO_PAD               ;
;   0.000 ;   0.000  ;    ; RE   ; 1      ; IO_PAD_OUTPUT_X89_Y35_N60_I1          ; IO_PAD_OUTPUT               ;
;   0.000 ;   0.000  ;    ; RE   ; 1      ; IO_INPUT_BUFFER_INPUT_X89_Y35_N61_I0  ; IO_INPUT_BUFFER_INPUT       ;
;   0.000 ;   0.000  ; RR ; IC   ; 1      ; IOIBUF_X89_Y35_N61                    ; clk~input|i                 ;
;   0.739 ;   0.739  ; RR ; CELL ; 1      ; IOIBUF_X89_Y35_N61                    ; clk~input|o                 ;
;   0.739 ;   0.000  ;    ; RE   ; 1      ; IOIBUF_X89_Y35_N61                    ; ARRIAV_IO_IBUF              ;
;   0.739 ;   0.000  ;    ; RE   ; 1      ; IO_INPUT_BUFFER_OUTPUT_X89_Y35_N61_I2 ; IO_INPUT_BUFFER_OUTPUT      ;
;   0.739 ;   0.000  ;    ; RE   ; 1      ; IO_RE_X89_Y35_N60_I96                 ; IO_RE                       ;
;   0.833 ;   0.094  ;    ; RE   ; 1      ; IO_RE_X89_Y35_N60_I66                 ; IO_RE                       ;
;   1.125 ;   0.292  ;    ; RE   ; 1      ; CLKBUF_CLUSTER_RE_X89_Y39_N3_I421     ; CLKBUF_CLUSTER_RE           ;
;   1.125 ;   0.000  ;    ; RE   ; 1      ; CLKBUF_CLUSTER_RE_X89_Y39_N3_I772     ; CLKBUF_CLUSTER_RE           ;
;   1.125 ;   0.000  ;    ; RE   ; 1      ; CLKBUF_CLUSTER_RE_X89_Y39_N3_I557     ; CLKBUF_CLUSTER_RE           ;
;   1.125 ;   0.000  ;    ; RE   ; 1      ; GCLK_CLUSTER_RE_X89_Y39_N6_I10        ; GCLK_CLUSTER_RE             ;
;   1.125 ;   0.000  ;    ; RE   ; 1      ; CLKBUFBLOCK_INPUT_X89_Y39_N7_I0       ; CLKBUFBLOCK_INPUT           ;
;   1.125 ;   0.000  ; RR ; IC   ; 1      ; CLKCTRL_G9                            ; clk~inputCLKENA0|inclk      ;
;   1.632 ;   0.507  ; RR ; CELL ; 1674   ; CLKCTRL_G9                            ; clk~inputCLKENA0|outclk     ;
;   1.632 ;   0.000  ;    ; RE   ; 1      ; CLKCTRL_G9                            ; ARRIAV_CLKBUF               ;
;   1.632 ;   0.000  ;    ; RE   ; 1      ; CLKBUFBLOCK_OUTPUT_X89_Y39_N7_I2      ; CLKBUFBLOCK_OUTPUT          ;
;   1.632 ;   0.000  ;    ; RE   ; 1      ; GCLK_CLUSTER_RE_X89_Y39_N6_I12        ; GCLK_CLUSTER_RE             ;
;   1.632 ;   0.000  ;    ; RE   ; 1      ; CLKBUF_CLUSTER_RE_X89_Y39_N3_I416     ; CLKBUF_CLUSTER_RE           ;
;   2.438 ;   0.806  ;    ; RE   ; 6      ; GLOBAL_CLOCK_X0_Y36_N0_I9             ; GLOBAL_CLOCK                ;
;   2.581 ;   0.143  ;    ; RE   ; 6      ; SPINE_CLOCK_X33_Y19_N0_I22            ; SPINE_CLOCK                 ;
;   2.984 ;   0.403  ;    ; RE   ; 1      ; SCLK_TO_ROWCLK_BUF_X33_Y23_N0_I133    ; SCLK_TO_ROWCLK_BUF          ;
;   3.068 ;   0.084  ;    ; RE   ; 1      ; SCLK_TO_ROWCLK_BUF_X33_Y23_N0_I136    ; SCLK_TO_ROWCLK_BUF          ;
;   3.548 ;   0.480  ;    ; RE   ; 3      ; LAB_CLK_X34_Y23_N0_I5                 ; LAB_CLK                     ;
;   3.692 ;   0.144  ;    ; RE   ; 1      ; BLK_CLK_BUF_X40_Y23_N0_I5             ; BLK_CLK_BUF                 ;
;   3.748 ;   0.056  ;    ; RE   ; 1      ; ROWCLKSEL_PREBUF_X40_Y23_N0_I5        ; ROWCLKSEL_PREBUF            ;
;   3.806 ;   0.058  ;    ; RE   ; 1      ; ROWCLKSEL_X40_Y23_N0_I0               ; ROWCLKSEL                   ;
;   3.806 ;   0.000  ;    ; RE   ; 1      ; GLOBAL_LOCAL_SEL_X40_Y23_N0_I0        ; GLOBAL_LOCAL_SEL            ;
;   3.806 ;   0.000  ;    ; RE   ; 13     ; LAB_INPUT_X40_Y23_N0_I2               ; LAB_INPUT                   ;
;   3.807 ;   0.001  ; RR ; IC   ; 1      ; FF_X40_Y23_N26                        ; xof_bytes_remaining[11]|clk ;
;   4.452 ;   0.645  ; RR ; CELL ; 1      ; FF_X40_Y23_N26                        ; xof_bytes_remaining[11]     ;
;   4.327 ;   -0.125 ;    ;      ;        ;                                       ; clock pessimism removed     ;
; 4.327   ; 0.000    ;    ;      ;        ;                                       ; clock uncertainty           ;
; 4.327   ; 0.000    ;    ; uTh  ; 1      ; FF_X40_Y23_N26                        ; xof_bytes_remaining[11]     ;
+---------+----------+----+------+--------+---------------------------------------+-----------------------------+

----------------------------
; Extra Fitter Information ;
----------------------------
HTML report is unavailable in plain text report export.


Path #7: Hold slack is 0.505 
===============================================================================
+---------------------------------------------+
; Path Summary                                ;
+--------------------+------------------------+
; Property           ; Value                  ;
+--------------------+------------------------+
; From Node          ; xof_bytes_remaining[6] ;
; To Node            ; xof_bytes_remaining[6] ;
; Launch Clock       ; clk                    ;
; Latch Clock        ; clk                    ;
; Data Arrival Time  ; 4.838                  ;
; Data Required Time ; 4.333                  ;
; Slack              ; 0.505                  ;
+--------------------+------------------------+

+-----------------------------------------------------------------------------------+
; Statistics                                                                        ;
+------------------------+-------+-------+-------------+------------+-------+-------+
; Property               ; Value ; Count ; Total Delay ; % of Total ; Min   ; Max   ;
+------------------------+-------+-------+-------------+------------+-------+-------+
; Hold Relationship      ; 0.000 ;       ;             ;            ;       ;       ;
; Clock Skew             ; 0.125 ;       ;             ;            ;       ;       ;
; Data Delay             ; 0.630 ;       ;             ;            ;       ;       ;
; Number of Logic Levels ;       ; 1     ;             ;            ;       ;       ;
; Physical Delays        ;       ;       ;             ;            ;       ;       ;
;  Arrival Path          ;       ;       ;             ;            ;       ;       ;
;   Clock                ;       ;       ;             ;            ;       ;       ;
;    IC                  ;       ; 3     ; 0.000       ; 0          ; 0.000 ; 0.000 ;
;    Cell                ;       ; 3     ; 1.770       ; 42         ; 0.470 ; 0.739 ;
;    Routing Element     ;       ; 26    ; 2.438       ; 58         ; 0.000 ; 0.763 ;
;   Data                 ;       ;       ;             ;            ;       ;       ;
;    IC                  ;       ; 2     ; 0.001       ; 0          ; 0.000 ; 0.001 ;
;    Cell                ;       ; 3     ; 0.353       ; 56         ; 0.000 ; 0.271 ;
;    uTco                ;       ; 1     ; 0.000       ; 0          ; 0.000 ; 0.000 ;
;    Routing Element     ;       ; 4     ; 0.276       ; 44         ; 0.000 ; 0.137 ;
;  Required Path         ;       ;       ;             ;            ;       ;       ;
;   Clock                ;       ;       ;             ;            ;       ;       ;
;    IC                  ;       ; 3     ; 0.001       ; 0          ; 0.000 ; 0.001 ;
;    Cell                ;       ; 3     ; 1.897       ; 43         ; 0.507 ; 0.739 ;
;    Routing Element     ;       ; 26    ; 2.560       ; 57         ; 0.000 ; 0.806 ;
+------------------------+-------+-------+-------------+------------+-------+-------+
Note: Negative delays are omitted from totals when calculating percentages

+-------------------------------------------------------------------------------------------------------------+
; Data Arrival Path                                                                                           ;
+---------+---------+----+------+--------+---------------------------------------+----------------------------+
; Total   ; Incr    ; RF ; Type ; Fanout ; Location                              ; Element                    ;
+---------+---------+----+------+--------+---------------------------------------+----------------------------+
; 0.000   ; 0.000   ;    ;      ;        ;                                       ; launch edge time           ;
; 4.208   ; 4.208   ;    ;      ;        ;                                       ; clock path                 ;
;   0.000 ;   0.000 ;    ;      ;        ;                                       ; source latency             ;
;   0.000 ;   0.000 ;    ;      ; 1      ; PIN_M16                               ; clk                        ;
;   0.000 ;   0.000 ;    ; RE   ; 1      ; IOPAD_X89_Y35_N60                     ; ARRIAV_IO_PAD              ;
;   0.000 ;   0.000 ;    ; RE   ; 1      ; IO_PAD_OUTPUT_X89_Y35_N60_I1          ; IO_PAD_OUTPUT              ;
;   0.000 ;   0.000 ;    ; RE   ; 1      ; IO_INPUT_BUFFER_INPUT_X89_Y35_N61_I0  ; IO_INPUT_BUFFER_INPUT      ;
;   0.000 ;   0.000 ; RR ; IC   ; 1      ; IOIBUF_X89_Y35_N61                    ; clk~input|i                ;
;   0.739 ;   0.739 ; RR ; CELL ; 1      ; IOIBUF_X89_Y35_N61                    ; clk~input|o                ;
;   0.739 ;   0.000 ;    ; RE   ; 1      ; IOIBUF_X89_Y35_N61                    ; ARRIAV_IO_IBUF             ;
;   0.739 ;   0.000 ;    ; RE   ; 1      ; IO_INPUT_BUFFER_OUTPUT_X89_Y35_N61_I2 ; IO_INPUT_BUFFER_OUTPUT     ;
;   0.739 ;   0.000 ;    ; RE   ; 1      ; IO_RE_X89_Y35_N60_I96                 ; IO_RE                      ;
;   0.827 ;   0.088 ;    ; RE   ; 1      ; IO_RE_X89_Y35_N60_I66                 ; IO_RE                      ;
;   1.102 ;   0.275 ;    ; RE   ; 1      ; CLKBUF_CLUSTER_RE_X89_Y39_N3_I421     ; CLKBUF_CLUSTER_RE          ;
;   1.102 ;   0.000 ;    ; RE   ; 1      ; CLKBUF_CLUSTER_RE_X89_Y39_N3_I772     ; CLKBUF_CLUSTER_RE          ;
;   1.102 ;   0.000 ;    ; RE   ; 1      ; CLKBUF_CLUSTER_RE_X89_Y39_N3_I557     ; CLKBUF_CLUSTER_RE          ;
;   1.102 ;   0.000 ;    ; RE   ; 1      ; GCLK_CLUSTER_RE_X89_Y39_N6_I10        ; GCLK_CLUSTER_RE            ;
;   1.102 ;   0.000 ;    ; RE   ; 1      ; CLKBUFBLOCK_INPUT_X89_Y39_N7_I0       ; CLKBUFBLOCK_INPUT          ;
;   1.102 ;   0.000 ; RR ; IC   ; 1      ; CLKCTRL_G9                            ; clk~inputCLKENA0|inclk     ;
;   1.572 ;   0.470 ; RR ; CELL ; 1674   ; CLKCTRL_G9                            ; clk~inputCLKENA0|outclk    ;
;   1.572 ;   0.000 ;    ; RE   ; 1      ; CLKCTRL_G9                            ; ARRIAV_CLKBUF              ;
;   1.572 ;   0.000 ;    ; RE   ; 1      ; CLKBUFBLOCK_OUTPUT_X89_Y39_N7_I2      ; CLKBUFBLOCK_OUTPUT         ;
;   1.572 ;   0.000 ;    ; RE   ; 1      ; GCLK_CLUSTER_RE_X89_Y39_N6_I12        ; GCLK_CLUSTER_RE            ;
;   1.572 ;   0.000 ;    ; RE   ; 1      ; CLKBUF_CLUSTER_RE_X89_Y39_N3_I416     ; CLKBUF_CLUSTER_RE          ;
;   2.335 ;   0.763 ;    ; RE   ; 6      ; GLOBAL_CLOCK_X0_Y36_N0_I9             ; GLOBAL_CLOCK               ;
;   2.473 ;   0.138 ;    ; RE   ; 6      ; SPINE_CLOCK_X33_Y19_N0_I22            ; SPINE_CLOCK                ;
;   2.862 ;   0.389 ;    ; RE   ; 1      ; SCLK_TO_ROWCLK_BUF_X33_Y23_N0_I133    ; SCLK_TO_ROWCLK_BUF         ;
;   2.943 ;   0.081 ;    ; RE   ; 1      ; SCLK_TO_ROWCLK_BUF_X33_Y23_N0_I136    ; SCLK_TO_ROWCLK_BUF         ;
;   3.406 ;   0.463 ;    ; RE   ; 3      ; LAB_CLK_X34_Y23_N0_I5                 ; LAB_CLK                    ;
;   3.539 ;   0.133 ;    ; RE   ; 1      ; BLK_CLK_BUF_X40_Y23_N0_I5             ; BLK_CLK_BUF                ;
;   3.593 ;   0.054 ;    ; RE   ; 1      ; ROWCLKSEL_PREBUF_X40_Y23_N0_I5        ; ROWCLKSEL_PREBUF           ;
;   3.647 ;   0.054 ;    ; RE   ; 1      ; ROWCLKSEL_X40_Y23_N0_I0               ; ROWCLKSEL                  ;
;   3.647 ;   0.000 ;    ; RE   ; 1      ; GLOBAL_LOCAL_SEL_X40_Y23_N0_I0        ; GLOBAL_LOCAL_SEL           ;
;   3.647 ;   0.000 ;    ; RE   ; 13     ; LAB_INPUT_X40_Y23_N0_I2               ; LAB_INPUT                  ;
;   3.647 ;   0.000 ; RR ; IC   ; 1      ; FF_X40_Y23_N11                        ; xof_bytes_remaining[6]|clk ;
;   4.208 ;   0.561 ; RR ; CELL ; 1      ; FF_X40_Y23_N11                        ; xof_bytes_remaining[6]     ;
; 4.838   ; 0.630   ;    ;      ;        ;                                       ; data path                  ;
;   4.208 ;   0.000 ;    ; uTco ; 1      ; FF_X40_Y23_N11                        ; xof_bytes_remaining[6]     ;
;   4.208 ;   0.000 ; FF ; CELL ; 2      ; FF_X40_Y23_N11                        ; xof_bytes_remaining[6]|q   ;
;   4.265 ;   0.057 ;    ; RE   ; 1      ; FF_X40_Y23_N11                        ; ARRIAV_FF                  ;
;   4.347 ;   0.082 ;    ; RE   ; 2      ; LOCAL_LINE_X40_Y23_N0_I3              ; LOCAL_LINE                 ;
;   4.484 ;   0.137 ;    ; RE   ; 1      ; BLOCK_INPUT_MUX_X40_Y23_N0_I13        ; LEIM_INPUT                 ;
;   4.485 ;   0.001 ; FF ; IC   ; 3      ; LABCELL_X40_Y23_N9                    ; Add5~21|datac              ;
;   4.756 ;   0.271 ; FR ; CELL ; 1      ; LABCELL_X40_Y23_N9                    ; Add5~21|sumout             ;
;   4.756 ;   0.000 ;    ; RE   ; 2      ; LABCELL_X40_Y23_N9                    ; ARRIAV_LCELL_COMB          ;
;   4.756 ;   0.000 ; RR ; IC   ; 1      ; FF_X40_Y23_N11                        ; xof_bytes_remaining[6]|d   ;
;   4.838 ;   0.082 ; RR ; CELL ; 1      ; FF_X40_Y23_N11                        ; xof_bytes_remaining[6]     ;
+---------+---------+----+------+--------+---------------------------------------+----------------------------+

+--------------------------------------------------------------------------------------------------------------+
; Data Required Path                                                                                           ;
+---------+----------+----+------+--------+---------------------------------------+----------------------------+
; Total   ; Incr     ; RF ; Type ; Fanout ; Location                              ; Element                    ;
+---------+----------+----+------+--------+---------------------------------------+----------------------------+
; 0.000   ; 0.000    ;    ;      ;        ;                                       ; latch edge time            ;
; 4.333   ; 4.333    ;    ;      ;        ;                                       ; clock path                 ;
;   0.000 ;   0.000  ;    ;      ;        ;                                       ; source latency             ;
;   0.000 ;   0.000  ;    ;      ; 1      ; PIN_M16                               ; clk                        ;
;   0.000 ;   0.000  ;    ; RE   ; 1      ; IOPAD_X89_Y35_N60                     ; ARRIAV_IO_PAD              ;
;   0.000 ;   0.000  ;    ; RE   ; 1      ; IO_PAD_OUTPUT_X89_Y35_N60_I1          ; IO_PAD_OUTPUT              ;
;   0.000 ;   0.000  ;    ; RE   ; 1      ; IO_INPUT_BUFFER_INPUT_X89_Y35_N61_I0  ; IO_INPUT_BUFFER_INPUT      ;
;   0.000 ;   0.000  ; RR ; IC   ; 1      ; IOIBUF_X89_Y35_N61                    ; clk~input|i                ;
;   0.739 ;   0.739  ; RR ; CELL ; 1      ; IOIBUF_X89_Y35_N61                    ; clk~input|o                ;
;   0.739 ;   0.000  ;    ; RE   ; 1      ; IOIBUF_X89_Y35_N61                    ; ARRIAV_IO_IBUF             ;
;   0.739 ;   0.000  ;    ; RE   ; 1      ; IO_INPUT_BUFFER_OUTPUT_X89_Y35_N61_I2 ; IO_INPUT_BUFFER_OUTPUT     ;
;   0.739 ;   0.000  ;    ; RE   ; 1      ; IO_RE_X89_Y35_N60_I96                 ; IO_RE                      ;
;   0.833 ;   0.094  ;    ; RE   ; 1      ; IO_RE_X89_Y35_N60_I66                 ; IO_RE                      ;
;   1.125 ;   0.292  ;    ; RE   ; 1      ; CLKBUF_CLUSTER_RE_X89_Y39_N3_I421     ; CLKBUF_CLUSTER_RE          ;
;   1.125 ;   0.000  ;    ; RE   ; 1      ; CLKBUF_CLUSTER_RE_X89_Y39_N3_I772     ; CLKBUF_CLUSTER_RE          ;
;   1.125 ;   0.000  ;    ; RE   ; 1      ; CLKBUF_CLUSTER_RE_X89_Y39_N3_I557     ; CLKBUF_CLUSTER_RE          ;
;   1.125 ;   0.000  ;    ; RE   ; 1      ; GCLK_CLUSTER_RE_X89_Y39_N6_I10        ; GCLK_CLUSTER_RE            ;
;   1.125 ;   0.000  ;    ; RE   ; 1      ; CLKBUFBLOCK_INPUT_X89_Y39_N7_I0       ; CLKBUFBLOCK_INPUT          ;
;   1.125 ;   0.000  ; RR ; IC   ; 1      ; CLKCTRL_G9                            ; clk~inputCLKENA0|inclk     ;
;   1.632 ;   0.507  ; RR ; CELL ; 1674   ; CLKCTRL_G9                            ; clk~inputCLKENA0|outclk    ;
;   1.632 ;   0.000  ;    ; RE   ; 1      ; CLKCTRL_G9                            ; ARRIAV_CLKBUF              ;
;   1.632 ;   0.000  ;    ; RE   ; 1      ; CLKBUFBLOCK_OUTPUT_X89_Y39_N7_I2      ; CLKBUFBLOCK_OUTPUT         ;
;   1.632 ;   0.000  ;    ; RE   ; 1      ; GCLK_CLUSTER_RE_X89_Y39_N6_I12        ; GCLK_CLUSTER_RE            ;
;   1.632 ;   0.000  ;    ; RE   ; 1      ; CLKBUF_CLUSTER_RE_X89_Y39_N3_I416     ; CLKBUF_CLUSTER_RE          ;
;   2.438 ;   0.806  ;    ; RE   ; 6      ; GLOBAL_CLOCK_X0_Y36_N0_I9             ; GLOBAL_CLOCK               ;
;   2.581 ;   0.143  ;    ; RE   ; 6      ; SPINE_CLOCK_X33_Y19_N0_I22            ; SPINE_CLOCK                ;
;   2.984 ;   0.403  ;    ; RE   ; 1      ; SCLK_TO_ROWCLK_BUF_X33_Y23_N0_I133    ; SCLK_TO_ROWCLK_BUF         ;
;   3.068 ;   0.084  ;    ; RE   ; 1      ; SCLK_TO_ROWCLK_BUF_X33_Y23_N0_I136    ; SCLK_TO_ROWCLK_BUF         ;
;   3.548 ;   0.480  ;    ; RE   ; 3      ; LAB_CLK_X34_Y23_N0_I5                 ; LAB_CLK                    ;
;   3.692 ;   0.144  ;    ; RE   ; 1      ; BLK_CLK_BUF_X40_Y23_N0_I5             ; BLK_CLK_BUF                ;
;   3.748 ;   0.056  ;    ; RE   ; 1      ; ROWCLKSEL_PREBUF_X40_Y23_N0_I5        ; ROWCLKSEL_PREBUF           ;
;   3.806 ;   0.058  ;    ; RE   ; 1      ; ROWCLKSEL_X40_Y23_N0_I0               ; ROWCLKSEL                  ;
;   3.806 ;   0.000  ;    ; RE   ; 1      ; GLOBAL_LOCAL_SEL_X40_Y23_N0_I0        ; GLOBAL_LOCAL_SEL           ;
;   3.806 ;   0.000  ;    ; RE   ; 13     ; LAB_INPUT_X40_Y23_N0_I2               ; LAB_INPUT                  ;
;   3.807 ;   0.001  ; RR ; IC   ; 1      ; FF_X40_Y23_N11                        ; xof_bytes_remaining[6]|clk ;
;   4.458 ;   0.651  ; RR ; CELL ; 1      ; FF_X40_Y23_N11                        ; xof_bytes_remaining[6]     ;
;   4.333 ;   -0.125 ;    ;      ;        ;                                       ; clock pessimism removed    ;
; 4.333   ; 0.000    ;    ;      ;        ;                                       ; clock uncertainty          ;
; 4.333   ; 0.000    ;    ; uTh  ; 1      ; FF_X40_Y23_N11                        ; xof_bytes_remaining[6]     ;
+---------+----------+----+------+--------+---------------------------------------+----------------------------+

----------------------------
; Extra Fitter Information ;
----------------------------
HTML report is unavailable in plain text report export.


Path #8: Hold slack is 0.507 
===============================================================================
+-------------------------------------------------+
; Path Summary                                    ;
+--------------------+----------------------------+
; Property           ; Value                      ;
+--------------------+----------------------------+
; From Node          ; message_bytes_remaining[5] ;
; To Node            ; message_bytes_remaining[5] ;
; Launch Clock       ; clk                        ;
; Latch Clock        ; clk                        ;
; Data Arrival Time  ; 4.839                      ;
; Data Required Time ; 4.332                      ;
; Slack              ; 0.507                      ;
+--------------------+----------------------------+

+------------------------------------------------------------------------------------+
; Statistics                                                                         ;
+------------------------+-------+-------+-------------+------------+--------+-------+
; Property               ; Value ; Count ; Total Delay ; % of Total ; Min    ; Max   ;
+------------------------+-------+-------+-------------+------------+--------+-------+
; Hold Relationship      ; 0.000 ;       ;             ;            ;        ;       ;
; Clock Skew             ; 0.125 ;       ;             ;            ;        ;       ;
; Data Delay             ; 0.632 ;       ;             ;            ;        ;       ;
; Number of Logic Levels ;       ; 1     ;             ;            ;        ;       ;
; Physical Delays        ;       ;       ;             ;            ;        ;       ;
;  Arrival Path          ;       ;       ;             ;            ;        ;       ;
;   Clock                ;       ;       ;             ;            ;        ;       ;
;    IC                  ;       ; 3     ; -0.002      ; 0          ; -0.002 ; 0.000 ;
;    Cell                ;       ; 3     ; 1.770       ; 42         ; 0.470  ; 0.739 ;
;    Routing Element     ;       ; 26    ; 2.439       ; 58         ; 0.000  ; 0.763 ;
;   Data                 ;       ;       ;             ;            ;        ;       ;
;    IC                  ;       ; 2     ; 0.001       ; 0          ; 0.000  ; 0.001 ;
;    Cell                ;       ; 3     ; 0.353       ; 56         ; 0.000  ; 0.271 ;
;    uTco                ;       ; 1     ; 0.000       ; 0          ; 0.000  ; 0.000 ;
;    Routing Element     ;       ; 4     ; 0.278       ; 44         ; 0.000  ; 0.138 ;
;  Required Path         ;       ;       ;             ;            ;        ;       ;
;   Clock                ;       ;       ;             ;            ;        ;       ;
;    IC                  ;       ; 3     ; -0.001      ; 0          ; -0.001 ; 0.000 ;
;    Cell                ;       ; 3     ; 1.897       ; 43         ; 0.507  ; 0.739 ;
;    Routing Element     ;       ; 26    ; 2.561       ; 57         ; 0.000  ; 0.806 ;
+------------------------+-------+-------+-------------+------------+--------+-------+
Note: Negative delays are omitted from totals when calculating percentages

+------------------------------------------------------------------------------------------------------------------+
; Data Arrival Path                                                                                                ;
+---------+----------+----+------+--------+---------------------------------------+--------------------------------+
; Total   ; Incr     ; RF ; Type ; Fanout ; Location                              ; Element                        ;
+---------+----------+----+------+--------+---------------------------------------+--------------------------------+
; 0.000   ; 0.000    ;    ;      ;        ;                                       ; launch edge time               ;
; 4.207   ; 4.207    ;    ;      ;        ;                                       ; clock path                     ;
;   0.000 ;   0.000  ;    ;      ;        ;                                       ; source latency                 ;
;   0.000 ;   0.000  ;    ;      ; 1      ; PIN_M16                               ; clk                            ;
;   0.000 ;   0.000  ;    ; RE   ; 1      ; IOPAD_X89_Y35_N60                     ; ARRIAV_IO_PAD                  ;
;   0.000 ;   0.000  ;    ; RE   ; 1      ; IO_PAD_OUTPUT_X89_Y35_N60_I1          ; IO_PAD_OUTPUT                  ;
;   0.000 ;   0.000  ;    ; RE   ; 1      ; IO_INPUT_BUFFER_INPUT_X89_Y35_N61_I0  ; IO_INPUT_BUFFER_INPUT          ;
;   0.000 ;   0.000  ; RR ; IC   ; 1      ; IOIBUF_X89_Y35_N61                    ; clk~input|i                    ;
;   0.739 ;   0.739  ; RR ; CELL ; 1      ; IOIBUF_X89_Y35_N61                    ; clk~input|o                    ;
;   0.739 ;   0.000  ;    ; RE   ; 1      ; IOIBUF_X89_Y35_N61                    ; ARRIAV_IO_IBUF                 ;
;   0.739 ;   0.000  ;    ; RE   ; 1      ; IO_INPUT_BUFFER_OUTPUT_X89_Y35_N61_I2 ; IO_INPUT_BUFFER_OUTPUT         ;
;   0.739 ;   0.000  ;    ; RE   ; 1      ; IO_RE_X89_Y35_N60_I96                 ; IO_RE                          ;
;   0.827 ;   0.088  ;    ; RE   ; 1      ; IO_RE_X89_Y35_N60_I66                 ; IO_RE                          ;
;   1.102 ;   0.275  ;    ; RE   ; 1      ; CLKBUF_CLUSTER_RE_X89_Y39_N3_I421     ; CLKBUF_CLUSTER_RE              ;
;   1.102 ;   0.000  ;    ; RE   ; 1      ; CLKBUF_CLUSTER_RE_X89_Y39_N3_I772     ; CLKBUF_CLUSTER_RE              ;
;   1.102 ;   0.000  ;    ; RE   ; 1      ; CLKBUF_CLUSTER_RE_X89_Y39_N3_I557     ; CLKBUF_CLUSTER_RE              ;
;   1.102 ;   0.000  ;    ; RE   ; 1      ; GCLK_CLUSTER_RE_X89_Y39_N6_I10        ; GCLK_CLUSTER_RE                ;
;   1.102 ;   0.000  ;    ; RE   ; 1      ; CLKBUFBLOCK_INPUT_X89_Y39_N7_I0       ; CLKBUFBLOCK_INPUT              ;
;   1.102 ;   0.000  ; RR ; IC   ; 1      ; CLKCTRL_G9                            ; clk~inputCLKENA0|inclk         ;
;   1.572 ;   0.470  ; RR ; CELL ; 1674   ; CLKCTRL_G9                            ; clk~inputCLKENA0|outclk        ;
;   1.572 ;   0.000  ;    ; RE   ; 1      ; CLKCTRL_G9                            ; ARRIAV_CLKBUF                  ;
;   1.572 ;   0.000  ;    ; RE   ; 1      ; CLKBUFBLOCK_OUTPUT_X89_Y39_N7_I2      ; CLKBUFBLOCK_OUTPUT             ;
;   1.572 ;   0.000  ;    ; RE   ; 1      ; GCLK_CLUSTER_RE_X89_Y39_N6_I12        ; GCLK_CLUSTER_RE                ;
;   1.572 ;   0.000  ;    ; RE   ; 1      ; CLKBUF_CLUSTER_RE_X89_Y39_N3_I416     ; CLKBUF_CLUSTER_RE              ;
;   2.335 ;   0.763  ;    ; RE   ; 6      ; GLOBAL_CLOCK_X0_Y36_N0_I9             ; GLOBAL_CLOCK                   ;
;   2.474 ;   0.139  ;    ; RE   ; 6      ; SPINE_CLOCK_X33_Y19_N0_I22            ; SPINE_CLOCK                    ;
;   2.863 ;   0.389  ;    ; RE   ; 1      ; SCLK_TO_ROWCLK_BUF_X33_Y20_N0_I133    ; SCLK_TO_ROWCLK_BUF             ;
;   2.944 ;   0.081  ;    ; RE   ; 1      ; SCLK_TO_ROWCLK_BUF_X33_Y20_N0_I136    ; SCLK_TO_ROWCLK_BUF             ;
;   3.405 ;   0.461  ;    ; RE   ; 3      ; LAB_CLK_X34_Y20_N0_I5                 ; LAB_CLK                        ;
;   3.538 ;   0.133  ;    ; RE   ; 1      ; BLK_CLK_BUF_X37_Y20_N0_I5             ; BLK_CLK_BUF                    ;
;   3.593 ;   0.055  ;    ; RE   ; 1      ; ROWCLKSEL_PREBUF_X37_Y20_N0_I5        ; ROWCLKSEL_PREBUF               ;
;   3.648 ;   0.055  ;    ; RE   ; 1      ; ROWCLKSEL_X37_Y20_N0_I0               ; ROWCLKSEL                      ;
;   3.648 ;   0.000  ;    ; RE   ; 1      ; GLOBAL_LOCAL_SEL_X37_Y20_N0_I0        ; GLOBAL_LOCAL_SEL               ;
;   3.648 ;   0.000  ;    ; RE   ; 16     ; LAB_INPUT_X37_Y20_N0_I2               ; LAB_INPUT                      ;
;   3.646 ;   -0.002 ; RR ; IC   ; 1      ; FF_X37_Y20_N17                        ; message_bytes_remaining[5]|clk ;
;   4.207 ;   0.561  ; RR ; CELL ; 1      ; FF_X37_Y20_N17                        ; message_bytes_remaining[5]     ;
; 4.839   ; 0.632    ;    ;      ;        ;                                       ; data path                      ;
;   4.207 ;   0.000  ;    ; uTco ; 1      ; FF_X37_Y20_N17                        ; message_bytes_remaining[5]     ;
;   4.207 ;   0.000  ; FF ; CELL ; 3      ; FF_X37_Y20_N17                        ; message_bytes_remaining[5]|q   ;
;   4.261 ;   0.054  ;    ; RE   ; 2      ; FF_X37_Y20_N17                        ; ARRIAV_FF                      ;
;   4.347 ;   0.086  ;    ; RE   ; 1      ; LOCAL_LINE_X37_Y20_N0_I5              ; LOCAL_LINE                     ;
;   4.485 ;   0.138  ;    ; RE   ; 1      ; BLOCK_INPUT_MUX_X37_Y20_N0_I21        ; LEIM_INPUT                     ;
;   4.486 ;   0.001  ; FF ; IC   ; 4      ; LABCELL_X37_Y20_N15                   ; Add1~13|datac                  ;
;   4.757 ;   0.271  ; FR ; CELL ; 1      ; LABCELL_X37_Y20_N15                   ; Add1~13|sumout                 ;
;   4.757 ;   0.000  ;    ; RE   ; 3      ; LABCELL_X37_Y20_N15                   ; ARRIAV_LCELL_COMB              ;
;   4.757 ;   0.000  ; RR ; IC   ; 1      ; FF_X37_Y20_N17                        ; message_bytes_remaining[5]|d   ;
;   4.839 ;   0.082  ; RR ; CELL ; 1      ; FF_X37_Y20_N17                        ; message_bytes_remaining[5]     ;
+---------+----------+----+------+--------+---------------------------------------+--------------------------------+

+------------------------------------------------------------------------------------------------------------------+
; Data Required Path                                                                                               ;
+---------+----------+----+------+--------+---------------------------------------+--------------------------------+
; Total   ; Incr     ; RF ; Type ; Fanout ; Location                              ; Element                        ;
+---------+----------+----+------+--------+---------------------------------------+--------------------------------+
; 0.000   ; 0.000    ;    ;      ;        ;                                       ; latch edge time                ;
; 4.332   ; 4.332    ;    ;      ;        ;                                       ; clock path                     ;
;   0.000 ;   0.000  ;    ;      ;        ;                                       ; source latency                 ;
;   0.000 ;   0.000  ;    ;      ; 1      ; PIN_M16                               ; clk                            ;
;   0.000 ;   0.000  ;    ; RE   ; 1      ; IOPAD_X89_Y35_N60                     ; ARRIAV_IO_PAD                  ;
;   0.000 ;   0.000  ;    ; RE   ; 1      ; IO_PAD_OUTPUT_X89_Y35_N60_I1          ; IO_PAD_OUTPUT                  ;
;   0.000 ;   0.000  ;    ; RE   ; 1      ; IO_INPUT_BUFFER_INPUT_X89_Y35_N61_I0  ; IO_INPUT_BUFFER_INPUT          ;
;   0.000 ;   0.000  ; RR ; IC   ; 1      ; IOIBUF_X89_Y35_N61                    ; clk~input|i                    ;
;   0.739 ;   0.739  ; RR ; CELL ; 1      ; IOIBUF_X89_Y35_N61                    ; clk~input|o                    ;
;   0.739 ;   0.000  ;    ; RE   ; 1      ; IOIBUF_X89_Y35_N61                    ; ARRIAV_IO_IBUF                 ;
;   0.739 ;   0.000  ;    ; RE   ; 1      ; IO_INPUT_BUFFER_OUTPUT_X89_Y35_N61_I2 ; IO_INPUT_BUFFER_OUTPUT         ;
;   0.739 ;   0.000  ;    ; RE   ; 1      ; IO_RE_X89_Y35_N60_I96                 ; IO_RE                          ;
;   0.833 ;   0.094  ;    ; RE   ; 1      ; IO_RE_X89_Y35_N60_I66                 ; IO_RE                          ;
;   1.125 ;   0.292  ;    ; RE   ; 1      ; CLKBUF_CLUSTER_RE_X89_Y39_N3_I421     ; CLKBUF_CLUSTER_RE              ;
;   1.125 ;   0.000  ;    ; RE   ; 1      ; CLKBUF_CLUSTER_RE_X89_Y39_N3_I772     ; CLKBUF_CLUSTER_RE              ;
;   1.125 ;   0.000  ;    ; RE   ; 1      ; CLKBUF_CLUSTER_RE_X89_Y39_N3_I557     ; CLKBUF_CLUSTER_RE              ;
;   1.125 ;   0.000  ;    ; RE   ; 1      ; GCLK_CLUSTER_RE_X89_Y39_N6_I10        ; GCLK_CLUSTER_RE                ;
;   1.125 ;   0.000  ;    ; RE   ; 1      ; CLKBUFBLOCK_INPUT_X89_Y39_N7_I0       ; CLKBUFBLOCK_INPUT              ;
;   1.125 ;   0.000  ; RR ; IC   ; 1      ; CLKCTRL_G9                            ; clk~inputCLKENA0|inclk         ;
;   1.632 ;   0.507  ; RR ; CELL ; 1674   ; CLKCTRL_G9                            ; clk~inputCLKENA0|outclk        ;
;   1.632 ;   0.000  ;    ; RE   ; 1      ; CLKCTRL_G9                            ; ARRIAV_CLKBUF                  ;
;   1.632 ;   0.000  ;    ; RE   ; 1      ; CLKBUFBLOCK_OUTPUT_X89_Y39_N7_I2      ; CLKBUFBLOCK_OUTPUT             ;
;   1.632 ;   0.000  ;    ; RE   ; 1      ; GCLK_CLUSTER_RE_X89_Y39_N6_I12        ; GCLK_CLUSTER_RE                ;
;   1.632 ;   0.000  ;    ; RE   ; 1      ; CLKBUF_CLUSTER_RE_X89_Y39_N3_I416     ; CLKBUF_CLUSTER_RE              ;
;   2.438 ;   0.806  ;    ; RE   ; 6      ; GLOBAL_CLOCK_X0_Y36_N0_I9             ; GLOBAL_CLOCK                   ;
;   2.582 ;   0.144  ;    ; RE   ; 6      ; SPINE_CLOCK_X33_Y19_N0_I22            ; SPINE_CLOCK                    ;
;   2.985 ;   0.403  ;    ; RE   ; 1      ; SCLK_TO_ROWCLK_BUF_X33_Y20_N0_I133    ; SCLK_TO_ROWCLK_BUF             ;
;   3.069 ;   0.084  ;    ; RE   ; 1      ; SCLK_TO_ROWCLK_BUF_X33_Y20_N0_I136    ; SCLK_TO_ROWCLK_BUF             ;
;   3.546 ;   0.477  ;    ; RE   ; 3      ; LAB_CLK_X34_Y20_N0_I5                 ; LAB_CLK                        ;
;   3.690 ;   0.144  ;    ; RE   ; 1      ; BLK_CLK_BUF_X37_Y20_N0_I5             ; BLK_CLK_BUF                    ;
;   3.747 ;   0.057  ;    ; RE   ; 1      ; ROWCLKSEL_PREBUF_X37_Y20_N0_I5        ; ROWCLKSEL_PREBUF               ;
;   3.807 ;   0.060  ;    ; RE   ; 1      ; ROWCLKSEL_X37_Y20_N0_I0               ; ROWCLKSEL                      ;
;   3.807 ;   0.000  ;    ; RE   ; 1      ; GLOBAL_LOCAL_SEL_X37_Y20_N0_I0        ; GLOBAL_LOCAL_SEL               ;
;   3.807 ;   0.000  ;    ; RE   ; 16     ; LAB_INPUT_X37_Y20_N0_I2               ; LAB_INPUT                      ;
;   3.806 ;   -0.001 ; RR ; IC   ; 1      ; FF_X37_Y20_N17                        ; message_bytes_remaining[5]|clk ;
;   4.457 ;   0.651  ; RR ; CELL ; 1      ; FF_X37_Y20_N17                        ; message_bytes_remaining[5]     ;
;   4.332 ;   -0.125 ;    ;      ;        ;                                       ; clock pessimism removed        ;
; 4.332   ; 0.000    ;    ;      ;        ;                                       ; clock uncertainty              ;
; 4.332   ; 0.000    ;    ; uTh  ; 1      ; FF_X37_Y20_N17                        ; message_bytes_remaining[5]     ;
+---------+----------+----+------+--------+---------------------------------------+--------------------------------+

----------------------------
; Extra Fitter Information ;
----------------------------
HTML report is unavailable in plain text report export.


Path #9: Hold slack is 0.507 
===============================================================================
+--------------------------------------------------+
; Path Summary                                     ;
+--------------------+-----------------------------+
; Property           ; Value                       ;
+--------------------+-----------------------------+
; From Node          ; message_bytes_remaining[13] ;
; To Node            ; message_bytes_remaining[13] ;
; Launch Clock       ; clk                         ;
; Latch Clock        ; clk                         ;
; Data Arrival Time  ; 4.839                       ;
; Data Required Time ; 4.332                       ;
; Slack              ; 0.507                       ;
+--------------------+-----------------------------+

+------------------------------------------------------------------------------------+
; Statistics                                                                         ;
+------------------------+-------+-------+-------------+------------+--------+-------+
; Property               ; Value ; Count ; Total Delay ; % of Total ; Min    ; Max   ;
+------------------------+-------+-------+-------------+------------+--------+-------+
; Hold Relationship      ; 0.000 ;       ;             ;            ;        ;       ;
; Clock Skew             ; 0.125 ;       ;             ;            ;        ;       ;
; Data Delay             ; 0.632 ;       ;             ;            ;        ;       ;
; Number of Logic Levels ;       ; 1     ;             ;            ;        ;       ;
; Physical Delays        ;       ;       ;             ;            ;        ;       ;
;  Arrival Path          ;       ;       ;             ;            ;        ;       ;
;   Clock                ;       ;       ;             ;            ;        ;       ;
;    IC                  ;       ; 3     ; -0.002      ; 0          ; -0.002 ; 0.000 ;
;    Cell                ;       ; 3     ; 1.770       ; 42         ; 0.470  ; 0.739 ;
;    Routing Element     ;       ; 26    ; 2.439       ; 58         ; 0.000  ; 0.763 ;
;   Data                 ;       ;       ;             ;            ;        ;       ;
;    IC                  ;       ; 2     ; 0.000       ; 0          ; 0.000  ; 0.000 ;
;    Cell                ;       ; 3     ; 0.353       ; 56         ; 0.000  ; 0.271 ;
;    uTco                ;       ; 1     ; 0.000       ; 0          ; 0.000  ; 0.000 ;
;    Routing Element     ;       ; 4     ; 0.279       ; 44         ; 0.000  ; 0.139 ;
;  Required Path         ;       ;       ;             ;            ;        ;       ;
;   Clock                ;       ;       ;             ;            ;        ;       ;
;    IC                  ;       ; 3     ; -0.001      ; 0          ; -0.001 ; 0.000 ;
;    Cell                ;       ; 3     ; 1.897       ; 43         ; 0.507  ; 0.739 ;
;    Routing Element     ;       ; 26    ; 2.561       ; 57         ; 0.000  ; 0.806 ;
+------------------------+-------+-------+-------------+------------+--------+-------+
Note: Negative delays are omitted from totals when calculating percentages

+-------------------------------------------------------------------------------------------------------------------+
; Data Arrival Path                                                                                                 ;
+---------+----------+----+------+--------+---------------------------------------+---------------------------------+
; Total   ; Incr     ; RF ; Type ; Fanout ; Location                              ; Element                         ;
+---------+----------+----+------+--------+---------------------------------------+---------------------------------+
; 0.000   ; 0.000    ;    ;      ;        ;                                       ; launch edge time                ;
; 4.207   ; 4.207    ;    ;      ;        ;                                       ; clock path                      ;
;   0.000 ;   0.000  ;    ;      ;        ;                                       ; source latency                  ;
;   0.000 ;   0.000  ;    ;      ; 1      ; PIN_M16                               ; clk                             ;
;   0.000 ;   0.000  ;    ; RE   ; 1      ; IOPAD_X89_Y35_N60                     ; ARRIAV_IO_PAD                   ;
;   0.000 ;   0.000  ;    ; RE   ; 1      ; IO_PAD_OUTPUT_X89_Y35_N60_I1          ; IO_PAD_OUTPUT                   ;
;   0.000 ;   0.000  ;    ; RE   ; 1      ; IO_INPUT_BUFFER_INPUT_X89_Y35_N61_I0  ; IO_INPUT_BUFFER_INPUT           ;
;   0.000 ;   0.000  ; RR ; IC   ; 1      ; IOIBUF_X89_Y35_N61                    ; clk~input|i                     ;
;   0.739 ;   0.739  ; RR ; CELL ; 1      ; IOIBUF_X89_Y35_N61                    ; clk~input|o                     ;
;   0.739 ;   0.000  ;    ; RE   ; 1      ; IOIBUF_X89_Y35_N61                    ; ARRIAV_IO_IBUF                  ;
;   0.739 ;   0.000  ;    ; RE   ; 1      ; IO_INPUT_BUFFER_OUTPUT_X89_Y35_N61_I2 ; IO_INPUT_BUFFER_OUTPUT          ;
;   0.739 ;   0.000  ;    ; RE   ; 1      ; IO_RE_X89_Y35_N60_I96                 ; IO_RE                           ;
;   0.827 ;   0.088  ;    ; RE   ; 1      ; IO_RE_X89_Y35_N60_I66                 ; IO_RE                           ;
;   1.102 ;   0.275  ;    ; RE   ; 1      ; CLKBUF_CLUSTER_RE_X89_Y39_N3_I421     ; CLKBUF_CLUSTER_RE               ;
;   1.102 ;   0.000  ;    ; RE   ; 1      ; CLKBUF_CLUSTER_RE_X89_Y39_N3_I772     ; CLKBUF_CLUSTER_RE               ;
;   1.102 ;   0.000  ;    ; RE   ; 1      ; CLKBUF_CLUSTER_RE_X89_Y39_N3_I557     ; CLKBUF_CLUSTER_RE               ;
;   1.102 ;   0.000  ;    ; RE   ; 1      ; GCLK_CLUSTER_RE_X89_Y39_N6_I10        ; GCLK_CLUSTER_RE                 ;
;   1.102 ;   0.000  ;    ; RE   ; 1      ; CLKBUFBLOCK_INPUT_X89_Y39_N7_I0       ; CLKBUFBLOCK_INPUT               ;
;   1.102 ;   0.000  ; RR ; IC   ; 1      ; CLKCTRL_G9                            ; clk~inputCLKENA0|inclk          ;
;   1.572 ;   0.470  ; RR ; CELL ; 1674   ; CLKCTRL_G9                            ; clk~inputCLKENA0|outclk         ;
;   1.572 ;   0.000  ;    ; RE   ; 1      ; CLKCTRL_G9                            ; ARRIAV_CLKBUF                   ;
;   1.572 ;   0.000  ;    ; RE   ; 1      ; CLKBUFBLOCK_OUTPUT_X89_Y39_N7_I2      ; CLKBUFBLOCK_OUTPUT              ;
;   1.572 ;   0.000  ;    ; RE   ; 1      ; GCLK_CLUSTER_RE_X89_Y39_N6_I12        ; GCLK_CLUSTER_RE                 ;
;   1.572 ;   0.000  ;    ; RE   ; 1      ; CLKBUF_CLUSTER_RE_X89_Y39_N3_I416     ; CLKBUF_CLUSTER_RE               ;
;   2.335 ;   0.763  ;    ; RE   ; 6      ; GLOBAL_CLOCK_X0_Y36_N0_I9             ; GLOBAL_CLOCK                    ;
;   2.474 ;   0.139  ;    ; RE   ; 6      ; SPINE_CLOCK_X33_Y19_N0_I22            ; SPINE_CLOCK                     ;
;   2.863 ;   0.389  ;    ; RE   ; 1      ; SCLK_TO_ROWCLK_BUF_X33_Y20_N0_I133    ; SCLK_TO_ROWCLK_BUF              ;
;   2.944 ;   0.081  ;    ; RE   ; 1      ; SCLK_TO_ROWCLK_BUF_X33_Y20_N0_I136    ; SCLK_TO_ROWCLK_BUF              ;
;   3.405 ;   0.461  ;    ; RE   ; 3      ; LAB_CLK_X34_Y20_N0_I5                 ; LAB_CLK                         ;
;   3.538 ;   0.133  ;    ; RE   ; 1      ; BLK_CLK_BUF_X37_Y20_N0_I5             ; BLK_CLK_BUF                     ;
;   3.593 ;   0.055  ;    ; RE   ; 1      ; ROWCLKSEL_PREBUF_X37_Y20_N0_I5        ; ROWCLKSEL_PREBUF                ;
;   3.648 ;   0.055  ;    ; RE   ; 1      ; ROWCLKSEL_X37_Y20_N0_I0               ; ROWCLKSEL                       ;
;   3.648 ;   0.000  ;    ; RE   ; 1      ; GLOBAL_LOCAL_SEL_X37_Y20_N0_I0        ; GLOBAL_LOCAL_SEL                ;
;   3.648 ;   0.000  ;    ; RE   ; 16     ; LAB_INPUT_X37_Y20_N0_I2               ; LAB_INPUT                       ;
;   3.646 ;   -0.002 ; RR ; IC   ; 1      ; FF_X37_Y20_N41                        ; message_bytes_remaining[13]|clk ;
;   4.207 ;   0.561  ; RR ; CELL ; 1      ; FF_X37_Y20_N41                        ; message_bytes_remaining[13]     ;
; 4.839   ; 0.632    ;    ;      ;        ;                                       ; data path                       ;
;   4.207 ;   0.000  ;    ; uTco ; 1      ; FF_X37_Y20_N41                        ; message_bytes_remaining[13]     ;
;   4.207 ;   0.000  ; FF ; CELL ; 3      ; FF_X37_Y20_N41                        ; message_bytes_remaining[13]|q   ;
;   4.264 ;   0.057  ;    ; RE   ; 2      ; FF_X37_Y20_N41                        ; ARRIAV_FF                       ;
;   4.347 ;   0.083  ;    ; RE   ; 1      ; LOCAL_LINE_X37_Y20_N0_I13             ; LOCAL_LINE                      ;
;   4.486 ;   0.139  ;    ; RE   ; 1      ; BLOCK_INPUT_MUX_X37_Y20_N0_I53        ; LEIM_INPUT                      ;
;   4.486 ;   0.000  ; FF ; IC   ; 3      ; LABCELL_X37_Y20_N39                   ; Add1~57|datac                   ;
;   4.757 ;   0.271  ; FR ; CELL ; 1      ; LABCELL_X37_Y20_N39                   ; Add1~57|sumout                  ;
;   4.757 ;   0.000  ;    ; RE   ; 3      ; LABCELL_X37_Y20_N39                   ; ARRIAV_LCELL_COMB               ;
;   4.757 ;   0.000  ; RR ; IC   ; 1      ; FF_X37_Y20_N41                        ; message_bytes_remaining[13]|d   ;
;   4.839 ;   0.082  ; RR ; CELL ; 1      ; FF_X37_Y20_N41                        ; message_bytes_remaining[13]     ;
+---------+----------+----+------+--------+---------------------------------------+---------------------------------+

+-------------------------------------------------------------------------------------------------------------------+
; Data Required Path                                                                                                ;
+---------+----------+----+------+--------+---------------------------------------+---------------------------------+
; Total   ; Incr     ; RF ; Type ; Fanout ; Location                              ; Element                         ;
+---------+----------+----+------+--------+---------------------------------------+---------------------------------+
; 0.000   ; 0.000    ;    ;      ;        ;                                       ; latch edge time                 ;
; 4.332   ; 4.332    ;    ;      ;        ;                                       ; clock path                      ;
;   0.000 ;   0.000  ;    ;      ;        ;                                       ; source latency                  ;
;   0.000 ;   0.000  ;    ;      ; 1      ; PIN_M16                               ; clk                             ;
;   0.000 ;   0.000  ;    ; RE   ; 1      ; IOPAD_X89_Y35_N60                     ; ARRIAV_IO_PAD                   ;
;   0.000 ;   0.000  ;    ; RE   ; 1      ; IO_PAD_OUTPUT_X89_Y35_N60_I1          ; IO_PAD_OUTPUT                   ;
;   0.000 ;   0.000  ;    ; RE   ; 1      ; IO_INPUT_BUFFER_INPUT_X89_Y35_N61_I0  ; IO_INPUT_BUFFER_INPUT           ;
;   0.000 ;   0.000  ; RR ; IC   ; 1      ; IOIBUF_X89_Y35_N61                    ; clk~input|i                     ;
;   0.739 ;   0.739  ; RR ; CELL ; 1      ; IOIBUF_X89_Y35_N61                    ; clk~input|o                     ;
;   0.739 ;   0.000  ;    ; RE   ; 1      ; IOIBUF_X89_Y35_N61                    ; ARRIAV_IO_IBUF                  ;
;   0.739 ;   0.000  ;    ; RE   ; 1      ; IO_INPUT_BUFFER_OUTPUT_X89_Y35_N61_I2 ; IO_INPUT_BUFFER_OUTPUT          ;
;   0.739 ;   0.000  ;    ; RE   ; 1      ; IO_RE_X89_Y35_N60_I96                 ; IO_RE                           ;
;   0.833 ;   0.094  ;    ; RE   ; 1      ; IO_RE_X89_Y35_N60_I66                 ; IO_RE                           ;
;   1.125 ;   0.292  ;    ; RE   ; 1      ; CLKBUF_CLUSTER_RE_X89_Y39_N3_I421     ; CLKBUF_CLUSTER_RE               ;
;   1.125 ;   0.000  ;    ; RE   ; 1      ; CLKBUF_CLUSTER_RE_X89_Y39_N3_I772     ; CLKBUF_CLUSTER_RE               ;
;   1.125 ;   0.000  ;    ; RE   ; 1      ; CLKBUF_CLUSTER_RE_X89_Y39_N3_I557     ; CLKBUF_CLUSTER_RE               ;
;   1.125 ;   0.000  ;    ; RE   ; 1      ; GCLK_CLUSTER_RE_X89_Y39_N6_I10        ; GCLK_CLUSTER_RE                 ;
;   1.125 ;   0.000  ;    ; RE   ; 1      ; CLKBUFBLOCK_INPUT_X89_Y39_N7_I0       ; CLKBUFBLOCK_INPUT               ;
;   1.125 ;   0.000  ; RR ; IC   ; 1      ; CLKCTRL_G9                            ; clk~inputCLKENA0|inclk          ;
;   1.632 ;   0.507  ; RR ; CELL ; 1674   ; CLKCTRL_G9                            ; clk~inputCLKENA0|outclk         ;
;   1.632 ;   0.000  ;    ; RE   ; 1      ; CLKCTRL_G9                            ; ARRIAV_CLKBUF                   ;
;   1.632 ;   0.000  ;    ; RE   ; 1      ; CLKBUFBLOCK_OUTPUT_X89_Y39_N7_I2      ; CLKBUFBLOCK_OUTPUT              ;
;   1.632 ;   0.000  ;    ; RE   ; 1      ; GCLK_CLUSTER_RE_X89_Y39_N6_I12        ; GCLK_CLUSTER_RE                 ;
;   1.632 ;   0.000  ;    ; RE   ; 1      ; CLKBUF_CLUSTER_RE_X89_Y39_N3_I416     ; CLKBUF_CLUSTER_RE               ;
;   2.438 ;   0.806  ;    ; RE   ; 6      ; GLOBAL_CLOCK_X0_Y36_N0_I9             ; GLOBAL_CLOCK                    ;
;   2.582 ;   0.144  ;    ; RE   ; 6      ; SPINE_CLOCK_X33_Y19_N0_I22            ; SPINE_CLOCK                     ;
;   2.985 ;   0.403  ;    ; RE   ; 1      ; SCLK_TO_ROWCLK_BUF_X33_Y20_N0_I133    ; SCLK_TO_ROWCLK_BUF              ;
;   3.069 ;   0.084  ;    ; RE   ; 1      ; SCLK_TO_ROWCLK_BUF_X33_Y20_N0_I136    ; SCLK_TO_ROWCLK_BUF              ;
;   3.546 ;   0.477  ;    ; RE   ; 3      ; LAB_CLK_X34_Y20_N0_I5                 ; LAB_CLK                         ;
;   3.690 ;   0.144  ;    ; RE   ; 1      ; BLK_CLK_BUF_X37_Y20_N0_I5             ; BLK_CLK_BUF                     ;
;   3.747 ;   0.057  ;    ; RE   ; 1      ; ROWCLKSEL_PREBUF_X37_Y20_N0_I5        ; ROWCLKSEL_PREBUF                ;
;   3.807 ;   0.060  ;    ; RE   ; 1      ; ROWCLKSEL_X37_Y20_N0_I0               ; ROWCLKSEL                       ;
;   3.807 ;   0.000  ;    ; RE   ; 1      ; GLOBAL_LOCAL_SEL_X37_Y20_N0_I0        ; GLOBAL_LOCAL_SEL                ;
;   3.807 ;   0.000  ;    ; RE   ; 16     ; LAB_INPUT_X37_Y20_N0_I2               ; LAB_INPUT                       ;
;   3.806 ;   -0.001 ; RR ; IC   ; 1      ; FF_X37_Y20_N41                        ; message_bytes_remaining[13]|clk ;
;   4.457 ;   0.651  ; RR ; CELL ; 1      ; FF_X37_Y20_N41                        ; message_bytes_remaining[13]     ;
;   4.332 ;   -0.125 ;    ;      ;        ;                                       ; clock pessimism removed         ;
; 4.332   ; 0.000    ;    ;      ;        ;                                       ; clock uncertainty               ;
; 4.332   ; 0.000    ;    ; uTh  ; 1      ; FF_X37_Y20_N41                        ; message_bytes_remaining[13]     ;
+---------+----------+----+------+--------+---------------------------------------+---------------------------------+

----------------------------
; Extra Fitter Information ;
----------------------------
HTML report is unavailable in plain text report export.


Path #10: Hold slack is 0.508 
===============================================================================
+----------------------------------------------+
; Path Summary                                 ;
+--------------------+-------------------------+
; Property           ; Value                   ;
+--------------------+-------------------------+
; From Node          ; xof_bytes_remaining[15] ;
; To Node            ; xof_bytes_remaining[15] ;
; Launch Clock       ; clk                     ;
; Latch Clock        ; clk                     ;
; Data Arrival Time  ; 4.835                   ;
; Data Required Time ; 4.327                   ;
; Slack              ; 0.508                   ;
+--------------------+-------------------------+

+-----------------------------------------------------------------------------------+
; Statistics                                                                        ;
+------------------------+-------+-------+-------------+------------+-------+-------+
; Property               ; Value ; Count ; Total Delay ; % of Total ; Min   ; Max   ;
+------------------------+-------+-------+-------------+------------+-------+-------+
; Hold Relationship      ; 0.000 ;       ;             ;            ;       ;       ;
; Clock Skew             ; 0.125 ;       ;             ;            ;       ;       ;
; Data Delay             ; 0.633 ;       ;             ;            ;       ;       ;
; Number of Logic Levels ;       ; 1     ;             ;            ;       ;       ;
; Physical Delays        ;       ;       ;             ;            ;       ;       ;
;  Arrival Path          ;       ;       ;             ;            ;       ;       ;
;   Clock                ;       ;       ;             ;            ;       ;       ;
;    IC                  ;       ; 3     ; 0.000       ; 0          ; 0.000 ; 0.000 ;
;    Cell                ;       ; 3     ; 1.764       ; 42         ; 0.470 ; 0.739 ;
;    Routing Element     ;       ; 26    ; 2.438       ; 58         ; 0.000 ; 0.763 ;
;   Data                 ;       ;       ;             ;            ;       ;       ;
;    IC                  ;       ; 2     ; 0.001       ; 0          ; 0.000 ; 0.001 ;
;    Cell                ;       ; 3     ; 0.349       ; 55         ; 0.000 ; 0.266 ;
;    uTco                ;       ; 1     ; 0.000       ; 0          ; 0.000 ; 0.000 ;
;    Routing Element     ;       ; 4     ; 0.283       ; 45         ; 0.000 ; 0.143 ;
;  Required Path         ;       ;       ;             ;            ;       ;       ;
;   Clock                ;       ;       ;             ;            ;       ;       ;
;    IC                  ;       ; 3     ; 0.001       ; 0          ; 0.000 ; 0.001 ;
;    Cell                ;       ; 3     ; 1.891       ; 42         ; 0.507 ; 0.739 ;
;    Routing Element     ;       ; 26    ; 2.560       ; 58         ; 0.000 ; 0.806 ;
+------------------------+-------+-------+-------------+------------+-------+-------+
Note: Negative delays are omitted from totals when calculating percentages

+--------------------------------------------------------------------------------------------------------------+
; Data Arrival Path                                                                                            ;
+---------+---------+----+------+--------+---------------------------------------+-----------------------------+
; Total   ; Incr    ; RF ; Type ; Fanout ; Location                              ; Element                     ;
+---------+---------+----+------+--------+---------------------------------------+-----------------------------+
; 0.000   ; 0.000   ;    ;      ;        ;                                       ; launch edge time            ;
; 4.202   ; 4.202   ;    ;      ;        ;                                       ; clock path                  ;
;   0.000 ;   0.000 ;    ;      ;        ;                                       ; source latency              ;
;   0.000 ;   0.000 ;    ;      ; 1      ; PIN_M16                               ; clk                         ;
;   0.000 ;   0.000 ;    ; RE   ; 1      ; IOPAD_X89_Y35_N60                     ; ARRIAV_IO_PAD               ;
;   0.000 ;   0.000 ;    ; RE   ; 1      ; IO_PAD_OUTPUT_X89_Y35_N60_I1          ; IO_PAD_OUTPUT               ;
;   0.000 ;   0.000 ;    ; RE   ; 1      ; IO_INPUT_BUFFER_INPUT_X89_Y35_N61_I0  ; IO_INPUT_BUFFER_INPUT       ;
;   0.000 ;   0.000 ; RR ; IC   ; 1      ; IOIBUF_X89_Y35_N61                    ; clk~input|i                 ;
;   0.739 ;   0.739 ; RR ; CELL ; 1      ; IOIBUF_X89_Y35_N61                    ; clk~input|o                 ;
;   0.739 ;   0.000 ;    ; RE   ; 1      ; IOIBUF_X89_Y35_N61                    ; ARRIAV_IO_IBUF              ;
;   0.739 ;   0.000 ;    ; RE   ; 1      ; IO_INPUT_BUFFER_OUTPUT_X89_Y35_N61_I2 ; IO_INPUT_BUFFER_OUTPUT      ;
;   0.739 ;   0.000 ;    ; RE   ; 1      ; IO_RE_X89_Y35_N60_I96                 ; IO_RE                       ;
;   0.827 ;   0.088 ;    ; RE   ; 1      ; IO_RE_X89_Y35_N60_I66                 ; IO_RE                       ;
;   1.102 ;   0.275 ;    ; RE   ; 1      ; CLKBUF_CLUSTER_RE_X89_Y39_N3_I421     ; CLKBUF_CLUSTER_RE           ;
;   1.102 ;   0.000 ;    ; RE   ; 1      ; CLKBUF_CLUSTER_RE_X89_Y39_N3_I772     ; CLKBUF_CLUSTER_RE           ;
;   1.102 ;   0.000 ;    ; RE   ; 1      ; CLKBUF_CLUSTER_RE_X89_Y39_N3_I557     ; CLKBUF_CLUSTER_RE           ;
;   1.102 ;   0.000 ;    ; RE   ; 1      ; GCLK_CLUSTER_RE_X89_Y39_N6_I10        ; GCLK_CLUSTER_RE             ;
;   1.102 ;   0.000 ;    ; RE   ; 1      ; CLKBUFBLOCK_INPUT_X89_Y39_N7_I0       ; CLKBUFBLOCK_INPUT           ;
;   1.102 ;   0.000 ; RR ; IC   ; 1      ; CLKCTRL_G9                            ; clk~inputCLKENA0|inclk      ;
;   1.572 ;   0.470 ; RR ; CELL ; 1674   ; CLKCTRL_G9                            ; clk~inputCLKENA0|outclk     ;
;   1.572 ;   0.000 ;    ; RE   ; 1      ; CLKCTRL_G9                            ; ARRIAV_CLKBUF               ;
;   1.572 ;   0.000 ;    ; RE   ; 1      ; CLKBUFBLOCK_OUTPUT_X89_Y39_N7_I2      ; CLKBUFBLOCK_OUTPUT          ;
;   1.572 ;   0.000 ;    ; RE   ; 1      ; GCLK_CLUSTER_RE_X89_Y39_N6_I12        ; GCLK_CLUSTER_RE             ;
;   1.572 ;   0.000 ;    ; RE   ; 1      ; CLKBUF_CLUSTER_RE_X89_Y39_N3_I416     ; CLKBUF_CLUSTER_RE           ;
;   2.335 ;   0.763 ;    ; RE   ; 6      ; GLOBAL_CLOCK_X0_Y36_N0_I9             ; GLOBAL_CLOCK                ;
;   2.473 ;   0.138 ;    ; RE   ; 6      ; SPINE_CLOCK_X33_Y19_N0_I22            ; SPINE_CLOCK                 ;
;   2.862 ;   0.389 ;    ; RE   ; 1      ; SCLK_TO_ROWCLK_BUF_X33_Y23_N0_I133    ; SCLK_TO_ROWCLK_BUF          ;
;   2.943 ;   0.081 ;    ; RE   ; 1      ; SCLK_TO_ROWCLK_BUF_X33_Y23_N0_I136    ; SCLK_TO_ROWCLK_BUF          ;
;   3.406 ;   0.463 ;    ; RE   ; 3      ; LAB_CLK_X34_Y23_N0_I5                 ; LAB_CLK                     ;
;   3.539 ;   0.133 ;    ; RE   ; 1      ; BLK_CLK_BUF_X40_Y23_N0_I5             ; BLK_CLK_BUF                 ;
;   3.593 ;   0.054 ;    ; RE   ; 1      ; ROWCLKSEL_PREBUF_X40_Y23_N0_I5        ; ROWCLKSEL_PREBUF            ;
;   3.647 ;   0.054 ;    ; RE   ; 1      ; ROWCLKSEL_X40_Y23_N0_I0               ; ROWCLKSEL                   ;
;   3.647 ;   0.000 ;    ; RE   ; 1      ; GLOBAL_LOCAL_SEL_X40_Y23_N0_I0        ; GLOBAL_LOCAL_SEL            ;
;   3.647 ;   0.000 ;    ; RE   ; 13     ; LAB_INPUT_X40_Y23_N0_I2               ; LAB_INPUT                   ;
;   3.647 ;   0.000 ; RR ; IC   ; 1      ; FF_X40_Y23_N38                        ; xof_bytes_remaining[15]|clk ;
;   4.202 ;   0.555 ; RR ; CELL ; 1      ; FF_X40_Y23_N38                        ; xof_bytes_remaining[15]     ;
; 4.835   ; 0.633   ;    ;      ;        ;                                       ; data path                   ;
;   4.202 ;   0.000 ;    ; uTco ; 1      ; FF_X40_Y23_N38                        ; xof_bytes_remaining[15]     ;
;   4.202 ;   0.000 ; FF ; CELL ; 2      ; FF_X40_Y23_N38                        ; xof_bytes_remaining[15]|q   ;
;   4.256 ;   0.054 ;    ; RE   ; 1      ; FF_X40_Y23_N38                        ; ARRIAV_FF                   ;
;   4.342 ;   0.086 ;    ; RE   ; 2      ; LOCAL_LINE_X40_Y23_N0_I12             ; LOCAL_LINE                  ;
;   4.485 ;   0.143 ;    ; RE   ; 1      ; BLOCK_INPUT_MUX_X40_Y23_N0_I52        ; LEIM_INPUT                  ;
;   4.486 ;   0.001 ; FF ; IC   ; 1      ; LABCELL_X40_Y23_N36                   ; Add5~29|datac               ;
;   4.752 ;   0.266 ; FR ; CELL ; 1      ; LABCELL_X40_Y23_N36                   ; Add5~29|sumout              ;
;   4.752 ;   0.000 ;    ; RE   ; 1      ; LABCELL_X40_Y23_N36                   ; ARRIAV_LCELL_COMB           ;
;   4.752 ;   0.000 ; RR ; IC   ; 1      ; FF_X40_Y23_N38                        ; xof_bytes_remaining[15]|d   ;
;   4.835 ;   0.083 ; RR ; CELL ; 1      ; FF_X40_Y23_N38                        ; xof_bytes_remaining[15]     ;
+---------+---------+----+------+--------+---------------------------------------+-----------------------------+

+---------------------------------------------------------------------------------------------------------------+
; Data Required Path                                                                                            ;
+---------+----------+----+------+--------+---------------------------------------+-----------------------------+
; Total   ; Incr     ; RF ; Type ; Fanout ; Location                              ; Element                     ;
+---------+----------+----+------+--------+---------------------------------------+-----------------------------+
; 0.000   ; 0.000    ;    ;      ;        ;                                       ; latch edge time             ;
; 4.327   ; 4.327    ;    ;      ;        ;                                       ; clock path                  ;
;   0.000 ;   0.000  ;    ;      ;        ;                                       ; source latency              ;
;   0.000 ;   0.000  ;    ;      ; 1      ; PIN_M16                               ; clk                         ;
;   0.000 ;   0.000  ;    ; RE   ; 1      ; IOPAD_X89_Y35_N60                     ; ARRIAV_IO_PAD               ;
;   0.000 ;   0.000  ;    ; RE   ; 1      ; IO_PAD_OUTPUT_X89_Y35_N60_I1          ; IO_PAD_OUTPUT               ;
;   0.000 ;   0.000  ;    ; RE   ; 1      ; IO_INPUT_BUFFER_INPUT_X89_Y35_N61_I0  ; IO_INPUT_BUFFER_INPUT       ;
;   0.000 ;   0.000  ; RR ; IC   ; 1      ; IOIBUF_X89_Y35_N61                    ; clk~input|i                 ;
;   0.739 ;   0.739  ; RR ; CELL ; 1      ; IOIBUF_X89_Y35_N61                    ; clk~input|o                 ;
;   0.739 ;   0.000  ;    ; RE   ; 1      ; IOIBUF_X89_Y35_N61                    ; ARRIAV_IO_IBUF              ;
;   0.739 ;   0.000  ;    ; RE   ; 1      ; IO_INPUT_BUFFER_OUTPUT_X89_Y35_N61_I2 ; IO_INPUT_BUFFER_OUTPUT      ;
;   0.739 ;   0.000  ;    ; RE   ; 1      ; IO_RE_X89_Y35_N60_I96                 ; IO_RE                       ;
;   0.833 ;   0.094  ;    ; RE   ; 1      ; IO_RE_X89_Y35_N60_I66                 ; IO_RE                       ;
;   1.125 ;   0.292  ;    ; RE   ; 1      ; CLKBUF_CLUSTER_RE_X89_Y39_N3_I421     ; CLKBUF_CLUSTER_RE           ;
;   1.125 ;   0.000  ;    ; RE   ; 1      ; CLKBUF_CLUSTER_RE_X89_Y39_N3_I772     ; CLKBUF_CLUSTER_RE           ;
;   1.125 ;   0.000  ;    ; RE   ; 1      ; CLKBUF_CLUSTER_RE_X89_Y39_N3_I557     ; CLKBUF_CLUSTER_RE           ;
;   1.125 ;   0.000  ;    ; RE   ; 1      ; GCLK_CLUSTER_RE_X89_Y39_N6_I10        ; GCLK_CLUSTER_RE             ;
;   1.125 ;   0.000  ;    ; RE   ; 1      ; CLKBUFBLOCK_INPUT_X89_Y39_N7_I0       ; CLKBUFBLOCK_INPUT           ;
;   1.125 ;   0.000  ; RR ; IC   ; 1      ; CLKCTRL_G9                            ; clk~inputCLKENA0|inclk      ;
;   1.632 ;   0.507  ; RR ; CELL ; 1674   ; CLKCTRL_G9                            ; clk~inputCLKENA0|outclk     ;
;   1.632 ;   0.000  ;    ; RE   ; 1      ; CLKCTRL_G9                            ; ARRIAV_CLKBUF               ;
;   1.632 ;   0.000  ;    ; RE   ; 1      ; CLKBUFBLOCK_OUTPUT_X89_Y39_N7_I2      ; CLKBUFBLOCK_OUTPUT          ;
;   1.632 ;   0.000  ;    ; RE   ; 1      ; GCLK_CLUSTER_RE_X89_Y39_N6_I12        ; GCLK_CLUSTER_RE             ;
;   1.632 ;   0.000  ;    ; RE   ; 1      ; CLKBUF_CLUSTER_RE_X89_Y39_N3_I416     ; CLKBUF_CLUSTER_RE           ;
;   2.438 ;   0.806  ;    ; RE   ; 6      ; GLOBAL_CLOCK_X0_Y36_N0_I9             ; GLOBAL_CLOCK                ;
;   2.581 ;   0.143  ;    ; RE   ; 6      ; SPINE_CLOCK_X33_Y19_N0_I22            ; SPINE_CLOCK                 ;
;   2.984 ;   0.403  ;    ; RE   ; 1      ; SCLK_TO_ROWCLK_BUF_X33_Y23_N0_I133    ; SCLK_TO_ROWCLK_BUF          ;
;   3.068 ;   0.084  ;    ; RE   ; 1      ; SCLK_TO_ROWCLK_BUF_X33_Y23_N0_I136    ; SCLK_TO_ROWCLK_BUF          ;
;   3.548 ;   0.480  ;    ; RE   ; 3      ; LAB_CLK_X34_Y23_N0_I5                 ; LAB_CLK                     ;
;   3.692 ;   0.144  ;    ; RE   ; 1      ; BLK_CLK_BUF_X40_Y23_N0_I5             ; BLK_CLK_BUF                 ;
;   3.748 ;   0.056  ;    ; RE   ; 1      ; ROWCLKSEL_PREBUF_X40_Y23_N0_I5        ; ROWCLKSEL_PREBUF            ;
;   3.806 ;   0.058  ;    ; RE   ; 1      ; ROWCLKSEL_X40_Y23_N0_I0               ; ROWCLKSEL                   ;
;   3.806 ;   0.000  ;    ; RE   ; 1      ; GLOBAL_LOCAL_SEL_X40_Y23_N0_I0        ; GLOBAL_LOCAL_SEL            ;
;   3.806 ;   0.000  ;    ; RE   ; 13     ; LAB_INPUT_X40_Y23_N0_I2               ; LAB_INPUT                   ;
;   3.807 ;   0.001  ; RR ; IC   ; 1      ; FF_X40_Y23_N38                        ; xof_bytes_remaining[15]|clk ;
;   4.452 ;   0.645  ; RR ; CELL ; 1      ; FF_X40_Y23_N38                        ; xof_bytes_remaining[15]     ;
;   4.327 ;   -0.125 ;    ;      ;        ;                                       ; clock pessimism removed     ;
; 4.327   ; 0.000    ;    ;      ;        ;                                       ; clock uncertainty           ;
; 4.327   ; 0.000    ;    ; uTh  ; 1      ; FF_X40_Y23_N38                        ; xof_bytes_remaining[15]     ;
+---------+----------+----+------+--------+---------------------------------------+-----------------------------+

----------------------------
; Extra Fitter Information ;
----------------------------
HTML report is unavailable in plain text report export.


Path #11: Hold slack is 0.514 
===============================================================================
+---------------------------------------------+
; Path Summary                                ;
+--------------------+------------------------+
; Property           ; Value                  ;
+--------------------+------------------------+
; From Node          ; xof_bytes_remaining[8] ;
; To Node            ; xof_bytes_remaining[8] ;
; Launch Clock       ; clk                    ;
; Latch Clock        ; clk                    ;
; Data Arrival Time  ; 4.847                  ;
; Data Required Time ; 4.333                  ;
; Slack              ; 0.514                  ;
+--------------------+------------------------+

+-----------------------------------------------------------------------------------+
; Statistics                                                                        ;
+------------------------+-------+-------+-------------+------------+-------+-------+
; Property               ; Value ; Count ; Total Delay ; % of Total ; Min   ; Max   ;
+------------------------+-------+-------+-------------+------------+-------+-------+
; Hold Relationship      ; 0.000 ;       ;             ;            ;       ;       ;
; Clock Skew             ; 0.125 ;       ;             ;            ;       ;       ;
; Data Delay             ; 0.639 ;       ;             ;            ;       ;       ;
; Number of Logic Levels ;       ; 1     ;             ;            ;       ;       ;
; Physical Delays        ;       ;       ;             ;            ;       ;       ;
;  Arrival Path          ;       ;       ;             ;            ;       ;       ;
;   Clock                ;       ;       ;             ;            ;       ;       ;
;    IC                  ;       ; 3     ; 0.000       ; 0          ; 0.000 ; 0.000 ;
;    Cell                ;       ; 3     ; 1.770       ; 42         ; 0.470 ; 0.739 ;
;    Routing Element     ;       ; 26    ; 2.438       ; 58         ; 0.000 ; 0.763 ;
;   Data                 ;       ;       ;             ;            ;       ;       ;
;    IC                  ;       ; 2     ; 0.001       ; 0          ; 0.000 ; 0.001 ;
;    Cell                ;       ; 3     ; 0.353       ; 55         ; 0.000 ; 0.271 ;
;    uTco                ;       ; 1     ; 0.000       ; 0          ; 0.000 ; 0.000 ;
;    Routing Element     ;       ; 4     ; 0.285       ; 45         ; 0.000 ; 0.144 ;
;  Required Path         ;       ;       ;             ;            ;       ;       ;
;   Clock                ;       ;       ;             ;            ;       ;       ;
;    IC                  ;       ; 3     ; 0.001       ; 0          ; 0.000 ; 0.001 ;
;    Cell                ;       ; 3     ; 1.897       ; 43         ; 0.507 ; 0.739 ;
;    Routing Element     ;       ; 26    ; 2.560       ; 57         ; 0.000 ; 0.806 ;
+------------------------+-------+-------+-------------+------------+-------+-------+
Note: Negative delays are omitted from totals when calculating percentages

+-------------------------------------------------------------------------------------------------------------+
; Data Arrival Path                                                                                           ;
+---------+---------+----+------+--------+---------------------------------------+----------------------------+
; Total   ; Incr    ; RF ; Type ; Fanout ; Location                              ; Element                    ;
+---------+---------+----+------+--------+---------------------------------------+----------------------------+
; 0.000   ; 0.000   ;    ;      ;        ;                                       ; launch edge time           ;
; 4.208   ; 4.208   ;    ;      ;        ;                                       ; clock path                 ;
;   0.000 ;   0.000 ;    ;      ;        ;                                       ; source latency             ;
;   0.000 ;   0.000 ;    ;      ; 1      ; PIN_M16                               ; clk                        ;
;   0.000 ;   0.000 ;    ; RE   ; 1      ; IOPAD_X89_Y35_N60                     ; ARRIAV_IO_PAD              ;
;   0.000 ;   0.000 ;    ; RE   ; 1      ; IO_PAD_OUTPUT_X89_Y35_N60_I1          ; IO_PAD_OUTPUT              ;
;   0.000 ;   0.000 ;    ; RE   ; 1      ; IO_INPUT_BUFFER_INPUT_X89_Y35_N61_I0  ; IO_INPUT_BUFFER_INPUT      ;
;   0.000 ;   0.000 ; RR ; IC   ; 1      ; IOIBUF_X89_Y35_N61                    ; clk~input|i                ;
;   0.739 ;   0.739 ; RR ; CELL ; 1      ; IOIBUF_X89_Y35_N61                    ; clk~input|o                ;
;   0.739 ;   0.000 ;    ; RE   ; 1      ; IOIBUF_X89_Y35_N61                    ; ARRIAV_IO_IBUF             ;
;   0.739 ;   0.000 ;    ; RE   ; 1      ; IO_INPUT_BUFFER_OUTPUT_X89_Y35_N61_I2 ; IO_INPUT_BUFFER_OUTPUT     ;
;   0.739 ;   0.000 ;    ; RE   ; 1      ; IO_RE_X89_Y35_N60_I96                 ; IO_RE                      ;
;   0.827 ;   0.088 ;    ; RE   ; 1      ; IO_RE_X89_Y35_N60_I66                 ; IO_RE                      ;
;   1.102 ;   0.275 ;    ; RE   ; 1      ; CLKBUF_CLUSTER_RE_X89_Y39_N3_I421     ; CLKBUF_CLUSTER_RE          ;
;   1.102 ;   0.000 ;    ; RE   ; 1      ; CLKBUF_CLUSTER_RE_X89_Y39_N3_I772     ; CLKBUF_CLUSTER_RE          ;
;   1.102 ;   0.000 ;    ; RE   ; 1      ; CLKBUF_CLUSTER_RE_X89_Y39_N3_I557     ; CLKBUF_CLUSTER_RE          ;
;   1.102 ;   0.000 ;    ; RE   ; 1      ; GCLK_CLUSTER_RE_X89_Y39_N6_I10        ; GCLK_CLUSTER_RE            ;
;   1.102 ;   0.000 ;    ; RE   ; 1      ; CLKBUFBLOCK_INPUT_X89_Y39_N7_I0       ; CLKBUFBLOCK_INPUT          ;
;   1.102 ;   0.000 ; RR ; IC   ; 1      ; CLKCTRL_G9                            ; clk~inputCLKENA0|inclk     ;
;   1.572 ;   0.470 ; RR ; CELL ; 1674   ; CLKCTRL_G9                            ; clk~inputCLKENA0|outclk    ;
;   1.572 ;   0.000 ;    ; RE   ; 1      ; CLKCTRL_G9                            ; ARRIAV_CLKBUF              ;
;   1.572 ;   0.000 ;    ; RE   ; 1      ; CLKBUFBLOCK_OUTPUT_X89_Y39_N7_I2      ; CLKBUFBLOCK_OUTPUT         ;
;   1.572 ;   0.000 ;    ; RE   ; 1      ; GCLK_CLUSTER_RE_X89_Y39_N6_I12        ; GCLK_CLUSTER_RE            ;
;   1.572 ;   0.000 ;    ; RE   ; 1      ; CLKBUF_CLUSTER_RE_X89_Y39_N3_I416     ; CLKBUF_CLUSTER_RE          ;
;   2.335 ;   0.763 ;    ; RE   ; 6      ; GLOBAL_CLOCK_X0_Y36_N0_I9             ; GLOBAL_CLOCK               ;
;   2.473 ;   0.138 ;    ; RE   ; 6      ; SPINE_CLOCK_X33_Y19_N0_I22            ; SPINE_CLOCK                ;
;   2.862 ;   0.389 ;    ; RE   ; 1      ; SCLK_TO_ROWCLK_BUF_X33_Y23_N0_I133    ; SCLK_TO_ROWCLK_BUF         ;
;   2.943 ;   0.081 ;    ; RE   ; 1      ; SCLK_TO_ROWCLK_BUF_X33_Y23_N0_I136    ; SCLK_TO_ROWCLK_BUF         ;
;   3.406 ;   0.463 ;    ; RE   ; 3      ; LAB_CLK_X34_Y23_N0_I5                 ; LAB_CLK                    ;
;   3.539 ;   0.133 ;    ; RE   ; 1      ; BLK_CLK_BUF_X40_Y23_N0_I5             ; BLK_CLK_BUF                ;
;   3.593 ;   0.054 ;    ; RE   ; 1      ; ROWCLKSEL_PREBUF_X40_Y23_N0_I5        ; ROWCLKSEL_PREBUF           ;
;   3.647 ;   0.054 ;    ; RE   ; 1      ; ROWCLKSEL_X40_Y23_N0_I0               ; ROWCLKSEL                  ;
;   3.647 ;   0.000 ;    ; RE   ; 1      ; GLOBAL_LOCAL_SEL_X40_Y23_N0_I0        ; GLOBAL_LOCAL_SEL           ;
;   3.647 ;   0.000 ;    ; RE   ; 13     ; LAB_INPUT_X40_Y23_N0_I2               ; LAB_INPUT                  ;
;   3.647 ;   0.000 ; RR ; IC   ; 1      ; FF_X40_Y23_N17                        ; xof_bytes_remaining[8]|clk ;
;   4.208 ;   0.561 ; RR ; CELL ; 1      ; FF_X40_Y23_N17                        ; xof_bytes_remaining[8]     ;
; 4.847   ; 0.639   ;    ;      ;        ;                                       ; data path                  ;
;   4.208 ;   0.000 ;    ; uTco ; 1      ; FF_X40_Y23_N17                        ; xof_bytes_remaining[8]     ;
;   4.208 ;   0.000 ; FF ; CELL ; 2      ; FF_X40_Y23_N17                        ; xof_bytes_remaining[8]|q   ;
;   4.262 ;   0.054 ;    ; RE   ; 1      ; FF_X40_Y23_N17                        ; ARRIAV_FF                  ;
;   4.349 ;   0.087 ;    ; RE   ; 2      ; LOCAL_LINE_X40_Y23_N0_I5              ; LOCAL_LINE                 ;
;   4.493 ;   0.144 ;    ; RE   ; 1      ; BLOCK_INPUT_MUX_X40_Y23_N0_I21        ; LEIM_INPUT                 ;
;   4.494 ;   0.001 ; FF ; IC   ; 3      ; LABCELL_X40_Y23_N15                   ; Add5~9|datac               ;
;   4.765 ;   0.271 ; FR ; CELL ; 1      ; LABCELL_X40_Y23_N15                   ; Add5~9|sumout              ;
;   4.765 ;   0.000 ;    ; RE   ; 2      ; LABCELL_X40_Y23_N15                   ; ARRIAV_LCELL_COMB          ;
;   4.765 ;   0.000 ; RR ; IC   ; 1      ; FF_X40_Y23_N17                        ; xof_bytes_remaining[8]|d   ;
;   4.847 ;   0.082 ; RR ; CELL ; 1      ; FF_X40_Y23_N17                        ; xof_bytes_remaining[8]     ;
+---------+---------+----+------+--------+---------------------------------------+----------------------------+

+--------------------------------------------------------------------------------------------------------------+
; Data Required Path                                                                                           ;
+---------+----------+----+------+--------+---------------------------------------+----------------------------+
; Total   ; Incr     ; RF ; Type ; Fanout ; Location                              ; Element                    ;
+---------+----------+----+------+--------+---------------------------------------+----------------------------+
; 0.000   ; 0.000    ;    ;      ;        ;                                       ; latch edge time            ;
; 4.333   ; 4.333    ;    ;      ;        ;                                       ; clock path                 ;
;   0.000 ;   0.000  ;    ;      ;        ;                                       ; source latency             ;
;   0.000 ;   0.000  ;    ;      ; 1      ; PIN_M16                               ; clk                        ;
;   0.000 ;   0.000  ;    ; RE   ; 1      ; IOPAD_X89_Y35_N60                     ; ARRIAV_IO_PAD              ;
;   0.000 ;   0.000  ;    ; RE   ; 1      ; IO_PAD_OUTPUT_X89_Y35_N60_I1          ; IO_PAD_OUTPUT              ;
;   0.000 ;   0.000  ;    ; RE   ; 1      ; IO_INPUT_BUFFER_INPUT_X89_Y35_N61_I0  ; IO_INPUT_BUFFER_INPUT      ;
;   0.000 ;   0.000  ; RR ; IC   ; 1      ; IOIBUF_X89_Y35_N61                    ; clk~input|i                ;
;   0.739 ;   0.739  ; RR ; CELL ; 1      ; IOIBUF_X89_Y35_N61                    ; clk~input|o                ;
;   0.739 ;   0.000  ;    ; RE   ; 1      ; IOIBUF_X89_Y35_N61                    ; ARRIAV_IO_IBUF             ;
;   0.739 ;   0.000  ;    ; RE   ; 1      ; IO_INPUT_BUFFER_OUTPUT_X89_Y35_N61_I2 ; IO_INPUT_BUFFER_OUTPUT     ;
;   0.739 ;   0.000  ;    ; RE   ; 1      ; IO_RE_X89_Y35_N60_I96                 ; IO_RE                      ;
;   0.833 ;   0.094  ;    ; RE   ; 1      ; IO_RE_X89_Y35_N60_I66                 ; IO_RE                      ;
;   1.125 ;   0.292  ;    ; RE   ; 1      ; CLKBUF_CLUSTER_RE_X89_Y39_N3_I421     ; CLKBUF_CLUSTER_RE          ;
;   1.125 ;   0.000  ;    ; RE   ; 1      ; CLKBUF_CLUSTER_RE_X89_Y39_N3_I772     ; CLKBUF_CLUSTER_RE          ;
;   1.125 ;   0.000  ;    ; RE   ; 1      ; CLKBUF_CLUSTER_RE_X89_Y39_N3_I557     ; CLKBUF_CLUSTER_RE          ;
;   1.125 ;   0.000  ;    ; RE   ; 1      ; GCLK_CLUSTER_RE_X89_Y39_N6_I10        ; GCLK_CLUSTER_RE            ;
;   1.125 ;   0.000  ;    ; RE   ; 1      ; CLKBUFBLOCK_INPUT_X89_Y39_N7_I0       ; CLKBUFBLOCK_INPUT          ;
;   1.125 ;   0.000  ; RR ; IC   ; 1      ; CLKCTRL_G9                            ; clk~inputCLKENA0|inclk     ;
;   1.632 ;   0.507  ; RR ; CELL ; 1674   ; CLKCTRL_G9                            ; clk~inputCLKENA0|outclk    ;
;   1.632 ;   0.000  ;    ; RE   ; 1      ; CLKCTRL_G9                            ; ARRIAV_CLKBUF              ;
;   1.632 ;   0.000  ;    ; RE   ; 1      ; CLKBUFBLOCK_OUTPUT_X89_Y39_N7_I2      ; CLKBUFBLOCK_OUTPUT         ;
;   1.632 ;   0.000  ;    ; RE   ; 1      ; GCLK_CLUSTER_RE_X89_Y39_N6_I12        ; GCLK_CLUSTER_RE            ;
;   1.632 ;   0.000  ;    ; RE   ; 1      ; CLKBUF_CLUSTER_RE_X89_Y39_N3_I416     ; CLKBUF_CLUSTER_RE          ;
;   2.438 ;   0.806  ;    ; RE   ; 6      ; GLOBAL_CLOCK_X0_Y36_N0_I9             ; GLOBAL_CLOCK               ;
;   2.581 ;   0.143  ;    ; RE   ; 6      ; SPINE_CLOCK_X33_Y19_N0_I22            ; SPINE_CLOCK                ;
;   2.984 ;   0.403  ;    ; RE   ; 1      ; SCLK_TO_ROWCLK_BUF_X33_Y23_N0_I133    ; SCLK_TO_ROWCLK_BUF         ;
;   3.068 ;   0.084  ;    ; RE   ; 1      ; SCLK_TO_ROWCLK_BUF_X33_Y23_N0_I136    ; SCLK_TO_ROWCLK_BUF         ;
;   3.548 ;   0.480  ;    ; RE   ; 3      ; LAB_CLK_X34_Y23_N0_I5                 ; LAB_CLK                    ;
;   3.692 ;   0.144  ;    ; RE   ; 1      ; BLK_CLK_BUF_X40_Y23_N0_I5             ; BLK_CLK_BUF                ;
;   3.748 ;   0.056  ;    ; RE   ; 1      ; ROWCLKSEL_PREBUF_X40_Y23_N0_I5        ; ROWCLKSEL_PREBUF           ;
;   3.806 ;   0.058  ;    ; RE   ; 1      ; ROWCLKSEL_X40_Y23_N0_I0               ; ROWCLKSEL                  ;
;   3.806 ;   0.000  ;    ; RE   ; 1      ; GLOBAL_LOCAL_SEL_X40_Y23_N0_I0        ; GLOBAL_LOCAL_SEL           ;
;   3.806 ;   0.000  ;    ; RE   ; 13     ; LAB_INPUT_X40_Y23_N0_I2               ; LAB_INPUT                  ;
;   3.807 ;   0.001  ; RR ; IC   ; 1      ; FF_X40_Y23_N17                        ; xof_bytes_remaining[8]|clk ;
;   4.458 ;   0.651  ; RR ; CELL ; 1      ; FF_X40_Y23_N17                        ; xof_bytes_remaining[8]     ;
;   4.333 ;   -0.125 ;    ;      ;        ;                                       ; clock pessimism removed    ;
; 4.333   ; 0.000    ;    ;      ;        ;                                       ; clock uncertainty          ;
; 4.333   ; 0.000    ;    ; uTh  ; 1      ; FF_X40_Y23_N17                        ; xof_bytes_remaining[8]     ;
+---------+----------+----+------+--------+---------------------------------------+----------------------------+

----------------------------
; Extra Fitter Information ;
----------------------------
HTML report is unavailable in plain text report export.


Path #12: Hold slack is 0.514 
===============================================================================
+-------------------------------------------------+
; Path Summary                                    ;
+--------------------+----------------------------+
; Property           ; Value                      ;
+--------------------+----------------------------+
; From Node          ; message_bytes_remaining[0] ;
; To Node            ; message_bytes_remaining[0] ;
; Launch Clock       ; clk                        ;
; Latch Clock        ; clk                        ;
; Data Arrival Time  ; 4.840                      ;
; Data Required Time ; 4.326                      ;
; Slack              ; 0.514                      ;
+--------------------+----------------------------+

+------------------------------------------------------------------------------------+
; Statistics                                                                         ;
+------------------------+-------+-------+-------------+------------+--------+-------+
; Property               ; Value ; Count ; Total Delay ; % of Total ; Min    ; Max   ;
+------------------------+-------+-------+-------------+------------+--------+-------+
; Hold Relationship      ; 0.000 ;       ;             ;            ;        ;       ;
; Clock Skew             ; 0.125 ;       ;             ;            ;        ;       ;
; Data Delay             ; 0.639 ;       ;             ;            ;        ;       ;
; Number of Logic Levels ;       ; 1     ;             ;            ;        ;       ;
; Physical Delays        ;       ;       ;             ;            ;        ;       ;
;  Arrival Path          ;       ;       ;             ;            ;        ;       ;
;   Clock                ;       ;       ;             ;            ;        ;       ;
;    IC                  ;       ; 3     ; -0.002      ; 0          ; -0.002 ; 0.000 ;
;    Cell                ;       ; 3     ; 1.764       ; 42         ; 0.470  ; 0.739 ;
;    Routing Element     ;       ; 26    ; 2.439       ; 58         ; 0.000  ; 0.763 ;
;   Data                 ;       ;       ;             ;            ;        ;       ;
;    IC                  ;       ; 2     ; 0.000       ; 0          ; 0.000  ; 0.000 ;
;    Cell                ;       ; 3     ; 0.348       ; 54         ; 0.000  ; 0.265 ;
;    uTco                ;       ; 1     ; 0.000       ; 0          ; 0.000  ; 0.000 ;
;    Routing Element     ;       ; 4     ; 0.291       ; 46         ; 0.000  ; 0.148 ;
;  Required Path         ;       ;       ;             ;            ;        ;       ;
;   Clock                ;       ;       ;             ;            ;        ;       ;
;    IC                  ;       ; 3     ; -0.001      ; 0          ; -0.001 ; 0.000 ;
;    Cell                ;       ; 3     ; 1.891       ; 42         ; 0.507  ; 0.739 ;
;    Routing Element     ;       ; 26    ; 2.561       ; 58         ; 0.000  ; 0.806 ;
+------------------------+-------+-------+-------------+------------+--------+-------+
Note: Negative delays are omitted from totals when calculating percentages

+------------------------------------------------------------------------------------------------------------------+
; Data Arrival Path                                                                                                ;
+---------+----------+----+------+--------+---------------------------------------+--------------------------------+
; Total   ; Incr     ; RF ; Type ; Fanout ; Location                              ; Element                        ;
+---------+----------+----+------+--------+---------------------------------------+--------------------------------+
; 0.000   ; 0.000    ;    ;      ;        ;                                       ; launch edge time               ;
; 4.201   ; 4.201    ;    ;      ;        ;                                       ; clock path                     ;
;   0.000 ;   0.000  ;    ;      ;        ;                                       ; source latency                 ;
;   0.000 ;   0.000  ;    ;      ; 1      ; PIN_M16                               ; clk                            ;
;   0.000 ;   0.000  ;    ; RE   ; 1      ; IOPAD_X89_Y35_N60                     ; ARRIAV_IO_PAD                  ;
;   0.000 ;   0.000  ;    ; RE   ; 1      ; IO_PAD_OUTPUT_X89_Y35_N60_I1          ; IO_PAD_OUTPUT                  ;
;   0.000 ;   0.000  ;    ; RE   ; 1      ; IO_INPUT_BUFFER_INPUT_X89_Y35_N61_I0  ; IO_INPUT_BUFFER_INPUT          ;
;   0.000 ;   0.000  ; RR ; IC   ; 1      ; IOIBUF_X89_Y35_N61                    ; clk~input|i                    ;
;   0.739 ;   0.739  ; RR ; CELL ; 1      ; IOIBUF_X89_Y35_N61                    ; clk~input|o                    ;
;   0.739 ;   0.000  ;    ; RE   ; 1      ; IOIBUF_X89_Y35_N61                    ; ARRIAV_IO_IBUF                 ;
;   0.739 ;   0.000  ;    ; RE   ; 1      ; IO_INPUT_BUFFER_OUTPUT_X89_Y35_N61_I2 ; IO_INPUT_BUFFER_OUTPUT         ;
;   0.739 ;   0.000  ;    ; RE   ; 1      ; IO_RE_X89_Y35_N60_I96                 ; IO_RE                          ;
;   0.827 ;   0.088  ;    ; RE   ; 1      ; IO_RE_X89_Y35_N60_I66                 ; IO_RE                          ;
;   1.102 ;   0.275  ;    ; RE   ; 1      ; CLKBUF_CLUSTER_RE_X89_Y39_N3_I421     ; CLKBUF_CLUSTER_RE              ;
;   1.102 ;   0.000  ;    ; RE   ; 1      ; CLKBUF_CLUSTER_RE_X89_Y39_N3_I772     ; CLKBUF_CLUSTER_RE              ;
;   1.102 ;   0.000  ;    ; RE   ; 1      ; CLKBUF_CLUSTER_RE_X89_Y39_N3_I557     ; CLKBUF_CLUSTER_RE              ;
;   1.102 ;   0.000  ;    ; RE   ; 1      ; GCLK_CLUSTER_RE_X89_Y39_N6_I10        ; GCLK_CLUSTER_RE                ;
;   1.102 ;   0.000  ;    ; RE   ; 1      ; CLKBUFBLOCK_INPUT_X89_Y39_N7_I0       ; CLKBUFBLOCK_INPUT              ;
;   1.102 ;   0.000  ; RR ; IC   ; 1      ; CLKCTRL_G9                            ; clk~inputCLKENA0|inclk         ;
;   1.572 ;   0.470  ; RR ; CELL ; 1674   ; CLKCTRL_G9                            ; clk~inputCLKENA0|outclk        ;
;   1.572 ;   0.000  ;    ; RE   ; 1      ; CLKCTRL_G9                            ; ARRIAV_CLKBUF                  ;
;   1.572 ;   0.000  ;    ; RE   ; 1      ; CLKBUFBLOCK_OUTPUT_X89_Y39_N7_I2      ; CLKBUFBLOCK_OUTPUT             ;
;   1.572 ;   0.000  ;    ; RE   ; 1      ; GCLK_CLUSTER_RE_X89_Y39_N6_I12        ; GCLK_CLUSTER_RE                ;
;   1.572 ;   0.000  ;    ; RE   ; 1      ; CLKBUF_CLUSTER_RE_X89_Y39_N3_I416     ; CLKBUF_CLUSTER_RE              ;
;   2.335 ;   0.763  ;    ; RE   ; 6      ; GLOBAL_CLOCK_X0_Y36_N0_I9             ; GLOBAL_CLOCK                   ;
;   2.474 ;   0.139  ;    ; RE   ; 6      ; SPINE_CLOCK_X33_Y19_N0_I22            ; SPINE_CLOCK                    ;
;   2.863 ;   0.389  ;    ; RE   ; 1      ; SCLK_TO_ROWCLK_BUF_X33_Y20_N0_I133    ; SCLK_TO_ROWCLK_BUF             ;
;   2.944 ;   0.081  ;    ; RE   ; 1      ; SCLK_TO_ROWCLK_BUF_X33_Y20_N0_I136    ; SCLK_TO_ROWCLK_BUF             ;
;   3.405 ;   0.461  ;    ; RE   ; 3      ; LAB_CLK_X34_Y20_N0_I5                 ; LAB_CLK                        ;
;   3.538 ;   0.133  ;    ; RE   ; 1      ; BLK_CLK_BUF_X37_Y20_N0_I5             ; BLK_CLK_BUF                    ;
;   3.593 ;   0.055  ;    ; RE   ; 1      ; ROWCLKSEL_PREBUF_X37_Y20_N0_I5        ; ROWCLKSEL_PREBUF               ;
;   3.648 ;   0.055  ;    ; RE   ; 1      ; ROWCLKSEL_X37_Y20_N0_I0               ; ROWCLKSEL                      ;
;   3.648 ;   0.000  ;    ; RE   ; 1      ; GLOBAL_LOCAL_SEL_X37_Y20_N0_I0        ; GLOBAL_LOCAL_SEL               ;
;   3.648 ;   0.000  ;    ; RE   ; 16     ; LAB_INPUT_X37_Y20_N0_I2               ; LAB_INPUT                      ;
;   3.646 ;   -0.002 ; RR ; IC   ; 1      ; FF_X37_Y20_N2                         ; message_bytes_remaining[0]|clk ;
;   4.201 ;   0.555  ; RR ; CELL ; 1      ; FF_X37_Y20_N2                         ; message_bytes_remaining[0]     ;
; 4.840   ; 0.639    ;    ;      ;        ;                                       ; data path                      ;
;   4.201 ;   0.000  ;    ; uTco ; 1      ; FF_X37_Y20_N2                         ; message_bytes_remaining[0]     ;
;   4.201 ;   0.000  ; FF ; CELL ; 7      ; FF_X37_Y20_N2                         ; message_bytes_remaining[0]|q   ;
;   4.258 ;   0.057  ;    ; RE   ; 2      ; FF_X37_Y20_N2                         ; ARRIAV_FF                      ;
;   4.344 ;   0.086  ;    ; RE   ; 1      ; LOCAL_LINE_X37_Y20_N0_I0              ; LOCAL_LINE                     ;
;   4.492 ;   0.148  ;    ; RE   ; 1      ; BLOCK_INPUT_MUX_X37_Y20_N0_I4         ; LEIM_INPUT                     ;
;   4.492 ;   0.000  ; FF ; IC   ; 2      ; LABCELL_X37_Y20_N0                    ; Add1~9|datac                   ;
;   4.757 ;   0.265  ; FR ; CELL ; 1      ; LABCELL_X37_Y20_N0                    ; Add1~9|sumout                  ;
;   4.757 ;   0.000  ;    ; RE   ; 3      ; LABCELL_X37_Y20_N0                    ; ARRIAV_LCELL_COMB              ;
;   4.757 ;   0.000  ; RR ; IC   ; 1      ; FF_X37_Y20_N2                         ; message_bytes_remaining[0]|d   ;
;   4.840 ;   0.083  ; RR ; CELL ; 1      ; FF_X37_Y20_N2                         ; message_bytes_remaining[0]     ;
+---------+----------+----+------+--------+---------------------------------------+--------------------------------+

+------------------------------------------------------------------------------------------------------------------+
; Data Required Path                                                                                               ;
+---------+----------+----+------+--------+---------------------------------------+--------------------------------+
; Total   ; Incr     ; RF ; Type ; Fanout ; Location                              ; Element                        ;
+---------+----------+----+------+--------+---------------------------------------+--------------------------------+
; 0.000   ; 0.000    ;    ;      ;        ;                                       ; latch edge time                ;
; 4.326   ; 4.326    ;    ;      ;        ;                                       ; clock path                     ;
;   0.000 ;   0.000  ;    ;      ;        ;                                       ; source latency                 ;
;   0.000 ;   0.000  ;    ;      ; 1      ; PIN_M16                               ; clk                            ;
;   0.000 ;   0.000  ;    ; RE   ; 1      ; IOPAD_X89_Y35_N60                     ; ARRIAV_IO_PAD                  ;
;   0.000 ;   0.000  ;    ; RE   ; 1      ; IO_PAD_OUTPUT_X89_Y35_N60_I1          ; IO_PAD_OUTPUT                  ;
;   0.000 ;   0.000  ;    ; RE   ; 1      ; IO_INPUT_BUFFER_INPUT_X89_Y35_N61_I0  ; IO_INPUT_BUFFER_INPUT          ;
;   0.000 ;   0.000  ; RR ; IC   ; 1      ; IOIBUF_X89_Y35_N61                    ; clk~input|i                    ;
;   0.739 ;   0.739  ; RR ; CELL ; 1      ; IOIBUF_X89_Y35_N61                    ; clk~input|o                    ;
;   0.739 ;   0.000  ;    ; RE   ; 1      ; IOIBUF_X89_Y35_N61                    ; ARRIAV_IO_IBUF                 ;
;   0.739 ;   0.000  ;    ; RE   ; 1      ; IO_INPUT_BUFFER_OUTPUT_X89_Y35_N61_I2 ; IO_INPUT_BUFFER_OUTPUT         ;
;   0.739 ;   0.000  ;    ; RE   ; 1      ; IO_RE_X89_Y35_N60_I96                 ; IO_RE                          ;
;   0.833 ;   0.094  ;    ; RE   ; 1      ; IO_RE_X89_Y35_N60_I66                 ; IO_RE                          ;
;   1.125 ;   0.292  ;    ; RE   ; 1      ; CLKBUF_CLUSTER_RE_X89_Y39_N3_I421     ; CLKBUF_CLUSTER_RE              ;
;   1.125 ;   0.000  ;    ; RE   ; 1      ; CLKBUF_CLUSTER_RE_X89_Y39_N3_I772     ; CLKBUF_CLUSTER_RE              ;
;   1.125 ;   0.000  ;    ; RE   ; 1      ; CLKBUF_CLUSTER_RE_X89_Y39_N3_I557     ; CLKBUF_CLUSTER_RE              ;
;   1.125 ;   0.000  ;    ; RE   ; 1      ; GCLK_CLUSTER_RE_X89_Y39_N6_I10        ; GCLK_CLUSTER_RE                ;
;   1.125 ;   0.000  ;    ; RE   ; 1      ; CLKBUFBLOCK_INPUT_X89_Y39_N7_I0       ; CLKBUFBLOCK_INPUT              ;
;   1.125 ;   0.000  ; RR ; IC   ; 1      ; CLKCTRL_G9                            ; clk~inputCLKENA0|inclk         ;
;   1.632 ;   0.507  ; RR ; CELL ; 1674   ; CLKCTRL_G9                            ; clk~inputCLKENA0|outclk        ;
;   1.632 ;   0.000  ;    ; RE   ; 1      ; CLKCTRL_G9                            ; ARRIAV_CLKBUF                  ;
;   1.632 ;   0.000  ;    ; RE   ; 1      ; CLKBUFBLOCK_OUTPUT_X89_Y39_N7_I2      ; CLKBUFBLOCK_OUTPUT             ;
;   1.632 ;   0.000  ;    ; RE   ; 1      ; GCLK_CLUSTER_RE_X89_Y39_N6_I12        ; GCLK_CLUSTER_RE                ;
;   1.632 ;   0.000  ;    ; RE   ; 1      ; CLKBUF_CLUSTER_RE_X89_Y39_N3_I416     ; CLKBUF_CLUSTER_RE              ;
;   2.438 ;   0.806  ;    ; RE   ; 6      ; GLOBAL_CLOCK_X0_Y36_N0_I9             ; GLOBAL_CLOCK                   ;
;   2.582 ;   0.144  ;    ; RE   ; 6      ; SPINE_CLOCK_X33_Y19_N0_I22            ; SPINE_CLOCK                    ;
;   2.985 ;   0.403  ;    ; RE   ; 1      ; SCLK_TO_ROWCLK_BUF_X33_Y20_N0_I133    ; SCLK_TO_ROWCLK_BUF             ;
;   3.069 ;   0.084  ;    ; RE   ; 1      ; SCLK_TO_ROWCLK_BUF_X33_Y20_N0_I136    ; SCLK_TO_ROWCLK_BUF             ;
;   3.546 ;   0.477  ;    ; RE   ; 3      ; LAB_CLK_X34_Y20_N0_I5                 ; LAB_CLK                        ;
;   3.690 ;   0.144  ;    ; RE   ; 1      ; BLK_CLK_BUF_X37_Y20_N0_I5             ; BLK_CLK_BUF                    ;
;   3.747 ;   0.057  ;    ; RE   ; 1      ; ROWCLKSEL_PREBUF_X37_Y20_N0_I5        ; ROWCLKSEL_PREBUF               ;
;   3.807 ;   0.060  ;    ; RE   ; 1      ; ROWCLKSEL_X37_Y20_N0_I0               ; ROWCLKSEL                      ;
;   3.807 ;   0.000  ;    ; RE   ; 1      ; GLOBAL_LOCAL_SEL_X37_Y20_N0_I0        ; GLOBAL_LOCAL_SEL               ;
;   3.807 ;   0.000  ;    ; RE   ; 16     ; LAB_INPUT_X37_Y20_N0_I2               ; LAB_INPUT                      ;
;   3.806 ;   -0.001 ; RR ; IC   ; 1      ; FF_X37_Y20_N2                         ; message_bytes_remaining[0]|clk ;
;   4.451 ;   0.645  ; RR ; CELL ; 1      ; FF_X37_Y20_N2                         ; message_bytes_remaining[0]     ;
;   4.326 ;   -0.125 ;    ;      ;        ;                                       ; clock pessimism removed        ;
; 4.326   ; 0.000    ;    ;      ;        ;                                       ; clock uncertainty              ;
; 4.326   ; 0.000    ;    ; uTh  ; 1      ; FF_X37_Y20_N2                         ; message_bytes_remaining[0]     ;
+---------+----------+----+------+--------+---------------------------------------+--------------------------------+

----------------------------
; Extra Fitter Information ;
----------------------------
HTML report is unavailable in plain text report export.


Path #13: Hold slack is 0.515 
===============================================================================
+-------------------------------------------------+
; Path Summary                                    ;
+--------------------+----------------------------+
; Property           ; Value                      ;
+--------------------+----------------------------+
; From Node          ; message_bytes_remaining[3] ;
; To Node            ; message_bytes_remaining[3] ;
; Launch Clock       ; clk                        ;
; Latch Clock        ; clk                        ;
; Data Arrival Time  ; 4.847                      ;
; Data Required Time ; 4.332                      ;
; Slack              ; 0.515                      ;
+--------------------+----------------------------+

+------------------------------------------------------------------------------------+
; Statistics                                                                         ;
+------------------------+-------+-------+-------------+------------+--------+-------+
; Property               ; Value ; Count ; Total Delay ; % of Total ; Min    ; Max   ;
+------------------------+-------+-------+-------------+------------+--------+-------+
; Hold Relationship      ; 0.000 ;       ;             ;            ;        ;       ;
; Clock Skew             ; 0.125 ;       ;             ;            ;        ;       ;
; Data Delay             ; 0.640 ;       ;             ;            ;        ;       ;
; Number of Logic Levels ;       ; 1     ;             ;            ;        ;       ;
; Physical Delays        ;       ;       ;             ;            ;        ;       ;
;  Arrival Path          ;       ;       ;             ;            ;        ;       ;
;   Clock                ;       ;       ;             ;            ;        ;       ;
;    IC                  ;       ; 3     ; -0.002      ; 0          ; -0.002 ; 0.000 ;
;    Cell                ;       ; 3     ; 1.770       ; 42         ; 0.470  ; 0.739 ;
;    Routing Element     ;       ; 26    ; 2.439       ; 58         ; 0.000  ; 0.763 ;
;   Data                 ;       ;       ;             ;            ;        ;       ;
;    IC                  ;       ; 2     ; 0.000       ; 0          ; 0.000  ; 0.000 ;
;    Cell                ;       ; 3     ; 0.353       ; 55         ; 0.000  ; 0.271 ;
;    uTco                ;       ; 1     ; 0.000       ; 0          ; 0.000  ; 0.000 ;
;    Routing Element     ;       ; 4     ; 0.287       ; 45         ; 0.000  ; 0.146 ;
;  Required Path         ;       ;       ;             ;            ;        ;       ;
;   Clock                ;       ;       ;             ;            ;        ;       ;
;    IC                  ;       ; 3     ; -0.001      ; 0          ; -0.001 ; 0.000 ;
;    Cell                ;       ; 3     ; 1.897       ; 43         ; 0.507  ; 0.739 ;
;    Routing Element     ;       ; 26    ; 2.561       ; 57         ; 0.000  ; 0.806 ;
+------------------------+-------+-------+-------------+------------+--------+-------+
Note: Negative delays are omitted from totals when calculating percentages

+------------------------------------------------------------------------------------------------------------------+
; Data Arrival Path                                                                                                ;
+---------+----------+----+------+--------+---------------------------------------+--------------------------------+
; Total   ; Incr     ; RF ; Type ; Fanout ; Location                              ; Element                        ;
+---------+----------+----+------+--------+---------------------------------------+--------------------------------+
; 0.000   ; 0.000    ;    ;      ;        ;                                       ; launch edge time               ;
; 4.207   ; 4.207    ;    ;      ;        ;                                       ; clock path                     ;
;   0.000 ;   0.000  ;    ;      ;        ;                                       ; source latency                 ;
;   0.000 ;   0.000  ;    ;      ; 1      ; PIN_M16                               ; clk                            ;
;   0.000 ;   0.000  ;    ; RE   ; 1      ; IOPAD_X89_Y35_N60                     ; ARRIAV_IO_PAD                  ;
;   0.000 ;   0.000  ;    ; RE   ; 1      ; IO_PAD_OUTPUT_X89_Y35_N60_I1          ; IO_PAD_OUTPUT                  ;
;   0.000 ;   0.000  ;    ; RE   ; 1      ; IO_INPUT_BUFFER_INPUT_X89_Y35_N61_I0  ; IO_INPUT_BUFFER_INPUT          ;
;   0.000 ;   0.000  ; RR ; IC   ; 1      ; IOIBUF_X89_Y35_N61                    ; clk~input|i                    ;
;   0.739 ;   0.739  ; RR ; CELL ; 1      ; IOIBUF_X89_Y35_N61                    ; clk~input|o                    ;
;   0.739 ;   0.000  ;    ; RE   ; 1      ; IOIBUF_X89_Y35_N61                    ; ARRIAV_IO_IBUF                 ;
;   0.739 ;   0.000  ;    ; RE   ; 1      ; IO_INPUT_BUFFER_OUTPUT_X89_Y35_N61_I2 ; IO_INPUT_BUFFER_OUTPUT         ;
;   0.739 ;   0.000  ;    ; RE   ; 1      ; IO_RE_X89_Y35_N60_I96                 ; IO_RE                          ;
;   0.827 ;   0.088  ;    ; RE   ; 1      ; IO_RE_X89_Y35_N60_I66                 ; IO_RE                          ;
;   1.102 ;   0.275  ;    ; RE   ; 1      ; CLKBUF_CLUSTER_RE_X89_Y39_N3_I421     ; CLKBUF_CLUSTER_RE              ;
;   1.102 ;   0.000  ;    ; RE   ; 1      ; CLKBUF_CLUSTER_RE_X89_Y39_N3_I772     ; CLKBUF_CLUSTER_RE              ;
;   1.102 ;   0.000  ;    ; RE   ; 1      ; CLKBUF_CLUSTER_RE_X89_Y39_N3_I557     ; CLKBUF_CLUSTER_RE              ;
;   1.102 ;   0.000  ;    ; RE   ; 1      ; GCLK_CLUSTER_RE_X89_Y39_N6_I10        ; GCLK_CLUSTER_RE                ;
;   1.102 ;   0.000  ;    ; RE   ; 1      ; CLKBUFBLOCK_INPUT_X89_Y39_N7_I0       ; CLKBUFBLOCK_INPUT              ;
;   1.102 ;   0.000  ; RR ; IC   ; 1      ; CLKCTRL_G9                            ; clk~inputCLKENA0|inclk         ;
;   1.572 ;   0.470  ; RR ; CELL ; 1674   ; CLKCTRL_G9                            ; clk~inputCLKENA0|outclk        ;
;   1.572 ;   0.000  ;    ; RE   ; 1      ; CLKCTRL_G9                            ; ARRIAV_CLKBUF                  ;
;   1.572 ;   0.000  ;    ; RE   ; 1      ; CLKBUFBLOCK_OUTPUT_X89_Y39_N7_I2      ; CLKBUFBLOCK_OUTPUT             ;
;   1.572 ;   0.000  ;    ; RE   ; 1      ; GCLK_CLUSTER_RE_X89_Y39_N6_I12        ; GCLK_CLUSTER_RE                ;
;   1.572 ;   0.000  ;    ; RE   ; 1      ; CLKBUF_CLUSTER_RE_X89_Y39_N3_I416     ; CLKBUF_CLUSTER_RE              ;
;   2.335 ;   0.763  ;    ; RE   ; 6      ; GLOBAL_CLOCK_X0_Y36_N0_I9             ; GLOBAL_CLOCK                   ;
;   2.474 ;   0.139  ;    ; RE   ; 6      ; SPINE_CLOCK_X33_Y19_N0_I22            ; SPINE_CLOCK                    ;
;   2.863 ;   0.389  ;    ; RE   ; 1      ; SCLK_TO_ROWCLK_BUF_X33_Y20_N0_I133    ; SCLK_TO_ROWCLK_BUF             ;
;   2.944 ;   0.081  ;    ; RE   ; 1      ; SCLK_TO_ROWCLK_BUF_X33_Y20_N0_I136    ; SCLK_TO_ROWCLK_BUF             ;
;   3.405 ;   0.461  ;    ; RE   ; 3      ; LAB_CLK_X34_Y20_N0_I5                 ; LAB_CLK                        ;
;   3.538 ;   0.133  ;    ; RE   ; 1      ; BLK_CLK_BUF_X37_Y20_N0_I5             ; BLK_CLK_BUF                    ;
;   3.593 ;   0.055  ;    ; RE   ; 1      ; ROWCLKSEL_PREBUF_X37_Y20_N0_I5        ; ROWCLKSEL_PREBUF               ;
;   3.648 ;   0.055  ;    ; RE   ; 1      ; ROWCLKSEL_X37_Y20_N0_I0               ; ROWCLKSEL                      ;
;   3.648 ;   0.000  ;    ; RE   ; 1      ; GLOBAL_LOCAL_SEL_X37_Y20_N0_I0        ; GLOBAL_LOCAL_SEL               ;
;   3.648 ;   0.000  ;    ; RE   ; 16     ; LAB_INPUT_X37_Y20_N0_I2               ; LAB_INPUT                      ;
;   3.646 ;   -0.002 ; RR ; IC   ; 1      ; FF_X37_Y20_N11                        ; message_bytes_remaining[3]|clk ;
;   4.207 ;   0.561  ; RR ; CELL ; 1      ; FF_X37_Y20_N11                        ; message_bytes_remaining[3]     ;
; 4.847   ; 0.640    ;    ;      ;        ;                                       ; data path                      ;
;   4.207 ;   0.000  ;    ; uTco ; 1      ; FF_X37_Y20_N11                        ; message_bytes_remaining[3]     ;
;   4.207 ;   0.000  ; FF ; CELL ; 6      ; FF_X37_Y20_N11                        ; message_bytes_remaining[3]|q   ;
;   4.261 ;   0.054  ;    ; RE   ; 2      ; FF_X37_Y20_N11                        ; ARRIAV_FF                      ;
;   4.348 ;   0.087  ;    ; RE   ; 1      ; LOCAL_LINE_X37_Y20_N0_I3              ; LOCAL_LINE                     ;
;   4.494 ;   0.146  ;    ; RE   ; 1      ; BLOCK_INPUT_MUX_X37_Y20_N0_I13        ; LEIM_INPUT                     ;
;   4.494 ;   0.000  ; FF ; IC   ; 4      ; LABCELL_X37_Y20_N9                    ; Add1~37|datac                  ;
;   4.765 ;   0.271  ; FR ; CELL ; 1      ; LABCELL_X37_Y20_N9                    ; Add1~37|sumout                 ;
;   4.765 ;   0.000  ;    ; RE   ; 3      ; LABCELL_X37_Y20_N9                    ; ARRIAV_LCELL_COMB              ;
;   4.765 ;   0.000  ; RR ; IC   ; 1      ; FF_X37_Y20_N11                        ; message_bytes_remaining[3]|d   ;
;   4.847 ;   0.082  ; RR ; CELL ; 1      ; FF_X37_Y20_N11                        ; message_bytes_remaining[3]     ;
+---------+----------+----+------+--------+---------------------------------------+--------------------------------+

+------------------------------------------------------------------------------------------------------------------+
; Data Required Path                                                                                               ;
+---------+----------+----+------+--------+---------------------------------------+--------------------------------+
; Total   ; Incr     ; RF ; Type ; Fanout ; Location                              ; Element                        ;
+---------+----------+----+------+--------+---------------------------------------+--------------------------------+
; 0.000   ; 0.000    ;    ;      ;        ;                                       ; latch edge time                ;
; 4.332   ; 4.332    ;    ;      ;        ;                                       ; clock path                     ;
;   0.000 ;   0.000  ;    ;      ;        ;                                       ; source latency                 ;
;   0.000 ;   0.000  ;    ;      ; 1      ; PIN_M16                               ; clk                            ;
;   0.000 ;   0.000  ;    ; RE   ; 1      ; IOPAD_X89_Y35_N60                     ; ARRIAV_IO_PAD                  ;
;   0.000 ;   0.000  ;    ; RE   ; 1      ; IO_PAD_OUTPUT_X89_Y35_N60_I1          ; IO_PAD_OUTPUT                  ;
;   0.000 ;   0.000  ;    ; RE   ; 1      ; IO_INPUT_BUFFER_INPUT_X89_Y35_N61_I0  ; IO_INPUT_BUFFER_INPUT          ;
;   0.000 ;   0.000  ; RR ; IC   ; 1      ; IOIBUF_X89_Y35_N61                    ; clk~input|i                    ;
;   0.739 ;   0.739  ; RR ; CELL ; 1      ; IOIBUF_X89_Y35_N61                    ; clk~input|o                    ;
;   0.739 ;   0.000  ;    ; RE   ; 1      ; IOIBUF_X89_Y35_N61                    ; ARRIAV_IO_IBUF                 ;
;   0.739 ;   0.000  ;    ; RE   ; 1      ; IO_INPUT_BUFFER_OUTPUT_X89_Y35_N61_I2 ; IO_INPUT_BUFFER_OUTPUT         ;
;   0.739 ;   0.000  ;    ; RE   ; 1      ; IO_RE_X89_Y35_N60_I96                 ; IO_RE                          ;
;   0.833 ;   0.094  ;    ; RE   ; 1      ; IO_RE_X89_Y35_N60_I66                 ; IO_RE                          ;
;   1.125 ;   0.292  ;    ; RE   ; 1      ; CLKBUF_CLUSTER_RE_X89_Y39_N3_I421     ; CLKBUF_CLUSTER_RE              ;
;   1.125 ;   0.000  ;    ; RE   ; 1      ; CLKBUF_CLUSTER_RE_X89_Y39_N3_I772     ; CLKBUF_CLUSTER_RE              ;
;   1.125 ;   0.000  ;    ; RE   ; 1      ; CLKBUF_CLUSTER_RE_X89_Y39_N3_I557     ; CLKBUF_CLUSTER_RE              ;
;   1.125 ;   0.000  ;    ; RE   ; 1      ; GCLK_CLUSTER_RE_X89_Y39_N6_I10        ; GCLK_CLUSTER_RE                ;
;   1.125 ;   0.000  ;    ; RE   ; 1      ; CLKBUFBLOCK_INPUT_X89_Y39_N7_I0       ; CLKBUFBLOCK_INPUT              ;
;   1.125 ;   0.000  ; RR ; IC   ; 1      ; CLKCTRL_G9                            ; clk~inputCLKENA0|inclk         ;
;   1.632 ;   0.507  ; RR ; CELL ; 1674   ; CLKCTRL_G9                            ; clk~inputCLKENA0|outclk        ;
;   1.632 ;   0.000  ;    ; RE   ; 1      ; CLKCTRL_G9                            ; ARRIAV_CLKBUF                  ;
;   1.632 ;   0.000  ;    ; RE   ; 1      ; CLKBUFBLOCK_OUTPUT_X89_Y39_N7_I2      ; CLKBUFBLOCK_OUTPUT             ;
;   1.632 ;   0.000  ;    ; RE   ; 1      ; GCLK_CLUSTER_RE_X89_Y39_N6_I12        ; GCLK_CLUSTER_RE                ;
;   1.632 ;   0.000  ;    ; RE   ; 1      ; CLKBUF_CLUSTER_RE_X89_Y39_N3_I416     ; CLKBUF_CLUSTER_RE              ;
;   2.438 ;   0.806  ;    ; RE   ; 6      ; GLOBAL_CLOCK_X0_Y36_N0_I9             ; GLOBAL_CLOCK                   ;
;   2.582 ;   0.144  ;    ; RE   ; 6      ; SPINE_CLOCK_X33_Y19_N0_I22            ; SPINE_CLOCK                    ;
;   2.985 ;   0.403  ;    ; RE   ; 1      ; SCLK_TO_ROWCLK_BUF_X33_Y20_N0_I133    ; SCLK_TO_ROWCLK_BUF             ;
;   3.069 ;   0.084  ;    ; RE   ; 1      ; SCLK_TO_ROWCLK_BUF_X33_Y20_N0_I136    ; SCLK_TO_ROWCLK_BUF             ;
;   3.546 ;   0.477  ;    ; RE   ; 3      ; LAB_CLK_X34_Y20_N0_I5                 ; LAB_CLK                        ;
;   3.690 ;   0.144  ;    ; RE   ; 1      ; BLK_CLK_BUF_X37_Y20_N0_I5             ; BLK_CLK_BUF                    ;
;   3.747 ;   0.057  ;    ; RE   ; 1      ; ROWCLKSEL_PREBUF_X37_Y20_N0_I5        ; ROWCLKSEL_PREBUF               ;
;   3.807 ;   0.060  ;    ; RE   ; 1      ; ROWCLKSEL_X37_Y20_N0_I0               ; ROWCLKSEL                      ;
;   3.807 ;   0.000  ;    ; RE   ; 1      ; GLOBAL_LOCAL_SEL_X37_Y20_N0_I0        ; GLOBAL_LOCAL_SEL               ;
;   3.807 ;   0.000  ;    ; RE   ; 16     ; LAB_INPUT_X37_Y20_N0_I2               ; LAB_INPUT                      ;
;   3.806 ;   -0.001 ; RR ; IC   ; 1      ; FF_X37_Y20_N11                        ; message_bytes_remaining[3]|clk ;
;   4.457 ;   0.651  ; RR ; CELL ; 1      ; FF_X37_Y20_N11                        ; message_bytes_remaining[3]     ;
;   4.332 ;   -0.125 ;    ;      ;        ;                                       ; clock pessimism removed        ;
; 4.332   ; 0.000    ;    ;      ;        ;                                       ; clock uncertainty              ;
; 4.332   ; 0.000    ;    ; uTh  ; 1      ; FF_X37_Y20_N11                        ; message_bytes_remaining[3]     ;
+---------+----------+----+------+--------+---------------------------------------+--------------------------------+

----------------------------
; Extra Fitter Information ;
----------------------------
HTML report is unavailable in plain text report export.


Path #14: Hold slack is 0.517 
===============================================================================
+---------------------------------------------+
; Path Summary                                ;
+--------------------+------------------------+
; Property           ; Value                  ;
+--------------------+------------------------+
; From Node          ; xof_bytes_remaining[9] ;
; To Node            ; xof_bytes_remaining[9] ;
; Launch Clock       ; clk                    ;
; Latch Clock        ; clk                    ;
; Data Arrival Time  ; 4.844                  ;
; Data Required Time ; 4.327                  ;
; Slack              ; 0.517                  ;
+--------------------+------------------------+

+-----------------------------------------------------------------------------------+
; Statistics                                                                        ;
+------------------------+-------+-------+-------------+------------+-------+-------+
; Property               ; Value ; Count ; Total Delay ; % of Total ; Min   ; Max   ;
+------------------------+-------+-------+-------------+------------+-------+-------+
; Hold Relationship      ; 0.000 ;       ;             ;            ;       ;       ;
; Clock Skew             ; 0.125 ;       ;             ;            ;       ;       ;
; Data Delay             ; 0.642 ;       ;             ;            ;       ;       ;
; Number of Logic Levels ;       ; 1     ;             ;            ;       ;       ;
; Physical Delays        ;       ;       ;             ;            ;       ;       ;
;  Arrival Path          ;       ;       ;             ;            ;       ;       ;
;   Clock                ;       ;       ;             ;            ;       ;       ;
;    IC                  ;       ; 3     ; 0.000       ; 0          ; 0.000 ; 0.000 ;
;    Cell                ;       ; 3     ; 1.764       ; 42         ; 0.470 ; 0.739 ;
;    Routing Element     ;       ; 26    ; 2.438       ; 58         ; 0.000 ; 0.763 ;
;   Data                 ;       ;       ;             ;            ;       ;       ;
;    IC                  ;       ; 2     ; 0.000       ; 0          ; 0.000 ; 0.000 ;
;    Cell                ;       ; 3     ; 0.349       ; 54         ; 0.000 ; 0.266 ;
;    uTco                ;       ; 1     ; 0.000       ; 0          ; 0.000 ; 0.000 ;
;    Routing Element     ;       ; 4     ; 0.293       ; 46         ; 0.000 ; 0.149 ;
;  Required Path         ;       ;       ;             ;            ;       ;       ;
;   Clock                ;       ;       ;             ;            ;       ;       ;
;    IC                  ;       ; 3     ; 0.001       ; 0          ; 0.000 ; 0.001 ;
;    Cell                ;       ; 3     ; 1.891       ; 42         ; 0.507 ; 0.739 ;
;    Routing Element     ;       ; 26    ; 2.560       ; 58         ; 0.000 ; 0.806 ;
+------------------------+-------+-------+-------------+------------+-------+-------+
Note: Negative delays are omitted from totals when calculating percentages

+-------------------------------------------------------------------------------------------------------------+
; Data Arrival Path                                                                                           ;
+---------+---------+----+------+--------+---------------------------------------+----------------------------+
; Total   ; Incr    ; RF ; Type ; Fanout ; Location                              ; Element                    ;
+---------+---------+----+------+--------+---------------------------------------+----------------------------+
; 0.000   ; 0.000   ;    ;      ;        ;                                       ; launch edge time           ;
; 4.202   ; 4.202   ;    ;      ;        ;                                       ; clock path                 ;
;   0.000 ;   0.000 ;    ;      ;        ;                                       ; source latency             ;
;   0.000 ;   0.000 ;    ;      ; 1      ; PIN_M16                               ; clk                        ;
;   0.000 ;   0.000 ;    ; RE   ; 1      ; IOPAD_X89_Y35_N60                     ; ARRIAV_IO_PAD              ;
;   0.000 ;   0.000 ;    ; RE   ; 1      ; IO_PAD_OUTPUT_X89_Y35_N60_I1          ; IO_PAD_OUTPUT              ;
;   0.000 ;   0.000 ;    ; RE   ; 1      ; IO_INPUT_BUFFER_INPUT_X89_Y35_N61_I0  ; IO_INPUT_BUFFER_INPUT      ;
;   0.000 ;   0.000 ; RR ; IC   ; 1      ; IOIBUF_X89_Y35_N61                    ; clk~input|i                ;
;   0.739 ;   0.739 ; RR ; CELL ; 1      ; IOIBUF_X89_Y35_N61                    ; clk~input|o                ;
;   0.739 ;   0.000 ;    ; RE   ; 1      ; IOIBUF_X89_Y35_N61                    ; ARRIAV_IO_IBUF             ;
;   0.739 ;   0.000 ;    ; RE   ; 1      ; IO_INPUT_BUFFER_OUTPUT_X89_Y35_N61_I2 ; IO_INPUT_BUFFER_OUTPUT     ;
;   0.739 ;   0.000 ;    ; RE   ; 1      ; IO_RE_X89_Y35_N60_I96                 ; IO_RE                      ;
;   0.827 ;   0.088 ;    ; RE   ; 1      ; IO_RE_X89_Y35_N60_I66                 ; IO_RE                      ;
;   1.102 ;   0.275 ;    ; RE   ; 1      ; CLKBUF_CLUSTER_RE_X89_Y39_N3_I421     ; CLKBUF_CLUSTER_RE          ;
;   1.102 ;   0.000 ;    ; RE   ; 1      ; CLKBUF_CLUSTER_RE_X89_Y39_N3_I772     ; CLKBUF_CLUSTER_RE          ;
;   1.102 ;   0.000 ;    ; RE   ; 1      ; CLKBUF_CLUSTER_RE_X89_Y39_N3_I557     ; CLKBUF_CLUSTER_RE          ;
;   1.102 ;   0.000 ;    ; RE   ; 1      ; GCLK_CLUSTER_RE_X89_Y39_N6_I10        ; GCLK_CLUSTER_RE            ;
;   1.102 ;   0.000 ;    ; RE   ; 1      ; CLKBUFBLOCK_INPUT_X89_Y39_N7_I0       ; CLKBUFBLOCK_INPUT          ;
;   1.102 ;   0.000 ; RR ; IC   ; 1      ; CLKCTRL_G9                            ; clk~inputCLKENA0|inclk     ;
;   1.572 ;   0.470 ; RR ; CELL ; 1674   ; CLKCTRL_G9                            ; clk~inputCLKENA0|outclk    ;
;   1.572 ;   0.000 ;    ; RE   ; 1      ; CLKCTRL_G9                            ; ARRIAV_CLKBUF              ;
;   1.572 ;   0.000 ;    ; RE   ; 1      ; CLKBUFBLOCK_OUTPUT_X89_Y39_N7_I2      ; CLKBUFBLOCK_OUTPUT         ;
;   1.572 ;   0.000 ;    ; RE   ; 1      ; GCLK_CLUSTER_RE_X89_Y39_N6_I12        ; GCLK_CLUSTER_RE            ;
;   1.572 ;   0.000 ;    ; RE   ; 1      ; CLKBUF_CLUSTER_RE_X89_Y39_N3_I416     ; CLKBUF_CLUSTER_RE          ;
;   2.335 ;   0.763 ;    ; RE   ; 6      ; GLOBAL_CLOCK_X0_Y36_N0_I9             ; GLOBAL_CLOCK               ;
;   2.473 ;   0.138 ;    ; RE   ; 6      ; SPINE_CLOCK_X33_Y19_N0_I22            ; SPINE_CLOCK                ;
;   2.862 ;   0.389 ;    ; RE   ; 1      ; SCLK_TO_ROWCLK_BUF_X33_Y23_N0_I133    ; SCLK_TO_ROWCLK_BUF         ;
;   2.943 ;   0.081 ;    ; RE   ; 1      ; SCLK_TO_ROWCLK_BUF_X33_Y23_N0_I136    ; SCLK_TO_ROWCLK_BUF         ;
;   3.406 ;   0.463 ;    ; RE   ; 3      ; LAB_CLK_X34_Y23_N0_I5                 ; LAB_CLK                    ;
;   3.539 ;   0.133 ;    ; RE   ; 1      ; BLK_CLK_BUF_X40_Y23_N0_I5             ; BLK_CLK_BUF                ;
;   3.593 ;   0.054 ;    ; RE   ; 1      ; ROWCLKSEL_PREBUF_X40_Y23_N0_I5        ; ROWCLKSEL_PREBUF           ;
;   3.647 ;   0.054 ;    ; RE   ; 1      ; ROWCLKSEL_X40_Y23_N0_I0               ; ROWCLKSEL                  ;
;   3.647 ;   0.000 ;    ; RE   ; 1      ; GLOBAL_LOCAL_SEL_X40_Y23_N0_I0        ; GLOBAL_LOCAL_SEL           ;
;   3.647 ;   0.000 ;    ; RE   ; 13     ; LAB_INPUT_X40_Y23_N0_I2               ; LAB_INPUT                  ;
;   3.647 ;   0.000 ; RR ; IC   ; 1      ; FF_X40_Y23_N20                        ; xof_bytes_remaining[9]|clk ;
;   4.202 ;   0.555 ; RR ; CELL ; 1      ; FF_X40_Y23_N20                        ; xof_bytes_remaining[9]     ;
; 4.844   ; 0.642   ;    ;      ;        ;                                       ; data path                  ;
;   4.202 ;   0.000 ;    ; uTco ; 1      ; FF_X40_Y23_N20                        ; xof_bytes_remaining[9]     ;
;   4.202 ;   0.000 ; FF ; CELL ; 2      ; FF_X40_Y23_N20                        ; xof_bytes_remaining[9]|q   ;
;   4.256 ;   0.054 ;    ; RE   ; 1      ; FF_X40_Y23_N20                        ; ARRIAV_FF                  ;
;   4.346 ;   0.090 ;    ; RE   ; 2      ; LOCAL_LINE_X40_Y23_N0_I6              ; LOCAL_LINE                 ;
;   4.495 ;   0.149 ;    ; RE   ; 1      ; BLOCK_INPUT_MUX_X40_Y23_N0_I28        ; LEIM_INPUT                 ;
;   4.495 ;   0.000 ; FF ; IC   ; 3      ; LABCELL_X40_Y23_N18                   ; Add5~33|datac              ;
;   4.761 ;   0.266 ; FR ; CELL ; 1      ; LABCELL_X40_Y23_N18                   ; Add5~33|sumout             ;
;   4.761 ;   0.000 ;    ; RE   ; 2      ; LABCELL_X40_Y23_N18                   ; ARRIAV_LCELL_COMB          ;
;   4.761 ;   0.000 ; RR ; IC   ; 1      ; FF_X40_Y23_N20                        ; xof_bytes_remaining[9]|d   ;
;   4.844 ;   0.083 ; RR ; CELL ; 1      ; FF_X40_Y23_N20                        ; xof_bytes_remaining[9]     ;
+---------+---------+----+------+--------+---------------------------------------+----------------------------+

+--------------------------------------------------------------------------------------------------------------+
; Data Required Path                                                                                           ;
+---------+----------+----+------+--------+---------------------------------------+----------------------------+
; Total   ; Incr     ; RF ; Type ; Fanout ; Location                              ; Element                    ;
+---------+----------+----+------+--------+---------------------------------------+----------------------------+
; 0.000   ; 0.000    ;    ;      ;        ;                                       ; latch edge time            ;
; 4.327   ; 4.327    ;    ;      ;        ;                                       ; clock path                 ;
;   0.000 ;   0.000  ;    ;      ;        ;                                       ; source latency             ;
;   0.000 ;   0.000  ;    ;      ; 1      ; PIN_M16                               ; clk                        ;
;   0.000 ;   0.000  ;    ; RE   ; 1      ; IOPAD_X89_Y35_N60                     ; ARRIAV_IO_PAD              ;
;   0.000 ;   0.000  ;    ; RE   ; 1      ; IO_PAD_OUTPUT_X89_Y35_N60_I1          ; IO_PAD_OUTPUT              ;
;   0.000 ;   0.000  ;    ; RE   ; 1      ; IO_INPUT_BUFFER_INPUT_X89_Y35_N61_I0  ; IO_INPUT_BUFFER_INPUT      ;
;   0.000 ;   0.000  ; RR ; IC   ; 1      ; IOIBUF_X89_Y35_N61                    ; clk~input|i                ;
;   0.739 ;   0.739  ; RR ; CELL ; 1      ; IOIBUF_X89_Y35_N61                    ; clk~input|o                ;
;   0.739 ;   0.000  ;    ; RE   ; 1      ; IOIBUF_X89_Y35_N61                    ; ARRIAV_IO_IBUF             ;
;   0.739 ;   0.000  ;    ; RE   ; 1      ; IO_INPUT_BUFFER_OUTPUT_X89_Y35_N61_I2 ; IO_INPUT_BUFFER_OUTPUT     ;
;   0.739 ;   0.000  ;    ; RE   ; 1      ; IO_RE_X89_Y35_N60_I96                 ; IO_RE                      ;
;   0.833 ;   0.094  ;    ; RE   ; 1      ; IO_RE_X89_Y35_N60_I66                 ; IO_RE                      ;
;   1.125 ;   0.292  ;    ; RE   ; 1      ; CLKBUF_CLUSTER_RE_X89_Y39_N3_I421     ; CLKBUF_CLUSTER_RE          ;
;   1.125 ;   0.000  ;    ; RE   ; 1      ; CLKBUF_CLUSTER_RE_X89_Y39_N3_I772     ; CLKBUF_CLUSTER_RE          ;
;   1.125 ;   0.000  ;    ; RE   ; 1      ; CLKBUF_CLUSTER_RE_X89_Y39_N3_I557     ; CLKBUF_CLUSTER_RE          ;
;   1.125 ;   0.000  ;    ; RE   ; 1      ; GCLK_CLUSTER_RE_X89_Y39_N6_I10        ; GCLK_CLUSTER_RE            ;
;   1.125 ;   0.000  ;    ; RE   ; 1      ; CLKBUFBLOCK_INPUT_X89_Y39_N7_I0       ; CLKBUFBLOCK_INPUT          ;
;   1.125 ;   0.000  ; RR ; IC   ; 1      ; CLKCTRL_G9                            ; clk~inputCLKENA0|inclk     ;
;   1.632 ;   0.507  ; RR ; CELL ; 1674   ; CLKCTRL_G9                            ; clk~inputCLKENA0|outclk    ;
;   1.632 ;   0.000  ;    ; RE   ; 1      ; CLKCTRL_G9                            ; ARRIAV_CLKBUF              ;
;   1.632 ;   0.000  ;    ; RE   ; 1      ; CLKBUFBLOCK_OUTPUT_X89_Y39_N7_I2      ; CLKBUFBLOCK_OUTPUT         ;
;   1.632 ;   0.000  ;    ; RE   ; 1      ; GCLK_CLUSTER_RE_X89_Y39_N6_I12        ; GCLK_CLUSTER_RE            ;
;   1.632 ;   0.000  ;    ; RE   ; 1      ; CLKBUF_CLUSTER_RE_X89_Y39_N3_I416     ; CLKBUF_CLUSTER_RE          ;
;   2.438 ;   0.806  ;    ; RE   ; 6      ; GLOBAL_CLOCK_X0_Y36_N0_I9             ; GLOBAL_CLOCK               ;
;   2.581 ;   0.143  ;    ; RE   ; 6      ; SPINE_CLOCK_X33_Y19_N0_I22            ; SPINE_CLOCK                ;
;   2.984 ;   0.403  ;    ; RE   ; 1      ; SCLK_TO_ROWCLK_BUF_X33_Y23_N0_I133    ; SCLK_TO_ROWCLK_BUF         ;
;   3.068 ;   0.084  ;    ; RE   ; 1      ; SCLK_TO_ROWCLK_BUF_X33_Y23_N0_I136    ; SCLK_TO_ROWCLK_BUF         ;
;   3.548 ;   0.480  ;    ; RE   ; 3      ; LAB_CLK_X34_Y23_N0_I5                 ; LAB_CLK                    ;
;   3.692 ;   0.144  ;    ; RE   ; 1      ; BLK_CLK_BUF_X40_Y23_N0_I5             ; BLK_CLK_BUF                ;
;   3.748 ;   0.056  ;    ; RE   ; 1      ; ROWCLKSEL_PREBUF_X40_Y23_N0_I5        ; ROWCLKSEL_PREBUF           ;
;   3.806 ;   0.058  ;    ; RE   ; 1      ; ROWCLKSEL_X40_Y23_N0_I0               ; ROWCLKSEL                  ;
;   3.806 ;   0.000  ;    ; RE   ; 1      ; GLOBAL_LOCAL_SEL_X40_Y23_N0_I0        ; GLOBAL_LOCAL_SEL           ;
;   3.806 ;   0.000  ;    ; RE   ; 13     ; LAB_INPUT_X40_Y23_N0_I2               ; LAB_INPUT                  ;
;   3.807 ;   0.001  ; RR ; IC   ; 1      ; FF_X40_Y23_N20                        ; xof_bytes_remaining[9]|clk ;
;   4.452 ;   0.645  ; RR ; CELL ; 1      ; FF_X40_Y23_N20                        ; xof_bytes_remaining[9]     ;
;   4.327 ;   -0.125 ;    ;      ;        ;                                       ; clock pessimism removed    ;
; 4.327   ; 0.000    ;    ;      ;        ;                                       ; clock uncertainty          ;
; 4.327   ; 0.000    ;    ; uTh  ; 1      ; FF_X40_Y23_N20                        ; xof_bytes_remaining[9]     ;
+---------+----------+----+------+--------+---------------------------------------+----------------------------+

----------------------------
; Extra Fitter Information ;
----------------------------
HTML report is unavailable in plain text report export.


Path #15: Hold slack is 0.524 
===============================================================================
+--------------------------------------------+
; Path Summary                               ;
+--------------------+-----------------------+
; Property           ; Value                 ;
+--------------------+-----------------------+
; From Node          ; state_array[0][1][48] ;
; To Node            ; state_array[0][1][48] ;
; Launch Clock       ; clk                   ;
; Latch Clock        ; clk                   ;
; Data Arrival Time  ; 4.879                 ;
; Data Required Time ; 4.355                 ;
; Slack              ; 0.524                 ;
+--------------------+-----------------------+

+-----------------------------------------------------------------------------------+
; Statistics                                                                        ;
+------------------------+-------+-------+-------------+------------+-------+-------+
; Property               ; Value ; Count ; Total Delay ; % of Total ; Min   ; Max   ;
+------------------------+-------+-------+-------------+------------+-------+-------+
; Hold Relationship      ; 0.000 ;       ;             ;            ;       ;       ;
; Clock Skew             ; 0.127 ;       ;             ;            ;       ;       ;
; Data Delay             ; 0.651 ;       ;             ;            ;       ;       ;
; Number of Logic Levels ;       ; 1     ;             ;            ;       ;       ;
; Physical Delays        ;       ;       ;             ;            ;       ;       ;
;  Arrival Path          ;       ;       ;             ;            ;       ;       ;
;   Clock                ;       ;       ;             ;            ;       ;       ;
;    IC                  ;       ; 3     ; 0.000       ; 0          ; 0.000 ; 0.000 ;
;    Cell                ;       ; 3     ; 1.773       ; 42         ; 0.470 ; 0.739 ;
;    Routing Element     ;       ; 26    ; 2.455       ; 58         ; 0.000 ; 0.776 ;
;   Data                 ;       ;       ;             ;            ;       ;       ;
;    IC                  ;       ; 2     ; 0.000       ; 0          ; 0.000 ; 0.000 ;
;    Cell                ;       ; 3     ; 0.651       ; 100        ; 0.000 ; 0.568 ;
;    uTco                ;       ; 1     ; 0.000       ; 0          ; 0.000 ; 0.000 ;
;    Routing Element     ;       ; 2     ; 0.000       ; 0          ; 0.000 ; 0.000 ;
;  Required Path         ;       ;       ;             ;            ;       ;       ;
;   Clock                ;       ;       ;             ;            ;       ;       ;
;    IC                  ;       ; 3     ; 0.001       ; 0          ; 0.000 ; 0.001 ;
;    Cell                ;       ; 3     ; 1.901       ; 42         ; 0.507 ; 0.739 ;
;    Routing Element     ;       ; 26    ; 2.579       ; 58         ; 0.000 ; 0.821 ;
+------------------------+-------+-------+-------------+------------+-------+-------+
Note: Negative delays are omitted from totals when calculating percentages

+------------------------------------------------------------------------------------------------------------+
; Data Arrival Path                                                                                          ;
+---------+---------+----+------+--------+---------------------------------------+---------------------------+
; Total   ; Incr    ; RF ; Type ; Fanout ; Location                              ; Element                   ;
+---------+---------+----+------+--------+---------------------------------------+---------------------------+
; 0.000   ; 0.000   ;    ;      ;        ;                                       ; launch edge time          ;
; 4.228   ; 4.228   ;    ;      ;        ;                                       ; clock path                ;
;   0.000 ;   0.000 ;    ;      ;        ;                                       ; source latency            ;
;   0.000 ;   0.000 ;    ;      ; 1      ; PIN_M16                               ; clk                       ;
;   0.000 ;   0.000 ;    ; RE   ; 1      ; IOPAD_X89_Y35_N60                     ; ARRIAV_IO_PAD             ;
;   0.000 ;   0.000 ;    ; RE   ; 1      ; IO_PAD_OUTPUT_X89_Y35_N60_I1          ; IO_PAD_OUTPUT             ;
;   0.000 ;   0.000 ;    ; RE   ; 1      ; IO_INPUT_BUFFER_INPUT_X89_Y35_N61_I0  ; IO_INPUT_BUFFER_INPUT     ;
;   0.000 ;   0.000 ; RR ; IC   ; 1      ; IOIBUF_X89_Y35_N61                    ; clk~input|i               ;
;   0.739 ;   0.739 ; RR ; CELL ; 1      ; IOIBUF_X89_Y35_N61                    ; clk~input|o               ;
;   0.739 ;   0.000 ;    ; RE   ; 1      ; IOIBUF_X89_Y35_N61                    ; ARRIAV_IO_IBUF            ;
;   0.739 ;   0.000 ;    ; RE   ; 1      ; IO_INPUT_BUFFER_OUTPUT_X89_Y35_N61_I2 ; IO_INPUT_BUFFER_OUTPUT    ;
;   0.739 ;   0.000 ;    ; RE   ; 1      ; IO_RE_X89_Y35_N60_I96                 ; IO_RE                     ;
;   0.827 ;   0.088 ;    ; RE   ; 1      ; IO_RE_X89_Y35_N60_I66                 ; IO_RE                     ;
;   1.102 ;   0.275 ;    ; RE   ; 1      ; CLKBUF_CLUSTER_RE_X89_Y39_N3_I421     ; CLKBUF_CLUSTER_RE         ;
;   1.102 ;   0.000 ;    ; RE   ; 1      ; CLKBUF_CLUSTER_RE_X89_Y39_N3_I772     ; CLKBUF_CLUSTER_RE         ;
;   1.102 ;   0.000 ;    ; RE   ; 1      ; CLKBUF_CLUSTER_RE_X89_Y39_N3_I557     ; CLKBUF_CLUSTER_RE         ;
;   1.102 ;   0.000 ;    ; RE   ; 1      ; GCLK_CLUSTER_RE_X89_Y39_N6_I10        ; GCLK_CLUSTER_RE           ;
;   1.102 ;   0.000 ;    ; RE   ; 1      ; CLKBUFBLOCK_INPUT_X89_Y39_N7_I0       ; CLKBUFBLOCK_INPUT         ;
;   1.102 ;   0.000 ; RR ; IC   ; 1      ; CLKCTRL_G9                            ; clk~inputCLKENA0|inclk    ;
;   1.572 ;   0.470 ; RR ; CELL ; 1674   ; CLKCTRL_G9                            ; clk~inputCLKENA0|outclk   ;
;   1.572 ;   0.000 ;    ; RE   ; 1      ; CLKCTRL_G9                            ; ARRIAV_CLKBUF             ;
;   1.572 ;   0.000 ;    ; RE   ; 1      ; CLKBUFBLOCK_OUTPUT_X89_Y39_N7_I2      ; CLKBUFBLOCK_OUTPUT        ;
;   1.572 ;   0.000 ;    ; RE   ; 1      ; GCLK_CLUSTER_RE_X89_Y39_N6_I12        ; GCLK_CLUSTER_RE           ;
;   1.572 ;   0.000 ;    ; RE   ; 1      ; CLKBUF_CLUSTER_RE_X89_Y39_N3_I416     ; CLKBUF_CLUSTER_RE         ;
;   2.348 ;   0.776 ;    ; RE   ; 6      ; GLOBAL_CLOCK_X0_Y36_N0_I9             ; GLOBAL_CLOCK              ;
;   2.482 ;   0.134 ;    ; RE   ; 13     ; SPINE_CLOCK_X55_Y19_N0_I22            ; SPINE_CLOCK               ;
;   2.872 ;   0.390 ;    ; RE   ; 1      ; SCLK_TO_ROWCLK_BUF_X55_Y29_N0_I133    ; SCLK_TO_ROWCLK_BUF        ;
;   2.963 ;   0.091 ;    ; RE   ; 2      ; SCLK_TO_ROWCLK_BUF_X55_Y29_N0_I136    ; SCLK_TO_ROWCLK_BUF        ;
;   3.427 ;   0.464 ;    ; RE   ; 7      ; LAB_CLK_X56_Y29_N0_I5                 ; LAB_CLK                   ;
;   3.556 ;   0.129 ;    ; RE   ; 1      ; BLK_CLK_BUF_X59_Y29_N0_I5             ; BLK_CLK_BUF               ;
;   3.610 ;   0.054 ;    ; RE   ; 1      ; ROWCLKSEL_PREBUF_X59_Y29_N0_I5        ; ROWCLKSEL_PREBUF          ;
;   3.664 ;   0.054 ;    ; RE   ; 1      ; ROWCLKSEL_X59_Y29_N0_I0               ; ROWCLKSEL                 ;
;   3.664 ;   0.000 ;    ; RE   ; 1      ; GLOBAL_LOCAL_SEL_X59_Y29_N0_I0        ; GLOBAL_LOCAL_SEL          ;
;   3.664 ;   0.000 ;    ; RE   ; 5      ; LAB_INPUT_X59_Y29_N0_I0               ; LAB_INPUT                 ;
;   3.664 ;   0.000 ; RR ; IC   ; 1      ; FF_X59_Y29_N44                        ; state_array[0][1][48]|clk ;
;   4.228 ;   0.564 ; RR ; CELL ; 1      ; FF_X59_Y29_N44                        ; state_array[0][1][48]     ;
; 4.879   ; 0.651   ;    ;      ;        ;                                       ; data path                 ;
;   4.228 ;   0.000 ;    ; uTco ; 1      ; FF_X59_Y29_N44                        ; state_array[0][1][48]     ;
;   4.228 ;   0.000 ; FF ; CELL ; 4      ; FF_X59_Y29_N44                        ; state_array[0][1][48]|q   ;
;   4.228 ;   0.000 ;    ; RE   ; 3      ; FF_X59_Y29_N44                        ; ARRIAV_FF                 ;
;   4.228 ;   0.000 ; FF ; IC   ; 1      ; MLABCELL_X59_Y29_N42                  ; state_array~1609|datae    ;
;   4.796 ;   0.568 ; FF ; CELL ; 1      ; MLABCELL_X59_Y29_N42                  ; state_array~1609|combout  ;
;   4.796 ;   0.000 ;    ; RE   ; 1      ; MLABCELL_X59_Y29_N42                  ; ARRIAV_LCELL_COMB         ;
;   4.796 ;   0.000 ; FF ; IC   ; 1      ; FF_X59_Y29_N44                        ; state_array[0][1][48]|d   ;
;   4.879 ;   0.083 ; FF ; CELL ; 1      ; FF_X59_Y29_N44                        ; state_array[0][1][48]     ;
+---------+---------+----+------+--------+---------------------------------------+---------------------------+

+-------------------------------------------------------------------------------------------------------------+
; Data Required Path                                                                                          ;
+---------+----------+----+------+--------+---------------------------------------+---------------------------+
; Total   ; Incr     ; RF ; Type ; Fanout ; Location                              ; Element                   ;
+---------+----------+----+------+--------+---------------------------------------+---------------------------+
; 0.000   ; 0.000    ;    ;      ;        ;                                       ; latch edge time           ;
; 4.355   ; 4.355    ;    ;      ;        ;                                       ; clock path                ;
;   0.000 ;   0.000  ;    ;      ;        ;                                       ; source latency            ;
;   0.000 ;   0.000  ;    ;      ; 1      ; PIN_M16                               ; clk                       ;
;   0.000 ;   0.000  ;    ; RE   ; 1      ; IOPAD_X89_Y35_N60                     ; ARRIAV_IO_PAD             ;
;   0.000 ;   0.000  ;    ; RE   ; 1      ; IO_PAD_OUTPUT_X89_Y35_N60_I1          ; IO_PAD_OUTPUT             ;
;   0.000 ;   0.000  ;    ; RE   ; 1      ; IO_INPUT_BUFFER_INPUT_X89_Y35_N61_I0  ; IO_INPUT_BUFFER_INPUT     ;
;   0.000 ;   0.000  ; RR ; IC   ; 1      ; IOIBUF_X89_Y35_N61                    ; clk~input|i               ;
;   0.739 ;   0.739  ; RR ; CELL ; 1      ; IOIBUF_X89_Y35_N61                    ; clk~input|o               ;
;   0.739 ;   0.000  ;    ; RE   ; 1      ; IOIBUF_X89_Y35_N61                    ; ARRIAV_IO_IBUF            ;
;   0.739 ;   0.000  ;    ; RE   ; 1      ; IO_INPUT_BUFFER_OUTPUT_X89_Y35_N61_I2 ; IO_INPUT_BUFFER_OUTPUT    ;
;   0.739 ;   0.000  ;    ; RE   ; 1      ; IO_RE_X89_Y35_N60_I96                 ; IO_RE                     ;
;   0.833 ;   0.094  ;    ; RE   ; 1      ; IO_RE_X89_Y35_N60_I66                 ; IO_RE                     ;
;   1.125 ;   0.292  ;    ; RE   ; 1      ; CLKBUF_CLUSTER_RE_X89_Y39_N3_I421     ; CLKBUF_CLUSTER_RE         ;
;   1.125 ;   0.000  ;    ; RE   ; 1      ; CLKBUF_CLUSTER_RE_X89_Y39_N3_I772     ; CLKBUF_CLUSTER_RE         ;
;   1.125 ;   0.000  ;    ; RE   ; 1      ; CLKBUF_CLUSTER_RE_X89_Y39_N3_I557     ; CLKBUF_CLUSTER_RE         ;
;   1.125 ;   0.000  ;    ; RE   ; 1      ; GCLK_CLUSTER_RE_X89_Y39_N6_I10        ; GCLK_CLUSTER_RE           ;
;   1.125 ;   0.000  ;    ; RE   ; 1      ; CLKBUFBLOCK_INPUT_X89_Y39_N7_I0       ; CLKBUFBLOCK_INPUT         ;
;   1.125 ;   0.000  ; RR ; IC   ; 1      ; CLKCTRL_G9                            ; clk~inputCLKENA0|inclk    ;
;   1.632 ;   0.507  ; RR ; CELL ; 1674   ; CLKCTRL_G9                            ; clk~inputCLKENA0|outclk   ;
;   1.632 ;   0.000  ;    ; RE   ; 1      ; CLKCTRL_G9                            ; ARRIAV_CLKBUF             ;
;   1.632 ;   0.000  ;    ; RE   ; 1      ; CLKBUFBLOCK_OUTPUT_X89_Y39_N7_I2      ; CLKBUFBLOCK_OUTPUT        ;
;   1.632 ;   0.000  ;    ; RE   ; 1      ; GCLK_CLUSTER_RE_X89_Y39_N6_I12        ; GCLK_CLUSTER_RE           ;
;   1.632 ;   0.000  ;    ; RE   ; 1      ; CLKBUF_CLUSTER_RE_X89_Y39_N3_I416     ; CLKBUF_CLUSTER_RE         ;
;   2.453 ;   0.821  ;    ; RE   ; 6      ; GLOBAL_CLOCK_X0_Y36_N0_I9             ; GLOBAL_CLOCK              ;
;   2.592 ;   0.139  ;    ; RE   ; 13     ; SPINE_CLOCK_X55_Y19_N0_I22            ; SPINE_CLOCK               ;
;   2.995 ;   0.403  ;    ; RE   ; 1      ; SCLK_TO_ROWCLK_BUF_X55_Y29_N0_I133    ; SCLK_TO_ROWCLK_BUF        ;
;   3.089 ;   0.094  ;    ; RE   ; 2      ; SCLK_TO_ROWCLK_BUF_X55_Y29_N0_I136    ; SCLK_TO_ROWCLK_BUF        ;
;   3.570 ;   0.481  ;    ; RE   ; 7      ; LAB_CLK_X56_Y29_N0_I5                 ; LAB_CLK                   ;
;   3.710 ;   0.140  ;    ; RE   ; 1      ; BLK_CLK_BUF_X59_Y29_N0_I5             ; BLK_CLK_BUF               ;
;   3.766 ;   0.056  ;    ; RE   ; 1      ; ROWCLKSEL_PREBUF_X59_Y29_N0_I5        ; ROWCLKSEL_PREBUF          ;
;   3.825 ;   0.059  ;    ; RE   ; 1      ; ROWCLKSEL_X59_Y29_N0_I0               ; ROWCLKSEL                 ;
;   3.825 ;   0.000  ;    ; RE   ; 1      ; GLOBAL_LOCAL_SEL_X59_Y29_N0_I0        ; GLOBAL_LOCAL_SEL          ;
;   3.825 ;   0.000  ;    ; RE   ; 5      ; LAB_INPUT_X59_Y29_N0_I0               ; LAB_INPUT                 ;
;   3.826 ;   0.001  ; RR ; IC   ; 1      ; FF_X59_Y29_N44                        ; state_array[0][1][48]|clk ;
;   4.481 ;   0.655  ; RR ; CELL ; 1      ; FF_X59_Y29_N44                        ; state_array[0][1][48]     ;
;   4.355 ;   -0.126 ;    ;      ;        ;                                       ; clock pessimism removed   ;
; 4.355   ; 0.000    ;    ;      ;        ;                                       ; clock uncertainty         ;
; 4.355   ; 0.000    ;    ; uTh  ; 1      ; FF_X59_Y29_N44                        ; state_array[0][1][48]     ;
+---------+----------+----+------+--------+---------------------------------------+---------------------------+

----------------------------
; Extra Fitter Information ;
----------------------------
HTML report is unavailable in plain text report export.


Path #16: Hold slack is 0.524 
===============================================================================
+--------------------------------------------+
; Path Summary                               ;
+--------------------+-----------------------+
; Property           ; Value                 ;
+--------------------+-----------------------+
; From Node          ; state_array[0][4][48] ;
; To Node            ; state_array[0][4][48] ;
; Launch Clock       ; clk                   ;
; Latch Clock        ; clk                   ;
; Data Arrival Time  ; 4.879                 ;
; Data Required Time ; 4.355                 ;
; Slack              ; 0.524                 ;
+--------------------+-----------------------+

+-----------------------------------------------------------------------------------+
; Statistics                                                                        ;
+------------------------+-------+-------+-------------+------------+-------+-------+
; Property               ; Value ; Count ; Total Delay ; % of Total ; Min   ; Max   ;
+------------------------+-------+-------+-------------+------------+-------+-------+
; Hold Relationship      ; 0.000 ;       ;             ;            ;       ;       ;
; Clock Skew             ; 0.127 ;       ;             ;            ;       ;       ;
; Data Delay             ; 0.651 ;       ;             ;            ;       ;       ;
; Number of Logic Levels ;       ; 1     ;             ;            ;       ;       ;
; Physical Delays        ;       ;       ;             ;            ;       ;       ;
;  Arrival Path          ;       ;       ;             ;            ;       ;       ;
;   Clock                ;       ;       ;             ;            ;       ;       ;
;    IC                  ;       ; 3     ; 0.000       ; 0          ; 0.000 ; 0.000 ;
;    Cell                ;       ; 3     ; 1.773       ; 42         ; 0.470 ; 0.739 ;
;    Routing Element     ;       ; 26    ; 2.455       ; 58         ; 0.000 ; 0.776 ;
;   Data                 ;       ;       ;             ;            ;       ;       ;
;    IC                  ;       ; 2     ; 0.000       ; 0          ; 0.000 ; 0.000 ;
;    Cell                ;       ; 3     ; 0.651       ; 100        ; 0.000 ; 0.568 ;
;    uTco                ;       ; 1     ; 0.000       ; 0          ; 0.000 ; 0.000 ;
;    Routing Element     ;       ; 2     ; 0.000       ; 0          ; 0.000 ; 0.000 ;
;  Required Path         ;       ;       ;             ;            ;       ;       ;
;   Clock                ;       ;       ;             ;            ;       ;       ;
;    IC                  ;       ; 3     ; 0.001       ; 0          ; 0.000 ; 0.001 ;
;    Cell                ;       ; 3     ; 1.901       ; 42         ; 0.507 ; 0.739 ;
;    Routing Element     ;       ; 26    ; 2.579       ; 58         ; 0.000 ; 0.821 ;
+------------------------+-------+-------+-------------+------------+-------+-------+
Note: Negative delays are omitted from totals when calculating percentages

+------------------------------------------------------------------------------------------------------------+
; Data Arrival Path                                                                                          ;
+---------+---------+----+------+--------+---------------------------------------+---------------------------+
; Total   ; Incr    ; RF ; Type ; Fanout ; Location                              ; Element                   ;
+---------+---------+----+------+--------+---------------------------------------+---------------------------+
; 0.000   ; 0.000   ;    ;      ;        ;                                       ; launch edge time          ;
; 4.228   ; 4.228   ;    ;      ;        ;                                       ; clock path                ;
;   0.000 ;   0.000 ;    ;      ;        ;                                       ; source latency            ;
;   0.000 ;   0.000 ;    ;      ; 1      ; PIN_M16                               ; clk                       ;
;   0.000 ;   0.000 ;    ; RE   ; 1      ; IOPAD_X89_Y35_N60                     ; ARRIAV_IO_PAD             ;
;   0.000 ;   0.000 ;    ; RE   ; 1      ; IO_PAD_OUTPUT_X89_Y35_N60_I1          ; IO_PAD_OUTPUT             ;
;   0.000 ;   0.000 ;    ; RE   ; 1      ; IO_INPUT_BUFFER_INPUT_X89_Y35_N61_I0  ; IO_INPUT_BUFFER_INPUT     ;
;   0.000 ;   0.000 ; RR ; IC   ; 1      ; IOIBUF_X89_Y35_N61                    ; clk~input|i               ;
;   0.739 ;   0.739 ; RR ; CELL ; 1      ; IOIBUF_X89_Y35_N61                    ; clk~input|o               ;
;   0.739 ;   0.000 ;    ; RE   ; 1      ; IOIBUF_X89_Y35_N61                    ; ARRIAV_IO_IBUF            ;
;   0.739 ;   0.000 ;    ; RE   ; 1      ; IO_INPUT_BUFFER_OUTPUT_X89_Y35_N61_I2 ; IO_INPUT_BUFFER_OUTPUT    ;
;   0.739 ;   0.000 ;    ; RE   ; 1      ; IO_RE_X89_Y35_N60_I96                 ; IO_RE                     ;
;   0.827 ;   0.088 ;    ; RE   ; 1      ; IO_RE_X89_Y35_N60_I66                 ; IO_RE                     ;
;   1.102 ;   0.275 ;    ; RE   ; 1      ; CLKBUF_CLUSTER_RE_X89_Y39_N3_I421     ; CLKBUF_CLUSTER_RE         ;
;   1.102 ;   0.000 ;    ; RE   ; 1      ; CLKBUF_CLUSTER_RE_X89_Y39_N3_I772     ; CLKBUF_CLUSTER_RE         ;
;   1.102 ;   0.000 ;    ; RE   ; 1      ; CLKBUF_CLUSTER_RE_X89_Y39_N3_I557     ; CLKBUF_CLUSTER_RE         ;
;   1.102 ;   0.000 ;    ; RE   ; 1      ; GCLK_CLUSTER_RE_X89_Y39_N6_I10        ; GCLK_CLUSTER_RE           ;
;   1.102 ;   0.000 ;    ; RE   ; 1      ; CLKBUFBLOCK_INPUT_X89_Y39_N7_I0       ; CLKBUFBLOCK_INPUT         ;
;   1.102 ;   0.000 ; RR ; IC   ; 1      ; CLKCTRL_G9                            ; clk~inputCLKENA0|inclk    ;
;   1.572 ;   0.470 ; RR ; CELL ; 1674   ; CLKCTRL_G9                            ; clk~inputCLKENA0|outclk   ;
;   1.572 ;   0.000 ;    ; RE   ; 1      ; CLKCTRL_G9                            ; ARRIAV_CLKBUF             ;
;   1.572 ;   0.000 ;    ; RE   ; 1      ; CLKBUFBLOCK_OUTPUT_X89_Y39_N7_I2      ; CLKBUFBLOCK_OUTPUT        ;
;   1.572 ;   0.000 ;    ; RE   ; 1      ; GCLK_CLUSTER_RE_X89_Y39_N6_I12        ; GCLK_CLUSTER_RE           ;
;   1.572 ;   0.000 ;    ; RE   ; 1      ; CLKBUF_CLUSTER_RE_X89_Y39_N3_I416     ; CLKBUF_CLUSTER_RE         ;
;   2.348 ;   0.776 ;    ; RE   ; 6      ; GLOBAL_CLOCK_X0_Y36_N0_I9             ; GLOBAL_CLOCK              ;
;   2.482 ;   0.134 ;    ; RE   ; 13     ; SPINE_CLOCK_X55_Y19_N0_I22            ; SPINE_CLOCK               ;
;   2.872 ;   0.390 ;    ; RE   ; 1      ; SCLK_TO_ROWCLK_BUF_X55_Y29_N0_I133    ; SCLK_TO_ROWCLK_BUF        ;
;   2.963 ;   0.091 ;    ; RE   ; 2      ; SCLK_TO_ROWCLK_BUF_X55_Y29_N0_I136    ; SCLK_TO_ROWCLK_BUF        ;
;   3.427 ;   0.464 ;    ; RE   ; 7      ; LAB_CLK_X56_Y29_N0_I5                 ; LAB_CLK                   ;
;   3.556 ;   0.129 ;    ; RE   ; 1      ; BLK_CLK_BUF_X59_Y29_N0_I5             ; BLK_CLK_BUF               ;
;   3.610 ;   0.054 ;    ; RE   ; 1      ; ROWCLKSEL_PREBUF_X59_Y29_N0_I5        ; ROWCLKSEL_PREBUF          ;
;   3.664 ;   0.054 ;    ; RE   ; 1      ; ROWCLKSEL_X59_Y29_N0_I0               ; ROWCLKSEL                 ;
;   3.664 ;   0.000 ;    ; RE   ; 1      ; GLOBAL_LOCAL_SEL_X59_Y29_N0_I0        ; GLOBAL_LOCAL_SEL          ;
;   3.664 ;   0.000 ;    ; RE   ; 5      ; LAB_INPUT_X59_Y29_N0_I0               ; LAB_INPUT                 ;
;   3.664 ;   0.000 ; RR ; IC   ; 1      ; FF_X59_Y29_N2                         ; state_array[0][4][48]|clk ;
;   4.228 ;   0.564 ; RR ; CELL ; 1      ; FF_X59_Y29_N2                         ; state_array[0][4][48]     ;
; 4.879   ; 0.651   ;    ;      ;        ;                                       ; data path                 ;
;   4.228 ;   0.000 ;    ; uTco ; 1      ; FF_X59_Y29_N2                         ; state_array[0][4][48]     ;
;   4.228 ;   0.000 ; FF ; CELL ; 4      ; FF_X59_Y29_N2                         ; state_array[0][4][48]|q   ;
;   4.228 ;   0.000 ;    ; RE   ; 2      ; FF_X59_Y29_N2                         ; ARRIAV_FF                 ;
;   4.228 ;   0.000 ; FF ; IC   ; 1      ; MLABCELL_X59_Y29_N0                   ; state_array~1583|datae    ;
;   4.796 ;   0.568 ; FF ; CELL ; 1      ; MLABCELL_X59_Y29_N0                   ; state_array~1583|combout  ;
;   4.796 ;   0.000 ;    ; RE   ; 1      ; MLABCELL_X59_Y29_N0                   ; ARRIAV_LCELL_COMB         ;
;   4.796 ;   0.000 ; FF ; IC   ; 1      ; FF_X59_Y29_N2                         ; state_array[0][4][48]|d   ;
;   4.879 ;   0.083 ; FF ; CELL ; 1      ; FF_X59_Y29_N2                         ; state_array[0][4][48]     ;
+---------+---------+----+------+--------+---------------------------------------+---------------------------+

+-------------------------------------------------------------------------------------------------------------+
; Data Required Path                                                                                          ;
+---------+----------+----+------+--------+---------------------------------------+---------------------------+
; Total   ; Incr     ; RF ; Type ; Fanout ; Location                              ; Element                   ;
+---------+----------+----+------+--------+---------------------------------------+---------------------------+
; 0.000   ; 0.000    ;    ;      ;        ;                                       ; latch edge time           ;
; 4.355   ; 4.355    ;    ;      ;        ;                                       ; clock path                ;
;   0.000 ;   0.000  ;    ;      ;        ;                                       ; source latency            ;
;   0.000 ;   0.000  ;    ;      ; 1      ; PIN_M16                               ; clk                       ;
;   0.000 ;   0.000  ;    ; RE   ; 1      ; IOPAD_X89_Y35_N60                     ; ARRIAV_IO_PAD             ;
;   0.000 ;   0.000  ;    ; RE   ; 1      ; IO_PAD_OUTPUT_X89_Y35_N60_I1          ; IO_PAD_OUTPUT             ;
;   0.000 ;   0.000  ;    ; RE   ; 1      ; IO_INPUT_BUFFER_INPUT_X89_Y35_N61_I0  ; IO_INPUT_BUFFER_INPUT     ;
;   0.000 ;   0.000  ; RR ; IC   ; 1      ; IOIBUF_X89_Y35_N61                    ; clk~input|i               ;
;   0.739 ;   0.739  ; RR ; CELL ; 1      ; IOIBUF_X89_Y35_N61                    ; clk~input|o               ;
;   0.739 ;   0.000  ;    ; RE   ; 1      ; IOIBUF_X89_Y35_N61                    ; ARRIAV_IO_IBUF            ;
;   0.739 ;   0.000  ;    ; RE   ; 1      ; IO_INPUT_BUFFER_OUTPUT_X89_Y35_N61_I2 ; IO_INPUT_BUFFER_OUTPUT    ;
;   0.739 ;   0.000  ;    ; RE   ; 1      ; IO_RE_X89_Y35_N60_I96                 ; IO_RE                     ;
;   0.833 ;   0.094  ;    ; RE   ; 1      ; IO_RE_X89_Y35_N60_I66                 ; IO_RE                     ;
;   1.125 ;   0.292  ;    ; RE   ; 1      ; CLKBUF_CLUSTER_RE_X89_Y39_N3_I421     ; CLKBUF_CLUSTER_RE         ;
;   1.125 ;   0.000  ;    ; RE   ; 1      ; CLKBUF_CLUSTER_RE_X89_Y39_N3_I772     ; CLKBUF_CLUSTER_RE         ;
;   1.125 ;   0.000  ;    ; RE   ; 1      ; CLKBUF_CLUSTER_RE_X89_Y39_N3_I557     ; CLKBUF_CLUSTER_RE         ;
;   1.125 ;   0.000  ;    ; RE   ; 1      ; GCLK_CLUSTER_RE_X89_Y39_N6_I10        ; GCLK_CLUSTER_RE           ;
;   1.125 ;   0.000  ;    ; RE   ; 1      ; CLKBUFBLOCK_INPUT_X89_Y39_N7_I0       ; CLKBUFBLOCK_INPUT         ;
;   1.125 ;   0.000  ; RR ; IC   ; 1      ; CLKCTRL_G9                            ; clk~inputCLKENA0|inclk    ;
;   1.632 ;   0.507  ; RR ; CELL ; 1674   ; CLKCTRL_G9                            ; clk~inputCLKENA0|outclk   ;
;   1.632 ;   0.000  ;    ; RE   ; 1      ; CLKCTRL_G9                            ; ARRIAV_CLKBUF             ;
;   1.632 ;   0.000  ;    ; RE   ; 1      ; CLKBUFBLOCK_OUTPUT_X89_Y39_N7_I2      ; CLKBUFBLOCK_OUTPUT        ;
;   1.632 ;   0.000  ;    ; RE   ; 1      ; GCLK_CLUSTER_RE_X89_Y39_N6_I12        ; GCLK_CLUSTER_RE           ;
;   1.632 ;   0.000  ;    ; RE   ; 1      ; CLKBUF_CLUSTER_RE_X89_Y39_N3_I416     ; CLKBUF_CLUSTER_RE         ;
;   2.453 ;   0.821  ;    ; RE   ; 6      ; GLOBAL_CLOCK_X0_Y36_N0_I9             ; GLOBAL_CLOCK              ;
;   2.592 ;   0.139  ;    ; RE   ; 13     ; SPINE_CLOCK_X55_Y19_N0_I22            ; SPINE_CLOCK               ;
;   2.995 ;   0.403  ;    ; RE   ; 1      ; SCLK_TO_ROWCLK_BUF_X55_Y29_N0_I133    ; SCLK_TO_ROWCLK_BUF        ;
;   3.089 ;   0.094  ;    ; RE   ; 2      ; SCLK_TO_ROWCLK_BUF_X55_Y29_N0_I136    ; SCLK_TO_ROWCLK_BUF        ;
;   3.570 ;   0.481  ;    ; RE   ; 7      ; LAB_CLK_X56_Y29_N0_I5                 ; LAB_CLK                   ;
;   3.710 ;   0.140  ;    ; RE   ; 1      ; BLK_CLK_BUF_X59_Y29_N0_I5             ; BLK_CLK_BUF               ;
;   3.766 ;   0.056  ;    ; RE   ; 1      ; ROWCLKSEL_PREBUF_X59_Y29_N0_I5        ; ROWCLKSEL_PREBUF          ;
;   3.825 ;   0.059  ;    ; RE   ; 1      ; ROWCLKSEL_X59_Y29_N0_I0               ; ROWCLKSEL                 ;
;   3.825 ;   0.000  ;    ; RE   ; 1      ; GLOBAL_LOCAL_SEL_X59_Y29_N0_I0        ; GLOBAL_LOCAL_SEL          ;
;   3.825 ;   0.000  ;    ; RE   ; 5      ; LAB_INPUT_X59_Y29_N0_I0               ; LAB_INPUT                 ;
;   3.826 ;   0.001  ; RR ; IC   ; 1      ; FF_X59_Y29_N2                         ; state_array[0][4][48]|clk ;
;   4.481 ;   0.655  ; RR ; CELL ; 1      ; FF_X59_Y29_N2                         ; state_array[0][4][48]     ;
;   4.355 ;   -0.126 ;    ;      ;        ;                                       ; clock pessimism removed   ;
; 4.355   ; 0.000    ;    ;      ;        ;                                       ; clock uncertainty         ;
; 4.355   ; 0.000    ;    ; uTh  ; 1      ; FF_X59_Y29_N2                         ; state_array[0][4][48]     ;
+---------+----------+----+------+--------+---------------------------------------+---------------------------+

----------------------------
; Extra Fitter Information ;
----------------------------
HTML report is unavailable in plain text report export.


Path #17: Hold slack is 0.524 
===============================================================================
+-------------------------------------------+
; Path Summary                              ;
+--------------------+----------------------+
; Property           ; Value                ;
+--------------------+----------------------+
; From Node          ; state_array[0][0][6] ;
; To Node            ; state_array[0][0][6] ;
; Launch Clock       ; clk                  ;
; Latch Clock        ; clk                  ;
; Data Arrival Time  ; 4.883                ;
; Data Required Time ; 4.359                ;
; Slack              ; 0.524                ;
+--------------------+----------------------+

+-----------------------------------------------------------------------------------+
; Statistics                                                                        ;
+------------------------+-------+-------+-------------+------------+-------+-------+
; Property               ; Value ; Count ; Total Delay ; % of Total ; Min   ; Max   ;
+------------------------+-------+-------+-------------+------------+-------+-------+
; Hold Relationship      ; 0.000 ;       ;             ;            ;       ;       ;
; Clock Skew             ; 0.127 ;       ;             ;            ;       ;       ;
; Data Delay             ; 0.651 ;       ;             ;            ;       ;       ;
; Number of Logic Levels ;       ; 1     ;             ;            ;       ;       ;
; Physical Delays        ;       ;       ;             ;            ;       ;       ;
;  Arrival Path          ;       ;       ;             ;            ;       ;       ;
;   Clock                ;       ;       ;             ;            ;       ;       ;
;    IC                  ;       ; 3     ; 0.000       ; 0          ; 0.000 ; 0.000 ;
;    Cell                ;       ; 3     ; 1.773       ; 42         ; 0.470 ; 0.739 ;
;    Routing Element     ;       ; 26    ; 2.459       ; 58         ; 0.000 ; 0.776 ;
;   Data                 ;       ;       ;             ;            ;       ;       ;
;    IC                  ;       ; 2     ; 0.000       ; 0          ; 0.000 ; 0.000 ;
;    Cell                ;       ; 3     ; 0.651       ; 100        ; 0.000 ; 0.568 ;
;    uTco                ;       ; 1     ; 0.000       ; 0          ; 0.000 ; 0.000 ;
;    Routing Element     ;       ; 2     ; 0.000       ; 0          ; 0.000 ; 0.000 ;
;  Required Path         ;       ;       ;             ;            ;       ;       ;
;   Clock                ;       ;       ;             ;            ;       ;       ;
;    IC                  ;       ; 3     ; 0.001       ; 0          ; 0.000 ; 0.001 ;
;    Cell                ;       ; 3     ; 1.901       ; 42         ; 0.507 ; 0.739 ;
;    Routing Element     ;       ; 26    ; 2.583       ; 58         ; 0.000 ; 0.821 ;
+------------------------+-------+-------+-------------+------------+-------+-------+
Note: Negative delays are omitted from totals when calculating percentages

+-----------------------------------------------------------------------------------------------------------+
; Data Arrival Path                                                                                         ;
+---------+---------+----+------+--------+---------------------------------------+--------------------------+
; Total   ; Incr    ; RF ; Type ; Fanout ; Location                              ; Element                  ;
+---------+---------+----+------+--------+---------------------------------------+--------------------------+
; 0.000   ; 0.000   ;    ;      ;        ;                                       ; launch edge time         ;
; 4.232   ; 4.232   ;    ;      ;        ;                                       ; clock path               ;
;   0.000 ;   0.000 ;    ;      ;        ;                                       ; source latency           ;
;   0.000 ;   0.000 ;    ;      ; 1      ; PIN_M16                               ; clk                      ;
;   0.000 ;   0.000 ;    ; RE   ; 1      ; IOPAD_X89_Y35_N60                     ; ARRIAV_IO_PAD            ;
;   0.000 ;   0.000 ;    ; RE   ; 1      ; IO_PAD_OUTPUT_X89_Y35_N60_I1          ; IO_PAD_OUTPUT            ;
;   0.000 ;   0.000 ;    ; RE   ; 1      ; IO_INPUT_BUFFER_INPUT_X89_Y35_N61_I0  ; IO_INPUT_BUFFER_INPUT    ;
;   0.000 ;   0.000 ; RR ; IC   ; 1      ; IOIBUF_X89_Y35_N61                    ; clk~input|i              ;
;   0.739 ;   0.739 ; RR ; CELL ; 1      ; IOIBUF_X89_Y35_N61                    ; clk~input|o              ;
;   0.739 ;   0.000 ;    ; RE   ; 1      ; IOIBUF_X89_Y35_N61                    ; ARRIAV_IO_IBUF           ;
;   0.739 ;   0.000 ;    ; RE   ; 1      ; IO_INPUT_BUFFER_OUTPUT_X89_Y35_N61_I2 ; IO_INPUT_BUFFER_OUTPUT   ;
;   0.739 ;   0.000 ;    ; RE   ; 1      ; IO_RE_X89_Y35_N60_I96                 ; IO_RE                    ;
;   0.827 ;   0.088 ;    ; RE   ; 1      ; IO_RE_X89_Y35_N60_I66                 ; IO_RE                    ;
;   1.102 ;   0.275 ;    ; RE   ; 1      ; CLKBUF_CLUSTER_RE_X89_Y39_N3_I421     ; CLKBUF_CLUSTER_RE        ;
;   1.102 ;   0.000 ;    ; RE   ; 1      ; CLKBUF_CLUSTER_RE_X89_Y39_N3_I772     ; CLKBUF_CLUSTER_RE        ;
;   1.102 ;   0.000 ;    ; RE   ; 1      ; CLKBUF_CLUSTER_RE_X89_Y39_N3_I557     ; CLKBUF_CLUSTER_RE        ;
;   1.102 ;   0.000 ;    ; RE   ; 1      ; GCLK_CLUSTER_RE_X89_Y39_N6_I10        ; GCLK_CLUSTER_RE          ;
;   1.102 ;   0.000 ;    ; RE   ; 1      ; CLKBUFBLOCK_INPUT_X89_Y39_N7_I0       ; CLKBUFBLOCK_INPUT        ;
;   1.102 ;   0.000 ; RR ; IC   ; 1      ; CLKCTRL_G9                            ; clk~inputCLKENA0|inclk   ;
;   1.572 ;   0.470 ; RR ; CELL ; 1674   ; CLKCTRL_G9                            ; clk~inputCLKENA0|outclk  ;
;   1.572 ;   0.000 ;    ; RE   ; 1      ; CLKCTRL_G9                            ; ARRIAV_CLKBUF            ;
;   1.572 ;   0.000 ;    ; RE   ; 1      ; CLKBUFBLOCK_OUTPUT_X89_Y39_N7_I2      ; CLKBUFBLOCK_OUTPUT       ;
;   1.572 ;   0.000 ;    ; RE   ; 1      ; GCLK_CLUSTER_RE_X89_Y39_N6_I12        ; GCLK_CLUSTER_RE          ;
;   1.572 ;   0.000 ;    ; RE   ; 1      ; CLKBUF_CLUSTER_RE_X89_Y39_N3_I416     ; CLKBUF_CLUSTER_RE        ;
;   2.348 ;   0.776 ;    ; RE   ; 6      ; GLOBAL_CLOCK_X0_Y36_N0_I9             ; GLOBAL_CLOCK             ;
;   2.482 ;   0.134 ;    ; RE   ; 13     ; SPINE_CLOCK_X55_Y19_N0_I22            ; SPINE_CLOCK              ;
;   2.872 ;   0.390 ;    ; RE   ; 1      ; SCLK_TO_ROWCLK_BUF_X55_Y29_N0_I133    ; SCLK_TO_ROWCLK_BUF       ;
;   2.963 ;   0.091 ;    ; RE   ; 2      ; SCLK_TO_ROWCLK_BUF_X55_Y29_N0_I136    ; SCLK_TO_ROWCLK_BUF       ;
;   3.430 ;   0.467 ;    ; RE   ; 7      ; LAB_CLK_X56_Y29_N0_I5                 ; LAB_CLK                  ;
;   3.559 ;   0.129 ;    ; RE   ; 1      ; BLK_CLK_BUF_X66_Y29_N0_I5             ; BLK_CLK_BUF              ;
;   3.613 ;   0.054 ;    ; RE   ; 1      ; ROWCLKSEL_PREBUF_X66_Y29_N0_I5        ; ROWCLKSEL_PREBUF         ;
;   3.668 ;   0.055 ;    ; RE   ; 1      ; ROWCLKSEL_X66_Y29_N0_I0               ; ROWCLKSEL                ;
;   3.668 ;   0.000 ;    ; RE   ; 1      ; GLOBAL_LOCAL_SEL_X66_Y29_N0_I0        ; GLOBAL_LOCAL_SEL         ;
;   3.668 ;   0.000 ;    ; RE   ; 2      ; LAB_INPUT_X66_Y29_N0_I0               ; LAB_INPUT                ;
;   3.668 ;   0.000 ; RR ; IC   ; 1      ; FF_X66_Y29_N26                        ; state_array[0][0][6]|clk ;
;   4.232 ;   0.564 ; RR ; CELL ; 1      ; FF_X66_Y29_N26                        ; state_array[0][0][6]     ;
; 4.883   ; 0.651   ;    ;      ;        ;                                       ; data path                ;
;   4.232 ;   0.000 ;    ; uTco ; 1      ; FF_X66_Y29_N26                        ; state_array[0][0][6]     ;
;   4.232 ;   0.000 ; FF ; CELL ; 4      ; FF_X66_Y29_N26                        ; state_array[0][0][6]|q   ;
;   4.232 ;   0.000 ;    ; RE   ; 2      ; FF_X66_Y29_N26                        ; ARRIAV_FF                ;
;   4.232 ;   0.000 ; FF ; IC   ; 1      ; LABCELL_X66_Y29_N24                   ; state_array~219|datae    ;
;   4.800 ;   0.568 ; FF ; CELL ; 1      ; LABCELL_X66_Y29_N24                   ; state_array~219|combout  ;
;   4.800 ;   0.000 ;    ; RE   ; 1      ; LABCELL_X66_Y29_N24                   ; ARRIAV_LCELL_COMB        ;
;   4.800 ;   0.000 ; FF ; IC   ; 1      ; FF_X66_Y29_N26                        ; state_array[0][0][6]|d   ;
;   4.883 ;   0.083 ; FF ; CELL ; 1      ; FF_X66_Y29_N26                        ; state_array[0][0][6]     ;
+---------+---------+----+------+--------+---------------------------------------+--------------------------+

+------------------------------------------------------------------------------------------------------------+
; Data Required Path                                                                                         ;
+---------+----------+----+------+--------+---------------------------------------+--------------------------+
; Total   ; Incr     ; RF ; Type ; Fanout ; Location                              ; Element                  ;
+---------+----------+----+------+--------+---------------------------------------+--------------------------+
; 0.000   ; 0.000    ;    ;      ;        ;                                       ; latch edge time          ;
; 4.359   ; 4.359    ;    ;      ;        ;                                       ; clock path               ;
;   0.000 ;   0.000  ;    ;      ;        ;                                       ; source latency           ;
;   0.000 ;   0.000  ;    ;      ; 1      ; PIN_M16                               ; clk                      ;
;   0.000 ;   0.000  ;    ; RE   ; 1      ; IOPAD_X89_Y35_N60                     ; ARRIAV_IO_PAD            ;
;   0.000 ;   0.000  ;    ; RE   ; 1      ; IO_PAD_OUTPUT_X89_Y35_N60_I1          ; IO_PAD_OUTPUT            ;
;   0.000 ;   0.000  ;    ; RE   ; 1      ; IO_INPUT_BUFFER_INPUT_X89_Y35_N61_I0  ; IO_INPUT_BUFFER_INPUT    ;
;   0.000 ;   0.000  ; RR ; IC   ; 1      ; IOIBUF_X89_Y35_N61                    ; clk~input|i              ;
;   0.739 ;   0.739  ; RR ; CELL ; 1      ; IOIBUF_X89_Y35_N61                    ; clk~input|o              ;
;   0.739 ;   0.000  ;    ; RE   ; 1      ; IOIBUF_X89_Y35_N61                    ; ARRIAV_IO_IBUF           ;
;   0.739 ;   0.000  ;    ; RE   ; 1      ; IO_INPUT_BUFFER_OUTPUT_X89_Y35_N61_I2 ; IO_INPUT_BUFFER_OUTPUT   ;
;   0.739 ;   0.000  ;    ; RE   ; 1      ; IO_RE_X89_Y35_N60_I96                 ; IO_RE                    ;
;   0.833 ;   0.094  ;    ; RE   ; 1      ; IO_RE_X89_Y35_N60_I66                 ; IO_RE                    ;
;   1.125 ;   0.292  ;    ; RE   ; 1      ; CLKBUF_CLUSTER_RE_X89_Y39_N3_I421     ; CLKBUF_CLUSTER_RE        ;
;   1.125 ;   0.000  ;    ; RE   ; 1      ; CLKBUF_CLUSTER_RE_X89_Y39_N3_I772     ; CLKBUF_CLUSTER_RE        ;
;   1.125 ;   0.000  ;    ; RE   ; 1      ; CLKBUF_CLUSTER_RE_X89_Y39_N3_I557     ; CLKBUF_CLUSTER_RE        ;
;   1.125 ;   0.000  ;    ; RE   ; 1      ; GCLK_CLUSTER_RE_X89_Y39_N6_I10        ; GCLK_CLUSTER_RE          ;
;   1.125 ;   0.000  ;    ; RE   ; 1      ; CLKBUFBLOCK_INPUT_X89_Y39_N7_I0       ; CLKBUFBLOCK_INPUT        ;
;   1.125 ;   0.000  ; RR ; IC   ; 1      ; CLKCTRL_G9                            ; clk~inputCLKENA0|inclk   ;
;   1.632 ;   0.507  ; RR ; CELL ; 1674   ; CLKCTRL_G9                            ; clk~inputCLKENA0|outclk  ;
;   1.632 ;   0.000  ;    ; RE   ; 1      ; CLKCTRL_G9                            ; ARRIAV_CLKBUF            ;
;   1.632 ;   0.000  ;    ; RE   ; 1      ; CLKBUFBLOCK_OUTPUT_X89_Y39_N7_I2      ; CLKBUFBLOCK_OUTPUT       ;
;   1.632 ;   0.000  ;    ; RE   ; 1      ; GCLK_CLUSTER_RE_X89_Y39_N6_I12        ; GCLK_CLUSTER_RE          ;
;   1.632 ;   0.000  ;    ; RE   ; 1      ; CLKBUF_CLUSTER_RE_X89_Y39_N3_I416     ; CLKBUF_CLUSTER_RE        ;
;   2.453 ;   0.821  ;    ; RE   ; 6      ; GLOBAL_CLOCK_X0_Y36_N0_I9             ; GLOBAL_CLOCK             ;
;   2.592 ;   0.139  ;    ; RE   ; 13     ; SPINE_CLOCK_X55_Y19_N0_I22            ; SPINE_CLOCK              ;
;   2.995 ;   0.403  ;    ; RE   ; 1      ; SCLK_TO_ROWCLK_BUF_X55_Y29_N0_I133    ; SCLK_TO_ROWCLK_BUF       ;
;   3.089 ;   0.094  ;    ; RE   ; 2      ; SCLK_TO_ROWCLK_BUF_X55_Y29_N0_I136    ; SCLK_TO_ROWCLK_BUF       ;
;   3.573 ;   0.484  ;    ; RE   ; 7      ; LAB_CLK_X56_Y29_N0_I5                 ; LAB_CLK                  ;
;   3.713 ;   0.140  ;    ; RE   ; 1      ; BLK_CLK_BUF_X66_Y29_N0_I5             ; BLK_CLK_BUF              ;
;   3.769 ;   0.056  ;    ; RE   ; 1      ; ROWCLKSEL_PREBUF_X66_Y29_N0_I5        ; ROWCLKSEL_PREBUF         ;
;   3.829 ;   0.060  ;    ; RE   ; 1      ; ROWCLKSEL_X66_Y29_N0_I0               ; ROWCLKSEL                ;
;   3.829 ;   0.000  ;    ; RE   ; 1      ; GLOBAL_LOCAL_SEL_X66_Y29_N0_I0        ; GLOBAL_LOCAL_SEL         ;
;   3.829 ;   0.000  ;    ; RE   ; 2      ; LAB_INPUT_X66_Y29_N0_I0               ; LAB_INPUT                ;
;   3.830 ;   0.001  ; RR ; IC   ; 1      ; FF_X66_Y29_N26                        ; state_array[0][0][6]|clk ;
;   4.485 ;   0.655  ; RR ; CELL ; 1      ; FF_X66_Y29_N26                        ; state_array[0][0][6]     ;
;   4.359 ;   -0.126 ;    ;      ;        ;                                       ; clock pessimism removed  ;
; 4.359   ; 0.000    ;    ;      ;        ;                                       ; clock uncertainty        ;
; 4.359   ; 0.000    ;    ; uTh  ; 1      ; FF_X66_Y29_N26                        ; state_array[0][0][6]     ;
+---------+----------+----+------+--------+---------------------------------------+--------------------------+

----------------------------
; Extra Fitter Information ;
----------------------------
HTML report is unavailable in plain text report export.


Path #18: Hold slack is 0.524 
===============================================================================
+--------------------------------------------+
; Path Summary                               ;
+--------------------+-----------------------+
; Property           ; Value                 ;
+--------------------+-----------------------+
; From Node          ; state_array[2][1][48] ;
; To Node            ; state_array[2][1][48] ;
; Launch Clock       ; clk                   ;
; Latch Clock        ; clk                   ;
; Data Arrival Time  ; 4.879                 ;
; Data Required Time ; 4.355                 ;
; Slack              ; 0.524                 ;
+--------------------+-----------------------+

+-----------------------------------------------------------------------------------+
; Statistics                                                                        ;
+------------------------+-------+-------+-------------+------------+-------+-------+
; Property               ; Value ; Count ; Total Delay ; % of Total ; Min   ; Max   ;
+------------------------+-------+-------+-------------+------------+-------+-------+
; Hold Relationship      ; 0.000 ;       ;             ;            ;       ;       ;
; Clock Skew             ; 0.127 ;       ;             ;            ;       ;       ;
; Data Delay             ; 0.651 ;       ;             ;            ;       ;       ;
; Number of Logic Levels ;       ; 1     ;             ;            ;       ;       ;
; Physical Delays        ;       ;       ;             ;            ;       ;       ;
;  Arrival Path          ;       ;       ;             ;            ;       ;       ;
;   Clock                ;       ;       ;             ;            ;       ;       ;
;    IC                  ;       ; 3     ; 0.000       ; 0          ; 0.000 ; 0.000 ;
;    Cell                ;       ; 3     ; 1.773       ; 42         ; 0.470 ; 0.739 ;
;    Routing Element     ;       ; 26    ; 2.455       ; 58         ; 0.000 ; 0.776 ;
;   Data                 ;       ;       ;             ;            ;       ;       ;
;    IC                  ;       ; 2     ; 0.000       ; 0          ; 0.000 ; 0.000 ;
;    Cell                ;       ; 3     ; 0.651       ; 100        ; 0.000 ; 0.568 ;
;    uTco                ;       ; 1     ; 0.000       ; 0          ; 0.000 ; 0.000 ;
;    Routing Element     ;       ; 2     ; 0.000       ; 0          ; 0.000 ; 0.000 ;
;  Required Path         ;       ;       ;             ;            ;       ;       ;
;   Clock                ;       ;       ;             ;            ;       ;       ;
;    IC                  ;       ; 3     ; 0.001       ; 0          ; 0.000 ; 0.001 ;
;    Cell                ;       ; 3     ; 1.901       ; 42         ; 0.507 ; 0.739 ;
;    Routing Element     ;       ; 26    ; 2.579       ; 58         ; 0.000 ; 0.821 ;
+------------------------+-------+-------+-------------+------------+-------+-------+
Note: Negative delays are omitted from totals when calculating percentages

+------------------------------------------------------------------------------------------------------------+
; Data Arrival Path                                                                                          ;
+---------+---------+----+------+--------+---------------------------------------+---------------------------+
; Total   ; Incr    ; RF ; Type ; Fanout ; Location                              ; Element                   ;
+---------+---------+----+------+--------+---------------------------------------+---------------------------+
; 0.000   ; 0.000   ;    ;      ;        ;                                       ; launch edge time          ;
; 4.228   ; 4.228   ;    ;      ;        ;                                       ; clock path                ;
;   0.000 ;   0.000 ;    ;      ;        ;                                       ; source latency            ;
;   0.000 ;   0.000 ;    ;      ; 1      ; PIN_M16                               ; clk                       ;
;   0.000 ;   0.000 ;    ; RE   ; 1      ; IOPAD_X89_Y35_N60                     ; ARRIAV_IO_PAD             ;
;   0.000 ;   0.000 ;    ; RE   ; 1      ; IO_PAD_OUTPUT_X89_Y35_N60_I1          ; IO_PAD_OUTPUT             ;
;   0.000 ;   0.000 ;    ; RE   ; 1      ; IO_INPUT_BUFFER_INPUT_X89_Y35_N61_I0  ; IO_INPUT_BUFFER_INPUT     ;
;   0.000 ;   0.000 ; RR ; IC   ; 1      ; IOIBUF_X89_Y35_N61                    ; clk~input|i               ;
;   0.739 ;   0.739 ; RR ; CELL ; 1      ; IOIBUF_X89_Y35_N61                    ; clk~input|o               ;
;   0.739 ;   0.000 ;    ; RE   ; 1      ; IOIBUF_X89_Y35_N61                    ; ARRIAV_IO_IBUF            ;
;   0.739 ;   0.000 ;    ; RE   ; 1      ; IO_INPUT_BUFFER_OUTPUT_X89_Y35_N61_I2 ; IO_INPUT_BUFFER_OUTPUT    ;
;   0.739 ;   0.000 ;    ; RE   ; 1      ; IO_RE_X89_Y35_N60_I96                 ; IO_RE                     ;
;   0.827 ;   0.088 ;    ; RE   ; 1      ; IO_RE_X89_Y35_N60_I66                 ; IO_RE                     ;
;   1.102 ;   0.275 ;    ; RE   ; 1      ; CLKBUF_CLUSTER_RE_X89_Y39_N3_I421     ; CLKBUF_CLUSTER_RE         ;
;   1.102 ;   0.000 ;    ; RE   ; 1      ; CLKBUF_CLUSTER_RE_X89_Y39_N3_I772     ; CLKBUF_CLUSTER_RE         ;
;   1.102 ;   0.000 ;    ; RE   ; 1      ; CLKBUF_CLUSTER_RE_X89_Y39_N3_I557     ; CLKBUF_CLUSTER_RE         ;
;   1.102 ;   0.000 ;    ; RE   ; 1      ; GCLK_CLUSTER_RE_X89_Y39_N6_I10        ; GCLK_CLUSTER_RE           ;
;   1.102 ;   0.000 ;    ; RE   ; 1      ; CLKBUFBLOCK_INPUT_X89_Y39_N7_I0       ; CLKBUFBLOCK_INPUT         ;
;   1.102 ;   0.000 ; RR ; IC   ; 1      ; CLKCTRL_G9                            ; clk~inputCLKENA0|inclk    ;
;   1.572 ;   0.470 ; RR ; CELL ; 1674   ; CLKCTRL_G9                            ; clk~inputCLKENA0|outclk   ;
;   1.572 ;   0.000 ;    ; RE   ; 1      ; CLKCTRL_G9                            ; ARRIAV_CLKBUF             ;
;   1.572 ;   0.000 ;    ; RE   ; 1      ; CLKBUFBLOCK_OUTPUT_X89_Y39_N7_I2      ; CLKBUFBLOCK_OUTPUT        ;
;   1.572 ;   0.000 ;    ; RE   ; 1      ; GCLK_CLUSTER_RE_X89_Y39_N6_I12        ; GCLK_CLUSTER_RE           ;
;   1.572 ;   0.000 ;    ; RE   ; 1      ; CLKBUF_CLUSTER_RE_X89_Y39_N3_I416     ; CLKBUF_CLUSTER_RE         ;
;   2.348 ;   0.776 ;    ; RE   ; 6      ; GLOBAL_CLOCK_X0_Y36_N0_I9             ; GLOBAL_CLOCK              ;
;   2.482 ;   0.134 ;    ; RE   ; 13     ; SPINE_CLOCK_X55_Y19_N0_I22            ; SPINE_CLOCK               ;
;   2.872 ;   0.390 ;    ; RE   ; 1      ; SCLK_TO_ROWCLK_BUF_X55_Y29_N0_I133    ; SCLK_TO_ROWCLK_BUF        ;
;   2.963 ;   0.091 ;    ; RE   ; 2      ; SCLK_TO_ROWCLK_BUF_X55_Y29_N0_I136    ; SCLK_TO_ROWCLK_BUF        ;
;   3.427 ;   0.464 ;    ; RE   ; 7      ; LAB_CLK_X56_Y29_N0_I5                 ; LAB_CLK                   ;
;   3.556 ;   0.129 ;    ; RE   ; 1      ; BLK_CLK_BUF_X59_Y29_N0_I5             ; BLK_CLK_BUF               ;
;   3.610 ;   0.054 ;    ; RE   ; 1      ; ROWCLKSEL_PREBUF_X59_Y29_N0_I5        ; ROWCLKSEL_PREBUF          ;
;   3.664 ;   0.054 ;    ; RE   ; 1      ; ROWCLKSEL_X59_Y29_N0_I0               ; ROWCLKSEL                 ;
;   3.664 ;   0.000 ;    ; RE   ; 1      ; GLOBAL_LOCAL_SEL_X59_Y29_N0_I0        ; GLOBAL_LOCAL_SEL          ;
;   3.664 ;   0.000 ;    ; RE   ; 5      ; LAB_INPUT_X59_Y29_N0_I0               ; LAB_INPUT                 ;
;   3.664 ;   0.000 ; RR ; IC   ; 1      ; FF_X59_Y29_N14                        ; state_array[2][1][48]|clk ;
;   4.228 ;   0.564 ; RR ; CELL ; 1      ; FF_X59_Y29_N14                        ; state_array[2][1][48]     ;
; 4.879   ; 0.651   ;    ;      ;        ;                                       ; data path                 ;
;   4.228 ;   0.000 ;    ; uTco ; 1      ; FF_X59_Y29_N14                        ; state_array[2][1][48]     ;
;   4.228 ;   0.000 ; FF ; CELL ; 6      ; FF_X59_Y29_N14                        ; state_array[2][1][48]|q   ;
;   4.228 ;   0.000 ;    ; RE   ; 3      ; FF_X59_Y29_N14                        ; ARRIAV_FF                 ;
;   4.228 ;   0.000 ; FF ; IC   ; 1      ; MLABCELL_X59_Y29_N12                  ; state_array~1611|datae    ;
;   4.796 ;   0.568 ; FF ; CELL ; 1      ; MLABCELL_X59_Y29_N12                  ; state_array~1611|combout  ;
;   4.796 ;   0.000 ;    ; RE   ; 1      ; MLABCELL_X59_Y29_N12                  ; ARRIAV_LCELL_COMB         ;
;   4.796 ;   0.000 ; FF ; IC   ; 1      ; FF_X59_Y29_N14                        ; state_array[2][1][48]|d   ;
;   4.879 ;   0.083 ; FF ; CELL ; 1      ; FF_X59_Y29_N14                        ; state_array[2][1][48]     ;
+---------+---------+----+------+--------+---------------------------------------+---------------------------+

+-------------------------------------------------------------------------------------------------------------+
; Data Required Path                                                                                          ;
+---------+----------+----+------+--------+---------------------------------------+---------------------------+
; Total   ; Incr     ; RF ; Type ; Fanout ; Location                              ; Element                   ;
+---------+----------+----+------+--------+---------------------------------------+---------------------------+
; 0.000   ; 0.000    ;    ;      ;        ;                                       ; latch edge time           ;
; 4.355   ; 4.355    ;    ;      ;        ;                                       ; clock path                ;
;   0.000 ;   0.000  ;    ;      ;        ;                                       ; source latency            ;
;   0.000 ;   0.000  ;    ;      ; 1      ; PIN_M16                               ; clk                       ;
;   0.000 ;   0.000  ;    ; RE   ; 1      ; IOPAD_X89_Y35_N60                     ; ARRIAV_IO_PAD             ;
;   0.000 ;   0.000  ;    ; RE   ; 1      ; IO_PAD_OUTPUT_X89_Y35_N60_I1          ; IO_PAD_OUTPUT             ;
;   0.000 ;   0.000  ;    ; RE   ; 1      ; IO_INPUT_BUFFER_INPUT_X89_Y35_N61_I0  ; IO_INPUT_BUFFER_INPUT     ;
;   0.000 ;   0.000  ; RR ; IC   ; 1      ; IOIBUF_X89_Y35_N61                    ; clk~input|i               ;
;   0.739 ;   0.739  ; RR ; CELL ; 1      ; IOIBUF_X89_Y35_N61                    ; clk~input|o               ;
;   0.739 ;   0.000  ;    ; RE   ; 1      ; IOIBUF_X89_Y35_N61                    ; ARRIAV_IO_IBUF            ;
;   0.739 ;   0.000  ;    ; RE   ; 1      ; IO_INPUT_BUFFER_OUTPUT_X89_Y35_N61_I2 ; IO_INPUT_BUFFER_OUTPUT    ;
;   0.739 ;   0.000  ;    ; RE   ; 1      ; IO_RE_X89_Y35_N60_I96                 ; IO_RE                     ;
;   0.833 ;   0.094  ;    ; RE   ; 1      ; IO_RE_X89_Y35_N60_I66                 ; IO_RE                     ;
;   1.125 ;   0.292  ;    ; RE   ; 1      ; CLKBUF_CLUSTER_RE_X89_Y39_N3_I421     ; CLKBUF_CLUSTER_RE         ;
;   1.125 ;   0.000  ;    ; RE   ; 1      ; CLKBUF_CLUSTER_RE_X89_Y39_N3_I772     ; CLKBUF_CLUSTER_RE         ;
;   1.125 ;   0.000  ;    ; RE   ; 1      ; CLKBUF_CLUSTER_RE_X89_Y39_N3_I557     ; CLKBUF_CLUSTER_RE         ;
;   1.125 ;   0.000  ;    ; RE   ; 1      ; GCLK_CLUSTER_RE_X89_Y39_N6_I10        ; GCLK_CLUSTER_RE           ;
;   1.125 ;   0.000  ;    ; RE   ; 1      ; CLKBUFBLOCK_INPUT_X89_Y39_N7_I0       ; CLKBUFBLOCK_INPUT         ;
;   1.125 ;   0.000  ; RR ; IC   ; 1      ; CLKCTRL_G9                            ; clk~inputCLKENA0|inclk    ;
;   1.632 ;   0.507  ; RR ; CELL ; 1674   ; CLKCTRL_G9                            ; clk~inputCLKENA0|outclk   ;
;   1.632 ;   0.000  ;    ; RE   ; 1      ; CLKCTRL_G9                            ; ARRIAV_CLKBUF             ;
;   1.632 ;   0.000  ;    ; RE   ; 1      ; CLKBUFBLOCK_OUTPUT_X89_Y39_N7_I2      ; CLKBUFBLOCK_OUTPUT        ;
;   1.632 ;   0.000  ;    ; RE   ; 1      ; GCLK_CLUSTER_RE_X89_Y39_N6_I12        ; GCLK_CLUSTER_RE           ;
;   1.632 ;   0.000  ;    ; RE   ; 1      ; CLKBUF_CLUSTER_RE_X89_Y39_N3_I416     ; CLKBUF_CLUSTER_RE         ;
;   2.453 ;   0.821  ;    ; RE   ; 6      ; GLOBAL_CLOCK_X0_Y36_N0_I9             ; GLOBAL_CLOCK              ;
;   2.592 ;   0.139  ;    ; RE   ; 13     ; SPINE_CLOCK_X55_Y19_N0_I22            ; SPINE_CLOCK               ;
;   2.995 ;   0.403  ;    ; RE   ; 1      ; SCLK_TO_ROWCLK_BUF_X55_Y29_N0_I133    ; SCLK_TO_ROWCLK_BUF        ;
;   3.089 ;   0.094  ;    ; RE   ; 2      ; SCLK_TO_ROWCLK_BUF_X55_Y29_N0_I136    ; SCLK_TO_ROWCLK_BUF        ;
;   3.570 ;   0.481  ;    ; RE   ; 7      ; LAB_CLK_X56_Y29_N0_I5                 ; LAB_CLK                   ;
;   3.710 ;   0.140  ;    ; RE   ; 1      ; BLK_CLK_BUF_X59_Y29_N0_I5             ; BLK_CLK_BUF               ;
;   3.766 ;   0.056  ;    ; RE   ; 1      ; ROWCLKSEL_PREBUF_X59_Y29_N0_I5        ; ROWCLKSEL_PREBUF          ;
;   3.825 ;   0.059  ;    ; RE   ; 1      ; ROWCLKSEL_X59_Y29_N0_I0               ; ROWCLKSEL                 ;
;   3.825 ;   0.000  ;    ; RE   ; 1      ; GLOBAL_LOCAL_SEL_X59_Y29_N0_I0        ; GLOBAL_LOCAL_SEL          ;
;   3.825 ;   0.000  ;    ; RE   ; 5      ; LAB_INPUT_X59_Y29_N0_I0               ; LAB_INPUT                 ;
;   3.826 ;   0.001  ; RR ; IC   ; 1      ; FF_X59_Y29_N14                        ; state_array[2][1][48]|clk ;
;   4.481 ;   0.655  ; RR ; CELL ; 1      ; FF_X59_Y29_N14                        ; state_array[2][1][48]     ;
;   4.355 ;   -0.126 ;    ;      ;        ;                                       ; clock pessimism removed   ;
; 4.355   ; 0.000    ;    ;      ;        ;                                       ; clock uncertainty         ;
; 4.355   ; 0.000    ;    ; uTh  ; 1      ; FF_X59_Y29_N14                        ; state_array[2][1][48]     ;
+---------+----------+----+------+--------+---------------------------------------+---------------------------+

----------------------------
; Extra Fitter Information ;
----------------------------
HTML report is unavailable in plain text report export.


Path #19: Hold slack is 0.524 
===============================================================================
+--------------------------------------------+
; Path Summary                               ;
+--------------------+-----------------------+
; Property           ; Value                 ;
+--------------------+-----------------------+
; From Node          ; state_array[1][1][48] ;
; To Node            ; state_array[1][1][48] ;
; Launch Clock       ; clk                   ;
; Latch Clock        ; clk                   ;
; Data Arrival Time  ; 4.879                 ;
; Data Required Time ; 4.355                 ;
; Slack              ; 0.524                 ;
+--------------------+-----------------------+

+-----------------------------------------------------------------------------------+
; Statistics                                                                        ;
+------------------------+-------+-------+-------------+------------+-------+-------+
; Property               ; Value ; Count ; Total Delay ; % of Total ; Min   ; Max   ;
+------------------------+-------+-------+-------------+------------+-------+-------+
; Hold Relationship      ; 0.000 ;       ;             ;            ;       ;       ;
; Clock Skew             ; 0.127 ;       ;             ;            ;       ;       ;
; Data Delay             ; 0.651 ;       ;             ;            ;       ;       ;
; Number of Logic Levels ;       ; 1     ;             ;            ;       ;       ;
; Physical Delays        ;       ;       ;             ;            ;       ;       ;
;  Arrival Path          ;       ;       ;             ;            ;       ;       ;
;   Clock                ;       ;       ;             ;            ;       ;       ;
;    IC                  ;       ; 3     ; 0.000       ; 0          ; 0.000 ; 0.000 ;
;    Cell                ;       ; 3     ; 1.773       ; 42         ; 0.470 ; 0.739 ;
;    Routing Element     ;       ; 26    ; 2.455       ; 58         ; 0.000 ; 0.776 ;
;   Data                 ;       ;       ;             ;            ;       ;       ;
;    IC                  ;       ; 2     ; 0.000       ; 0          ; 0.000 ; 0.000 ;
;    Cell                ;       ; 3     ; 0.651       ; 100        ; 0.000 ; 0.568 ;
;    uTco                ;       ; 1     ; 0.000       ; 0          ; 0.000 ; 0.000 ;
;    Routing Element     ;       ; 2     ; 0.000       ; 0          ; 0.000 ; 0.000 ;
;  Required Path         ;       ;       ;             ;            ;       ;       ;
;   Clock                ;       ;       ;             ;            ;       ;       ;
;    IC                  ;       ; 3     ; 0.001       ; 0          ; 0.000 ; 0.001 ;
;    Cell                ;       ; 3     ; 1.901       ; 42         ; 0.507 ; 0.739 ;
;    Routing Element     ;       ; 26    ; 2.579       ; 58         ; 0.000 ; 0.821 ;
+------------------------+-------+-------+-------------+------------+-------+-------+
Note: Negative delays are omitted from totals when calculating percentages

+------------------------------------------------------------------------------------------------------------+
; Data Arrival Path                                                                                          ;
+---------+---------+----+------+--------+---------------------------------------+---------------------------+
; Total   ; Incr    ; RF ; Type ; Fanout ; Location                              ; Element                   ;
+---------+---------+----+------+--------+---------------------------------------+---------------------------+
; 0.000   ; 0.000   ;    ;      ;        ;                                       ; launch edge time          ;
; 4.228   ; 4.228   ;    ;      ;        ;                                       ; clock path                ;
;   0.000 ;   0.000 ;    ;      ;        ;                                       ; source latency            ;
;   0.000 ;   0.000 ;    ;      ; 1      ; PIN_M16                               ; clk                       ;
;   0.000 ;   0.000 ;    ; RE   ; 1      ; IOPAD_X89_Y35_N60                     ; ARRIAV_IO_PAD             ;
;   0.000 ;   0.000 ;    ; RE   ; 1      ; IO_PAD_OUTPUT_X89_Y35_N60_I1          ; IO_PAD_OUTPUT             ;
;   0.000 ;   0.000 ;    ; RE   ; 1      ; IO_INPUT_BUFFER_INPUT_X89_Y35_N61_I0  ; IO_INPUT_BUFFER_INPUT     ;
;   0.000 ;   0.000 ; RR ; IC   ; 1      ; IOIBUF_X89_Y35_N61                    ; clk~input|i               ;
;   0.739 ;   0.739 ; RR ; CELL ; 1      ; IOIBUF_X89_Y35_N61                    ; clk~input|o               ;
;   0.739 ;   0.000 ;    ; RE   ; 1      ; IOIBUF_X89_Y35_N61                    ; ARRIAV_IO_IBUF            ;
;   0.739 ;   0.000 ;    ; RE   ; 1      ; IO_INPUT_BUFFER_OUTPUT_X89_Y35_N61_I2 ; IO_INPUT_BUFFER_OUTPUT    ;
;   0.739 ;   0.000 ;    ; RE   ; 1      ; IO_RE_X89_Y35_N60_I96                 ; IO_RE                     ;
;   0.827 ;   0.088 ;    ; RE   ; 1      ; IO_RE_X89_Y35_N60_I66                 ; IO_RE                     ;
;   1.102 ;   0.275 ;    ; RE   ; 1      ; CLKBUF_CLUSTER_RE_X89_Y39_N3_I421     ; CLKBUF_CLUSTER_RE         ;
;   1.102 ;   0.000 ;    ; RE   ; 1      ; CLKBUF_CLUSTER_RE_X89_Y39_N3_I772     ; CLKBUF_CLUSTER_RE         ;
;   1.102 ;   0.000 ;    ; RE   ; 1      ; CLKBUF_CLUSTER_RE_X89_Y39_N3_I557     ; CLKBUF_CLUSTER_RE         ;
;   1.102 ;   0.000 ;    ; RE   ; 1      ; GCLK_CLUSTER_RE_X89_Y39_N6_I10        ; GCLK_CLUSTER_RE           ;
;   1.102 ;   0.000 ;    ; RE   ; 1      ; CLKBUFBLOCK_INPUT_X89_Y39_N7_I0       ; CLKBUFBLOCK_INPUT         ;
;   1.102 ;   0.000 ; RR ; IC   ; 1      ; CLKCTRL_G9                            ; clk~inputCLKENA0|inclk    ;
;   1.572 ;   0.470 ; RR ; CELL ; 1674   ; CLKCTRL_G9                            ; clk~inputCLKENA0|outclk   ;
;   1.572 ;   0.000 ;    ; RE   ; 1      ; CLKCTRL_G9                            ; ARRIAV_CLKBUF             ;
;   1.572 ;   0.000 ;    ; RE   ; 1      ; CLKBUFBLOCK_OUTPUT_X89_Y39_N7_I2      ; CLKBUFBLOCK_OUTPUT        ;
;   1.572 ;   0.000 ;    ; RE   ; 1      ; GCLK_CLUSTER_RE_X89_Y39_N6_I12        ; GCLK_CLUSTER_RE           ;
;   1.572 ;   0.000 ;    ; RE   ; 1      ; CLKBUF_CLUSTER_RE_X89_Y39_N3_I416     ; CLKBUF_CLUSTER_RE         ;
;   2.348 ;   0.776 ;    ; RE   ; 6      ; GLOBAL_CLOCK_X0_Y36_N0_I9             ; GLOBAL_CLOCK              ;
;   2.482 ;   0.134 ;    ; RE   ; 13     ; SPINE_CLOCK_X55_Y19_N0_I22            ; SPINE_CLOCK               ;
;   2.872 ;   0.390 ;    ; RE   ; 1      ; SCLK_TO_ROWCLK_BUF_X55_Y29_N0_I133    ; SCLK_TO_ROWCLK_BUF        ;
;   2.963 ;   0.091 ;    ; RE   ; 2      ; SCLK_TO_ROWCLK_BUF_X55_Y29_N0_I136    ; SCLK_TO_ROWCLK_BUF        ;
;   3.427 ;   0.464 ;    ; RE   ; 7      ; LAB_CLK_X56_Y29_N0_I5                 ; LAB_CLK                   ;
;   3.556 ;   0.129 ;    ; RE   ; 1      ; BLK_CLK_BUF_X59_Y29_N0_I5             ; BLK_CLK_BUF               ;
;   3.610 ;   0.054 ;    ; RE   ; 1      ; ROWCLKSEL_PREBUF_X59_Y29_N0_I5        ; ROWCLKSEL_PREBUF          ;
;   3.664 ;   0.054 ;    ; RE   ; 1      ; ROWCLKSEL_X59_Y29_N0_I0               ; ROWCLKSEL                 ;
;   3.664 ;   0.000 ;    ; RE   ; 1      ; GLOBAL_LOCAL_SEL_X59_Y29_N0_I0        ; GLOBAL_LOCAL_SEL          ;
;   3.664 ;   0.000 ;    ; RE   ; 5      ; LAB_INPUT_X59_Y29_N0_I0               ; LAB_INPUT                 ;
;   3.664 ;   0.000 ; RR ; IC   ; 1      ; FF_X59_Y29_N20                        ; state_array[1][1][48]|clk ;
;   4.228 ;   0.564 ; RR ; CELL ; 1      ; FF_X59_Y29_N20                        ; state_array[1][1][48]     ;
; 4.879   ; 0.651   ;    ;      ;        ;                                       ; data path                 ;
;   4.228 ;   0.000 ;    ; uTco ; 1      ; FF_X59_Y29_N20                        ; state_array[1][1][48]     ;
;   4.228 ;   0.000 ; FF ; CELL ; 7      ; FF_X59_Y29_N20                        ; state_array[1][1][48]|q   ;
;   4.228 ;   0.000 ;    ; RE   ; 2      ; FF_X59_Y29_N20                        ; ARRIAV_FF                 ;
;   4.228 ;   0.000 ; FF ; IC   ; 1      ; MLABCELL_X59_Y29_N18                  ; state_array~1603|datae    ;
;   4.796 ;   0.568 ; FF ; CELL ; 1      ; MLABCELL_X59_Y29_N18                  ; state_array~1603|combout  ;
;   4.796 ;   0.000 ;    ; RE   ; 1      ; MLABCELL_X59_Y29_N18                  ; ARRIAV_LCELL_COMB         ;
;   4.796 ;   0.000 ; FF ; IC   ; 1      ; FF_X59_Y29_N20                        ; state_array[1][1][48]|d   ;
;   4.879 ;   0.083 ; FF ; CELL ; 1      ; FF_X59_Y29_N20                        ; state_array[1][1][48]     ;
+---------+---------+----+------+--------+---------------------------------------+---------------------------+

+-------------------------------------------------------------------------------------------------------------+
; Data Required Path                                                                                          ;
+---------+----------+----+------+--------+---------------------------------------+---------------------------+
; Total   ; Incr     ; RF ; Type ; Fanout ; Location                              ; Element                   ;
+---------+----------+----+------+--------+---------------------------------------+---------------------------+
; 0.000   ; 0.000    ;    ;      ;        ;                                       ; latch edge time           ;
; 4.355   ; 4.355    ;    ;      ;        ;                                       ; clock path                ;
;   0.000 ;   0.000  ;    ;      ;        ;                                       ; source latency            ;
;   0.000 ;   0.000  ;    ;      ; 1      ; PIN_M16                               ; clk                       ;
;   0.000 ;   0.000  ;    ; RE   ; 1      ; IOPAD_X89_Y35_N60                     ; ARRIAV_IO_PAD             ;
;   0.000 ;   0.000  ;    ; RE   ; 1      ; IO_PAD_OUTPUT_X89_Y35_N60_I1          ; IO_PAD_OUTPUT             ;
;   0.000 ;   0.000  ;    ; RE   ; 1      ; IO_INPUT_BUFFER_INPUT_X89_Y35_N61_I0  ; IO_INPUT_BUFFER_INPUT     ;
;   0.000 ;   0.000  ; RR ; IC   ; 1      ; IOIBUF_X89_Y35_N61                    ; clk~input|i               ;
;   0.739 ;   0.739  ; RR ; CELL ; 1      ; IOIBUF_X89_Y35_N61                    ; clk~input|o               ;
;   0.739 ;   0.000  ;    ; RE   ; 1      ; IOIBUF_X89_Y35_N61                    ; ARRIAV_IO_IBUF            ;
;   0.739 ;   0.000  ;    ; RE   ; 1      ; IO_INPUT_BUFFER_OUTPUT_X89_Y35_N61_I2 ; IO_INPUT_BUFFER_OUTPUT    ;
;   0.739 ;   0.000  ;    ; RE   ; 1      ; IO_RE_X89_Y35_N60_I96                 ; IO_RE                     ;
;   0.833 ;   0.094  ;    ; RE   ; 1      ; IO_RE_X89_Y35_N60_I66                 ; IO_RE                     ;
;   1.125 ;   0.292  ;    ; RE   ; 1      ; CLKBUF_CLUSTER_RE_X89_Y39_N3_I421     ; CLKBUF_CLUSTER_RE         ;
;   1.125 ;   0.000  ;    ; RE   ; 1      ; CLKBUF_CLUSTER_RE_X89_Y39_N3_I772     ; CLKBUF_CLUSTER_RE         ;
;   1.125 ;   0.000  ;    ; RE   ; 1      ; CLKBUF_CLUSTER_RE_X89_Y39_N3_I557     ; CLKBUF_CLUSTER_RE         ;
;   1.125 ;   0.000  ;    ; RE   ; 1      ; GCLK_CLUSTER_RE_X89_Y39_N6_I10        ; GCLK_CLUSTER_RE           ;
;   1.125 ;   0.000  ;    ; RE   ; 1      ; CLKBUFBLOCK_INPUT_X89_Y39_N7_I0       ; CLKBUFBLOCK_INPUT         ;
;   1.125 ;   0.000  ; RR ; IC   ; 1      ; CLKCTRL_G9                            ; clk~inputCLKENA0|inclk    ;
;   1.632 ;   0.507  ; RR ; CELL ; 1674   ; CLKCTRL_G9                            ; clk~inputCLKENA0|outclk   ;
;   1.632 ;   0.000  ;    ; RE   ; 1      ; CLKCTRL_G9                            ; ARRIAV_CLKBUF             ;
;   1.632 ;   0.000  ;    ; RE   ; 1      ; CLKBUFBLOCK_OUTPUT_X89_Y39_N7_I2      ; CLKBUFBLOCK_OUTPUT        ;
;   1.632 ;   0.000  ;    ; RE   ; 1      ; GCLK_CLUSTER_RE_X89_Y39_N6_I12        ; GCLK_CLUSTER_RE           ;
;   1.632 ;   0.000  ;    ; RE   ; 1      ; CLKBUF_CLUSTER_RE_X89_Y39_N3_I416     ; CLKBUF_CLUSTER_RE         ;
;   2.453 ;   0.821  ;    ; RE   ; 6      ; GLOBAL_CLOCK_X0_Y36_N0_I9             ; GLOBAL_CLOCK              ;
;   2.592 ;   0.139  ;    ; RE   ; 13     ; SPINE_CLOCK_X55_Y19_N0_I22            ; SPINE_CLOCK               ;
;   2.995 ;   0.403  ;    ; RE   ; 1      ; SCLK_TO_ROWCLK_BUF_X55_Y29_N0_I133    ; SCLK_TO_ROWCLK_BUF        ;
;   3.089 ;   0.094  ;    ; RE   ; 2      ; SCLK_TO_ROWCLK_BUF_X55_Y29_N0_I136    ; SCLK_TO_ROWCLK_BUF        ;
;   3.570 ;   0.481  ;    ; RE   ; 7      ; LAB_CLK_X56_Y29_N0_I5                 ; LAB_CLK                   ;
;   3.710 ;   0.140  ;    ; RE   ; 1      ; BLK_CLK_BUF_X59_Y29_N0_I5             ; BLK_CLK_BUF               ;
;   3.766 ;   0.056  ;    ; RE   ; 1      ; ROWCLKSEL_PREBUF_X59_Y29_N0_I5        ; ROWCLKSEL_PREBUF          ;
;   3.825 ;   0.059  ;    ; RE   ; 1      ; ROWCLKSEL_X59_Y29_N0_I0               ; ROWCLKSEL                 ;
;   3.825 ;   0.000  ;    ; RE   ; 1      ; GLOBAL_LOCAL_SEL_X59_Y29_N0_I0        ; GLOBAL_LOCAL_SEL          ;
;   3.825 ;   0.000  ;    ; RE   ; 5      ; LAB_INPUT_X59_Y29_N0_I0               ; LAB_INPUT                 ;
;   3.826 ;   0.001  ; RR ; IC   ; 1      ; FF_X59_Y29_N20                        ; state_array[1][1][48]|clk ;
;   4.481 ;   0.655  ; RR ; CELL ; 1      ; FF_X59_Y29_N20                        ; state_array[1][1][48]     ;
;   4.355 ;   -0.126 ;    ;      ;        ;                                       ; clock pessimism removed   ;
; 4.355   ; 0.000    ;    ;      ;        ;                                       ; clock uncertainty         ;
; 4.355   ; 0.000    ;    ; uTh  ; 1      ; FF_X59_Y29_N20                        ; state_array[1][1][48]     ;
+---------+----------+----+------+--------+---------------------------------------+---------------------------+

----------------------------
; Extra Fitter Information ;
----------------------------
HTML report is unavailable in plain text report export.


Path #20: Hold slack is 0.524 
===============================================================================
+--------------------------------------------+
; Path Summary                               ;
+--------------------+-----------------------+
; Property           ; Value                 ;
+--------------------+-----------------------+
; From Node          ; state_array[0][3][50] ;
; To Node            ; state_array[0][3][50] ;
; Launch Clock       ; clk                   ;
; Latch Clock        ; clk                   ;
; Data Arrival Time  ; 4.883                 ;
; Data Required Time ; 4.359                 ;
; Slack              ; 0.524                 ;
+--------------------+-----------------------+

+-----------------------------------------------------------------------------------+
; Statistics                                                                        ;
+------------------------+-------+-------+-------------+------------+-------+-------+
; Property               ; Value ; Count ; Total Delay ; % of Total ; Min   ; Max   ;
+------------------------+-------+-------+-------------+------------+-------+-------+
; Hold Relationship      ; 0.000 ;       ;             ;            ;       ;       ;
; Clock Skew             ; 0.127 ;       ;             ;            ;       ;       ;
; Data Delay             ; 0.651 ;       ;             ;            ;       ;       ;
; Number of Logic Levels ;       ; 1     ;             ;            ;       ;       ;
; Physical Delays        ;       ;       ;             ;            ;       ;       ;
;  Arrival Path          ;       ;       ;             ;            ;       ;       ;
;   Clock                ;       ;       ;             ;            ;       ;       ;
;    IC                  ;       ; 3     ; 0.000       ; 0          ; 0.000 ; 0.000 ;
;    Cell                ;       ; 3     ; 1.773       ; 42         ; 0.470 ; 0.739 ;
;    Routing Element     ;       ; 26    ; 2.459       ; 58         ; 0.000 ; 0.776 ;
;   Data                 ;       ;       ;             ;            ;       ;       ;
;    IC                  ;       ; 2     ; 0.000       ; 0          ; 0.000 ; 0.000 ;
;    Cell                ;       ; 3     ; 0.651       ; 100        ; 0.000 ; 0.568 ;
;    uTco                ;       ; 1     ; 0.000       ; 0          ; 0.000 ; 0.000 ;
;    Routing Element     ;       ; 2     ; 0.000       ; 0          ; 0.000 ; 0.000 ;
;  Required Path         ;       ;       ;             ;            ;       ;       ;
;   Clock                ;       ;       ;             ;            ;       ;       ;
;    IC                  ;       ; 3     ; 0.001       ; 0          ; 0.000 ; 0.001 ;
;    Cell                ;       ; 3     ; 1.901       ; 42         ; 0.507 ; 0.739 ;
;    Routing Element     ;       ; 26    ; 2.583       ; 58         ; 0.000 ; 0.821 ;
+------------------------+-------+-------+-------------+------------+-------+-------+
Note: Negative delays are omitted from totals when calculating percentages

+------------------------------------------------------------------------------------------------------------+
; Data Arrival Path                                                                                          ;
+---------+---------+----+------+--------+---------------------------------------+---------------------------+
; Total   ; Incr    ; RF ; Type ; Fanout ; Location                              ; Element                   ;
+---------+---------+----+------+--------+---------------------------------------+---------------------------+
; 0.000   ; 0.000   ;    ;      ;        ;                                       ; launch edge time          ;
; 4.232   ; 4.232   ;    ;      ;        ;                                       ; clock path                ;
;   0.000 ;   0.000 ;    ;      ;        ;                                       ; source latency            ;
;   0.000 ;   0.000 ;    ;      ; 1      ; PIN_M16                               ; clk                       ;
;   0.000 ;   0.000 ;    ; RE   ; 1      ; IOPAD_X89_Y35_N60                     ; ARRIAV_IO_PAD             ;
;   0.000 ;   0.000 ;    ; RE   ; 1      ; IO_PAD_OUTPUT_X89_Y35_N60_I1          ; IO_PAD_OUTPUT             ;
;   0.000 ;   0.000 ;    ; RE   ; 1      ; IO_INPUT_BUFFER_INPUT_X89_Y35_N61_I0  ; IO_INPUT_BUFFER_INPUT     ;
;   0.000 ;   0.000 ; RR ; IC   ; 1      ; IOIBUF_X89_Y35_N61                    ; clk~input|i               ;
;   0.739 ;   0.739 ; RR ; CELL ; 1      ; IOIBUF_X89_Y35_N61                    ; clk~input|o               ;
;   0.739 ;   0.000 ;    ; RE   ; 1      ; IOIBUF_X89_Y35_N61                    ; ARRIAV_IO_IBUF            ;
;   0.739 ;   0.000 ;    ; RE   ; 1      ; IO_INPUT_BUFFER_OUTPUT_X89_Y35_N61_I2 ; IO_INPUT_BUFFER_OUTPUT    ;
;   0.739 ;   0.000 ;    ; RE   ; 1      ; IO_RE_X89_Y35_N60_I96                 ; IO_RE                     ;
;   0.827 ;   0.088 ;    ; RE   ; 1      ; IO_RE_X89_Y35_N60_I66                 ; IO_RE                     ;
;   1.102 ;   0.275 ;    ; RE   ; 1      ; CLKBUF_CLUSTER_RE_X89_Y39_N3_I421     ; CLKBUF_CLUSTER_RE         ;
;   1.102 ;   0.000 ;    ; RE   ; 1      ; CLKBUF_CLUSTER_RE_X89_Y39_N3_I772     ; CLKBUF_CLUSTER_RE         ;
;   1.102 ;   0.000 ;    ; RE   ; 1      ; CLKBUF_CLUSTER_RE_X89_Y39_N3_I557     ; CLKBUF_CLUSTER_RE         ;
;   1.102 ;   0.000 ;    ; RE   ; 1      ; GCLK_CLUSTER_RE_X89_Y39_N6_I10        ; GCLK_CLUSTER_RE           ;
;   1.102 ;   0.000 ;    ; RE   ; 1      ; CLKBUFBLOCK_INPUT_X89_Y39_N7_I0       ; CLKBUFBLOCK_INPUT         ;
;   1.102 ;   0.000 ; RR ; IC   ; 1      ; CLKCTRL_G9                            ; clk~inputCLKENA0|inclk    ;
;   1.572 ;   0.470 ; RR ; CELL ; 1674   ; CLKCTRL_G9                            ; clk~inputCLKENA0|outclk   ;
;   1.572 ;   0.000 ;    ; RE   ; 1      ; CLKCTRL_G9                            ; ARRIAV_CLKBUF             ;
;   1.572 ;   0.000 ;    ; RE   ; 1      ; CLKBUFBLOCK_OUTPUT_X89_Y39_N7_I2      ; CLKBUFBLOCK_OUTPUT        ;
;   1.572 ;   0.000 ;    ; RE   ; 1      ; GCLK_CLUSTER_RE_X89_Y39_N6_I12        ; GCLK_CLUSTER_RE           ;
;   1.572 ;   0.000 ;    ; RE   ; 1      ; CLKBUF_CLUSTER_RE_X89_Y39_N3_I416     ; CLKBUF_CLUSTER_RE         ;
;   2.348 ;   0.776 ;    ; RE   ; 6      ; GLOBAL_CLOCK_X0_Y36_N0_I9             ; GLOBAL_CLOCK              ;
;   2.482 ;   0.134 ;    ; RE   ; 13     ; SPINE_CLOCK_X55_Y19_N0_I22            ; SPINE_CLOCK               ;
;   2.872 ;   0.390 ;    ; RE   ; 1      ; SCLK_TO_ROWCLK_BUF_X55_Y29_N0_I133    ; SCLK_TO_ROWCLK_BUF        ;
;   2.963 ;   0.091 ;    ; RE   ; 2      ; SCLK_TO_ROWCLK_BUF_X55_Y29_N0_I136    ; SCLK_TO_ROWCLK_BUF        ;
;   3.430 ;   0.467 ;    ; RE   ; 7      ; LAB_CLK_X56_Y29_N0_I5                 ; LAB_CLK                   ;
;   3.559 ;   0.129 ;    ; RE   ; 1      ; BLK_CLK_BUF_X66_Y29_N0_I5             ; BLK_CLK_BUF               ;
;   3.613 ;   0.054 ;    ; RE   ; 1      ; ROWCLKSEL_PREBUF_X66_Y29_N0_I5        ; ROWCLKSEL_PREBUF          ;
;   3.668 ;   0.055 ;    ; RE   ; 1      ; ROWCLKSEL_X66_Y29_N0_I0               ; ROWCLKSEL                 ;
;   3.668 ;   0.000 ;    ; RE   ; 1      ; GLOBAL_LOCAL_SEL_X66_Y29_N0_I0        ; GLOBAL_LOCAL_SEL          ;
;   3.668 ;   0.000 ;    ; RE   ; 2      ; LAB_INPUT_X66_Y29_N0_I0               ; LAB_INPUT                 ;
;   3.668 ;   0.000 ; RR ; IC   ; 1      ; FF_X66_Y29_N8                         ; state_array[0][3][50]|clk ;
;   4.232 ;   0.564 ; RR ; CELL ; 1      ; FF_X66_Y29_N8                         ; state_array[0][3][50]     ;
; 4.883   ; 0.651   ;    ;      ;        ;                                       ; data path                 ;
;   4.232 ;   0.000 ;    ; uTco ; 1      ; FF_X66_Y29_N8                         ; state_array[0][3][50]     ;
;   4.232 ;   0.000 ; FF ; CELL ; 4      ; FF_X66_Y29_N8                         ; state_array[0][3][50]|q   ;
;   4.232 ;   0.000 ;    ; RE   ; 2      ; FF_X66_Y29_N8                         ; ARRIAV_FF                 ;
;   4.232 ;   0.000 ; FF ; IC   ; 1      ; LABCELL_X66_Y29_N6                    ; state_array~1683|datae    ;
;   4.800 ;   0.568 ; FF ; CELL ; 1      ; LABCELL_X66_Y29_N6                    ; state_array~1683|combout  ;
;   4.800 ;   0.000 ;    ; RE   ; 1      ; LABCELL_X66_Y29_N6                    ; ARRIAV_LCELL_COMB         ;
;   4.800 ;   0.000 ; FF ; IC   ; 1      ; FF_X66_Y29_N8                         ; state_array[0][3][50]|d   ;
;   4.883 ;   0.083 ; FF ; CELL ; 1      ; FF_X66_Y29_N8                         ; state_array[0][3][50]     ;
+---------+---------+----+------+--------+---------------------------------------+---------------------------+

+-------------------------------------------------------------------------------------------------------------+
; Data Required Path                                                                                          ;
+---------+----------+----+------+--------+---------------------------------------+---------------------------+
; Total   ; Incr     ; RF ; Type ; Fanout ; Location                              ; Element                   ;
+---------+----------+----+------+--------+---------------------------------------+---------------------------+
; 0.000   ; 0.000    ;    ;      ;        ;                                       ; latch edge time           ;
; 4.359   ; 4.359    ;    ;      ;        ;                                       ; clock path                ;
;   0.000 ;   0.000  ;    ;      ;        ;                                       ; source latency            ;
;   0.000 ;   0.000  ;    ;      ; 1      ; PIN_M16                               ; clk                       ;
;   0.000 ;   0.000  ;    ; RE   ; 1      ; IOPAD_X89_Y35_N60                     ; ARRIAV_IO_PAD             ;
;   0.000 ;   0.000  ;    ; RE   ; 1      ; IO_PAD_OUTPUT_X89_Y35_N60_I1          ; IO_PAD_OUTPUT             ;
;   0.000 ;   0.000  ;    ; RE   ; 1      ; IO_INPUT_BUFFER_INPUT_X89_Y35_N61_I0  ; IO_INPUT_BUFFER_INPUT     ;
;   0.000 ;   0.000  ; RR ; IC   ; 1      ; IOIBUF_X89_Y35_N61                    ; clk~input|i               ;
;   0.739 ;   0.739  ; RR ; CELL ; 1      ; IOIBUF_X89_Y35_N61                    ; clk~input|o               ;
;   0.739 ;   0.000  ;    ; RE   ; 1      ; IOIBUF_X89_Y35_N61                    ; ARRIAV_IO_IBUF            ;
;   0.739 ;   0.000  ;    ; RE   ; 1      ; IO_INPUT_BUFFER_OUTPUT_X89_Y35_N61_I2 ; IO_INPUT_BUFFER_OUTPUT    ;
;   0.739 ;   0.000  ;    ; RE   ; 1      ; IO_RE_X89_Y35_N60_I96                 ; IO_RE                     ;
;   0.833 ;   0.094  ;    ; RE   ; 1      ; IO_RE_X89_Y35_N60_I66                 ; IO_RE                     ;
;   1.125 ;   0.292  ;    ; RE   ; 1      ; CLKBUF_CLUSTER_RE_X89_Y39_N3_I421     ; CLKBUF_CLUSTER_RE         ;
;   1.125 ;   0.000  ;    ; RE   ; 1      ; CLKBUF_CLUSTER_RE_X89_Y39_N3_I772     ; CLKBUF_CLUSTER_RE         ;
;   1.125 ;   0.000  ;    ; RE   ; 1      ; CLKBUF_CLUSTER_RE_X89_Y39_N3_I557     ; CLKBUF_CLUSTER_RE         ;
;   1.125 ;   0.000  ;    ; RE   ; 1      ; GCLK_CLUSTER_RE_X89_Y39_N6_I10        ; GCLK_CLUSTER_RE           ;
;   1.125 ;   0.000  ;    ; RE   ; 1      ; CLKBUFBLOCK_INPUT_X89_Y39_N7_I0       ; CLKBUFBLOCK_INPUT         ;
;   1.125 ;   0.000  ; RR ; IC   ; 1      ; CLKCTRL_G9                            ; clk~inputCLKENA0|inclk    ;
;   1.632 ;   0.507  ; RR ; CELL ; 1674   ; CLKCTRL_G9                            ; clk~inputCLKENA0|outclk   ;
;   1.632 ;   0.000  ;    ; RE   ; 1      ; CLKCTRL_G9                            ; ARRIAV_CLKBUF             ;
;   1.632 ;   0.000  ;    ; RE   ; 1      ; CLKBUFBLOCK_OUTPUT_X89_Y39_N7_I2      ; CLKBUFBLOCK_OUTPUT        ;
;   1.632 ;   0.000  ;    ; RE   ; 1      ; GCLK_CLUSTER_RE_X89_Y39_N6_I12        ; GCLK_CLUSTER_RE           ;
;   1.632 ;   0.000  ;    ; RE   ; 1      ; CLKBUF_CLUSTER_RE_X89_Y39_N3_I416     ; CLKBUF_CLUSTER_RE         ;
;   2.453 ;   0.821  ;    ; RE   ; 6      ; GLOBAL_CLOCK_X0_Y36_N0_I9             ; GLOBAL_CLOCK              ;
;   2.592 ;   0.139  ;    ; RE   ; 13     ; SPINE_CLOCK_X55_Y19_N0_I22            ; SPINE_CLOCK               ;
;   2.995 ;   0.403  ;    ; RE   ; 1      ; SCLK_TO_ROWCLK_BUF_X55_Y29_N0_I133    ; SCLK_TO_ROWCLK_BUF        ;
;   3.089 ;   0.094  ;    ; RE   ; 2      ; SCLK_TO_ROWCLK_BUF_X55_Y29_N0_I136    ; SCLK_TO_ROWCLK_BUF        ;
;   3.573 ;   0.484  ;    ; RE   ; 7      ; LAB_CLK_X56_Y29_N0_I5                 ; LAB_CLK                   ;
;   3.713 ;   0.140  ;    ; RE   ; 1      ; BLK_CLK_BUF_X66_Y29_N0_I5             ; BLK_CLK_BUF               ;
;   3.769 ;   0.056  ;    ; RE   ; 1      ; ROWCLKSEL_PREBUF_X66_Y29_N0_I5        ; ROWCLKSEL_PREBUF          ;
;   3.829 ;   0.060  ;    ; RE   ; 1      ; ROWCLKSEL_X66_Y29_N0_I0               ; ROWCLKSEL                 ;
;   3.829 ;   0.000  ;    ; RE   ; 1      ; GLOBAL_LOCAL_SEL_X66_Y29_N0_I0        ; GLOBAL_LOCAL_SEL          ;
;   3.829 ;   0.000  ;    ; RE   ; 2      ; LAB_INPUT_X66_Y29_N0_I0               ; LAB_INPUT                 ;
;   3.830 ;   0.001  ; RR ; IC   ; 1      ; FF_X66_Y29_N8                         ; state_array[0][3][50]|clk ;
;   4.485 ;   0.655  ; RR ; CELL ; 1      ; FF_X66_Y29_N8                         ; state_array[0][3][50]     ;
;   4.359 ;   -0.126 ;    ;      ;        ;                                       ; clock pessimism removed   ;
; 4.359   ; 0.000    ;    ;      ;        ;                                       ; clock uncertainty         ;
; 4.359   ; 0.000    ;    ; uTh  ; 1      ; FF_X66_Y29_N8                         ; state_array[0][3][50]     ;
+---------+----------+----+------+--------+---------------------------------------+---------------------------+

----------------------------
; Extra Fitter Information ;
----------------------------
HTML report is unavailable in plain text report export.


