Fitter report for keccak_performance
Sat Sep 12 16:21:27 2026
Quartus Prime Version 25.1std.0 Build 1129 10/21/2025 SC Lite Edition


---------------------
; Table of Contents ;
---------------------
  1. Legal Notice
  2. Fitter Summary
  3. Fitter Settings
  4. Parallel Compilation
  5. Fitter Netlist Optimizations
  6. Incremental Compilation Preservation Summary
  7. Incremental Compilation Partition Settings
  8. Incremental Compilation Placement Preservation
  9. Pin-Out File
 10. Fitter Resource Usage Summary
 11. Fitter Partition Statistics
 12. Input Pins
 13. I/O Bank Usage
 14. All Package Pins
 15. I/O Assignment Warnings
 16. Fitter Resource Utilization by Entity
 17. Delay Chain Summary
 18. Pad To Core Delay Chain Fanout
 19. Control Signals
 20. Global & Other Fast Signals
 21. Non-Global High Fan-Out Signals
 22. Routing Usage Summary
 23. I/O Rules Summary
 24. I/O Rules Details
 25. I/O Rules Matrix
 26. Fitter Device Options
 27. Operating Settings and Conditions
 28. Estimated Delay Added for Hold Timing Summary
 29. Estimated Delay Added for Hold Timing Details
 30. Fitter Messages
 31. Fitter Suppressed Messages



----------------
; Legal Notice ;
----------------
Copyright (C) 2025  Altera Corporation. All rights reserved.
Your use of Altera Corporation's design tools, logic functions 
and other software and tools, and any partner logic 
functions, and any output files from any of the foregoing 
(including device programming or simulation files), and any 
associated documentation or information are expressly subject 
to the terms and conditions of the Altera Program License 
Subscription Agreement, the Altera Quartus Prime License Agreement,
the Altera IP License Agreement, or other applicable license
agreement, including, without limitation, that your use is for
the sole purpose of programming logic devices manufactured by
Altera and sold by Altera or its authorized distributors.  Please
refer to the Altera Software License Subscription Agreements 
on the Quartus Prime software download page.



+-----------------------------------------------------------------------------------+
; Fitter Summary                                                                    ;
+---------------------------------+-------------------------------------------------+
; Fitter Status                   ; Successful - Sat Sep 12 16:21:27 2026           ;
; Quartus Prime Version           ; 25.1std.0 Build 1129 10/21/2025 SC Lite Edition ;
; Revision Name                   ; keccak_performance                              ;
; Top-level Entity Name           ; keccak_core                                     ;
; Family                          ; Cyclone V                                       ;
; Device                          ; 5CGXFC7C7F23C8                                  ;
; Timing Models                   ; Final                                           ;
; Logic utilization (in ALMs)     ; 4,265 / 56,480 ( 8 % )                          ;
; Total registers                 ; 1674                                            ;
; Total pins                      ; 1 / 268 ( < 1 % )                               ;
; Total virtual pins              ; 174                                             ;
; Total block memory bits         ; 0 / 7,024,640 ( 0 % )                           ;
; Total RAM Blocks                ; 0 / 686 ( 0 % )                                 ;
; Total DSP Blocks                ; 0 / 156 ( 0 % )                                 ;
; Total HSSI RX PCSs              ; 0 / 6 ( 0 % )                                   ;
; Total HSSI PMA RX Deserializers ; 0 / 6 ( 0 % )                                   ;
; Total HSSI TX PCSs              ; 0 / 6 ( 0 % )                                   ;
; Total HSSI PMA TX Serializers   ; 0 / 6 ( 0 % )                                   ;
; Total PLLs                      ; 0 / 13 ( 0 % )                                  ;
; Total DLLs                      ; 0 / 4 ( 0 % )                                   ;
+---------------------------------+-------------------------------------------------+


+----------------------------------------------------------------------------------------------------------------------------------------------------+
; Fitter Settings                                                                                                                                    ;
+--------------------------------------------------------------------+---------------------------------------+---------------------------------------+
; Option                                                             ; Setting                               ; Default Value                         ;
+--------------------------------------------------------------------+---------------------------------------+---------------------------------------+
; Device                                                             ; 5CGXFC7C7F23C8                        ;                                       ;
; Maximum processors allowed for parallel compilation                ; 4                                     ;                                       ;
; Minimum Core Junction Temperature                                  ; 0                                     ;                                       ;
; Maximum Core Junction Temperature                                  ; 85                                    ;                                       ;
; Router Timing Optimization Level                                   ; MAXIMUM                               ; Normal                                ;
; Placement Effort Multiplier                                        ; 4.0                                   ; 1.0                                   ;
; Fitter Initial Placement Seed                                      ; 3                                     ; 1                                     ;
; Perform Physical Synthesis for Combinational Logic for Performance ; On                                    ; Off                                   ;
; Perform Register Duplication for Performance                       ; On                                    ; Off                                   ;
; Perform Register Retiming for Performance                          ; On                                    ; Off                                   ;
; Fitter Effort                                                      ; Standard Fit                          ; Auto Fit                              ;
; Use smart compilation                                              ; Off                                   ; Off                                   ;
; Enable parallel Assembler and Timing Analyzer during compilation   ; On                                    ; On                                    ;
; Enable compact report table                                        ; Off                                   ; Off                                   ;
; Perform Clocking Topology Analysis During Routing                  ; Off                                   ; Off                                   ;
; Device initialization clock source                                 ; INIT_INTOSC                           ; INIT_INTOSC                           ;
; Optimize Hold Timing                                               ; All Paths                             ; All Paths                             ;
; Optimize Multi-Corner Timing                                       ; On                                    ; On                                    ;
; Auto RAM to MLAB Conversion                                        ; On                                    ; On                                    ;
; Equivalent RAM and MLAB Power Up                                   ; Auto                                  ; Auto                                  ;
; Equivalent RAM and MLAB Paused Read Capabilities                   ; Care                                  ; Care                                  ;
; Power Optimization During Fitting                                  ; Normal compilation                    ; Normal compilation                    ;
; SSN Optimization                                                   ; Off                                   ; Off                                   ;
; Optimize Timing                                                    ; Normal compilation                    ; Normal compilation                    ;
; Optimize Timing for ECOs                                           ; Off                                   ; Off                                   ;
; Regenerate Full Fit Report During ECO Compiles                     ; Off                                   ; Off                                   ;
; Optimize IOC Register Placement for Timing                         ; Normal                                ; Normal                                ;
; Final Placement Optimizations                                      ; Automatically                         ; Automatically                         ;
; Fitter Aggressive Routability Optimizations                        ; Automatically                         ; Automatically                         ;
; Periphery to Core Placement and Routing Optimization               ; Off                                   ; Off                                   ;
; Weak Pull-Up Resistor                                              ; Off                                   ; Off                                   ;
; Enable Bus-Hold Circuitry                                          ; Off                                   ; Off                                   ;
; Auto Packed Registers                                              ; Auto                                  ; Auto                                  ;
; Auto Delay Chains                                                  ; On                                    ; On                                    ;
; Auto Delay Chains for High Fanout Input Pins                       ; Off                                   ; Off                                   ;
; Treat Bidirectional Pin as Output Pin                              ; Off                                   ; Off                                   ;
; Perform Physical Synthesis for Combinational Logic for Fitting     ; Off                                   ; Off                                   ;
; Perform Asynchronous Signal Pipelining                             ; Off                                   ; Off                                   ;
; Physical Synthesis Effort Level                                    ; Normal                                ; Normal                                ;
; Logic Cell Insertion - Logic Duplication                           ; Auto                                  ; Auto                                  ;
; Auto Register Duplication                                          ; Auto                                  ; Auto                                  ;
; Auto Global Clock                                                  ; On                                    ; On                                    ;
; Auto Global Register Control Signals                               ; On                                    ; On                                    ;
; Reserve all unused pins                                            ; As input tri-stated with weak pull-up ; As input tri-stated with weak pull-up ;
; Synchronizer Identification                                        ; Auto                                  ; Auto                                  ;
; Enable Beneficial Skew Optimization                                ; On                                    ; On                                    ;
; Optimize Design for Metastability                                  ; On                                    ; On                                    ;
; Active Serial clock source                                         ; FREQ_100MHz                           ; FREQ_100MHz                           ;
; Force Fitter to Avoid Periphery Placement Warnings                 ; Off                                   ; Off                                   ;
; Clamping Diode                                                     ; Off                                   ; Off                                   ;
; Enable input tri-state on active configuration pins in user mode   ; Off                                   ; Off                                   ;
; Advanced Physical Optimization                                     ; On                                    ; On                                    ;
+--------------------------------------------------------------------+---------------------------------------+---------------------------------------+


+------------------------------------------+
; Parallel Compilation                     ;
+----------------------------+-------------+
; Processors                 ; Number      ;
+----------------------------+-------------+
; Number detected on machine ; 12          ;
; Maximum allowed            ; 4           ;
;                            ;             ;
; Average used               ; 1.24        ;
; Maximum used               ; 4           ;
;                            ;             ;
; Usage by Processor         ; % Time Used ;
;     Processor 1            ; 100.0%      ;
;     Processor 2            ;   8.2%      ;
;     Processor 3            ;   8.1%      ;
;     Processor 4            ;   8.0%      ;
+----------------------------+-------------+


+----------------------------------------------------------------------------------------------------------------------------------------------------------------------------------------------------------------------------------------------------------------------------------------------+
; Fitter Netlist Optimizations                                                                                                                                                                                                                                                                 ;
+---------------------------------------------------------------------------------+------------+---------------------------------------------------+----------------------------+-----------+----------------+--------------------------------------+------------------+-----------------------+
; Node                                                                            ; Action     ; Operation                                         ; Reason                     ; Node Port ; Node Port Name ; Destination Node                     ; Destination Port ; Destination Port Name ;
+---------------------------------------------------------------------------------+------------+---------------------------------------------------+----------------------------+-----------+----------------+--------------------------------------+------------------+-----------------------+
; clk~inputCLKENA0                                                                ; Created    ; Placement                                         ; Fitter Periphery Placement ;           ;                ;                                      ;                  ;                       ;
; rst~CLKENA0                                                                     ; Created    ; Placement                                         ; Fitter Periphery Placement ;           ;                ;                                      ;                  ;                       ;
; Add2~1                                                                          ; Modified   ; Physical Synthesis                                ; Timing optimization        ;           ;                ;                                      ;                  ;                       ;
; Add2~2                                                                          ; Modified   ; Physical Synthesis                                ; Timing optimization        ;           ;                ;                                      ;                  ;                       ;
; LessThan11~1                                                                    ; Deleted    ; Physical Synthesis                                ; Timing optimization        ;           ;                ;                                      ;                  ;                       ;
; LessThan11~2                                                                    ; Modified   ; Physical Synthesis                                ; Timing optimization        ;           ;                ;                                      ;                  ;                       ;
; LessThan11~2_RESYN346_BDD347                                                    ; Created    ; Physical Synthesis                                ; Timing optimization        ;           ;                ;                                      ;                  ;                       ;
; LessThan11~3                                                                    ; Deleted    ; Physical Synthesis                                ; Timing optimization        ;           ;                ;                                      ;                  ;                       ;
; LessThan11~4                                                                    ; Modified   ; Physical Synthesis                                ; Timing optimization        ;           ;                ;                                      ;                  ;                       ;
; LessThan11~4_RESYN146_BDD147                                                    ; Created    ; Physical Synthesis                                ; Timing optimization        ;           ;                ;                                      ;                  ;                       ;
; input_bytes_this_word~1                                                         ; Modified   ; Physical Synthesis                                ; Timing optimization        ;           ;                ;                                      ;                  ;                       ;
; keccak_step_unit:KSU|chi_step:u_chi|state_array_o~1                             ; Modified   ; Physical Synthesis                                ; Timing optimization        ;           ;                ;                                      ;                  ;                       ;
; keccak_step_unit:KSU|chi_step:u_chi|state_array_o~2                             ; Modified   ; Physical Synthesis                                ; Timing optimization        ;           ;                ;                                      ;                  ;                       ;
; keccak_step_unit:KSU|theta_step:u_theta|D[0][0]                                 ; Modified   ; Physical Synthesis                                ; Timing optimization        ;           ;                ;                                      ;                  ;                       ;
; keccak_step_unit:KSU|theta_step:u_theta|D[0][1]                                 ; Modified   ; Physical Synthesis                                ; Timing optimization        ;           ;                ;                                      ;                  ;                       ;
; keccak_step_unit:KSU|theta_step:u_theta|D[0][2]                                 ; Modified   ; Physical Synthesis                                ; Timing optimization        ;           ;                ;                                      ;                  ;                       ;
; keccak_step_unit:KSU|theta_step:u_theta|D[0][3]                                 ; Modified   ; Physical Synthesis                                ; Timing optimization        ;           ;                ;                                      ;                  ;                       ;
; keccak_step_unit:KSU|theta_step:u_theta|D[0][4]                                 ; Modified   ; Physical Synthesis                                ; Timing optimization        ;           ;                ;                                      ;                  ;                       ;
; keccak_step_unit:KSU|theta_step:u_theta|D[0][5]                                 ; Modified   ; Physical Synthesis                                ; Timing optimization        ;           ;                ;                                      ;                  ;                       ;
; keccak_step_unit:KSU|theta_step:u_theta|D[0][6]                                 ; Modified   ; Physical Synthesis                                ; Timing optimization        ;           ;                ;                                      ;                  ;                       ;
; keccak_step_unit:KSU|theta_step:u_theta|D[0][7]                                 ; Modified   ; Physical Synthesis                                ; Timing optimization        ;           ;                ;                                      ;                  ;                       ;
; keccak_step_unit:KSU|theta_step:u_theta|D[0][8]                                 ; Modified   ; Physical Synthesis                                ; Timing optimization        ;           ;                ;                                      ;                  ;                       ;
; keccak_step_unit:KSU|theta_step:u_theta|D[0][9]                                 ; Modified   ; Physical Synthesis                                ; Timing optimization        ;           ;                ;                                      ;                  ;                       ;
; keccak_step_unit:KSU|theta_step:u_theta|D[0][10]                                ; Modified   ; Physical Synthesis                                ; Timing optimization        ;           ;                ;                                      ;                  ;                       ;
; keccak_step_unit:KSU|theta_step:u_theta|D[0][11]                                ; Modified   ; Physical Synthesis                                ; Timing optimization        ;           ;                ;                                      ;                  ;                       ;
; keccak_step_unit:KSU|theta_step:u_theta|D[0][12]                                ; Modified   ; Physical Synthesis                                ; Timing optimization        ;           ;                ;                                      ;                  ;                       ;
; keccak_step_unit:KSU|theta_step:u_theta|D[0][13]                                ; Modified   ; Physical Synthesis                                ; Timing optimization        ;           ;                ;                                      ;                  ;                       ;
; keccak_step_unit:KSU|theta_step:u_theta|D[0][14]                                ; Modified   ; Physical Synthesis                                ; Timing optimization        ;           ;                ;                                      ;                  ;                       ;
; keccak_step_unit:KSU|theta_step:u_theta|D[0][15]                                ; Modified   ; Physical Synthesis                                ; Timing optimization        ;           ;                ;                                      ;                  ;                       ;
; keccak_step_unit:KSU|theta_step:u_theta|D[0][16]                                ; Modified   ; Physical Synthesis                                ; Timing optimization        ;           ;                ;                                      ;                  ;                       ;
; keccak_step_unit:KSU|theta_step:u_theta|D[0][17]                                ; Modified   ; Physical Synthesis                                ; Timing optimization        ;           ;                ;                                      ;                  ;                       ;
; keccak_step_unit:KSU|theta_step:u_theta|D[0][18]                                ; Modified   ; Physical Synthesis                                ; Timing optimization        ;           ;                ;                                      ;                  ;                       ;
; keccak_step_unit:KSU|theta_step:u_theta|D[0][19]                                ; Modified   ; Physical Synthesis                                ; Timing optimization        ;           ;                ;                                      ;                  ;                       ;
; keccak_step_unit:KSU|theta_step:u_theta|D[0][20]                                ; Modified   ; Physical Synthesis                                ; Timing optimization        ;           ;                ;                                      ;                  ;                       ;
; keccak_step_unit:KSU|theta_step:u_theta|D[0][21]                                ; Modified   ; Physical Synthesis                                ; Timing optimization        ;           ;                ;                                      ;                  ;                       ;
; keccak_step_unit:KSU|theta_step:u_theta|D[0][22]                                ; Modified   ; Physical Synthesis                                ; Timing optimization        ;           ;                ;                                      ;                  ;                       ;
; keccak_step_unit:KSU|theta_step:u_theta|D[0][23]                                ; Modified   ; Physical Synthesis                                ; Timing optimization        ;           ;                ;                                      ;                  ;                       ;
; keccak_step_unit:KSU|theta_step:u_theta|D[0][24]                                ; Modified   ; Physical Synthesis                                ; Timing optimization        ;           ;                ;                                      ;                  ;                       ;
; keccak_step_unit:KSU|theta_step:u_theta|D[0][25]                                ; Modified   ; Physical Synthesis                                ; Timing optimization        ;           ;                ;                                      ;                  ;                       ;
; keccak_step_unit:KSU|theta_step:u_theta|D[0][26]                                ; Modified   ; Physical Synthesis                                ; Timing optimization        ;           ;                ;                                      ;                  ;                       ;
; keccak_step_unit:KSU|theta_step:u_theta|D[0][27]                                ; Modified   ; Physical Synthesis                                ; Timing optimization        ;           ;                ;                                      ;                  ;                       ;
; keccak_step_unit:KSU|theta_step:u_theta|D[0][28]                                ; Modified   ; Physical Synthesis                                ; Timing optimization        ;           ;                ;                                      ;                  ;                       ;
; keccak_step_unit:KSU|theta_step:u_theta|D[0][29]                                ; Modified   ; Physical Synthesis                                ; Timing optimization        ;           ;                ;                                      ;                  ;                       ;
; keccak_step_unit:KSU|theta_step:u_theta|D[0][30]                                ; Modified   ; Physical Synthesis                                ; Timing optimization        ;           ;                ;                                      ;                  ;                       ;
; keccak_step_unit:KSU|theta_step:u_theta|D[0][31]                                ; Modified   ; Physical Synthesis                                ; Timing optimization        ;           ;                ;                                      ;                  ;                       ;
; keccak_step_unit:KSU|theta_step:u_theta|D[0][32]                                ; Modified   ; Physical Synthesis                                ; Timing optimization        ;           ;                ;                                      ;                  ;                       ;
; keccak_step_unit:KSU|theta_step:u_theta|D[0][33]                                ; Modified   ; Physical Synthesis                                ; Timing optimization        ;           ;                ;                                      ;                  ;                       ;
; keccak_step_unit:KSU|theta_step:u_theta|D[0][34]                                ; Modified   ; Physical Synthesis                                ; Timing optimization        ;           ;                ;                                      ;                  ;                       ;
; keccak_step_unit:KSU|theta_step:u_theta|D[0][35]                                ; Modified   ; Physical Synthesis                                ; Timing optimization        ;           ;                ;                                      ;                  ;                       ;
; keccak_step_unit:KSU|theta_step:u_theta|D[0][36]                                ; Modified   ; Physical Synthesis                                ; Timing optimization        ;           ;                ;                                      ;                  ;                       ;
; keccak_step_unit:KSU|theta_step:u_theta|D[0][37]                                ; Modified   ; Physical Synthesis                                ; Timing optimization        ;           ;                ;                                      ;                  ;                       ;
; keccak_step_unit:KSU|theta_step:u_theta|D[0][38]                                ; Modified   ; Physical Synthesis                                ; Timing optimization        ;           ;                ;                                      ;                  ;                       ;
; keccak_step_unit:KSU|theta_step:u_theta|D[0][39]                                ; Modified   ; Physical Synthesis                                ; Timing optimization        ;           ;                ;                                      ;                  ;                       ;
; keccak_step_unit:KSU|theta_step:u_theta|D[0][40]                                ; Modified   ; Physical Synthesis                                ; Timing optimization        ;           ;                ;                                      ;                  ;                       ;
; keccak_step_unit:KSU|theta_step:u_theta|D[0][41]                                ; Modified   ; Physical Synthesis                                ; Timing optimization        ;           ;                ;                                      ;                  ;                       ;
; keccak_step_unit:KSU|theta_step:u_theta|D[0][42]                                ; Modified   ; Physical Synthesis                                ; Timing optimization        ;           ;                ;                                      ;                  ;                       ;
; keccak_step_unit:KSU|theta_step:u_theta|D[0][43]                                ; Modified   ; Physical Synthesis                                ; Timing optimization        ;           ;                ;                                      ;                  ;                       ;
; keccak_step_unit:KSU|theta_step:u_theta|D[0][44]                                ; Modified   ; Physical Synthesis                                ; Timing optimization        ;           ;                ;                                      ;                  ;                       ;
; keccak_step_unit:KSU|theta_step:u_theta|D[0][45]                                ; Modified   ; Physical Synthesis                                ; Timing optimization        ;           ;                ;                                      ;                  ;                       ;
; keccak_step_unit:KSU|theta_step:u_theta|D[0][46]                                ; Modified   ; Physical Synthesis                                ; Timing optimization        ;           ;                ;                                      ;                  ;                       ;
; keccak_step_unit:KSU|theta_step:u_theta|D[0][47]                                ; Modified   ; Physical Synthesis                                ; Timing optimization        ;           ;                ;                                      ;                  ;                       ;
; keccak_step_unit:KSU|theta_step:u_theta|D[0][48]                                ; Modified   ; Physical Synthesis                                ; Timing optimization        ;           ;                ;                                      ;                  ;                       ;
; keccak_step_unit:KSU|theta_step:u_theta|D[0][49]                                ; Modified   ; Physical Synthesis                                ; Timing optimization        ;           ;                ;                                      ;                  ;                       ;
; keccak_step_unit:KSU|theta_step:u_theta|D[0][50]                                ; Modified   ; Physical Synthesis                                ; Timing optimization        ;           ;                ;                                      ;                  ;                       ;
; keccak_step_unit:KSU|theta_step:u_theta|D[0][51]                                ; Modified   ; Physical Synthesis                                ; Timing optimization        ;           ;                ;                                      ;                  ;                       ;
; keccak_step_unit:KSU|theta_step:u_theta|D[0][52]                                ; Modified   ; Physical Synthesis                                ; Timing optimization        ;           ;                ;                                      ;                  ;                       ;
; keccak_step_unit:KSU|theta_step:u_theta|D[0][53]                                ; Modified   ; Physical Synthesis                                ; Timing optimization        ;           ;                ;                                      ;                  ;                       ;
; keccak_step_unit:KSU|theta_step:u_theta|D[0][54]                                ; Modified   ; Physical Synthesis                                ; Timing optimization        ;           ;                ;                                      ;                  ;                       ;
; keccak_step_unit:KSU|theta_step:u_theta|D[0][55]                                ; Modified   ; Physical Synthesis                                ; Timing optimization        ;           ;                ;                                      ;                  ;                       ;
; keccak_step_unit:KSU|theta_step:u_theta|D[0][56]                                ; Modified   ; Physical Synthesis                                ; Timing optimization        ;           ;                ;                                      ;                  ;                       ;
; keccak_step_unit:KSU|theta_step:u_theta|D[0][57]                                ; Modified   ; Physical Synthesis                                ; Timing optimization        ;           ;                ;                                      ;                  ;                       ;
; keccak_step_unit:KSU|theta_step:u_theta|D[0][58]                                ; Modified   ; Physical Synthesis                                ; Timing optimization        ;           ;                ;                                      ;                  ;                       ;
; keccak_step_unit:KSU|theta_step:u_theta|D[0][59]                                ; Modified   ; Physical Synthesis                                ; Timing optimization        ;           ;                ;                                      ;                  ;                       ;
; keccak_step_unit:KSU|theta_step:u_theta|D[0][60]                                ; Modified   ; Physical Synthesis                                ; Timing optimization        ;           ;                ;                                      ;                  ;                       ;
; keccak_step_unit:KSU|theta_step:u_theta|D[0][61]                                ; Modified   ; Physical Synthesis                                ; Timing optimization        ;           ;                ;                                      ;                  ;                       ;
; keccak_step_unit:KSU|theta_step:u_theta|D[0][62]                                ; Modified   ; Physical Synthesis                                ; Timing optimization        ;           ;                ;                                      ;                  ;                       ;
; keccak_step_unit:KSU|theta_step:u_theta|D[0][63]                                ; Modified   ; Physical Synthesis                                ; Timing optimization        ;           ;                ;                                      ;                  ;                       ;
; keccak_step_unit:KSU|theta_step:u_theta|D[1][0]                                 ; Modified   ; Physical Synthesis                                ; Timing optimization        ;           ;                ;                                      ;                  ;                       ;
; keccak_step_unit:KSU|theta_step:u_theta|D[1][1]                                 ; Modified   ; Physical Synthesis                                ; Timing optimization        ;           ;                ;                                      ;                  ;                       ;
; keccak_step_unit:KSU|theta_step:u_theta|D[1][2]                                 ; Modified   ; Physical Synthesis                                ; Timing optimization        ;           ;                ;                                      ;                  ;                       ;
; keccak_step_unit:KSU|theta_step:u_theta|D[1][3]                                 ; Modified   ; Physical Synthesis                                ; Timing optimization        ;           ;                ;                                      ;                  ;                       ;
; keccak_step_unit:KSU|theta_step:u_theta|D[1][4]                                 ; Modified   ; Physical Synthesis                                ; Timing optimization        ;           ;                ;                                      ;                  ;                       ;
; keccak_step_unit:KSU|theta_step:u_theta|D[1][5]                                 ; Modified   ; Physical Synthesis                                ; Timing optimization        ;           ;                ;                                      ;                  ;                       ;
; keccak_step_unit:KSU|theta_step:u_theta|D[1][6]                                 ; Modified   ; Physical Synthesis                                ; Timing optimization        ;           ;                ;                                      ;                  ;                       ;
; keccak_step_unit:KSU|theta_step:u_theta|D[1][7]                                 ; Modified   ; Physical Synthesis                                ; Timing optimization        ;           ;                ;                                      ;                  ;                       ;
; keccak_step_unit:KSU|theta_step:u_theta|D[1][8]                                 ; Modified   ; Physical Synthesis                                ; Timing optimization        ;           ;                ;                                      ;                  ;                       ;
; keccak_step_unit:KSU|theta_step:u_theta|D[1][9]                                 ; Modified   ; Physical Synthesis                                ; Timing optimization        ;           ;                ;                                      ;                  ;                       ;
; keccak_step_unit:KSU|theta_step:u_theta|D[1][10]                                ; Modified   ; Physical Synthesis                                ; Timing optimization        ;           ;                ;                                      ;                  ;                       ;
; keccak_step_unit:KSU|theta_step:u_theta|D[1][11]                                ; Modified   ; Physical Synthesis                                ; Timing optimization        ;           ;                ;                                      ;                  ;                       ;
; keccak_step_unit:KSU|theta_step:u_theta|D[1][12]                                ; Modified   ; Physical Synthesis                                ; Timing optimization        ;           ;                ;                                      ;                  ;                       ;
; keccak_step_unit:KSU|theta_step:u_theta|D[1][13]                                ; Modified   ; Physical Synthesis                                ; Timing optimization        ;           ;                ;                                      ;                  ;                       ;
; keccak_step_unit:KSU|theta_step:u_theta|D[1][14]                                ; Modified   ; Physical Synthesis                                ; Timing optimization        ;           ;                ;                                      ;                  ;                       ;
; keccak_step_unit:KSU|theta_step:u_theta|D[1][15]                                ; Modified   ; Physical Synthesis                                ; Timing optimization        ;           ;                ;                                      ;                  ;                       ;
; keccak_step_unit:KSU|theta_step:u_theta|D[1][16]                                ; Modified   ; Physical Synthesis                                ; Timing optimization        ;           ;                ;                                      ;                  ;                       ;
; keccak_step_unit:KSU|theta_step:u_theta|D[1][17]                                ; Modified   ; Physical Synthesis                                ; Timing optimization        ;           ;                ;                                      ;                  ;                       ;
; keccak_step_unit:KSU|theta_step:u_theta|D[1][18]                                ; Modified   ; Physical Synthesis                                ; Timing optimization        ;           ;                ;                                      ;                  ;                       ;
; keccak_step_unit:KSU|theta_step:u_theta|D[1][19]                                ; Modified   ; Physical Synthesis                                ; Timing optimization        ;           ;                ;                                      ;                  ;                       ;
; keccak_step_unit:KSU|theta_step:u_theta|D[1][22]                                ; Modified   ; Physical Synthesis                                ; Timing optimization        ;           ;                ;                                      ;                  ;                       ;
; keccak_step_unit:KSU|theta_step:u_theta|D[1][23]                                ; Modified   ; Physical Synthesis                                ; Timing optimization        ;           ;                ;                                      ;                  ;                       ;
; keccak_step_unit:KSU|theta_step:u_theta|D[1][24]                                ; Modified   ; Physical Synthesis                                ; Timing optimization        ;           ;                ;                                      ;                  ;                       ;
; keccak_step_unit:KSU|theta_step:u_theta|D[1][25]                                ; Modified   ; Physical Synthesis                                ; Timing optimization        ;           ;                ;                                      ;                  ;                       ;
; keccak_step_unit:KSU|theta_step:u_theta|D[1][26]                                ; Modified   ; Physical Synthesis                                ; Timing optimization        ;           ;                ;                                      ;                  ;                       ;
; keccak_step_unit:KSU|theta_step:u_theta|D[1][30]                                ; Modified   ; Physical Synthesis                                ; Timing optimization        ;           ;                ;                                      ;                  ;                       ;
; keccak_step_unit:KSU|theta_step:u_theta|D[1][31]                                ; Modified   ; Physical Synthesis                                ; Timing optimization        ;           ;                ;                                      ;                  ;                       ;
; keccak_step_unit:KSU|theta_step:u_theta|D[1][32]                                ; Modified   ; Physical Synthesis                                ; Timing optimization        ;           ;                ;                                      ;                  ;                       ;
; keccak_step_unit:KSU|theta_step:u_theta|D[1][33]                                ; Modified   ; Physical Synthesis                                ; Timing optimization        ;           ;                ;                                      ;                  ;                       ;
; keccak_step_unit:KSU|theta_step:u_theta|D[1][34]                                ; Modified   ; Physical Synthesis                                ; Timing optimization        ;           ;                ;                                      ;                  ;                       ;
; keccak_step_unit:KSU|theta_step:u_theta|D[1][38]                                ; Modified   ; Physical Synthesis                                ; Timing optimization        ;           ;                ;                                      ;                  ;                       ;
; keccak_step_unit:KSU|theta_step:u_theta|D[1][39]                                ; Modified   ; Physical Synthesis                                ; Timing optimization        ;           ;                ;                                      ;                  ;                       ;
; keccak_step_unit:KSU|theta_step:u_theta|D[1][40]                                ; Modified   ; Physical Synthesis                                ; Timing optimization        ;           ;                ;                                      ;                  ;                       ;
; keccak_step_unit:KSU|theta_step:u_theta|D[1][41]                                ; Modified   ; Physical Synthesis                                ; Timing optimization        ;           ;                ;                                      ;                  ;                       ;
; keccak_step_unit:KSU|theta_step:u_theta|D[1][42]                                ; Modified   ; Physical Synthesis                                ; Timing optimization        ;           ;                ;                                      ;                  ;                       ;
; keccak_step_unit:KSU|theta_step:u_theta|D[1][43]                                ; Modified   ; Physical Synthesis                                ; Timing optimization        ;           ;                ;                                      ;                  ;                       ;
; keccak_step_unit:KSU|theta_step:u_theta|D[1][44]                                ; Modified   ; Physical Synthesis                                ; Timing optimization        ;           ;                ;                                      ;                  ;                       ;
; keccak_step_unit:KSU|theta_step:u_theta|D[1][45]                                ; Modified   ; Physical Synthesis                                ; Timing optimization        ;           ;                ;                                      ;                  ;                       ;
; keccak_step_unit:KSU|theta_step:u_theta|D[1][46]                                ; Modified   ; Physical Synthesis                                ; Timing optimization        ;           ;                ;                                      ;                  ;                       ;
; keccak_step_unit:KSU|theta_step:u_theta|D[1][47]                                ; Modified   ; Physical Synthesis                                ; Timing optimization        ;           ;                ;                                      ;                  ;                       ;
; keccak_step_unit:KSU|theta_step:u_theta|D[1][48]                                ; Modified   ; Physical Synthesis                                ; Timing optimization        ;           ;                ;                                      ;                  ;                       ;
; keccak_step_unit:KSU|theta_step:u_theta|D[1][49]                                ; Modified   ; Physical Synthesis                                ; Timing optimization        ;           ;                ;                                      ;                  ;                       ;
; keccak_step_unit:KSU|theta_step:u_theta|D[1][50]                                ; Modified   ; Physical Synthesis                                ; Timing optimization        ;           ;                ;                                      ;                  ;                       ;
; keccak_step_unit:KSU|theta_step:u_theta|D[1][52]                                ; Modified   ; Physical Synthesis                                ; Timing optimization        ;           ;                ;                                      ;                  ;                       ;
; keccak_step_unit:KSU|theta_step:u_theta|D[1][53]                                ; Modified   ; Physical Synthesis                                ; Timing optimization        ;           ;                ;                                      ;                  ;                       ;
; keccak_step_unit:KSU|theta_step:u_theta|D[1][54]                                ; Modified   ; Physical Synthesis                                ; Timing optimization        ;           ;                ;                                      ;                  ;                       ;
; keccak_step_unit:KSU|theta_step:u_theta|D[1][55]                                ; Modified   ; Physical Synthesis                                ; Timing optimization        ;           ;                ;                                      ;                  ;                       ;
; keccak_step_unit:KSU|theta_step:u_theta|D[1][56]                                ; Modified   ; Physical Synthesis                                ; Timing optimization        ;           ;                ;                                      ;                  ;                       ;
; keccak_step_unit:KSU|theta_step:u_theta|D[1][57]                                ; Modified   ; Physical Synthesis                                ; Timing optimization        ;           ;                ;                                      ;                  ;                       ;
; keccak_step_unit:KSU|theta_step:u_theta|D[1][58]                                ; Modified   ; Physical Synthesis                                ; Timing optimization        ;           ;                ;                                      ;                  ;                       ;
; keccak_step_unit:KSU|theta_step:u_theta|D[1][59]                                ; Modified   ; Physical Synthesis                                ; Timing optimization        ;           ;                ;                                      ;                  ;                       ;
; keccak_step_unit:KSU|theta_step:u_theta|D[1][60]                                ; Modified   ; Physical Synthesis                                ; Timing optimization        ;           ;                ;                                      ;                  ;                       ;
; keccak_step_unit:KSU|theta_step:u_theta|D[1][61]                                ; Modified   ; Physical Synthesis                                ; Timing optimization        ;           ;                ;                                      ;                  ;                       ;
; keccak_step_unit:KSU|theta_step:u_theta|D[1][62]                                ; Modified   ; Physical Synthesis                                ; Timing optimization        ;           ;                ;                                      ;                  ;                       ;
; keccak_step_unit:KSU|theta_step:u_theta|D[1][63]                                ; Modified   ; Physical Synthesis                                ; Timing optimization        ;           ;                ;                                      ;                  ;                       ;
; keccak_step_unit:KSU|theta_step:u_theta|D[2][0]                                 ; Deleted    ; Physical Synthesis                                ; Timing optimization        ;           ;                ;                                      ;                  ;                       ;
; keccak_step_unit:KSU|theta_step:u_theta|D[2][1]                                 ; Modified   ; Physical Synthesis                                ; Timing optimization        ;           ;                ;                                      ;                  ;                       ;
; keccak_step_unit:KSU|theta_step:u_theta|D[2][2]                                 ; Modified   ; Physical Synthesis                                ; Timing optimization        ;           ;                ;                                      ;                  ;                       ;
; keccak_step_unit:KSU|theta_step:u_theta|D[2][3]                                 ; Modified   ; Physical Synthesis                                ; Timing optimization        ;           ;                ;                                      ;                  ;                       ;
; keccak_step_unit:KSU|theta_step:u_theta|D[2][4]                                 ; Modified   ; Physical Synthesis                                ; Timing optimization        ;           ;                ;                                      ;                  ;                       ;
; keccak_step_unit:KSU|theta_step:u_theta|D[2][5]                                 ; Modified   ; Physical Synthesis                                ; Timing optimization        ;           ;                ;                                      ;                  ;                       ;
; keccak_step_unit:KSU|theta_step:u_theta|D[2][6]                                 ; Modified   ; Physical Synthesis                                ; Timing optimization        ;           ;                ;                                      ;                  ;                       ;
; keccak_step_unit:KSU|theta_step:u_theta|D[2][7]                                 ; Modified   ; Physical Synthesis                                ; Timing optimization        ;           ;                ;                                      ;                  ;                       ;
; keccak_step_unit:KSU|theta_step:u_theta|D[2][8]                                 ; Modified   ; Physical Synthesis                                ; Timing optimization        ;           ;                ;                                      ;                  ;                       ;
; keccak_step_unit:KSU|theta_step:u_theta|D[2][9]                                 ; Modified   ; Physical Synthesis                                ; Timing optimization        ;           ;                ;                                      ;                  ;                       ;
; keccak_step_unit:KSU|theta_step:u_theta|D[2][10]                                ; Modified   ; Physical Synthesis                                ; Timing optimization        ;           ;                ;                                      ;                  ;                       ;
; keccak_step_unit:KSU|theta_step:u_theta|D[2][11]                                ; Modified   ; Physical Synthesis                                ; Timing optimization        ;           ;                ;                                      ;                  ;                       ;
; keccak_step_unit:KSU|theta_step:u_theta|D[2][12]                                ; Modified   ; Physical Synthesis                                ; Timing optimization        ;           ;                ;                                      ;                  ;                       ;
; keccak_step_unit:KSU|theta_step:u_theta|D[2][13]                                ; Modified   ; Physical Synthesis                                ; Timing optimization        ;           ;                ;                                      ;                  ;                       ;
; keccak_step_unit:KSU|theta_step:u_theta|D[2][14]                                ; Modified   ; Physical Synthesis                                ; Timing optimization        ;           ;                ;                                      ;                  ;                       ;
; keccak_step_unit:KSU|theta_step:u_theta|D[2][15]                                ; Modified   ; Physical Synthesis                                ; Timing optimization        ;           ;                ;                                      ;                  ;                       ;
; keccak_step_unit:KSU|theta_step:u_theta|D[2][16]                                ; Modified   ; Physical Synthesis                                ; Timing optimization        ;           ;                ;                                      ;                  ;                       ;
; keccak_step_unit:KSU|theta_step:u_theta|D[2][17]                                ; Modified   ; Physical Synthesis                                ; Timing optimization        ;           ;                ;                                      ;                  ;                       ;
; keccak_step_unit:KSU|theta_step:u_theta|D[2][18]                                ; Modified   ; Physical Synthesis                                ; Timing optimization        ;           ;                ;                                      ;                  ;                       ;
; keccak_step_unit:KSU|theta_step:u_theta|D[2][19]                                ; Modified   ; Physical Synthesis                                ; Timing optimization        ;           ;                ;                                      ;                  ;                       ;
; keccak_step_unit:KSU|theta_step:u_theta|D[2][20]                                ; Modified   ; Physical Synthesis                                ; Timing optimization        ;           ;                ;                                      ;                  ;                       ;
; keccak_step_unit:KSU|theta_step:u_theta|D[2][21]                                ; Modified   ; Physical Synthesis                                ; Timing optimization        ;           ;                ;                                      ;                  ;                       ;
; keccak_step_unit:KSU|theta_step:u_theta|D[2][22]                                ; Modified   ; Physical Synthesis                                ; Timing optimization        ;           ;                ;                                      ;                  ;                       ;
; keccak_step_unit:KSU|theta_step:u_theta|D[2][23]                                ; Modified   ; Physical Synthesis                                ; Timing optimization        ;           ;                ;                                      ;                  ;                       ;
; keccak_step_unit:KSU|theta_step:u_theta|D[2][24]                                ; Modified   ; Physical Synthesis                                ; Timing optimization        ;           ;                ;                                      ;                  ;                       ;
; keccak_step_unit:KSU|theta_step:u_theta|D[2][25]                                ; Modified   ; Physical Synthesis                                ; Timing optimization        ;           ;                ;                                      ;                  ;                       ;
; keccak_step_unit:KSU|theta_step:u_theta|D[2][26]                                ; Modified   ; Physical Synthesis                                ; Timing optimization        ;           ;                ;                                      ;                  ;                       ;
; keccak_step_unit:KSU|theta_step:u_theta|D[2][27]                                ; Modified   ; Physical Synthesis                                ; Timing optimization        ;           ;                ;                                      ;                  ;                       ;
; keccak_step_unit:KSU|theta_step:u_theta|D[2][28]                                ; Modified   ; Physical Synthesis                                ; Timing optimization        ;           ;                ;                                      ;                  ;                       ;
; keccak_step_unit:KSU|theta_step:u_theta|D[2][29]                                ; Modified   ; Physical Synthesis                                ; Timing optimization        ;           ;                ;                                      ;                  ;                       ;
; keccak_step_unit:KSU|theta_step:u_theta|D[2][30]                                ; Modified   ; Physical Synthesis                                ; Timing optimization        ;           ;                ;                                      ;                  ;                       ;
; keccak_step_unit:KSU|theta_step:u_theta|D[2][31]                                ; Modified   ; Physical Synthesis                                ; Timing optimization        ;           ;                ;                                      ;                  ;                       ;
; keccak_step_unit:KSU|theta_step:u_theta|D[2][32]                                ; Modified   ; Physical Synthesis                                ; Timing optimization        ;           ;                ;                                      ;                  ;                       ;
; keccak_step_unit:KSU|theta_step:u_theta|D[2][33]                                ; Modified   ; Physical Synthesis                                ; Timing optimization        ;           ;                ;                                      ;                  ;                       ;
; keccak_step_unit:KSU|theta_step:u_theta|D[2][34]                                ; Modified   ; Physical Synthesis                                ; Timing optimization        ;           ;                ;                                      ;                  ;                       ;
; keccak_step_unit:KSU|theta_step:u_theta|D[2][35]                                ; Modified   ; Physical Synthesis                                ; Timing optimization        ;           ;                ;                                      ;                  ;                       ;
; keccak_step_unit:KSU|theta_step:u_theta|D[2][36]                                ; Modified   ; Physical Synthesis                                ; Timing optimization        ;           ;                ;                                      ;                  ;                       ;
; keccak_step_unit:KSU|theta_step:u_theta|D[2][37]                                ; Modified   ; Physical Synthesis                                ; Timing optimization        ;           ;                ;                                      ;                  ;                       ;
; keccak_step_unit:KSU|theta_step:u_theta|D[2][38]                                ; Modified   ; Physical Synthesis                                ; Timing optimization        ;           ;                ;                                      ;                  ;                       ;
; keccak_step_unit:KSU|theta_step:u_theta|D[2][39]                                ; Modified   ; Physical Synthesis                                ; Timing optimization        ;           ;                ;                                      ;                  ;                       ;
; keccak_step_unit:KSU|theta_step:u_theta|D[2][40]                                ; Modified   ; Physical Synthesis                                ; Timing optimization        ;           ;                ;                                      ;                  ;                       ;
; keccak_step_unit:KSU|theta_step:u_theta|D[2][41]                                ; Modified   ; Physical Synthesis                                ; Timing optimization        ;           ;                ;                                      ;                  ;                       ;
; keccak_step_unit:KSU|theta_step:u_theta|D[2][42]                                ; Modified   ; Physical Synthesis                                ; Timing optimization        ;           ;                ;                                      ;                  ;                       ;
; keccak_step_unit:KSU|theta_step:u_theta|D[2][43]                                ; Modified   ; Physical Synthesis                                ; Timing optimization        ;           ;                ;                                      ;                  ;                       ;
; keccak_step_unit:KSU|theta_step:u_theta|D[2][44]                                ; Modified   ; Physical Synthesis                                ; Timing optimization        ;           ;                ;                                      ;                  ;                       ;
; keccak_step_unit:KSU|theta_step:u_theta|D[2][45]                                ; Modified   ; Physical Synthesis                                ; Timing optimization        ;           ;                ;                                      ;                  ;                       ;
; keccak_step_unit:KSU|theta_step:u_theta|D[2][46]                                ; Modified   ; Physical Synthesis                                ; Timing optimization        ;           ;                ;                                      ;                  ;                       ;
; keccak_step_unit:KSU|theta_step:u_theta|D[2][47]                                ; Modified   ; Physical Synthesis                                ; Timing optimization        ;           ;                ;                                      ;                  ;                       ;
; keccak_step_unit:KSU|theta_step:u_theta|D[2][48]                                ; Deleted    ; Physical Synthesis                                ; Timing optimization        ;           ;                ;                                      ;                  ;                       ;
; keccak_step_unit:KSU|theta_step:u_theta|D[2][49]                                ; Modified   ; Physical Synthesis                                ; Timing optimization        ;           ;                ;                                      ;                  ;                       ;
; keccak_step_unit:KSU|theta_step:u_theta|D[2][50]                                ; Modified   ; Physical Synthesis                                ; Timing optimization        ;           ;                ;                                      ;                  ;                       ;
; keccak_step_unit:KSU|theta_step:u_theta|D[2][51]                                ; Modified   ; Physical Synthesis                                ; Timing optimization        ;           ;                ;                                      ;                  ;                       ;
; keccak_step_unit:KSU|theta_step:u_theta|D[2][52]                                ; Modified   ; Physical Synthesis                                ; Timing optimization        ;           ;                ;                                      ;                  ;                       ;
; keccak_step_unit:KSU|theta_step:u_theta|D[2][53]                                ; Modified   ; Physical Synthesis                                ; Timing optimization        ;           ;                ;                                      ;                  ;                       ;
; keccak_step_unit:KSU|theta_step:u_theta|D[2][54]                                ; Modified   ; Physical Synthesis                                ; Timing optimization        ;           ;                ;                                      ;                  ;                       ;
; keccak_step_unit:KSU|theta_step:u_theta|D[2][55]                                ; Modified   ; Physical Synthesis                                ; Timing optimization        ;           ;                ;                                      ;                  ;                       ;
; keccak_step_unit:KSU|theta_step:u_theta|D[2][56]                                ; Deleted    ; Physical Synthesis                                ; Timing optimization        ;           ;                ;                                      ;                  ;                       ;
; keccak_step_unit:KSU|theta_step:u_theta|D[2][57]                                ; Modified   ; Physical Synthesis                                ; Timing optimization        ;           ;                ;                                      ;                  ;                       ;
; keccak_step_unit:KSU|theta_step:u_theta|D[2][58]                                ; Modified   ; Physical Synthesis                                ; Timing optimization        ;           ;                ;                                      ;                  ;                       ;
; keccak_step_unit:KSU|theta_step:u_theta|D[2][59]                                ; Modified   ; Physical Synthesis                                ; Timing optimization        ;           ;                ;                                      ;                  ;                       ;
; keccak_step_unit:KSU|theta_step:u_theta|D[2][60]                                ; Modified   ; Physical Synthesis                                ; Timing optimization        ;           ;                ;                                      ;                  ;                       ;
; keccak_step_unit:KSU|theta_step:u_theta|D[2][61]                                ; Modified   ; Physical Synthesis                                ; Timing optimization        ;           ;                ;                                      ;                  ;                       ;
; keccak_step_unit:KSU|theta_step:u_theta|D[2][62]                                ; Modified   ; Physical Synthesis                                ; Timing optimization        ;           ;                ;                                      ;                  ;                       ;
; keccak_step_unit:KSU|theta_step:u_theta|D[2][63]                                ; Modified   ; Physical Synthesis                                ; Timing optimization        ;           ;                ;                                      ;                  ;                       ;
; keccak_step_unit:KSU|theta_step:u_theta|D[3][0]                                 ; Modified   ; Physical Synthesis                                ; Timing optimization        ;           ;                ;                                      ;                  ;                       ;
; keccak_step_unit:KSU|theta_step:u_theta|D[3][1]                                 ; Modified   ; Physical Synthesis                                ; Timing optimization        ;           ;                ;                                      ;                  ;                       ;
; keccak_step_unit:KSU|theta_step:u_theta|D[3][2]                                 ; Modified   ; Physical Synthesis                                ; Timing optimization        ;           ;                ;                                      ;                  ;                       ;
; keccak_step_unit:KSU|theta_step:u_theta|D[3][3]                                 ; Modified   ; Physical Synthesis                                ; Timing optimization        ;           ;                ;                                      ;                  ;                       ;
; keccak_step_unit:KSU|theta_step:u_theta|D[3][4]                                 ; Modified   ; Physical Synthesis                                ; Timing optimization        ;           ;                ;                                      ;                  ;                       ;
; keccak_step_unit:KSU|theta_step:u_theta|D[3][5]                                 ; Modified   ; Physical Synthesis                                ; Timing optimization        ;           ;                ;                                      ;                  ;                       ;
; keccak_step_unit:KSU|theta_step:u_theta|D[3][6]                                 ; Modified   ; Physical Synthesis                                ; Timing optimization        ;           ;                ;                                      ;                  ;                       ;
; keccak_step_unit:KSU|theta_step:u_theta|D[3][7]                                 ; Modified   ; Physical Synthesis                                ; Timing optimization        ;           ;                ;                                      ;                  ;                       ;
; keccak_step_unit:KSU|theta_step:u_theta|D[3][8]                                 ; Modified   ; Physical Synthesis                                ; Timing optimization        ;           ;                ;                                      ;                  ;                       ;
; keccak_step_unit:KSU|theta_step:u_theta|D[3][9]                                 ; Modified   ; Physical Synthesis                                ; Timing optimization        ;           ;                ;                                      ;                  ;                       ;
; keccak_step_unit:KSU|theta_step:u_theta|D[3][10]                                ; Modified   ; Physical Synthesis                                ; Timing optimization        ;           ;                ;                                      ;                  ;                       ;
; keccak_step_unit:KSU|theta_step:u_theta|D[3][11]                                ; Modified   ; Physical Synthesis                                ; Timing optimization        ;           ;                ;                                      ;                  ;                       ;
; keccak_step_unit:KSU|theta_step:u_theta|D[3][12]                                ; Modified   ; Physical Synthesis                                ; Timing optimization        ;           ;                ;                                      ;                  ;                       ;
; keccak_step_unit:KSU|theta_step:u_theta|D[3][13]                                ; Modified   ; Physical Synthesis                                ; Timing optimization        ;           ;                ;                                      ;                  ;                       ;
; keccak_step_unit:KSU|theta_step:u_theta|D[3][14]                                ; Modified   ; Physical Synthesis                                ; Timing optimization        ;           ;                ;                                      ;                  ;                       ;
; keccak_step_unit:KSU|theta_step:u_theta|D[3][15]                                ; Modified   ; Physical Synthesis                                ; Timing optimization        ;           ;                ;                                      ;                  ;                       ;
; keccak_step_unit:KSU|theta_step:u_theta|D[3][16]                                ; Modified   ; Physical Synthesis                                ; Timing optimization        ;           ;                ;                                      ;                  ;                       ;
; keccak_step_unit:KSU|theta_step:u_theta|D[3][17]                                ; Modified   ; Physical Synthesis                                ; Timing optimization        ;           ;                ;                                      ;                  ;                       ;
; keccak_step_unit:KSU|theta_step:u_theta|D[3][18]                                ; Modified   ; Physical Synthesis                                ; Timing optimization        ;           ;                ;                                      ;                  ;                       ;
; keccak_step_unit:KSU|theta_step:u_theta|D[3][19]                                ; Modified   ; Physical Synthesis                                ; Timing optimization        ;           ;                ;                                      ;                  ;                       ;
; keccak_step_unit:KSU|theta_step:u_theta|D[3][20]                                ; Modified   ; Physical Synthesis                                ; Timing optimization        ;           ;                ;                                      ;                  ;                       ;
; keccak_step_unit:KSU|theta_step:u_theta|D[3][21]                                ; Modified   ; Physical Synthesis                                ; Timing optimization        ;           ;                ;                                      ;                  ;                       ;
; keccak_step_unit:KSU|theta_step:u_theta|D[3][22]                                ; Modified   ; Physical Synthesis                                ; Timing optimization        ;           ;                ;                                      ;                  ;                       ;
; keccak_step_unit:KSU|theta_step:u_theta|D[3][23]                                ; Modified   ; Physical Synthesis                                ; Timing optimization        ;           ;                ;                                      ;                  ;                       ;
; keccak_step_unit:KSU|theta_step:u_theta|D[3][24]                                ; Modified   ; Physical Synthesis                                ; Timing optimization        ;           ;                ;                                      ;                  ;                       ;
; keccak_step_unit:KSU|theta_step:u_theta|D[3][25]                                ; Modified   ; Physical Synthesis                                ; Timing optimization        ;           ;                ;                                      ;                  ;                       ;
; keccak_step_unit:KSU|theta_step:u_theta|D[3][26]                                ; Modified   ; Physical Synthesis                                ; Timing optimization        ;           ;                ;                                      ;                  ;                       ;
; keccak_step_unit:KSU|theta_step:u_theta|D[3][27]                                ; Modified   ; Physical Synthesis                                ; Timing optimization        ;           ;                ;                                      ;                  ;                       ;
; keccak_step_unit:KSU|theta_step:u_theta|D[3][28]                                ; Modified   ; Physical Synthesis                                ; Timing optimization        ;           ;                ;                                      ;                  ;                       ;
; keccak_step_unit:KSU|theta_step:u_theta|D[3][29]                                ; Modified   ; Physical Synthesis                                ; Timing optimization        ;           ;                ;                                      ;                  ;                       ;
; keccak_step_unit:KSU|theta_step:u_theta|D[3][30]                                ; Modified   ; Physical Synthesis                                ; Timing optimization        ;           ;                ;                                      ;                  ;                       ;
; keccak_step_unit:KSU|theta_step:u_theta|D[3][31]                                ; Modified   ; Physical Synthesis                                ; Timing optimization        ;           ;                ;                                      ;                  ;                       ;
; keccak_step_unit:KSU|theta_step:u_theta|D[3][32]                                ; Modified   ; Physical Synthesis                                ; Timing optimization        ;           ;                ;                                      ;                  ;                       ;
; keccak_step_unit:KSU|theta_step:u_theta|D[3][33]                                ; Modified   ; Physical Synthesis                                ; Timing optimization        ;           ;                ;                                      ;                  ;                       ;
; keccak_step_unit:KSU|theta_step:u_theta|D[3][34]                                ; Modified   ; Physical Synthesis                                ; Timing optimization        ;           ;                ;                                      ;                  ;                       ;
; keccak_step_unit:KSU|theta_step:u_theta|D[3][35]                                ; Modified   ; Physical Synthesis                                ; Timing optimization        ;           ;                ;                                      ;                  ;                       ;
; keccak_step_unit:KSU|theta_step:u_theta|D[3][36]                                ; Modified   ; Physical Synthesis                                ; Timing optimization        ;           ;                ;                                      ;                  ;                       ;
; keccak_step_unit:KSU|theta_step:u_theta|D[3][37]                                ; Modified   ; Physical Synthesis                                ; Timing optimization        ;           ;                ;                                      ;                  ;                       ;
; keccak_step_unit:KSU|theta_step:u_theta|D[3][38]                                ; Modified   ; Physical Synthesis                                ; Timing optimization        ;           ;                ;                                      ;                  ;                       ;
; keccak_step_unit:KSU|theta_step:u_theta|D[3][39]                                ; Modified   ; Physical Synthesis                                ; Timing optimization        ;           ;                ;                                      ;                  ;                       ;
; keccak_step_unit:KSU|theta_step:u_theta|D[3][40]                                ; Modified   ; Physical Synthesis                                ; Timing optimization        ;           ;                ;                                      ;                  ;                       ;
; keccak_step_unit:KSU|theta_step:u_theta|D[3][41]                                ; Modified   ; Physical Synthesis                                ; Timing optimization        ;           ;                ;                                      ;                  ;                       ;
; keccak_step_unit:KSU|theta_step:u_theta|D[3][42]                                ; Modified   ; Physical Synthesis                                ; Timing optimization        ;           ;                ;                                      ;                  ;                       ;
; keccak_step_unit:KSU|theta_step:u_theta|D[3][43]                                ; Modified   ; Physical Synthesis                                ; Timing optimization        ;           ;                ;                                      ;                  ;                       ;
; keccak_step_unit:KSU|theta_step:u_theta|D[3][44]                                ; Modified   ; Physical Synthesis                                ; Timing optimization        ;           ;                ;                                      ;                  ;                       ;
; keccak_step_unit:KSU|theta_step:u_theta|D[3][45]                                ; Modified   ; Physical Synthesis                                ; Timing optimization        ;           ;                ;                                      ;                  ;                       ;
; keccak_step_unit:KSU|theta_step:u_theta|D[3][46]                                ; Modified   ; Physical Synthesis                                ; Timing optimization        ;           ;                ;                                      ;                  ;                       ;
; keccak_step_unit:KSU|theta_step:u_theta|D[3][47]                                ; Modified   ; Physical Synthesis                                ; Timing optimization        ;           ;                ;                                      ;                  ;                       ;
; keccak_step_unit:KSU|theta_step:u_theta|D[3][48]                                ; Modified   ; Physical Synthesis                                ; Timing optimization        ;           ;                ;                                      ;                  ;                       ;
; keccak_step_unit:KSU|theta_step:u_theta|D[3][49]                                ; Modified   ; Physical Synthesis                                ; Timing optimization        ;           ;                ;                                      ;                  ;                       ;
; keccak_step_unit:KSU|theta_step:u_theta|D[3][50]                                ; Modified   ; Physical Synthesis                                ; Timing optimization        ;           ;                ;                                      ;                  ;                       ;
; keccak_step_unit:KSU|theta_step:u_theta|D[3][51]                                ; Modified   ; Physical Synthesis                                ; Timing optimization        ;           ;                ;                                      ;                  ;                       ;
; keccak_step_unit:KSU|theta_step:u_theta|D[3][52]                                ; Modified   ; Physical Synthesis                                ; Timing optimization        ;           ;                ;                                      ;                  ;                       ;
; keccak_step_unit:KSU|theta_step:u_theta|D[3][53]                                ; Modified   ; Physical Synthesis                                ; Timing optimization        ;           ;                ;                                      ;                  ;                       ;
; keccak_step_unit:KSU|theta_step:u_theta|D[3][54]                                ; Modified   ; Physical Synthesis                                ; Timing optimization        ;           ;                ;                                      ;                  ;                       ;
; keccak_step_unit:KSU|theta_step:u_theta|D[3][55]                                ; Modified   ; Physical Synthesis                                ; Timing optimization        ;           ;                ;                                      ;                  ;                       ;
; keccak_step_unit:KSU|theta_step:u_theta|D[3][56]                                ; Modified   ; Physical Synthesis                                ; Timing optimization        ;           ;                ;                                      ;                  ;                       ;
; keccak_step_unit:KSU|theta_step:u_theta|D[3][57]                                ; Modified   ; Physical Synthesis                                ; Timing optimization        ;           ;                ;                                      ;                  ;                       ;
; keccak_step_unit:KSU|theta_step:u_theta|D[3][58]                                ; Modified   ; Physical Synthesis                                ; Timing optimization        ;           ;                ;                                      ;                  ;                       ;
; keccak_step_unit:KSU|theta_step:u_theta|D[3][59]                                ; Modified   ; Physical Synthesis                                ; Timing optimization        ;           ;                ;                                      ;                  ;                       ;
; keccak_step_unit:KSU|theta_step:u_theta|D[3][60]                                ; Modified   ; Physical Synthesis                                ; Timing optimization        ;           ;                ;                                      ;                  ;                       ;
; keccak_step_unit:KSU|theta_step:u_theta|D[3][61]                                ; Modified   ; Physical Synthesis                                ; Timing optimization        ;           ;                ;                                      ;                  ;                       ;
; keccak_step_unit:KSU|theta_step:u_theta|D[3][62]                                ; Modified   ; Physical Synthesis                                ; Timing optimization        ;           ;                ;                                      ;                  ;                       ;
; keccak_step_unit:KSU|theta_step:u_theta|D[3][63]                                ; Modified   ; Physical Synthesis                                ; Timing optimization        ;           ;                ;                                      ;                  ;                       ;
; keccak_step_unit:KSU|theta_step:u_theta|D[4][0]                                 ; Modified   ; Physical Synthesis                                ; Timing optimization        ;           ;                ;                                      ;                  ;                       ;
; keccak_step_unit:KSU|theta_step:u_theta|D[4][1]                                 ; Modified   ; Physical Synthesis                                ; Timing optimization        ;           ;                ;                                      ;                  ;                       ;
; keccak_step_unit:KSU|theta_step:u_theta|D[4][2]                                 ; Modified   ; Physical Synthesis                                ; Timing optimization        ;           ;                ;                                      ;                  ;                       ;
; keccak_step_unit:KSU|theta_step:u_theta|D[4][3]                                 ; Modified   ; Physical Synthesis                                ; Timing optimization        ;           ;                ;                                      ;                  ;                       ;
; keccak_step_unit:KSU|theta_step:u_theta|D[4][4]                                 ; Modified   ; Physical Synthesis                                ; Timing optimization        ;           ;                ;                                      ;                  ;                       ;
; keccak_step_unit:KSU|theta_step:u_theta|D[4][5]                                 ; Modified   ; Physical Synthesis                                ; Timing optimization        ;           ;                ;                                      ;                  ;                       ;
; keccak_step_unit:KSU|theta_step:u_theta|D[4][6]                                 ; Modified   ; Physical Synthesis                                ; Timing optimization        ;           ;                ;                                      ;                  ;                       ;
; keccak_step_unit:KSU|theta_step:u_theta|D[4][7]                                 ; Modified   ; Physical Synthesis                                ; Timing optimization        ;           ;                ;                                      ;                  ;                       ;
; keccak_step_unit:KSU|theta_step:u_theta|D[4][8]                                 ; Modified   ; Physical Synthesis                                ; Timing optimization        ;           ;                ;                                      ;                  ;                       ;
; keccak_step_unit:KSU|theta_step:u_theta|D[4][9]                                 ; Modified   ; Physical Synthesis                                ; Timing optimization        ;           ;                ;                                      ;                  ;                       ;
; keccak_step_unit:KSU|theta_step:u_theta|D[4][10]                                ; Modified   ; Physical Synthesis                                ; Timing optimization        ;           ;                ;                                      ;                  ;                       ;
; keccak_step_unit:KSU|theta_step:u_theta|D[4][11]                                ; Modified   ; Physical Synthesis                                ; Timing optimization        ;           ;                ;                                      ;                  ;                       ;
; keccak_step_unit:KSU|theta_step:u_theta|D[4][12]                                ; Modified   ; Physical Synthesis                                ; Timing optimization        ;           ;                ;                                      ;                  ;                       ;
; keccak_step_unit:KSU|theta_step:u_theta|D[4][13]                                ; Modified   ; Physical Synthesis                                ; Timing optimization        ;           ;                ;                                      ;                  ;                       ;
; keccak_step_unit:KSU|theta_step:u_theta|D[4][14]                                ; Modified   ; Physical Synthesis                                ; Timing optimization        ;           ;                ;                                      ;                  ;                       ;
; keccak_step_unit:KSU|theta_step:u_theta|D[4][15]                                ; Modified   ; Physical Synthesis                                ; Timing optimization        ;           ;                ;                                      ;                  ;                       ;
; keccak_step_unit:KSU|theta_step:u_theta|D[4][16]                                ; Modified   ; Physical Synthesis                                ; Timing optimization        ;           ;                ;                                      ;                  ;                       ;
; keccak_step_unit:KSU|theta_step:u_theta|D[4][17]                                ; Modified   ; Physical Synthesis                                ; Timing optimization        ;           ;                ;                                      ;                  ;                       ;
; keccak_step_unit:KSU|theta_step:u_theta|D[4][18]                                ; Modified   ; Physical Synthesis                                ; Timing optimization        ;           ;                ;                                      ;                  ;                       ;
; keccak_step_unit:KSU|theta_step:u_theta|D[4][19]                                ; Modified   ; Physical Synthesis                                ; Timing optimization        ;           ;                ;                                      ;                  ;                       ;
; keccak_step_unit:KSU|theta_step:u_theta|D[4][20]                                ; Modified   ; Physical Synthesis                                ; Timing optimization        ;           ;                ;                                      ;                  ;                       ;
; keccak_step_unit:KSU|theta_step:u_theta|D[4][21]                                ; Modified   ; Physical Synthesis                                ; Timing optimization        ;           ;                ;                                      ;                  ;                       ;
; keccak_step_unit:KSU|theta_step:u_theta|D[4][22]                                ; Modified   ; Physical Synthesis                                ; Timing optimization        ;           ;                ;                                      ;                  ;                       ;
; keccak_step_unit:KSU|theta_step:u_theta|D[4][23]                                ; Modified   ; Physical Synthesis                                ; Timing optimization        ;           ;                ;                                      ;                  ;                       ;
; keccak_step_unit:KSU|theta_step:u_theta|D[4][24]                                ; Modified   ; Physical Synthesis                                ; Timing optimization        ;           ;                ;                                      ;                  ;                       ;
; keccak_step_unit:KSU|theta_step:u_theta|D[4][25]                                ; Modified   ; Physical Synthesis                                ; Timing optimization        ;           ;                ;                                      ;                  ;                       ;
; keccak_step_unit:KSU|theta_step:u_theta|D[4][26]                                ; Modified   ; Physical Synthesis                                ; Timing optimization        ;           ;                ;                                      ;                  ;                       ;
; keccak_step_unit:KSU|theta_step:u_theta|D[4][27]                                ; Modified   ; Physical Synthesis                                ; Timing optimization        ;           ;                ;                                      ;                  ;                       ;
; keccak_step_unit:KSU|theta_step:u_theta|D[4][28]                                ; Modified   ; Physical Synthesis                                ; Timing optimization        ;           ;                ;                                      ;                  ;                       ;
; keccak_step_unit:KSU|theta_step:u_theta|D[4][29]                                ; Modified   ; Physical Synthesis                                ; Timing optimization        ;           ;                ;                                      ;                  ;                       ;
; keccak_step_unit:KSU|theta_step:u_theta|D[4][30]                                ; Modified   ; Physical Synthesis                                ; Timing optimization        ;           ;                ;                                      ;                  ;                       ;
; keccak_step_unit:KSU|theta_step:u_theta|D[4][31]                                ; Modified   ; Physical Synthesis                                ; Timing optimization        ;           ;                ;                                      ;                  ;                       ;
; keccak_step_unit:KSU|theta_step:u_theta|D[4][32]                                ; Modified   ; Physical Synthesis                                ; Timing optimization        ;           ;                ;                                      ;                  ;                       ;
; keccak_step_unit:KSU|theta_step:u_theta|D[4][33]                                ; Modified   ; Physical Synthesis                                ; Timing optimization        ;           ;                ;                                      ;                  ;                       ;
; keccak_step_unit:KSU|theta_step:u_theta|D[4][34]                                ; Modified   ; Physical Synthesis                                ; Timing optimization        ;           ;                ;                                      ;                  ;                       ;
; keccak_step_unit:KSU|theta_step:u_theta|D[4][35]                                ; Modified   ; Physical Synthesis                                ; Timing optimization        ;           ;                ;                                      ;                  ;                       ;
; keccak_step_unit:KSU|theta_step:u_theta|D[4][36]                                ; Modified   ; Physical Synthesis                                ; Timing optimization        ;           ;                ;                                      ;                  ;                       ;
; keccak_step_unit:KSU|theta_step:u_theta|D[4][37]                                ; Modified   ; Physical Synthesis                                ; Timing optimization        ;           ;                ;                                      ;                  ;                       ;
; keccak_step_unit:KSU|theta_step:u_theta|D[4][38]                                ; Modified   ; Physical Synthesis                                ; Timing optimization        ;           ;                ;                                      ;                  ;                       ;
; keccak_step_unit:KSU|theta_step:u_theta|D[4][39]                                ; Modified   ; Physical Synthesis                                ; Timing optimization        ;           ;                ;                                      ;                  ;                       ;
; keccak_step_unit:KSU|theta_step:u_theta|D[4][40]                                ; Modified   ; Physical Synthesis                                ; Timing optimization        ;           ;                ;                                      ;                  ;                       ;
; keccak_step_unit:KSU|theta_step:u_theta|D[4][41]                                ; Modified   ; Physical Synthesis                                ; Timing optimization        ;           ;                ;                                      ;                  ;                       ;
; keccak_step_unit:KSU|theta_step:u_theta|D[4][42]                                ; Modified   ; Physical Synthesis                                ; Timing optimization        ;           ;                ;                                      ;                  ;                       ;
; keccak_step_unit:KSU|theta_step:u_theta|D[4][43]                                ; Modified   ; Physical Synthesis                                ; Timing optimization        ;           ;                ;                                      ;                  ;                       ;
; keccak_step_unit:KSU|theta_step:u_theta|D[4][44]                                ; Modified   ; Physical Synthesis                                ; Timing optimization        ;           ;                ;                                      ;                  ;                       ;
; keccak_step_unit:KSU|theta_step:u_theta|D[4][45]                                ; Modified   ; Physical Synthesis                                ; Timing optimization        ;           ;                ;                                      ;                  ;                       ;
; keccak_step_unit:KSU|theta_step:u_theta|D[4][46]                                ; Modified   ; Physical Synthesis                                ; Timing optimization        ;           ;                ;                                      ;                  ;                       ;
; keccak_step_unit:KSU|theta_step:u_theta|D[4][47]                                ; Modified   ; Physical Synthesis                                ; Timing optimization        ;           ;                ;                                      ;                  ;                       ;
; keccak_step_unit:KSU|theta_step:u_theta|D[4][48]                                ; Modified   ; Physical Synthesis                                ; Timing optimization        ;           ;                ;                                      ;                  ;                       ;
; keccak_step_unit:KSU|theta_step:u_theta|D[4][49]                                ; Modified   ; Physical Synthesis                                ; Timing optimization        ;           ;                ;                                      ;                  ;                       ;
; keccak_step_unit:KSU|theta_step:u_theta|D[4][50]                                ; Modified   ; Physical Synthesis                                ; Timing optimization        ;           ;                ;                                      ;                  ;                       ;
; keccak_step_unit:KSU|theta_step:u_theta|D[4][51]                                ; Modified   ; Physical Synthesis                                ; Timing optimization        ;           ;                ;                                      ;                  ;                       ;
; keccak_step_unit:KSU|theta_step:u_theta|D[4][52]                                ; Modified   ; Physical Synthesis                                ; Timing optimization        ;           ;                ;                                      ;                  ;                       ;
; keccak_step_unit:KSU|theta_step:u_theta|D[4][53]                                ; Modified   ; Physical Synthesis                                ; Timing optimization        ;           ;                ;                                      ;                  ;                       ;
; keccak_step_unit:KSU|theta_step:u_theta|D[4][54]                                ; Modified   ; Physical Synthesis                                ; Timing optimization        ;           ;                ;                                      ;                  ;                       ;
; keccak_step_unit:KSU|theta_step:u_theta|D[4][55]                                ; Modified   ; Physical Synthesis                                ; Timing optimization        ;           ;                ;                                      ;                  ;                       ;
; keccak_step_unit:KSU|theta_step:u_theta|D[4][56]                                ; Modified   ; Physical Synthesis                                ; Timing optimization        ;           ;                ;                                      ;                  ;                       ;
; keccak_step_unit:KSU|theta_step:u_theta|D[4][57]                                ; Modified   ; Physical Synthesis                                ; Timing optimization        ;           ;                ;                                      ;                  ;                       ;
; keccak_step_unit:KSU|theta_step:u_theta|D[4][58]                                ; Modified   ; Physical Synthesis                                ; Timing optimization        ;           ;                ;                                      ;                  ;                       ;
; keccak_step_unit:KSU|theta_step:u_theta|D[4][59]                                ; Modified   ; Physical Synthesis                                ; Timing optimization        ;           ;                ;                                      ;                  ;                       ;
; keccak_step_unit:KSU|theta_step:u_theta|D[4][60]                                ; Modified   ; Physical Synthesis                                ; Timing optimization        ;           ;                ;                                      ;                  ;                       ;
; keccak_step_unit:KSU|theta_step:u_theta|D[4][61]                                ; Modified   ; Physical Synthesis                                ; Timing optimization        ;           ;                ;                                      ;                  ;                       ;
; keccak_step_unit:KSU|theta_step:u_theta|D[4][62]                                ; Modified   ; Physical Synthesis                                ; Timing optimization        ;           ;                ;                                      ;                  ;                       ;
; keccak_step_unit:KSU|theta_step:u_theta|D[4][63]                                ; Modified   ; Physical Synthesis                                ; Timing optimization        ;           ;                ;                                      ;                  ;                       ;
; keccak_step_unit:KSU|theta_step:u_theta|state_array_o[0][0][0]                  ; Modified   ; Physical Synthesis                                ; Timing optimization        ;           ;                ;                                      ;                  ;                       ;
; keccak_step_unit:KSU|theta_step:u_theta|state_array_o[0][0][1]                  ; Modified   ; Physical Synthesis                                ; Timing optimization        ;           ;                ;                                      ;                  ;                       ;
; keccak_step_unit:KSU|theta_step:u_theta|state_array_o[0][0][2]                  ; Modified   ; Physical Synthesis                                ; Timing optimization        ;           ;                ;                                      ;                  ;                       ;
; keccak_step_unit:KSU|theta_step:u_theta|state_array_o[0][0][3]                  ; Modified   ; Physical Synthesis                                ; Timing optimization        ;           ;                ;                                      ;                  ;                       ;
; keccak_step_unit:KSU|theta_step:u_theta|state_array_o[0][0][4]                  ; Modified   ; Physical Synthesis                                ; Timing optimization        ;           ;                ;                                      ;                  ;                       ;
; keccak_step_unit:KSU|theta_step:u_theta|state_array_o[0][0][5]                  ; Modified   ; Physical Synthesis                                ; Timing optimization        ;           ;                ;                                      ;                  ;                       ;
; keccak_step_unit:KSU|theta_step:u_theta|state_array_o[0][0][7]                  ; Modified   ; Physical Synthesis                                ; Timing optimization        ;           ;                ;                                      ;                  ;                       ;
; keccak_step_unit:KSU|theta_step:u_theta|state_array_o[0][0][15]                 ; Modified   ; Physical Synthesis                                ; Timing optimization        ;           ;                ;                                      ;                  ;                       ;
; keccak_step_unit:KSU|theta_step:u_theta|state_array_o[0][0][31]                 ; Modified   ; Physical Synthesis                                ; Timing optimization        ;           ;                ;                                      ;                  ;                       ;
; keccak_step_unit:KSU|theta_step:u_theta|state_array_o[0][0][63]                 ; Modified   ; Physical Synthesis                                ; Timing optimization        ;           ;                ;                                      ;                  ;                       ;
; keccak_step_unit:KSU|theta_step:u_theta|state_array_o[0][1][0]                  ; Modified   ; Physical Synthesis                                ; Timing optimization        ;           ;                ;                                      ;                  ;                       ;
; keccak_step_unit:KSU|theta_step:u_theta|state_array_o[0][1][0]_RESYN250_BDD251  ; Created    ; Physical Synthesis                                ; Timing optimization        ;           ;                ;                                      ;                  ;                       ;
; keccak_step_unit:KSU|theta_step:u_theta|state_array_o[0][1][1]                  ; Modified   ; Physical Synthesis                                ; Timing optimization        ;           ;                ;                                      ;                  ;                       ;
; keccak_step_unit:KSU|theta_step:u_theta|state_array_o[0][1][1]_RESYN254_BDD255  ; Created    ; Physical Synthesis                                ; Timing optimization        ;           ;                ;                                      ;                  ;                       ;
; keccak_step_unit:KSU|theta_step:u_theta|state_array_o[0][1][2]                  ; Modified   ; Physical Synthesis                                ; Timing optimization        ;           ;                ;                                      ;                  ;                       ;
; keccak_step_unit:KSU|theta_step:u_theta|state_array_o[0][1][2]_RESYN258_BDD259  ; Created    ; Physical Synthesis                                ; Timing optimization        ;           ;                ;                                      ;                  ;                       ;
; keccak_step_unit:KSU|theta_step:u_theta|state_array_o[0][1][3]                  ; Modified   ; Physical Synthesis                                ; Timing optimization        ;           ;                ;                                      ;                  ;                       ;
; keccak_step_unit:KSU|theta_step:u_theta|state_array_o[0][1][3]_RESYN262_BDD263  ; Created    ; Physical Synthesis                                ; Timing optimization        ;           ;                ;                                      ;                  ;                       ;
; keccak_step_unit:KSU|theta_step:u_theta|state_array_o[0][1][4]                  ; Modified   ; Physical Synthesis                                ; Timing optimization        ;           ;                ;                                      ;                  ;                       ;
; keccak_step_unit:KSU|theta_step:u_theta|state_array_o[0][1][4]_RESYN266_BDD267  ; Created    ; Physical Synthesis                                ; Timing optimization        ;           ;                ;                                      ;                  ;                       ;
; keccak_step_unit:KSU|theta_step:u_theta|state_array_o[0][1][5]                  ; Modified   ; Physical Synthesis                                ; Timing optimization        ;           ;                ;                                      ;                  ;                       ;
; keccak_step_unit:KSU|theta_step:u_theta|state_array_o[0][1][5]_RESYN270_BDD271  ; Created    ; Physical Synthesis                                ; Timing optimization        ;           ;                ;                                      ;                  ;                       ;
; keccak_step_unit:KSU|theta_step:u_theta|state_array_o[0][1][6]                  ; Modified   ; Physical Synthesis                                ; Timing optimization        ;           ;                ;                                      ;                  ;                       ;
; keccak_step_unit:KSU|theta_step:u_theta|state_array_o[0][1][7]                  ; Modified   ; Physical Synthesis                                ; Timing optimization        ;           ;                ;                                      ;                  ;                       ;
; keccak_step_unit:KSU|theta_step:u_theta|state_array_o[0][1][7]_RESYN276_BDD277  ; Created    ; Physical Synthesis                                ; Timing optimization        ;           ;                ;                                      ;                  ;                       ;
; keccak_step_unit:KSU|theta_step:u_theta|state_array_o[0][1][8]                  ; Modified   ; Physical Synthesis                                ; Timing optimization        ;           ;                ;                                      ;                  ;                       ;
; keccak_step_unit:KSU|theta_step:u_theta|state_array_o[0][1][8]_RESYN280_BDD281  ; Created    ; Physical Synthesis                                ; Timing optimization        ;           ;                ;                                      ;                  ;                       ;
; keccak_step_unit:KSU|theta_step:u_theta|state_array_o[0][1][9]                  ; Modified   ; Physical Synthesis                                ; Timing optimization        ;           ;                ;                                      ;                  ;                       ;
; keccak_step_unit:KSU|theta_step:u_theta|state_array_o[0][1][9]_RESYN284_BDD285  ; Created    ; Physical Synthesis                                ; Timing optimization        ;           ;                ;                                      ;                  ;                       ;
; keccak_step_unit:KSU|theta_step:u_theta|state_array_o[0][1][10]                 ; Modified   ; Physical Synthesis                                ; Timing optimization        ;           ;                ;                                      ;                  ;                       ;
; keccak_step_unit:KSU|theta_step:u_theta|state_array_o[0][1][10]_RESYN288_BDD289 ; Created    ; Physical Synthesis                                ; Timing optimization        ;           ;                ;                                      ;                  ;                       ;
; keccak_step_unit:KSU|theta_step:u_theta|state_array_o[0][1][11]                 ; Modified   ; Physical Synthesis                                ; Timing optimization        ;           ;                ;                                      ;                  ;                       ;
; keccak_step_unit:KSU|theta_step:u_theta|state_array_o[0][1][11]_RESYN292_BDD293 ; Created    ; Physical Synthesis                                ; Timing optimization        ;           ;                ;                                      ;                  ;                       ;
; keccak_step_unit:KSU|theta_step:u_theta|state_array_o[0][1][12]                 ; Modified   ; Physical Synthesis                                ; Timing optimization        ;           ;                ;                                      ;                  ;                       ;
; keccak_step_unit:KSU|theta_step:u_theta|state_array_o[0][1][13]                 ; Modified   ; Physical Synthesis                                ; Timing optimization        ;           ;                ;                                      ;                  ;                       ;
; keccak_step_unit:KSU|theta_step:u_theta|state_array_o[0][1][14]                 ; Modified   ; Physical Synthesis                                ; Timing optimization        ;           ;                ;                                      ;                  ;                       ;
; keccak_step_unit:KSU|theta_step:u_theta|state_array_o[0][1][15]                 ; Modified   ; Physical Synthesis                                ; Timing optimization        ;           ;                ;                                      ;                  ;                       ;
; keccak_step_unit:KSU|theta_step:u_theta|state_array_o[0][1][15]_RESYN302_BDD303 ; Created    ; Physical Synthesis                                ; Timing optimization        ;           ;                ;                                      ;                  ;                       ;
; keccak_step_unit:KSU|theta_step:u_theta|state_array_o[0][1][16]                 ; Modified   ; Physical Synthesis                                ; Timing optimization        ;           ;                ;                                      ;                  ;                       ;
; keccak_step_unit:KSU|theta_step:u_theta|state_array_o[0][1][16]_RESYN306_BDD307 ; Created    ; Physical Synthesis                                ; Timing optimization        ;           ;                ;                                      ;                  ;                       ;
; keccak_step_unit:KSU|theta_step:u_theta|state_array_o[0][1][17]                 ; Modified   ; Physical Synthesis                                ; Timing optimization        ;           ;                ;                                      ;                  ;                       ;
; keccak_step_unit:KSU|theta_step:u_theta|state_array_o[0][1][17]_RESYN310_BDD311 ; Created    ; Physical Synthesis                                ; Timing optimization        ;           ;                ;                                      ;                  ;                       ;
; keccak_step_unit:KSU|theta_step:u_theta|state_array_o[0][1][18]                 ; Modified   ; Physical Synthesis                                ; Timing optimization        ;           ;                ;                                      ;                  ;                       ;
; keccak_step_unit:KSU|theta_step:u_theta|state_array_o[0][1][18]_RESYN314_BDD315 ; Created    ; Physical Synthesis                                ; Timing optimization        ;           ;                ;                                      ;                  ;                       ;
; keccak_step_unit:KSU|theta_step:u_theta|state_array_o[0][1][19]                 ; Modified   ; Physical Synthesis                                ; Timing optimization        ;           ;                ;                                      ;                  ;                       ;
; keccak_step_unit:KSU|theta_step:u_theta|state_array_o[0][1][19]_RESYN318_BDD319 ; Created    ; Physical Synthesis                                ; Timing optimization        ;           ;                ;                                      ;                  ;                       ;
; keccak_step_unit:KSU|theta_step:u_theta|state_array_o[0][1][20]                 ; Modified   ; Physical Synthesis                                ; Timing optimization        ;           ;                ;                                      ;                  ;                       ;
; keccak_step_unit:KSU|theta_step:u_theta|state_array_o[0][1][21]                 ; Modified   ; Physical Synthesis                                ; Timing optimization        ;           ;                ;                                      ;                  ;                       ;
; keccak_step_unit:KSU|theta_step:u_theta|state_array_o[0][1][22]                 ; Modified   ; Physical Synthesis                                ; Timing optimization        ;           ;                ;                                      ;                  ;                       ;
; keccak_step_unit:KSU|theta_step:u_theta|state_array_o[0][1][23]                 ; Modified   ; Physical Synthesis                                ; Timing optimization        ;           ;                ;                                      ;                  ;                       ;
; keccak_step_unit:KSU|theta_step:u_theta|state_array_o[0][1][23]_RESYN328_BDD329 ; Created    ; Physical Synthesis                                ; Timing optimization        ;           ;                ;                                      ;                  ;                       ;
; keccak_step_unit:KSU|theta_step:u_theta|state_array_o[0][1][24]                 ; Modified   ; Physical Synthesis                                ; Timing optimization        ;           ;                ;                                      ;                  ;                       ;
; keccak_step_unit:KSU|theta_step:u_theta|state_array_o[0][1][24]_RESYN332_BDD333 ; Created    ; Physical Synthesis                                ; Timing optimization        ;           ;                ;                                      ;                  ;                       ;
; keccak_step_unit:KSU|theta_step:u_theta|state_array_o[0][1][25]                 ; Modified   ; Physical Synthesis                                ; Timing optimization        ;           ;                ;                                      ;                  ;                       ;
; keccak_step_unit:KSU|theta_step:u_theta|state_array_o[0][1][25]_RESYN336_BDD337 ; Created    ; Physical Synthesis                                ; Timing optimization        ;           ;                ;                                      ;                  ;                       ;
; keccak_step_unit:KSU|theta_step:u_theta|state_array_o[0][1][26]                 ; Modified   ; Physical Synthesis                                ; Timing optimization        ;           ;                ;                                      ;                  ;                       ;
; keccak_step_unit:KSU|theta_step:u_theta|state_array_o[0][1][26]_RESYN340_BDD341 ; Created    ; Physical Synthesis                                ; Timing optimization        ;           ;                ;                                      ;                  ;                       ;
; keccak_step_unit:KSU|theta_step:u_theta|state_array_o[0][1][27]                 ; Modified   ; Physical Synthesis                                ; Timing optimization        ;           ;                ;                                      ;                  ;                       ;
; keccak_step_unit:KSU|theta_step:u_theta|state_array_o[0][1][27]_RESYN344_BDD345 ; Created    ; Physical Synthesis                                ; Timing optimization        ;           ;                ;                                      ;                  ;                       ;
; keccak_step_unit:KSU|theta_step:u_theta|state_array_o[0][1][28]                 ; Modified   ; Physical Synthesis                                ; Timing optimization        ;           ;                ;                                      ;                  ;                       ;
; keccak_step_unit:KSU|theta_step:u_theta|state_array_o[0][1][29]                 ; Modified   ; Physical Synthesis                                ; Timing optimization        ;           ;                ;                                      ;                  ;                       ;
; keccak_step_unit:KSU|theta_step:u_theta|state_array_o[0][1][30]                 ; Modified   ; Physical Synthesis                                ; Timing optimization        ;           ;                ;                                      ;                  ;                       ;
; keccak_step_unit:KSU|theta_step:u_theta|state_array_o[0][1][31]                 ; Modified   ; Physical Synthesis                                ; Timing optimization        ;           ;                ;                                      ;                  ;                       ;
; keccak_step_unit:KSU|theta_step:u_theta|state_array_o[0][1][31]_RESYN12_BDD13   ; Created    ; Physical Synthesis                                ; Timing optimization        ;           ;                ;                                      ;                  ;                       ;
; keccak_step_unit:KSU|theta_step:u_theta|state_array_o[0][1][32]                 ; Modified   ; Physical Synthesis                                ; Timing optimization        ;           ;                ;                                      ;                  ;                       ;
; keccak_step_unit:KSU|theta_step:u_theta|state_array_o[0][1][33]                 ; Modified   ; Physical Synthesis                                ; Timing optimization        ;           ;                ;                                      ;                  ;                       ;
; keccak_step_unit:KSU|theta_step:u_theta|state_array_o[0][1][34]                 ; Modified   ; Physical Synthesis                                ; Timing optimization        ;           ;                ;                                      ;                  ;                       ;
; keccak_step_unit:KSU|theta_step:u_theta|state_array_o[0][1][35]                 ; Modified   ; Physical Synthesis                                ; Timing optimization        ;           ;                ;                                      ;                  ;                       ;
; keccak_step_unit:KSU|theta_step:u_theta|state_array_o[0][1][36]                 ; Modified   ; Physical Synthesis                                ; Timing optimization        ;           ;                ;                                      ;                  ;                       ;
; keccak_step_unit:KSU|theta_step:u_theta|state_array_o[0][1][37]                 ; Modified   ; Physical Synthesis                                ; Timing optimization        ;           ;                ;                                      ;                  ;                       ;
; keccak_step_unit:KSU|theta_step:u_theta|state_array_o[0][1][38]                 ; Modified   ; Physical Synthesis                                ; Timing optimization        ;           ;                ;                                      ;                  ;                       ;
; keccak_step_unit:KSU|theta_step:u_theta|state_array_o[0][1][39]                 ; Modified   ; Physical Synthesis                                ; Timing optimization        ;           ;                ;                                      ;                  ;                       ;
; keccak_step_unit:KSU|theta_step:u_theta|state_array_o[0][1][39]_RESYN170_BDD171 ; Created    ; Physical Synthesis                                ; Timing optimization        ;           ;                ;                                      ;                  ;                       ;
; keccak_step_unit:KSU|theta_step:u_theta|state_array_o[0][1][40]                 ; Modified   ; Physical Synthesis                                ; Timing optimization        ;           ;                ;                                      ;                  ;                       ;
; keccak_step_unit:KSU|theta_step:u_theta|state_array_o[0][1][40]_RESYN174_BDD175 ; Created    ; Physical Synthesis                                ; Timing optimization        ;           ;                ;                                      ;                  ;                       ;
; keccak_step_unit:KSU|theta_step:u_theta|state_array_o[0][1][41]                 ; Modified   ; Physical Synthesis                                ; Timing optimization        ;           ;                ;                                      ;                  ;                       ;
; keccak_step_unit:KSU|theta_step:u_theta|state_array_o[0][1][41]_RESYN178_BDD179 ; Created    ; Physical Synthesis                                ; Timing optimization        ;           ;                ;                                      ;                  ;                       ;
; keccak_step_unit:KSU|theta_step:u_theta|state_array_o[0][1][42]                 ; Modified   ; Physical Synthesis                                ; Timing optimization        ;           ;                ;                                      ;                  ;                       ;
; keccak_step_unit:KSU|theta_step:u_theta|state_array_o[0][1][42]_RESYN182_BDD183 ; Created    ; Physical Synthesis                                ; Timing optimization        ;           ;                ;                                      ;                  ;                       ;
; keccak_step_unit:KSU|theta_step:u_theta|state_array_o[0][1][43]                 ; Modified   ; Physical Synthesis                                ; Timing optimization        ;           ;                ;                                      ;                  ;                       ;
; keccak_step_unit:KSU|theta_step:u_theta|state_array_o[0][1][43]_RESYN186_BDD187 ; Created    ; Physical Synthesis                                ; Timing optimization        ;           ;                ;                                      ;                  ;                       ;
; keccak_step_unit:KSU|theta_step:u_theta|state_array_o[0][1][44]                 ; Modified   ; Physical Synthesis                                ; Timing optimization        ;           ;                ;                                      ;                  ;                       ;
; keccak_step_unit:KSU|theta_step:u_theta|state_array_o[0][1][45]                 ; Modified   ; Physical Synthesis                                ; Timing optimization        ;           ;                ;                                      ;                  ;                       ;
; keccak_step_unit:KSU|theta_step:u_theta|state_array_o[0][1][46]                 ; Modified   ; Physical Synthesis                                ; Timing optimization        ;           ;                ;                                      ;                  ;                       ;
; keccak_step_unit:KSU|theta_step:u_theta|state_array_o[0][1][47]                 ; Modified   ; Physical Synthesis                                ; Timing optimization        ;           ;                ;                                      ;                  ;                       ;
; keccak_step_unit:KSU|theta_step:u_theta|state_array_o[0][1][47]_RESYN194_BDD195 ; Created    ; Physical Synthesis                                ; Timing optimization        ;           ;                ;                                      ;                  ;                       ;
; keccak_step_unit:KSU|theta_step:u_theta|state_array_o[0][1][48]                 ; Modified   ; Physical Synthesis                                ; Timing optimization        ;           ;                ;                                      ;                  ;                       ;
; keccak_step_unit:KSU|theta_step:u_theta|state_array_o[0][1][48]_RESYN198_BDD199 ; Created    ; Physical Synthesis                                ; Timing optimization        ;           ;                ;                                      ;                  ;                       ;
; keccak_step_unit:KSU|theta_step:u_theta|state_array_o[0][1][49]                 ; Modified   ; Physical Synthesis                                ; Timing optimization        ;           ;                ;                                      ;                  ;                       ;
; keccak_step_unit:KSU|theta_step:u_theta|state_array_o[0][1][49]_RESYN202_BDD203 ; Created    ; Physical Synthesis                                ; Timing optimization        ;           ;                ;                                      ;                  ;                       ;
; keccak_step_unit:KSU|theta_step:u_theta|state_array_o[0][1][50]                 ; Modified   ; Physical Synthesis                                ; Timing optimization        ;           ;                ;                                      ;                  ;                       ;
; keccak_step_unit:KSU|theta_step:u_theta|state_array_o[0][1][50]_RESYN206_BDD207 ; Created    ; Physical Synthesis                                ; Timing optimization        ;           ;                ;                                      ;                  ;                       ;
; keccak_step_unit:KSU|theta_step:u_theta|state_array_o[0][1][51]                 ; Modified   ; Physical Synthesis                                ; Timing optimization        ;           ;                ;                                      ;                  ;                       ;
; keccak_step_unit:KSU|theta_step:u_theta|state_array_o[0][1][51]_RESYN210_BDD211 ; Created    ; Physical Synthesis                                ; Timing optimization        ;           ;                ;                                      ;                  ;                       ;
; keccak_step_unit:KSU|theta_step:u_theta|state_array_o[0][1][52]                 ; Modified   ; Physical Synthesis                                ; Timing optimization        ;           ;                ;                                      ;                  ;                       ;
; keccak_step_unit:KSU|theta_step:u_theta|state_array_o[0][1][53]                 ; Modified   ; Physical Synthesis                                ; Timing optimization        ;           ;                ;                                      ;                  ;                       ;
; keccak_step_unit:KSU|theta_step:u_theta|state_array_o[0][1][54]                 ; Modified   ; Physical Synthesis                                ; Timing optimization        ;           ;                ;                                      ;                  ;                       ;
; keccak_step_unit:KSU|theta_step:u_theta|state_array_o[0][1][55]                 ; Modified   ; Physical Synthesis                                ; Timing optimization        ;           ;                ;                                      ;                  ;                       ;
; keccak_step_unit:KSU|theta_step:u_theta|state_array_o[0][1][55]_RESYN220_BDD221 ; Created    ; Physical Synthesis                                ; Timing optimization        ;           ;                ;                                      ;                  ;                       ;
; keccak_step_unit:KSU|theta_step:u_theta|state_array_o[0][1][56]                 ; Modified   ; Physical Synthesis                                ; Timing optimization        ;           ;                ;                                      ;                  ;                       ;
; keccak_step_unit:KSU|theta_step:u_theta|state_array_o[0][1][56]_RESYN224_BDD225 ; Created    ; Physical Synthesis                                ; Timing optimization        ;           ;                ;                                      ;                  ;                       ;
; keccak_step_unit:KSU|theta_step:u_theta|state_array_o[0][1][57]                 ; Modified   ; Physical Synthesis                                ; Timing optimization        ;           ;                ;                                      ;                  ;                       ;
; keccak_step_unit:KSU|theta_step:u_theta|state_array_o[0][1][57]_RESYN228_BDD229 ; Created    ; Physical Synthesis                                ; Timing optimization        ;           ;                ;                                      ;                  ;                       ;
; keccak_step_unit:KSU|theta_step:u_theta|state_array_o[0][1][58]                 ; Modified   ; Physical Synthesis                                ; Timing optimization        ;           ;                ;                                      ;                  ;                       ;
; keccak_step_unit:KSU|theta_step:u_theta|state_array_o[0][1][58]_RESYN232_BDD233 ; Created    ; Physical Synthesis                                ; Timing optimization        ;           ;                ;                                      ;                  ;                       ;
; keccak_step_unit:KSU|theta_step:u_theta|state_array_o[0][1][59]                 ; Modified   ; Physical Synthesis                                ; Timing optimization        ;           ;                ;                                      ;                  ;                       ;
; keccak_step_unit:KSU|theta_step:u_theta|state_array_o[0][1][59]_RESYN236_BDD237 ; Created    ; Physical Synthesis                                ; Timing optimization        ;           ;                ;                                      ;                  ;                       ;
; keccak_step_unit:KSU|theta_step:u_theta|state_array_o[0][1][60]                 ; Modified   ; Physical Synthesis                                ; Timing optimization        ;           ;                ;                                      ;                  ;                       ;
; keccak_step_unit:KSU|theta_step:u_theta|state_array_o[0][1][61]                 ; Modified   ; Physical Synthesis                                ; Timing optimization        ;           ;                ;                                      ;                  ;                       ;
; keccak_step_unit:KSU|theta_step:u_theta|state_array_o[0][1][62]                 ; Modified   ; Physical Synthesis                                ; Timing optimization        ;           ;                ;                                      ;                  ;                       ;
; keccak_step_unit:KSU|theta_step:u_theta|state_array_o[0][1][63]                 ; Modified   ; Physical Synthesis                                ; Timing optimization        ;           ;                ;                                      ;                  ;                       ;
; keccak_step_unit:KSU|theta_step:u_theta|state_array_o[0][1][63]_RESYN246_BDD247 ; Created    ; Physical Synthesis                                ; Timing optimization        ;           ;                ;                                      ;                  ;                       ;
; keccak_step_unit:KSU|theta_step:u_theta|state_array_o[0][3][0]                  ; Modified   ; Physical Synthesis                                ; Timing optimization        ;           ;                ;                                      ;                  ;                       ;
; keccak_step_unit:KSU|theta_step:u_theta|state_array_o[0][3][0]_RESYN54_BDD55    ; Created    ; Physical Synthesis                                ; Timing optimization        ;           ;                ;                                      ;                  ;                       ;
; keccak_step_unit:KSU|theta_step:u_theta|state_array_o[0][3][1]                  ; Modified   ; Physical Synthesis                                ; Timing optimization        ;           ;                ;                                      ;                  ;                       ;
; keccak_step_unit:KSU|theta_step:u_theta|state_array_o[0][3][1]_RESYN56_BDD57    ; Created    ; Physical Synthesis                                ; Timing optimization        ;           ;                ;                                      ;                  ;                       ;
; keccak_step_unit:KSU|theta_step:u_theta|state_array_o[0][3][2]                  ; Modified   ; Physical Synthesis                                ; Timing optimization        ;           ;                ;                                      ;                  ;                       ;
; keccak_step_unit:KSU|theta_step:u_theta|state_array_o[0][3][3]                  ; Modified   ; Physical Synthesis                                ; Timing optimization        ;           ;                ;                                      ;                  ;                       ;
; keccak_step_unit:KSU|theta_step:u_theta|state_array_o[0][3][3]_RESYN62_BDD63    ; Created    ; Physical Synthesis                                ; Timing optimization        ;           ;                ;                                      ;                  ;                       ;
; keccak_step_unit:KSU|theta_step:u_theta|state_array_o[0][3][7]                  ; Modified   ; Physical Synthesis                                ; Timing optimization        ;           ;                ;                                      ;                  ;                       ;
; keccak_step_unit:KSU|theta_step:u_theta|state_array_o[0][3][7]_RESYN74_BDD75    ; Created    ; Physical Synthesis                                ; Timing optimization        ;           ;                ;                                      ;                  ;                       ;
; keccak_step_unit:KSU|theta_step:u_theta|state_array_o[0][3][8]                  ; Modified   ; Physical Synthesis                                ; Timing optimization        ;           ;                ;                                      ;                  ;                       ;
; keccak_step_unit:KSU|theta_step:u_theta|state_array_o[0][3][9]                  ; Modified   ; Physical Synthesis                                ; Timing optimization        ;           ;                ;                                      ;                  ;                       ;
; keccak_step_unit:KSU|theta_step:u_theta|state_array_o[0][3][10]                 ; Modified   ; Physical Synthesis                                ; Timing optimization        ;           ;                ;                                      ;                  ;                       ;
; keccak_step_unit:KSU|theta_step:u_theta|state_array_o[0][3][11]                 ; Modified   ; Physical Synthesis                                ; Timing optimization        ;           ;                ;                                      ;                  ;                       ;
; keccak_step_unit:KSU|theta_step:u_theta|state_array_o[0][3][15]                 ; Modified   ; Physical Synthesis                                ; Timing optimization        ;           ;                ;                                      ;                  ;                       ;
; keccak_step_unit:KSU|theta_step:u_theta|state_array_o[0][3][15]_RESYN104_BDD105 ; Created    ; Physical Synthesis                                ; Timing optimization        ;           ;                ;                                      ;                  ;                       ;
; keccak_step_unit:KSU|theta_step:u_theta|state_array_o[0][3][16]                 ; Modified   ; Physical Synthesis                                ; Timing optimization        ;           ;                ;                                      ;                  ;                       ;
; keccak_step_unit:KSU|theta_step:u_theta|state_array_o[0][3][17]                 ; Modified   ; Physical Synthesis                                ; Timing optimization        ;           ;                ;                                      ;                  ;                       ;
; keccak_step_unit:KSU|theta_step:u_theta|state_array_o[0][3][18]                 ; Modified   ; Physical Synthesis                                ; Timing optimization        ;           ;                ;                                      ;                  ;                       ;
; keccak_step_unit:KSU|theta_step:u_theta|state_array_o[0][3][19]                 ; Modified   ; Physical Synthesis                                ; Timing optimization        ;           ;                ;                                      ;                  ;                       ;
; keccak_step_unit:KSU|theta_step:u_theta|state_array_o[0][3][23]                 ; Modified   ; Physical Synthesis                                ; Timing optimization        ;           ;                ;                                      ;                  ;                       ;
; keccak_step_unit:KSU|theta_step:u_theta|state_array_o[0][3][24]                 ; Modified   ; Physical Synthesis                                ; Timing optimization        ;           ;                ;                                      ;                  ;                       ;
; keccak_step_unit:KSU|theta_step:u_theta|state_array_o[0][3][25]                 ; Modified   ; Physical Synthesis                                ; Timing optimization        ;           ;                ;                                      ;                  ;                       ;
; keccak_step_unit:KSU|theta_step:u_theta|state_array_o[0][3][26]                 ; Modified   ; Physical Synthesis                                ; Timing optimization        ;           ;                ;                                      ;                  ;                       ;
; keccak_step_unit:KSU|theta_step:u_theta|state_array_o[0][3][27]                 ; Modified   ; Physical Synthesis                                ; Timing optimization        ;           ;                ;                                      ;                  ;                       ;
; keccak_step_unit:KSU|theta_step:u_theta|state_array_o[0][3][31]                 ; Modified   ; Physical Synthesis                                ; Timing optimization        ;           ;                ;                                      ;                  ;                       ;
; keccak_step_unit:KSU|theta_step:u_theta|state_array_o[0][3][31]_RESYN22_BDD23   ; Created    ; Physical Synthesis                                ; Timing optimization        ;           ;                ;                                      ;                  ;                       ;
; keccak_step_unit:KSU|theta_step:u_theta|state_array_o[0][3][32]                 ; Modified   ; Physical Synthesis                                ; Timing optimization        ;           ;                ;                                      ;                  ;                       ;
; keccak_step_unit:KSU|theta_step:u_theta|state_array_o[0][3][33]                 ; Modified   ; Physical Synthesis                                ; Timing optimization        ;           ;                ;                                      ;                  ;                       ;
; keccak_step_unit:KSU|theta_step:u_theta|state_array_o[0][3][34]                 ; Modified   ; Physical Synthesis                                ; Timing optimization        ;           ;                ;                                      ;                  ;                       ;
; keccak_step_unit:KSU|theta_step:u_theta|state_array_o[0][3][35]                 ; Modified   ; Physical Synthesis                                ; Timing optimization        ;           ;                ;                                      ;                  ;                       ;
; keccak_step_unit:KSU|theta_step:u_theta|state_array_o[0][3][39]                 ; Modified   ; Physical Synthesis                                ; Timing optimization        ;           ;                ;                                      ;                  ;                       ;
; keccak_step_unit:KSU|theta_step:u_theta|state_array_o[0][3][40]                 ; Modified   ; Physical Synthesis                                ; Timing optimization        ;           ;                ;                                      ;                  ;                       ;
; keccak_step_unit:KSU|theta_step:u_theta|state_array_o[0][3][41]                 ; Modified   ; Physical Synthesis                                ; Timing optimization        ;           ;                ;                                      ;                  ;                       ;
; keccak_step_unit:KSU|theta_step:u_theta|state_array_o[0][3][42]                 ; Modified   ; Physical Synthesis                                ; Timing optimization        ;           ;                ;                                      ;                  ;                       ;
; keccak_step_unit:KSU|theta_step:u_theta|state_array_o[0][3][43]                 ; Modified   ; Physical Synthesis                                ; Timing optimization        ;           ;                ;                                      ;                  ;                       ;
; keccak_step_unit:KSU|theta_step:u_theta|state_array_o[0][3][47]                 ; Modified   ; Physical Synthesis                                ; Timing optimization        ;           ;                ;                                      ;                  ;                       ;
; keccak_step_unit:KSU|theta_step:u_theta|state_array_o[0][3][48]                 ; Modified   ; Physical Synthesis                                ; Timing optimization        ;           ;                ;                                      ;                  ;                       ;
; keccak_step_unit:KSU|theta_step:u_theta|state_array_o[0][3][49]                 ; Modified   ; Physical Synthesis                                ; Timing optimization        ;           ;                ;                                      ;                  ;                       ;
; keccak_step_unit:KSU|theta_step:u_theta|state_array_o[0][3][50]                 ; Modified   ; Physical Synthesis                                ; Timing optimization        ;           ;                ;                                      ;                  ;                       ;
; keccak_step_unit:KSU|theta_step:u_theta|state_array_o[0][3][51]                 ; Modified   ; Physical Synthesis                                ; Timing optimization        ;           ;                ;                                      ;                  ;                       ;
; keccak_step_unit:KSU|theta_step:u_theta|state_array_o[0][3][55]                 ; Modified   ; Physical Synthesis                                ; Timing optimization        ;           ;                ;                                      ;                  ;                       ;
; keccak_step_unit:KSU|theta_step:u_theta|state_array_o[0][3][56]                 ; Modified   ; Physical Synthesis                                ; Timing optimization        ;           ;                ;                                      ;                  ;                       ;
; keccak_step_unit:KSU|theta_step:u_theta|state_array_o[0][3][57]                 ; Modified   ; Physical Synthesis                                ; Timing optimization        ;           ;                ;                                      ;                  ;                       ;
; keccak_step_unit:KSU|theta_step:u_theta|state_array_o[0][3][58]                 ; Modified   ; Physical Synthesis                                ; Timing optimization        ;           ;                ;                                      ;                  ;                       ;
; keccak_step_unit:KSU|theta_step:u_theta|state_array_o[0][3][59]                 ; Modified   ; Physical Synthesis                                ; Timing optimization        ;           ;                ;                                      ;                  ;                       ;
; keccak_step_unit:KSU|theta_step:u_theta|state_array_o[0][3][63]                 ; Modified   ; Physical Synthesis                                ; Timing optimization        ;           ;                ;                                      ;                  ;                       ;
; keccak_step_unit:KSU|theta_step:u_theta|state_array_o[0][3][63]_RESYN50_BDD51   ; Created    ; Physical Synthesis                                ; Timing optimization        ;           ;                ;                                      ;                  ;                       ;
; keccak_step_unit:KSU|theta_step:u_theta|state_array_o[1][1][0]                  ; Modified   ; Physical Synthesis                                ; Timing optimization        ;           ;                ;                                      ;                  ;                       ;
; keccak_step_unit:KSU|theta_step:u_theta|state_array_o[1][1][1]                  ; Modified   ; Physical Synthesis                                ; Timing optimization        ;           ;                ;                                      ;                  ;                       ;
; keccak_step_unit:KSU|theta_step:u_theta|state_array_o[1][1][2]                  ; Modified   ; Physical Synthesis                                ; Timing optimization        ;           ;                ;                                      ;                  ;                       ;
; keccak_step_unit:KSU|theta_step:u_theta|state_array_o[1][1][3]                  ; Modified   ; Physical Synthesis                                ; Timing optimization        ;           ;                ;                                      ;                  ;                       ;
; keccak_step_unit:KSU|theta_step:u_theta|state_array_o[1][1][4]                  ; Modified   ; Physical Synthesis                                ; Timing optimization        ;           ;                ;                                      ;                  ;                       ;
; keccak_step_unit:KSU|theta_step:u_theta|state_array_o[1][1][5]                  ; Modified   ; Physical Synthesis                                ; Timing optimization        ;           ;                ;                                      ;                  ;                       ;
; keccak_step_unit:KSU|theta_step:u_theta|state_array_o[1][1][6]                  ; Modified   ; Physical Synthesis                                ; Timing optimization        ;           ;                ;                                      ;                  ;                       ;
; keccak_step_unit:KSU|theta_step:u_theta|state_array_o[1][1][7]                  ; Modified   ; Physical Synthesis                                ; Timing optimization        ;           ;                ;                                      ;                  ;                       ;
; keccak_step_unit:KSU|theta_step:u_theta|state_array_o[1][1][8]                  ; Modified   ; Physical Synthesis                                ; Timing optimization        ;           ;                ;                                      ;                  ;                       ;
; keccak_step_unit:KSU|theta_step:u_theta|state_array_o[1][1][9]                  ; Modified   ; Physical Synthesis                                ; Timing optimization        ;           ;                ;                                      ;                  ;                       ;
; keccak_step_unit:KSU|theta_step:u_theta|state_array_o[1][1][10]                 ; Modified   ; Physical Synthesis                                ; Timing optimization        ;           ;                ;                                      ;                  ;                       ;
; keccak_step_unit:KSU|theta_step:u_theta|state_array_o[1][1][11]                 ; Modified   ; Physical Synthesis                                ; Timing optimization        ;           ;                ;                                      ;                  ;                       ;
; keccak_step_unit:KSU|theta_step:u_theta|state_array_o[1][1][12]                 ; Modified   ; Physical Synthesis                                ; Timing optimization        ;           ;                ;                                      ;                  ;                       ;
; keccak_step_unit:KSU|theta_step:u_theta|state_array_o[1][1][13]                 ; Modified   ; Physical Synthesis                                ; Timing optimization        ;           ;                ;                                      ;                  ;                       ;
; keccak_step_unit:KSU|theta_step:u_theta|state_array_o[1][1][14]                 ; Modified   ; Physical Synthesis                                ; Timing optimization        ;           ;                ;                                      ;                  ;                       ;
; keccak_step_unit:KSU|theta_step:u_theta|state_array_o[1][1][15]                 ; Modified   ; Physical Synthesis                                ; Timing optimization        ;           ;                ;                                      ;                  ;                       ;
; keccak_step_unit:KSU|theta_step:u_theta|state_array_o[1][1][16]                 ; Modified   ; Physical Synthesis                                ; Timing optimization        ;           ;                ;                                      ;                  ;                       ;
; keccak_step_unit:KSU|theta_step:u_theta|state_array_o[1][1][17]                 ; Modified   ; Physical Synthesis                                ; Timing optimization        ;           ;                ;                                      ;                  ;                       ;
; keccak_step_unit:KSU|theta_step:u_theta|state_array_o[1][1][18]                 ; Modified   ; Physical Synthesis                                ; Timing optimization        ;           ;                ;                                      ;                  ;                       ;
; keccak_step_unit:KSU|theta_step:u_theta|state_array_o[1][1][19]                 ; Modified   ; Physical Synthesis                                ; Timing optimization        ;           ;                ;                                      ;                  ;                       ;
; keccak_step_unit:KSU|theta_step:u_theta|state_array_o[1][1][43]                 ; Modified   ; Physical Synthesis                                ; Timing optimization        ;           ;                ;                                      ;                  ;                       ;
; keccak_step_unit:KSU|theta_step:u_theta|state_array_o[1][1][44]                 ; Modified   ; Physical Synthesis                                ; Timing optimization        ;           ;                ;                                      ;                  ;                       ;
; keccak_step_unit:KSU|theta_step:u_theta|state_array_o[1][1][45]                 ; Modified   ; Physical Synthesis                                ; Timing optimization        ;           ;                ;                                      ;                  ;                       ;
; keccak_step_unit:KSU|theta_step:u_theta|state_array_o[1][1][46]                 ; Modified   ; Physical Synthesis                                ; Timing optimization        ;           ;                ;                                      ;                  ;                       ;
; keccak_step_unit:KSU|theta_step:u_theta|state_array_o[1][1][47]                 ; Modified   ; Physical Synthesis                                ; Timing optimization        ;           ;                ;                                      ;                  ;                       ;
; keccak_step_unit:KSU|theta_step:u_theta|state_array_o[1][1][48]                 ; Modified   ; Physical Synthesis                                ; Timing optimization        ;           ;                ;                                      ;                  ;                       ;
; keccak_step_unit:KSU|theta_step:u_theta|state_array_o[1][1][49]                 ; Modified   ; Physical Synthesis                                ; Timing optimization        ;           ;                ;                                      ;                  ;                       ;
; keccak_step_unit:KSU|theta_step:u_theta|state_array_o[1][1][50]                 ; Modified   ; Physical Synthesis                                ; Timing optimization        ;           ;                ;                                      ;                  ;                       ;
; keccak_step_unit:KSU|theta_step:u_theta|state_array_o[1][1][52]                 ; Modified   ; Physical Synthesis                                ; Timing optimization        ;           ;                ;                                      ;                  ;                       ;
; keccak_step_unit:KSU|theta_step:u_theta|state_array_o[1][1][53]                 ; Modified   ; Physical Synthesis                                ; Timing optimization        ;           ;                ;                                      ;                  ;                       ;
; keccak_step_unit:KSU|theta_step:u_theta|state_array_o[1][1][54]                 ; Modified   ; Physical Synthesis                                ; Timing optimization        ;           ;                ;                                      ;                  ;                       ;
; keccak_step_unit:KSU|theta_step:u_theta|state_array_o[1][1][55]                 ; Modified   ; Physical Synthesis                                ; Timing optimization        ;           ;                ;                                      ;                  ;                       ;
; keccak_step_unit:KSU|theta_step:u_theta|state_array_o[1][1][56]                 ; Modified   ; Physical Synthesis                                ; Timing optimization        ;           ;                ;                                      ;                  ;                       ;
; keccak_step_unit:KSU|theta_step:u_theta|state_array_o[1][1][57]                 ; Modified   ; Physical Synthesis                                ; Timing optimization        ;           ;                ;                                      ;                  ;                       ;
; keccak_step_unit:KSU|theta_step:u_theta|state_array_o[1][1][58]                 ; Modified   ; Physical Synthesis                                ; Timing optimization        ;           ;                ;                                      ;                  ;                       ;
; keccak_step_unit:KSU|theta_step:u_theta|state_array_o[1][1][59]                 ; Modified   ; Physical Synthesis                                ; Timing optimization        ;           ;                ;                                      ;                  ;                       ;
; keccak_step_unit:KSU|theta_step:u_theta|state_array_o[1][1][60]                 ; Modified   ; Physical Synthesis                                ; Timing optimization        ;           ;                ;                                      ;                  ;                       ;
; keccak_step_unit:KSU|theta_step:u_theta|state_array_o[1][1][61]                 ; Modified   ; Physical Synthesis                                ; Timing optimization        ;           ;                ;                                      ;                  ;                       ;
; keccak_step_unit:KSU|theta_step:u_theta|state_array_o[1][1][62]                 ; Modified   ; Physical Synthesis                                ; Timing optimization        ;           ;                ;                                      ;                  ;                       ;
; keccak_step_unit:KSU|theta_step:u_theta|state_array_o[1][1][63]                 ; Modified   ; Physical Synthesis                                ; Timing optimization        ;           ;                ;                                      ;                  ;                       ;
; keccak_step_unit:KSU|theta_step:u_theta|state_array_o[1][4][0]                  ; Modified   ; Physical Synthesis                                ; Timing optimization        ;           ;                ;                                      ;                  ;                       ;
; keccak_step_unit:KSU|theta_step:u_theta|state_array_o[1][4][0]_RESYN8_BDD9      ; Created    ; Physical Synthesis                                ; Timing optimization        ;           ;                ;                                      ;                  ;                       ;
; keccak_step_unit:KSU|theta_step:u_theta|state_array_o[1][4][1]                  ; Modified   ; Physical Synthesis                                ; Timing optimization        ;           ;                ;                                      ;                  ;                       ;
; keccak_step_unit:KSU|theta_step:u_theta|state_array_o[1][4][1]_RESYN10_BDD11    ; Created    ; Physical Synthesis                                ; Timing optimization        ;           ;                ;                                      ;                  ;                       ;
; keccak_step_unit:KSU|theta_step:u_theta|state_array_o[1][4][2]                  ; Modified   ; Physical Synthesis                                ; Timing optimization        ;           ;                ;                                      ;                  ;                       ;
; keccak_step_unit:KSU|theta_step:u_theta|state_array_o[1][4][2]_RESYN16_BDD17    ; Created    ; Physical Synthesis                                ; Timing optimization        ;           ;                ;                                      ;                  ;                       ;
; keccak_step_unit:KSU|theta_step:u_theta|state_array_o[1][4][6]                  ; Modified   ; Physical Synthesis                                ; Timing optimization        ;           ;                ;                                      ;                  ;                       ;
; keccak_step_unit:KSU|theta_step:u_theta|state_array_o[1][4][6]_RESYN20_BDD21    ; Created    ; Physical Synthesis                                ; Timing optimization        ;           ;                ;                                      ;                  ;                       ;
; keccak_step_unit:KSU|theta_step:u_theta|state_array_o[1][4][7]                  ; Modified   ; Physical Synthesis                                ; Timing optimization        ;           ;                ;                                      ;                  ;                       ;
; keccak_step_unit:KSU|theta_step:u_theta|state_array_o[1][4][7]_RESYN24_BDD25    ; Created    ; Physical Synthesis                                ; Timing optimization        ;           ;                ;                                      ;                  ;                       ;
; keccak_step_unit:KSU|theta_step:u_theta|state_array_o[1][4][8]                  ; Modified   ; Physical Synthesis                                ; Timing optimization        ;           ;                ;                                      ;                  ;                       ;
; keccak_step_unit:KSU|theta_step:u_theta|state_array_o[1][4][8]_RESYN26_BDD27    ; Created    ; Physical Synthesis                                ; Timing optimization        ;           ;                ;                                      ;                  ;                       ;
; keccak_step_unit:KSU|theta_step:u_theta|state_array_o[1][4][9]                  ; Modified   ; Physical Synthesis                                ; Timing optimization        ;           ;                ;                                      ;                  ;                       ;
; keccak_step_unit:KSU|theta_step:u_theta|state_array_o[1][4][9]_RESYN28_BDD29    ; Created    ; Physical Synthesis                                ; Timing optimization        ;           ;                ;                                      ;                  ;                       ;
; keccak_step_unit:KSU|theta_step:u_theta|state_array_o[1][4][10]                 ; Modified   ; Physical Synthesis                                ; Timing optimization        ;           ;                ;                                      ;                  ;                       ;
; keccak_step_unit:KSU|theta_step:u_theta|state_array_o[1][4][10]_RESYN30_BDD31   ; Created    ; Physical Synthesis                                ; Timing optimization        ;           ;                ;                                      ;                  ;                       ;
; keccak_step_unit:KSU|theta_step:u_theta|state_array_o[1][4][14]                 ; Modified   ; Physical Synthesis                                ; Timing optimization        ;           ;                ;                                      ;                  ;                       ;
; keccak_step_unit:KSU|theta_step:u_theta|state_array_o[1][4][14]_RESYN34_BDD35   ; Created    ; Physical Synthesis                                ; Timing optimization        ;           ;                ;                                      ;                  ;                       ;
; keccak_step_unit:KSU|theta_step:u_theta|state_array_o[1][4][15]                 ; Modified   ; Physical Synthesis                                ; Timing optimization        ;           ;                ;                                      ;                  ;                       ;
; keccak_step_unit:KSU|theta_step:u_theta|state_array_o[1][4][15]_RESYN36_BDD37   ; Created    ; Physical Synthesis                                ; Timing optimization        ;           ;                ;                                      ;                  ;                       ;
; keccak_step_unit:KSU|theta_step:u_theta|state_array_o[1][4][16]                 ; Modified   ; Physical Synthesis                                ; Timing optimization        ;           ;                ;                                      ;                  ;                       ;
; keccak_step_unit:KSU|theta_step:u_theta|state_array_o[1][4][16]_RESYN38_BDD39   ; Created    ; Physical Synthesis                                ; Timing optimization        ;           ;                ;                                      ;                  ;                       ;
; keccak_step_unit:KSU|theta_step:u_theta|state_array_o[1][4][17]                 ; Modified   ; Physical Synthesis                                ; Timing optimization        ;           ;                ;                                      ;                  ;                       ;
; keccak_step_unit:KSU|theta_step:u_theta|state_array_o[1][4][17]_RESYN40_BDD41   ; Created    ; Physical Synthesis                                ; Timing optimization        ;           ;                ;                                      ;                  ;                       ;
; keccak_step_unit:KSU|theta_step:u_theta|state_array_o[1][4][18]                 ; Modified   ; Physical Synthesis                                ; Timing optimization        ;           ;                ;                                      ;                  ;                       ;
; keccak_step_unit:KSU|theta_step:u_theta|state_array_o[1][4][18]_RESYN42_BDD43   ; Created    ; Physical Synthesis                                ; Timing optimization        ;           ;                ;                                      ;                  ;                       ;
; keccak_step_unit:KSU|theta_step:u_theta|state_array_o[1][4][22]                 ; Modified   ; Physical Synthesis                                ; Timing optimization        ;           ;                ;                                      ;                  ;                       ;
; keccak_step_unit:KSU|theta_step:u_theta|state_array_o[1][4][23]                 ; Modified   ; Physical Synthesis                                ; Timing optimization        ;           ;                ;                                      ;                  ;                       ;
; keccak_step_unit:KSU|theta_step:u_theta|state_array_o[1][4][24]                 ; Modified   ; Physical Synthesis                                ; Timing optimization        ;           ;                ;                                      ;                  ;                       ;
; keccak_step_unit:KSU|theta_step:u_theta|state_array_o[1][4][25]                 ; Modified   ; Physical Synthesis                                ; Timing optimization        ;           ;                ;                                      ;                  ;                       ;
; keccak_step_unit:KSU|theta_step:u_theta|state_array_o[1][4][26]                 ; Modified   ; Physical Synthesis                                ; Timing optimization        ;           ;                ;                                      ;                  ;                       ;
; keccak_step_unit:KSU|theta_step:u_theta|state_array_o[1][4][30]                 ; Modified   ; Physical Synthesis                                ; Timing optimization        ;           ;                ;                                      ;                  ;                       ;
; keccak_step_unit:KSU|theta_step:u_theta|state_array_o[1][4][31]                 ; Modified   ; Physical Synthesis                                ; Timing optimization        ;           ;                ;                                      ;                  ;                       ;
; keccak_step_unit:KSU|theta_step:u_theta|state_array_o[1][4][32]                 ; Modified   ; Physical Synthesis                                ; Timing optimization        ;           ;                ;                                      ;                  ;                       ;
; keccak_step_unit:KSU|theta_step:u_theta|state_array_o[1][4][33]                 ; Modified   ; Physical Synthesis                                ; Timing optimization        ;           ;                ;                                      ;                  ;                       ;
; keccak_step_unit:KSU|theta_step:u_theta|state_array_o[1][4][34]                 ; Modified   ; Physical Synthesis                                ; Timing optimization        ;           ;                ;                                      ;                  ;                       ;
; keccak_step_unit:KSU|theta_step:u_theta|state_array_o[1][4][38]                 ; Modified   ; Physical Synthesis                                ; Timing optimization        ;           ;                ;                                      ;                  ;                       ;
; keccak_step_unit:KSU|theta_step:u_theta|state_array_o[1][4][39]                 ; Modified   ; Physical Synthesis                                ; Timing optimization        ;           ;                ;                                      ;                  ;                       ;
; keccak_step_unit:KSU|theta_step:u_theta|state_array_o[1][4][40]                 ; Modified   ; Physical Synthesis                                ; Timing optimization        ;           ;                ;                                      ;                  ;                       ;
; keccak_step_unit:KSU|theta_step:u_theta|state_array_o[1][4][41]                 ; Modified   ; Physical Synthesis                                ; Timing optimization        ;           ;                ;                                      ;                  ;                       ;
; keccak_step_unit:KSU|theta_step:u_theta|state_array_o[1][4][42]                 ; Modified   ; Physical Synthesis                                ; Timing optimization        ;           ;                ;                                      ;                  ;                       ;
; keccak_step_unit:KSU|theta_step:u_theta|state_array_o[1][4][46]                 ; Modified   ; Physical Synthesis                                ; Timing optimization        ;           ;                ;                                      ;                  ;                       ;
; keccak_step_unit:KSU|theta_step:u_theta|state_array_o[1][4][46]_RESYN72_BDD73   ; Created    ; Physical Synthesis                                ; Timing optimization        ;           ;                ;                                      ;                  ;                       ;
; keccak_step_unit:KSU|theta_step:u_theta|state_array_o[1][4][47]                 ; Modified   ; Physical Synthesis                                ; Timing optimization        ;           ;                ;                                      ;                  ;                       ;
; keccak_step_unit:KSU|theta_step:u_theta|state_array_o[1][4][47]_RESYN78_BDD79   ; Created    ; Physical Synthesis                                ; Timing optimization        ;           ;                ;                                      ;                  ;                       ;
; keccak_step_unit:KSU|theta_step:u_theta|state_array_o[1][4][48]                 ; Modified   ; Physical Synthesis                                ; Timing optimization        ;           ;                ;                                      ;                  ;                       ;
; keccak_step_unit:KSU|theta_step:u_theta|state_array_o[1][4][48]_RESYN82_BDD83   ; Created    ; Physical Synthesis                                ; Timing optimization        ;           ;                ;                                      ;                  ;                       ;
; keccak_step_unit:KSU|theta_step:u_theta|state_array_o[1][4][49]                 ; Modified   ; Physical Synthesis                                ; Timing optimization        ;           ;                ;                                      ;                  ;                       ;
; keccak_step_unit:KSU|theta_step:u_theta|state_array_o[1][4][49]_RESYN86_BDD87   ; Created    ; Physical Synthesis                                ; Timing optimization        ;           ;                ;                                      ;                  ;                       ;
; keccak_step_unit:KSU|theta_step:u_theta|state_array_o[1][4][50]                 ; Modified   ; Physical Synthesis                                ; Timing optimization        ;           ;                ;                                      ;                  ;                       ;
; keccak_step_unit:KSU|theta_step:u_theta|state_array_o[1][4][50]_RESYN92_BDD93   ; Created    ; Physical Synthesis                                ; Timing optimization        ;           ;                ;                                      ;                  ;                       ;
; keccak_step_unit:KSU|theta_step:u_theta|state_array_o[1][4][54]                 ; Modified   ; Physical Synthesis                                ; Timing optimization        ;           ;                ;                                      ;                  ;                       ;
; keccak_step_unit:KSU|theta_step:u_theta|state_array_o[1][4][54]_RESYN102_BDD103 ; Created    ; Physical Synthesis                                ; Timing optimization        ;           ;                ;                                      ;                  ;                       ;
; keccak_step_unit:KSU|theta_step:u_theta|state_array_o[1][4][55]                 ; Modified   ; Physical Synthesis                                ; Timing optimization        ;           ;                ;                                      ;                  ;                       ;
; keccak_step_unit:KSU|theta_step:u_theta|state_array_o[1][4][55]_RESYN108_BDD109 ; Created    ; Physical Synthesis                                ; Timing optimization        ;           ;                ;                                      ;                  ;                       ;
; keccak_step_unit:KSU|theta_step:u_theta|state_array_o[1][4][56]                 ; Modified   ; Physical Synthesis                                ; Timing optimization        ;           ;                ;                                      ;                  ;                       ;
; keccak_step_unit:KSU|theta_step:u_theta|state_array_o[1][4][56]_RESYN114_BDD115 ; Created    ; Physical Synthesis                                ; Timing optimization        ;           ;                ;                                      ;                  ;                       ;
; keccak_step_unit:KSU|theta_step:u_theta|state_array_o[1][4][57]                 ; Modified   ; Physical Synthesis                                ; Timing optimization        ;           ;                ;                                      ;                  ;                       ;
; keccak_step_unit:KSU|theta_step:u_theta|state_array_o[1][4][57]_RESYN118_BDD119 ; Created    ; Physical Synthesis                                ; Timing optimization        ;           ;                ;                                      ;                  ;                       ;
; keccak_step_unit:KSU|theta_step:u_theta|state_array_o[1][4][58]                 ; Modified   ; Physical Synthesis                                ; Timing optimization        ;           ;                ;                                      ;                  ;                       ;
; keccak_step_unit:KSU|theta_step:u_theta|state_array_o[1][4][58]_RESYN124_BDD125 ; Created    ; Physical Synthesis                                ; Timing optimization        ;           ;                ;                                      ;                  ;                       ;
; keccak_step_unit:KSU|theta_step:u_theta|state_array_o[1][4][62]                 ; Modified   ; Physical Synthesis                                ; Timing optimization        ;           ;                ;                                      ;                  ;                       ;
; keccak_step_unit:KSU|theta_step:u_theta|state_array_o[1][4][62]_RESYN0_BDD1     ; Created    ; Physical Synthesis                                ; Timing optimization        ;           ;                ;                                      ;                  ;                       ;
; keccak_step_unit:KSU|theta_step:u_theta|state_array_o[1][4][63]                 ; Modified   ; Physical Synthesis                                ; Timing optimization        ;           ;                ;                                      ;                  ;                       ;
; keccak_step_unit:KSU|theta_step:u_theta|state_array_o[1][4][63]_RESYN4_BDD5     ; Created    ; Physical Synthesis                                ; Timing optimization        ;           ;                ;                                      ;                  ;                       ;
; keccak_step_unit:KSU|theta_step:u_theta|state_array_o[2][0][0]                  ; Modified   ; Physical Synthesis                                ; Timing optimization        ;           ;                ;                                      ;                  ;                       ;
; keccak_step_unit:KSU|theta_step:u_theta|state_array_o[2][0][7]                  ; Modified   ; Physical Synthesis                                ; Timing optimization        ;           ;                ;                                      ;                  ;                       ;
; keccak_step_unit:KSU|theta_step:u_theta|state_array_o[2][0][8]                  ; Modified   ; Physical Synthesis                                ; Timing optimization        ;           ;                ;                                      ;                  ;                       ;
; keccak_step_unit:KSU|theta_step:u_theta|state_array_o[2][0][9]                  ; Modified   ; Physical Synthesis                                ; Timing optimization        ;           ;                ;                                      ;                  ;                       ;
; keccak_step_unit:KSU|theta_step:u_theta|state_array_o[2][0][15]                 ; Modified   ; Physical Synthesis                                ; Timing optimization        ;           ;                ;                                      ;                  ;                       ;
; keccak_step_unit:KSU|theta_step:u_theta|state_array_o[2][0][16]                 ; Modified   ; Physical Synthesis                                ; Timing optimization        ;           ;                ;                                      ;                  ;                       ;
; keccak_step_unit:KSU|theta_step:u_theta|state_array_o[2][0][17]                 ; Modified   ; Physical Synthesis                                ; Timing optimization        ;           ;                ;                                      ;                  ;                       ;
; keccak_step_unit:KSU|theta_step:u_theta|state_array_o[2][0][23]                 ; Modified   ; Physical Synthesis                                ; Timing optimization        ;           ;                ;                                      ;                  ;                       ;
; keccak_step_unit:KSU|theta_step:u_theta|state_array_o[2][0][24]                 ; Modified   ; Physical Synthesis                                ; Timing optimization        ;           ;                ;                                      ;                  ;                       ;
; keccak_step_unit:KSU|theta_step:u_theta|state_array_o[2][0][25]                 ; Modified   ; Physical Synthesis                                ; Timing optimization        ;           ;                ;                                      ;                  ;                       ;
; keccak_step_unit:KSU|theta_step:u_theta|state_array_o[2][0][31]                 ; Modified   ; Physical Synthesis                                ; Timing optimization        ;           ;                ;                                      ;                  ;                       ;
; keccak_step_unit:KSU|theta_step:u_theta|state_array_o[2][0][32]                 ; Modified   ; Physical Synthesis                                ; Timing optimization        ;           ;                ;                                      ;                  ;                       ;
; keccak_step_unit:KSU|theta_step:u_theta|state_array_o[2][0][33]                 ; Modified   ; Physical Synthesis                                ; Timing optimization        ;           ;                ;                                      ;                  ;                       ;
; keccak_step_unit:KSU|theta_step:u_theta|state_array_o[2][0][39]                 ; Modified   ; Physical Synthesis                                ; Timing optimization        ;           ;                ;                                      ;                  ;                       ;
; keccak_step_unit:KSU|theta_step:u_theta|state_array_o[2][0][40]                 ; Modified   ; Physical Synthesis                                ; Timing optimization        ;           ;                ;                                      ;                  ;                       ;
; keccak_step_unit:KSU|theta_step:u_theta|state_array_o[2][0][41]                 ; Modified   ; Physical Synthesis                                ; Timing optimization        ;           ;                ;                                      ;                  ;                       ;
; keccak_step_unit:KSU|theta_step:u_theta|state_array_o[2][0][47]                 ; Modified   ; Physical Synthesis                                ; Timing optimization        ;           ;                ;                                      ;                  ;                       ;
; keccak_step_unit:KSU|theta_step:u_theta|state_array_o[2][0][48]                 ; Modified   ; Physical Synthesis                                ; Timing optimization        ;           ;                ;                                      ;                  ;                       ;
; keccak_step_unit:KSU|theta_step:u_theta|state_array_o[2][0][49]                 ; Modified   ; Physical Synthesis                                ; Timing optimization        ;           ;                ;                                      ;                  ;                       ;
; keccak_step_unit:KSU|theta_step:u_theta|state_array_o[2][0][55]                 ; Modified   ; Physical Synthesis                                ; Timing optimization        ;           ;                ;                                      ;                  ;                       ;
; keccak_step_unit:KSU|theta_step:u_theta|state_array_o[2][0][56]                 ; Modified   ; Physical Synthesis                                ; Timing optimization        ;           ;                ;                                      ;                  ;                       ;
; keccak_step_unit:KSU|theta_step:u_theta|state_array_o[2][0][57]                 ; Modified   ; Physical Synthesis                                ; Timing optimization        ;           ;                ;                                      ;                  ;                       ;
; keccak_step_unit:KSU|theta_step:u_theta|state_array_o[2][0][63]                 ; Modified   ; Physical Synthesis                                ; Timing optimization        ;           ;                ;                                      ;                  ;                       ;
; keccak_step_unit:KSU|theta_step:u_theta|state_array_o[2][1][0]                  ; Modified   ; Physical Synthesis                                ; Timing optimization        ;           ;                ;                                      ;                  ;                       ;
; keccak_step_unit:KSU|theta_step:u_theta|state_array_o[2][1][1]                  ; Modified   ; Physical Synthesis                                ; Timing optimization        ;           ;                ;                                      ;                  ;                       ;
; keccak_step_unit:KSU|theta_step:u_theta|state_array_o[2][1][2]                  ; Modified   ; Physical Synthesis                                ; Timing optimization        ;           ;                ;                                      ;                  ;                       ;
; keccak_step_unit:KSU|theta_step:u_theta|state_array_o[2][1][3]                  ; Modified   ; Physical Synthesis                                ; Timing optimization        ;           ;                ;                                      ;                  ;                       ;
; keccak_step_unit:KSU|theta_step:u_theta|state_array_o[2][1][4]                  ; Modified   ; Physical Synthesis                                ; Timing optimization        ;           ;                ;                                      ;                  ;                       ;
; keccak_step_unit:KSU|theta_step:u_theta|state_array_o[2][1][5]                  ; Modified   ; Physical Synthesis                                ; Timing optimization        ;           ;                ;                                      ;                  ;                       ;
; keccak_step_unit:KSU|theta_step:u_theta|state_array_o[2][1][6]                  ; Modified   ; Physical Synthesis                                ; Timing optimization        ;           ;                ;                                      ;                  ;                       ;
; keccak_step_unit:KSU|theta_step:u_theta|state_array_o[2][1][7]                  ; Modified   ; Physical Synthesis                                ; Timing optimization        ;           ;                ;                                      ;                  ;                       ;
; keccak_step_unit:KSU|theta_step:u_theta|state_array_o[2][1][8]                  ; Modified   ; Physical Synthesis                                ; Timing optimization        ;           ;                ;                                      ;                  ;                       ;
; keccak_step_unit:KSU|theta_step:u_theta|state_array_o[2][1][9]                  ; Modified   ; Physical Synthesis                                ; Timing optimization        ;           ;                ;                                      ;                  ;                       ;
; keccak_step_unit:KSU|theta_step:u_theta|state_array_o[2][1][10]                 ; Modified   ; Physical Synthesis                                ; Timing optimization        ;           ;                ;                                      ;                  ;                       ;
; keccak_step_unit:KSU|theta_step:u_theta|state_array_o[2][1][11]                 ; Modified   ; Physical Synthesis                                ; Timing optimization        ;           ;                ;                                      ;                  ;                       ;
; keccak_step_unit:KSU|theta_step:u_theta|state_array_o[2][1][12]                 ; Modified   ; Physical Synthesis                                ; Timing optimization        ;           ;                ;                                      ;                  ;                       ;
; keccak_step_unit:KSU|theta_step:u_theta|state_array_o[2][1][13]                 ; Modified   ; Physical Synthesis                                ; Timing optimization        ;           ;                ;                                      ;                  ;                       ;
; keccak_step_unit:KSU|theta_step:u_theta|state_array_o[2][1][14]                 ; Modified   ; Physical Synthesis                                ; Timing optimization        ;           ;                ;                                      ;                  ;                       ;
; keccak_step_unit:KSU|theta_step:u_theta|state_array_o[2][1][15]                 ; Modified   ; Physical Synthesis                                ; Timing optimization        ;           ;                ;                                      ;                  ;                       ;
; keccak_step_unit:KSU|theta_step:u_theta|state_array_o[2][1][16]                 ; Modified   ; Physical Synthesis                                ; Timing optimization        ;           ;                ;                                      ;                  ;                       ;
; keccak_step_unit:KSU|theta_step:u_theta|state_array_o[2][1][17]                 ; Modified   ; Physical Synthesis                                ; Timing optimization        ;           ;                ;                                      ;                  ;                       ;
; keccak_step_unit:KSU|theta_step:u_theta|state_array_o[2][1][18]                 ; Modified   ; Physical Synthesis                                ; Timing optimization        ;           ;                ;                                      ;                  ;                       ;
; keccak_step_unit:KSU|theta_step:u_theta|state_array_o[2][1][19]                 ; Modified   ; Physical Synthesis                                ; Timing optimization        ;           ;                ;                                      ;                  ;                       ;
; keccak_step_unit:KSU|theta_step:u_theta|state_array_o[2][1][20]                 ; Modified   ; Physical Synthesis                                ; Timing optimization        ;           ;                ;                                      ;                  ;                       ;
; keccak_step_unit:KSU|theta_step:u_theta|state_array_o[2][1][21]                 ; Modified   ; Physical Synthesis                                ; Timing optimization        ;           ;                ;                                      ;                  ;                       ;
; keccak_step_unit:KSU|theta_step:u_theta|state_array_o[2][1][22]                 ; Modified   ; Physical Synthesis                                ; Timing optimization        ;           ;                ;                                      ;                  ;                       ;
; keccak_step_unit:KSU|theta_step:u_theta|state_array_o[2][1][23]                 ; Modified   ; Physical Synthesis                                ; Timing optimization        ;           ;                ;                                      ;                  ;                       ;
; keccak_step_unit:KSU|theta_step:u_theta|state_array_o[2][1][24]                 ; Modified   ; Physical Synthesis                                ; Timing optimization        ;           ;                ;                                      ;                  ;                       ;
; keccak_step_unit:KSU|theta_step:u_theta|state_array_o[2][1][25]                 ; Modified   ; Physical Synthesis                                ; Timing optimization        ;           ;                ;                                      ;                  ;                       ;
; keccak_step_unit:KSU|theta_step:u_theta|state_array_o[2][1][26]                 ; Modified   ; Physical Synthesis                                ; Timing optimization        ;           ;                ;                                      ;                  ;                       ;
; keccak_step_unit:KSU|theta_step:u_theta|state_array_o[2][1][27]                 ; Modified   ; Physical Synthesis                                ; Timing optimization        ;           ;                ;                                      ;                  ;                       ;
; keccak_step_unit:KSU|theta_step:u_theta|state_array_o[2][1][28]                 ; Modified   ; Physical Synthesis                                ; Timing optimization        ;           ;                ;                                      ;                  ;                       ;
; keccak_step_unit:KSU|theta_step:u_theta|state_array_o[2][1][29]                 ; Modified   ; Physical Synthesis                                ; Timing optimization        ;           ;                ;                                      ;                  ;                       ;
; keccak_step_unit:KSU|theta_step:u_theta|state_array_o[2][1][30]                 ; Modified   ; Physical Synthesis                                ; Timing optimization        ;           ;                ;                                      ;                  ;                       ;
; keccak_step_unit:KSU|theta_step:u_theta|state_array_o[2][1][31]                 ; Modified   ; Physical Synthesis                                ; Timing optimization        ;           ;                ;                                      ;                  ;                       ;
; keccak_step_unit:KSU|theta_step:u_theta|state_array_o[2][1][32]                 ; Modified   ; Physical Synthesis                                ; Timing optimization        ;           ;                ;                                      ;                  ;                       ;
; keccak_step_unit:KSU|theta_step:u_theta|state_array_o[2][1][33]                 ; Modified   ; Physical Synthesis                                ; Timing optimization        ;           ;                ;                                      ;                  ;                       ;
; keccak_step_unit:KSU|theta_step:u_theta|state_array_o[2][1][34]                 ; Modified   ; Physical Synthesis                                ; Timing optimization        ;           ;                ;                                      ;                  ;                       ;
; keccak_step_unit:KSU|theta_step:u_theta|state_array_o[2][1][35]                 ; Modified   ; Physical Synthesis                                ; Timing optimization        ;           ;                ;                                      ;                  ;                       ;
; keccak_step_unit:KSU|theta_step:u_theta|state_array_o[2][1][36]                 ; Modified   ; Physical Synthesis                                ; Timing optimization        ;           ;                ;                                      ;                  ;                       ;
; keccak_step_unit:KSU|theta_step:u_theta|state_array_o[2][1][37]                 ; Modified   ; Physical Synthesis                                ; Timing optimization        ;           ;                ;                                      ;                  ;                       ;
; keccak_step_unit:KSU|theta_step:u_theta|state_array_o[2][1][38]                 ; Modified   ; Physical Synthesis                                ; Timing optimization        ;           ;                ;                                      ;                  ;                       ;
; keccak_step_unit:KSU|theta_step:u_theta|state_array_o[2][1][39]                 ; Modified   ; Physical Synthesis                                ; Timing optimization        ;           ;                ;                                      ;                  ;                       ;
; keccak_step_unit:KSU|theta_step:u_theta|state_array_o[2][1][39]_RESYN66_BDD67   ; Created    ; Physical Synthesis                                ; Timing optimization        ;           ;                ;                                      ;                  ;                       ;
; keccak_step_unit:KSU|theta_step:u_theta|state_array_o[2][1][40]                 ; Modified   ; Physical Synthesis                                ; Timing optimization        ;           ;                ;                                      ;                  ;                       ;
; keccak_step_unit:KSU|theta_step:u_theta|state_array_o[2][1][41]                 ; Modified   ; Physical Synthesis                                ; Timing optimization        ;           ;                ;                                      ;                  ;                       ;
; keccak_step_unit:KSU|theta_step:u_theta|state_array_o[2][1][41]_RESYN70_BDD71   ; Created    ; Physical Synthesis                                ; Timing optimization        ;           ;                ;                                      ;                  ;                       ;
; keccak_step_unit:KSU|theta_step:u_theta|state_array_o[2][1][42]                 ; Modified   ; Physical Synthesis                                ; Timing optimization        ;           ;                ;                                      ;                  ;                       ;
; keccak_step_unit:KSU|theta_step:u_theta|state_array_o[2][1][43]                 ; Modified   ; Physical Synthesis                                ; Timing optimization        ;           ;                ;                                      ;                  ;                       ;
; keccak_step_unit:KSU|theta_step:u_theta|state_array_o[2][1][44]                 ; Modified   ; Physical Synthesis                                ; Timing optimization        ;           ;                ;                                      ;                  ;                       ;
; keccak_step_unit:KSU|theta_step:u_theta|state_array_o[2][1][45]                 ; Modified   ; Physical Synthesis                                ; Timing optimization        ;           ;                ;                                      ;                  ;                       ;
; keccak_step_unit:KSU|theta_step:u_theta|state_array_o[2][1][45]_RESYN90_BDD91   ; Created    ; Physical Synthesis                                ; Timing optimization        ;           ;                ;                                      ;                  ;                       ;
; keccak_step_unit:KSU|theta_step:u_theta|state_array_o[2][1][46]                 ; Modified   ; Physical Synthesis                                ; Timing optimization        ;           ;                ;                                      ;                  ;                       ;
; keccak_step_unit:KSU|theta_step:u_theta|state_array_o[2][1][47]                 ; Modified   ; Physical Synthesis                                ; Timing optimization        ;           ;                ;                                      ;                  ;                       ;
; keccak_step_unit:KSU|theta_step:u_theta|state_array_o[2][1][47]_RESYN96_BDD97   ; Created    ; Physical Synthesis                                ; Timing optimization        ;           ;                ;                                      ;                  ;                       ;
; keccak_step_unit:KSU|theta_step:u_theta|state_array_o[2][1][48]                 ; Modified   ; Physical Synthesis                                ; Timing optimization        ;           ;                ;                                      ;                  ;                       ;
; keccak_step_unit:KSU|theta_step:u_theta|state_array_o[2][1][49]                 ; Modified   ; Physical Synthesis                                ; Timing optimization        ;           ;                ;                                      ;                  ;                       ;
; keccak_step_unit:KSU|theta_step:u_theta|state_array_o[2][1][49]_RESYN100_BDD101 ; Created    ; Physical Synthesis                                ; Timing optimization        ;           ;                ;                                      ;                  ;                       ;
; keccak_step_unit:KSU|theta_step:u_theta|state_array_o[2][1][50]                 ; Modified   ; Physical Synthesis                                ; Timing optimization        ;           ;                ;                                      ;                  ;                       ;
; keccak_step_unit:KSU|theta_step:u_theta|state_array_o[2][1][51]                 ; Modified   ; Physical Synthesis                                ; Timing optimization        ;           ;                ;                                      ;                  ;                       ;
; keccak_step_unit:KSU|theta_step:u_theta|state_array_o[2][1][51]_RESYN112_BDD113 ; Created    ; Physical Synthesis                                ; Timing optimization        ;           ;                ;                                      ;                  ;                       ;
; keccak_step_unit:KSU|theta_step:u_theta|state_array_o[2][1][52]                 ; Modified   ; Physical Synthesis                                ; Timing optimization        ;           ;                ;                                      ;                  ;                       ;
; keccak_step_unit:KSU|theta_step:u_theta|state_array_o[2][1][53]                 ; Modified   ; Physical Synthesis                                ; Timing optimization        ;           ;                ;                                      ;                  ;                       ;
; keccak_step_unit:KSU|theta_step:u_theta|state_array_o[2][1][53]_RESYN122_BDD123 ; Created    ; Physical Synthesis                                ; Timing optimization        ;           ;                ;                                      ;                  ;                       ;
; keccak_step_unit:KSU|theta_step:u_theta|state_array_o[2][1][54]                 ; Modified   ; Physical Synthesis                                ; Timing optimization        ;           ;                ;                                      ;                  ;                       ;
; keccak_step_unit:KSU|theta_step:u_theta|state_array_o[2][1][55]                 ; Modified   ; Physical Synthesis                                ; Timing optimization        ;           ;                ;                                      ;                  ;                       ;
; keccak_step_unit:KSU|theta_step:u_theta|state_array_o[2][1][55]_RESYN128_BDD129 ; Created    ; Physical Synthesis                                ; Timing optimization        ;           ;                ;                                      ;                  ;                       ;
; keccak_step_unit:KSU|theta_step:u_theta|state_array_o[2][1][56]                 ; Modified   ; Physical Synthesis                                ; Timing optimization        ;           ;                ;                                      ;                  ;                       ;
; keccak_step_unit:KSU|theta_step:u_theta|state_array_o[2][1][57]                 ; Modified   ; Physical Synthesis                                ; Timing optimization        ;           ;                ;                                      ;                  ;                       ;
; keccak_step_unit:KSU|theta_step:u_theta|state_array_o[2][1][57]_RESYN132_BDD133 ; Created    ; Physical Synthesis                                ; Timing optimization        ;           ;                ;                                      ;                  ;                       ;
; keccak_step_unit:KSU|theta_step:u_theta|state_array_o[2][1][59]                 ; Modified   ; Physical Synthesis                                ; Timing optimization        ;           ;                ;                                      ;                  ;                       ;
; keccak_step_unit:KSU|theta_step:u_theta|state_array_o[2][1][60]                 ; Modified   ; Physical Synthesis                                ; Timing optimization        ;           ;                ;                                      ;                  ;                       ;
; keccak_step_unit:KSU|theta_step:u_theta|state_array_o[2][1][61]                 ; Modified   ; Physical Synthesis                                ; Timing optimization        ;           ;                ;                                      ;                  ;                       ;
; keccak_step_unit:KSU|theta_step:u_theta|state_array_o[2][1][62]                 ; Modified   ; Physical Synthesis                                ; Timing optimization        ;           ;                ;                                      ;                  ;                       ;
; keccak_step_unit:KSU|theta_step:u_theta|state_array_o[2][1][63]                 ; Modified   ; Physical Synthesis                                ; Timing optimization        ;           ;                ;                                      ;                  ;                       ;
; keccak_step_unit:KSU|theta_step:u_theta|state_array_o[2][2][0]                  ; Modified   ; Physical Synthesis                                ; Timing optimization        ;           ;                ;                                      ;                  ;                       ;
; keccak_step_unit:KSU|theta_step:u_theta|state_array_o[2][2][1]                  ; Modified   ; Physical Synthesis                                ; Timing optimization        ;           ;                ;                                      ;                  ;                       ;
; keccak_step_unit:KSU|theta_step:u_theta|state_array_o[2][2][2]                  ; Modified   ; Physical Synthesis                                ; Timing optimization        ;           ;                ;                                      ;                  ;                       ;
; keccak_step_unit:KSU|theta_step:u_theta|state_array_o[2][2][3]                  ; Modified   ; Physical Synthesis                                ; Timing optimization        ;           ;                ;                                      ;                  ;                       ;
; keccak_step_unit:KSU|theta_step:u_theta|state_array_o[2][2][4]                  ; Modified   ; Physical Synthesis                                ; Timing optimization        ;           ;                ;                                      ;                  ;                       ;
; keccak_step_unit:KSU|theta_step:u_theta|state_array_o[2][2][5]                  ; Modified   ; Physical Synthesis                                ; Timing optimization        ;           ;                ;                                      ;                  ;                       ;
; keccak_step_unit:KSU|theta_step:u_theta|state_array_o[2][2][6]                  ; Modified   ; Physical Synthesis                                ; Timing optimization        ;           ;                ;                                      ;                  ;                       ;
; keccak_step_unit:KSU|theta_step:u_theta|state_array_o[2][2][7]                  ; Modified   ; Physical Synthesis                                ; Timing optimization        ;           ;                ;                                      ;                  ;                       ;
; keccak_step_unit:KSU|theta_step:u_theta|state_array_o[2][2][8]                  ; Modified   ; Physical Synthesis                                ; Timing optimization        ;           ;                ;                                      ;                  ;                       ;
; keccak_step_unit:KSU|theta_step:u_theta|state_array_o[2][2][9]                  ; Modified   ; Physical Synthesis                                ; Timing optimization        ;           ;                ;                                      ;                  ;                       ;
; keccak_step_unit:KSU|theta_step:u_theta|state_array_o[2][2][10]                 ; Modified   ; Physical Synthesis                                ; Timing optimization        ;           ;                ;                                      ;                  ;                       ;
; keccak_step_unit:KSU|theta_step:u_theta|state_array_o[2][2][11]                 ; Modified   ; Physical Synthesis                                ; Timing optimization        ;           ;                ;                                      ;                  ;                       ;
; keccak_step_unit:KSU|theta_step:u_theta|state_array_o[2][2][12]                 ; Modified   ; Physical Synthesis                                ; Timing optimization        ;           ;                ;                                      ;                  ;                       ;
; keccak_step_unit:KSU|theta_step:u_theta|state_array_o[2][2][13]                 ; Modified   ; Physical Synthesis                                ; Timing optimization        ;           ;                ;                                      ;                  ;                       ;
; keccak_step_unit:KSU|theta_step:u_theta|state_array_o[2][2][14]                 ; Modified   ; Physical Synthesis                                ; Timing optimization        ;           ;                ;                                      ;                  ;                       ;
; keccak_step_unit:KSU|theta_step:u_theta|state_array_o[2][2][15]                 ; Modified   ; Physical Synthesis                                ; Timing optimization        ;           ;                ;                                      ;                  ;                       ;
; keccak_step_unit:KSU|theta_step:u_theta|state_array_o[2][2][16]                 ; Modified   ; Physical Synthesis                                ; Timing optimization        ;           ;                ;                                      ;                  ;                       ;
; keccak_step_unit:KSU|theta_step:u_theta|state_array_o[2][2][17]                 ; Modified   ; Physical Synthesis                                ; Timing optimization        ;           ;                ;                                      ;                  ;                       ;
; keccak_step_unit:KSU|theta_step:u_theta|state_array_o[2][2][18]                 ; Modified   ; Physical Synthesis                                ; Timing optimization        ;           ;                ;                                      ;                  ;                       ;
; keccak_step_unit:KSU|theta_step:u_theta|state_array_o[2][2][19]                 ; Modified   ; Physical Synthesis                                ; Timing optimization        ;           ;                ;                                      ;                  ;                       ;
; keccak_step_unit:KSU|theta_step:u_theta|state_array_o[2][2][21]                 ; Modified   ; Physical Synthesis                                ; Timing optimization        ;           ;                ;                                      ;                  ;                       ;
; keccak_step_unit:KSU|theta_step:u_theta|state_array_o[2][2][21]_RESYN2_BDD3     ; Created    ; Physical Synthesis                                ; Timing optimization        ;           ;                ;                                      ;                  ;                       ;
; keccak_step_unit:KSU|theta_step:u_theta|state_array_o[2][2][44]                 ; Modified   ; Physical Synthesis                                ; Timing optimization        ;           ;                ;                                      ;                  ;                       ;
; keccak_step_unit:KSU|theta_step:u_theta|state_array_o[2][2][45]                 ; Modified   ; Physical Synthesis                                ; Timing optimization        ;           ;                ;                                      ;                  ;                       ;
; keccak_step_unit:KSU|theta_step:u_theta|state_array_o[2][2][46]                 ; Modified   ; Physical Synthesis                                ; Timing optimization        ;           ;                ;                                      ;                  ;                       ;
; keccak_step_unit:KSU|theta_step:u_theta|state_array_o[2][2][47]                 ; Modified   ; Physical Synthesis                                ; Timing optimization        ;           ;                ;                                      ;                  ;                       ;
; keccak_step_unit:KSU|theta_step:u_theta|state_array_o[2][2][48]                 ; Modified   ; Physical Synthesis                                ; Timing optimization        ;           ;                ;                                      ;                  ;                       ;
; keccak_step_unit:KSU|theta_step:u_theta|state_array_o[2][2][49]                 ; Modified   ; Physical Synthesis                                ; Timing optimization        ;           ;                ;                                      ;                  ;                       ;
; keccak_step_unit:KSU|theta_step:u_theta|state_array_o[2][2][50]                 ; Modified   ; Physical Synthesis                                ; Timing optimization        ;           ;                ;                                      ;                  ;                       ;
; keccak_step_unit:KSU|theta_step:u_theta|state_array_o[2][2][51]                 ; Modified   ; Physical Synthesis                                ; Timing optimization        ;           ;                ;                                      ;                  ;                       ;
; keccak_step_unit:KSU|theta_step:u_theta|state_array_o[2][2][53]                 ; Modified   ; Physical Synthesis                                ; Timing optimization        ;           ;                ;                                      ;                  ;                       ;
; keccak_step_unit:KSU|theta_step:u_theta|state_array_o[2][2][54]                 ; Modified   ; Physical Synthesis                                ; Timing optimization        ;           ;                ;                                      ;                  ;                       ;
; keccak_step_unit:KSU|theta_step:u_theta|state_array_o[2][2][55]                 ; Modified   ; Physical Synthesis                                ; Timing optimization        ;           ;                ;                                      ;                  ;                       ;
; keccak_step_unit:KSU|theta_step:u_theta|state_array_o[2][2][56]                 ; Modified   ; Physical Synthesis                                ; Timing optimization        ;           ;                ;                                      ;                  ;                       ;
; keccak_step_unit:KSU|theta_step:u_theta|state_array_o[2][2][57]                 ; Modified   ; Physical Synthesis                                ; Timing optimization        ;           ;                ;                                      ;                  ;                       ;
; keccak_step_unit:KSU|theta_step:u_theta|state_array_o[2][2][58]                 ; Modified   ; Physical Synthesis                                ; Timing optimization        ;           ;                ;                                      ;                  ;                       ;
; keccak_step_unit:KSU|theta_step:u_theta|state_array_o[2][2][59]                 ; Modified   ; Physical Synthesis                                ; Timing optimization        ;           ;                ;                                      ;                  ;                       ;
; keccak_step_unit:KSU|theta_step:u_theta|state_array_o[2][2][60]                 ; Modified   ; Physical Synthesis                                ; Timing optimization        ;           ;                ;                                      ;                  ;                       ;
; keccak_step_unit:KSU|theta_step:u_theta|state_array_o[2][2][61]                 ; Modified   ; Physical Synthesis                                ; Timing optimization        ;           ;                ;                                      ;                  ;                       ;
; keccak_step_unit:KSU|theta_step:u_theta|state_array_o[2][2][62]                 ; Modified   ; Physical Synthesis                                ; Timing optimization        ;           ;                ;                                      ;                  ;                       ;
; keccak_step_unit:KSU|theta_step:u_theta|state_array_o[2][2][63]                 ; Modified   ; Physical Synthesis                                ; Timing optimization        ;           ;                ;                                      ;                  ;                       ;
; keccak_step_unit:KSU|theta_step:u_theta|state_array_o[2][3][0]                  ; Modified   ; Physical Synthesis                                ; Timing optimization        ;           ;                ;                                      ;                  ;                       ;
; keccak_step_unit:KSU|theta_step:u_theta|state_array_o[2][3][0]_RESYN140_BDD141  ; Created    ; Physical Synthesis                                ; Timing optimization        ;           ;                ;                                      ;                  ;                       ;
; keccak_step_unit:KSU|theta_step:u_theta|state_array_o[2][3][1]                  ; Modified   ; Physical Synthesis                                ; Timing optimization        ;           ;                ;                                      ;                  ;                       ;
; keccak_step_unit:KSU|theta_step:u_theta|state_array_o[2][3][1]_RESYN188_BDD189  ; Created    ; Physical Synthesis                                ; Timing optimization        ;           ;                ;                                      ;                  ;                       ;
; keccak_step_unit:KSU|theta_step:u_theta|state_array_o[2][3][2]                  ; Modified   ; Physical Synthesis                                ; Timing optimization        ;           ;                ;                                      ;                  ;                       ;
; keccak_step_unit:KSU|theta_step:u_theta|state_array_o[2][3][2]_RESYN190_BDD191  ; Created    ; Physical Synthesis                                ; Timing optimization        ;           ;                ;                                      ;                  ;                       ;
; keccak_step_unit:KSU|theta_step:u_theta|state_array_o[2][3][3]                  ; Modified   ; Physical Synthesis                                ; Timing optimization        ;           ;                ;                                      ;                  ;                       ;
; keccak_step_unit:KSU|theta_step:u_theta|state_array_o[2][3][3]_RESYN192_BDD193  ; Created    ; Physical Synthesis                                ; Timing optimization        ;           ;                ;                                      ;                  ;                       ;
; keccak_step_unit:KSU|theta_step:u_theta|state_array_o[2][3][4]                  ; Modified   ; Physical Synthesis                                ; Timing optimization        ;           ;                ;                                      ;                  ;                       ;
; keccak_step_unit:KSU|theta_step:u_theta|state_array_o[2][3][4]_RESYN196_BDD197  ; Created    ; Physical Synthesis                                ; Timing optimization        ;           ;                ;                                      ;                  ;                       ;
; keccak_step_unit:KSU|theta_step:u_theta|state_array_o[2][3][5]                  ; Modified   ; Physical Synthesis                                ; Timing optimization        ;           ;                ;                                      ;                  ;                       ;
; keccak_step_unit:KSU|theta_step:u_theta|state_array_o[2][3][5]_RESYN200_BDD201  ; Created    ; Physical Synthesis                                ; Timing optimization        ;           ;                ;                                      ;                  ;                       ;
; keccak_step_unit:KSU|theta_step:u_theta|state_array_o[2][3][6]                  ; Modified   ; Physical Synthesis                                ; Timing optimization        ;           ;                ;                                      ;                  ;                       ;
; keccak_step_unit:KSU|theta_step:u_theta|state_array_o[2][3][6]_RESYN204_BDD205  ; Created    ; Physical Synthesis                                ; Timing optimization        ;           ;                ;                                      ;                  ;                       ;
; keccak_step_unit:KSU|theta_step:u_theta|state_array_o[2][3][7]                  ; Modified   ; Physical Synthesis                                ; Timing optimization        ;           ;                ;                                      ;                  ;                       ;
; keccak_step_unit:KSU|theta_step:u_theta|state_array_o[2][3][7]_RESYN208_BDD209  ; Created    ; Physical Synthesis                                ; Timing optimization        ;           ;                ;                                      ;                  ;                       ;
; keccak_step_unit:KSU|theta_step:u_theta|state_array_o[2][3][8]                  ; Modified   ; Physical Synthesis                                ; Timing optimization        ;           ;                ;                                      ;                  ;                       ;
; keccak_step_unit:KSU|theta_step:u_theta|state_array_o[2][3][8]_RESYN212_BDD213  ; Created    ; Physical Synthesis                                ; Timing optimization        ;           ;                ;                                      ;                  ;                       ;
; keccak_step_unit:KSU|theta_step:u_theta|state_array_o[2][3][9]                  ; Modified   ; Physical Synthesis                                ; Timing optimization        ;           ;                ;                                      ;                  ;                       ;
; keccak_step_unit:KSU|theta_step:u_theta|state_array_o[2][3][9]_RESYN214_BDD215  ; Created    ; Physical Synthesis                                ; Timing optimization        ;           ;                ;                                      ;                  ;                       ;
; keccak_step_unit:KSU|theta_step:u_theta|state_array_o[2][3][10]                 ; Modified   ; Physical Synthesis                                ; Timing optimization        ;           ;                ;                                      ;                  ;                       ;
; keccak_step_unit:KSU|theta_step:u_theta|state_array_o[2][3][10]_RESYN216_BDD217 ; Created    ; Physical Synthesis                                ; Timing optimization        ;           ;                ;                                      ;                  ;                       ;
; keccak_step_unit:KSU|theta_step:u_theta|state_array_o[2][3][11]                 ; Modified   ; Physical Synthesis                                ; Timing optimization        ;           ;                ;                                      ;                  ;                       ;
; keccak_step_unit:KSU|theta_step:u_theta|state_array_o[2][3][11]_RESYN218_BDD219 ; Created    ; Physical Synthesis                                ; Timing optimization        ;           ;                ;                                      ;                  ;                       ;
; keccak_step_unit:KSU|theta_step:u_theta|state_array_o[2][3][12]                 ; Modified   ; Physical Synthesis                                ; Timing optimization        ;           ;                ;                                      ;                  ;                       ;
; keccak_step_unit:KSU|theta_step:u_theta|state_array_o[2][3][12]_RESYN222_BDD223 ; Created    ; Physical Synthesis                                ; Timing optimization        ;           ;                ;                                      ;                  ;                       ;
; keccak_step_unit:KSU|theta_step:u_theta|state_array_o[2][3][13]                 ; Modified   ; Physical Synthesis                                ; Timing optimization        ;           ;                ;                                      ;                  ;                       ;
; keccak_step_unit:KSU|theta_step:u_theta|state_array_o[2][3][13]_RESYN226_BDD227 ; Created    ; Physical Synthesis                                ; Timing optimization        ;           ;                ;                                      ;                  ;                       ;
; keccak_step_unit:KSU|theta_step:u_theta|state_array_o[2][3][14]                 ; Modified   ; Physical Synthesis                                ; Timing optimization        ;           ;                ;                                      ;                  ;                       ;
; keccak_step_unit:KSU|theta_step:u_theta|state_array_o[2][3][14]_RESYN230_BDD231 ; Created    ; Physical Synthesis                                ; Timing optimization        ;           ;                ;                                      ;                  ;                       ;
; keccak_step_unit:KSU|theta_step:u_theta|state_array_o[2][3][15]                 ; Modified   ; Physical Synthesis                                ; Timing optimization        ;           ;                ;                                      ;                  ;                       ;
; keccak_step_unit:KSU|theta_step:u_theta|state_array_o[2][3][15]_RESYN234_BDD235 ; Created    ; Physical Synthesis                                ; Timing optimization        ;           ;                ;                                      ;                  ;                       ;
; keccak_step_unit:KSU|theta_step:u_theta|state_array_o[2][3][16]                 ; Modified   ; Physical Synthesis                                ; Timing optimization        ;           ;                ;                                      ;                  ;                       ;
; keccak_step_unit:KSU|theta_step:u_theta|state_array_o[2][3][16]_RESYN238_BDD239 ; Created    ; Physical Synthesis                                ; Timing optimization        ;           ;                ;                                      ;                  ;                       ;
; keccak_step_unit:KSU|theta_step:u_theta|state_array_o[2][3][17]                 ; Modified   ; Physical Synthesis                                ; Timing optimization        ;           ;                ;                                      ;                  ;                       ;
; keccak_step_unit:KSU|theta_step:u_theta|state_array_o[2][3][17]_RESYN240_BDD241 ; Created    ; Physical Synthesis                                ; Timing optimization        ;           ;                ;                                      ;                  ;                       ;
; keccak_step_unit:KSU|theta_step:u_theta|state_array_o[2][3][18]                 ; Modified   ; Physical Synthesis                                ; Timing optimization        ;           ;                ;                                      ;                  ;                       ;
; keccak_step_unit:KSU|theta_step:u_theta|state_array_o[2][3][18]_RESYN242_BDD243 ; Created    ; Physical Synthesis                                ; Timing optimization        ;           ;                ;                                      ;                  ;                       ;
; keccak_step_unit:KSU|theta_step:u_theta|state_array_o[2][3][19]                 ; Modified   ; Physical Synthesis                                ; Timing optimization        ;           ;                ;                                      ;                  ;                       ;
; keccak_step_unit:KSU|theta_step:u_theta|state_array_o[2][3][19]_RESYN244_BDD245 ; Created    ; Physical Synthesis                                ; Timing optimization        ;           ;                ;                                      ;                  ;                       ;
; keccak_step_unit:KSU|theta_step:u_theta|state_array_o[2][3][20]                 ; Modified   ; Physical Synthesis                                ; Timing optimization        ;           ;                ;                                      ;                  ;                       ;
; keccak_step_unit:KSU|theta_step:u_theta|state_array_o[2][3][20]_RESYN248_BDD249 ; Created    ; Physical Synthesis                                ; Timing optimization        ;           ;                ;                                      ;                  ;                       ;
; keccak_step_unit:KSU|theta_step:u_theta|state_array_o[2][3][21]                 ; Modified   ; Physical Synthesis                                ; Timing optimization        ;           ;                ;                                      ;                  ;                       ;
; keccak_step_unit:KSU|theta_step:u_theta|state_array_o[2][3][21]_RESYN252_BDD253 ; Created    ; Physical Synthesis                                ; Timing optimization        ;           ;                ;                                      ;                  ;                       ;
; keccak_step_unit:KSU|theta_step:u_theta|state_array_o[2][3][22]                 ; Modified   ; Physical Synthesis                                ; Timing optimization        ;           ;                ;                                      ;                  ;                       ;
; keccak_step_unit:KSU|theta_step:u_theta|state_array_o[2][3][22]_RESYN256_BDD257 ; Created    ; Physical Synthesis                                ; Timing optimization        ;           ;                ;                                      ;                  ;                       ;
; keccak_step_unit:KSU|theta_step:u_theta|state_array_o[2][3][23]                 ; Modified   ; Physical Synthesis                                ; Timing optimization        ;           ;                ;                                      ;                  ;                       ;
; keccak_step_unit:KSU|theta_step:u_theta|state_array_o[2][3][23]_RESYN260_BDD261 ; Created    ; Physical Synthesis                                ; Timing optimization        ;           ;                ;                                      ;                  ;                       ;
; keccak_step_unit:KSU|theta_step:u_theta|state_array_o[2][3][24]                 ; Modified   ; Physical Synthesis                                ; Timing optimization        ;           ;                ;                                      ;                  ;                       ;
; keccak_step_unit:KSU|theta_step:u_theta|state_array_o[2][3][24]_RESYN264_BDD265 ; Created    ; Physical Synthesis                                ; Timing optimization        ;           ;                ;                                      ;                  ;                       ;
; keccak_step_unit:KSU|theta_step:u_theta|state_array_o[2][3][25]                 ; Modified   ; Physical Synthesis                                ; Timing optimization        ;           ;                ;                                      ;                  ;                       ;
; keccak_step_unit:KSU|theta_step:u_theta|state_array_o[2][3][25]_RESYN268_BDD269 ; Created    ; Physical Synthesis                                ; Timing optimization        ;           ;                ;                                      ;                  ;                       ;
; keccak_step_unit:KSU|theta_step:u_theta|state_array_o[2][3][26]                 ; Modified   ; Physical Synthesis                                ; Timing optimization        ;           ;                ;                                      ;                  ;                       ;
; keccak_step_unit:KSU|theta_step:u_theta|state_array_o[2][3][26]_RESYN272_BDD273 ; Created    ; Physical Synthesis                                ; Timing optimization        ;           ;                ;                                      ;                  ;                       ;
; keccak_step_unit:KSU|theta_step:u_theta|state_array_o[2][3][27]                 ; Modified   ; Physical Synthesis                                ; Timing optimization        ;           ;                ;                                      ;                  ;                       ;
; keccak_step_unit:KSU|theta_step:u_theta|state_array_o[2][3][27]_RESYN274_BDD275 ; Created    ; Physical Synthesis                                ; Timing optimization        ;           ;                ;                                      ;                  ;                       ;
; keccak_step_unit:KSU|theta_step:u_theta|state_array_o[2][3][28]                 ; Modified   ; Physical Synthesis                                ; Timing optimization        ;           ;                ;                                      ;                  ;                       ;
; keccak_step_unit:KSU|theta_step:u_theta|state_array_o[2][3][28]_RESYN278_BDD279 ; Created    ; Physical Synthesis                                ; Timing optimization        ;           ;                ;                                      ;                  ;                       ;
; keccak_step_unit:KSU|theta_step:u_theta|state_array_o[2][3][29]                 ; Modified   ; Physical Synthesis                                ; Timing optimization        ;           ;                ;                                      ;                  ;                       ;
; keccak_step_unit:KSU|theta_step:u_theta|state_array_o[2][3][29]_RESYN282_BDD283 ; Created    ; Physical Synthesis                                ; Timing optimization        ;           ;                ;                                      ;                  ;                       ;
; keccak_step_unit:KSU|theta_step:u_theta|state_array_o[2][3][30]                 ; Modified   ; Physical Synthesis                                ; Timing optimization        ;           ;                ;                                      ;                  ;                       ;
; keccak_step_unit:KSU|theta_step:u_theta|state_array_o[2][3][30]_RESYN286_BDD287 ; Created    ; Physical Synthesis                                ; Timing optimization        ;           ;                ;                                      ;                  ;                       ;
; keccak_step_unit:KSU|theta_step:u_theta|state_array_o[2][3][31]                 ; Modified   ; Physical Synthesis                                ; Timing optimization        ;           ;                ;                                      ;                  ;                       ;
; keccak_step_unit:KSU|theta_step:u_theta|state_array_o[2][3][31]_RESYN290_BDD291 ; Created    ; Physical Synthesis                                ; Timing optimization        ;           ;                ;                                      ;                  ;                       ;
; keccak_step_unit:KSU|theta_step:u_theta|state_array_o[2][3][32]                 ; Modified   ; Physical Synthesis                                ; Timing optimization        ;           ;                ;                                      ;                  ;                       ;
; keccak_step_unit:KSU|theta_step:u_theta|state_array_o[2][3][32]_RESYN294_BDD295 ; Created    ; Physical Synthesis                                ; Timing optimization        ;           ;                ;                                      ;                  ;                       ;
; keccak_step_unit:KSU|theta_step:u_theta|state_array_o[2][3][33]                 ; Modified   ; Physical Synthesis                                ; Timing optimization        ;           ;                ;                                      ;                  ;                       ;
; keccak_step_unit:KSU|theta_step:u_theta|state_array_o[2][3][33]_RESYN296_BDD297 ; Created    ; Physical Synthesis                                ; Timing optimization        ;           ;                ;                                      ;                  ;                       ;
; keccak_step_unit:KSU|theta_step:u_theta|state_array_o[2][3][34]                 ; Modified   ; Physical Synthesis                                ; Timing optimization        ;           ;                ;                                      ;                  ;                       ;
; keccak_step_unit:KSU|theta_step:u_theta|state_array_o[2][3][34]_RESYN298_BDD299 ; Created    ; Physical Synthesis                                ; Timing optimization        ;           ;                ;                                      ;                  ;                       ;
; keccak_step_unit:KSU|theta_step:u_theta|state_array_o[2][3][35]                 ; Modified   ; Physical Synthesis                                ; Timing optimization        ;           ;                ;                                      ;                  ;                       ;
; keccak_step_unit:KSU|theta_step:u_theta|state_array_o[2][3][35]_RESYN300_BDD301 ; Created    ; Physical Synthesis                                ; Timing optimization        ;           ;                ;                                      ;                  ;                       ;
; keccak_step_unit:KSU|theta_step:u_theta|state_array_o[2][3][36]                 ; Modified   ; Physical Synthesis                                ; Timing optimization        ;           ;                ;                                      ;                  ;                       ;
; keccak_step_unit:KSU|theta_step:u_theta|state_array_o[2][3][36]_RESYN304_BDD305 ; Created    ; Physical Synthesis                                ; Timing optimization        ;           ;                ;                                      ;                  ;                       ;
; keccak_step_unit:KSU|theta_step:u_theta|state_array_o[2][3][37]                 ; Modified   ; Physical Synthesis                                ; Timing optimization        ;           ;                ;                                      ;                  ;                       ;
; keccak_step_unit:KSU|theta_step:u_theta|state_array_o[2][3][37]_RESYN308_BDD309 ; Created    ; Physical Synthesis                                ; Timing optimization        ;           ;                ;                                      ;                  ;                       ;
; keccak_step_unit:KSU|theta_step:u_theta|state_array_o[2][3][38]                 ; Modified   ; Physical Synthesis                                ; Timing optimization        ;           ;                ;                                      ;                  ;                       ;
; keccak_step_unit:KSU|theta_step:u_theta|state_array_o[2][3][38]_RESYN312_BDD313 ; Created    ; Physical Synthesis                                ; Timing optimization        ;           ;                ;                                      ;                  ;                       ;
; keccak_step_unit:KSU|theta_step:u_theta|state_array_o[2][3][39]                 ; Modified   ; Physical Synthesis                                ; Timing optimization        ;           ;                ;                                      ;                  ;                       ;
; keccak_step_unit:KSU|theta_step:u_theta|state_array_o[2][3][39]_RESYN316_BDD317 ; Created    ; Physical Synthesis                                ; Timing optimization        ;           ;                ;                                      ;                  ;                       ;
; keccak_step_unit:KSU|theta_step:u_theta|state_array_o[2][3][40]                 ; Modified   ; Physical Synthesis                                ; Timing optimization        ;           ;                ;                                      ;                  ;                       ;
; keccak_step_unit:KSU|theta_step:u_theta|state_array_o[2][3][40]_RESYN320_BDD321 ; Created    ; Physical Synthesis                                ; Timing optimization        ;           ;                ;                                      ;                  ;                       ;
; keccak_step_unit:KSU|theta_step:u_theta|state_array_o[2][3][41]                 ; Modified   ; Physical Synthesis                                ; Timing optimization        ;           ;                ;                                      ;                  ;                       ;
; keccak_step_unit:KSU|theta_step:u_theta|state_array_o[2][3][41]_RESYN322_BDD323 ; Created    ; Physical Synthesis                                ; Timing optimization        ;           ;                ;                                      ;                  ;                       ;
; keccak_step_unit:KSU|theta_step:u_theta|state_array_o[2][3][42]                 ; Modified   ; Physical Synthesis                                ; Timing optimization        ;           ;                ;                                      ;                  ;                       ;
; keccak_step_unit:KSU|theta_step:u_theta|state_array_o[2][3][42]_RESYN324_BDD325 ; Created    ; Physical Synthesis                                ; Timing optimization        ;           ;                ;                                      ;                  ;                       ;
; keccak_step_unit:KSU|theta_step:u_theta|state_array_o[2][3][43]                 ; Modified   ; Physical Synthesis                                ; Timing optimization        ;           ;                ;                                      ;                  ;                       ;
; keccak_step_unit:KSU|theta_step:u_theta|state_array_o[2][3][43]_RESYN326_BDD327 ; Created    ; Physical Synthesis                                ; Timing optimization        ;           ;                ;                                      ;                  ;                       ;
; keccak_step_unit:KSU|theta_step:u_theta|state_array_o[2][3][44]                 ; Modified   ; Physical Synthesis                                ; Timing optimization        ;           ;                ;                                      ;                  ;                       ;
; keccak_step_unit:KSU|theta_step:u_theta|state_array_o[2][3][44]_RESYN330_BDD331 ; Created    ; Physical Synthesis                                ; Timing optimization        ;           ;                ;                                      ;                  ;                       ;
; keccak_step_unit:KSU|theta_step:u_theta|state_array_o[2][3][45]                 ; Modified   ; Physical Synthesis                                ; Timing optimization        ;           ;                ;                                      ;                  ;                       ;
; keccak_step_unit:KSU|theta_step:u_theta|state_array_o[2][3][45]_RESYN334_BDD335 ; Created    ; Physical Synthesis                                ; Timing optimization        ;           ;                ;                                      ;                  ;                       ;
; keccak_step_unit:KSU|theta_step:u_theta|state_array_o[2][3][46]                 ; Modified   ; Physical Synthesis                                ; Timing optimization        ;           ;                ;                                      ;                  ;                       ;
; keccak_step_unit:KSU|theta_step:u_theta|state_array_o[2][3][46]_RESYN338_BDD339 ; Created    ; Physical Synthesis                                ; Timing optimization        ;           ;                ;                                      ;                  ;                       ;
; keccak_step_unit:KSU|theta_step:u_theta|state_array_o[2][3][47]                 ; Modified   ; Physical Synthesis                                ; Timing optimization        ;           ;                ;                                      ;                  ;                       ;
; keccak_step_unit:KSU|theta_step:u_theta|state_array_o[2][3][47]_RESYN342_BDD343 ; Created    ; Physical Synthesis                                ; Timing optimization        ;           ;                ;                                      ;                  ;                       ;
; keccak_step_unit:KSU|theta_step:u_theta|state_array_o[2][3][48]                 ; Modified   ; Physical Synthesis                                ; Timing optimization        ;           ;                ;                                      ;                  ;                       ;
; keccak_step_unit:KSU|theta_step:u_theta|state_array_o[2][3][48]_RESYN142_BDD143 ; Created    ; Physical Synthesis                                ; Timing optimization        ;           ;                ;                                      ;                  ;                       ;
; keccak_step_unit:KSU|theta_step:u_theta|state_array_o[2][3][49]                 ; Modified   ; Physical Synthesis                                ; Timing optimization        ;           ;                ;                                      ;                  ;                       ;
; keccak_step_unit:KSU|theta_step:u_theta|state_array_o[2][3][49]_RESYN148_BDD149 ; Created    ; Physical Synthesis                                ; Timing optimization        ;           ;                ;                                      ;                  ;                       ;
; keccak_step_unit:KSU|theta_step:u_theta|state_array_o[2][3][50]                 ; Modified   ; Physical Synthesis                                ; Timing optimization        ;           ;                ;                                      ;                  ;                       ;
; keccak_step_unit:KSU|theta_step:u_theta|state_array_o[2][3][50]_RESYN152_BDD153 ; Created    ; Physical Synthesis                                ; Timing optimization        ;           ;                ;                                      ;                  ;                       ;
; keccak_step_unit:KSU|theta_step:u_theta|state_array_o[2][3][51]                 ; Modified   ; Physical Synthesis                                ; Timing optimization        ;           ;                ;                                      ;                  ;                       ;
; keccak_step_unit:KSU|theta_step:u_theta|state_array_o[2][3][51]_RESYN154_BDD155 ; Created    ; Physical Synthesis                                ; Timing optimization        ;           ;                ;                                      ;                  ;                       ;
; keccak_step_unit:KSU|theta_step:u_theta|state_array_o[2][3][52]                 ; Modified   ; Physical Synthesis                                ; Timing optimization        ;           ;                ;                                      ;                  ;                       ;
; keccak_step_unit:KSU|theta_step:u_theta|state_array_o[2][3][52]_RESYN156_BDD157 ; Created    ; Physical Synthesis                                ; Timing optimization        ;           ;                ;                                      ;                  ;                       ;
; keccak_step_unit:KSU|theta_step:u_theta|state_array_o[2][3][53]                 ; Modified   ; Physical Synthesis                                ; Timing optimization        ;           ;                ;                                      ;                  ;                       ;
; keccak_step_unit:KSU|theta_step:u_theta|state_array_o[2][3][53]_RESYN158_BDD159 ; Created    ; Physical Synthesis                                ; Timing optimization        ;           ;                ;                                      ;                  ;                       ;
; keccak_step_unit:KSU|theta_step:u_theta|state_array_o[2][3][54]                 ; Modified   ; Physical Synthesis                                ; Timing optimization        ;           ;                ;                                      ;                  ;                       ;
; keccak_step_unit:KSU|theta_step:u_theta|state_array_o[2][3][54]_RESYN160_BDD161 ; Created    ; Physical Synthesis                                ; Timing optimization        ;           ;                ;                                      ;                  ;                       ;
; keccak_step_unit:KSU|theta_step:u_theta|state_array_o[2][3][55]                 ; Modified   ; Physical Synthesis                                ; Timing optimization        ;           ;                ;                                      ;                  ;                       ;
; keccak_step_unit:KSU|theta_step:u_theta|state_array_o[2][3][55]_RESYN162_BDD163 ; Created    ; Physical Synthesis                                ; Timing optimization        ;           ;                ;                                      ;                  ;                       ;
; keccak_step_unit:KSU|theta_step:u_theta|state_array_o[2][3][56]                 ; Modified   ; Physical Synthesis                                ; Timing optimization        ;           ;                ;                                      ;                  ;                       ;
; keccak_step_unit:KSU|theta_step:u_theta|state_array_o[2][3][56]_RESYN138_BDD139 ; Created    ; Physical Synthesis                                ; Timing optimization        ;           ;                ;                                      ;                  ;                       ;
; keccak_step_unit:KSU|theta_step:u_theta|state_array_o[2][3][57]                 ; Modified   ; Physical Synthesis                                ; Timing optimization        ;           ;                ;                                      ;                  ;                       ;
; keccak_step_unit:KSU|theta_step:u_theta|state_array_o[2][3][57]_RESYN164_BDD165 ; Created    ; Physical Synthesis                                ; Timing optimization        ;           ;                ;                                      ;                  ;                       ;
; keccak_step_unit:KSU|theta_step:u_theta|state_array_o[2][3][58]                 ; Modified   ; Physical Synthesis                                ; Timing optimization        ;           ;                ;                                      ;                  ;                       ;
; keccak_step_unit:KSU|theta_step:u_theta|state_array_o[2][3][58]_RESYN166_BDD167 ; Created    ; Physical Synthesis                                ; Timing optimization        ;           ;                ;                                      ;                  ;                       ;
; keccak_step_unit:KSU|theta_step:u_theta|state_array_o[2][3][59]                 ; Modified   ; Physical Synthesis                                ; Timing optimization        ;           ;                ;                                      ;                  ;                       ;
; keccak_step_unit:KSU|theta_step:u_theta|state_array_o[2][3][59]_RESYN168_BDD169 ; Created    ; Physical Synthesis                                ; Timing optimization        ;           ;                ;                                      ;                  ;                       ;
; keccak_step_unit:KSU|theta_step:u_theta|state_array_o[2][3][60]                 ; Modified   ; Physical Synthesis                                ; Timing optimization        ;           ;                ;                                      ;                  ;                       ;
; keccak_step_unit:KSU|theta_step:u_theta|state_array_o[2][3][60]_RESYN172_BDD173 ; Created    ; Physical Synthesis                                ; Timing optimization        ;           ;                ;                                      ;                  ;                       ;
; keccak_step_unit:KSU|theta_step:u_theta|state_array_o[2][3][61]                 ; Modified   ; Physical Synthesis                                ; Timing optimization        ;           ;                ;                                      ;                  ;                       ;
; keccak_step_unit:KSU|theta_step:u_theta|state_array_o[2][3][61]_RESYN176_BDD177 ; Created    ; Physical Synthesis                                ; Timing optimization        ;           ;                ;                                      ;                  ;                       ;
; keccak_step_unit:KSU|theta_step:u_theta|state_array_o[2][3][62]                 ; Modified   ; Physical Synthesis                                ; Timing optimization        ;           ;                ;                                      ;                  ;                       ;
; keccak_step_unit:KSU|theta_step:u_theta|state_array_o[2][3][62]_RESYN180_BDD181 ; Created    ; Physical Synthesis                                ; Timing optimization        ;           ;                ;                                      ;                  ;                       ;
; keccak_step_unit:KSU|theta_step:u_theta|state_array_o[2][3][63]                 ; Modified   ; Physical Synthesis                                ; Timing optimization        ;           ;                ;                                      ;                  ;                       ;
; keccak_step_unit:KSU|theta_step:u_theta|state_array_o[2][3][63]_RESYN184_BDD185 ; Created    ; Physical Synthesis                                ; Timing optimization        ;           ;                ;                                      ;                  ;                       ;
; keccak_step_unit:KSU|theta_step:u_theta|state_array_o[2][4][0]                  ; Modified   ; Physical Synthesis                                ; Timing optimization        ;           ;                ;                                      ;                  ;                       ;
; keccak_step_unit:KSU|theta_step:u_theta|state_array_o[2][4][2]                  ; Modified   ; Physical Synthesis                                ; Timing optimization        ;           ;                ;                                      ;                  ;                       ;
; keccak_step_unit:KSU|theta_step:u_theta|state_array_o[2][4][3]                  ; Modified   ; Physical Synthesis                                ; Timing optimization        ;           ;                ;                                      ;                  ;                       ;
; keccak_step_unit:KSU|theta_step:u_theta|state_array_o[2][4][4]                  ; Modified   ; Physical Synthesis                                ; Timing optimization        ;           ;                ;                                      ;                  ;                       ;
; keccak_step_unit:KSU|theta_step:u_theta|state_array_o[2][4][5]                  ; Modified   ; Physical Synthesis                                ; Timing optimization        ;           ;                ;                                      ;                  ;                       ;
; keccak_step_unit:KSU|theta_step:u_theta|state_array_o[2][4][46]                 ; Modified   ; Physical Synthesis                                ; Timing optimization        ;           ;                ;                                      ;                  ;                       ;
; keccak_step_unit:KSU|theta_step:u_theta|state_array_o[2][4][48]                 ; Modified   ; Physical Synthesis                                ; Timing optimization        ;           ;                ;                                      ;                  ;                       ;
; keccak_step_unit:KSU|theta_step:u_theta|state_array_o[2][4][50]                 ; Modified   ; Physical Synthesis                                ; Timing optimization        ;           ;                ;                                      ;                  ;                       ;
; keccak_step_unit:KSU|theta_step:u_theta|state_array_o[2][4][52]                 ; Modified   ; Physical Synthesis                                ; Timing optimization        ;           ;                ;                                      ;                  ;                       ;
; keccak_step_unit:KSU|theta_step:u_theta|state_array_o[2][4][54]                 ; Modified   ; Physical Synthesis                                ; Timing optimization        ;           ;                ;                                      ;                  ;                       ;
; keccak_step_unit:KSU|theta_step:u_theta|state_array_o[2][4][56]                 ; Modified   ; Physical Synthesis                                ; Timing optimization        ;           ;                ;                                      ;                  ;                       ;
; keccak_step_unit:KSU|theta_step:u_theta|state_array_o[2][4][58]                 ; Modified   ; Physical Synthesis                                ; Timing optimization        ;           ;                ;                                      ;                  ;                       ;
; keccak_step_unit:KSU|theta_step:u_theta|state_array_o[2][4][60]                 ; Modified   ; Physical Synthesis                                ; Timing optimization        ;           ;                ;                                      ;                  ;                       ;
; keccak_step_unit:KSU|theta_step:u_theta|state_array_o[2][4][62]                 ; Modified   ; Physical Synthesis                                ; Timing optimization        ;           ;                ;                                      ;                  ;                       ;
; keccak_step_unit:KSU|theta_step:u_theta|state_array_o[3][0][15]                 ; Modified   ; Physical Synthesis                                ; Timing optimization        ;           ;                ;                                      ;                  ;                       ;
; keccak_step_unit:KSU|theta_step:u_theta|state_array_o[3][0][17]                 ; Modified   ; Physical Synthesis                                ; Timing optimization        ;           ;                ;                                      ;                  ;                       ;
; keccak_step_unit:KSU|theta_step:u_theta|state_array_o[3][0][19]                 ; Modified   ; Physical Synthesis                                ; Timing optimization        ;           ;                ;                                      ;                  ;                       ;
; keccak_step_unit:KSU|theta_step:u_theta|state_array_o[3][0][21]                 ; Modified   ; Physical Synthesis                                ; Timing optimization        ;           ;                ;                                      ;                  ;                       ;
; keccak_step_unit:KSU|theta_step:u_theta|state_array_o[3][0][23]                 ; Modified   ; Physical Synthesis                                ; Timing optimization        ;           ;                ;                                      ;                  ;                       ;
; keccak_step_unit:KSU|theta_step:u_theta|state_array_o[3][0][25]                 ; Modified   ; Physical Synthesis                                ; Timing optimization        ;           ;                ;                                      ;                  ;                       ;
; keccak_step_unit:KSU|theta_step:u_theta|state_array_o[3][0][27]                 ; Modified   ; Physical Synthesis                                ; Timing optimization        ;           ;                ;                                      ;                  ;                       ;
; keccak_step_unit:KSU|theta_step:u_theta|state_array_o[3][0][29]                 ; Modified   ; Physical Synthesis                                ; Timing optimization        ;           ;                ;                                      ;                  ;                       ;
; keccak_step_unit:KSU|theta_step:u_theta|state_array_o[3][0][31]                 ; Modified   ; Physical Synthesis                                ; Timing optimization        ;           ;                ;                                      ;                  ;                       ;
; keccak_step_unit:KSU|theta_step:u_theta|state_array_o[3][0][33]                 ; Modified   ; Physical Synthesis                                ; Timing optimization        ;           ;                ;                                      ;                  ;                       ;
; keccak_step_unit:KSU|theta_step:u_theta|state_array_o[3][0][35]                 ; Modified   ; Physical Synthesis                                ; Timing optimization        ;           ;                ;                                      ;                  ;                       ;
; keccak_step_unit:KSU|theta_step:u_theta|state_array_o[3][1][0]                  ; Modified   ; Physical Synthesis                                ; Timing optimization        ;           ;                ;                                      ;                  ;                       ;
; keccak_step_unit:KSU|theta_step:u_theta|state_array_o[3][1][6]                  ; Modified   ; Physical Synthesis                                ; Timing optimization        ;           ;                ;                                      ;                  ;                       ;
; keccak_step_unit:KSU|theta_step:u_theta|state_array_o[3][1][7]                  ; Modified   ; Physical Synthesis                                ; Timing optimization        ;           ;                ;                                      ;                  ;                       ;
; keccak_step_unit:KSU|theta_step:u_theta|state_array_o[3][1][14]                 ; Modified   ; Physical Synthesis                                ; Timing optimization        ;           ;                ;                                      ;                  ;                       ;
; keccak_step_unit:KSU|theta_step:u_theta|state_array_o[3][1][15]                 ; Modified   ; Physical Synthesis                                ; Timing optimization        ;           ;                ;                                      ;                  ;                       ;
; keccak_step_unit:KSU|theta_step:u_theta|state_array_o[3][1][16]                 ; Modified   ; Physical Synthesis                                ; Timing optimization        ;           ;                ;                                      ;                  ;                       ;
; keccak_step_unit:KSU|theta_step:u_theta|state_array_o[3][1][22]                 ; Modified   ; Physical Synthesis                                ; Timing optimization        ;           ;                ;                                      ;                  ;                       ;
; keccak_step_unit:KSU|theta_step:u_theta|state_array_o[3][1][23]                 ; Modified   ; Physical Synthesis                                ; Timing optimization        ;           ;                ;                                      ;                  ;                       ;
; keccak_step_unit:KSU|theta_step:u_theta|state_array_o[3][1][24]                 ; Modified   ; Physical Synthesis                                ; Timing optimization        ;           ;                ;                                      ;                  ;                       ;
; keccak_step_unit:KSU|theta_step:u_theta|state_array_o[3][1][30]                 ; Modified   ; Physical Synthesis                                ; Timing optimization        ;           ;                ;                                      ;                  ;                       ;
; keccak_step_unit:KSU|theta_step:u_theta|state_array_o[3][1][31]                 ; Modified   ; Physical Synthesis                                ; Timing optimization        ;           ;                ;                                      ;                  ;                       ;
; keccak_step_unit:KSU|theta_step:u_theta|state_array_o[3][1][32]                 ; Modified   ; Physical Synthesis                                ; Timing optimization        ;           ;                ;                                      ;                  ;                       ;
; keccak_step_unit:KSU|theta_step:u_theta|state_array_o[3][1][38]                 ; Modified   ; Physical Synthesis                                ; Timing optimization        ;           ;                ;                                      ;                  ;                       ;
; keccak_step_unit:KSU|theta_step:u_theta|state_array_o[3][1][39]                 ; Modified   ; Physical Synthesis                                ; Timing optimization        ;           ;                ;                                      ;                  ;                       ;
; keccak_step_unit:KSU|theta_step:u_theta|state_array_o[3][1][40]                 ; Modified   ; Physical Synthesis                                ; Timing optimization        ;           ;                ;                                      ;                  ;                       ;
; keccak_step_unit:KSU|theta_step:u_theta|state_array_o[3][1][46]                 ; Modified   ; Physical Synthesis                                ; Timing optimization        ;           ;                ;                                      ;                  ;                       ;
; keccak_step_unit:KSU|theta_step:u_theta|state_array_o[3][1][47]                 ; Modified   ; Physical Synthesis                                ; Timing optimization        ;           ;                ;                                      ;                  ;                       ;
; keccak_step_unit:KSU|theta_step:u_theta|state_array_o[3][1][48]                 ; Modified   ; Physical Synthesis                                ; Timing optimization        ;           ;                ;                                      ;                  ;                       ;
; keccak_step_unit:KSU|theta_step:u_theta|state_array_o[3][1][54]                 ; Modified   ; Physical Synthesis                                ; Timing optimization        ;           ;                ;                                      ;                  ;                       ;
; keccak_step_unit:KSU|theta_step:u_theta|state_array_o[3][1][55]                 ; Modified   ; Physical Synthesis                                ; Timing optimization        ;           ;                ;                                      ;                  ;                       ;
; keccak_step_unit:KSU|theta_step:u_theta|state_array_o[3][1][56]                 ; Modified   ; Physical Synthesis                                ; Timing optimization        ;           ;                ;                                      ;                  ;                       ;
; keccak_step_unit:KSU|theta_step:u_theta|state_array_o[3][1][62]                 ; Modified   ; Physical Synthesis                                ; Timing optimization        ;           ;                ;                                      ;                  ;                       ;
; keccak_step_unit:KSU|theta_step:u_theta|state_array_o[3][1][63]                 ; Modified   ; Physical Synthesis                                ; Timing optimization        ;           ;                ;                                      ;                  ;                       ;
; keccak_step_unit:KSU|theta_step:u_theta|state_array_o[3][2][0]                  ; Modified   ; Physical Synthesis                                ; Timing optimization        ;           ;                ;                                      ;                  ;                       ;
; keccak_step_unit:KSU|theta_step:u_theta|state_array_o[3][2][1]                  ; Modified   ; Physical Synthesis                                ; Timing optimization        ;           ;                ;                                      ;                  ;                       ;
; keccak_step_unit:KSU|theta_step:u_theta|state_array_o[3][2][2]                  ; Modified   ; Physical Synthesis                                ; Timing optimization        ;           ;                ;                                      ;                  ;                       ;
; keccak_step_unit:KSU|theta_step:u_theta|state_array_o[3][2][3]                  ; Modified   ; Physical Synthesis                                ; Timing optimization        ;           ;                ;                                      ;                  ;                       ;
; keccak_step_unit:KSU|theta_step:u_theta|state_array_o[3][2][4]                  ; Modified   ; Physical Synthesis                                ; Timing optimization        ;           ;                ;                                      ;                  ;                       ;
; keccak_step_unit:KSU|theta_step:u_theta|state_array_o[3][2][5]                  ; Modified   ; Physical Synthesis                                ; Timing optimization        ;           ;                ;                                      ;                  ;                       ;
; keccak_step_unit:KSU|theta_step:u_theta|state_array_o[3][2][6]                  ; Modified   ; Physical Synthesis                                ; Timing optimization        ;           ;                ;                                      ;                  ;                       ;
; keccak_step_unit:KSU|theta_step:u_theta|state_array_o[3][2][7]                  ; Modified   ; Physical Synthesis                                ; Timing optimization        ;           ;                ;                                      ;                  ;                       ;
; keccak_step_unit:KSU|theta_step:u_theta|state_array_o[3][2][8]                  ; Modified   ; Physical Synthesis                                ; Timing optimization        ;           ;                ;                                      ;                  ;                       ;
; keccak_step_unit:KSU|theta_step:u_theta|state_array_o[3][2][9]                  ; Modified   ; Physical Synthesis                                ; Timing optimization        ;           ;                ;                                      ;                  ;                       ;
; keccak_step_unit:KSU|theta_step:u_theta|state_array_o[3][2][10]                 ; Modified   ; Physical Synthesis                                ; Timing optimization        ;           ;                ;                                      ;                  ;                       ;
; keccak_step_unit:KSU|theta_step:u_theta|state_array_o[3][2][11]                 ; Modified   ; Physical Synthesis                                ; Timing optimization        ;           ;                ;                                      ;                  ;                       ;
; keccak_step_unit:KSU|theta_step:u_theta|state_array_o[3][2][12]                 ; Modified   ; Physical Synthesis                                ; Timing optimization        ;           ;                ;                                      ;                  ;                       ;
; keccak_step_unit:KSU|theta_step:u_theta|state_array_o[3][2][13]                 ; Modified   ; Physical Synthesis                                ; Timing optimization        ;           ;                ;                                      ;                  ;                       ;
; keccak_step_unit:KSU|theta_step:u_theta|state_array_o[3][2][14]                 ; Modified   ; Physical Synthesis                                ; Timing optimization        ;           ;                ;                                      ;                  ;                       ;
; keccak_step_unit:KSU|theta_step:u_theta|state_array_o[3][2][15]                 ; Modified   ; Physical Synthesis                                ; Timing optimization        ;           ;                ;                                      ;                  ;                       ;
; keccak_step_unit:KSU|theta_step:u_theta|state_array_o[3][2][16]                 ; Modified   ; Physical Synthesis                                ; Timing optimization        ;           ;                ;                                      ;                  ;                       ;
; keccak_step_unit:KSU|theta_step:u_theta|state_array_o[3][2][17]                 ; Modified   ; Physical Synthesis                                ; Timing optimization        ;           ;                ;                                      ;                  ;                       ;
; keccak_step_unit:KSU|theta_step:u_theta|state_array_o[3][2][18]                 ; Modified   ; Physical Synthesis                                ; Timing optimization        ;           ;                ;                                      ;                  ;                       ;
; keccak_step_unit:KSU|theta_step:u_theta|state_array_o[3][2][19]                 ; Modified   ; Physical Synthesis                                ; Timing optimization        ;           ;                ;                                      ;                  ;                       ;
; keccak_step_unit:KSU|theta_step:u_theta|state_array_o[3][2][20]                 ; Modified   ; Physical Synthesis                                ; Timing optimization        ;           ;                ;                                      ;                  ;                       ;
; keccak_step_unit:KSU|theta_step:u_theta|state_array_o[3][2][21]                 ; Modified   ; Physical Synthesis                                ; Timing optimization        ;           ;                ;                                      ;                  ;                       ;
; keccak_step_unit:KSU|theta_step:u_theta|state_array_o[3][2][22]                 ; Modified   ; Physical Synthesis                                ; Timing optimization        ;           ;                ;                                      ;                  ;                       ;
; keccak_step_unit:KSU|theta_step:u_theta|state_array_o[3][2][22]_RESYN68_BDD69   ; Created    ; Physical Synthesis                                ; Timing optimization        ;           ;                ;                                      ;                  ;                       ;
; keccak_step_unit:KSU|theta_step:u_theta|state_array_o[3][2][23]                 ; Modified   ; Physical Synthesis                                ; Timing optimization        ;           ;                ;                                      ;                  ;                       ;
; keccak_step_unit:KSU|theta_step:u_theta|state_array_o[3][2][24]                 ; Modified   ; Physical Synthesis                                ; Timing optimization        ;           ;                ;                                      ;                  ;                       ;
; keccak_step_unit:KSU|theta_step:u_theta|state_array_o[3][2][24]_RESYN80_BDD81   ; Created    ; Physical Synthesis                                ; Timing optimization        ;           ;                ;                                      ;                  ;                       ;
; keccak_step_unit:KSU|theta_step:u_theta|state_array_o[3][2][25]                 ; Modified   ; Physical Synthesis                                ; Timing optimization        ;           ;                ;                                      ;                  ;                       ;
; keccak_step_unit:KSU|theta_step:u_theta|state_array_o[3][2][26]                 ; Modified   ; Physical Synthesis                                ; Timing optimization        ;           ;                ;                                      ;                  ;                       ;
; keccak_step_unit:KSU|theta_step:u_theta|state_array_o[3][2][27]                 ; Modified   ; Physical Synthesis                                ; Timing optimization        ;           ;                ;                                      ;                  ;                       ;
; keccak_step_unit:KSU|theta_step:u_theta|state_array_o[3][2][28]                 ; Modified   ; Physical Synthesis                                ; Timing optimization        ;           ;                ;                                      ;                  ;                       ;
; keccak_step_unit:KSU|theta_step:u_theta|state_array_o[3][2][29]                 ; Modified   ; Physical Synthesis                                ; Timing optimization        ;           ;                ;                                      ;                  ;                       ;
; keccak_step_unit:KSU|theta_step:u_theta|state_array_o[3][2][30]                 ; Modified   ; Physical Synthesis                                ; Timing optimization        ;           ;                ;                                      ;                  ;                       ;
; keccak_step_unit:KSU|theta_step:u_theta|state_array_o[3][2][30]_RESYN98_BDD99   ; Created    ; Physical Synthesis                                ; Timing optimization        ;           ;                ;                                      ;                  ;                       ;
; keccak_step_unit:KSU|theta_step:u_theta|state_array_o[3][2][31]                 ; Modified   ; Physical Synthesis                                ; Timing optimization        ;           ;                ;                                      ;                  ;                       ;
; keccak_step_unit:KSU|theta_step:u_theta|state_array_o[3][2][32]                 ; Modified   ; Physical Synthesis                                ; Timing optimization        ;           ;                ;                                      ;                  ;                       ;
; keccak_step_unit:KSU|theta_step:u_theta|state_array_o[3][2][32]_RESYN110_BDD111 ; Created    ; Physical Synthesis                                ; Timing optimization        ;           ;                ;                                      ;                  ;                       ;
; keccak_step_unit:KSU|theta_step:u_theta|state_array_o[3][2][33]                 ; Modified   ; Physical Synthesis                                ; Timing optimization        ;           ;                ;                                      ;                  ;                       ;
; keccak_step_unit:KSU|theta_step:u_theta|state_array_o[3][2][34]                 ; Modified   ; Physical Synthesis                                ; Timing optimization        ;           ;                ;                                      ;                  ;                       ;
; keccak_step_unit:KSU|theta_step:u_theta|state_array_o[3][2][35]                 ; Modified   ; Physical Synthesis                                ; Timing optimization        ;           ;                ;                                      ;                  ;                       ;
; keccak_step_unit:KSU|theta_step:u_theta|state_array_o[3][2][36]                 ; Modified   ; Physical Synthesis                                ; Timing optimization        ;           ;                ;                                      ;                  ;                       ;
; keccak_step_unit:KSU|theta_step:u_theta|state_array_o[3][2][37]                 ; Modified   ; Physical Synthesis                                ; Timing optimization        ;           ;                ;                                      ;                  ;                       ;
; keccak_step_unit:KSU|theta_step:u_theta|state_array_o[3][2][38]                 ; Modified   ; Physical Synthesis                                ; Timing optimization        ;           ;                ;                                      ;                  ;                       ;
; keccak_step_unit:KSU|theta_step:u_theta|state_array_o[3][2][38]_RESYN130_BDD131 ; Created    ; Physical Synthesis                                ; Timing optimization        ;           ;                ;                                      ;                  ;                       ;
; keccak_step_unit:KSU|theta_step:u_theta|state_array_o[3][2][40]                 ; Modified   ; Physical Synthesis                                ; Timing optimization        ;           ;                ;                                      ;                  ;                       ;
; keccak_step_unit:KSU|theta_step:u_theta|state_array_o[3][2][41]                 ; Modified   ; Physical Synthesis                                ; Timing optimization        ;           ;                ;                                      ;                  ;                       ;
; keccak_step_unit:KSU|theta_step:u_theta|state_array_o[3][2][42]                 ; Modified   ; Physical Synthesis                                ; Timing optimization        ;           ;                ;                                      ;                  ;                       ;
; keccak_step_unit:KSU|theta_step:u_theta|state_array_o[3][2][43]                 ; Modified   ; Physical Synthesis                                ; Timing optimization        ;           ;                ;                                      ;                  ;                       ;
; keccak_step_unit:KSU|theta_step:u_theta|state_array_o[3][2][44]                 ; Modified   ; Physical Synthesis                                ; Timing optimization        ;           ;                ;                                      ;                  ;                       ;
; keccak_step_unit:KSU|theta_step:u_theta|state_array_o[3][2][45]                 ; Modified   ; Physical Synthesis                                ; Timing optimization        ;           ;                ;                                      ;                  ;                       ;
; keccak_step_unit:KSU|theta_step:u_theta|state_array_o[3][2][46]                 ; Modified   ; Physical Synthesis                                ; Timing optimization        ;           ;                ;                                      ;                  ;                       ;
; keccak_step_unit:KSU|theta_step:u_theta|state_array_o[3][2][47]                 ; Modified   ; Physical Synthesis                                ; Timing optimization        ;           ;                ;                                      ;                  ;                       ;
; keccak_step_unit:KSU|theta_step:u_theta|state_array_o[3][2][48]                 ; Modified   ; Physical Synthesis                                ; Timing optimization        ;           ;                ;                                      ;                  ;                       ;
; keccak_step_unit:KSU|theta_step:u_theta|state_array_o[3][2][49]                 ; Modified   ; Physical Synthesis                                ; Timing optimization        ;           ;                ;                                      ;                  ;                       ;
; keccak_step_unit:KSU|theta_step:u_theta|state_array_o[3][2][50]                 ; Modified   ; Physical Synthesis                                ; Timing optimization        ;           ;                ;                                      ;                  ;                       ;
; keccak_step_unit:KSU|theta_step:u_theta|state_array_o[3][2][51]                 ; Modified   ; Physical Synthesis                                ; Timing optimization        ;           ;                ;                                      ;                  ;                       ;
; keccak_step_unit:KSU|theta_step:u_theta|state_array_o[3][2][52]                 ; Modified   ; Physical Synthesis                                ; Timing optimization        ;           ;                ;                                      ;                  ;                       ;
; keccak_step_unit:KSU|theta_step:u_theta|state_array_o[3][2][53]                 ; Modified   ; Physical Synthesis                                ; Timing optimization        ;           ;                ;                                      ;                  ;                       ;
; keccak_step_unit:KSU|theta_step:u_theta|state_array_o[3][2][54]                 ; Modified   ; Physical Synthesis                                ; Timing optimization        ;           ;                ;                                      ;                  ;                       ;
; keccak_step_unit:KSU|theta_step:u_theta|state_array_o[3][2][55]                 ; Modified   ; Physical Synthesis                                ; Timing optimization        ;           ;                ;                                      ;                  ;                       ;
; keccak_step_unit:KSU|theta_step:u_theta|state_array_o[3][2][56]                 ; Modified   ; Physical Synthesis                                ; Timing optimization        ;           ;                ;                                      ;                  ;                       ;
; keccak_step_unit:KSU|theta_step:u_theta|state_array_o[3][2][57]                 ; Modified   ; Physical Synthesis                                ; Timing optimization        ;           ;                ;                                      ;                  ;                       ;
; keccak_step_unit:KSU|theta_step:u_theta|state_array_o[3][2][58]                 ; Modified   ; Physical Synthesis                                ; Timing optimization        ;           ;                ;                                      ;                  ;                       ;
; keccak_step_unit:KSU|theta_step:u_theta|state_array_o[3][2][59]                 ; Modified   ; Physical Synthesis                                ; Timing optimization        ;           ;                ;                                      ;                  ;                       ;
; keccak_step_unit:KSU|theta_step:u_theta|state_array_o[3][2][60]                 ; Modified   ; Physical Synthesis                                ; Timing optimization        ;           ;                ;                                      ;                  ;                       ;
; keccak_step_unit:KSU|theta_step:u_theta|state_array_o[3][2][61]                 ; Modified   ; Physical Synthesis                                ; Timing optimization        ;           ;                ;                                      ;                  ;                       ;
; keccak_step_unit:KSU|theta_step:u_theta|state_array_o[3][2][62]                 ; Modified   ; Physical Synthesis                                ; Timing optimization        ;           ;                ;                                      ;                  ;                       ;
; keccak_step_unit:KSU|theta_step:u_theta|state_array_o[3][2][63]                 ; Modified   ; Physical Synthesis                                ; Timing optimization        ;           ;                ;                                      ;                  ;                       ;
; keccak_step_unit:KSU|theta_step:u_theta|state_array_o[3][3][6]                  ; Modified   ; Physical Synthesis                                ; Timing optimization        ;           ;                ;                                      ;                  ;                       ;
; keccak_step_unit:KSU|theta_step:u_theta|state_array_o[3][3][6]_RESYN46_BDD47    ; Created    ; Physical Synthesis                                ; Timing optimization        ;           ;                ;                                      ;                  ;                       ;
; keccak_step_unit:KSU|theta_step:u_theta|state_array_o[3][3][10]                 ; Modified   ; Physical Synthesis                                ; Timing optimization        ;           ;                ;                                      ;                  ;                       ;
; keccak_step_unit:KSU|theta_step:u_theta|state_array_o[3][3][10]_RESYN48_BDD49   ; Created    ; Physical Synthesis                                ; Timing optimization        ;           ;                ;                                      ;                  ;                       ;
; keccak_step_unit:KSU|theta_step:u_theta|state_array_o[3][3][19]                 ; Modified   ; Physical Synthesis                                ; Timing optimization        ;           ;                ;                                      ;                  ;                       ;
; keccak_step_unit:KSU|theta_step:u_theta|state_array_o[3][3][19]_RESYN52_BDD53   ; Created    ; Physical Synthesis                                ; Timing optimization        ;           ;                ;                                      ;                  ;                       ;
; keccak_step_unit:KSU|theta_step:u_theta|state_array_o[3][3][21]                 ; Modified   ; Physical Synthesis                                ; Timing optimization        ;           ;                ;                                      ;                  ;                       ;
; keccak_step_unit:KSU|theta_step:u_theta|state_array_o[3][3][21]_RESYN58_BDD59   ; Created    ; Physical Synthesis                                ; Timing optimization        ;           ;                ;                                      ;                  ;                       ;
; keccak_step_unit:KSU|theta_step:u_theta|state_array_o[3][3][22]                 ; Modified   ; Physical Synthesis                                ; Timing optimization        ;           ;                ;                                      ;                  ;                       ;
; keccak_step_unit:KSU|theta_step:u_theta|state_array_o[3][3][22]_RESYN60_BDD61   ; Created    ; Physical Synthesis                                ; Timing optimization        ;           ;                ;                                      ;                  ;                       ;
; keccak_step_unit:KSU|theta_step:u_theta|state_array_o[3][3][24]                 ; Modified   ; Physical Synthesis                                ; Timing optimization        ;           ;                ;                                      ;                  ;                       ;
; keccak_step_unit:KSU|theta_step:u_theta|state_array_o[3][3][24]_RESYN64_BDD65   ; Created    ; Physical Synthesis                                ; Timing optimization        ;           ;                ;                                      ;                  ;                       ;
; keccak_step_unit:KSU|theta_step:u_theta|state_array_o[3][3][26]                 ; Modified   ; Physical Synthesis                                ; Timing optimization        ;           ;                ;                                      ;                  ;                       ;
; keccak_step_unit:KSU|theta_step:u_theta|state_array_o[3][3][27]                 ; Modified   ; Physical Synthesis                                ; Timing optimization        ;           ;                ;                                      ;                  ;                       ;
; keccak_step_unit:KSU|theta_step:u_theta|state_array_o[3][3][27]_RESYN76_BDD77   ; Created    ; Physical Synthesis                                ; Timing optimization        ;           ;                ;                                      ;                  ;                       ;
; keccak_step_unit:KSU|theta_step:u_theta|state_array_o[3][3][28]                 ; Modified   ; Physical Synthesis                                ; Timing optimization        ;           ;                ;                                      ;                  ;                       ;
; keccak_step_unit:KSU|theta_step:u_theta|state_array_o[3][3][29]                 ; Modified   ; Physical Synthesis                                ; Timing optimization        ;           ;                ;                                      ;                  ;                       ;
; keccak_step_unit:KSU|theta_step:u_theta|state_array_o[3][3][29]_RESYN84_BDD85   ; Created    ; Physical Synthesis                                ; Timing optimization        ;           ;                ;                                      ;                  ;                       ;
; keccak_step_unit:KSU|theta_step:u_theta|state_array_o[3][3][30]                 ; Modified   ; Physical Synthesis                                ; Timing optimization        ;           ;                ;                                      ;                  ;                       ;
; keccak_step_unit:KSU|theta_step:u_theta|state_array_o[3][3][30]_RESYN88_BDD89   ; Created    ; Physical Synthesis                                ; Timing optimization        ;           ;                ;                                      ;                  ;                       ;
; keccak_step_unit:KSU|theta_step:u_theta|state_array_o[3][3][32]                 ; Modified   ; Physical Synthesis                                ; Timing optimization        ;           ;                ;                                      ;                  ;                       ;
; keccak_step_unit:KSU|theta_step:u_theta|state_array_o[3][3][32]_RESYN94_BDD95   ; Created    ; Physical Synthesis                                ; Timing optimization        ;           ;                ;                                      ;                  ;                       ;
; keccak_step_unit:KSU|theta_step:u_theta|state_array_o[3][3][34]                 ; Modified   ; Physical Synthesis                                ; Timing optimization        ;           ;                ;                                      ;                  ;                       ;
; keccak_step_unit:KSU|theta_step:u_theta|state_array_o[3][3][35]                 ; Modified   ; Physical Synthesis                                ; Timing optimization        ;           ;                ;                                      ;                  ;                       ;
; keccak_step_unit:KSU|theta_step:u_theta|state_array_o[3][3][35]_RESYN106_BDD107 ; Created    ; Physical Synthesis                                ; Timing optimization        ;           ;                ;                                      ;                  ;                       ;
; keccak_step_unit:KSU|theta_step:u_theta|state_array_o[3][3][36]                 ; Modified   ; Physical Synthesis                                ; Timing optimization        ;           ;                ;                                      ;                  ;                       ;
; keccak_step_unit:KSU|theta_step:u_theta|state_array_o[3][3][37]                 ; Modified   ; Physical Synthesis                                ; Timing optimization        ;           ;                ;                                      ;                  ;                       ;
; keccak_step_unit:KSU|theta_step:u_theta|state_array_o[3][3][37]_RESYN116_BDD117 ; Created    ; Physical Synthesis                                ; Timing optimization        ;           ;                ;                                      ;                  ;                       ;
; keccak_step_unit:KSU|theta_step:u_theta|state_array_o[3][3][38]                 ; Modified   ; Physical Synthesis                                ; Timing optimization        ;           ;                ;                                      ;                  ;                       ;
; keccak_step_unit:KSU|theta_step:u_theta|state_array_o[3][3][38]_RESYN120_BDD121 ; Created    ; Physical Synthesis                                ; Timing optimization        ;           ;                ;                                      ;                  ;                       ;
; keccak_step_unit:KSU|theta_step:u_theta|state_array_o[3][3][40]                 ; Modified   ; Physical Synthesis                                ; Timing optimization        ;           ;                ;                                      ;                  ;                       ;
; keccak_step_unit:KSU|theta_step:u_theta|state_array_o[3][3][40]_RESYN126_BDD127 ; Created    ; Physical Synthesis                                ; Timing optimization        ;           ;                ;                                      ;                  ;                       ;
; keccak_step_unit:KSU|theta_step:u_theta|state_array_o[3][3][43]                 ; Modified   ; Physical Synthesis                                ; Timing optimization        ;           ;                ;                                      ;                  ;                       ;
; keccak_step_unit:KSU|theta_step:u_theta|state_array_o[3][3][44]                 ; Modified   ; Physical Synthesis                                ; Timing optimization        ;           ;                ;                                      ;                  ;                       ;
; keccak_step_unit:KSU|theta_step:u_theta|state_array_o[3][3][44]_RESYN6_BDD7     ; Created    ; Physical Synthesis                                ; Timing optimization        ;           ;                ;                                      ;                  ;                       ;
; keccak_step_unit:KSU|theta_step:u_theta|state_array_o[3][3][46]                 ; Modified   ; Physical Synthesis                                ; Timing optimization        ;           ;                ;                                      ;                  ;                       ;
; keccak_step_unit:KSU|theta_step:u_theta|state_array_o[3][3][46]_RESYN14_BDD15   ; Created    ; Physical Synthesis                                ; Timing optimization        ;           ;                ;                                      ;                  ;                       ;
; keccak_step_unit:KSU|theta_step:u_theta|state_array_o[3][3][50]                 ; Modified   ; Physical Synthesis                                ; Timing optimization        ;           ;                ;                                      ;                  ;                       ;
; keccak_step_unit:KSU|theta_step:u_theta|state_array_o[3][3][50]_RESYN18_BDD19   ; Created    ; Physical Synthesis                                ; Timing optimization        ;           ;                ;                                      ;                  ;                       ;
; keccak_step_unit:KSU|theta_step:u_theta|state_array_o[3][3][58]                 ; Modified   ; Physical Synthesis                                ; Timing optimization        ;           ;                ;                                      ;                  ;                       ;
; keccak_step_unit:KSU|theta_step:u_theta|state_array_o[3][3][58]_RESYN32_BDD33   ; Created    ; Physical Synthesis                                ; Timing optimization        ;           ;                ;                                      ;                  ;                       ;
; keccak_step_unit:KSU|theta_step:u_theta|state_array_o[4][0][37]                 ; Modified   ; Physical Synthesis                                ; Timing optimization        ;           ;                ;                                      ;                  ;                       ;
; keccak_step_unit:KSU|theta_step:u_theta|state_array_o[4][1][23]                 ; Modified   ; Physical Synthesis                                ; Timing optimization        ;           ;                ;                                      ;                  ;                       ;
; keccak_step_unit:KSU|theta_step:u_theta|state_array_o[4][1][25]                 ; Modified   ; Physical Synthesis                                ; Timing optimization        ;           ;                ;                                      ;                  ;                       ;
; keccak_step_unit:KSU|theta_step:u_theta|state_array_o[4][1][27]                 ; Modified   ; Physical Synthesis                                ; Timing optimization        ;           ;                ;                                      ;                  ;                       ;
; keccak_step_unit:KSU|theta_step:u_theta|state_array_o[4][1][29]                 ; Modified   ; Physical Synthesis                                ; Timing optimization        ;           ;                ;                                      ;                  ;                       ;
; keccak_step_unit:KSU|theta_step:u_theta|state_array_o[4][1][31]                 ; Modified   ; Physical Synthesis                                ; Timing optimization        ;           ;                ;                                      ;                  ;                       ;
; keccak_step_unit:KSU|theta_step:u_theta|state_array_o[4][1][33]                 ; Modified   ; Physical Synthesis                                ; Timing optimization        ;           ;                ;                                      ;                  ;                       ;
; keccak_step_unit:KSU|theta_step:u_theta|state_array_o[4][1][35]                 ; Modified   ; Physical Synthesis                                ; Timing optimization        ;           ;                ;                                      ;                  ;                       ;
; keccak_step_unit:KSU|theta_step:u_theta|state_array_o[4][1][37]                 ; Modified   ; Physical Synthesis                                ; Timing optimization        ;           ;                ;                                      ;                  ;                       ;
; keccak_step_unit:KSU|theta_step:u_theta|state_array_o[4][1][39]                 ; Modified   ; Physical Synthesis                                ; Timing optimization        ;           ;                ;                                      ;                  ;                       ;
; keccak_step_unit:KSU|theta_step:u_theta|state_array_o[4][1][41]                 ; Modified   ; Physical Synthesis                                ; Timing optimization        ;           ;                ;                                      ;                  ;                       ;
; keccak_step_unit:KSU|theta_step:u_theta|state_array_o[4][1][43]                 ; Modified   ; Physical Synthesis                                ; Timing optimization        ;           ;                ;                                      ;                  ;                       ;
; keccak_step_unit:KSU|theta_step:u_theta|state_array_o[4][2][0]                  ; Modified   ; Physical Synthesis                                ; Timing optimization        ;           ;                ;                                      ;                  ;                       ;
; keccak_step_unit:KSU|theta_step:u_theta|state_array_o[4][2][1]                  ; Modified   ; Physical Synthesis                                ; Timing optimization        ;           ;                ;                                      ;                  ;                       ;
; keccak_step_unit:KSU|theta_step:u_theta|state_array_o[4][2][2]                  ; Modified   ; Physical Synthesis                                ; Timing optimization        ;           ;                ;                                      ;                  ;                       ;
; keccak_step_unit:KSU|theta_step:u_theta|state_array_o[4][2][3]                  ; Modified   ; Physical Synthesis                                ; Timing optimization        ;           ;                ;                                      ;                  ;                       ;
; keccak_step_unit:KSU|theta_step:u_theta|state_array_o[4][2][4]                  ; Modified   ; Physical Synthesis                                ; Timing optimization        ;           ;                ;                                      ;                  ;                       ;
; keccak_step_unit:KSU|theta_step:u_theta|state_array_o[4][2][5]                  ; Modified   ; Physical Synthesis                                ; Timing optimization        ;           ;                ;                                      ;                  ;                       ;
; keccak_step_unit:KSU|theta_step:u_theta|state_array_o[4][2][6]                  ; Modified   ; Physical Synthesis                                ; Timing optimization        ;           ;                ;                                      ;                  ;                       ;
; keccak_step_unit:KSU|theta_step:u_theta|state_array_o[4][2][7]                  ; Modified   ; Physical Synthesis                                ; Timing optimization        ;           ;                ;                                      ;                  ;                       ;
; keccak_step_unit:KSU|theta_step:u_theta|state_array_o[4][2][8]                  ; Modified   ; Physical Synthesis                                ; Timing optimization        ;           ;                ;                                      ;                  ;                       ;
; keccak_step_unit:KSU|theta_step:u_theta|state_array_o[4][2][9]                  ; Modified   ; Physical Synthesis                                ; Timing optimization        ;           ;                ;                                      ;                  ;                       ;
; keccak_step_unit:KSU|theta_step:u_theta|state_array_o[4][2][10]                 ; Modified   ; Physical Synthesis                                ; Timing optimization        ;           ;                ;                                      ;                  ;                       ;
; keccak_step_unit:KSU|theta_step:u_theta|state_array_o[4][2][11]                 ; Modified   ; Physical Synthesis                                ; Timing optimization        ;           ;                ;                                      ;                  ;                       ;
; keccak_step_unit:KSU|theta_step:u_theta|state_array_o[4][2][12]                 ; Modified   ; Physical Synthesis                                ; Timing optimization        ;           ;                ;                                      ;                  ;                       ;
; keccak_step_unit:KSU|theta_step:u_theta|state_array_o[4][2][13]                 ; Modified   ; Physical Synthesis                                ; Timing optimization        ;           ;                ;                                      ;                  ;                       ;
; keccak_step_unit:KSU|theta_step:u_theta|state_array_o[4][2][14]                 ; Modified   ; Physical Synthesis                                ; Timing optimization        ;           ;                ;                                      ;                  ;                       ;
; keccak_step_unit:KSU|theta_step:u_theta|state_array_o[4][2][15]                 ; Modified   ; Physical Synthesis                                ; Timing optimization        ;           ;                ;                                      ;                  ;                       ;
; keccak_step_unit:KSU|theta_step:u_theta|state_array_o[4][2][16]                 ; Modified   ; Physical Synthesis                                ; Timing optimization        ;           ;                ;                                      ;                  ;                       ;
; keccak_step_unit:KSU|theta_step:u_theta|state_array_o[4][2][17]                 ; Modified   ; Physical Synthesis                                ; Timing optimization        ;           ;                ;                                      ;                  ;                       ;
; keccak_step_unit:KSU|theta_step:u_theta|state_array_o[4][2][18]                 ; Modified   ; Physical Synthesis                                ; Timing optimization        ;           ;                ;                                      ;                  ;                       ;
; keccak_step_unit:KSU|theta_step:u_theta|state_array_o[4][2][19]                 ; Modified   ; Physical Synthesis                                ; Timing optimization        ;           ;                ;                                      ;                  ;                       ;
; keccak_step_unit:KSU|theta_step:u_theta|state_array_o[4][2][20]                 ; Modified   ; Physical Synthesis                                ; Timing optimization        ;           ;                ;                                      ;                  ;                       ;
; keccak_step_unit:KSU|theta_step:u_theta|state_array_o[4][2][21]                 ; Modified   ; Physical Synthesis                                ; Timing optimization        ;           ;                ;                                      ;                  ;                       ;
; keccak_step_unit:KSU|theta_step:u_theta|state_array_o[4][2][22]                 ; Modified   ; Physical Synthesis                                ; Timing optimization        ;           ;                ;                                      ;                  ;                       ;
; keccak_step_unit:KSU|theta_step:u_theta|state_array_o[4][2][25]                 ; Modified   ; Physical Synthesis                                ; Timing optimization        ;           ;                ;                                      ;                  ;                       ;
; keccak_step_unit:KSU|theta_step:u_theta|state_array_o[4][2][26]                 ; Modified   ; Physical Synthesis                                ; Timing optimization        ;           ;                ;                                      ;                  ;                       ;
; keccak_step_unit:KSU|theta_step:u_theta|state_array_o[4][2][27]                 ; Modified   ; Physical Synthesis                                ; Timing optimization        ;           ;                ;                                      ;                  ;                       ;
; keccak_step_unit:KSU|theta_step:u_theta|state_array_o[4][2][28]                 ; Modified   ; Physical Synthesis                                ; Timing optimization        ;           ;                ;                                      ;                  ;                       ;
; keccak_step_unit:KSU|theta_step:u_theta|state_array_o[4][2][29]                 ; Modified   ; Physical Synthesis                                ; Timing optimization        ;           ;                ;                                      ;                  ;                       ;
; keccak_step_unit:KSU|theta_step:u_theta|state_array_o[4][2][30]                 ; Modified   ; Physical Synthesis                                ; Timing optimization        ;           ;                ;                                      ;                  ;                       ;
; keccak_step_unit:KSU|theta_step:u_theta|state_array_o[4][2][32]                 ; Modified   ; Physical Synthesis                                ; Timing optimization        ;           ;                ;                                      ;                  ;                       ;
; keccak_step_unit:KSU|theta_step:u_theta|state_array_o[4][2][33]                 ; Modified   ; Physical Synthesis                                ; Timing optimization        ;           ;                ;                                      ;                  ;                       ;
; keccak_step_unit:KSU|theta_step:u_theta|state_array_o[4][2][34]                 ; Modified   ; Physical Synthesis                                ; Timing optimization        ;           ;                ;                                      ;                  ;                       ;
; keccak_step_unit:KSU|theta_step:u_theta|state_array_o[4][2][35]                 ; Modified   ; Physical Synthesis                                ; Timing optimization        ;           ;                ;                                      ;                  ;                       ;
; keccak_step_unit:KSU|theta_step:u_theta|state_array_o[4][2][36]                 ; Modified   ; Physical Synthesis                                ; Timing optimization        ;           ;                ;                                      ;                  ;                       ;
; keccak_step_unit:KSU|theta_step:u_theta|state_array_o[4][2][37]                 ; Modified   ; Physical Synthesis                                ; Timing optimization        ;           ;                ;                                      ;                  ;                       ;
; keccak_step_unit:KSU|theta_step:u_theta|state_array_o[4][2][38]                 ; Modified   ; Physical Synthesis                                ; Timing optimization        ;           ;                ;                                      ;                  ;                       ;
; keccak_step_unit:KSU|theta_step:u_theta|state_array_o[4][2][40]                 ; Modified   ; Physical Synthesis                                ; Timing optimization        ;           ;                ;                                      ;                  ;                       ;
; keccak_step_unit:KSU|theta_step:u_theta|state_array_o[4][2][41]                 ; Modified   ; Physical Synthesis                                ; Timing optimization        ;           ;                ;                                      ;                  ;                       ;
; keccak_step_unit:KSU|theta_step:u_theta|state_array_o[4][2][42]                 ; Modified   ; Physical Synthesis                                ; Timing optimization        ;           ;                ;                                      ;                  ;                       ;
; keccak_step_unit:KSU|theta_step:u_theta|state_array_o[4][2][43]                 ; Modified   ; Physical Synthesis                                ; Timing optimization        ;           ;                ;                                      ;                  ;                       ;
; keccak_step_unit:KSU|theta_step:u_theta|state_array_o[4][2][44]                 ; Modified   ; Physical Synthesis                                ; Timing optimization        ;           ;                ;                                      ;                  ;                       ;
; keccak_step_unit:KSU|theta_step:u_theta|state_array_o[4][2][45]                 ; Modified   ; Physical Synthesis                                ; Timing optimization        ;           ;                ;                                      ;                  ;                       ;
; keccak_step_unit:KSU|theta_step:u_theta|state_array_o[4][2][46]                 ; Modified   ; Physical Synthesis                                ; Timing optimization        ;           ;                ;                                      ;                  ;                       ;
; keccak_step_unit:KSU|theta_step:u_theta|state_array_o[4][2][47]                 ; Modified   ; Physical Synthesis                                ; Timing optimization        ;           ;                ;                                      ;                  ;                       ;
; keccak_step_unit:KSU|theta_step:u_theta|state_array_o[4][2][48]                 ; Modified   ; Physical Synthesis                                ; Timing optimization        ;           ;                ;                                      ;                  ;                       ;
; keccak_step_unit:KSU|theta_step:u_theta|state_array_o[4][2][49]                 ; Modified   ; Physical Synthesis                                ; Timing optimization        ;           ;                ;                                      ;                  ;                       ;
; keccak_step_unit:KSU|theta_step:u_theta|state_array_o[4][2][50]                 ; Modified   ; Physical Synthesis                                ; Timing optimization        ;           ;                ;                                      ;                  ;                       ;
; keccak_step_unit:KSU|theta_step:u_theta|state_array_o[4][2][50]_RESYN44_BDD45   ; Created    ; Physical Synthesis                                ; Timing optimization        ;           ;                ;                                      ;                  ;                       ;
; keccak_step_unit:KSU|theta_step:u_theta|state_array_o[4][2][51]                 ; Modified   ; Physical Synthesis                                ; Timing optimization        ;           ;                ;                                      ;                  ;                       ;
; keccak_step_unit:KSU|theta_step:u_theta|state_array_o[4][2][52]                 ; Modified   ; Physical Synthesis                                ; Timing optimization        ;           ;                ;                                      ;                  ;                       ;
; keccak_step_unit:KSU|theta_step:u_theta|state_array_o[4][2][53]                 ; Modified   ; Physical Synthesis                                ; Timing optimization        ;           ;                ;                                      ;                  ;                       ;
; keccak_step_unit:KSU|theta_step:u_theta|state_array_o[4][2][54]                 ; Modified   ; Physical Synthesis                                ; Timing optimization        ;           ;                ;                                      ;                  ;                       ;
; keccak_step_unit:KSU|theta_step:u_theta|state_array_o[4][2][55]                 ; Modified   ; Physical Synthesis                                ; Timing optimization        ;           ;                ;                                      ;                  ;                       ;
; keccak_step_unit:KSU|theta_step:u_theta|state_array_o[4][2][56]                 ; Modified   ; Physical Synthesis                                ; Timing optimization        ;           ;                ;                                      ;                  ;                       ;
; keccak_step_unit:KSU|theta_step:u_theta|state_array_o[4][2][57]                 ; Modified   ; Physical Synthesis                                ; Timing optimization        ;           ;                ;                                      ;                  ;                       ;
; keccak_step_unit:KSU|theta_step:u_theta|state_array_o[4][2][58]                 ; Modified   ; Physical Synthesis                                ; Timing optimization        ;           ;                ;                                      ;                  ;                       ;
; keccak_step_unit:KSU|theta_step:u_theta|state_array_o[4][2][59]                 ; Modified   ; Physical Synthesis                                ; Timing optimization        ;           ;                ;                                      ;                  ;                       ;
; keccak_step_unit:KSU|theta_step:u_theta|state_array_o[4][2][60]                 ; Modified   ; Physical Synthesis                                ; Timing optimization        ;           ;                ;                                      ;                  ;                       ;
; keccak_step_unit:KSU|theta_step:u_theta|state_array_o[4][2][61]                 ; Modified   ; Physical Synthesis                                ; Timing optimization        ;           ;                ;                                      ;                  ;                       ;
; keccak_step_unit:KSU|theta_step:u_theta|state_array_o[4][2][62]                 ; Modified   ; Physical Synthesis                                ; Timing optimization        ;           ;                ;                                      ;                  ;                       ;
; keccak_step_unit:KSU|theta_step:u_theta|state_array_o[4][2][63]                 ; Modified   ; Physical Synthesis                                ; Timing optimization        ;           ;                ;                                      ;                  ;                       ;
; keccak_step_unit:KSU|theta_step:u_theta|state_array_o[4][3][0]                  ; Modified   ; Physical Synthesis                                ; Timing optimization        ;           ;                ;                                      ;                  ;                       ;
; keccak_step_unit:KSU|theta_step:u_theta|state_array_o[4][3][6]                  ; Modified   ; Physical Synthesis                                ; Timing optimization        ;           ;                ;                                      ;                  ;                       ;
; keccak_step_unit:KSU|theta_step:u_theta|state_array_o[4][3][7]                  ; Modified   ; Physical Synthesis                                ; Timing optimization        ;           ;                ;                                      ;                  ;                       ;
; keccak_step_unit:KSU|theta_step:u_theta|state_array_o[4][3][8]                  ; Modified   ; Physical Synthesis                                ; Timing optimization        ;           ;                ;                                      ;                  ;                       ;
; keccak_step_unit:KSU|theta_step:u_theta|state_array_o[4][3][14]                 ; Modified   ; Physical Synthesis                                ; Timing optimization        ;           ;                ;                                      ;                  ;                       ;
; keccak_step_unit:KSU|theta_step:u_theta|state_array_o[4][3][15]                 ; Modified   ; Physical Synthesis                                ; Timing optimization        ;           ;                ;                                      ;                  ;                       ;
; keccak_step_unit:KSU|theta_step:u_theta|state_array_o[4][3][16]                 ; Modified   ; Physical Synthesis                                ; Timing optimization        ;           ;                ;                                      ;                  ;                       ;
; keccak_step_unit:KSU|theta_step:u_theta|state_array_o[4][3][22]                 ; Modified   ; Physical Synthesis                                ; Timing optimization        ;           ;                ;                                      ;                  ;                       ;
; keccak_step_unit:KSU|theta_step:u_theta|state_array_o[4][3][24]                 ; Modified   ; Physical Synthesis                                ; Timing optimization        ;           ;                ;                                      ;                  ;                       ;
; keccak_step_unit:KSU|theta_step:u_theta|state_array_o[4][3][30]                 ; Modified   ; Physical Synthesis                                ; Timing optimization        ;           ;                ;                                      ;                  ;                       ;
; keccak_step_unit:KSU|theta_step:u_theta|state_array_o[4][3][32]                 ; Modified   ; Physical Synthesis                                ; Timing optimization        ;           ;                ;                                      ;                  ;                       ;
; keccak_step_unit:KSU|theta_step:u_theta|state_array_o[4][3][38]                 ; Modified   ; Physical Synthesis                                ; Timing optimization        ;           ;                ;                                      ;                  ;                       ;
; keccak_step_unit:KSU|theta_step:u_theta|state_array_o[4][3][40]                 ; Modified   ; Physical Synthesis                                ; Timing optimization        ;           ;                ;                                      ;                  ;                       ;
; keccak_step_unit:KSU|theta_step:u_theta|state_array_o[4][3][46]                 ; Modified   ; Physical Synthesis                                ; Timing optimization        ;           ;                ;                                      ;                  ;                       ;
; keccak_step_unit:KSU|theta_step:u_theta|state_array_o[4][3][47]                 ; Modified   ; Physical Synthesis                                ; Timing optimization        ;           ;                ;                                      ;                  ;                       ;
; keccak_step_unit:KSU|theta_step:u_theta|state_array_o[4][3][48]                 ; Modified   ; Physical Synthesis                                ; Timing optimization        ;           ;                ;                                      ;                  ;                       ;
; keccak_step_unit:KSU|theta_step:u_theta|state_array_o[4][3][54]                 ; Modified   ; Physical Synthesis                                ; Timing optimization        ;           ;                ;                                      ;                  ;                       ;
; keccak_step_unit:KSU|theta_step:u_theta|state_array_o[4][3][55]                 ; Modified   ; Physical Synthesis                                ; Timing optimization        ;           ;                ;                                      ;                  ;                       ;
; keccak_step_unit:KSU|theta_step:u_theta|state_array_o[4][3][56]                 ; Modified   ; Physical Synthesis                                ; Timing optimization        ;           ;                ;                                      ;                  ;                       ;
; keccak_step_unit:KSU|theta_step:u_theta|state_array_o[4][3][56]_RESYN150_BDD151 ; Created    ; Physical Synthesis                                ; Timing optimization        ;           ;                ;                                      ;                  ;                       ;
; keccak_step_unit:KSU|theta_step:u_theta|state_array_o[4][3][62]                 ; Modified   ; Physical Synthesis                                ; Timing optimization        ;           ;                ;                                      ;                  ;                       ;
; keccak_step_unit:KSU|theta_step:u_theta|state_array_o[4][3][63]                 ; Modified   ; Physical Synthesis                                ; Timing optimization        ;           ;                ;                                      ;                  ;                       ;
; keccak_step_unit:KSU|theta_step:u_theta|state_array_o[4][4][1]                  ; Modified   ; Physical Synthesis                                ; Timing optimization        ;           ;                ;                                      ;                  ;                       ;
; keccak_step_unit:KSU|theta_step:u_theta|state_array_o[4][4][13]                 ; Modified   ; Physical Synthesis                                ; Timing optimization        ;           ;                ;                                      ;                  ;                       ;
; keccak_step_unit:KSU|theta_step:u_theta|state_array_o[4][4][17]                 ; Modified   ; Physical Synthesis                                ; Timing optimization        ;           ;                ;                                      ;                  ;                       ;
; keccak_step_unit:KSU|theta_step:u_theta|state_array_o[4][4][26]                 ; Modified   ; Physical Synthesis                                ; Timing optimization        ;           ;                ;                                      ;                  ;                       ;
; keccak_step_unit:KSU|theta_step:u_theta|state_array_o[4][4][28]                 ; Modified   ; Physical Synthesis                                ; Timing optimization        ;           ;                ;                                      ;                  ;                       ;
; keccak_step_unit:KSU|theta_step:u_theta|state_array_o[4][4][34]                 ; Modified   ; Physical Synthesis                                ; Timing optimization        ;           ;                ;                                      ;                  ;                       ;
; keccak_step_unit:KSU|theta_step:u_theta|state_array_o[4][4][36]                 ; Modified   ; Physical Synthesis                                ; Timing optimization        ;           ;                ;                                      ;                  ;                       ;
; keccak_step_unit:KSU|theta_step:u_theta|state_array_o[4][4][42]                 ; Modified   ; Physical Synthesis                                ; Timing optimization        ;           ;                ;                                      ;                  ;                       ;
; keccak_step_unit:KSU|theta_step:u_theta|state_array_o[4][4][44]                 ; Modified   ; Physical Synthesis                                ; Timing optimization        ;           ;                ;                                      ;                  ;                       ;
; keccak_step_unit:KSU|theta_step:u_theta|state_array_o[4][4][50]                 ; Modified   ; Physical Synthesis                                ; Timing optimization        ;           ;                ;                                      ;                  ;                       ;
; keccak_step_unit:KSU|theta_step:u_theta|state_array_o[4][4][51]                 ; Modified   ; Physical Synthesis                                ; Timing optimization        ;           ;                ;                                      ;                  ;                       ;
; keccak_step_unit:KSU|theta_step:u_theta|state_array_o[4][4][53]                 ; Modified   ; Physical Synthesis                                ; Timing optimization        ;           ;                ;                                      ;                  ;                       ;
; keccak_step_unit:KSU|theta_step:u_theta|state_array_o[4][4][57]                 ; Modified   ; Physical Synthesis                                ; Timing optimization        ;           ;                ;                                      ;                  ;                       ;
; state_array~0                                                                   ; Modified   ; Physical Synthesis                                ; Timing optimization        ;           ;                ;                                      ;                  ;                       ;
; state_array~33                                                                  ; Modified   ; Physical Synthesis                                ; Timing optimization        ;           ;                ;                                      ;                  ;                       ;
; state_array~35                                                                  ; Modified   ; Physical Synthesis                                ; Timing optimization        ;           ;                ;                                      ;                  ;                       ;
; state_array~45                                                                  ; Modified   ; Physical Synthesis                                ; Timing optimization        ;           ;                ;                                      ;                  ;                       ;
; state_array~59                                                                  ; Modified   ; Physical Synthesis                                ; Timing optimization        ;           ;                ;                                      ;                  ;                       ;
; state_array~68                                                                  ; Modified   ; Physical Synthesis                                ; Timing optimization        ;           ;                ;                                      ;                  ;                       ;
; state_array~92                                                                  ; Modified   ; Physical Synthesis                                ; Timing optimization        ;           ;                ;                                      ;                  ;                       ;
; state_array~106                                                                 ; Modified   ; Physical Synthesis                                ; Timing optimization        ;           ;                ;                                      ;                  ;                       ;
; state_array~114                                                                 ; Modified   ; Physical Synthesis                                ; Timing optimization        ;           ;                ;                                      ;                  ;                       ;
; state_array~138                                                                 ; Modified   ; Physical Synthesis                                ; Timing optimization        ;           ;                ;                                      ;                  ;                       ;
; state_array~152                                                                 ; Modified   ; Physical Synthesis                                ; Timing optimization        ;           ;                ;                                      ;                  ;                       ;
; state_array~159                                                                 ; Modified   ; Physical Synthesis                                ; Timing optimization        ;           ;                ;                                      ;                  ;                       ;
; state_array~161                                                                 ; Modified   ; Physical Synthesis                                ; Timing optimization        ;           ;                ;                                      ;                  ;                       ;
; state_array~185                                                                 ; Modified   ; Physical Synthesis                                ; Timing optimization        ;           ;                ;                                      ;                  ;                       ;
; state_array~199                                                                 ; Modified   ; Physical Synthesis                                ; Timing optimization        ;           ;                ;                                      ;                  ;                       ;
; state_array~205                                                                 ; Modified   ; Physical Synthesis                                ; Timing optimization        ;           ;                ;                                      ;                  ;                       ;
; state_array~207                                                                 ; Modified   ; Physical Synthesis                                ; Timing optimization        ;           ;                ;                                      ;                  ;                       ;
; state_array~241                                                                 ; Modified   ; Physical Synthesis                                ; Timing optimization        ;           ;                ;                                      ;                  ;                       ;
; state_array~247                                                                 ; Modified   ; Physical Synthesis                                ; Timing optimization        ;           ;                ;                                      ;                  ;                       ;
; state_array~249                                                                 ; Modified   ; Physical Synthesis                                ; Timing optimization        ;           ;                ;                                      ;                  ;                       ;
; state_array~271                                                                 ; Modified   ; Physical Synthesis                                ; Timing optimization        ;           ;                ;                                      ;                  ;                       ;
; state_array~281                                                                 ; Modified   ; Physical Synthesis                                ; Timing optimization        ;           ;                ;                                      ;                  ;                       ;
; state_array~287                                                                 ; Modified   ; Physical Synthesis                                ; Timing optimization        ;           ;                ;                                      ;                  ;                       ;
; state_array~327                                                                 ; Modified   ; Physical Synthesis                                ; Timing optimization        ;           ;                ;                                      ;                  ;                       ;
; state_array~349                                                                 ; Modified   ; Physical Synthesis                                ; Timing optimization        ;           ;                ;                                      ;                  ;                       ;
; state_array~363                                                                 ; Modified   ; Physical Synthesis                                ; Timing optimization        ;           ;                ;                                      ;                  ;                       ;
; state_array~369                                                                 ; Modified   ; Physical Synthesis                                ; Timing optimization        ;           ;                ;                                      ;                  ;                       ;
; state_array~395                                                                 ; Modified   ; Physical Synthesis                                ; Timing optimization        ;           ;                ;                                      ;                  ;                       ;
; state_array~409                                                                 ; Modified   ; Physical Synthesis                                ; Timing optimization        ;           ;                ;                                      ;                  ;                       ;
; state_array~415                                                                 ; Modified   ; Physical Synthesis                                ; Timing optimization        ;           ;                ;                                      ;                  ;                       ;
; state_array~417                                                                 ; Modified   ; Physical Synthesis                                ; Timing optimization        ;           ;                ;                                      ;                  ;                       ;
; state_array~441                                                                 ; Modified   ; Physical Synthesis                                ; Timing optimization        ;           ;                ;                                      ;                  ;                       ;
; state_array~455                                                                 ; Modified   ; Physical Synthesis                                ; Timing optimization        ;           ;                ;                                      ;                  ;                       ;
; state_array~461                                                                 ; Modified   ; Physical Synthesis                                ; Timing optimization        ;           ;                ;                                      ;                  ;                       ;
; state_array~463                                                                 ; Modified   ; Physical Synthesis                                ; Timing optimization        ;           ;                ;                                      ;                  ;                       ;
; state_array~487                                                                 ; Modified   ; Physical Synthesis                                ; Timing optimization        ;           ;                ;                                      ;                  ;                       ;
; state_array~501                                                                 ; Modified   ; Physical Synthesis                                ; Timing optimization        ;           ;                ;                                      ;                  ;                       ;
; state_array~507                                                                 ; Modified   ; Physical Synthesis                                ; Timing optimization        ;           ;                ;                                      ;                  ;                       ;
; state_array~509                                                                 ; Modified   ; Physical Synthesis                                ; Timing optimization        ;           ;                ;                                      ;                  ;                       ;
; state_array~533                                                                 ; Modified   ; Physical Synthesis                                ; Timing optimization        ;           ;                ;                                      ;                  ;                       ;
; state_array~547                                                                 ; Modified   ; Physical Synthesis                                ; Timing optimization        ;           ;                ;                                      ;                  ;                       ;
; state_array~553                                                                 ; Modified   ; Physical Synthesis                                ; Timing optimization        ;           ;                ;                                      ;                  ;                       ;
; state_array~555                                                                 ; Modified   ; Physical Synthesis                                ; Timing optimization        ;           ;                ;                                      ;                  ;                       ;
; state_array~589                                                                 ; Modified   ; Physical Synthesis                                ; Timing optimization        ;           ;                ;                                      ;                  ;                       ;
; state_array~595                                                                 ; Modified   ; Physical Synthesis                                ; Timing optimization        ;           ;                ;                                      ;                  ;                       ;
; state_array~597                                                                 ; Modified   ; Physical Synthesis                                ; Timing optimization        ;           ;                ;                                      ;                  ;                       ;
; state_array~619                                                                 ; Modified   ; Physical Synthesis                                ; Timing optimization        ;           ;                ;                                      ;                  ;                       ;
; state_array~629                                                                 ; Modified   ; Physical Synthesis                                ; Timing optimization        ;           ;                ;                                      ;                  ;                       ;
; state_array~635                                                                 ; Modified   ; Physical Synthesis                                ; Timing optimization        ;           ;                ;                                      ;                  ;                       ;
; state_array~675                                                                 ; Modified   ; Physical Synthesis                                ; Timing optimization        ;           ;                ;                                      ;                  ;                       ;
; state_array~697                                                                 ; Modified   ; Physical Synthesis                                ; Timing optimization        ;           ;                ;                                      ;                  ;                       ;
; state_array~711                                                                 ; Modified   ; Physical Synthesis                                ; Timing optimization        ;           ;                ;                                      ;                  ;                       ;
; state_array~717                                                                 ; Modified   ; Physical Synthesis                                ; Timing optimization        ;           ;                ;                                      ;                  ;                       ;
; state_array~743                                                                 ; Modified   ; Physical Synthesis                                ; Timing optimization        ;           ;                ;                                      ;                  ;                       ;
; state_array~757                                                                 ; Modified   ; Physical Synthesis                                ; Timing optimization        ;           ;                ;                                      ;                  ;                       ;
; state_array~763                                                                 ; Modified   ; Physical Synthesis                                ; Timing optimization        ;           ;                ;                                      ;                  ;                       ;
; state_array~765                                                                 ; Modified   ; Physical Synthesis                                ; Timing optimization        ;           ;                ;                                      ;                  ;                       ;
; state_array~789                                                                 ; Modified   ; Physical Synthesis                                ; Timing optimization        ;           ;                ;                                      ;                  ;                       ;
; state_array~803                                                                 ; Modified   ; Physical Synthesis                                ; Timing optimization        ;           ;                ;                                      ;                  ;                       ;
; state_array~809                                                                 ; Modified   ; Physical Synthesis                                ; Timing optimization        ;           ;                ;                                      ;                  ;                       ;
; state_array~811                                                                 ; Modified   ; Physical Synthesis                                ; Timing optimization        ;           ;                ;                                      ;                  ;                       ;
; state_array~835                                                                 ; Modified   ; Physical Synthesis                                ; Timing optimization        ;           ;                ;                                      ;                  ;                       ;
; state_array~849                                                                 ; Modified   ; Physical Synthesis                                ; Timing optimization        ;           ;                ;                                      ;                  ;                       ;
; state_array~855                                                                 ; Modified   ; Physical Synthesis                                ; Timing optimization        ;           ;                ;                                      ;                  ;                       ;
; state_array~857                                                                 ; Modified   ; Physical Synthesis                                ; Timing optimization        ;           ;                ;                                      ;                  ;                       ;
; state_array~881                                                                 ; Modified   ; Physical Synthesis                                ; Timing optimization        ;           ;                ;                                      ;                  ;                       ;
; state_array~895                                                                 ; Modified   ; Physical Synthesis                                ; Timing optimization        ;           ;                ;                                      ;                  ;                       ;
; state_array~901                                                                 ; Modified   ; Physical Synthesis                                ; Timing optimization        ;           ;                ;                                      ;                  ;                       ;
; state_array~903                                                                 ; Modified   ; Physical Synthesis                                ; Timing optimization        ;           ;                ;                                      ;                  ;                       ;
; state_array~937                                                                 ; Modified   ; Physical Synthesis                                ; Timing optimization        ;           ;                ;                                      ;                  ;                       ;
; state_array~943                                                                 ; Modified   ; Physical Synthesis                                ; Timing optimization        ;           ;                ;                                      ;                  ;                       ;
; state_array~945                                                                 ; Modified   ; Physical Synthesis                                ; Timing optimization        ;           ;                ;                                      ;                  ;                       ;
; state_array~977                                                                 ; Modified   ; Physical Synthesis                                ; Timing optimization        ;           ;                ;                                      ;                  ;                       ;
; state_array~983                                                                 ; Modified   ; Physical Synthesis                                ; Timing optimization        ;           ;                ;                                      ;                  ;                       ;
; state_array~1017                                                                ; Modified   ; Physical Synthesis                                ; Timing optimization        ;           ;                ;                                      ;                  ;                       ;
; state_array~1025                                                                ; Modified   ; Physical Synthesis                                ; Timing optimization        ;           ;                ;                                      ;                  ;                       ;
; state_array~1049                                                                ; Modified   ; Physical Synthesis                                ; Timing optimization        ;           ;                ;                                      ;                  ;                       ;
; state_array~1063                                                                ; Modified   ; Physical Synthesis                                ; Timing optimization        ;           ;                ;                                      ;                  ;                       ;
; state_array~1071                                                                ; Modified   ; Physical Synthesis                                ; Timing optimization        ;           ;                ;                                      ;                  ;                       ;
; state_array~1097                                                                ; Modified   ; Physical Synthesis                                ; Timing optimization        ;           ;                ;                                      ;                  ;                       ;
; state_array~1111                                                                ; Modified   ; Physical Synthesis                                ; Timing optimization        ;           ;                ;                                      ;                  ;                       ;
; state_array~1119                                                                ; Modified   ; Physical Synthesis                                ; Timing optimization        ;           ;                ;                                      ;                  ;                       ;
; state_array~1121                                                                ; Modified   ; Physical Synthesis                                ; Timing optimization        ;           ;                ;                                      ;                  ;                       ;
; state_array~1145                                                                ; Modified   ; Physical Synthesis                                ; Timing optimization        ;           ;                ;                                      ;                  ;                       ;
; state_array~1159                                                                ; Modified   ; Physical Synthesis                                ; Timing optimization        ;           ;                ;                                      ;                  ;                       ;
; state_array~1167                                                                ; Modified   ; Physical Synthesis                                ; Timing optimization        ;           ;                ;                                      ;                  ;                       ;
; state_array~1169                                                                ; Modified   ; Physical Synthesis                                ; Timing optimization        ;           ;                ;                                      ;                  ;                       ;
; state_array~1193                                                                ; Modified   ; Physical Synthesis                                ; Timing optimization        ;           ;                ;                                      ;                  ;                       ;
; state_array~1207                                                                ; Modified   ; Physical Synthesis                                ; Timing optimization        ;           ;                ;                                      ;                  ;                       ;
; state_array~1215                                                                ; Modified   ; Physical Synthesis                                ; Timing optimization        ;           ;                ;                                      ;                  ;                       ;
; state_array~1217                                                                ; Modified   ; Physical Synthesis                                ; Timing optimization        ;           ;                ;                                      ;                  ;                       ;
; state_array~1241                                                                ; Modified   ; Physical Synthesis                                ; Timing optimization        ;           ;                ;                                      ;                  ;                       ;
; state_array~1255                                                                ; Modified   ; Physical Synthesis                                ; Timing optimization        ;           ;                ;                                      ;                  ;                       ;
; state_array~1263                                                                ; Modified   ; Physical Synthesis                                ; Timing optimization        ;           ;                ;                                      ;                  ;                       ;
; state_array~1265                                                                ; Modified   ; Physical Synthesis                                ; Timing optimization        ;           ;                ;                                      ;                  ;                       ;
; state_array~1299                                                                ; Modified   ; Physical Synthesis                                ; Timing optimization        ;           ;                ;                                      ;                  ;                       ;
; state_array~1307                                                                ; Modified   ; Physical Synthesis                                ; Timing optimization        ;           ;                ;                                      ;                  ;                       ;
; state_array~1309                                                                ; Modified   ; Physical Synthesis                                ; Timing optimization        ;           ;                ;                                      ;                  ;                       ;
; state_array~1341                                                                ; Modified   ; Physical Synthesis                                ; Timing optimization        ;           ;                ;                                      ;                  ;                       ;
; state_array~1349                                                                ; Modified   ; Physical Synthesis                                ; Timing optimization        ;           ;                ;                                      ;                  ;                       ;
; state_array~1383                                                                ; Modified   ; Physical Synthesis                                ; Timing optimization        ;           ;                ;                                      ;                  ;                       ;
; state_array~1389                                                                ; Modified   ; Physical Synthesis                                ; Timing optimization        ;           ;                ;                                      ;                  ;                       ;
; state_array~1391                                                                ; Modified   ; Physical Synthesis                                ; Timing optimization        ;           ;                ;                                      ;                  ;                       ;
; state_array~1411                                                                ; Modified   ; Physical Synthesis                                ; Timing optimization        ;           ;                ;                                      ;                  ;                       ;
; state_array~1425                                                                ; Modified   ; Physical Synthesis                                ; Timing optimization        ;           ;                ;                                      ;                  ;                       ;
; state_array~1433                                                                ; Modified   ; Physical Synthesis                                ; Timing optimization        ;           ;                ;                                      ;                  ;                       ;
; state_array~1459                                                                ; Modified   ; Physical Synthesis                                ; Timing optimization        ;           ;                ;                                      ;                  ;                       ;
; state_array~1473                                                                ; Modified   ; Physical Synthesis                                ; Timing optimization        ;           ;                ;                                      ;                  ;                       ;
; state_array~1481                                                                ; Modified   ; Physical Synthesis                                ; Timing optimization        ;           ;                ;                                      ;                  ;                       ;
; state_array~1483                                                                ; Modified   ; Physical Synthesis                                ; Timing optimization        ;           ;                ;                                      ;                  ;                       ;
; state_array~1507                                                                ; Modified   ; Physical Synthesis                                ; Timing optimization        ;           ;                ;                                      ;                  ;                       ;
; state_array~1521                                                                ; Modified   ; Physical Synthesis                                ; Timing optimization        ;           ;                ;                                      ;                  ;                       ;
; state_array~1529                                                                ; Modified   ; Physical Synthesis                                ; Timing optimization        ;           ;                ;                                      ;                  ;                       ;
; state_array~1531                                                                ; Modified   ; Physical Synthesis                                ; Timing optimization        ;           ;                ;                                      ;                  ;                       ;
; state_array~1555                                                                ; Modified   ; Physical Synthesis                                ; Timing optimization        ;           ;                ;                                      ;                  ;                       ;
; state_array~1569                                                                ; Modified   ; Physical Synthesis                                ; Timing optimization        ;           ;                ;                                      ;                  ;                       ;
; state_array~1577                                                                ; Modified   ; Physical Synthesis                                ; Timing optimization        ;           ;                ;                                      ;                  ;                       ;
; state_array~1579                                                                ; Modified   ; Physical Synthesis                                ; Timing optimization        ;           ;                ;                                      ;                  ;                       ;
; state_array~1603                                                                ; Modified   ; Physical Synthesis                                ; Timing optimization        ;           ;                ;                                      ;                  ;                       ;
; state_array~1617                                                                ; Modified   ; Physical Synthesis                                ; Timing optimization        ;           ;                ;                                      ;                  ;                       ;
; state_array~1625                                                                ; Modified   ; Physical Synthesis                                ; Timing optimization        ;           ;                ;                                      ;                  ;                       ;
; state_array~1627                                                                ; Modified   ; Physical Synthesis                                ; Timing optimization        ;           ;                ;                                      ;                  ;                       ;
; state_array~1661                                                                ; Modified   ; Physical Synthesis                                ; Timing optimization        ;           ;                ;                                      ;                  ;                       ;
; state_array~1669                                                                ; Modified   ; Physical Synthesis                                ; Timing optimization        ;           ;                ;                                      ;                  ;                       ;
; state_array~1671                                                                ; Modified   ; Physical Synthesis                                ; Timing optimization        ;           ;                ;                                      ;                  ;                       ;
; state_array~1703                                                                ; Modified   ; Physical Synthesis                                ; Timing optimization        ;           ;                ;                                      ;                  ;                       ;
; state_array~1711                                                                ; Modified   ; Physical Synthesis                                ; Timing optimization        ;           ;                ;                                      ;                  ;                       ;
; state_array~1745                                                                ; Modified   ; Physical Synthesis                                ; Timing optimization        ;           ;                ;                                      ;                  ;                       ;
; state_array~1753                                                                ; Modified   ; Physical Synthesis                                ; Timing optimization        ;           ;                ;                                      ;                  ;                       ;
; state_array~1755                                                                ; Modified   ; Physical Synthesis                                ; Timing optimization        ;           ;                ;                                      ;                  ;                       ;
; state_array~1777                                                                ; Modified   ; Physical Synthesis                                ; Timing optimization        ;           ;                ;                                      ;                  ;                       ;
; state_array~1791                                                                ; Modified   ; Physical Synthesis                                ; Timing optimization        ;           ;                ;                                      ;                  ;                       ;
; state_array~1799                                                                ; Modified   ; Physical Synthesis                                ; Timing optimization        ;           ;                ;                                      ;                  ;                       ;
; state_array~1825                                                                ; Modified   ; Physical Synthesis                                ; Timing optimization        ;           ;                ;                                      ;                  ;                       ;
; state_array~1839                                                                ; Modified   ; Physical Synthesis                                ; Timing optimization        ;           ;                ;                                      ;                  ;                       ;
; state_array~1847                                                                ; Modified   ; Physical Synthesis                                ; Timing optimization        ;           ;                ;                                      ;                  ;                       ;
; state_array~1849                                                                ; Modified   ; Physical Synthesis                                ; Timing optimization        ;           ;                ;                                      ;                  ;                       ;
; state_array~1873                                                                ; Modified   ; Physical Synthesis                                ; Timing optimization        ;           ;                ;                                      ;                  ;                       ;
; state_array~1887                                                                ; Modified   ; Physical Synthesis                                ; Timing optimization        ;           ;                ;                                      ;                  ;                       ;
; state_array~1899                                                                ; Modified   ; Physical Synthesis                                ; Timing optimization        ;           ;                ;                                      ;                  ;                       ;
; state_array~1921                                                                ; Modified   ; Physical Synthesis                                ; Timing optimization        ;           ;                ;                                      ;                  ;                       ;
; state_array~1935                                                                ; Modified   ; Physical Synthesis                                ; Timing optimization        ;           ;                ;                                      ;                  ;                       ;
; state_array~1949                                                                ; Modified   ; Physical Synthesis                                ; Timing optimization        ;           ;                ;                                      ;                  ;                       ;
; state_array~1971                                                                ; Modified   ; Physical Synthesis                                ; Timing optimization        ;           ;                ;                                      ;                  ;                       ;
; state_array~1985                                                                ; Modified   ; Physical Synthesis                                ; Timing optimization        ;           ;                ;                                      ;                  ;                       ;
; state_array~1997                                                                ; Modified   ; Physical Synthesis                                ; Timing optimization        ;           ;                ;                                      ;                  ;                       ;
; state_array~2029                                                                ; Modified   ; Physical Synthesis                                ; Timing optimization        ;           ;                ;                                      ;                  ;                       ;
; state_array~2043                                                                ; Modified   ; Physical Synthesis                                ; Timing optimization        ;           ;                ;                                      ;                  ;                       ;
; state_array~2075                                                                ; Modified   ; Physical Synthesis                                ; Timing optimization        ;           ;                ;                                      ;                  ;                       ;
; state_array~2117                                                                ; Modified   ; Physical Synthesis                                ; Timing optimization        ;           ;                ;                                      ;                  ;                       ;
; state_array~2131                                                                ; Modified   ; Physical Synthesis                                ; Timing optimization        ;           ;                ;                                      ;                  ;                       ;
; state_array~2153                                                                ; Modified   ; Physical Synthesis                                ; Timing optimization        ;           ;                ;                                      ;                  ;                       ;
; state_array~2167                                                                ; Modified   ; Physical Synthesis                                ; Timing optimization        ;           ;                ;                                      ;                  ;                       ;
; state_array~2201                                                                ; Modified   ; Physical Synthesis                                ; Timing optimization        ;           ;                ;                                      ;                  ;                       ;
; state_array~2215                                                                ; Modified   ; Physical Synthesis                                ; Timing optimization        ;           ;                ;                                      ;                  ;                       ;
; state_array~2229                                                                ; Modified   ; Physical Synthesis                                ; Timing optimization        ;           ;                ;                                      ;                  ;                       ;
; state_array~2251                                                                ; Modified   ; Physical Synthesis                                ; Timing optimization        ;           ;                ;                                      ;                  ;                       ;
; state_array~2265                                                                ; Modified   ; Physical Synthesis                                ; Timing optimization        ;           ;                ;                                      ;                  ;                       ;
; state_array~2277                                                                ; Modified   ; Physical Synthesis                                ; Timing optimization        ;           ;                ;                                      ;                  ;                       ;
; state_array~2299                                                                ; Modified   ; Physical Synthesis                                ; Timing optimization        ;           ;                ;                                      ;                  ;                       ;
; state_array~2313                                                                ; Modified   ; Physical Synthesis                                ; Timing optimization        ;           ;                ;                                      ;                  ;                       ;
; state_array~2327                                                                ; Modified   ; Physical Synthesis                                ; Timing optimization        ;           ;                ;                                      ;                  ;                       ;
; state_array~2349                                                                ; Modified   ; Physical Synthesis                                ; Timing optimization        ;           ;                ;                                      ;                  ;                       ;
; state_array~2363                                                                ; Modified   ; Physical Synthesis                                ; Timing optimization        ;           ;                ;                                      ;                  ;                       ;
; state_array~2375                                                                ; Modified   ; Physical Synthesis                                ; Timing optimization        ;           ;                ;                                      ;                  ;                       ;
; state_array~2407                                                                ; Modified   ; Physical Synthesis                                ; Timing optimization        ;           ;                ;                                      ;                  ;                       ;
; state_array~2421                                                                ; Modified   ; Physical Synthesis                                ; Timing optimization        ;           ;                ;                                      ;                  ;                       ;
; state_array~2453                                                                ; Modified   ; Physical Synthesis                                ; Timing optimization        ;           ;                ;                                      ;                  ;                       ;
; state_array~2495                                                                ; Modified   ; Physical Synthesis                                ; Timing optimization        ;           ;                ;                                      ;                  ;                       ;
; state_array~2531                                                                ; Modified   ; Physical Synthesis                                ; Timing optimization        ;           ;                ;                                      ;                  ;                       ;
; state_array~2545                                                                ; Modified   ; Physical Synthesis                                ; Timing optimization        ;           ;                ;                                      ;                  ;                       ;
; state_array~2579                                                                ; Modified   ; Physical Synthesis                                ; Timing optimization        ;           ;                ;                                      ;                  ;                       ;
; state_array~2593                                                                ; Modified   ; Physical Synthesis                                ; Timing optimization        ;           ;                ;                                      ;                  ;                       ;
; state_array~2607                                                                ; Modified   ; Physical Synthesis                                ; Timing optimization        ;           ;                ;                                      ;                  ;                       ;
; state_array~2629                                                                ; Modified   ; Physical Synthesis                                ; Timing optimization        ;           ;                ;                                      ;                  ;                       ;
; state_array~2643                                                                ; Modified   ; Physical Synthesis                                ; Timing optimization        ;           ;                ;                                      ;                  ;                       ;
; state_array~2655                                                                ; Modified   ; Physical Synthesis                                ; Timing optimization        ;           ;                ;                                      ;                  ;                       ;
; state_array~2677                                                                ; Modified   ; Physical Synthesis                                ; Timing optimization        ;           ;                ;                                      ;                  ;                       ;
; state_array~2691                                                                ; Modified   ; Physical Synthesis                                ; Timing optimization        ;           ;                ;                                      ;                  ;                       ;
; state_array~2705                                                                ; Modified   ; Physical Synthesis                                ; Timing optimization        ;           ;                ;                                      ;                  ;                       ;
; state_array~2727                                                                ; Modified   ; Physical Synthesis                                ; Timing optimization        ;           ;                ;                                      ;                  ;                       ;
; state_array~2741                                                                ; Modified   ; Physical Synthesis                                ; Timing optimization        ;           ;                ;                                      ;                  ;                       ;
; state_array~2753                                                                ; Modified   ; Physical Synthesis                                ; Timing optimization        ;           ;                ;                                      ;                  ;                       ;
; state_array~2785                                                                ; Modified   ; Physical Synthesis                                ; Timing optimization        ;           ;                ;                                      ;                  ;                       ;
; state_array~2799                                                                ; Modified   ; Physical Synthesis                                ; Timing optimization        ;           ;                ;                                      ;                  ;                       ;
; state_array~2821                                                                ; Modified   ; Physical Synthesis                                ; Timing optimization        ;           ;                ;                                      ;                  ;                       ;
; state_array~2831                                                                ; Modified   ; Physical Synthesis                                ; Timing optimization        ;           ;                ;                                      ;                  ;                       ;
; state.STATE_SUFFIX_PADDING                                                      ; Duplicated ; Router Logic Cell Insertion and Logic Duplication ; Routability optimization   ;           ;                ; state.STATE_SUFFIX_PADDING~DUPLICATE ;                  ;                       ;
+---------------------------------------------------------------------------------+------------+---------------------------------------------------+----------------------------+-----------+----------------+--------------------------------------+------------------+-----------------------+


+---------------------------------------------------------------------------------------------------+
; Incremental Compilation Preservation Summary                                                      ;
+---------------------+---------------------+----------------------------+--------------------------+
; Type                ; Total [A + B]       ; From Design Partitions [A] ; From Rapid Recompile [B] ;
+---------------------+---------------------+----------------------------+--------------------------+
; Placement (by node) ;                     ;                            ;                          ;
;     -- Requested    ; 0.00 % ( 0 / 7636 ) ; 0.00 % ( 0 / 7636 )        ; 0.00 % ( 0 / 7636 )      ;
;     -- Achieved     ; 0.00 % ( 0 / 7636 ) ; 0.00 % ( 0 / 7636 )        ; 0.00 % ( 0 / 7636 )      ;
;                     ;                     ;                            ;                          ;
; Routing (by net)    ;                     ;                            ;                          ;
;     -- Requested    ; 0.00 % ( 0 / 0 )    ; 0.00 % ( 0 / 0 )           ; 0.00 % ( 0 / 0 )         ;
;     -- Achieved     ; 0.00 % ( 0 / 0 )    ; 0.00 % ( 0 / 0 )           ; 0.00 % ( 0 / 0 )         ;
+---------------------+---------------------+----------------------------+--------------------------+


+----------------------------------------------------------------------------------------------------------------------------------------------------------------------------------------+
; Incremental Compilation Partition Settings                                                                                                                                             ;
+--------------------------------+----------------+-------------------+-------------------------+------------------------+------------------------------+--------------------------------+
; Partition Name                 ; Partition Type ; Netlist Type Used ; Preservation Level Used ; Netlist Type Requested ; Preservation Level Requested ; Contents                       ;
+--------------------------------+----------------+-------------------+-------------------------+------------------------+------------------------------+--------------------------------+
; Top                            ; User-created   ; Source File       ; N/A                     ; Source File            ; N/A                          ;                                ;
; hard_block:auto_generated_inst ; Auto-generated ; Source File       ; N/A                     ; Source File            ; N/A                          ; hard_block:auto_generated_inst ;
+--------------------------------+----------------+-------------------+-------------------------+------------------------+------------------------------+--------------------------------+


+------------------------------------------------------------------------------------------------------------------------------------+
; Incremental Compilation Placement Preservation                                                                                     ;
+--------------------------------+-----------------------+-------------------------+-------------------+---------------------+-------+
; Partition Name                 ; Preservation Achieved ; Preservation Level Used ; Netlist Type Used ; Preservation Method ; Notes ;
+--------------------------------+-----------------------+-------------------------+-------------------+---------------------+-------+
; Top                            ; 0.00 % ( 0 / 7636 )   ; N/A                     ; Source File       ; N/A                 ;       ;
; hard_block:auto_generated_inst ; 0.00 % ( 0 / 0 )      ; N/A                     ; Source File       ; N/A                 ;       ;
+--------------------------------+-----------------------+-------------------------+-------------------+---------------------+-------+


+--------------+
; Pin-Out File ;
+--------------+
The pin-out file can be found in D:/GitHub/dilithium-hp-hw/quartus/performance/output_files/keccak_performance.pin.


+---------------------------------------------------------------------------------------------+
; Fitter Resource Usage Summary                                                               ;
+-------------------------------------------------------------+-----------------------+-------+
; Resource                                                    ; Usage                 ; %     ;
+-------------------------------------------------------------+-----------------------+-------+
; Logic utilization (ALMs needed / total ALMs on device)      ; 4,265 / 56,480        ; 8 %   ;
; ALMs needed [=A-B+C]                                        ; 4,265                 ;       ;
;     [A] ALMs used in final placement [=a+b+c+d]             ; 4,368 / 56,480        ; 8 %   ;
;         [a] ALMs used for LUT logic and registers           ; 836                   ;       ;
;         [b] ALMs used for LUT logic                         ; 3,531                 ;       ;
;         [c] ALMs used for registers                         ; 1                     ;       ;
;         [d] ALMs used for memory (up to half of total ALMs) ; 0                     ;       ;
;     [B] Estimate of ALMs recoverable by dense packing       ; 247 / 56,480          ; < 1 % ;
;     [C] Estimate of ALMs unavailable [=a+b+c+d]             ; 144 / 56,480          ; < 1 % ;
;         [a] Due to location constrained logic               ; 0                     ;       ;
;         [b] Due to LAB-wide signal conflicts                ; 0                     ;       ;
;         [c] Due to LAB input limits                         ; 57                    ;       ;
;         [d] Due to virtual I/Os                             ; 87                    ;       ;
;                                                             ;                       ;       ;
; Difficulty packing design                                   ; Low                   ;       ;
;                                                             ;                       ;       ;
; Total LABs:  partially or completely used                   ; 529 / 5,648           ; 9 %   ;
;     -- Logic LABs                                           ; 529                   ;       ;
;     -- Memory LABs (up to half of total LABs)               ; 0                     ;       ;
;                                                             ;                       ;       ;
; Combinational ALUT usage for logic                          ; 5,951                 ;       ;
;     -- 7 input functions                                    ; 99                    ;       ;
;     -- 6 input functions                                    ; 2,416                 ;       ;
;     -- 5 input functions                                    ; 963                   ;       ;
;     -- 4 input functions                                    ; 355                   ;       ;
;     -- <=3 input functions                                  ; 2,118                 ;       ;
; Combinational ALUT usage for route-throughs                 ; 0                     ;       ;
;                                                             ;                       ;       ;
; Dedicated logic registers                                   ; 1,674                 ;       ;
;     -- By type:                                             ;                       ;       ;
;         -- Primary logic registers                          ; 1,673 / 112,960       ; 1 %   ;
;         -- Secondary logic registers                        ; 1 / 112,960           ; < 1 % ;
;     -- By function:                                         ;                       ;       ;
;         -- Design implementation registers                  ; 1,673                 ;       ;
;         -- Routing optimization registers                   ; 1                     ;       ;
;                                                             ;                       ;       ;
; Virtual pins                                                ; 174                   ;       ;
; I/O pins                                                    ; 1 / 268               ; < 1 % ;
;     -- Clock pins                                           ; 1 / 11                ; 9 %   ;
;     -- Dedicated input pins                                 ; 0 / 23                ; 0 %   ;
;                                                             ;                       ;       ;
; M10K blocks                                                 ; 0 / 686               ; 0 %   ;
; Total MLAB memory bits                                      ; 0                     ;       ;
; Total block memory bits                                     ; 0 / 7,024,640         ; 0 %   ;
; Total block memory implementation bits                      ; 0 / 7,024,640         ; 0 %   ;
;                                                             ;                       ;       ;
; Total DSP Blocks                                            ; 0 / 156               ; 0 %   ;
;                                                             ;                       ;       ;
; Fractional PLLs                                             ; 0 / 7                 ; 0 %   ;
; Global signals                                              ; 2                     ;       ;
;     -- Global clocks                                        ; 2 / 16                ; 13 %  ;
;     -- Quadrant clocks                                      ; 0 / 88                ; 0 %   ;
;     -- Horizontal periphery clocks                          ; 0 / 18                ; 0 %   ;
; SERDES Transmitters                                         ; 0 / 120               ; 0 %   ;
; SERDES Receivers                                            ; 0 / 120               ; 0 %   ;
; JTAGs                                                       ; 0 / 1                 ; 0 %   ;
; ASMI blocks                                                 ; 0 / 1                 ; 0 %   ;
; CRC blocks                                                  ; 0 / 1                 ; 0 %   ;
; Remote update blocks                                        ; 0 / 1                 ; 0 %   ;
; Oscillator blocks                                           ; 0 / 1                 ; 0 %   ;
; Hard IPs                                                    ; 0 / 1                 ; 0 %   ;
; Standard RX PCSs                                            ; 0 / 6                 ; 0 %   ;
; HSSI PMA RX Deserializers                                   ; 0 / 6                 ; 0 %   ;
; Standard TX PCSs                                            ; 0 / 6                 ; 0 %   ;
; HSSI PMA TX Serializers                                     ; 0 / 6                 ; 0 %   ;
; Channel PLLs                                                ; 0 / 6                 ; 0 %   ;
; Impedance control blocks                                    ; 0 / 3                 ; 0 %   ;
; Hard Memory Controllers                                     ; 0 / 2                 ; 0 %   ;
; Average interconnect usage (total/H/V)                      ; 4.5% / 4.5% / 4.6%    ;       ;
; Peak interconnect usage (total/H/V)                         ; 49.7% / 49.9% / 49.2% ;       ;
; Maximum fan-out                                             ; 1983                  ;       ;
; Highest non-global fan-out                                  ; 1983                  ;       ;
; Total fan-out                                               ; 35136                 ;       ;
; Average fan-out                                             ; 4.50                  ;       ;
+-------------------------------------------------------------+-----------------------+-------+


+----------------------------------------------------------------------------------------------------------------------+
; Fitter Partition Statistics                                                                                          ;
+-------------------------------------------------------------+-----------------------+--------------------------------+
; Statistic                                                   ; Top                   ; hard_block:auto_generated_inst ;
+-------------------------------------------------------------+-----------------------+--------------------------------+
; Logic utilization (ALMs needed / total ALMs on device)      ; 4265 / 56480 ( 8 % )  ; 0 / 56480 ( 0 % )              ;
; ALMs needed [=A-B+C]                                        ; 4265                  ; 0                              ;
;     [A] ALMs used in final placement [=a+b+c+d]             ; 4368 / 56480 ( 8 % )  ; 0 / 56480 ( 0 % )              ;
;         [a] ALMs used for LUT logic and registers           ; 836                   ; 0                              ;
;         [b] ALMs used for LUT logic                         ; 3531                  ; 0                              ;
;         [c] ALMs used for registers                         ; 1                     ; 0                              ;
;         [d] ALMs used for memory (up to half of total ALMs) ; 0                     ; 0                              ;
;     [B] Estimate of ALMs recoverable by dense packing       ; 247 / 56480 ( < 1 % ) ; 0 / 56480 ( 0 % )              ;
;     [C] Estimate of ALMs unavailable [=a+b+c+d]             ; 144 / 56480 ( < 1 % ) ; 0 / 56480 ( 0 % )              ;
;         [a] Due to location constrained logic               ; 0                     ; 0                              ;
;         [b] Due to LAB-wide signal conflicts                ; 0                     ; 0                              ;
;         [c] Due to LAB input limits                         ; 57                    ; 0                              ;
;         [d] Due to virtual I/Os                             ; 87                    ; 0                              ;
;                                                             ;                       ;                                ;
; Difficulty packing design                                   ; Low                   ; Low                            ;
;                                                             ;                       ;                                ;
; Total LABs:  partially or completely used                   ; 529 / 5648 ( 9 % )    ; 0 / 5648 ( 0 % )               ;
;     -- Logic LABs                                           ; 529                   ; 0                              ;
;     -- Memory LABs (up to half of total LABs)               ; 0                     ; 0                              ;
;                                                             ;                       ;                                ;
; Combinational ALUT usage for logic                          ; 5951                  ; 0                              ;
;     -- 7 input functions                                    ; 99                    ; 0                              ;
;     -- 6 input functions                                    ; 2416                  ; 0                              ;
;     -- 5 input functions                                    ; 963                   ; 0                              ;
;     -- 4 input functions                                    ; 355                   ; 0                              ;
;     -- <=3 input functions                                  ; 2118                  ; 0                              ;
; Combinational ALUT usage for route-throughs                 ; 0                     ; 0                              ;
; Memory ALUT usage                                           ; 0                     ; 0                              ;
;     -- 64-address deep                                      ; 0                     ; 0                              ;
;     -- 32-address deep                                      ; 0                     ; 0                              ;
;                                                             ;                       ;                                ;
; Dedicated logic registers                                   ; 0                     ; 0                              ;
;     -- By type:                                             ;                       ;                                ;
;         -- Primary logic registers                          ; 1673 / 112960 ( 1 % ) ; 0 / 112960 ( 0 % )             ;
;         -- Secondary logic registers                        ; 1 / 112960 ( < 1 % )  ; 0 / 112960 ( 0 % )             ;
;     -- By function:                                         ;                       ;                                ;
;         -- Design implementation registers                  ; 1673                  ; 0                              ;
;         -- Routing optimization registers                   ; 1                     ; 0                              ;
;                                                             ;                       ;                                ;
;                                                             ;                       ;                                ;
; Virtual pins                                                ; 174                   ; 0                              ;
; I/O pins                                                    ; 1                     ; 0                              ;
; I/O registers                                               ; 0                     ; 0                              ;
; Total block memory bits                                     ; 0                     ; 0                              ;
; Total block memory implementation bits                      ; 0                     ; 0                              ;
; Clock enable block                                          ; 2 / 122 ( 1 % )       ; 0 / 122 ( 0 % )                ;
;                                                             ;                       ;                                ;
; Connections                                                 ;                       ;                                ;
;     -- Input Connections                                    ; 0                     ; 0                              ;
;     -- Registered Input Connections                         ; 0                     ; 0                              ;
;     -- Output Connections                                   ; 0                     ; 0                              ;
;     -- Registered Output Connections                        ; 0                     ; 0                              ;
;                                                             ;                       ;                                ;
; Internal Connections                                        ;                       ;                                ;
;     -- Total Connections                                    ; 35151                 ; 0                              ;
;     -- Registered Connections                               ; 11254                 ; 0                              ;
;                                                             ;                       ;                                ;
; External Connections                                        ;                       ;                                ;
;     -- Top                                                  ; 0                     ; 0                              ;
;     -- hard_block:auto_generated_inst                       ; 0                     ; 0                              ;
;                                                             ;                       ;                                ;
; Partition Interface                                         ;                       ;                                ;
;     -- Input Ports                                          ; 103                   ; 0                              ;
;     -- Output Ports                                         ; 72                    ; 0                              ;
;     -- Bidir Ports                                          ; 0                     ; 0                              ;
;                                                             ;                       ;                                ;
; Registered Ports                                            ;                       ;                                ;
;     -- Registered Input Ports                               ; 0                     ; 0                              ;
;     -- Registered Output Ports                              ; 0                     ; 0                              ;
;                                                             ;                       ;                                ;
; Port Connectivity                                           ;                       ;                                ;
;     -- Input Ports driven by GND                            ; 0                     ; 0                              ;
;     -- Output Ports driven by GND                           ; 0                     ; 0                              ;
;     -- Input Ports driven by VCC                            ; 0                     ; 0                              ;
;     -- Output Ports driven by VCC                           ; 0                     ; 0                              ;
;     -- Input Ports with no Source                           ; 0                     ; 0                              ;
;     -- Output Ports with no Source                          ; 0                     ; 0                              ;
;     -- Input Ports with no Fanout                           ; 0                     ; 0                              ;
;     -- Output Ports with no Fanout                          ; 0                     ; 0                              ;
+-------------------------------------------------------------+-----------------------+--------------------------------+


+-------------------------------------------------------------------------------------------------------------------------------------------------------------------------------------------------------------------------------------------------------------------------------------+
; Input Pins                                                                                                                                                                                                                                                                          ;
+------+-------+----------+--------------+--------------+--------------+-----------------------+--------------------+--------+----------------+-----------------+----------+--------------+--------------+-------------+---------------------------+----------------------+-----------+
; Name ; Pin # ; I/O Bank ; X coordinate ; Y coordinate ; Z coordinate ; Combinational Fan-Out ; Registered Fan-Out ; Global ; Input Register ; PCI I/O Enabled ; Bus Hold ; Weak Pull Up ; I/O Standard ; Termination ; Termination Control Block ; Location assigned by ; Slew Rate ;
+------+-------+----------+--------------+--------------+--------------+-----------------------+--------------------+--------+----------------+-----------------+----------+--------------+--------------+-------------+---------------------------+----------------------+-----------+
; clk  ; M16   ; 5B       ; 89           ; 35           ; 60           ; 1674                  ; 0                  ; yes    ; no             ; no              ; no       ; Off          ; 2.5 V        ; Off         ; --                        ; Fitter               ; no        ;
+------+-------+----------+--------------+--------------+--------------+-----------------------+--------------------+--------+----------------+-----------------+----------+--------------+--------------+-------------+---------------------------+----------------------+-----------+


+--------------------------------------------------------------------------+
; I/O Bank Usage                                                           ;
+----------+----------------+---------------+--------------+---------------+
; I/O Bank ; Usage          ; VCCIO Voltage ; VREF Voltage ; VCCPD Voltage ;
+----------+----------------+---------------+--------------+---------------+
; B2L      ; 0 / 0 ( -- )   ; --            ; --           ; --            ;
; B1L      ; 0 / 14 ( 0 % ) ; --            ; --           ; --            ;
; B0L      ; 0 / 14 ( 0 % ) ; --            ; --           ; --            ;
; 3A       ; 0 / 16 ( 0 % ) ; 2.5V          ; --           ; 2.5V          ;
; 3B       ; 0 / 32 ( 0 % ) ; 2.5V          ; --           ; 2.5V          ;
; 4A       ; 0 / 48 ( 0 % ) ; 2.5V          ; --           ; 2.5V          ;
; 5A       ; 0 / 16 ( 0 % ) ; 2.5V          ; --           ; 2.5V          ;
; 5B       ; 1 / 16 ( 6 % ) ; 2.5V          ; --           ; 2.5V          ;
; 7A       ; 0 / 80 ( 0 % ) ; 2.5V          ; --           ; 2.5V          ;
; 8A       ; 0 / 32 ( 0 % ) ; 2.5V          ; --           ; 2.5V          ;
+----------+----------------+---------------+--------------+---------------+


+-----------------------------------------------------------------------------------------------------------------------------------------------------------------------------+
; All Package Pins                                                                                                                                                            ;
+----------+------------+----------+---------------------------------+--------+--------------+---------------------+--------------+-----------------+----------+--------------+
; Location ; Pad Number ; I/O Bank ; Pin Name/Usage                  ; Dir.   ; I/O Standard ; Voltage             ; I/O Type     ; User Assignment ; Bus Hold ; Weak Pull Up ;
+----------+------------+----------+---------------------------------+--------+--------------+---------------------+--------------+-----------------+----------+--------------+
; A1       ;            ;          ; RREF                            ;        ;              ;                     ; --           ;                 ; --       ; --           ;
; A2       ; 538        ; 9A       ; ^MSEL2                          ;        ;              ;                     ; --           ;                 ; --       ; --           ;
; A3       ;            ; --       ; VCCBAT                          ; power  ;              ; 1.2V                ; --           ;                 ; --       ; --           ;
; A4       ; 540        ; 9A       ; ^nCONFIG                        ;        ;              ;                     ; --           ;                 ; --       ; --           ;
; A5       ; 466        ; 8A       ; RESERVED_INPUT_WITH_WEAK_PULLUP ;        ;              ;                     ; Column I/O   ;                 ; no       ; On           ;
; A6       ;            ; 8A       ; VCCIO8A                         ; power  ;              ; 2.5V                ; --           ;                 ; --       ; --           ;
; A7       ; 475        ; 8A       ; RESERVED_INPUT_WITH_WEAK_PULLUP ;        ;              ;                     ; Column I/O   ;                 ; no       ; On           ;
; A8       ; 473        ; 8A       ; RESERVED_INPUT_WITH_WEAK_PULLUP ;        ;              ;                     ; Column I/O   ;                 ; no       ; On           ;
; A9       ; 464        ; 8A       ; RESERVED_INPUT_WITH_WEAK_PULLUP ;        ;              ;                     ; Column I/O   ;                 ; no       ; On           ;
; A10      ; 462        ; 8A       ; RESERVED_INPUT_WITH_WEAK_PULLUP ;        ;              ;                     ; Column I/O   ;                 ; no       ; On           ;
; A11      ;            ;          ; GND                             ; gnd    ;              ;                     ; --           ;                 ; --       ; --           ;
; A12      ; 444        ; 7A       ; RESERVED_INPUT_WITH_WEAK_PULLUP ;        ;              ;                     ; Column I/O   ;                 ; no       ; On           ;
; A13      ; 432        ; 7A       ; RESERVED_INPUT_WITH_WEAK_PULLUP ;        ;              ;                     ; Column I/O   ;                 ; no       ; On           ;
; A14      ; 420        ; 7A       ; RESERVED_INPUT_WITH_WEAK_PULLUP ;        ;              ;                     ; Column I/O   ;                 ; no       ; On           ;
; A15      ; 418        ; 7A       ; RESERVED_INPUT_WITH_WEAK_PULLUP ;        ;              ;                     ; Column I/O   ;                 ; no       ; On           ;
; A16      ;            ; 7A       ; VCCIO7A                         ; power  ;              ; 2.5V                ; --           ;                 ; --       ; --           ;
; A17      ; 403        ; 7A       ; RESERVED_INPUT_WITH_WEAK_PULLUP ;        ;              ;                     ; Column I/O   ;                 ; no       ; On           ;
; A18      ; 401        ; 7A       ; RESERVED_INPUT_WITH_WEAK_PULLUP ;        ;              ;                     ; Column I/O   ;                 ; no       ; On           ;
; A19      ; 404        ; 7A       ; RESERVED_INPUT_WITH_WEAK_PULLUP ;        ;              ;                     ; Column I/O   ;                 ; no       ; On           ;
; A20      ; 402        ; 7A       ; RESERVED_INPUT_WITH_WEAK_PULLUP ;        ;              ;                     ; Column I/O   ;                 ; no       ; On           ;
; A21      ;            ;          ; GND                             ; gnd    ;              ;                     ; --           ;                 ; --       ; --           ;
; A22      ; 396        ; 7A       ; RESERVED_INPUT_WITH_WEAK_PULLUP ;        ;              ;                     ; Column I/O   ;                 ; no       ; On           ;
; AA1      ; 39         ; B0L      ; GND                             ;        ;              ;                     ; --           ;                 ; --       ; --           ;
; AA2      ; 38         ; B0L      ; GND                             ;        ;              ;                     ; --           ;                 ; --       ; --           ;
; AA3      ;            ;          ; GND                             ; gnd    ;              ;                     ; --           ;                 ; --       ; --           ;
; AA4      ;            ;          ; GND                             ; gnd    ;              ;                     ; --           ;                 ; --       ; --           ;
; AA5      ; 47         ; 3A       ; ^AS_DATA2, DATA2                ;        ;              ;                     ; Weak Pull Up ;                 ; --       ; On           ;
; AA6      ;            ;          ; GND                             ; gnd    ;              ;                     ; --           ;                 ; --       ; --           ;
; AA7      ; 105        ; 3B       ; RESERVED_INPUT_WITH_WEAK_PULLUP ;        ;              ;                     ; Column I/O   ;                 ; no       ; On           ;
; AA8      ; 108        ; 3B       ; RESERVED_INPUT_WITH_WEAK_PULLUP ;        ;              ;                     ; Column I/O   ;                 ; no       ; On           ;
; AA9      ; 115        ; 3B       ; RESERVED_INPUT_WITH_WEAK_PULLUP ;        ;              ;                     ; Column I/O   ;                 ; no       ; On           ;
; AA10     ; 113        ; 3B       ; RESERVED_INPUT_WITH_WEAK_PULLUP ;        ;              ;                     ; Column I/O   ;                 ; no       ; On           ;
; AA11     ;            ;          ; GND                             ; gnd    ;              ;                     ; --           ;                 ; --       ; --           ;
; AA12     ; 131        ; 3B       ; RESERVED_INPUT_WITH_WEAK_PULLUP ;        ;              ;                     ; Column I/O   ;                 ; no       ; On           ;
; AA13     ; 139        ; 4A       ; RESERVED_INPUT_WITH_WEAK_PULLUP ;        ;              ;                     ; Column I/O   ;                 ; no       ; On           ;
; AA14     ; 137        ; 4A       ; RESERVED_INPUT_WITH_WEAK_PULLUP ;        ;              ;                     ; Column I/O   ;                 ; no       ; On           ;
; AA15     ; 142        ; 4A       ; RESERVED_INPUT_WITH_WEAK_PULLUP ;        ;              ;                     ; Column I/O   ;                 ; no       ; On           ;
; AA16     ;            ; 4A       ; VCCIO4A                         ; power  ;              ; 2.5V                ; --           ;                 ; --       ; --           ;
; AA17     ; 153        ; 4A       ; RESERVED_INPUT_WITH_WEAK_PULLUP ;        ;              ;                     ; Column I/O   ;                 ; no       ; On           ;
; AA18     ; 155        ; 4A       ; RESERVED_INPUT_WITH_WEAK_PULLUP ;        ;              ;                     ; Column I/O   ;                 ; no       ; On           ;
; AA19     ; 156        ; 4A       ; RESERVED_INPUT_WITH_WEAK_PULLUP ;        ;              ;                     ; Column I/O   ;                 ; no       ; On           ;
; AA20     ; 158        ; 4A       ; RESERVED_INPUT_WITH_WEAK_PULLUP ;        ;              ;                     ; Column I/O   ;                 ; no       ; On           ;
; AA21     ;            ; 4A       ; VCCIO4A                         ; power  ;              ; 2.5V                ; --           ;                 ; --       ; --           ;
; AA22     ; 163        ; 4A       ; RESERVED_INPUT_WITH_WEAK_PULLUP ;        ;              ;                     ; Column I/O   ;                 ; no       ; On           ;
; AB1      ;            ;          ; GND                             ; gnd    ;              ;                     ; --           ;                 ; --       ; --           ;
; AB2      ;            ;          ; GND                             ; gnd    ;              ;                     ; --           ;                 ; --       ; --           ;
; AB3      ; 49         ; 3A       ; ^AS_DATA1, DATA1                ;        ;              ;                     ; Weak Pull Up ;                 ; --       ; On           ;
; AB4      ; 51         ; 3A       ; ^AS_DATA0, ASDO, DATA0          ;        ;              ;                     ; Weak Pull Up ;                 ; --       ; On           ;
; AB5      ; 102        ; 3B       ; RESERVED_INPUT_WITH_WEAK_PULLUP ;        ;              ;                     ; Column I/O   ;                 ; no       ; On           ;
; AB6      ; 100        ; 3B       ; RESERVED_INPUT_WITH_WEAK_PULLUP ;        ;              ;                     ; Column I/O   ;                 ; no       ; On           ;
; AB7      ; 107        ; 3B       ; RESERVED_INPUT_WITH_WEAK_PULLUP ;        ;              ;                     ; Column I/O   ;                 ; no       ; On           ;
; AB8      ; 110        ; 3B       ; RESERVED_INPUT_WITH_WEAK_PULLUP ;        ;              ;                     ; Column I/O   ;                 ; no       ; On           ;
; AB9      ;            ;          ; GND                             ; gnd    ;              ;                     ; --           ;                 ; --       ; --           ;
; AB10     ; 124        ; 3B       ; RESERVED_INPUT_WITH_WEAK_PULLUP ;        ;              ;                     ; Column I/O   ;                 ; no       ; On           ;
; AB11     ; 126        ; 3B       ; RESERVED_INPUT_WITH_WEAK_PULLUP ;        ;              ;                     ; Column I/O   ;                 ; no       ; On           ;
; AB12     ; 134        ; 4A       ; RESERVED_INPUT_WITH_WEAK_PULLUP ;        ;              ;                     ; Column I/O   ;                 ; no       ; On           ;
; AB13     ; 132        ; 4A       ; RESERVED_INPUT_WITH_WEAK_PULLUP ;        ;              ;                     ; Column I/O   ;                 ; no       ; On           ;
; AB14     ;            ;          ; GND                             ; gnd    ;              ;                     ; --           ;                 ; --       ; --           ;
; AB15     ; 140        ; 4A       ; RESERVED_INPUT_WITH_WEAK_PULLUP ;        ;              ;                     ; Column I/O   ;                 ; no       ; On           ;
; AB16     ;            ; 4A       ; VREFB4AN0                       ; power  ;              ;                     ; --           ;                 ; --       ; --           ;
; AB17     ; 145        ; 4A       ; RESERVED_INPUT_WITH_WEAK_PULLUP ;        ;              ;                     ; Column I/O   ;                 ; no       ; On           ;
; AB18     ; 147        ; 4A       ; RESERVED_INPUT_WITH_WEAK_PULLUP ;        ;              ;                     ; Column I/O   ;                 ; no       ; On           ;
; AB19     ;            ;          ; GND                             ; gnd    ;              ;                     ; --           ;                 ; --       ; --           ;
; AB20     ; 148        ; 4A       ; RESERVED_INPUT_WITH_WEAK_PULLUP ;        ;              ;                     ; Column I/O   ;                 ; no       ; On           ;
; AB21     ; 150        ; 4A       ; RESERVED_INPUT_WITH_WEAK_PULLUP ;        ;              ;                     ; Column I/O   ;                 ; no       ; On           ;
; AB22     ; 161        ; 4A       ; RESERVED_INPUT_WITH_WEAK_PULLUP ;        ;              ;                     ; Column I/O   ;                 ; no       ; On           ;
; B1       ;            ;          ; GND                             ; gnd    ;              ;                     ; --           ;                 ; --       ; --           ;
; B2       ;            ;          ; GND                             ; gnd    ;              ;                     ; --           ;                 ; --       ; --           ;
; B3       ;            ;          ; DNU                             ;        ;              ;                     ; --           ;                 ; --       ; --           ;
; B4       ;            ;          ; DNU                             ;        ;              ;                     ; --           ;                 ; --       ; --           ;
; B5       ; 468        ; 8A       ; RESERVED_INPUT_WITH_WEAK_PULLUP ;        ;              ;                     ; Column I/O   ;                 ; no       ; On           ;
; B6       ; 470        ; 8A       ; RESERVED_INPUT_WITH_WEAK_PULLUP ;        ;              ;                     ; Column I/O   ;                 ; no       ; On           ;
; B7       ; 472        ; 8A       ; RESERVED_INPUT_WITH_WEAK_PULLUP ;        ;              ;                     ; Column I/O   ;                 ; no       ; On           ;
; B8       ;            ; 8A       ; VREFB8AN0                       ; power  ;              ;                     ; --           ;                 ; --       ; --           ;
; B9       ;            ;          ; GND                             ; gnd    ;              ;                     ; --           ;                 ; --       ; --           ;
; B10      ; 465        ; 8A       ; RESERVED_INPUT_WITH_WEAK_PULLUP ;        ;              ;                     ; Column I/O   ;                 ; no       ; On           ;
; B11      ; 452        ; 7A       ; RESERVED_INPUT_WITH_WEAK_PULLUP ;        ;              ;                     ; Column I/O   ;                 ; no       ; On           ;
; B12      ; 442        ; 7A       ; RESERVED_INPUT_WITH_WEAK_PULLUP ;        ;              ;                     ; Column I/O   ;                 ; no       ; On           ;
; B13      ; 430        ; 7A       ; RESERVED_INPUT_WITH_WEAK_PULLUP ;        ;              ;                     ; Column I/O   ;                 ; no       ; On           ;
; B14      ;            ;          ; GND                             ; gnd    ;              ;                     ; --           ;                 ; --       ; --           ;
; B15      ; 427        ; 7A       ; RESERVED_INPUT_WITH_WEAK_PULLUP ;        ;              ;                     ; Column I/O   ;                 ; no       ; On           ;
; B16      ; 406        ; 7A       ; RESERVED_INPUT_WITH_WEAK_PULLUP ;        ;              ;                     ; Column I/O   ;                 ; no       ; On           ;
; B17      ; 384        ; 7A       ; RESERVED_INPUT_WITH_WEAK_PULLUP ;        ;              ;                     ; Column I/O   ;                 ; no       ; On           ;
; B18      ; 382        ; 7A       ; RESERVED_INPUT_WITH_WEAK_PULLUP ;        ;              ;                     ; Column I/O   ;                 ; no       ; On           ;
; B19      ;            ; 7A       ; VCCIO7A                         ; power  ;              ; 2.5V                ; --           ;                 ; --       ; --           ;
; B20      ; 380        ; 7A       ; RESERVED_INPUT_WITH_WEAK_PULLUP ;        ;              ;                     ; Column I/O   ;                 ; no       ; On           ;
; B21      ; 387        ; 7A       ; RESERVED_INPUT_WITH_WEAK_PULLUP ;        ;              ;                     ; Column I/O   ;                 ; no       ; On           ;
; B22      ; 394        ; 7A       ; RESERVED_INPUT_WITH_WEAK_PULLUP ;        ;              ;                     ; Column I/O   ;                 ; no       ; On           ;
; C1       ; 19         ; B1L      ; GND                             ;        ;              ;                     ; --           ;                 ; --       ; --           ;
; C2       ; 18         ; B1L      ; GND                             ;        ;              ;                     ; --           ;                 ; --       ; --           ;
; C3       ;            ;          ; GND                             ; gnd    ;              ;                     ; --           ;                 ; --       ; --           ;
; C4       ;            ;          ; GND                             ; gnd    ;              ;                     ; --           ;                 ; --       ; --           ;
; C5       ; 542        ; 9A       ; ^GND                            ;        ;              ;                     ; --           ;                 ; --       ; --           ;
; C6       ; 474        ; 8A       ; RESERVED_INPUT_WITH_WEAK_PULLUP ;        ;              ;                     ; Column I/O   ;                 ; no       ; On           ;
; C7       ;            ; 8A       ; VCCIO8A                         ; power  ;              ; 2.5V                ; --           ;                 ; --       ; --           ;
; C8       ; 480        ; 8A       ; RESERVED_INPUT_WITH_WEAK_PULLUP ;        ;              ;                     ; Column I/O   ;                 ; no       ; On           ;
; C9       ; 467        ; 8A       ; RESERVED_INPUT_WITH_WEAK_PULLUP ;        ;              ;                     ; Column I/O   ;                 ; no       ; On           ;
; C10      ;            ; 7A, 8A   ; VCCPD7A8A                       ; power  ;              ; 2.5V                ; --           ;                 ; --       ; --           ;
; C11      ; 450        ; 7A       ; RESERVED_INPUT_WITH_WEAK_PULLUP ;        ;              ;                     ; Column I/O   ;                 ; no       ; On           ;
; C12      ;            ; 7A       ; VCCIO7A                         ; power  ;              ; 2.5V                ; --           ;                 ; --       ; --           ;
; C13      ; 443        ; 7A       ; RESERVED_INPUT_WITH_WEAK_PULLUP ;        ;              ;                     ; Column I/O   ;                 ; no       ; On           ;
; C14      ;            ; 7A       ; VREFB7AN0                       ; power  ;              ;                     ; --           ;                 ; --       ; --           ;
; C15      ; 425        ; 7A       ; RESERVED_INPUT_WITH_WEAK_PULLUP ;        ;              ;                     ; Column I/O   ;                 ; no       ; On           ;
; C16      ; 408        ; 7A       ; RESERVED_INPUT_WITH_WEAK_PULLUP ;        ;              ;                     ; Column I/O   ;                 ; no       ; On           ;
; C17      ;            ;          ; GND                             ; gnd    ;              ;                     ; --           ;                 ; --       ; --           ;
; C18      ; 395        ; 7A       ; RESERVED_INPUT_WITH_WEAK_PULLUP ;        ;              ;                     ; Column I/O   ;                 ; no       ; On           ;
; C19      ; 393        ; 7A       ; RESERVED_INPUT_WITH_WEAK_PULLUP ;        ;              ;                     ; Column I/O   ;                 ; no       ; On           ;
; C20      ; 378        ; 7A       ; RESERVED_INPUT_WITH_WEAK_PULLUP ;        ;              ;                     ; Column I/O   ;                 ; no       ; On           ;
; C21      ; 385        ; 7A       ; RESERVED_INPUT_WITH_WEAK_PULLUP ;        ;              ;                     ; Column I/O   ;                 ; no       ; On           ;
; C22      ;            ; 7A       ; VCCIO7A                         ; power  ;              ; 2.5V                ; --           ;                 ; --       ; --           ;
; D1       ;            ;          ; GND                             ; gnd    ;              ;                     ; --           ;                 ; --       ; --           ;
; D2       ;            ;          ; GND                             ; gnd    ;              ;                     ; --           ;                 ; --       ; --           ;
; D3       ; 16         ; B1L      ; GXB_NC                          ;        ;              ;                     ; --           ;                 ; --       ; --           ;
; D4       ; 17         ; B1L      ; GXB_NC                          ;        ;              ;                     ; --           ;                 ; --       ; --           ;
; D5       ;            ;          ; GND                             ; gnd    ;              ;                     ; --           ;                 ; --       ; --           ;
; D6       ; 476        ; 8A       ; RESERVED_INPUT_WITH_WEAK_PULLUP ;        ;              ;                     ; Column I/O   ;                 ; no       ; On           ;
; D7       ; 478        ; 8A       ; RESERVED_INPUT_WITH_WEAK_PULLUP ;        ;              ;                     ; Column I/O   ;                 ; no       ; On           ;
; D8       ;            ; 7A, 8A   ; VCCPD7A8A                       ; power  ;              ; 2.5V                ; --           ;                 ; --       ; --           ;
; D9       ; 479        ; 8A       ; RESERVED_INPUT_WITH_WEAK_PULLUP ;        ;              ;                     ; Column I/O   ;                 ; no       ; On           ;
; D10      ;            ;          ; GND                             ; gnd    ;              ;                     ; --           ;                 ; --       ; --           ;
; D11      ;            ; --       ; VCC_AUX                         ; power  ;              ; 2.5V                ; --           ;                 ; --       ; --           ;
; D12      ; 449        ; 7A       ; RESERVED_INPUT_WITH_WEAK_PULLUP ;        ;              ;                     ; Column I/O   ;                 ; no       ; On           ;
; D13      ; 441        ; 7A       ; RESERVED_INPUT_WITH_WEAK_PULLUP ;        ;              ;                     ; Column I/O   ;                 ; no       ; On           ;
; D14      ;            ; 7A, 8A   ; VCCPD7A8A                       ; power  ;              ; 2.5V                ; --           ;                 ; --       ; --           ;
; D15      ;            ; 7A       ; VCCIO7A                         ; power  ;              ; 2.5V                ; --           ;                 ; --       ; --           ;
; D16      ;            ; 7A, 8A   ; VCCPD7A8A                       ; power  ;              ; 2.5V                ; --           ;                 ; --       ; --           ;
; D17      ; 409        ; 7A       ; RESERVED_INPUT_WITH_WEAK_PULLUP ;        ;              ;                     ; Column I/O   ;                 ; no       ; On           ;
; D18      ;            ; --       ; VCC_AUX                         ; power  ;              ; 2.5V                ; --           ;                 ; --       ; --           ;
; D19      ; 379        ; 7A       ; RESERVED_INPUT_WITH_WEAK_PULLUP ;        ;              ;                     ; Column I/O   ;                 ; no       ; On           ;
; D20      ;            ;          ; GND                             ; gnd    ;              ;                     ; --           ;                 ; --       ; --           ;
; D21      ; 376        ; 7A       ; RESERVED_INPUT_WITH_WEAK_PULLUP ;        ;              ;                     ; Column I/O   ;                 ; no       ; On           ;
; D22      ; 392        ; 7A       ; RESERVED_INPUT_WITH_WEAK_PULLUP ;        ;              ;                     ; Column I/O   ;                 ; no       ; On           ;
; E1       ; 20         ; B1L      ; GXB_NC                          ;        ;              ;                     ; --           ;                 ; --       ; --           ;
; E2       ; 21         ; B1L      ; GXB_NC                          ;        ;              ;                     ; --           ;                 ; --       ; --           ;
; E3       ;            ;          ; GND                             ; gnd    ;              ;                     ; --           ;                 ; --       ; --           ;
; E4       ;            ;          ; GND                             ; gnd    ;              ;                     ; --           ;                 ; --       ; --           ;
; E5       ; 539        ; 9A       ; ^MSEL3                          ;        ;              ;                     ; --           ;                 ; --       ; --           ;
; E6       ;            ; --       ; VCC_AUX                         ; power  ;              ; 2.5V                ; --           ;                 ; --       ; --           ;
; E7       ; 484        ; 8A       ; RESERVED_INPUT_WITH_WEAK_PULLUP ;        ;              ;                     ; Column I/O   ;                 ; no       ; On           ;
; E8       ;            ; 8A       ; VCCIO8A                         ; power  ;              ; 2.5V                ; --           ;                 ; --       ; --           ;
; E9       ; 477        ; 8A       ; RESERVED_INPUT_WITH_WEAK_PULLUP ;        ;              ;                     ; Column I/O   ;                 ; no       ; On           ;
; E10      ; 469        ; 8A       ; RESERVED_INPUT_WITH_WEAK_PULLUP ;        ;              ;                     ; Column I/O   ;                 ; no       ; On           ;
; E11      ;            ; 7A, 8A   ; VCCPD7A8A                       ; power  ;              ; 2.5V                ; --           ;                 ; --       ; --           ;
; E12      ; 451        ; 7A       ; RESERVED_INPUT_WITH_WEAK_PULLUP ;        ;              ;                     ; Column I/O   ;                 ; no       ; On           ;
; E13      ;            ;          ; GND                             ; gnd    ;              ;                     ; --           ;                 ; --       ; --           ;
; E14      ; 433        ; 7A       ; RESERVED_INPUT_WITH_WEAK_PULLUP ;        ;              ;                     ; Column I/O   ;                 ; no       ; On           ;
; E15      ; 417        ; 7A       ; RESERVED_INPUT_WITH_WEAK_PULLUP ;        ;              ;                     ; Column I/O   ;                 ; no       ; On           ;
; E16      ; 411        ; 7A       ; RESERVED_INPUT_WITH_WEAK_PULLUP ;        ;              ;                     ; Column I/O   ;                 ; no       ; On           ;
; E17      ;            ;          ; DNU                             ;        ;              ;                     ; --           ;                 ; --       ; --           ;
; E18      ;            ; 7A       ; VCCIO7A                         ; power  ;              ; 2.5V                ; --           ;                 ; --       ; --           ;
; E19      ; 377        ; 7A       ; RESERVED_INPUT_WITH_WEAK_PULLUP ;        ;              ;                     ; Column I/O   ;                 ; no       ; On           ;
; E20      ; 398        ; 7A       ; RESERVED_INPUT_WITH_WEAK_PULLUP ;        ;              ;                     ; Column I/O   ;                 ; no       ; On           ;
; E21      ; 374        ; 7A       ; RESERVED_INPUT_WITH_WEAK_PULLUP ;        ;              ;                     ; Column I/O   ;                 ; no       ; On           ;
; E22      ; 390        ; 7A       ; RESERVED_INPUT_WITH_WEAK_PULLUP ;        ;              ;                     ; Column I/O   ;                 ; no       ; On           ;
; F1       ;            ;          ; GND                             ; gnd    ;              ;                     ; --           ;                 ; --       ; --           ;
; F2       ;            ;          ; GND                             ; gnd    ;              ;                     ; --           ;                 ; --       ; --           ;
; F3       ; 541        ; 9A       ; ^MSEL4                          ;        ;              ;                     ; --           ;                 ; --       ; --           ;
; F4       ;            ; --       ; VCCA_FPLL                       ; power  ;              ; 2.5V                ; --           ;                 ; --       ; --           ;
; F5       ; 14         ; B1L      ; GND                             ;        ;              ;                     ; Row I/O      ;                 ; --       ; --           ;
; F6       ;            ;          ; GND                             ; gnd    ;              ;                     ; --           ;                 ; --       ; --           ;
; F7       ; 482        ; 8A       ; RESERVED_INPUT_WITH_WEAK_PULLUP ;        ;              ;                     ; Column I/O   ;                 ; no       ; On           ;
; F8       ;            ; --       ; VCCPGM                          ; power  ;              ; 1.8V/2.5V/3.0V/3.3V ; --           ;                 ; --       ; --           ;
; F9       ; 471        ; 8A       ; RESERVED_INPUT_WITH_WEAK_PULLUP ;        ;              ;                     ; Column I/O   ;                 ; no       ; On           ;
; F10      ; 455        ; 8A       ; RESERVED_INPUT_WITH_WEAK_PULLUP ;        ;              ;                     ; Column I/O   ;                 ; no       ; On           ;
; F11      ;            ; 7A       ; VCCIO7A                         ; power  ;              ; 2.5V                ; --           ;                 ; --       ; --           ;
; F12      ; 440        ; 7A       ; RESERVED_INPUT_WITH_WEAK_PULLUP ;        ;              ;                     ; Column I/O   ;                 ; no       ; On           ;
; F13      ; 435        ; 7A       ; RESERVED_INPUT_WITH_WEAK_PULLUP ;        ;              ;                     ; Column I/O   ;                 ; no       ; On           ;
; F14      ; 428        ; 7A       ; RESERVED_INPUT_WITH_WEAK_PULLUP ;        ;              ;                     ; Column I/O   ;                 ; no       ; On           ;
; F15      ; 419        ; 7A       ; RESERVED_INPUT_WITH_WEAK_PULLUP ;        ;              ;                     ; Column I/O   ;                 ; no       ; On           ;
; F16      ;            ;          ; GND                             ; gnd    ;              ;                     ; --           ;                 ; --       ; --           ;
; F17      ; 372        ; 7A       ; ^GND                            ;        ;              ;                     ; --           ;                 ; --       ; --           ;
; F18      ; 399        ; 7A       ; RESERVED_INPUT_WITH_WEAK_PULLUP ;        ;              ;                     ; Column I/O   ;                 ; no       ; On           ;
; F19      ; 397        ; 7A       ; RESERVED_INPUT_WITH_WEAK_PULLUP ;        ;              ;                     ; Column I/O   ;                 ; no       ; On           ;
; F20      ; 400        ; 7A       ; RESERVED_INPUT_WITH_WEAK_PULLUP ;        ;              ;                     ; Column I/O   ;                 ; no       ; On           ;
; F21      ;            ; 7A       ; VCCIO7A                         ; power  ;              ; 2.5V                ; --           ;                 ; --       ; --           ;
; F22      ; 388        ; 7A       ; RESERVED_INPUT_WITH_WEAK_PULLUP ;        ;              ;                     ; Column I/O   ;                 ; no       ; On           ;
; G1       ; 23         ; B1L      ; GND                             ;        ;              ;                     ; --           ;                 ; --       ; --           ;
; G2       ; 22         ; B1L      ; GND                             ;        ;              ;                     ; --           ;                 ; --       ; --           ;
; G3       ;            ;          ; GND                             ; gnd    ;              ;                     ; --           ;                 ; --       ; --           ;
; G4       ; 15         ; B1L      ; GND                             ;        ;              ;                     ; Row I/O      ;                 ; --       ; --           ;
; G5       ; 537        ; 9A       ; ^nCE                            ;        ;              ;                     ; --           ;                 ; --       ; --           ;
; G6       ; 481        ; 8A       ; RESERVED_INPUT_WITH_WEAK_PULLUP ;        ;              ;                     ; Column I/O   ;                 ; no       ; On           ;
; G7       ;            ; 8A       ; VCCIO8A                         ; power  ;              ; 2.5V                ; --           ;                 ; --       ; --           ;
; G8       ; 460        ; 8A       ; RESERVED_INPUT_WITH_WEAK_PULLUP ;        ;              ;                     ; Column I/O   ;                 ; no       ; On           ;
; G9       ;            ;          ; GND                             ; gnd    ;              ;                     ; --           ;                 ; --       ; --           ;
; G10      ; 453        ; 8A       ; RESERVED_INPUT_WITH_WEAK_PULLUP ;        ;              ;                     ; Column I/O   ;                 ; no       ; On           ;
; G11      ; 438        ; 7A       ; RESERVED_INPUT_WITH_WEAK_PULLUP ;        ;              ;                     ; Column I/O   ;                 ; no       ; On           ;
; G12      ; 447        ; 7A       ; RESERVED_INPUT_WITH_WEAK_PULLUP ;        ;              ;                     ; Column I/O   ;                 ; no       ; On           ;
; G13      ; 439        ; 7A       ; RESERVED_INPUT_WITH_WEAK_PULLUP ;        ;              ;                     ; Column I/O   ;                 ; no       ; On           ;
; G14      ;            ; 7A       ; VCCIO7A                         ; power  ;              ; 2.5V                ; --           ;                 ; --       ; --           ;
; G15      ; 426        ; 7A       ; RESERVED_INPUT_WITH_WEAK_PULLUP ;        ;              ;                     ; Column I/O   ;                 ; no       ; On           ;
; G16      ; 412        ; 7A       ; RESERVED_INPUT_WITH_WEAK_PULLUP ;        ;              ;                     ; Column I/O   ;                 ; no       ; On           ;
; G17      ; 410        ; 7A       ; RESERVED_INPUT_WITH_WEAK_PULLUP ;        ;              ;                     ; Column I/O   ;                 ; no       ; On           ;
; G18      ; 413        ; 7A       ; RESERVED_INPUT_WITH_WEAK_PULLUP ;        ;              ;                     ; Column I/O   ;                 ; no       ; On           ;
; G19      ;            ;          ; GND                             ; gnd    ;              ;                     ; --           ;                 ; --       ; --           ;
; G20      ; 389        ; 7A       ; RESERVED_INPUT_WITH_WEAK_PULLUP ;        ;              ;                     ; Column I/O   ;                 ; no       ; On           ;
; G21      ; 375        ; 7A       ; RESERVED_INPUT_WITH_WEAK_PULLUP ;        ;              ;                     ; Column I/O   ;                 ; no       ; On           ;
; G22      ; 386        ; 7A       ; RESERVED_INPUT_WITH_WEAK_PULLUP ;        ;              ;                     ; Column I/O   ;                 ; no       ; On           ;
; H1       ;            ;          ; GND                             ; gnd    ;              ;                     ; --           ;                 ; --       ; --           ;
; H2       ;            ;          ; GND                             ; gnd    ;              ;                     ; --           ;                 ; --       ; --           ;
; H3       ;            ;          ; GND                             ; gnd    ;              ;                     ; --           ;                 ; --       ; --           ;
; H4       ;            ;          ; GND                             ; gnd    ;              ;                     ; --           ;                 ; --       ; --           ;
; H5       ; 536        ; 9A       ; ^nSTATUS                        ;        ;              ;                     ; --           ;                 ; --       ; --           ;
; H6       ; 483        ; 8A       ; RESERVED_INPUT_WITH_WEAK_PULLUP ;        ;              ;                     ; Column I/O   ;                 ; no       ; On           ;
; H7       ;            ;          ; GND                             ; gnd    ;              ;                     ; --           ;                 ; --       ; --           ;
; H8       ; 458        ; 8A       ; RESERVED_INPUT_WITH_WEAK_PULLUP ;        ;              ;                     ; Column I/O   ;                 ; no       ; On           ;
; H9       ; 463        ; 8A       ; RESERVED_INPUT_WITH_WEAK_PULLUP ;        ;              ;                     ; Column I/O   ;                 ; no       ; On           ;
; H10      ; 436        ; 7A       ; RESERVED_INPUT_WITH_WEAK_PULLUP ;        ;              ;                     ; Column I/O   ;                 ; no       ; On           ;
; H11      ; 445        ; 7A       ; RESERVED_INPUT_WITH_WEAK_PULLUP ;        ;              ;                     ; Column I/O   ;                 ; no       ; On           ;
; H12      ;            ;          ; GND                             ; gnd    ;              ;                     ; --           ;                 ; --       ; --           ;
; H13      ; 437        ; 7A       ; RESERVED_INPUT_WITH_WEAK_PULLUP ;        ;              ;                     ; Column I/O   ;                 ; no       ; On           ;
; H14      ; 429        ; 7A       ; RESERVED_INPUT_WITH_WEAK_PULLUP ;        ;              ;                     ; Column I/O   ;                 ; no       ; On           ;
; H15      ; 423        ; 7A       ; RESERVED_INPUT_WITH_WEAK_PULLUP ;        ;              ;                     ; Column I/O   ;                 ; no       ; On           ;
; H16      ; 421        ; 7A       ; RESERVED_INPUT_WITH_WEAK_PULLUP ;        ;              ;                     ; Column I/O   ;                 ; no       ; On           ;
; H17      ;            ; 7A       ; VCCIO7A                         ; power  ;              ; 2.5V                ; --           ;                 ; --       ; --           ;
; H18      ; 415        ; 7A       ; RESERVED_INPUT_WITH_WEAK_PULLUP ;        ;              ;                     ; Column I/O   ;                 ; no       ; On           ;
; H19      ;            ; --       ; VCCA_FPLL                       ; power  ;              ; 2.5V                ; --           ;                 ; --       ; --           ;
; H20      ; 391        ; 7A       ; RESERVED_INPUT_WITH_WEAK_PULLUP ;        ;              ;                     ; Column I/O   ;                 ; no       ; On           ;
; H21      ; 373        ; 7A       ; RESERVED_INPUT_WITH_WEAK_PULLUP ;        ;              ;                     ; Column I/O   ;                 ; no       ; On           ;
; H22      ;            ;          ; GND                             ; gnd    ;              ;                     ; --           ;                 ; --       ; --           ;
; J1       ; 24         ; B1L      ; GXB_NC                          ;        ;              ;                     ; --           ;                 ; --       ; --           ;
; J2       ; 25         ; B1L      ; GXB_NC                          ;        ;              ;                     ; --           ;                 ; --       ; --           ;
; J3       ;            ;          ; GND                             ; gnd    ;              ;                     ; --           ;                 ; --       ; --           ;
; J4       ;            ; --       ; VCCE_GXBL                       ; power  ;              ; 1.1V                ; --           ;                 ; --       ; --           ;
; J5       ;            ;          ; GND                             ; gnd    ;              ;                     ; --           ;                 ; --       ; --           ;
; J6       ; 535        ; 9A       ; ^MSEL1                          ;        ;              ;                     ; --           ;                 ; --       ; --           ;
; J7       ; 457        ; 8A       ; RESERVED_INPUT_WITH_WEAK_PULLUP ;        ;              ;                     ; Column I/O   ;                 ; no       ; On           ;
; J8       ; 459        ; 8A       ; RESERVED_INPUT_WITH_WEAK_PULLUP ;        ;              ;                     ; Column I/O   ;                 ; no       ; On           ;
; J9       ; 461        ; 8A       ; RESERVED_INPUT_WITH_WEAK_PULLUP ;        ;              ;                     ; Column I/O   ;                 ; no       ; On           ;
; J10      ;            ; --       ; VCC                             ; power  ;              ; 1.1V                ; --           ;                 ; --       ; --           ;
; J11      ; 434        ; 7A       ; RESERVED_INPUT_WITH_WEAK_PULLUP ;        ;              ;                     ; Column I/O   ;                 ; no       ; On           ;
; J12      ;            ; --       ; VCC                             ; power  ;              ; 1.1V                ; --           ;                 ; --       ; --           ;
; J13      ; 431        ; 7A       ; RESERVED_INPUT_WITH_WEAK_PULLUP ;        ;              ;                     ; Column I/O   ;                 ; no       ; On           ;
; J14      ;            ; --       ; VCC                             ; power  ;              ; 1.1V                ; --           ;                 ; --       ; --           ;
; J15      ;            ;          ; GND                             ; gnd    ;              ;                     ; --           ;                 ; --       ; --           ;
; J16      ;            ; --       ; VCC                             ; power  ;              ; 1.1V                ; --           ;                 ; --       ; --           ;
; J17      ; 422        ; 7A       ; RESERVED_INPUT_WITH_WEAK_PULLUP ;        ;              ;                     ; Column I/O   ;                 ; no       ; On           ;
; J18      ; 416        ; 7A       ; RESERVED_INPUT_WITH_WEAK_PULLUP ;        ;              ;                     ; Column I/O   ;                 ; no       ; On           ;
; J19      ; 414        ; 7A       ; RESERVED_INPUT_WITH_WEAK_PULLUP ;        ;              ;                     ; Column I/O   ;                 ; no       ; On           ;
; J20      ;            ;          ; GND                             ; gnd    ;              ;                     ; --           ;                 ; --       ; --           ;
; J21      ; 381        ; 7A       ; RESERVED_INPUT_WITH_WEAK_PULLUP ;        ;              ;                     ; Column I/O   ;                 ; no       ; On           ;
; J22      ; 383        ; 7A       ; RESERVED_INPUT_WITH_WEAK_PULLUP ;        ;              ;                     ; Column I/O   ;                 ; no       ; On           ;
; K1       ;            ;          ; GND                             ; gnd    ;              ;                     ; --           ;                 ; --       ; --           ;
; K2       ;            ;          ; GND                             ; gnd    ;              ;                     ; --           ;                 ; --       ; --           ;
; K3       ;            ; --       ; VCCL_GXBL                       ; power  ;              ; 1.1V                ; --           ;                 ; --       ; --           ;
; K4       ;            ;          ; GND                             ; gnd    ;              ;                     ; --           ;                 ; --       ; --           ;
; K5       ;            ; --       ; VCCE_GXBL                       ; power  ;              ; 1.1V                ; --           ;                 ; --       ; --           ;
; K6       ; 534        ; 9A       ; ^CONF_DONE                      ;        ;              ;                     ; --           ;                 ; --       ; --           ;
; K7       ; 456        ; 8A       ; RESERVED_INPUT_WITH_WEAK_PULLUP ;        ;              ;                     ; Column I/O   ;                 ; no       ; On           ;
; K8       ;            ;          ; GND                             ; gnd    ;              ;                     ; --           ;                 ; --       ; --           ;
; K9       ; 448        ; 7A       ; RESERVED_INPUT_WITH_WEAK_PULLUP ;        ;              ;                     ; Column I/O   ;                 ; no       ; On           ;
; K10      ;            ;          ; GND                             ; gnd    ;              ;                     ; --           ;                 ; --       ; --           ;
; K11      ;            ; --       ; VCC                             ; power  ;              ; 1.1V                ; --           ;                 ; --       ; --           ;
; K12      ;            ;          ; GND                             ; gnd    ;              ;                     ; --           ;                 ; --       ; --           ;
; K13      ;            ; --       ; VCC                             ; power  ;              ; 1.1V                ; --           ;                 ; --       ; --           ;
; K14      ;            ;          ; GND                             ; gnd    ;              ;                     ; --           ;                 ; --       ; --           ;
; K15      ;            ; --       ; VCC                             ; power  ;              ; 1.1V                ; --           ;                 ; --       ; --           ;
; K16      ; 424        ; 7A       ; RESERVED_INPUT_WITH_WEAK_PULLUP ;        ;              ;                     ; Column I/O   ;                 ; no       ; On           ;
; K17      ; 284        ; 5B       ; RESERVED_INPUT_WITH_WEAK_PULLUP ;        ;              ;                     ; Row I/O      ;                 ; no       ; On           ;
; K18      ;            ; 5B       ; VCCIO5B                         ; power  ;              ; 2.5V                ; --           ;                 ; --       ; --           ;
; K19      ; 407        ; 7A       ; RESERVED_INPUT_WITH_WEAK_PULLUP ;        ;              ;                     ; Column I/O   ;                 ; no       ; On           ;
; K20      ; 405        ; 7A       ; RESERVED_INPUT_WITH_WEAK_PULLUP ;        ;              ;                     ; Column I/O   ;                 ; no       ; On           ;
; K21      ; 289        ; 5B       ; RESERVED_INPUT_WITH_WEAK_PULLUP ;        ;              ;                     ; Row I/O      ;                 ; no       ; On           ;
; K22      ; 291        ; 5B       ; RESERVED_INPUT_WITH_WEAK_PULLUP ;        ;              ;                     ; Row I/O      ;                 ; no       ; On           ;
; L1       ; 27         ; B1L      ; GND                             ;        ;              ;                     ; --           ;                 ; --       ; --           ;
; L2       ; 26         ; B1L      ; GND                             ;        ;              ;                     ; --           ;                 ; --       ; --           ;
; L3       ;            ;          ; GND                             ; gnd    ;              ;                     ; --           ;                 ; --       ; --           ;
; L4       ;            ; --       ; VCCE_GXBL                       ; power  ;              ; 1.1V                ; --           ;                 ; --       ; --           ;
; L5       ;            ;          ; GND                             ; gnd    ;              ;                     ; --           ;                 ; --       ; --           ;
; L6       ; 533        ; 9A       ; ^MSEL0                          ;        ;              ;                     ; --           ;                 ; --       ; --           ;
; L7       ; 454        ; 8A       ; RESERVED_INPUT_WITH_WEAK_PULLUP ;        ;              ;                     ; Column I/O   ;                 ; no       ; On           ;
; L8       ; 446        ; 7A       ; RESERVED_INPUT_WITH_WEAK_PULLUP ;        ;              ;                     ; Column I/O   ;                 ; no       ; On           ;
; L9       ;            ;          ; DNU                             ;        ;              ;                     ; --           ;                 ; --       ; --           ;
; L10      ;            ; --       ; VCC                             ; power  ;              ; 1.1V                ; --           ;                 ; --       ; --           ;
; L11      ;            ;          ; GND                             ; gnd    ;              ;                     ; --           ;                 ; --       ; --           ;
; L12      ;            ; --       ; VCC                             ; power  ;              ; 1.1V                ; --           ;                 ; --       ; --           ;
; L13      ;            ;          ; GND                             ; gnd    ;              ;                     ; --           ;                 ; --       ; --           ;
; L14      ;            ; --       ; VCC                             ; power  ;              ; 1.1V                ; --           ;                 ; --       ; --           ;
; L15      ;            ;          ; GND                             ; gnd    ;              ;                     ; --           ;                 ; --       ; --           ;
; L16      ;            ; --       ; VCC                             ; power  ;              ; 1.1V                ; --           ;                 ; --       ; --           ;
; L17      ; 286        ; 5B       ; RESERVED_INPUT_WITH_WEAK_PULLUP ;        ;              ;                     ; Row I/O      ;                 ; no       ; On           ;
; L18      ; 290        ; 5B       ; RESERVED_INPUT_WITH_WEAK_PULLUP ;        ;              ;                     ; Row I/O      ;                 ; no       ; On           ;
; L19      ; 288        ; 5B       ; RESERVED_INPUT_WITH_WEAK_PULLUP ;        ;              ;                     ; Row I/O      ;                 ; no       ; On           ;
; L20      ;            ; 5B       ; VREFB5BN0                       ; power  ;              ;                     ; --           ;                 ; --       ; --           ;
; L21      ;            ;          ; GND                             ; gnd    ;              ;                     ; --           ;                 ; --       ; --           ;
; L22      ; 283        ; 5B       ; RESERVED_INPUT_WITH_WEAK_PULLUP ;        ;              ;                     ; Row I/O      ;                 ; no       ; On           ;
; M1       ;            ;          ; GND                             ; gnd    ;              ;                     ; --           ;                 ; --       ; --           ;
; M2       ;            ;          ; GND                             ; gnd    ;              ;                     ; --           ;                 ; --       ; --           ;
; M3       ;            ; --       ; VCCH_GXBL                       ; power  ;              ; 2.5V                ; --           ;                 ; --       ; --           ;
; M4       ;            ;          ; GND                             ; gnd    ;              ;                     ; --           ;                 ; --       ; --           ;
; M5       ; 42         ; 3A       ; #TDO                            ; output ;              ;                     ; --           ;                 ; --       ; --           ;
; M6       ; 64         ; 3A       ; RESERVED_INPUT_WITH_WEAK_PULLUP ;        ;              ;                     ; Column I/O   ;                 ; no       ; On           ;
; M7       ; 66         ; 3A       ; RESERVED_INPUT_WITH_WEAK_PULLUP ;        ;              ;                     ; Column I/O   ;                 ; no       ; On           ;
; M8       ; 112        ; 3B       ; RESERVED_INPUT_WITH_WEAK_PULLUP ;        ;              ;                     ; Column I/O   ;                 ; no       ; On           ;
; M9       ; 114        ; 3B       ; RESERVED_INPUT_WITH_WEAK_PULLUP ;        ;              ;                     ; Column I/O   ;                 ; no       ; On           ;
; M10      ;            ;          ; GND                             ; gnd    ;              ;                     ; --           ;                 ; --       ; --           ;
; M11      ;            ; --       ; VCC                             ; power  ;              ; 1.1V                ; --           ;                 ; --       ; --           ;
; M12      ;            ;          ; GND                             ; gnd    ;              ;                     ; --           ;                 ; --       ; --           ;
; M13      ;            ; --       ; VCC                             ; power  ;              ; 1.1V                ; --           ;                 ; --       ; --           ;
; M14      ;            ;          ; GND                             ; gnd    ;              ;                     ; --           ;                 ; --       ; --           ;
; M15      ;            ; --       ; VCC                             ; power  ;              ; 1.1V                ; --           ;                 ; --       ; --           ;
; M16      ; 278        ; 5B       ; clk                             ; input  ; 2.5 V        ;                     ; Row I/O      ; N               ; no       ; Off          ;
; M17      ;            ; 5B       ; VCCPD5B                         ; power  ;              ; 2.5V                ; --           ;                 ; --       ; --           ;
; M18      ; 282        ; 5B       ; RESERVED_INPUT_WITH_WEAK_PULLUP ;        ;              ;                     ; Row I/O      ;                 ; no       ; On           ;
; M19      ;            ; 5B       ; VCCIO5B                         ; power  ;              ; 2.5V                ; --           ;                 ; --       ; --           ;
; M20      ; 285        ; 5B       ; RESERVED_INPUT_WITH_WEAK_PULLUP ;        ;              ;                     ; Row I/O      ;                 ; no       ; On           ;
; M21      ; 287        ; 5B       ; RESERVED_INPUT_WITH_WEAK_PULLUP ;        ;              ;                     ; Row I/O      ;                 ; no       ; On           ;
; M22      ; 281        ; 5B       ; RESERVED_INPUT_WITH_WEAK_PULLUP ;        ;              ;                     ; Row I/O      ;                 ; no       ; On           ;
; N1       ; 28         ; B0L      ; GXB_NC                          ;        ;              ;                     ; --           ;                 ; --       ; --           ;
; N2       ; 29         ; B0L      ; GXB_NC                          ;        ;              ;                     ; --           ;                 ; --       ; --           ;
; N3       ;            ;          ; GND                             ; gnd    ;              ;                     ; --           ;                 ; --       ; --           ;
; N4       ;            ; --       ; VCCE_GXBL                       ; power  ;              ; 1.1V                ; --           ;                 ; --       ; --           ;
; N5       ;            ;          ; GND                             ; gnd    ;              ;                     ; --           ;                 ; --       ; --           ;
; N6       ; 58         ; 3A       ; RESERVED_INPUT_WITH_WEAK_PULLUP ;        ;              ;                     ; Column I/O   ;                 ; no       ; On           ;
; N7       ;            ;          ; GND                             ; gnd    ;              ;                     ; --           ;                 ; --       ; --           ;
; N8       ; 106        ; 3B       ; RESERVED_INPUT_WITH_WEAK_PULLUP ;        ;              ;                     ; Column I/O   ;                 ; no       ; On           ;
; N9       ; 130        ; 3B       ; RESERVED_INPUT_WITH_WEAK_PULLUP ;        ;              ;                     ; Column I/O   ;                 ; no       ; On           ;
; N10      ;            ; --       ; VCC                             ; power  ;              ; 1.1V                ; --           ;                 ; --       ; --           ;
; N11      ;            ;          ; GND                             ; gnd    ;              ;                     ; --           ;                 ; --       ; --           ;
; N12      ;            ; --       ; VCC                             ; power  ;              ; 1.1V                ; --           ;                 ; --       ; --           ;
; N13      ;            ;          ; GND                             ; gnd    ;              ;                     ; --           ;                 ; --       ; --           ;
; N14      ;            ; --       ; VCC                             ; power  ;              ; 1.1V                ; --           ;                 ; --       ; --           ;
; N15      ;            ;          ; GND                             ; gnd    ;              ;                     ; --           ;                 ; --       ; --           ;
; N16      ; 276        ; 5B       ; RESERVED_INPUT_WITH_WEAK_PULLUP ;        ;              ;                     ; Row I/O      ;                 ; no       ; On           ;
; N17      ;            ;          ; GND                             ; gnd    ;              ;                     ; --           ;                 ; --       ; --           ;
; N18      ;            ; 5B       ; VCCPD5B                         ; power  ;              ; 2.5V                ; --           ;                 ; --       ; --           ;
; N19      ; 280        ; 5B       ; RESERVED_INPUT_WITH_WEAK_PULLUP ;        ;              ;                     ; Row I/O      ;                 ; no       ; On           ;
; N20      ; 277        ; 5B       ; RESERVED_INPUT_WITH_WEAK_PULLUP ;        ;              ;                     ; Row I/O      ;                 ; no       ; On           ;
; N21      ; 279        ; 5B       ; RESERVED_INPUT_WITH_WEAK_PULLUP ;        ;              ;                     ; Row I/O      ;                 ; no       ; On           ;
; N22      ;            ;          ; GND                             ; gnd    ;              ;                     ; --           ;                 ; --       ; --           ;
; P1       ;            ;          ; GND                             ; gnd    ;              ;                     ; --           ;                 ; --       ; --           ;
; P2       ;            ;          ; GND                             ; gnd    ;              ;                     ; --           ;                 ; --       ; --           ;
; P3       ;            ; --       ; VCCL_GXBL                       ; power  ;              ; 1.1V                ; --           ;                 ; --       ; --           ;
; P4       ;            ;          ; GND                             ; gnd    ;              ;                     ; --           ;                 ; --       ; --           ;
; P5       ; 44         ; 3A       ; #TMS                            ; input  ;              ;                     ; --           ;                 ; --       ; --           ;
; P6       ; 56         ; 3A       ; RESERVED_INPUT_WITH_WEAK_PULLUP ;        ;              ;                     ; Column I/O   ;                 ; no       ; On           ;
; P7       ; 67         ; 3A       ; RESERVED_INPUT_WITH_WEAK_PULLUP ;        ;              ;                     ; Column I/O   ;                 ; no       ; On           ;
; P8       ; 104        ; 3B       ; RESERVED_INPUT_WITH_WEAK_PULLUP ;        ;              ;                     ; Column I/O   ;                 ; no       ; On           ;
; P9       ; 128        ; 3B       ; RESERVED_INPUT_WITH_WEAK_PULLUP ;        ;              ;                     ; Column I/O   ;                 ; no       ; On           ;
; P10      ;            ;          ; GND                             ; gnd    ;              ;                     ; --           ;                 ; --       ; --           ;
; P11      ;            ; --       ; VCC                             ; power  ;              ; 1.1V                ; --           ;                 ; --       ; --           ;
; P12      ; 123        ; 3B       ; RESERVED_INPUT_WITH_WEAK_PULLUP ;        ;              ;                     ; Column I/O   ;                 ; no       ; On           ;
; P13      ;            ; --       ; VCC                             ; power  ;              ; 1.1V                ; --           ;                 ; --       ; --           ;
; P14      ; 168        ; 4A       ; RESERVED_INPUT_WITH_WEAK_PULLUP ;        ;              ;                     ; Column I/O   ;                 ; no       ; On           ;
; P15      ;            ; --       ; VCC                             ; power  ;              ; 1.1V                ; --           ;                 ; --       ; --           ;
; P16      ; 225        ; 5A       ; RESERVED_INPUT_WITH_WEAK_PULLUP ;        ;              ;                     ; Row I/O      ;                 ; no       ; On           ;
; P17      ; 227        ; 5A       ; RESERVED_INPUT_WITH_WEAK_PULLUP ;        ;              ;                     ; Row I/O      ;                 ; no       ; On           ;
; P18      ; 226        ; 5A       ; RESERVED_INPUT_WITH_WEAK_PULLUP ;        ;              ;                     ; Row I/O      ;                 ; no       ; On           ;
; P19      ; 224        ; 5A       ; RESERVED_INPUT_WITH_WEAK_PULLUP ;        ;              ;                     ; Row I/O      ;                 ; no       ; On           ;
; P20      ;            ; 5A       ; VCCIO5A                         ; power  ;              ; 2.5V                ; --           ;                 ; --       ; --           ;
; P21      ;            ; 5A       ; VCCPD5A                         ; power  ;              ; 2.5V                ; --           ;                 ; --       ; --           ;
; P22      ; 222        ; 5A       ; RESERVED_INPUT_WITH_WEAK_PULLUP ;        ;              ;                     ; Row I/O      ;                 ; no       ; On           ;
; R1       ; 31         ; B0L      ; GND                             ;        ;              ;                     ; --           ;                 ; --       ; --           ;
; R2       ; 30         ; B0L      ; GND                             ;        ;              ;                     ; --           ;                 ; --       ; --           ;
; R3       ;            ;          ; GND                             ; gnd    ;              ;                     ; --           ;                 ; --       ; --           ;
; R4       ; 43         ; 3A       ; ^nCSO, DATA4                    ;        ;              ;                     ; Weak Pull Up ;                 ; --       ; On           ;
; R5       ; 54         ; 3A       ; RESERVED_INPUT_WITH_WEAK_PULLUP ;        ;              ;                     ; Column I/O   ;                 ; no       ; On           ;
; R6       ; 52         ; 3A       ; RESERVED_INPUT_WITH_WEAK_PULLUP ;        ;              ;                     ; Column I/O   ;                 ; no       ; On           ;
; R7       ; 65         ; 3A       ; RESERVED_INPUT_WITH_WEAK_PULLUP ;        ;              ;                     ; Column I/O   ;                 ; no       ; On           ;
; R8       ;            ; 3B       ; VCCIO3B                         ; power  ;              ; 2.5V                ; --           ;                 ; --       ; --           ;
; R9       ; 119        ; 3B       ; RESERVED_INPUT_WITH_WEAK_PULLUP ;        ;              ;                     ; Column I/O   ;                 ; no       ; On           ;
; R10      ; 125        ; 3B       ; RESERVED_INPUT_WITH_WEAK_PULLUP ;        ;              ;                     ; Column I/O   ;                 ; no       ; On           ;
; R11      ; 127        ; 3B       ; RESERVED_INPUT_WITH_WEAK_PULLUP ;        ;              ;                     ; Column I/O   ;                 ; no       ; On           ;
; R12      ; 121        ; 3B       ; RESERVED_INPUT_WITH_WEAK_PULLUP ;        ;              ;                     ; Column I/O   ;                 ; no       ; On           ;
; R13      ;            ;          ; GND                             ; gnd    ;              ;                     ; --           ;                 ; --       ; --           ;
; R14      ; 170        ; 4A       ; RESERVED_INPUT_WITH_WEAK_PULLUP ;        ;              ;                     ; Column I/O   ;                 ; no       ; On           ;
; R15      ; 219        ; 5A       ; RESERVED_INPUT_WITH_WEAK_PULLUP ;        ;              ;                     ; Row I/O      ;                 ; no       ; On           ;
; R16      ; 221        ; 5A       ; RESERVED_INPUT_WITH_WEAK_PULLUP ;        ;              ;                     ; Row I/O      ;                 ; no       ; On           ;
; R17      ; 223        ; 5A       ; RESERVED_INPUT_WITH_WEAK_PULLUP ;        ;              ;                     ; Row I/O      ;                 ; no       ; On           ;
; R18      ;            ; 5A       ; VCCIO5A                         ; power  ;              ; 2.5V                ; --           ;                 ; --       ; --           ;
; R19      ;            ; --       ; VCCPGM                          ; power  ;              ; 1.8V/2.5V/3.0V/3.3V ; --           ;                 ; --       ; --           ;
; R20      ;            ; 5A       ; VREFB5AN0                       ; power  ;              ;                     ; --           ;                 ; --       ; --           ;
; R21      ; 220        ; 5A       ; RESERVED_INPUT_WITH_WEAK_PULLUP ;        ;              ;                     ; Row I/O      ;                 ; no       ; On           ;
; R22      ; 218        ; 5A       ; RESERVED_INPUT_WITH_WEAK_PULLUP ;        ;              ;                     ; Row I/O      ;                 ; no       ; On           ;
; T1       ;            ;          ; GND                             ; gnd    ;              ;                     ; --           ;                 ; --       ; --           ;
; T2       ;            ;          ; GND                             ; gnd    ;              ;                     ; --           ;                 ; --       ; --           ;
; T3       ;            ; --       ; VCCH_GXBL                       ; power  ;              ; 2.5V                ; --           ;                 ; --       ; --           ;
; T4       ; 45         ; 3A       ; ^AS_DATA3, DATA3                ;        ;              ;                     ; Weak Pull Up ;                 ; --       ; On           ;
; T5       ;            ; --       ; VCCA_FPLL                       ; power  ;              ; 2.5V                ; --           ;                 ; --       ; --           ;
; T6       ;            ; 3A       ; VCCIO3A                         ; power  ;              ; 2.5V                ; --           ;                 ; --       ; --           ;
; T7       ; 60         ; 3A       ; RESERVED_INPUT_WITH_WEAK_PULLUP ;        ;              ;                     ; Column I/O   ;                 ; no       ; On           ;
; T8       ; 62         ; 3A       ; RESERVED_INPUT_WITH_WEAK_PULLUP ;        ;              ;                     ; Column I/O   ;                 ; no       ; On           ;
; T9       ; 109        ; 3B       ; RESERVED_INPUT_WITH_WEAK_PULLUP ;        ;              ;                     ; Column I/O   ;                 ; no       ; On           ;
; T10      ; 117        ; 3B       ; RESERVED_INPUT_WITH_WEAK_PULLUP ;        ;              ;                     ; Column I/O   ;                 ; no       ; On           ;
; T11      ;            ; 3B       ; VCCIO3B                         ; power  ;              ; 2.5V                ; --           ;                 ; --       ; --           ;
; T12      ; 136        ; 4A       ; RESERVED_INPUT_WITH_WEAK_PULLUP ;        ;              ;                     ; Column I/O   ;                 ; no       ; On           ;
; T13      ; 138        ; 4A       ; RESERVED_INPUT_WITH_WEAK_PULLUP ;        ;              ;                     ; Column I/O   ;                 ; no       ; On           ;
; T14      ; 152        ; 4A       ; RESERVED_INPUT_WITH_WEAK_PULLUP ;        ;              ;                     ; Column I/O   ;                 ; no       ; On           ;
; T15      ; 217        ; 5A       ; RESERVED_INPUT_WITH_WEAK_PULLUP ;        ;              ;                     ; Row I/O      ;                 ; no       ; On           ;
; T16      ;            ;          ; GND                             ; gnd    ;              ;                     ; --           ;                 ; --       ; --           ;
; T17      ; 215        ; 5A       ; RESERVED_INPUT_WITH_WEAK_PULLUP ;        ;              ;                     ; Row I/O      ;                 ; no       ; On           ;
; T18      ; 213        ; 5A       ; RESERVED_INPUT_WITH_WEAK_PULLUP ;        ;              ;                     ; Row I/O      ;                 ; no       ; On           ;
; T19      ; 212        ; 5A       ; RESERVED_INPUT_WITH_WEAK_PULLUP ;        ;              ;                     ; Row I/O      ;                 ; no       ; On           ;
; T20      ; 214        ; 5A       ; RESERVED_INPUT_WITH_WEAK_PULLUP ;        ;              ;                     ; Row I/O      ;                 ; no       ; On           ;
; T21      ;            ;          ; GND                             ; gnd    ;              ;                     ; --           ;                 ; --       ; --           ;
; T22      ; 216        ; 5A       ; RESERVED_INPUT_WITH_WEAK_PULLUP ;        ;              ;                     ; Row I/O      ;                 ; no       ; On           ;
; U1       ; 32         ; B0L      ; GXB_NC                          ;        ;              ;                     ; --           ;                 ; --       ; --           ;
; U2       ; 33         ; B0L      ; GXB_NC                          ;        ;              ;                     ; --           ;                 ; --       ; --           ;
; U3       ;            ;          ; GND                             ; gnd    ;              ;                     ; --           ;                 ; --       ; --           ;
; U4       ; 41         ; B0L      ; GND                             ;        ;              ;                     ; Row I/O      ;                 ; --       ; --           ;
; U5       ;            ;          ; GND                             ; gnd    ;              ;                     ; --           ;                 ; --       ; --           ;
; U6       ; 61         ; 3A       ; RESERVED_INPUT_WITH_WEAK_PULLUP ;        ;              ;                     ; Column I/O   ;                 ; no       ; On           ;
; U7       ; 53         ; 3A       ; RESERVED_INPUT_WITH_WEAK_PULLUP ;        ;              ;                     ; Column I/O   ;                 ; no       ; On           ;
; U8       ; 55         ; 3A       ; RESERVED_INPUT_WITH_WEAK_PULLUP ;        ;              ;                     ; Column I/O   ;                 ; no       ; On           ;
; U9       ;            ;          ; GND                             ; gnd    ;              ;                     ; --           ;                 ; --       ; --           ;
; U10      ; 111        ; 3B       ; RESERVED_INPUT_WITH_WEAK_PULLUP ;        ;              ;                     ; Column I/O   ;                 ; no       ; On           ;
; U11      ; 120        ; 3B       ; RESERVED_INPUT_WITH_WEAK_PULLUP ;        ;              ;                     ; Column I/O   ;                 ; no       ; On           ;
; U12      ; 122        ; 3B       ; RESERVED_INPUT_WITH_WEAK_PULLUP ;        ;              ;                     ; Column I/O   ;                 ; no       ; On           ;
; U13      ; 135        ; 4A       ; RESERVED_INPUT_WITH_WEAK_PULLUP ;        ;              ;                     ; Column I/O   ;                 ; no       ; On           ;
; U14      ;            ; 4A       ; VCCIO4A                         ; power  ;              ; 2.5V                ; --           ;                 ; --       ; --           ;
; U15      ; 154        ; 4A       ; RESERVED_INPUT_WITH_WEAK_PULLUP ;        ;              ;                     ; Column I/O   ;                 ; no       ; On           ;
; U16      ; 176        ; 4A       ; RESERVED_INPUT_WITH_WEAK_PULLUP ;        ;              ;                     ; Column I/O   ;                 ; no       ; On           ;
; U17      ; 178        ; 4A       ; RESERVED_INPUT_WITH_WEAK_PULLUP ;        ;              ;                     ; Column I/O   ;                 ; no       ; On           ;
; U18      ;            ; --       ; VCCA_FPLL                       ; power  ;              ; 2.5V                ; --           ;                 ; --       ; --           ;
; U19      ;            ; 4A       ; VCCIO4A                         ; power  ;              ; 2.5V                ; --           ;                 ; --       ; --           ;
; U20      ; 179        ; 4A       ; RESERVED_INPUT_WITH_WEAK_PULLUP ;        ;              ;                     ; Column I/O   ;                 ; no       ; On           ;
; U21      ; 177        ; 4A       ; RESERVED_INPUT_WITH_WEAK_PULLUP ;        ;              ;                     ; Column I/O   ;                 ; no       ; On           ;
; U22      ; 172        ; 4A       ; RESERVED_INPUT_WITH_WEAK_PULLUP ;        ;              ;                     ; Column I/O   ;                 ; no       ; On           ;
; V1       ;            ;          ; GND                             ; gnd    ;              ;                     ; --           ;                 ; --       ; --           ;
; V2       ;            ;          ; GND                             ; gnd    ;              ;                     ; --           ;                 ; --       ; --           ;
; V3       ; 50         ; 3A       ; ^DCLK                           ;        ;              ;                     ; Weak Pull Up ;                 ; --       ; On           ;
; V4       ; 40         ; B0L      ; GND                             ;        ;              ;                     ; Row I/O      ;                 ; --       ; --           ;
; V5       ; 46         ; 3A       ; #TCK                            ; input  ;              ;                     ; --           ;                 ; --       ; --           ;
; V6       ; 63         ; 3A       ; RESERVED_INPUT_WITH_WEAK_PULLUP ;        ;              ;                     ; Column I/O   ;                 ; no       ; On           ;
; V7       ;            ;          ; GND                             ; gnd    ;              ;                     ; --           ;                 ; --       ; --           ;
; V8       ;            ; --       ; VCCPGM                          ; power  ;              ; 1.8V/2.5V/3.0V/3.3V ; --           ;                 ; --       ; --           ;
; V9       ; 101        ; 3B       ; RESERVED_INPUT_WITH_WEAK_PULLUP ;        ;              ;                     ; Column I/O   ;                 ; no       ; On           ;
; V10      ; 103        ; 3B       ; RESERVED_INPUT_WITH_WEAK_PULLUP ;        ;              ;                     ; Column I/O   ;                 ; no       ; On           ;
; V11      ;            ;          ; DNU                             ;        ;              ;                     ; --           ;                 ; --       ; --           ;
; V12      ;            ;          ; GND                             ; gnd    ;              ;                     ; --           ;                 ; --       ; --           ;
; V13      ; 133        ; 4A       ; RESERVED_INPUT_WITH_WEAK_PULLUP ;        ;              ;                     ; Column I/O   ;                 ; no       ; On           ;
; V14      ; 144        ; 4A       ; RESERVED_INPUT_WITH_WEAK_PULLUP ;        ;              ;                     ; Column I/O   ;                 ; no       ; On           ;
; V15      ; 146        ; 4A       ; RESERVED_INPUT_WITH_WEAK_PULLUP ;        ;              ;                     ; Column I/O   ;                 ; no       ; On           ;
; V16      ; 160        ; 4A       ; RESERVED_INPUT_WITH_WEAK_PULLUP ;        ;              ;                     ; Column I/O   ;                 ; no       ; On           ;
; V17      ;            ;          ; GND                             ; gnd    ;              ;                     ; --           ;                 ; --       ; --           ;
; V18      ; 175        ; 4A       ; RESERVED_INPUT_WITH_WEAK_PULLUP ;        ;              ;                     ; Column I/O   ;                 ; no       ; On           ;
; V19      ; 173        ; 4A       ; RESERVED_INPUT_WITH_WEAK_PULLUP ;        ;              ;                     ; Column I/O   ;                 ; no       ; On           ;
; V20      ; 157        ; 4A       ; RESERVED_INPUT_WITH_WEAK_PULLUP ;        ;              ;                     ; Column I/O   ;                 ; no       ; On           ;
; V21      ; 174        ; 4A       ; RESERVED_INPUT_WITH_WEAK_PULLUP ;        ;              ;                     ; Column I/O   ;                 ; no       ; On           ;
; V22      ;            ;          ; GND                             ; gnd    ;              ;                     ; --           ;                 ; --       ; --           ;
; W1       ; 35         ; B0L      ; GND                             ;        ;              ;                     ; --           ;                 ; --       ; --           ;
; W2       ; 34         ; B0L      ; GND                             ;        ;              ;                     ; --           ;                 ; --       ; --           ;
; W3       ;            ;          ; GND                             ; gnd    ;              ;                     ; --           ;                 ; --       ; --           ;
; W4       ;            ;          ; GND                             ; gnd    ;              ;                     ; --           ;                 ; --       ; --           ;
; W5       ; 48         ; 3A       ; #TDI                            ; input  ;              ;                     ; --           ;                 ; --       ; --           ;
; W6       ;            ; 3A       ; VCCPD3A                         ; power  ;              ; 2.5V                ; --           ;                 ; --       ; --           ;
; W7       ;            ; --       ; VCC_AUX                         ; power  ;              ; 2.5V                ; --           ;                 ; --       ; --           ;
; W8       ; 57         ; 3A       ; RESERVED_INPUT_WITH_WEAK_PULLUP ;        ;              ;                     ; Column I/O   ;                 ; no       ; On           ;
; W9       ; 59         ; 3A       ; RESERVED_INPUT_WITH_WEAK_PULLUP ;        ;              ;                     ; Column I/O   ;                 ; no       ; On           ;
; W10      ;            ; 3B       ; VCCIO3B                         ; power  ;              ; 2.5V                ; --           ;                 ; --       ; --           ;
; W11      ;            ; 3B, 4A   ; VCCPD3B4A                       ; power  ;              ; 2.5V                ; --           ;                 ; --       ; --           ;
; W12      ;            ; 3B, 4A   ; VCCPD3B4A                       ; power  ;              ; 2.5V                ; --           ;                 ; --       ; --           ;
; W13      ;            ; --       ; VCC_AUX                         ; power  ;              ; 2.5V                ; --           ;                 ; --       ; --           ;
; W14      ;            ; 3B, 4A   ; VCCPD3B4A                       ; power  ;              ; 2.5V                ; --           ;                 ; --       ; --           ;
; W15      ;            ; 4A       ; VCCIO4A                         ; power  ;              ; 2.5V                ; --           ;                 ; --       ; --           ;
; W16      ; 162        ; 4A       ; RESERVED_INPUT_WITH_WEAK_PULLUP ;        ;              ;                     ; Column I/O   ;                 ; no       ; On           ;
; W17      ;            ; 3B, 4A   ; VCCPD3B4A                       ; power  ;              ; 2.5V                ; --           ;                 ; --       ; --           ;
; W18      ;            ; --       ; VCC_AUX                         ; power  ;              ; 2.5V                ; --           ;                 ; --       ; --           ;
; W19      ; 159        ; 4A       ; RESERVED_INPUT_WITH_WEAK_PULLUP ;        ;              ;                     ; Column I/O   ;                 ; no       ; On           ;
; W20      ;            ; 4A       ; VCCIO4A                         ; power  ;              ; 2.5V                ; --           ;                 ; --       ; --           ;
; W21      ; 171        ; 4A       ; RESERVED_INPUT_WITH_WEAK_PULLUP ;        ;              ;                     ; Column I/O   ;                 ; no       ; On           ;
; W22      ; 166        ; 4A       ; RESERVED_INPUT_WITH_WEAK_PULLUP ;        ;              ;                     ; Column I/O   ;                 ; no       ; On           ;
; Y1       ;            ;          ; GND                             ; gnd    ;              ;                     ; --           ;                 ; --       ; --           ;
; Y2       ;            ;          ; GND                             ; gnd    ;              ;                     ; --           ;                 ; --       ; --           ;
; Y3       ; 36         ; B0L      ; GXB_NC                          ;        ;              ;                     ; --           ;                 ; --       ; --           ;
; Y4       ; 37         ; B0L      ; GXB_NC                          ;        ;              ;                     ; --           ;                 ; --       ; --           ;
; Y5       ;            ;          ; GND                             ; gnd    ;              ;                     ; --           ;                 ; --       ; --           ;
; Y6       ;            ;          ; DNU                             ;        ;              ;                     ; --           ;                 ; --       ; --           ;
; Y7       ;            ; 3A       ; VREFB3AN0                       ; power  ;              ;                     ; --           ;                 ; --       ; --           ;
; Y8       ;            ; 3A       ; VCCIO3A                         ; power  ;              ; 2.5V                ; --           ;                 ; --       ; --           ;
; Y9       ; 118        ; 3B       ; RESERVED_INPUT_WITH_WEAK_PULLUP ;        ;              ;                     ; Column I/O   ;                 ; no       ; On           ;
; Y10      ; 116        ; 3B       ; RESERVED_INPUT_WITH_WEAK_PULLUP ;        ;              ;                     ; Column I/O   ;                 ; no       ; On           ;
; Y11      ; 129        ; 3B       ; RESERVED_INPUT_WITH_WEAK_PULLUP ;        ;              ;                     ; Column I/O   ;                 ; no       ; On           ;
; Y12      ;            ; 3B       ; VREFB3BN0                       ; power  ;              ;                     ; --           ;                 ; --       ; --           ;
; Y13      ;            ; 3B       ; VCCIO3B                         ; power  ;              ; 2.5V                ; --           ;                 ; --       ; --           ;
; Y14      ; 141        ; 4A       ; RESERVED_INPUT_WITH_WEAK_PULLUP ;        ;              ;                     ; Column I/O   ;                 ; no       ; On           ;
; Y15      ; 143        ; 4A       ; RESERVED_INPUT_WITH_WEAK_PULLUP ;        ;              ;                     ; Column I/O   ;                 ; no       ; On           ;
; Y16      ; 149        ; 4A       ; RESERVED_INPUT_WITH_WEAK_PULLUP ;        ;              ;                     ; Column I/O   ;                 ; no       ; On           ;
; Y17      ; 151        ; 4A       ; RESERVED_INPUT_WITH_WEAK_PULLUP ;        ;              ;                     ; Column I/O   ;                 ; no       ; On           ;
; Y18      ;            ;          ; GND                             ; gnd    ;              ;                     ; --           ;                 ; --       ; --           ;
; Y19      ; 167        ; 4A       ; RESERVED_INPUT_WITH_WEAK_PULLUP ;        ;              ;                     ; Column I/O   ;                 ; no       ; On           ;
; Y20      ; 165        ; 4A       ; RESERVED_INPUT_WITH_WEAK_PULLUP ;        ;              ;                     ; Column I/O   ;                 ; no       ; On           ;
; Y21      ; 169        ; 4A       ; RESERVED_INPUT_WITH_WEAK_PULLUP ;        ;              ;                     ; Column I/O   ;                 ; no       ; On           ;
; Y22      ; 164        ; 4A       ; RESERVED_INPUT_WITH_WEAK_PULLUP ;        ;              ;                     ; Column I/O   ;                 ; no       ; On           ;
+----------+------------+----------+---------------------------------+--------+--------------+---------------------+--------------+-----------------+----------+--------------+
Note: Pin directions (input, output or bidir) are based on device operating in user mode.


+------------------------------------------+
; I/O Assignment Warnings                  ;
+----------+-------------------------------+
; Pin Name ; Reason                        ;
+----------+-------------------------------+
; clk      ; Incomplete set of assignments ;
; clk      ; Missing location assignment   ;
+----------+-------------------------------+


+---------------------------------------------------------------------------------------------------------------------------------------------------------------------------------------------------------------------------------------------------------------------------------------------------------------------------------------------------------------------------------------------------------------------------------+
; Fitter Resource Utilization by Entity                                                                                                                                                                                                                                                                                                                                                                                           ;
+-----------------------------+----------------------+----------------------------------+---------------------------------------------------+----------------------------------+----------------------+---------------------+---------------------------+---------------+-------------------+-------+------------+------+--------------+------------------------------------------------------+--------------------+--------------+
; Compilation Hierarchy Node  ; ALMs needed [=A-B+C] ; [A] ALMs used in final placement ; [B] Estimate of ALMs recoverable by dense packing ; [C] Estimate of ALMs unavailable ; ALMs used for memory ; Combinational ALUTs ; Dedicated Logic Registers ; I/O Registers ; Block Memory Bits ; M10Ks ; DSP Blocks ; Pins ; Virtual Pins ; Full Hierarchy Name                                  ; Entity Name        ; Library Name ;
+-----------------------------+----------------------+----------------------------------+---------------------------------------------------+----------------------------------+----------------------+---------------------+---------------------------+---------------+-------------------+-------+------------+------+--------------+------------------------------------------------------+--------------------+--------------+
; |keccak_core                ; 4265.0 (2989.9)      ; 4367.4 (3023.6)                  ; 246.4 (155.8)                                     ; 144.0 (122.1)                    ; 0.0 (0.0)            ; 5951 (3738)         ; 1674 (1674)               ; 0 (0)         ; 0                 ; 0     ; 0          ; 1    ; 174          ; |keccak_core                                         ; keccak_core        ; work         ;
;    |keccak_absorb_unit:KAU| ; 75.2 (75.2)          ; 77.8 (77.8)                      ; 4.5 (4.5)                                         ; 1.9 (1.9)                        ; 0.0 (0.0)            ; 154 (154)           ; 0 (0)                     ; 0 (0)         ; 0                 ; 0     ; 0          ; 0    ; 0            ; |keccak_core|keccak_absorb_unit:KAU                  ; keccak_absorb_unit ; work         ;
;    |keccak_output_unit:KOU| ; 2.0 (2.0)            ; 2.0 (2.0)                        ; 0.0 (0.0)                                         ; 0.0 (0.0)                        ; 0.0 (0.0)            ; 3 (3)               ; 0 (0)                     ; 0 (0)         ; 0                 ; 0     ; 0          ; 0    ; 0            ; |keccak_core|keccak_output_unit:KOU                  ; keccak_output_unit ; work         ;
;    |keccak_step_unit:KSU|   ; 1197.8 (0.0)         ; 1264.0 (0.0)                     ; 86.2 (0.0)                                        ; 20.0 (0.0)                       ; 0.0 (0.0)            ; 2056 (0)            ; 0 (0)                     ; 0 (0)         ; 0                 ; 0     ; 0          ; 0    ; 0            ; |keccak_core|keccak_step_unit:KSU                    ; keccak_step_unit   ; work         ;
;       |chi_step:u_chi|      ; 1.7 (1.7)            ; 1.5 (1.5)                        ; 0.0 (0.0)                                         ; 0.2 (0.2)                        ; 0.0 (0.0)            ; 3 (3)               ; 0 (0)                     ; 0 (0)         ; 0                 ; 0     ; 0          ; 0    ; 0            ; |keccak_core|keccak_step_unit:KSU|chi_step:u_chi     ; chi_step           ; work         ;
;       |iota_step:u_iota|    ; 5.5 (5.5)            ; 7.0 (7.0)                        ; 1.5 (1.5)                                         ; 0.0 (0.0)                        ; 0.0 (0.0)            ; 7 (7)               ; 0 (0)                     ; 0 (0)         ; 0                 ; 0     ; 0          ; 0    ; 0            ; |keccak_core|keccak_step_unit:KSU|iota_step:u_iota   ; iota_step          ; work         ;
;       |theta_step:u_theta|  ; 1190.6 (1190.6)      ; 1255.5 (1255.5)                  ; 84.7 (84.7)                                       ; 19.8 (19.8)                      ; 0.0 (0.0)            ; 2046 (2046)         ; 0 (0)                     ; 0 (0)         ; 0                 ; 0     ; 0          ; 0    ; 0            ; |keccak_core|keccak_step_unit:KSU|theta_step:u_theta ; theta_step         ; work         ;
+-----------------------------+----------------------+----------------------------------+---------------------------------------------------+----------------------------------+----------------------+---------------------+---------------------------+---------------+-------------------+-------+------------+------+--------------+------------------------------------------------------+--------------------+--------------+
Note: For table entries with two numbers listed, the numbers in parentheses indicate the number of resources of the given type used by the specific entity alone. The numbers listed outside of parentheses indicate the total resources of the given type used by the specific entity and all of its sub-entities in the hierarchy.


+-------------------------------------------------------------------------------------------------------------------+
; Delay Chain Summary                                                                                               ;
+------+----------+----+------+------+----+----+-------+--------+------------------------+--------------------------+
; Name ; Pin Type ; D1 ; D3_0 ; D3_1 ; D4 ; D5 ; D5 OE ; D5 OCT ; T11 (Postamble Gating) ; T11 (Postamble Ungating) ;
+------+----------+----+------+------+----+----+-------+--------+------------------------+--------------------------+
; clk  ; Input    ; -- ; (0)  ; --   ; -- ; -- ; --    ; --     ; --                     ; --                       ;
+------+----------+----+------+------+----+----+-------+--------+------------------------+--------------------------+


+---------------------------------------------------+
; Pad To Core Delay Chain Fanout                    ;
+---------------------+-------------------+---------+
; Source Pin / Fanout ; Pad To Core Index ; Setting ;
+---------------------+-------------------+---------+
; clk                 ;                   ;         ;
+---------------------+-------------------+---------+


+------------------------------------------------------------------------------------------------------------------------------------------------------------------------+
; Control Signals                                                                                                                                                        ;
+------------------------------+----------------------+---------+-------------------------+--------+----------------------+------------------+---------------------------+
; Name                         ; Location             ; Fan-Out ; Usage                   ; Global ; Global Resource Used ; Global Line Name ; Enable Signal Source Name ;
+------------------------------+----------------------+---------+-------------------------+--------+----------------------+------------------+---------------------------+
; Selector5~0                  ; LABCELL_X19_Y44_N36  ; 1600    ; Sync. clear             ; no     ; --                   ; --               ; --                        ;
; bytes_absorbed[7]~0          ; MLABCELL_X21_Y44_N45 ; 9       ; Clock enable            ; no     ; --                   ; --               ; --                        ;
; clk                          ; PIN_M16              ; 1674    ; Clock                   ; yes    ; Global Clock         ; GCLK8            ; --                        ;
; input_byte_enable[4]~0       ; MLABCELL_X15_Y44_N0  ; 13      ; Clock enable            ; no     ; --                   ; --               ; --                        ;
; is_xof_fixed_len~0           ; LABCELL_X9_Y46_N21   ; 2       ; Clock enable            ; no     ; --                   ; --               ; --                        ;
; message_bytes_remaining[7]~0 ; MLABCELL_X8_Y40_N57  ; 16      ; Clock enable            ; no     ; --                   ; --               ; --                        ;
; msg_received_wr_en~0         ; MLABCELL_X15_Y44_N24 ; 30      ; Sync. clear, Sync. load ; no     ; --                   ; --               ; --                        ;
; rst                          ; LABCELL_X7_Y50_N3    ; 1656    ; Async. clear            ; yes    ; Global Clock         ; GCLK0            ; --                        ;
; state_array[4][3][4]~0       ; LABCELL_X19_Y44_N6   ; 1600    ; Clock enable            ; no     ; --                   ; --               ; --                        ;
; update_xof_remaining_en~1    ; LABCELL_X9_Y50_N18   ; 15      ; Sync. load              ; no     ; --                   ; --               ; --                        ;
; xof_bytes_remaining[2]~3     ; LABCELL_X9_Y50_N12   ; 3       ; Clock enable            ; no     ; --                   ; --               ; --                        ;
; xof_bytes_remaining[3]~0     ; LABCELL_X9_Y50_N42   ; 13      ; Sync. clear             ; no     ; --                   ; --               ; --                        ;
; xof_bytes_remaining[3]~1     ; MLABCELL_X8_Y50_N51  ; 13      ; Clock enable            ; no     ; --                   ; --               ; --                        ;
+------------------------------+----------------------+---------+-------------------------+--------+----------------------+------------------+---------------------------+


+----------------------------------------------------------------------------------------------------------+
; Global & Other Fast Signals                                                                              ;
+------+-------------------+---------+----------------------+------------------+---------------------------+
; Name ; Location          ; Fan-Out ; Global Resource Used ; Global Line Name ; Enable Signal Source Name ;
+------+-------------------+---------+----------------------+------------------+---------------------------+
; clk  ; PIN_M16           ; 1674    ; Global Clock         ; GCLK8            ; --                        ;
; rst  ; LABCELL_X7_Y50_N3 ; 1656    ; Global Clock         ; GCLK0            ; --                        ;
+------+-------------------+---------+----------------------+------------------+---------------------------+


+----------------------------------+
; Non-Global High Fan-Out Signals  ;
+------------------------+---------+
; Name                   ; Fan-Out ;
+------------------------+---------+
; Selector6~0            ; 1983    ;
; state_array[4][3][4]~0 ; 1600    ;
; Selector5~0            ; 1600    ;
+------------------------+---------+


+---------------------------------------------------------+
; Routing Usage Summary                                   ;
+------------------------------+--------------------------+
; Routing Resource Type        ; Usage                    ;
+------------------------------+--------------------------+
; Block interconnects          ; 16,747 / 374,484 ( 4 % ) ;
; C12 interconnects            ; 656 / 16,664 ( 4 % )     ;
; C2 interconnects             ; 6,435 / 155,012 ( 4 % )  ;
; C4 interconnects             ; 3,517 / 72,600 ( 5 % )   ;
; DQS bus muxes                ; 0 / 30 ( 0 % )           ;
; DQS-18 I/O buses             ; 0 / 30 ( 0 % )           ;
; DQS-9 I/O buses              ; 0 / 30 ( 0 % )           ;
; Direct links                 ; 772 / 374,484 ( < 1 % )  ;
; Global clocks                ; 2 / 16 ( 13 % )          ;
; Horizontal periphery clocks  ; 0 / 72 ( 0 % )           ;
; Local interconnects          ; 2,929 / 112,960 ( 3 % )  ;
; Quadrant clocks              ; 0 / 88 ( 0 % )           ;
; R14 interconnects            ; 948 / 15,868 ( 6 % )     ;
; R14/C12 interconnect drivers ; 1,477 / 27,256 ( 5 % )   ;
; R3 interconnects             ; 7,843 / 169,296 ( 5 % )  ;
; R6 interconnects             ; 12,046 / 330,800 ( 4 % ) ;
; Spine clocks                 ; 10 / 480 ( 2 % )         ;
; Wire stub REs                ; 0 / 20,834 ( 0 % )       ;
+------------------------------+--------------------------+


+------------------------------------------+
; I/O Rules Summary                        ;
+----------------------------------+-------+
; I/O Rules Statistic              ; Total ;
+----------------------------------+-------+
; Total I/O Rules                  ; 28    ;
; Number of I/O Rules Passed       ; 3     ;
; Number of I/O Rules Failed       ; 0     ;
; Number of I/O Rules Unchecked    ; 0     ;
; Number of I/O Rules Inapplicable ; 25    ;
+----------------------------------+-------+


+-------------------------------------------------------------------------------------------------------------------------------------------------------------------------------------------------------------------------------------------------------------------------------------+
; I/O Rules Details                                                                                                                                                                                                                                                                   ;
+--------------+-----------+-----------------------------------+------------------------------------------------------------------------------------+----------+-------------------------------------------------------------------------------------------+------+-------------------+
; Status       ; ID        ; Category                          ; Rule Description                                                                   ; Severity ; Information                                                                               ; Area ; Extra Information ;
+--------------+-----------+-----------------------------------+------------------------------------------------------------------------------------+----------+-------------------------------------------------------------------------------------------+------+-------------------+
; Inapplicable ; IO_000001 ; Capacity Checks                   ; Number of pins in an I/O bank should not exceed the number of locations available. ; Critical ; No Location assignments found.                                                            ; I/O  ;                   ;
; Inapplicable ; IO_000002 ; Capacity Checks                   ; Number of clocks in an I/O bank should not exceed the number of clocks available.  ; Critical ; No Global Signal assignments found.                                                       ; I/O  ;                   ;
; Inapplicable ; IO_000003 ; Capacity Checks                   ; Number of pins in a Vrefgroup should not exceed the number of locations available. ; Critical ; No Location assignments found.                                                            ; I/O  ;                   ;
; Inapplicable ; IO_000004 ; Voltage Compatibility Checks      ; The I/O bank should support the requested VCCIO.                                   ; Critical ; No IOBANK_VCCIO assignments found.                                                        ; I/O  ;                   ;
; Inapplicable ; IO_000005 ; Voltage Compatibility Checks      ; The I/O bank should not have competing VREF values.                                ; Critical ; No VREF I/O Standard assignments found.                                                   ; I/O  ;                   ;
; Pass         ; IO_000006 ; Voltage Compatibility Checks      ; The I/O bank should not have competing VCCIO values.                               ; Critical ; 0 such failures found.                                                                    ; I/O  ;                   ;
; Inapplicable ; IO_000007 ; Valid Location Checks             ; Checks for unavailable locations.                                                  ; Critical ; No Location assignments found.                                                            ; I/O  ;                   ;
; Inapplicable ; IO_000008 ; Valid Location Checks             ; Checks for reserved locations.                                                     ; Critical ; No reserved LogicLock region found.                                                       ; I/O  ;                   ;
; Pass         ; IO_000009 ; I/O Properties Checks for One I/O ; The location should support the requested I/O standard.                            ; Critical ; 0 such failures found.                                                                    ; I/O  ;                   ;
; Pass         ; IO_000010 ; I/O Properties Checks for One I/O ; The location should support the requested I/O direction.                           ; Critical ; 0 such failures found.                                                                    ; I/O  ;                   ;
; Inapplicable ; IO_000011 ; I/O Properties Checks for One I/O ; The location should support the requested Current Strength.                        ; Critical ; No Current Strength assignments found.                                                    ; I/O  ;                   ;
; Inapplicable ; IO_000012 ; I/O Properties Checks for One I/O ; The location should support the requested On Chip Termination value.               ; Critical ; No Termination assignments found.                                                         ; I/O  ;                   ;
; Inapplicable ; IO_000013 ; I/O Properties Checks for One I/O ; The location should support the requested Bus Hold value.                          ; Critical ; No Enable Bus-Hold Circuitry assignments found.                                           ; I/O  ;                   ;
; Inapplicable ; IO_000014 ; I/O Properties Checks for One I/O ; The location should support the requested Weak Pull Up value.                      ; Critical ; No Weak Pull-Up Resistor assignments found.                                               ; I/O  ;                   ;
; Inapplicable ; IO_000015 ; I/O Properties Checks for One I/O ; The location should support the requested PCI Clamp Diode.                         ; Critical ; No Clamping Diode assignments found.                                                      ; I/O  ;                   ;
; Inapplicable ; IO_000018 ; I/O Properties Checks for One I/O ; The I/O standard should support the requested Current Strength.                    ; Critical ; No Current Strength assignments found.                                                    ; I/O  ;                   ;
; Inapplicable ; IO_000019 ; I/O Properties Checks for One I/O ; The I/O standard should support the requested On Chip Termination value.           ; Critical ; No Termination assignments found.                                                         ; I/O  ;                   ;
; Inapplicable ; IO_000020 ; I/O Properties Checks for One I/O ; The I/O standard should support the requested PCI Clamp Diode.                     ; Critical ; No Clamping Diode assignments found.                                                      ; I/O  ;                   ;
; Inapplicable ; IO_000021 ; I/O Properties Checks for One I/O ; The I/O standard should support the requested Weak Pull Up value.                  ; Critical ; No Weak Pull-Up Resistor assignments found.                                               ; I/O  ;                   ;
; Inapplicable ; IO_000022 ; I/O Properties Checks for One I/O ; The I/O standard should support the requested Bus Hold value.                      ; Critical ; No Enable Bus-Hold Circuitry assignments found.                                           ; I/O  ;                   ;
; Inapplicable ; IO_000023 ; I/O Properties Checks for One I/O ; The I/O standard should support the Open Drain value.                              ; Critical ; No open drain assignments found.                                                          ; I/O  ;                   ;
; Inapplicable ; IO_000024 ; I/O Properties Checks for One I/O ; The I/O direction should support the On Chip Termination value.                    ; Critical ; No Termination assignments found.                                                         ; I/O  ;                   ;
; Inapplicable ; IO_000026 ; I/O Properties Checks for One I/O ; On Chip Termination and Current Strength should not be used at the same time.      ; Critical ; No Current Strength or Termination assignments found.                                     ; I/O  ;                   ;
; Inapplicable ; IO_000027 ; I/O Properties Checks for One I/O ; Weak Pull Up and Bus Hold should not be used at the same time.                     ; Critical ; No Enable Bus-Hold Circuitry or Weak Pull-Up Resistor assignments found.                  ; I/O  ;                   ;
; Inapplicable ; IO_000045 ; I/O Properties Checks for One I/O ; The I/O standard should support the requested Slew Rate value.                     ; Critical ; No Slew Rate assignments found.                                                           ; I/O  ;                   ;
; Inapplicable ; IO_000046 ; I/O Properties Checks for One I/O ; The location should support the requested Slew Rate value.                         ; Critical ; No Slew Rate assignments found.                                                           ; I/O  ;                   ;
; Inapplicable ; IO_000047 ; I/O Properties Checks for One I/O ; On Chip Termination and Slew Rate should not be used at the same time.             ; Critical ; No Slew Rate assignments found.                                                           ; I/O  ;                   ;
; Inapplicable ; IO_000034 ; SI Related Distance Checks        ; Single-ended outputs should be 0 LAB row(s) away from a differential I/O.          ; High     ; No Outputs with single-ended I/O Standard or Differential I/O Standard assignments found. ; I/O  ;                   ;
+--------------+-----------+-----------------------------------+------------------------------------------------------------------------------------+----------+-------------------------------------------------------------------------------------------+------+-------------------+


+-----------------------------------------------------------------------------------------------------------------------------------------------------------------------------------------------------------------------------------------------------------------------------------------------------------------------------------------------------------------------------------------------------------------------------------------------+
; I/O Rules Matrix                                                                                                                                                                                                                                                                                                                                                                                                                              ;
+--------------------+--------------+--------------+--------------+--------------+--------------+-----------+--------------+--------------+-----------+-----------+--------------+--------------+--------------+--------------+--------------+--------------+--------------+--------------+--------------+--------------+--------------+--------------+--------------+--------------+--------------+--------------+--------------+--------------+
; Pin/Rules          ; IO_000001    ; IO_000002    ; IO_000003    ; IO_000004    ; IO_000005    ; IO_000006 ; IO_000007    ; IO_000008    ; IO_000009 ; IO_000010 ; IO_000011    ; IO_000012    ; IO_000013    ; IO_000014    ; IO_000015    ; IO_000018    ; IO_000019    ; IO_000020    ; IO_000021    ; IO_000022    ; IO_000023    ; IO_000024    ; IO_000026    ; IO_000027    ; IO_000045    ; IO_000046    ; IO_000047    ; IO_000034    ;
+--------------------+--------------+--------------+--------------+--------------+--------------+-----------+--------------+--------------+-----------+-----------+--------------+--------------+--------------+--------------+--------------+--------------+--------------+--------------+--------------+--------------+--------------+--------------+--------------+--------------+--------------+--------------+--------------+--------------+
; Total Pass         ; 0            ; 0            ; 0            ; 0            ; 0            ; 1         ; 0            ; 0            ; 1         ; 1         ; 0            ; 0            ; 0            ; 0            ; 0            ; 0            ; 0            ; 0            ; 0            ; 0            ; 0            ; 0            ; 0            ; 0            ; 0            ; 0            ; 0            ; 0            ;
; Total Unchecked    ; 0            ; 0            ; 0            ; 0            ; 0            ; 0         ; 0            ; 0            ; 0         ; 0         ; 0            ; 0            ; 0            ; 0            ; 0            ; 0            ; 0            ; 0            ; 0            ; 0            ; 0            ; 0            ; 0            ; 0            ; 0            ; 0            ; 0            ; 0            ;
; Total Inapplicable ; 1            ; 1            ; 1            ; 1            ; 1            ; 0         ; 1            ; 1            ; 0         ; 0         ; 1            ; 1            ; 1            ; 1            ; 1            ; 1            ; 1            ; 1            ; 1            ; 1            ; 1            ; 1            ; 1            ; 1            ; 1            ; 1            ; 1            ; 1            ;
; Total Fail         ; 0            ; 0            ; 0            ; 0            ; 0            ; 0         ; 0            ; 0            ; 0         ; 0         ; 0            ; 0            ; 0            ; 0            ; 0            ; 0            ; 0            ; 0            ; 0            ; 0            ; 0            ; 0            ; 0            ; 0            ; 0            ; 0            ; 0            ; 0            ;
; clk                ; Inapplicable ; Inapplicable ; Inapplicable ; Inapplicable ; Inapplicable ; Pass      ; Inapplicable ; Inapplicable ; Pass      ; Pass      ; Inapplicable ; Inapplicable ; Inapplicable ; Inapplicable ; Inapplicable ; Inapplicable ; Inapplicable ; Inapplicable ; Inapplicable ; Inapplicable ; Inapplicable ; Inapplicable ; Inapplicable ; Inapplicable ; Inapplicable ; Inapplicable ; Inapplicable ; Inapplicable ;
+--------------------+--------------+--------------+--------------+--------------+--------------+-----------+--------------+--------------+-----------+-----------+--------------+--------------+--------------+--------------+--------------+--------------+--------------+--------------+--------------+--------------+--------------+--------------+--------------+--------------+--------------+--------------+--------------+--------------+


+------------------------------------------------------------------------------------------------+
; Fitter Device Options                                                                          ;
+------------------------------------------------------------------+-----------------------------+
; Option                                                           ; Setting                     ;
+------------------------------------------------------------------+-----------------------------+
; Enable user-supplied start-up clock (CLKUSR)                     ; Off                         ;
; Enable device-wide reset (DEV_CLRn)                              ; Off                         ;
; Enable device-wide output enable (DEV_OE)                        ; Off                         ;
; Enable INIT_DONE output                                          ; Off                         ;
; Configuration scheme                                             ; Passive Serial              ;
; Enable Error Detection CRC_ERROR pin                             ; Off                         ;
; Enable CvP_CONFDONE pin                                          ; Off                         ;
; Enable open drain on CRC_ERROR pin                               ; On                          ;
; Enable open drain on CvP_CONFDONE pin                            ; On                          ;
; Enable open drain on INIT_DONE pin                               ; On                          ;
; Enable open drain on Partial Reconfiguration pins                ; Off                         ;
; Enable open drain on nCEO pin                                    ; On                          ;
; Enable Partial Reconfiguration pins                              ; Off                         ;
; Enable input tri-state on active configuration pins in user mode ; Off                         ;
; Enable internal scrubbing                                        ; Off                         ;
; Active Serial clock source                                       ; 100 MHz Internal Oscillator ;
; Device initialization clock source                               ; Internal Oscillator         ;
; Configuration via Protocol                                       ; Off                         ;
; Configuration Voltage Level                                      ; Auto                        ;
; Force Configuration Voltage Level                                ; Off                         ;
; Enable nCEO output                                               ; Off                         ;
; Data[15..8]                                                      ; Unreserved                  ;
; Data[7..5]                                                       ; Unreserved                  ;
; Base pin-out file on sameframe device                            ; Off                         ;
+------------------------------------------------------------------+-----------------------------+


+------------------------------------+
; Operating Settings and Conditions  ;
+---------------------------+--------+
; Setting                   ; Value  ;
+---------------------------+--------+
; Nominal Core Voltage      ; 1.10 V ;
; Low Junction Temperature  ; 0 °C   ;
; High Junction Temperature ; 85 °C  ;
+---------------------------+--------+


+------------------------------------------------------------+
; Estimated Delay Added for Hold Timing Summary              ;
+-----------------+----------------------+-------------------+
; Source Clock(s) ; Destination Clock(s) ; Delay Added in ns ;
+-----------------+----------------------+-------------------+
; clk             ; clk                  ; 71.2              ;
; clk,I/O         ; clk                  ; 2.7               ;
+-----------------+----------------------+-------------------+
Note: For more information on problematic transfers, consider running the Fitter again with the Optimize hold timing option (Settings Menu) turned off.
This will disable optimization of problematic paths and expose them for further analysis using the Timing Analyzer.


+----------------------------------------------------------------------+
; Estimated Delay Added for Hold Timing Details                        ;
+-------------------------+------------------------+-------------------+
; Source Register         ; Destination Register   ; Delay Added in ns ;
+-------------------------+------------------------+-------------------+
; state_array[0][0][4]    ; state_array[4][0][4]   ; 0.457             ;
; state_array[0][0][56]   ; state_array[4][0][56]  ; 0.431             ;
; state.STATE_ABSORB      ; absorb_done            ; 0.430             ;
; round_idx[3]            ; round_idx[4]           ; 0.430             ;
; state.STATE_SQUEEZE     ; xof_bytes_remaining[1] ; 0.427             ;
; bytes_squeezed[3]       ; bytes_squeezed[4]      ; 0.425             ;
; bytes_squeezed[5]       ; bytes_squeezed[7]      ; 0.420             ;
; state_array[0][0][63]   ; state_array[0][0][63]  ; 0.417             ;
; absorb_block_full       ; absorb_done            ; 0.411             ;
; round_idx[4]            ; round_idx[3]           ; 0.408             ;
; state_array[2][1][21]   ; state_array[2][1][21]  ; 0.408             ;
; absorb_done             ; state.STATE_ABSORB     ; 0.407             ;
; state_array[2][1][29]   ; state_array[2][1][29]  ; 0.404             ;
; state_array[2][1][15]   ; state_array[2][1][15]  ; 0.403             ;
; state_array[2][1][6]    ; state_array[2][1][6]   ; 0.403             ;
; state_array[3][0][7]    ; state_array[3][0][7]   ; 0.402             ;
; state_array[2][1][38]   ; state_array[2][1][38]  ; 0.401             ;
; state_array[3][0][31]   ; state_array[3][0][31]  ; 0.401             ;
; state_array[2][1][30]   ; state_array[2][1][30]  ; 0.400             ;
; state_array[2][1][46]   ; state_array[2][1][46]  ; 0.398             ;
; round_idx[0]            ; round_idx[1]           ; 0.397             ;
; state_array[2][1][5]    ; state_array[2][1][5]   ; 0.396             ;
; state.STATE_IDLE        ; state.STATE_ABSORB     ; 0.396             ;
; state_array[2][1][39]   ; state_array[2][1][39]  ; 0.395             ;
; state_array[3][0][15]   ; state_array[3][0][15]  ; 0.395             ;
; state_array[2][1][14]   ; state_array[2][1][14]  ; 0.395             ;
; state_array[2][1][62]   ; state_array[2][1][62]  ; 0.392             ;
; state_array[2][1][7]    ; state_array[2][1][7]   ; 0.390             ;
; state_array[2][1][54]   ; state_array[2][1][54]  ; 0.390             ;
; state_array[2][1][22]   ; state_array[2][1][22]  ; 0.390             ;
; state_array[2][1][13]   ; state_array[2][1][13]  ; 0.390             ;
; is_xof_fixed_len        ; xof_bytes_remaining[1] ; 0.390             ;
; msg_received            ; absorb_done            ; 0.388             ;
; state_array[0][0][45]   ; state_array[3][0][45]  ; 0.387             ;
; state_array[2][1][37]   ; state_array[2][1][37]  ; 0.386             ;
; state_array[0][0][2]    ; state_array[4][0][2]   ; 0.385             ;
; rate[8]                 ; bytes_squeezed[7]      ; 0.382             ;
; bytes_squeezed[7]       ; bytes_squeezed[7]      ; 0.382             ;
; bytes_squeezed[4]       ; bytes_squeezed[7]      ; 0.382             ;
; bytes_squeezed[6]       ; bytes_squeezed[7]      ; 0.382             ;
; state_array[2][1][23]   ; state_array[2][1][23]  ; 0.379             ;
; xof_bytes_remaining[15] ; state.STATE_SQUEEZE    ; 0.376             ;
; xof_bytes_remaining[14] ; state.STATE_SQUEEZE    ; 0.376             ;
; xof_bytes_remaining[11] ; state.STATE_SQUEEZE    ; 0.376             ;
; xof_bytes_remaining[10] ; state.STATE_SQUEEZE    ; 0.376             ;
; xof_bytes_remaining[9]  ; state.STATE_SQUEEZE    ; 0.376             ;
; state_array[4][0][25]   ; state_array[0][0][25]  ; 0.375             ;
; state_array[2][1][31]   ; state_array[2][1][31]  ; 0.374             ;
; state_array[4][4][25]   ; state_array[0][0][25]  ; 0.357             ;
; state_array[4][2][48]   ; state_array[4][0][48]  ; 0.355             ;
; state_array[4][1][48]   ; state_array[4][0][48]  ; 0.355             ;
; state_array[4][0][48]   ; state_array[4][0][48]  ; 0.355             ;
; state_array[1][2][47]   ; state_array[4][0][48]  ; 0.355             ;
; state_array[1][0][47]   ; state_array[4][0][48]  ; 0.355             ;
; state_array[1][3][47]   ; state_array[4][0][48]  ; 0.355             ;
; state_array[4][4][48]   ; state_array[4][0][48]  ; 0.355             ;
; state_array[1][4][47]   ; state_array[4][0][48]  ; 0.355             ;
; state_array[4][3][48]   ; state_array[4][0][48]  ; 0.355             ;
; state_array[1][1][47]   ; state_array[4][0][48]  ; 0.355             ;
; xof_bytes_remaining[2]  ; state.STATE_SQUEEZE    ; 0.349             ;
; xof_bytes_remaining[1]  ; state.STATE_SQUEEZE    ; 0.349             ;
; xof_bytes_remaining[0]  ; state.STATE_SQUEEZE    ; 0.349             ;
; xof_bytes_remaining[3]  ; state.STATE_SQUEEZE    ; 0.349             ;
; bytes_absorbed[4]       ; state_array[1][2][34]  ; 0.340             ;
; state_array[1][0][48]   ; state_array[1][0][48]  ; 0.321             ;
; input_valid_i           ; msg_received           ; 0.318             ;
; state_array[1][2][33]   ; state_array[1][2][33]  ; 0.315             ;
; state_array[0][0][19]   ; state_array[3][0][19]  ; 0.311             ;
; state_array[1][4][1]    ; state_array[1][4][1]   ; 0.310             ;
; state_array[4][2][25]   ; state_array[0][0][25]  ; 0.307             ;
; state_array[4][1][25]   ; state_array[0][0][25]  ; 0.307             ;
; state_array[1][1][24]   ; state_array[0][0][25]  ; 0.307             ;
; state_array[1][0][24]   ; state_array[0][0][25]  ; 0.307             ;
; state_array[1][3][24]   ; state_array[0][0][25]  ; 0.307             ;
; state_array[1][4][24]   ; state_array[0][0][25]  ; 0.307             ;
; state_array[4][3][25]   ; state_array[0][0][25]  ; 0.307             ;
; state_array[1][2][24]   ; state_array[0][0][25]  ; 0.307             ;
; state_array[0][0][25]   ; state_array[4][0][25]  ; 0.306             ;
; state_array[1][2][40]   ; state_array[1][2][40]  ; 0.299             ;
; state_array[0][0][33]   ; state_array[4][0][33]  ; 0.299             ;
; state_array[1][2][1]    ; state_array[1][2][1]   ; 0.299             ;
; state_array[0][0][30]   ; state_array[3][0][30]  ; 0.298             ;
; state_array[1][4][25]   ; state_array[1][4][25]  ; 0.298             ;
; state_array[1][4][44]   ; state_array[1][4][44]  ; 0.298             ;
; state_array[1][4][17]   ; state_array[1][4][17]  ; 0.297             ;
; state_array[1][4][16]   ; state_array[1][4][16]  ; 0.297             ;
; state_array[1][0][33]   ; state_array[1][0][33]  ; 0.296             ;
; state_array[1][2][28]   ; state_array[1][2][28]  ; 0.296             ;
; state_array[1][4][36]   ; state_array[1][4][36]  ; 0.296             ;
; state_array[2][4][23]   ; state_array[3][1][20]  ; 0.296             ;
; state_array[1][4][60]   ; state_array[1][4][60]  ; 0.296             ;
; state_array[1][2][58]   ; state_array[1][2][58]  ; 0.295             ;
; bytes_absorbed[3]       ; state_array[1][2][34]  ; 0.295             ;
; state_array[1][0][60]   ; state_array[1][0][60]  ; 0.294             ;
; state_array[0][0][53]   ; state_array[4][0][53]  ; 0.293             ;
; state_array[1][0][52]   ; state_array[1][0][52]  ; 0.293             ;
; state_array[1][4][12]   ; state_array[1][4][12]  ; 0.293             ;
; state_array[1][4][56]   ; state_array[1][4][56]  ; 0.293             ;
; state_array[1][0][54]   ; state_array[1][0][54]  ; 0.292             ;
; state_array[1][4][59]   ; state_array[1][4][59]  ; 0.292             ;
+-------------------------+------------------------+-------------------+
Note: This table only shows the top 100 path(s) that have the largest delay added for hold.


+-----------------+
; Fitter Messages ;
+-----------------+
Info (16303): High Performance Effort optimization mode selected -- timing performance will be prioritized at the potential cost of increased compilation time
Info (20032): Parallel compilation is enabled and will use up to 4 processors
Info (119006): Selected device 5CGXFC7C7F23C8 for design "keccak_performance"
Info (21077): Low junction temperature is 0 degrees C
Info (21077): High junction temperature is 85 degrees C
Info (171004): Fitter is performing a Standard Fit compilation using maximum Fitter effort to optimize design performance
Warning (292013): Feature LogicLock is only available with a valid subscription license. You can purchase a software subscription to gain full access to this feature.
Warning (15714): Some pins have incomplete I/O assignments. Refer to the I/O Assignment Warnings report for details
Critical Warning (169085): No exact pin location assignment(s) for 1 pins of 1 total pins. For the list of pins please refer to the I/O Assignment Warnings table in the fitter report.
Info (184020): Starting Fitter periphery placement operations
Info (11191): Automatically promoted 2 clocks (2 global)
    Info (11162): clk~inputCLKENA0 with 1673 fanout uses global clock CLKCTRL_G8
    Info (11162): rst~CLKENA0 with 1655 fanout uses global clock CLKCTRL_G2
        Info (12525): This signal is driven by core routing -- it may be moved during placement to reduce routing delays
Info (184021): Fitter periphery placement operations ending: elapsed time is 00:00:00
Info (176233): Starting register packing
Info (176235): Finished register packing
    Extra Info (176219): No registers were packed into other blocks
Info (128000): Starting physical synthesis optimizations for speed
Info (332104): Reading SDC File: 'keccak_performance.sdc'
Info (332151): Clock uncertainty is not calculated until you update the timing netlist.
Info (332123): Deriving Clock Uncertainty. Please refer to report_sdc in the Timing Analyzer to see clock uncertainties.
Info (332129): Detected timing requirements -- optimizing circuit to achieve only the specified requirements
Info (332111): Found 1 clocks
    Info (332111):   Period   Clock Name
    Info (332111): ======== ============
    Info (332111):    6.803          clk
Info (128002): Starting physical synthesis algorithm register retiming
Info (128003): Physical synthesis algorithm register retiming complete: estimated slack improvement of 0 ps
Info (128002): Starting physical synthesis algorithm combinational resynthesis using boolean division
Info (128003): Physical synthesis algorithm combinational resynthesis using boolean division complete: estimated slack improvement of 176 ps
Info (128002): Starting physical synthesis algorithm register retiming
Info (128003): Physical synthesis algorithm register retiming complete: estimated slack improvement of 0 ps
Info (128002): Starting physical synthesis algorithm combinational resynthesis using boolean division
Info (128003): Physical synthesis algorithm combinational resynthesis using boolean division complete: estimated slack improvement of 25 ps
Info (128001): Physical synthesis optimizations for speed complete: elapsed time is 00:00:06
Info (176233): Starting register packing
Info (176235): Finished register packing
    Extra Info (176219): No registers were packed into other blocks
Info (11798): Fitter preparation operations ending: elapsed time is 00:00:14
Info (170189): Fitter placement preparation operations beginning
Info (14951): The Fitter is using Advanced Physical Optimization.
Info (170190): Fitter placement preparation operations ending: elapsed time is 00:00:23
Info (170191): Fitter placement operations beginning
Info (170137): Fitter placement was successful
Info (170192): Fitter placement operations ending: elapsed time is 00:00:17
Info (170193): Fitter routing operations beginning
Info (170195): Router estimated average interconnect usage is 3% of the available device resources
    Info (170196): Router estimated peak interconnect usage is 42% of the available device resources in the region that extends from location X22_Y35 to location X32_Y45
Info (170194): Fitter routing operations ending: elapsed time is 00:01:19
Info (11888): Total time spent on timing analysis during the Fitter is 9.58 seconds.
Info (334003): Started post-fitting delay annotation
Info (334004): Delay annotation completed successfully
Info (334003): Started post-fitting delay annotation
Info (334004): Delay annotation completed successfully
Info (11801): Fitter post-fit operations ending: elapsed time is 00:00:16
Info (144001): Generated suppressed messages file D:/GitHub/dilithium-hp-hw/quartus/performance/output_files/keccak_performance.fit.smsg
Info: Quartus Prime Fitter was successful. 0 errors, 3 warnings
    Info: Peak virtual memory: 6782 megabytes
    Info: Processing ended: Sat Sep 12 16:21:29 2026
    Info: Elapsed time: 00:03:14
    Info: Total CPU time (on all processors): 00:07:08


+----------------------------+
; Fitter Suppressed Messages ;
+----------------------------+
The suppressed messages can be found in D:/GitHub/dilithium-hp-hw/quartus/performance/output_files/keccak_performance.fit.smsg.


