----------------
; Command Info ;
----------------
Report Timing: Found 20 setup paths (0 violated).  Worst case slack is 0.010 

Tcl Command:
    report_timing -setup -show_routing -multi_corner -file critical_paths/worst_setup_paths.rpt -panel_name {LightHD challenge: worst setup paths} -npaths 20 -detail full_path

Options:
    -setup 
    -npaths 20 
    -show_routing 
    -detail full_path 
    -panel_name {LightHD challenge: worst setup paths} 
    -file {critical_paths/worst_setup_paths.rpt} 
    -multi_corner 

Delay Model:
    Slow 1100mV 85C Model

+-----------------------------------------------------------------------------------------------------------------------------+
; Summary of Paths                                                                                                            ;
+-------+-----------------------+-----------------------+--------------+-------------+--------------+------------+------------+
; Slack ; From Node             ; To Node               ; Launch Clock ; Latch Clock ; Relationship ; Clock Skew ; Data Delay ;
+-------+-----------------------+-----------------------+--------------+-------------+--------------+------------+------------+
; 0.010 ; state_array[4][3][9]  ; state_array[4][4][1]  ; clk          ; clk         ; 6.803        ; -0.171     ; 6.522      ;
; 0.049 ; state_array[4][1][9]  ; state_array[4][4][1]  ; clk          ; clk         ; 6.803        ; -0.171     ; 6.483      ;
; 0.078 ; state_array[2][1][26] ; state_array[1][3][37] ; clk          ; clk         ; 6.803        ; -0.187     ; 6.438      ;
; 0.099 ; state_array[2][0][26] ; state_array[1][3][37] ; clk          ; clk         ; 6.803        ; -0.201     ; 6.403      ;
; 0.134 ; state_array[3][3][22] ; state_array[3][3][49] ; clk          ; clk         ; 6.803        ; -0.248     ; 6.321      ;
; 0.175 ; state_array[3][2][48] ; state_array[2][3][0]  ; clk          ; clk         ; 6.803        ; -0.144     ; 6.384      ;
; 0.175 ; state_array[3][4][34] ; state_array[0][3][61] ; clk          ; clk         ; 6.803        ; -0.223     ; 6.305      ;
; 0.177 ; state_array[2][3][36] ; state_array[2][1][18] ; clk          ; clk         ; 6.803        ; -0.210     ; 6.316      ;
; 0.186 ; state_array[4][3][9]  ; state_array[1][4][1]  ; clk          ; clk         ; 6.803        ; -0.159     ; 6.358      ;
; 0.188 ; state_array[1][2][53] ; state_array[0][3][26] ; clk          ; clk         ; 6.803        ; -0.171     ; 6.344      ;
; 0.197 ; state_array[3][1][34] ; state_array[0][3][61] ; clk          ; clk         ; 6.803        ; -0.223     ; 6.283      ;
; 0.200 ; state_array[2][2][26] ; state_array[1][3][37] ; clk          ; clk         ; 6.803        ; -0.095     ; 6.408      ;
; 0.201 ; state_array[2][3][27] ; state_array[3][2][29] ; clk          ; clk         ; 6.803        ; -0.181     ; 6.321      ;
; 0.204 ; state_array[2][4][5]  ; state_array[4][1][33] ; clk          ; clk         ; 6.803        ; -0.166     ; 6.333      ;
; 0.207 ; state_array[4][3][62] ; state_array[2][2][16] ; clk          ; clk         ; 6.803        ; -0.148     ; 6.348      ;
; 0.212 ; state_array[2][0][38] ; state_array[4][4][41] ; clk          ; clk         ; 6.803        ; -0.215     ; 6.276      ;
; 0.217 ; state_array[2][1][36] ; state_array[2][1][18] ; clk          ; clk         ; 6.803        ; -0.210     ; 6.276      ;
; 0.220 ; state_array[3][0][22] ; state_array[3][3][49] ; clk          ; clk         ; 6.803        ; -0.200     ; 6.283      ;
; 0.225 ; state_array[4][1][9]  ; state_array[1][4][1]  ; clk          ; clk         ; 6.803        ; -0.159     ; 6.319      ;
; 0.226 ; state_array[2][3][27] ; state_array[0][3][38] ; clk          ; clk         ; 6.803        ; -0.198     ; 6.279      ;
+-------+-----------------------+-----------------------+--------------+-------------+--------------+------------+------------+

Path #1: Setup slack is 0.010 
===============================================================================
+-------------------------------------------+
; Path Summary                              ;
+--------------------+----------------------+
; Property           ; Value                ;
+--------------------+----------------------+
; From Node          ; state_array[4][3][9] ;
; To Node            ; state_array[4][4][1] ;
; Launch Clock       ; clk                  ;
; Latch Clock        ; clk                  ;
; Data Arrival Time  ; 11.095               ;
; Data Required Time ; 11.105               ;
; Slack              ; 0.010                ;
+--------------------+----------------------+

+-------------------------------------------------------------------------------------+
; Statistics                                                                          ;
+------------------------+--------+-------+-------------+------------+--------+-------+
; Property               ; Value  ; Count ; Total Delay ; % of Total ; Min    ; Max   ;
+------------------------+--------+-------+-------------+------------+--------+-------+
; Setup Relationship     ; 6.803  ;       ;             ;            ;        ;       ;
; Clock Skew             ; -0.171 ;       ;             ;            ;        ;       ;
; Data Delay             ; 6.522  ;       ;             ;            ;        ;       ;
; Number of Logic Levels ;        ; 5     ;             ;            ;        ;       ;
; Physical Delays        ;        ;       ;             ;            ;        ;       ;
;  Arrival Path          ;        ;       ;             ;            ;        ;       ;
;   Clock                ;        ;       ;             ;            ;        ;       ;
;    IC                  ;        ; 3     ; 0.000       ; 0          ; 0.000  ; 0.000 ;
;    Cell                ;        ; 3     ; 1.901       ; 42         ; 0.507  ; 0.739 ;
;    Routing Element     ;        ; 26    ; 2.672       ; 58         ; 0.000  ; 0.835 ;
;   Data                 ;        ;       ;             ;            ;        ;       ;
;    IC                  ;        ; 6     ; 0.001       ; 0          ; 0.000  ; 0.001 ;
;    Cell                ;        ; 7     ; 1.022       ; 16         ; 0.000  ; 0.349 ;
;    uTco                ;        ; 1     ; 0.000       ; 0          ; 0.000  ; 0.000 ;
;    Routing Element     ;        ; 31    ; 5.499       ; 84         ; 0.000  ; 0.452 ;
;  Required Path         ;        ;       ;             ;            ;        ;       ;
;   Clock                ;        ;       ;             ;            ;        ;       ;
;    IC                  ;        ; 3     ; -0.001      ; 0          ; -0.001 ; 0.000 ;
;    Cell                ;        ; 3     ; 1.773       ; 41         ; 0.470  ; 0.739 ;
;    Routing Element     ;        ; 26    ; 2.570       ; 59         ; 0.000  ; 0.788 ;
+------------------------+--------+-------+-------------+------------+--------+-------+
Note: Negative delays are omitted from totals when calculating percentages

+-----------------------------------------------------------------------------------------------------------------------------------+
; Data Arrival Path                                                                                                                 ;
+----------+---------+----+------+--------+-------------------------------------------+---------------------------------------------+
; Total    ; Incr    ; RF ; Type ; Fanout ; Location                                  ; Element                                     ;
+----------+---------+----+------+--------+-------------------------------------------+---------------------------------------------+
; 0.000    ; 0.000   ;    ;      ;        ;                                           ; launch edge time                            ;
; 4.573    ; 4.573   ;    ;      ;        ;                                           ; clock path                                  ;
;   0.000  ;   0.000 ;    ;      ;        ;                                           ; source latency                              ;
;   0.000  ;   0.000 ;    ;      ; 1      ; PIN_M16                                   ; clk                                         ;
;   0.000  ;   0.000 ;    ; RE   ; 1      ; IOPAD_X89_Y35_N60                         ; ARRIAV_IO_PAD                               ;
;   0.000  ;   0.000 ;    ; RE   ; 1      ; IO_PAD_OUTPUT_X89_Y35_N60_I1              ; IO_PAD_OUTPUT                               ;
;   0.000  ;   0.000 ;    ; RE   ; 1      ; IO_INPUT_BUFFER_INPUT_X89_Y35_N61_I0      ; IO_INPUT_BUFFER_INPUT                       ;
;   0.000  ;   0.000 ; RR ; IC   ; 1      ; IOIBUF_X89_Y35_N61                        ; clk~input|i                                 ;
;   0.739  ;   0.739 ; RR ; CELL ; 1      ; IOIBUF_X89_Y35_N61                        ; clk~input|o                                 ;
;   0.739  ;   0.000 ;    ; RE   ; 1      ; IOIBUF_X89_Y35_N61                        ; ARRIAV_IO_IBUF                              ;
;   0.739  ;   0.000 ;    ; RE   ; 1      ; IO_INPUT_BUFFER_OUTPUT_X89_Y35_N61_I2     ; IO_INPUT_BUFFER_OUTPUT                      ;
;   0.739  ;   0.000 ;    ; RE   ; 1      ; IO_RE_X89_Y35_N60_I96                     ; IO_RE                                       ;
;   0.833  ;   0.094 ;    ; RE   ; 1      ; IO_RE_X89_Y35_N60_I66                     ; IO_RE                                       ;
;   1.125  ;   0.292 ;    ; RE   ; 1      ; CLKBUF_CLUSTER_RE_X89_Y39_N3_I421         ; CLKBUF_CLUSTER_RE                           ;
;   1.125  ;   0.000 ;    ; RE   ; 1      ; CLKBUF_CLUSTER_RE_X89_Y39_N3_I756         ; CLKBUF_CLUSTER_RE                           ;
;   1.125  ;   0.000 ;    ; RE   ; 1      ; CLKBUF_CLUSTER_RE_X89_Y39_N3_I493         ; CLKBUF_CLUSTER_RE                           ;
;   1.125  ;   0.000 ;    ; RE   ; 1      ; GCLK_CLUSTER_RE_X89_Y39_N3_I10            ; GCLK_CLUSTER_RE                             ;
;   1.125  ;   0.000 ;    ; RE   ; 1      ; CLKBUFBLOCK_INPUT_X89_Y39_N4_I0           ; CLKBUFBLOCK_INPUT                           ;
;   1.125  ;   0.000 ; RR ; IC   ; 1      ; CLKCTRL_G8                                ; clk~inputCLKENA0|inclk                      ;
;   1.632  ;   0.507 ; RR ; CELL ; 1674   ; CLKCTRL_G8                                ; clk~inputCLKENA0|outclk                     ;
;   1.632  ;   0.000 ;    ; RE   ; 1      ; CLKCTRL_G8                                ; ARRIAV_CLKBUF                               ;
;   1.632  ;   0.000 ;    ; RE   ; 1      ; CLKBUFBLOCK_OUTPUT_X89_Y39_N4_I2          ; CLKBUFBLOCK_OUTPUT                          ;
;   1.632  ;   0.000 ;    ; RE   ; 1      ; GCLK_CLUSTER_RE_X89_Y39_N3_I12            ; GCLK_CLUSTER_RE                             ;
;   1.632  ;   0.000 ;    ; RE   ; 1      ; CLKBUF_CLUSTER_RE_X89_Y39_N3_I415         ; CLKBUF_CLUSTER_RE                           ;
;   2.467  ;   0.835 ;    ; RE   ; 5      ; GLOBAL_CLOCK_X0_Y36_N0_I8                 ; GLOBAL_CLOCK                                ;
;   2.636  ;   0.169 ;    ; RE   ; 20     ; SPINE_CLOCK_X33_Y37_N0_I6                 ; SPINE_CLOCK                                 ;
;   3.080  ;   0.444 ;    ; RE   ; 1      ; SCLK_TO_ROWCLK_BUF_X33_Y37_N0_I37         ; SCLK_TO_ROWCLK_BUF                          ;
;   3.176  ;   0.096 ;    ; RE   ; 2      ; SCLK_TO_ROWCLK_BUF_X33_Y37_N0_I40         ; SCLK_TO_ROWCLK_BUF                          ;
;   3.658  ;   0.482 ;    ; RE   ; 1      ; LAB_CLK_X34_Y37_N0_I5                     ; LAB_CLK                                     ;
;   3.802  ;   0.144 ;    ; RE   ; 1      ; BLK_CLK_BUF_X34_Y37_N0_I5                 ; BLK_CLK_BUF                                 ;
;   3.859  ;   0.057 ;    ; RE   ; 1      ; ROWCLKSEL_PREBUF_X34_Y37_N0_I5            ; ROWCLKSEL_PREBUF                            ;
;   3.918  ;   0.059 ;    ; RE   ; 1      ; ROWCLKSEL_X34_Y37_N0_I0                   ; ROWCLKSEL                                   ;
;   3.918  ;   0.000 ;    ; RE   ; 1      ; GLOBAL_LOCAL_SEL_X34_Y37_N0_I0            ; GLOBAL_LOCAL_SEL                            ;
;   3.918  ;   0.000 ;    ; RE   ; 4      ; LAB_INPUT_X34_Y37_N0_I0                   ; LAB_INPUT                                   ;
;   3.918  ;   0.000 ; RR ; IC   ; 1      ; FF_X34_Y37_N20                            ; state_array[4][3][9]|clk                    ;
;   4.573  ;   0.655 ; RR ; CELL ; 1      ; FF_X34_Y37_N20                            ; state_array[4][3][9]                        ;
; 11.095   ; 6.522   ;    ;      ;        ;                                           ; data path                                   ;
;   4.573  ;   0.000 ;    ; uTco ; 1      ; FF_X34_Y37_N20                            ; state_array[4][3][9]                        ;
;   4.573  ;   0.000 ; FF ; CELL ; 7      ; FF_X34_Y37_N20                            ; state_array[4][3][9]|q                      ;
;   4.632  ;   0.059 ;    ; RE   ; 2      ; FF_X34_Y37_N20                            ; ARRIAV_FF                                   ;
;   4.776  ;   0.144 ;    ; RE   ; 3      ; LE_BUFFER_X34_Y37_N0_I13                  ; LE_BUFFER                                   ;
;   5.072  ;   0.296 ;    ; RE   ; 1      ; C2_X33_Y38_N0_I6                          ; V_SEG2                                      ;
;   5.350  ;   0.278 ;    ; RE   ; 1      ; R3_X34_Y38_N0_I5                          ; H_SEG3                                      ;
;   5.530  ;   0.180 ;    ; RE   ; 1      ; LOCAL_INTERCONNECT_X35_Y38_N0_I40         ; LAB_LINE                                    ;
;   5.661  ;   0.131 ;    ; RE   ; 1      ; BLOCK_INPUT_MUX_X35_Y38_N0_I46            ; LEIM_INPUT                                  ;
;   5.661  ;   0.000 ; FF ; IC   ; 1      ; LABCELL_X35_Y38_N33                       ; KSU|u_theta|C[4][9]|datae                   ;
;   6.010  ;   0.349 ; FF ; CELL ; 4      ; LABCELL_X35_Y38_N33                       ; KSU|u_theta|C[4][9]|combout                 ;
;   6.010  ;   0.000 ;    ; RE   ; 1      ; LABCELL_X35_Y38_N33                       ; ARRIAV_LCELL_COMB                           ;
;   6.113  ;   0.103 ;    ; RE   ; 2      ; LE_BUFFER_X35_Y38_N0_I23                  ; LE_BUFFER                                   ;
;   6.406  ;   0.293 ;    ; RE   ; 2      ; C4_X34_Y39_N0_I3                          ; V_SEG4                                      ;
;   6.779  ;   0.373 ;    ; RE   ; 1      ; C4_X34_Y43_N0_I3                          ; V_SEG4                                      ;
;   7.070  ;   0.291 ;    ; RE   ; 1      ; R3_X32_Y46_N0_I19                         ; H_SEG3                                      ;
;   7.272  ;   0.202 ;    ; RE   ; 2      ; LOCAL_INTERCONNECT_X34_Y46_N0_I12         ; LAB_LINE                                    ;
;   7.400  ;   0.128 ;    ; RE   ; 1      ; BLOCK_INPUT_MUX_X34_Y46_N0_I41            ; LEIM_INPUT                                  ;
;   7.401  ;   0.001 ; FF ; IC   ; 1      ; MLABCELL_X34_Y46_N30                      ; KSU|u_theta|D[3][10]|dataf                  ;
;   7.491  ;   0.090 ; FF ; CELL ; 8      ; MLABCELL_X34_Y46_N30                      ; KSU|u_theta|D[3][10]|combout                ;
;   7.491  ;   0.000 ;    ; RE   ; 1      ; MLABCELL_X34_Y46_N30                      ; ARRIAV_LCELL_COMB                           ;
;   7.582  ;   0.091 ;    ; RE   ; 2      ; LE_BUFFER_X34_Y46_N0_I20                  ; LE_BUFFER                                   ;
;   8.016  ;   0.434 ;    ; RE   ; 1      ; R6_X29_Y46_N0_I38                         ; H_SEG6                                      ;
;   8.016  ;   0.000 ;    ; RE   ; 2      ; R14_C12_INTERCONNECT_DRIVER_X30_Y46_N0_I3 ; WIRE_MUX                                    ;
;   8.409  ;   0.393 ;    ; RE   ; 2      ; R14_X17_Y46_N0_I1                         ; H_SEG14                                     ;
;   8.861  ;   0.452 ;    ; RE   ; 1      ; R6_X11_Y46_N0_I38                         ; H_SEG6                                      ;
;   9.155  ;   0.294 ;    ; RE   ; 1      ; LOCAL_INTERCONNECT_X10_Y46_N0_I29         ; LAB_LINE                                    ;
;   9.298  ;   0.143 ;    ; RE   ; 1      ; BLOCK_INPUT_MUX_X10_Y46_N0_I47            ; LEIM_INPUT                                  ;
;   9.298  ;   0.000 ; FF ; IC   ; 1      ; LABCELL_X10_Y46_N33                       ; KSU|u_theta|state_array_o[3][1][10]|dataf   ;
;   9.386  ;   0.088 ; FF ; CELL ; 2      ; LABCELL_X10_Y46_N33                       ; KSU|u_theta|state_array_o[3][1][10]|combout ;
;   9.386  ;   0.000 ;    ; RE   ; 1      ; LABCELL_X10_Y46_N33                       ; ARRIAV_LCELL_COMB                           ;
;   9.485  ;   0.099 ;    ; RE   ; 2      ; LE_BUFFER_X10_Y46_N0_I23                  ; LE_BUFFER                                   ;
;   9.766  ;   0.281 ;    ; RE   ; 1      ; C4_X9_Y47_N0_I3                           ; V_SEG4                                      ;
;   10.046 ;   0.280 ;    ; RE   ; 1      ; R3_X7_Y49_N0_I21                          ; H_SEG3                                      ;
;   10.227 ;   0.181 ;    ; RE   ; 1      ; LOCAL_INTERCONNECT_X9_Y49_N0_I21          ; LAB_LINE                                    ;
;   10.358 ;   0.131 ;    ; RE   ; 1      ; BLOCK_INPUT_MUX_X9_Y49_N0_I23             ; LEIM_INPUT                                  ;
;   10.358 ;   0.000 ; FF ; IC   ; 1      ; LABCELL_X9_Y49_N15                        ; state_array~53|dataf                        ;
;   10.447 ;   0.089 ; FF ; CELL ; 1      ; LABCELL_X9_Y49_N15                        ; state_array~53|combout                      ;
;   10.447 ;   0.000 ;    ; RE   ; 1      ; LABCELL_X9_Y49_N15                        ; ARRIAV_LCELL_COMB                           ;
;   10.546 ;   0.099 ;    ; RE   ; 1      ; LOCAL_LINE_X9_Y49_N0_I5                   ; LOCAL_LINE                                  ;
;   10.689 ;   0.143 ;    ; RE   ; 1      ; BLOCK_INPUT_MUX_X9_Y49_N0_I41             ; LEIM_INPUT                                  ;
;   10.689 ;   0.000 ; FF ; IC   ; 1      ; LABCELL_X9_Y49_N30                        ; state_array~54|dataf                        ;
;   10.789 ;   0.100 ; FR ; CELL ; 1      ; LABCELL_X9_Y49_N30                        ; state_array~54|combout                      ;
;   10.789 ;   0.000 ;    ; RE   ; 1      ; LABCELL_X9_Y49_N30                        ; ARRIAV_LCELL_COMB                           ;
;   10.789 ;   0.000 ; RR ; IC   ; 1      ; FF_X9_Y49_N32                             ; state_array[4][4][1]|d                      ;
;   11.095 ;   0.306 ; RR ; CELL ; 1      ; FF_X9_Y49_N32                             ; state_array[4][4][1]                        ;
+----------+---------+----+------+--------+-------------------------------------------+---------------------------------------------+

+-------------------------------------------------------------------------------------------------------------+
; Data Required Path                                                                                          ;
+----------+----------+----+------+--------+---------------------------------------+--------------------------+
; Total    ; Incr     ; RF ; Type ; Fanout ; Location                              ; Element                  ;
+----------+----------+----+------+--------+---------------------------------------+--------------------------+
; 6.803    ; 6.803    ;    ;      ;        ;                                       ; latch edge time          ;
; 11.205   ; 4.402    ;    ;      ;        ;                                       ; clock path               ;
;   6.803  ;   0.000  ;    ;      ;        ;                                       ; source latency           ;
;   6.803  ;   0.000  ;    ;      ; 1      ; PIN_M16                               ; clk                      ;
;   6.803  ;   0.000  ;    ; RE   ; 1      ; IOPAD_X89_Y35_N60                     ; ARRIAV_IO_PAD            ;
;   6.803  ;   0.000  ;    ; RE   ; 1      ; IO_PAD_OUTPUT_X89_Y35_N60_I1          ; IO_PAD_OUTPUT            ;
;   6.803  ;   0.000  ;    ; RE   ; 1      ; IO_INPUT_BUFFER_INPUT_X89_Y35_N61_I0  ; IO_INPUT_BUFFER_INPUT    ;
;   6.803  ;   0.000  ; RR ; IC   ; 1      ; IOIBUF_X89_Y35_N61                    ; clk~input|i              ;
;   7.542  ;   0.739  ; RR ; CELL ; 1      ; IOIBUF_X89_Y35_N61                    ; clk~input|o              ;
;   7.542  ;   0.000  ;    ; RE   ; 1      ; IOIBUF_X89_Y35_N61                    ; ARRIAV_IO_IBUF           ;
;   7.542  ;   0.000  ;    ; RE   ; 1      ; IO_INPUT_BUFFER_OUTPUT_X89_Y35_N61_I2 ; IO_INPUT_BUFFER_OUTPUT   ;
;   7.542  ;   0.000  ;    ; RE   ; 1      ; IO_RE_X89_Y35_N60_I96                 ; IO_RE                    ;
;   7.630  ;   0.088  ;    ; RE   ; 1      ; IO_RE_X89_Y35_N60_I66                 ; IO_RE                    ;
;   7.905  ;   0.275  ;    ; RE   ; 1      ; CLKBUF_CLUSTER_RE_X89_Y39_N3_I421     ; CLKBUF_CLUSTER_RE        ;
;   7.905  ;   0.000  ;    ; RE   ; 1      ; CLKBUF_CLUSTER_RE_X89_Y39_N3_I756     ; CLKBUF_CLUSTER_RE        ;
;   7.905  ;   0.000  ;    ; RE   ; 1      ; CLKBUF_CLUSTER_RE_X89_Y39_N3_I493     ; CLKBUF_CLUSTER_RE        ;
;   7.905  ;   0.000  ;    ; RE   ; 1      ; GCLK_CLUSTER_RE_X89_Y39_N3_I10        ; GCLK_CLUSTER_RE          ;
;   7.905  ;   0.000  ;    ; RE   ; 1      ; CLKBUFBLOCK_INPUT_X89_Y39_N4_I0       ; CLKBUFBLOCK_INPUT        ;
;   7.905  ;   0.000  ; RR ; IC   ; 1      ; CLKCTRL_G8                            ; clk~inputCLKENA0|inclk   ;
;   8.375  ;   0.470  ; RR ; CELL ; 1674   ; CLKCTRL_G8                            ; clk~inputCLKENA0|outclk  ;
;   8.375  ;   0.000  ;    ; RE   ; 1      ; CLKCTRL_G8                            ; ARRIAV_CLKBUF            ;
;   8.375  ;   0.000  ;    ; RE   ; 1      ; CLKBUFBLOCK_OUTPUT_X89_Y39_N4_I2      ; CLKBUFBLOCK_OUTPUT       ;
;   8.375  ;   0.000  ;    ; RE   ; 1      ; GCLK_CLUSTER_RE_X89_Y39_N3_I12        ; GCLK_CLUSTER_RE          ;
;   8.375  ;   0.000  ;    ; RE   ; 1      ; CLKBUF_CLUSTER_RE_X89_Y39_N3_I415     ; CLKBUF_CLUSTER_RE        ;
;   9.163  ;   0.788  ;    ; RE   ; 5      ; GLOBAL_CLOCK_X0_Y36_N0_I8             ; GLOBAL_CLOCK             ;
;   9.315  ;   0.152  ;    ; RE   ; 19     ; SPINE_CLOCK_X15_Y37_N0_I6             ; SPINE_CLOCK              ;
;   9.738  ;   0.423  ;    ; RE   ; 1      ; SCLK_TO_ROWCLK_BUF_X15_Y49_N0_I37     ; SCLK_TO_ROWCLK_BUF       ;
;   9.830  ;   0.092  ;    ; RE   ; 2      ; SCLK_TO_ROWCLK_BUF_X15_Y49_N0_I40     ; SCLK_TO_ROWCLK_BUF       ;
;   10.319 ;   0.489  ;    ; RE   ; 5      ; LAB_CLK_X0_Y49_N0_I5                  ; LAB_CLK                  ;
;   10.470 ;   0.151  ;    ; RE   ; 1      ; BLK_CLK_BUF_X9_Y49_N0_I5              ; BLK_CLK_BUF              ;
;   10.528 ;   0.058  ;    ; RE   ; 1      ; ROWCLKSEL_PREBUF_X9_Y49_N0_I5         ; ROWCLKSEL_PREBUF         ;
;   10.582 ;   0.054  ;    ; RE   ; 1      ; ROWCLKSEL_X9_Y49_N0_I0                ; ROWCLKSEL                ;
;   10.582 ;   0.000  ;    ; RE   ; 1      ; GLOBAL_LOCAL_SEL_X9_Y49_N0_I0         ; GLOBAL_LOCAL_SEL         ;
;   10.582 ;   0.000  ;    ; RE   ; 2      ; LAB_INPUT_X9_Y49_N0_I0                ; LAB_INPUT                ;
;   10.581 ;   -0.001 ; RR ; IC   ; 1      ; FF_X9_Y49_N32                         ; state_array[4][4][1]|clk ;
;   11.145 ;   0.564  ; RR ; CELL ; 1      ; FF_X9_Y49_N32                         ; state_array[4][4][1]     ;
;   11.205 ;   0.060  ;    ;      ;        ;                                       ; clock pessimism removed  ;
; 11.105   ; -0.100   ;    ;      ;        ;                                       ; clock uncertainty        ;
; 11.105   ; 0.000    ;    ; uTsu ; 1      ; FF_X9_Y49_N32                         ; state_array[4][4][1]     ;
+----------+----------+----+------+--------+---------------------------------------+--------------------------+

----------------------------
; Extra Fitter Information ;
----------------------------
HTML report is unavailable in plain text report export.


Path #2: Setup slack is 0.049 
===============================================================================
+-------------------------------------------+
; Path Summary                              ;
+--------------------+----------------------+
; Property           ; Value                ;
+--------------------+----------------------+
; From Node          ; state_array[4][1][9] ;
; To Node            ; state_array[4][4][1] ;
; Launch Clock       ; clk                  ;
; Latch Clock        ; clk                  ;
; Data Arrival Time  ; 11.056               ;
; Data Required Time ; 11.105               ;
; Slack              ; 0.049                ;
+--------------------+----------------------+

+-------------------------------------------------------------------------------------+
; Statistics                                                                          ;
+------------------------+--------+-------+-------------+------------+--------+-------+
; Property               ; Value  ; Count ; Total Delay ; % of Total ; Min    ; Max   ;
+------------------------+--------+-------+-------------+------------+--------+-------+
; Setup Relationship     ; 6.803  ;       ;             ;            ;        ;       ;
; Clock Skew             ; -0.171 ;       ;             ;            ;        ;       ;
; Data Delay             ; 6.483  ;       ;             ;            ;        ;       ;
; Number of Logic Levels ;        ; 5     ;             ;            ;        ;       ;
; Physical Delays        ;        ;       ;             ;            ;        ;       ;
;  Arrival Path          ;        ;       ;             ;            ;        ;       ;
;   Clock                ;        ;       ;             ;            ;        ;       ;
;    IC                  ;        ; 3     ; 0.000       ; 0          ; 0.000  ; 0.000 ;
;    Cell                ;        ; 3     ; 1.901       ; 42         ; 0.507  ; 0.739 ;
;    Routing Element     ;        ; 26    ; 2.672       ; 58         ; 0.000  ; 0.835 ;
;   Data                 ;        ;       ;             ;            ;        ;       ;
;    IC                  ;        ; 6     ; 0.001       ; 0          ; 0.000  ; 0.001 ;
;    Cell                ;        ; 7     ; 1.268       ; 20         ; 0.000  ; 0.595 ;
;    uTco                ;        ; 1     ; 0.000       ; 0          ; 0.000  ; 0.000 ;
;    Routing Element     ;        ; 30    ; 5.214       ; 80         ; 0.000  ; 0.452 ;
;  Required Path         ;        ;       ;             ;            ;        ;       ;
;   Clock                ;        ;       ;             ;            ;        ;       ;
;    IC                  ;        ; 3     ; -0.001      ; 0          ; -0.001 ; 0.000 ;
;    Cell                ;        ; 3     ; 1.773       ; 41         ; 0.470  ; 0.739 ;
;    Routing Element     ;        ; 26    ; 2.570       ; 59         ; 0.000  ; 0.788 ;
+------------------------+--------+-------+-------------+------------+--------+-------+
Note: Negative delays are omitted from totals when calculating percentages

+-----------------------------------------------------------------------------------------------------------------------------------+
; Data Arrival Path                                                                                                                 ;
+----------+---------+----+------+--------+-------------------------------------------+---------------------------------------------+
; Total    ; Incr    ; RF ; Type ; Fanout ; Location                                  ; Element                                     ;
+----------+---------+----+------+--------+-------------------------------------------+---------------------------------------------+
; 0.000    ; 0.000   ;    ;      ;        ;                                           ; launch edge time                            ;
; 4.573    ; 4.573   ;    ;      ;        ;                                           ; clock path                                  ;
;   0.000  ;   0.000 ;    ;      ;        ;                                           ; source latency                              ;
;   0.000  ;   0.000 ;    ;      ; 1      ; PIN_M16                                   ; clk                                         ;
;   0.000  ;   0.000 ;    ; RE   ; 1      ; IOPAD_X89_Y35_N60                         ; ARRIAV_IO_PAD                               ;
;   0.000  ;   0.000 ;    ; RE   ; 1      ; IO_PAD_OUTPUT_X89_Y35_N60_I1              ; IO_PAD_OUTPUT                               ;
;   0.000  ;   0.000 ;    ; RE   ; 1      ; IO_INPUT_BUFFER_INPUT_X89_Y35_N61_I0      ; IO_INPUT_BUFFER_INPUT                       ;
;   0.000  ;   0.000 ; RR ; IC   ; 1      ; IOIBUF_X89_Y35_N61                        ; clk~input|i                                 ;
;   0.739  ;   0.739 ; RR ; CELL ; 1      ; IOIBUF_X89_Y35_N61                        ; clk~input|o                                 ;
;   0.739  ;   0.000 ;    ; RE   ; 1      ; IOIBUF_X89_Y35_N61                        ; ARRIAV_IO_IBUF                              ;
;   0.739  ;   0.000 ;    ; RE   ; 1      ; IO_INPUT_BUFFER_OUTPUT_X89_Y35_N61_I2     ; IO_INPUT_BUFFER_OUTPUT                      ;
;   0.739  ;   0.000 ;    ; RE   ; 1      ; IO_RE_X89_Y35_N60_I96                     ; IO_RE                                       ;
;   0.833  ;   0.094 ;    ; RE   ; 1      ; IO_RE_X89_Y35_N60_I66                     ; IO_RE                                       ;
;   1.125  ;   0.292 ;    ; RE   ; 1      ; CLKBUF_CLUSTER_RE_X89_Y39_N3_I421         ; CLKBUF_CLUSTER_RE                           ;
;   1.125  ;   0.000 ;    ; RE   ; 1      ; CLKBUF_CLUSTER_RE_X89_Y39_N3_I756         ; CLKBUF_CLUSTER_RE                           ;
;   1.125  ;   0.000 ;    ; RE   ; 1      ; CLKBUF_CLUSTER_RE_X89_Y39_N3_I493         ; CLKBUF_CLUSTER_RE                           ;
;   1.125  ;   0.000 ;    ; RE   ; 1      ; GCLK_CLUSTER_RE_X89_Y39_N3_I10            ; GCLK_CLUSTER_RE                             ;
;   1.125  ;   0.000 ;    ; RE   ; 1      ; CLKBUFBLOCK_INPUT_X89_Y39_N4_I0           ; CLKBUFBLOCK_INPUT                           ;
;   1.125  ;   0.000 ; RR ; IC   ; 1      ; CLKCTRL_G8                                ; clk~inputCLKENA0|inclk                      ;
;   1.632  ;   0.507 ; RR ; CELL ; 1674   ; CLKCTRL_G8                                ; clk~inputCLKENA0|outclk                     ;
;   1.632  ;   0.000 ;    ; RE   ; 1      ; CLKCTRL_G8                                ; ARRIAV_CLKBUF                               ;
;   1.632  ;   0.000 ;    ; RE   ; 1      ; CLKBUFBLOCK_OUTPUT_X89_Y39_N4_I2          ; CLKBUFBLOCK_OUTPUT                          ;
;   1.632  ;   0.000 ;    ; RE   ; 1      ; GCLK_CLUSTER_RE_X89_Y39_N3_I12            ; GCLK_CLUSTER_RE                             ;
;   1.632  ;   0.000 ;    ; RE   ; 1      ; CLKBUF_CLUSTER_RE_X89_Y39_N3_I415         ; CLKBUF_CLUSTER_RE                           ;
;   2.467  ;   0.835 ;    ; RE   ; 5      ; GLOBAL_CLOCK_X0_Y36_N0_I8                 ; GLOBAL_CLOCK                                ;
;   2.636  ;   0.169 ;    ; RE   ; 20     ; SPINE_CLOCK_X33_Y37_N0_I6                 ; SPINE_CLOCK                                 ;
;   3.080  ;   0.444 ;    ; RE   ; 1      ; SCLK_TO_ROWCLK_BUF_X33_Y38_N0_I37         ; SCLK_TO_ROWCLK_BUF                          ;
;   3.176  ;   0.096 ;    ; RE   ; 2      ; SCLK_TO_ROWCLK_BUF_X33_Y38_N0_I40         ; SCLK_TO_ROWCLK_BUF                          ;
;   3.658  ;   0.482 ;    ; RE   ; 2      ; LAB_CLK_X34_Y38_N0_I5                     ; LAB_CLK                                     ;
;   3.802  ;   0.144 ;    ; RE   ; 1      ; BLK_CLK_BUF_X34_Y38_N0_I5                 ; BLK_CLK_BUF                                 ;
;   3.859  ;   0.057 ;    ; RE   ; 1      ; ROWCLKSEL_PREBUF_X34_Y38_N0_I5            ; ROWCLKSEL_PREBUF                            ;
;   3.918  ;   0.059 ;    ; RE   ; 1      ; ROWCLKSEL_X34_Y38_N0_I0                   ; ROWCLKSEL                                   ;
;   3.918  ;   0.000 ;    ; RE   ; 1      ; GLOBAL_LOCAL_SEL_X34_Y38_N0_I0            ; GLOBAL_LOCAL_SEL                            ;
;   3.918  ;   0.000 ;    ; RE   ; 3      ; LAB_INPUT_X34_Y38_N0_I0                   ; LAB_INPUT                                   ;
;   3.918  ;   0.000 ; RR ; IC   ; 1      ; FF_X34_Y38_N50                            ; state_array[4][1][9]|clk                    ;
;   4.573  ;   0.655 ; RR ; CELL ; 1      ; FF_X34_Y38_N50                            ; state_array[4][1][9]                        ;
; 11.056   ; 6.483   ;    ;      ;        ;                                           ; data path                                   ;
;   4.573  ;   0.000 ;    ; uTco ; 1      ; FF_X34_Y38_N50                            ; state_array[4][1][9]                        ;
;   4.573  ;   0.000 ; FF ; CELL ; 6      ; FF_X34_Y38_N50                            ; state_array[4][1][9]|q                      ;
;   4.632  ;   0.059 ;    ; RE   ; 3      ; FF_X34_Y38_N50                            ; ARRIAV_FF                                   ;
;   4.779  ;   0.147 ;    ; RE   ; 3      ; LE_BUFFER_X34_Y38_N0_I33                  ; LE_BUFFER                                   ;
;   5.039  ;   0.260 ;    ; RE   ; 1      ; R3_X34_Y38_N0_I8                          ; H_SEG3                                      ;
;   5.236  ;   0.197 ;    ; RE   ; 1      ; LOCAL_INTERCONNECT_X35_Y38_N0_I43         ; LAB_LINE                                    ;
;   5.376  ;   0.140 ;    ; RE   ; 1      ; BLOCK_INPUT_MUX_X35_Y38_N0_I45            ; LEIM_INPUT                                  ;
;   5.376  ;   0.000 ; FF ; IC   ; 1      ; LABCELL_X35_Y38_N33                       ; KSU|u_theta|C[4][9]|datac                   ;
;   5.971  ;   0.595 ; FF ; CELL ; 4      ; LABCELL_X35_Y38_N33                       ; KSU|u_theta|C[4][9]|combout                 ;
;   5.971  ;   0.000 ;    ; RE   ; 1      ; LABCELL_X35_Y38_N33                       ; ARRIAV_LCELL_COMB                           ;
;   6.074  ;   0.103 ;    ; RE   ; 2      ; LE_BUFFER_X35_Y38_N0_I23                  ; LE_BUFFER                                   ;
;   6.367  ;   0.293 ;    ; RE   ; 2      ; C4_X34_Y39_N0_I3                          ; V_SEG4                                      ;
;   6.740  ;   0.373 ;    ; RE   ; 1      ; C4_X34_Y43_N0_I3                          ; V_SEG4                                      ;
;   7.031  ;   0.291 ;    ; RE   ; 1      ; R3_X32_Y46_N0_I19                         ; H_SEG3                                      ;
;   7.233  ;   0.202 ;    ; RE   ; 2      ; LOCAL_INTERCONNECT_X34_Y46_N0_I12         ; LAB_LINE                                    ;
;   7.361  ;   0.128 ;    ; RE   ; 1      ; BLOCK_INPUT_MUX_X34_Y46_N0_I41            ; LEIM_INPUT                                  ;
;   7.362  ;   0.001 ; FF ; IC   ; 1      ; MLABCELL_X34_Y46_N30                      ; KSU|u_theta|D[3][10]|dataf                  ;
;   7.452  ;   0.090 ; FF ; CELL ; 8      ; MLABCELL_X34_Y46_N30                      ; KSU|u_theta|D[3][10]|combout                ;
;   7.452  ;   0.000 ;    ; RE   ; 1      ; MLABCELL_X34_Y46_N30                      ; ARRIAV_LCELL_COMB                           ;
;   7.543  ;   0.091 ;    ; RE   ; 2      ; LE_BUFFER_X34_Y46_N0_I20                  ; LE_BUFFER                                   ;
;   7.977  ;   0.434 ;    ; RE   ; 1      ; R6_X29_Y46_N0_I38                         ; H_SEG6                                      ;
;   7.977  ;   0.000 ;    ; RE   ; 2      ; R14_C12_INTERCONNECT_DRIVER_X30_Y46_N0_I3 ; WIRE_MUX                                    ;
;   8.370  ;   0.393 ;    ; RE   ; 2      ; R14_X17_Y46_N0_I1                         ; H_SEG14                                     ;
;   8.822  ;   0.452 ;    ; RE   ; 1      ; R6_X11_Y46_N0_I38                         ; H_SEG6                                      ;
;   9.116  ;   0.294 ;    ; RE   ; 1      ; LOCAL_INTERCONNECT_X10_Y46_N0_I29         ; LAB_LINE                                    ;
;   9.259  ;   0.143 ;    ; RE   ; 1      ; BLOCK_INPUT_MUX_X10_Y46_N0_I47            ; LEIM_INPUT                                  ;
;   9.259  ;   0.000 ; FF ; IC   ; 1      ; LABCELL_X10_Y46_N33                       ; KSU|u_theta|state_array_o[3][1][10]|dataf   ;
;   9.347  ;   0.088 ; FF ; CELL ; 2      ; LABCELL_X10_Y46_N33                       ; KSU|u_theta|state_array_o[3][1][10]|combout ;
;   9.347  ;   0.000 ;    ; RE   ; 1      ; LABCELL_X10_Y46_N33                       ; ARRIAV_LCELL_COMB                           ;
;   9.446  ;   0.099 ;    ; RE   ; 2      ; LE_BUFFER_X10_Y46_N0_I23                  ; LE_BUFFER                                   ;
;   9.727  ;   0.281 ;    ; RE   ; 1      ; C4_X9_Y47_N0_I3                           ; V_SEG4                                      ;
;   10.007 ;   0.280 ;    ; RE   ; 1      ; R3_X7_Y49_N0_I21                          ; H_SEG3                                      ;
;   10.188 ;   0.181 ;    ; RE   ; 1      ; LOCAL_INTERCONNECT_X9_Y49_N0_I21          ; LAB_LINE                                    ;
;   10.319 ;   0.131 ;    ; RE   ; 1      ; BLOCK_INPUT_MUX_X9_Y49_N0_I23             ; LEIM_INPUT                                  ;
;   10.319 ;   0.000 ; FF ; IC   ; 1      ; LABCELL_X9_Y49_N15                        ; state_array~53|dataf                        ;
;   10.408 ;   0.089 ; FF ; CELL ; 1      ; LABCELL_X9_Y49_N15                        ; state_array~53|combout                      ;
;   10.408 ;   0.000 ;    ; RE   ; 1      ; LABCELL_X9_Y49_N15                        ; ARRIAV_LCELL_COMB                           ;
;   10.507 ;   0.099 ;    ; RE   ; 1      ; LOCAL_LINE_X9_Y49_N0_I5                   ; LOCAL_LINE                                  ;
;   10.650 ;   0.143 ;    ; RE   ; 1      ; BLOCK_INPUT_MUX_X9_Y49_N0_I41             ; LEIM_INPUT                                  ;
;   10.650 ;   0.000 ; FF ; IC   ; 1      ; LABCELL_X9_Y49_N30                        ; state_array~54|dataf                        ;
;   10.750 ;   0.100 ; FR ; CELL ; 1      ; LABCELL_X9_Y49_N30                        ; state_array~54|combout                      ;
;   10.750 ;   0.000 ;    ; RE   ; 1      ; LABCELL_X9_Y49_N30                        ; ARRIAV_LCELL_COMB                           ;
;   10.750 ;   0.000 ; RR ; IC   ; 1      ; FF_X9_Y49_N32                             ; state_array[4][4][1]|d                      ;
;   11.056 ;   0.306 ; RR ; CELL ; 1      ; FF_X9_Y49_N32                             ; state_array[4][4][1]                        ;
+----------+---------+----+------+--------+-------------------------------------------+---------------------------------------------+

+-------------------------------------------------------------------------------------------------------------+
; Data Required Path                                                                                          ;
+----------+----------+----+------+--------+---------------------------------------+--------------------------+
; Total    ; Incr     ; RF ; Type ; Fanout ; Location                              ; Element                  ;
+----------+----------+----+------+--------+---------------------------------------+--------------------------+
; 6.803    ; 6.803    ;    ;      ;        ;                                       ; latch edge time          ;
; 11.205   ; 4.402    ;    ;      ;        ;                                       ; clock path               ;
;   6.803  ;   0.000  ;    ;      ;        ;                                       ; source latency           ;
;   6.803  ;   0.000  ;    ;      ; 1      ; PIN_M16                               ; clk                      ;
;   6.803  ;   0.000  ;    ; RE   ; 1      ; IOPAD_X89_Y35_N60                     ; ARRIAV_IO_PAD            ;
;   6.803  ;   0.000  ;    ; RE   ; 1      ; IO_PAD_OUTPUT_X89_Y35_N60_I1          ; IO_PAD_OUTPUT            ;
;   6.803  ;   0.000  ;    ; RE   ; 1      ; IO_INPUT_BUFFER_INPUT_X89_Y35_N61_I0  ; IO_INPUT_BUFFER_INPUT    ;
;   6.803  ;   0.000  ; RR ; IC   ; 1      ; IOIBUF_X89_Y35_N61                    ; clk~input|i              ;
;   7.542  ;   0.739  ; RR ; CELL ; 1      ; IOIBUF_X89_Y35_N61                    ; clk~input|o              ;
;   7.542  ;   0.000  ;    ; RE   ; 1      ; IOIBUF_X89_Y35_N61                    ; ARRIAV_IO_IBUF           ;
;   7.542  ;   0.000  ;    ; RE   ; 1      ; IO_INPUT_BUFFER_OUTPUT_X89_Y35_N61_I2 ; IO_INPUT_BUFFER_OUTPUT   ;
;   7.542  ;   0.000  ;    ; RE   ; 1      ; IO_RE_X89_Y35_N60_I96                 ; IO_RE                    ;
;   7.630  ;   0.088  ;    ; RE   ; 1      ; IO_RE_X89_Y35_N60_I66                 ; IO_RE                    ;
;   7.905  ;   0.275  ;    ; RE   ; 1      ; CLKBUF_CLUSTER_RE_X89_Y39_N3_I421     ; CLKBUF_CLUSTER_RE        ;
;   7.905  ;   0.000  ;    ; RE   ; 1      ; CLKBUF_CLUSTER_RE_X89_Y39_N3_I756     ; CLKBUF_CLUSTER_RE        ;
;   7.905  ;   0.000  ;    ; RE   ; 1      ; CLKBUF_CLUSTER_RE_X89_Y39_N3_I493     ; CLKBUF_CLUSTER_RE        ;
;   7.905  ;   0.000  ;    ; RE   ; 1      ; GCLK_CLUSTER_RE_X89_Y39_N3_I10        ; GCLK_CLUSTER_RE          ;
;   7.905  ;   0.000  ;    ; RE   ; 1      ; CLKBUFBLOCK_INPUT_X89_Y39_N4_I0       ; CLKBUFBLOCK_INPUT        ;
;   7.905  ;   0.000  ; RR ; IC   ; 1      ; CLKCTRL_G8                            ; clk~inputCLKENA0|inclk   ;
;   8.375  ;   0.470  ; RR ; CELL ; 1674   ; CLKCTRL_G8                            ; clk~inputCLKENA0|outclk  ;
;   8.375  ;   0.000  ;    ; RE   ; 1      ; CLKCTRL_G8                            ; ARRIAV_CLKBUF            ;
;   8.375  ;   0.000  ;    ; RE   ; 1      ; CLKBUFBLOCK_OUTPUT_X89_Y39_N4_I2      ; CLKBUFBLOCK_OUTPUT       ;
;   8.375  ;   0.000  ;    ; RE   ; 1      ; GCLK_CLUSTER_RE_X89_Y39_N3_I12        ; GCLK_CLUSTER_RE          ;
;   8.375  ;   0.000  ;    ; RE   ; 1      ; CLKBUF_CLUSTER_RE_X89_Y39_N3_I415     ; CLKBUF_CLUSTER_RE        ;
;   9.163  ;   0.788  ;    ; RE   ; 5      ; GLOBAL_CLOCK_X0_Y36_N0_I8             ; GLOBAL_CLOCK             ;
;   9.315  ;   0.152  ;    ; RE   ; 19     ; SPINE_CLOCK_X15_Y37_N0_I6             ; SPINE_CLOCK              ;
;   9.738  ;   0.423  ;    ; RE   ; 1      ; SCLK_TO_ROWCLK_BUF_X15_Y49_N0_I37     ; SCLK_TO_ROWCLK_BUF       ;
;   9.830  ;   0.092  ;    ; RE   ; 2      ; SCLK_TO_ROWCLK_BUF_X15_Y49_N0_I40     ; SCLK_TO_ROWCLK_BUF       ;
;   10.319 ;   0.489  ;    ; RE   ; 5      ; LAB_CLK_X0_Y49_N0_I5                  ; LAB_CLK                  ;
;   10.470 ;   0.151  ;    ; RE   ; 1      ; BLK_CLK_BUF_X9_Y49_N0_I5              ; BLK_CLK_BUF              ;
;   10.528 ;   0.058  ;    ; RE   ; 1      ; ROWCLKSEL_PREBUF_X9_Y49_N0_I5         ; ROWCLKSEL_PREBUF         ;
;   10.582 ;   0.054  ;    ; RE   ; 1      ; ROWCLKSEL_X9_Y49_N0_I0                ; ROWCLKSEL                ;
;   10.582 ;   0.000  ;    ; RE   ; 1      ; GLOBAL_LOCAL_SEL_X9_Y49_N0_I0         ; GLOBAL_LOCAL_SEL         ;
;   10.582 ;   0.000  ;    ; RE   ; 2      ; LAB_INPUT_X9_Y49_N0_I0                ; LAB_INPUT                ;
;   10.581 ;   -0.001 ; RR ; IC   ; 1      ; FF_X9_Y49_N32                         ; state_array[4][4][1]|clk ;
;   11.145 ;   0.564  ; RR ; CELL ; 1      ; FF_X9_Y49_N32                         ; state_array[4][4][1]     ;
;   11.205 ;   0.060  ;    ;      ;        ;                                       ; clock pessimism removed  ;
; 11.105   ; -0.100   ;    ;      ;        ;                                       ; clock uncertainty        ;
; 11.105   ; 0.000    ;    ; uTsu ; 1      ; FF_X9_Y49_N32                         ; state_array[4][4][1]     ;
+----------+----------+----+------+--------+---------------------------------------+--------------------------+

----------------------------
; Extra Fitter Information ;
----------------------------
HTML report is unavailable in plain text report export.


Path #3: Setup slack is 0.078 
===============================================================================
+--------------------------------------------+
; Path Summary                               ;
+--------------------+-----------------------+
; Property           ; Value                 ;
+--------------------+-----------------------+
; From Node          ; state_array[2][1][26] ;
; To Node            ; state_array[1][3][37] ;
; Launch Clock       ; clk                   ;
; Latch Clock        ; clk                   ;
; Data Arrival Time  ; 10.974                ;
; Data Required Time ; 11.052                ;
; Slack              ; 0.078                 ;
+--------------------+-----------------------+

+-------------------------------------------------------------------------------------+
; Statistics                                                                          ;
+------------------------+--------+-------+-------------+------------+--------+-------+
; Property               ; Value  ; Count ; Total Delay ; % of Total ; Min    ; Max   ;
+------------------------+--------+-------+-------------+------------+--------+-------+
; Setup Relationship     ; 6.803  ;       ;             ;            ;        ;       ;
; Clock Skew             ; -0.187 ;       ;             ;            ;        ;       ;
; Data Delay             ; 6.438  ;       ;             ;            ;        ;       ;
; Number of Logic Levels ;        ; 4     ;             ;            ;        ;       ;
; Physical Delays        ;        ;       ;             ;            ;        ;       ;
;  Arrival Path          ;        ;       ;             ;            ;        ;       ;
;   Clock                ;        ;       ;             ;            ;        ;       ;
;    IC                  ;        ; 3     ; 0.000       ; 0          ; 0.000  ; 0.000 ;
;    Cell                ;        ; 3     ; 1.908       ; 42         ; 0.507  ; 0.739 ;
;    Routing Element     ;        ; 26    ; 2.628       ; 58         ; 0.000  ; 0.833 ;
;   Data                 ;        ;       ;             ;            ;        ;       ;
;    IC                  ;        ; 5     ; -0.002      ; 0          ; -0.001 ; 0.000 ;
;    Cell                ;        ; 6     ; 1.172       ; 18         ; 0.000  ; 0.564 ;
;    uTco                ;        ; 1     ; 0.000       ; 0          ; 0.000  ; 0.000 ;
;    Routing Element     ;        ; 26    ; 5.268       ; 82         ; 0.000  ; 0.485 ;
;  Required Path         ;        ;       ;             ;            ;        ;       ;
;   Clock                ;        ;       ;             ;            ;        ;       ;
;    IC                  ;        ; 3     ; 0.000       ; 0          ; 0.000  ; 0.000 ;
;    Cell                ;        ; 3     ; 1.773       ; 41         ; 0.470  ; 0.739 ;
;    Routing Element     ;        ; 26    ; 2.516       ; 59         ; 0.000  ; 0.790 ;
+------------------------+--------+-------+-------------+------------+--------+-------+
Note: Negative delays are omitted from totals when calculating percentages

+---------------------------------------------------------------------------------------------------------------------+
; Data Arrival Path                                                                                                   ;
+----------+----------+----+------+--------+-------------------------------------------+------------------------------+
; Total    ; Incr     ; RF ; Type ; Fanout ; Location                                  ; Element                      ;
+----------+----------+----+------+--------+-------------------------------------------+------------------------------+
; 0.000    ; 0.000    ;    ;      ;        ;                                           ; launch edge time             ;
; 4.536    ; 4.536    ;    ;      ;        ;                                           ; clock path                   ;
;   0.000  ;   0.000  ;    ;      ;        ;                                           ; source latency               ;
;   0.000  ;   0.000  ;    ;      ; 1      ; PIN_M16                                   ; clk                          ;
;   0.000  ;   0.000  ;    ; RE   ; 1      ; IOPAD_X89_Y35_N60                         ; ARRIAV_IO_PAD                ;
;   0.000  ;   0.000  ;    ; RE   ; 1      ; IO_PAD_OUTPUT_X89_Y35_N60_I1              ; IO_PAD_OUTPUT                ;
;   0.000  ;   0.000  ;    ; RE   ; 1      ; IO_INPUT_BUFFER_INPUT_X89_Y35_N61_I0      ; IO_INPUT_BUFFER_INPUT        ;
;   0.000  ;   0.000  ; RR ; IC   ; 1      ; IOIBUF_X89_Y35_N61                        ; clk~input|i                  ;
;   0.739  ;   0.739  ; RR ; CELL ; 1      ; IOIBUF_X89_Y35_N61                        ; clk~input|o                  ;
;   0.739  ;   0.000  ;    ; RE   ; 1      ; IOIBUF_X89_Y35_N61                        ; ARRIAV_IO_IBUF               ;
;   0.739  ;   0.000  ;    ; RE   ; 1      ; IO_INPUT_BUFFER_OUTPUT_X89_Y35_N61_I2     ; IO_INPUT_BUFFER_OUTPUT       ;
;   0.739  ;   0.000  ;    ; RE   ; 1      ; IO_RE_X89_Y35_N60_I96                     ; IO_RE                        ;
;   0.833  ;   0.094  ;    ; RE   ; 1      ; IO_RE_X89_Y35_N60_I66                     ; IO_RE                        ;
;   1.125  ;   0.292  ;    ; RE   ; 1      ; CLKBUF_CLUSTER_RE_X89_Y39_N3_I421         ; CLKBUF_CLUSTER_RE            ;
;   1.125  ;   0.000  ;    ; RE   ; 1      ; CLKBUF_CLUSTER_RE_X89_Y39_N3_I756         ; CLKBUF_CLUSTER_RE            ;
;   1.125  ;   0.000  ;    ; RE   ; 1      ; CLKBUF_CLUSTER_RE_X89_Y39_N3_I493         ; CLKBUF_CLUSTER_RE            ;
;   1.125  ;   0.000  ;    ; RE   ; 1      ; GCLK_CLUSTER_RE_X89_Y39_N3_I10            ; GCLK_CLUSTER_RE              ;
;   1.125  ;   0.000  ;    ; RE   ; 1      ; CLKBUFBLOCK_INPUT_X89_Y39_N4_I0           ; CLKBUFBLOCK_INPUT            ;
;   1.125  ;   0.000  ; RR ; IC   ; 1      ; CLKCTRL_G8                                ; clk~inputCLKENA0|inclk       ;
;   1.632  ;   0.507  ; RR ; CELL ; 1674   ; CLKCTRL_G8                                ; clk~inputCLKENA0|outclk      ;
;   1.632  ;   0.000  ;    ; RE   ; 1      ; CLKCTRL_G8                                ; ARRIAV_CLKBUF                ;
;   1.632  ;   0.000  ;    ; RE   ; 1      ; CLKBUFBLOCK_OUTPUT_X89_Y39_N4_I2          ; CLKBUFBLOCK_OUTPUT           ;
;   1.632  ;   0.000  ;    ; RE   ; 1      ; GCLK_CLUSTER_RE_X89_Y39_N3_I12            ; GCLK_CLUSTER_RE              ;
;   1.632  ;   0.000  ;    ; RE   ; 1      ; CLKBUF_CLUSTER_RE_X89_Y39_N3_I415         ; CLKBUF_CLUSTER_RE            ;
;   2.465  ;   0.833  ;    ; RE   ; 5      ; GLOBAL_CLOCK_X0_Y36_N0_I8                 ; GLOBAL_CLOCK                 ;
;   2.634  ;   0.169  ;    ; RE   ; 19     ; SPINE_CLOCK_X15_Y37_N0_I6                 ; SPINE_CLOCK                  ;
;   3.078  ;   0.444  ;    ; RE   ; 1      ; SCLK_TO_ROWCLK_BUF_X15_Y37_N0_I37         ; SCLK_TO_ROWCLK_BUF           ;
;   3.164  ;   0.086  ;    ; RE   ; 1      ; SCLK_TO_ROWCLK_BUF_X15_Y37_N0_I40         ; SCLK_TO_ROWCLK_BUF           ;
;   3.630  ;   0.466  ;    ; RE   ; 7      ; LAB_CLK_X16_Y37_N0_I5                     ; LAB_CLK                      ;
;   3.761  ;   0.131  ;    ; RE   ; 1      ; BLK_CLK_BUF_X17_Y37_N0_I5                 ; BLK_CLK_BUF                  ;
;   3.814  ;   0.053  ;    ; RE   ; 1      ; ROWCLKSEL_PREBUF_X17_Y37_N0_I5            ; ROWCLKSEL_PREBUF             ;
;   3.874  ;   0.060  ;    ; RE   ; 1      ; ROWCLKSEL_X17_Y37_N0_I0                   ; ROWCLKSEL                    ;
;   3.874  ;   0.000  ;    ; RE   ; 1      ; GLOBAL_LOCAL_SEL_X17_Y37_N0_I0            ; GLOBAL_LOCAL_SEL             ;
;   3.874  ;   0.000  ;    ; RE   ; 4      ; LAB_INPUT_X17_Y37_N0_I0                   ; LAB_INPUT                    ;
;   3.874  ;   0.000  ; RR ; IC   ; 1      ; FF_X17_Y37_N41                            ; state_array[2][1][26]|clk    ;
;   4.536  ;   0.662  ; RR ; CELL ; 1      ; FF_X17_Y37_N41                            ; state_array[2][1][26]        ;
; 10.974   ; 6.438    ;    ;      ;        ;                                           ; data path                    ;
;   4.536  ;   0.000  ;    ; uTco ; 1      ; FF_X17_Y37_N41                            ; state_array[2][1][26]        ;
;   4.536  ;   0.000  ; FF ; CELL ; 4      ; FF_X17_Y37_N41                            ; state_array[2][1][26]|q      ;
;   4.596  ;   0.060  ;    ; RE   ; 1      ; FF_X17_Y37_N41                            ; ARRIAV_FF                    ;
;   4.708  ;   0.112  ;    ; RE   ; 3      ; LE_BUFFER_X17_Y37_N0_I27                  ; LE_BUFFER                    ;
;   4.997  ;   0.289  ;    ; RE   ; 1      ; C4_X16_Y38_N0_I4                          ; V_SEG4                       ;
;   5.350  ;   0.353  ;    ; RE   ; 2      ; R6_X17_Y40_N0_I8                          ; H_SEG6                       ;
;   5.624  ;   0.274  ;    ; RE   ; 1      ; LOCAL_INTERCONNECT_X18_Y40_N0_I16         ; LAB_LINE                     ;
;   5.755  ;   0.131  ;    ; RE   ; 1      ; BLOCK_INPUT_MUX_X18_Y40_N0_I37            ; LEIM_INPUT                   ;
;   5.754  ;   -0.001 ; FF ; IC   ; 1      ; LABCELL_X18_Y40_N27                       ; KSU|u_theta|C[2][26]|datac   ;
;   6.318  ;   0.564  ; FF ; CELL ; 4      ; LABCELL_X18_Y40_N27                       ; KSU|u_theta|C[2][26]|combout ;
;   6.318  ;   0.000  ;    ; RE   ; 2      ; LABCELL_X18_Y40_N27                       ; ARRIAV_LCELL_COMB            ;
;   6.399  ;   0.081  ;    ; RE   ; 2      ; LE_BUFFER_X18_Y40_N0_I18                  ; LE_BUFFER                    ;
;   6.767  ;   0.368  ;    ; RE   ; 1      ; C4_X18_Y36_N0_I7                          ; V_SEG4                       ;
;   7.247  ;   0.480  ;    ; RE   ; 1      ; R6_X19_Y36_N0_I0                          ; H_SEG6                       ;
;   7.517  ;   0.270  ;    ; RE   ; 1      ; LOCAL_INTERCONNECT_X24_Y36_N0_I0          ; LAB_LINE                     ;
;   7.650  ;   0.133  ;    ; RE   ; 1      ; BLOCK_INPUT_MUX_X24_Y36_N0_I57            ; LEIM_INPUT                   ;
;   7.649  ;   -0.001 ; FF ; IC   ; 1      ; LABCELL_X24_Y36_N42                       ; KSU|u_theta|D[1][27]|dataf   ;
;   7.746  ;   0.097  ; FF ; CELL ; 9      ; LABCELL_X24_Y36_N42                       ; KSU|u_theta|D[1][27]|combout ;
;   7.746  ;   0.000  ;    ; RE   ; 3      ; LABCELL_X24_Y36_N42                       ; ARRIAV_LCELL_COMB            ;
;   7.827  ;   0.081  ;    ; RE   ; 1      ; LE_BUFFER_X24_Y36_N0_I28                  ; LE_BUFFER                    ;
;   8.234  ;   0.407  ;    ; RE   ; 2      ; R6_X25_Y36_N0_I14                         ; H_SEG6                       ;
;   8.234  ;   0.000  ;    ; RE   ; 1      ; R14_C12_INTERCONNECT_DRIVER_X28_Y36_N0_I2 ; WIRE_MUX                     ;
;   8.719  ;   0.485  ;    ; RE   ; 2      ; C12_X28_Y37_N0_I0                         ; V_SEG12                      ;
;   9.111  ;   0.392  ;    ; RE   ; 2      ; C2_X28_Y49_N0_I1                          ; V_SEG2                       ;
;   9.378  ;   0.267  ;    ; RE   ; 1      ; C2_X28_Y51_N0_I1                          ; V_SEG2                       ;
;   9.765  ;   0.387  ;    ; RE   ; 1      ; R6_X29_Y51_N0_I14                         ; H_SEG6                       ;
;   10.041 ;   0.276  ;    ; RE   ; 1      ; LOCAL_INTERCONNECT_X33_Y51_N0_I12         ; LAB_LINE                     ;
;   10.167 ;   0.126  ;    ; RE   ; 1      ; BLOCK_INPUT_MUX_X33_Y51_N0_I9             ; LEIM_INPUT                   ;
;   10.167 ;   0.000  ; FF ; IC   ; 1      ; LABCELL_X33_Y51_N6                        ; state_array~1657|dataf       ;
;   10.271 ;   0.104  ; FR ; CELL ; 1      ; LABCELL_X33_Y51_N6                        ; state_array~1657|combout     ;
;   10.271 ;   0.000  ;    ; RE   ; 1      ; LABCELL_X33_Y51_N6                        ; ARRIAV_LCELL_COMB            ;
;   10.399 ;   0.128  ;    ; RE   ; 1      ; LOCAL_LINE_X33_Y51_N0_I2                  ; LOCAL_LINE                   ;
;   10.567 ;   0.168  ;    ; RE   ; 1      ; BLOCK_INPUT_MUX_X33_Y51_N0_I33            ; LEIM_INPUT                   ;
;   10.567 ;   0.000  ; RR ; IC   ; 1      ; LABCELL_X33_Y51_N24                       ; state_array~1658|dataf       ;
;   10.667 ;   0.100  ; RF ; CELL ; 1      ; LABCELL_X33_Y51_N24                       ; state_array~1658|combout     ;
;   10.667 ;   0.000  ;    ; RE   ; 1      ; LABCELL_X33_Y51_N24                       ; ARRIAV_LCELL_COMB            ;
;   10.667 ;   0.000  ; FF ; IC   ; 1      ; FF_X33_Y51_N26                            ; state_array[1][3][37]|d      ;
;   10.974 ;   0.307  ; FF ; CELL ; 1      ; FF_X33_Y51_N26                            ; state_array[1][3][37]        ;
+----------+----------+----+------+--------+-------------------------------------------+------------------------------+

+-------------------------------------------------------------------------------------------------------------+
; Data Required Path                                                                                          ;
+----------+---------+----+------+--------+---------------------------------------+---------------------------+
; Total    ; Incr    ; RF ; Type ; Fanout ; Location                              ; Element                   ;
+----------+---------+----+------+--------+---------------------------------------+---------------------------+
; 6.803    ; 6.803   ;    ;      ;        ;                                       ; latch edge time           ;
; 11.152   ; 4.349   ;    ;      ;        ;                                       ; clock path                ;
;   6.803  ;   0.000 ;    ;      ;        ;                                       ; source latency            ;
;   6.803  ;   0.000 ;    ;      ; 1      ; PIN_M16                               ; clk                       ;
;   6.803  ;   0.000 ;    ; RE   ; 1      ; IOPAD_X89_Y35_N60                     ; ARRIAV_IO_PAD             ;
;   6.803  ;   0.000 ;    ; RE   ; 1      ; IO_PAD_OUTPUT_X89_Y35_N60_I1          ; IO_PAD_OUTPUT             ;
;   6.803  ;   0.000 ;    ; RE   ; 1      ; IO_INPUT_BUFFER_INPUT_X89_Y35_N61_I0  ; IO_INPUT_BUFFER_INPUT     ;
;   6.803  ;   0.000 ; RR ; IC   ; 1      ; IOIBUF_X89_Y35_N61                    ; clk~input|i               ;
;   7.542  ;   0.739 ; RR ; CELL ; 1      ; IOIBUF_X89_Y35_N61                    ; clk~input|o               ;
;   7.542  ;   0.000 ;    ; RE   ; 1      ; IOIBUF_X89_Y35_N61                    ; ARRIAV_IO_IBUF            ;
;   7.542  ;   0.000 ;    ; RE   ; 1      ; IO_INPUT_BUFFER_OUTPUT_X89_Y35_N61_I2 ; IO_INPUT_BUFFER_OUTPUT    ;
;   7.542  ;   0.000 ;    ; RE   ; 1      ; IO_RE_X89_Y35_N60_I96                 ; IO_RE                     ;
;   7.630  ;   0.088 ;    ; RE   ; 1      ; IO_RE_X89_Y35_N60_I66                 ; IO_RE                     ;
;   7.905  ;   0.275 ;    ; RE   ; 1      ; CLKBUF_CLUSTER_RE_X89_Y39_N3_I421     ; CLKBUF_CLUSTER_RE         ;
;   7.905  ;   0.000 ;    ; RE   ; 1      ; CLKBUF_CLUSTER_RE_X89_Y39_N3_I756     ; CLKBUF_CLUSTER_RE         ;
;   7.905  ;   0.000 ;    ; RE   ; 1      ; CLKBUF_CLUSTER_RE_X89_Y39_N3_I493     ; CLKBUF_CLUSTER_RE         ;
;   7.905  ;   0.000 ;    ; RE   ; 1      ; GCLK_CLUSTER_RE_X89_Y39_N3_I10        ; GCLK_CLUSTER_RE           ;
;   7.905  ;   0.000 ;    ; RE   ; 1      ; CLKBUFBLOCK_INPUT_X89_Y39_N4_I0       ; CLKBUFBLOCK_INPUT         ;
;   7.905  ;   0.000 ; RR ; IC   ; 1      ; CLKCTRL_G8                            ; clk~inputCLKENA0|inclk    ;
;   8.375  ;   0.470 ; RR ; CELL ; 1674   ; CLKCTRL_G8                            ; clk~inputCLKENA0|outclk   ;
;   8.375  ;   0.000 ;    ; RE   ; 1      ; CLKCTRL_G8                            ; ARRIAV_CLKBUF             ;
;   8.375  ;   0.000 ;    ; RE   ; 1      ; CLKBUFBLOCK_OUTPUT_X89_Y39_N4_I2      ; CLKBUFBLOCK_OUTPUT        ;
;   8.375  ;   0.000 ;    ; RE   ; 1      ; GCLK_CLUSTER_RE_X89_Y39_N3_I12        ; GCLK_CLUSTER_RE           ;
;   8.375  ;   0.000 ;    ; RE   ; 1      ; CLKBUF_CLUSTER_RE_X89_Y39_N3_I415     ; CLKBUF_CLUSTER_RE         ;
;   9.165  ;   0.790 ;    ; RE   ; 5      ; GLOBAL_CLOCK_X0_Y36_N0_I8             ; GLOBAL_CLOCK              ;
;   9.316  ;   0.151 ;    ; RE   ; 20     ; SPINE_CLOCK_X33_Y37_N0_I6             ; SPINE_CLOCK               ;
;   9.739  ;   0.423 ;    ; RE   ; 1      ; SCLK_TO_ROWCLK_BUF_X33_Y51_N0_I37     ; SCLK_TO_ROWCLK_BUF        ;
;   9.831  ;   0.092 ;    ; RE   ; 2      ; SCLK_TO_ROWCLK_BUF_X33_Y51_N0_I40     ; SCLK_TO_ROWCLK_BUF        ;
;   10.292 ;   0.461 ;    ; RE   ; 6      ; LAB_CLK_X25_Y51_N0_I5                 ; LAB_CLK                   ;
;   10.420 ;   0.128 ;    ; RE   ; 1      ; BLK_CLK_BUF_X33_Y51_N0_I5             ; BLK_CLK_BUF               ;
;   10.474 ;   0.054 ;    ; RE   ; 1      ; ROWCLKSEL_PREBUF_X33_Y51_N0_I5        ; ROWCLKSEL_PREBUF          ;
;   10.528 ;   0.054 ;    ; RE   ; 1      ; ROWCLKSEL_X33_Y51_N0_I0               ; ROWCLKSEL                 ;
;   10.528 ;   0.000 ;    ; RE   ; 1      ; GLOBAL_LOCAL_SEL_X33_Y51_N0_I0        ; GLOBAL_LOCAL_SEL          ;
;   10.528 ;   0.000 ;    ; RE   ; 2      ; LAB_INPUT_X33_Y51_N0_I0               ; LAB_INPUT                 ;
;   10.528 ;   0.000 ; RR ; IC   ; 1      ; FF_X33_Y51_N26                        ; state_array[1][3][37]|clk ;
;   11.092 ;   0.564 ; RR ; CELL ; 1      ; FF_X33_Y51_N26                        ; state_array[1][3][37]     ;
;   11.152 ;   0.060 ;    ;      ;        ;                                       ; clock pessimism removed   ;
; 11.052   ; -0.100  ;    ;      ;        ;                                       ; clock uncertainty         ;
; 11.052   ; 0.000   ;    ; uTsu ; 1      ; FF_X33_Y51_N26                        ; state_array[1][3][37]     ;
+----------+---------+----+------+--------+---------------------------------------+---------------------------+

----------------------------
; Extra Fitter Information ;
----------------------------
HTML report is unavailable in plain text report export.


Path #4: Setup slack is 0.099 
===============================================================================
+--------------------------------------------+
; Path Summary                               ;
+--------------------+-----------------------+
; Property           ; Value                 ;
+--------------------+-----------------------+
; From Node          ; state_array[2][0][26] ;
; To Node            ; state_array[1][3][37] ;
; Launch Clock       ; clk                   ;
; Latch Clock        ; clk                   ;
; Data Arrival Time  ; 10.953                ;
; Data Required Time ; 11.052                ;
; Slack              ; 0.099                 ;
+--------------------+-----------------------+

+-------------------------------------------------------------------------------------+
; Statistics                                                                          ;
+------------------------+--------+-------+-------------+------------+--------+-------+
; Property               ; Value  ; Count ; Total Delay ; % of Total ; Min    ; Max   ;
+------------------------+--------+-------+-------------+------------+--------+-------+
; Setup Relationship     ; 6.803  ;       ;             ;            ;        ;       ;
; Clock Skew             ; -0.201 ;       ;             ;            ;        ;       ;
; Data Delay             ; 6.403  ;       ;             ;            ;        ;       ;
; Number of Logic Levels ;        ; 4     ;             ;            ;        ;       ;
; Physical Delays        ;        ;       ;             ;            ;        ;       ;
;  Arrival Path          ;        ;       ;             ;            ;        ;       ;
;   Clock                ;        ;       ;             ;            ;        ;       ;
;    IC                  ;        ; 3     ; -0.001      ; 0          ; -0.001 ; 0.000 ;
;    Cell                ;        ; 3     ; 1.901       ; 42         ; 0.507  ; 0.739 ;
;    Routing Element     ;        ; 26    ; 2.650       ; 58         ; 0.000  ; 0.833 ;
;   Data                 ;        ;       ;             ;            ;        ;       ;
;    IC                  ;        ; 5     ; -0.002      ; 0          ; -0.001 ; 0.000 ;
;    Cell                ;        ; 6     ; 1.242       ; 19         ; 0.000  ; 0.634 ;
;    uTco                ;        ; 1     ; 0.000       ; 0          ; 0.000  ; 0.000 ;
;    Routing Element     ;        ; 26    ; 5.163       ; 81         ; 0.000  ; 0.485 ;
;  Required Path         ;        ;       ;             ;            ;        ;       ;
;   Clock                ;        ;       ;             ;            ;        ;       ;
;    IC                  ;        ; 3     ; 0.000       ; 0          ; 0.000  ; 0.000 ;
;    Cell                ;        ; 3     ; 1.773       ; 41         ; 0.470  ; 0.739 ;
;    Routing Element     ;        ; 26    ; 2.516       ; 59         ; 0.000  ; 0.790 ;
+------------------------+--------+-------+-------------+------------+--------+-------+
Note: Negative delays are omitted from totals when calculating percentages

+---------------------------------------------------------------------------------------------------------------------+
; Data Arrival Path                                                                                                   ;
+----------+----------+----+------+--------+-------------------------------------------+------------------------------+
; Total    ; Incr     ; RF ; Type ; Fanout ; Location                                  ; Element                      ;
+----------+----------+----+------+--------+-------------------------------------------+------------------------------+
; 0.000    ; 0.000    ;    ;      ;        ;                                           ; launch edge time             ;
; 4.550    ; 4.550    ;    ;      ;        ;                                           ; clock path                   ;
;   0.000  ;   0.000  ;    ;      ;        ;                                           ; source latency               ;
;   0.000  ;   0.000  ;    ;      ; 1      ; PIN_M16                                   ; clk                          ;
;   0.000  ;   0.000  ;    ; RE   ; 1      ; IOPAD_X89_Y35_N60                         ; ARRIAV_IO_PAD                ;
;   0.000  ;   0.000  ;    ; RE   ; 1      ; IO_PAD_OUTPUT_X89_Y35_N60_I1              ; IO_PAD_OUTPUT                ;
;   0.000  ;   0.000  ;    ; RE   ; 1      ; IO_INPUT_BUFFER_INPUT_X89_Y35_N61_I0      ; IO_INPUT_BUFFER_INPUT        ;
;   0.000  ;   0.000  ; RR ; IC   ; 1      ; IOIBUF_X89_Y35_N61                        ; clk~input|i                  ;
;   0.739  ;   0.739  ; RR ; CELL ; 1      ; IOIBUF_X89_Y35_N61                        ; clk~input|o                  ;
;   0.739  ;   0.000  ;    ; RE   ; 1      ; IOIBUF_X89_Y35_N61                        ; ARRIAV_IO_IBUF               ;
;   0.739  ;   0.000  ;    ; RE   ; 1      ; IO_INPUT_BUFFER_OUTPUT_X89_Y35_N61_I2     ; IO_INPUT_BUFFER_OUTPUT       ;
;   0.739  ;   0.000  ;    ; RE   ; 1      ; IO_RE_X89_Y35_N60_I96                     ; IO_RE                        ;
;   0.833  ;   0.094  ;    ; RE   ; 1      ; IO_RE_X89_Y35_N60_I66                     ; IO_RE                        ;
;   1.125  ;   0.292  ;    ; RE   ; 1      ; CLKBUF_CLUSTER_RE_X89_Y39_N3_I421         ; CLKBUF_CLUSTER_RE            ;
;   1.125  ;   0.000  ;    ; RE   ; 1      ; CLKBUF_CLUSTER_RE_X89_Y39_N3_I756         ; CLKBUF_CLUSTER_RE            ;
;   1.125  ;   0.000  ;    ; RE   ; 1      ; CLKBUF_CLUSTER_RE_X89_Y39_N3_I493         ; CLKBUF_CLUSTER_RE            ;
;   1.125  ;   0.000  ;    ; RE   ; 1      ; GCLK_CLUSTER_RE_X89_Y39_N3_I10            ; GCLK_CLUSTER_RE              ;
;   1.125  ;   0.000  ;    ; RE   ; 1      ; CLKBUFBLOCK_INPUT_X89_Y39_N4_I0           ; CLKBUFBLOCK_INPUT            ;
;   1.125  ;   0.000  ; RR ; IC   ; 1      ; CLKCTRL_G8                                ; clk~inputCLKENA0|inclk       ;
;   1.632  ;   0.507  ; RR ; CELL ; 1674   ; CLKCTRL_G8                                ; clk~inputCLKENA0|outclk      ;
;   1.632  ;   0.000  ;    ; RE   ; 1      ; CLKCTRL_G8                                ; ARRIAV_CLKBUF                ;
;   1.632  ;   0.000  ;    ; RE   ; 1      ; CLKBUFBLOCK_OUTPUT_X89_Y39_N4_I2          ; CLKBUFBLOCK_OUTPUT           ;
;   1.632  ;   0.000  ;    ; RE   ; 1      ; GCLK_CLUSTER_RE_X89_Y39_N3_I12            ; GCLK_CLUSTER_RE              ;
;   1.632  ;   0.000  ;    ; RE   ; 1      ; CLKBUF_CLUSTER_RE_X89_Y39_N3_I415         ; CLKBUF_CLUSTER_RE            ;
;   2.465  ;   0.833  ;    ; RE   ; 5      ; GLOBAL_CLOCK_X0_Y36_N0_I8                 ; GLOBAL_CLOCK                 ;
;   2.634  ;   0.169  ;    ; RE   ; 19     ; SPINE_CLOCK_X15_Y37_N0_I6                 ; SPINE_CLOCK                  ;
;   3.078  ;   0.444  ;    ; RE   ; 1      ; SCLK_TO_ROWCLK_BUF_X15_Y38_N0_I37         ; SCLK_TO_ROWCLK_BUF           ;
;   3.174  ;   0.096  ;    ; RE   ; 2      ; SCLK_TO_ROWCLK_BUF_X15_Y38_N0_I40         ; SCLK_TO_ROWCLK_BUF           ;
;   3.652  ;   0.478  ;    ; RE   ; 8      ; LAB_CLK_X16_Y38_N0_I5                     ; LAB_CLK                      ;
;   3.783  ;   0.131  ;    ; RE   ; 1      ; BLK_CLK_BUF_X24_Y38_N0_I5                 ; BLK_CLK_BUF                  ;
;   3.836  ;   0.053  ;    ; RE   ; 1      ; ROWCLKSEL_PREBUF_X24_Y38_N0_I5            ; ROWCLKSEL_PREBUF             ;
;   3.896  ;   0.060  ;    ; RE   ; 1      ; ROWCLKSEL_X24_Y38_N0_I0                   ; ROWCLKSEL                    ;
;   3.896  ;   0.000  ;    ; RE   ; 1      ; GLOBAL_LOCAL_SEL_X24_Y38_N0_I0            ; GLOBAL_LOCAL_SEL             ;
;   3.896  ;   0.000  ;    ; RE   ; 3      ; LAB_INPUT_X24_Y38_N0_I0                   ; LAB_INPUT                    ;
;   3.895  ;   -0.001 ; RR ; IC   ; 1      ; FF_X24_Y38_N38                            ; state_array[2][0][26]|clk    ;
;   4.550  ;   0.655  ; RR ; CELL ; 1      ; FF_X24_Y38_N38                            ; state_array[2][0][26]        ;
; 10.953   ; 6.403    ;    ;      ;        ;                                           ; data path                    ;
;   4.550  ;   0.000  ;    ; uTco ; 1      ; FF_X24_Y38_N38                            ; state_array[2][0][26]        ;
;   4.550  ;   0.000  ; FF ; CELL ; 6      ; FF_X24_Y38_N38                            ; state_array[2][0][26]|q      ;
;   4.609  ;   0.059  ;    ; RE   ; 2      ; FF_X24_Y38_N38                            ; ARRIAV_FF                    ;
;   4.702  ;   0.093  ;    ; RE   ; 1      ; LE_BUFFER_X24_Y38_N0_I25                  ; LE_BUFFER                    ;
;   4.931  ;   0.229  ;    ; RE   ; 1      ; C2_X23_Y39_N0_I1                          ; V_SEG2                       ;
;   5.306  ;   0.375  ;    ; RE   ; 3      ; R6_X18_Y40_N0_I27                         ; H_SEG6                       ;
;   5.564  ;   0.258  ;    ; RE   ; 1      ; LOCAL_INTERCONNECT_X18_Y40_N0_I21         ; LAB_LINE                     ;
;   5.664  ;   0.100  ;    ; RE   ; 1      ; BLOCK_INPUT_MUX_X18_Y40_N0_I34            ; LEIM_INPUT                   ;
;   5.663  ;   -0.001 ; FF ; IC   ; 1      ; LABCELL_X18_Y40_N27                       ; KSU|u_theta|C[2][26]|dataa   ;
;   6.297  ;   0.634  ; FF ; CELL ; 4      ; LABCELL_X18_Y40_N27                       ; KSU|u_theta|C[2][26]|combout ;
;   6.297  ;   0.000  ;    ; RE   ; 2      ; LABCELL_X18_Y40_N27                       ; ARRIAV_LCELL_COMB            ;
;   6.378  ;   0.081  ;    ; RE   ; 2      ; LE_BUFFER_X18_Y40_N0_I18                  ; LE_BUFFER                    ;
;   6.746  ;   0.368  ;    ; RE   ; 1      ; C4_X18_Y36_N0_I7                          ; V_SEG4                       ;
;   7.226  ;   0.480  ;    ; RE   ; 1      ; R6_X19_Y36_N0_I0                          ; H_SEG6                       ;
;   7.496  ;   0.270  ;    ; RE   ; 1      ; LOCAL_INTERCONNECT_X24_Y36_N0_I0          ; LAB_LINE                     ;
;   7.629  ;   0.133  ;    ; RE   ; 1      ; BLOCK_INPUT_MUX_X24_Y36_N0_I57            ; LEIM_INPUT                   ;
;   7.628  ;   -0.001 ; FF ; IC   ; 1      ; LABCELL_X24_Y36_N42                       ; KSU|u_theta|D[1][27]|dataf   ;
;   7.725  ;   0.097  ; FF ; CELL ; 9      ; LABCELL_X24_Y36_N42                       ; KSU|u_theta|D[1][27]|combout ;
;   7.725  ;   0.000  ;    ; RE   ; 3      ; LABCELL_X24_Y36_N42                       ; ARRIAV_LCELL_COMB            ;
;   7.806  ;   0.081  ;    ; RE   ; 1      ; LE_BUFFER_X24_Y36_N0_I28                  ; LE_BUFFER                    ;
;   8.213  ;   0.407  ;    ; RE   ; 2      ; R6_X25_Y36_N0_I14                         ; H_SEG6                       ;
;   8.213  ;   0.000  ;    ; RE   ; 1      ; R14_C12_INTERCONNECT_DRIVER_X28_Y36_N0_I2 ; WIRE_MUX                     ;
;   8.698  ;   0.485  ;    ; RE   ; 2      ; C12_X28_Y37_N0_I0                         ; V_SEG12                      ;
;   9.090  ;   0.392  ;    ; RE   ; 2      ; C2_X28_Y49_N0_I1                          ; V_SEG2                       ;
;   9.357  ;   0.267  ;    ; RE   ; 1      ; C2_X28_Y51_N0_I1                          ; V_SEG2                       ;
;   9.744  ;   0.387  ;    ; RE   ; 1      ; R6_X29_Y51_N0_I14                         ; H_SEG6                       ;
;   10.020 ;   0.276  ;    ; RE   ; 1      ; LOCAL_INTERCONNECT_X33_Y51_N0_I12         ; LAB_LINE                     ;
;   10.146 ;   0.126  ;    ; RE   ; 1      ; BLOCK_INPUT_MUX_X33_Y51_N0_I9             ; LEIM_INPUT                   ;
;   10.146 ;   0.000  ; FF ; IC   ; 1      ; LABCELL_X33_Y51_N6                        ; state_array~1657|dataf       ;
;   10.250 ;   0.104  ; FR ; CELL ; 1      ; LABCELL_X33_Y51_N6                        ; state_array~1657|combout     ;
;   10.250 ;   0.000  ;    ; RE   ; 1      ; LABCELL_X33_Y51_N6                        ; ARRIAV_LCELL_COMB            ;
;   10.378 ;   0.128  ;    ; RE   ; 1      ; LOCAL_LINE_X33_Y51_N0_I2                  ; LOCAL_LINE                   ;
;   10.546 ;   0.168  ;    ; RE   ; 1      ; BLOCK_INPUT_MUX_X33_Y51_N0_I33            ; LEIM_INPUT                   ;
;   10.546 ;   0.000  ; RR ; IC   ; 1      ; LABCELL_X33_Y51_N24                       ; state_array~1658|dataf       ;
;   10.646 ;   0.100  ; RF ; CELL ; 1      ; LABCELL_X33_Y51_N24                       ; state_array~1658|combout     ;
;   10.646 ;   0.000  ;    ; RE   ; 1      ; LABCELL_X33_Y51_N24                       ; ARRIAV_LCELL_COMB            ;
;   10.646 ;   0.000  ; FF ; IC   ; 1      ; FF_X33_Y51_N26                            ; state_array[1][3][37]|d      ;
;   10.953 ;   0.307  ; FF ; CELL ; 1      ; FF_X33_Y51_N26                            ; state_array[1][3][37]        ;
+----------+----------+----+------+--------+-------------------------------------------+------------------------------+

+-------------------------------------------------------------------------------------------------------------+
; Data Required Path                                                                                          ;
+----------+---------+----+------+--------+---------------------------------------+---------------------------+
; Total    ; Incr    ; RF ; Type ; Fanout ; Location                              ; Element                   ;
+----------+---------+----+------+--------+---------------------------------------+---------------------------+
; 6.803    ; 6.803   ;    ;      ;        ;                                       ; latch edge time           ;
; 11.152   ; 4.349   ;    ;      ;        ;                                       ; clock path                ;
;   6.803  ;   0.000 ;    ;      ;        ;                                       ; source latency            ;
;   6.803  ;   0.000 ;    ;      ; 1      ; PIN_M16                               ; clk                       ;
;   6.803  ;   0.000 ;    ; RE   ; 1      ; IOPAD_X89_Y35_N60                     ; ARRIAV_IO_PAD             ;
;   6.803  ;   0.000 ;    ; RE   ; 1      ; IO_PAD_OUTPUT_X89_Y35_N60_I1          ; IO_PAD_OUTPUT             ;
;   6.803  ;   0.000 ;    ; RE   ; 1      ; IO_INPUT_BUFFER_INPUT_X89_Y35_N61_I0  ; IO_INPUT_BUFFER_INPUT     ;
;   6.803  ;   0.000 ; RR ; IC   ; 1      ; IOIBUF_X89_Y35_N61                    ; clk~input|i               ;
;   7.542  ;   0.739 ; RR ; CELL ; 1      ; IOIBUF_X89_Y35_N61                    ; clk~input|o               ;
;   7.542  ;   0.000 ;    ; RE   ; 1      ; IOIBUF_X89_Y35_N61                    ; ARRIAV_IO_IBUF            ;
;   7.542  ;   0.000 ;    ; RE   ; 1      ; IO_INPUT_BUFFER_OUTPUT_X89_Y35_N61_I2 ; IO_INPUT_BUFFER_OUTPUT    ;
;   7.542  ;   0.000 ;    ; RE   ; 1      ; IO_RE_X89_Y35_N60_I96                 ; IO_RE                     ;
;   7.630  ;   0.088 ;    ; RE   ; 1      ; IO_RE_X89_Y35_N60_I66                 ; IO_RE                     ;
;   7.905  ;   0.275 ;    ; RE   ; 1      ; CLKBUF_CLUSTER_RE_X89_Y39_N3_I421     ; CLKBUF_CLUSTER_RE         ;
;   7.905  ;   0.000 ;    ; RE   ; 1      ; CLKBUF_CLUSTER_RE_X89_Y39_N3_I756     ; CLKBUF_CLUSTER_RE         ;
;   7.905  ;   0.000 ;    ; RE   ; 1      ; CLKBUF_CLUSTER_RE_X89_Y39_N3_I493     ; CLKBUF_CLUSTER_RE         ;
;   7.905  ;   0.000 ;    ; RE   ; 1      ; GCLK_CLUSTER_RE_X89_Y39_N3_I10        ; GCLK_CLUSTER_RE           ;
;   7.905  ;   0.000 ;    ; RE   ; 1      ; CLKBUFBLOCK_INPUT_X89_Y39_N4_I0       ; CLKBUFBLOCK_INPUT         ;
;   7.905  ;   0.000 ; RR ; IC   ; 1      ; CLKCTRL_G8                            ; clk~inputCLKENA0|inclk    ;
;   8.375  ;   0.470 ; RR ; CELL ; 1674   ; CLKCTRL_G8                            ; clk~inputCLKENA0|outclk   ;
;   8.375  ;   0.000 ;    ; RE   ; 1      ; CLKCTRL_G8                            ; ARRIAV_CLKBUF             ;
;   8.375  ;   0.000 ;    ; RE   ; 1      ; CLKBUFBLOCK_OUTPUT_X89_Y39_N4_I2      ; CLKBUFBLOCK_OUTPUT        ;
;   8.375  ;   0.000 ;    ; RE   ; 1      ; GCLK_CLUSTER_RE_X89_Y39_N3_I12        ; GCLK_CLUSTER_RE           ;
;   8.375  ;   0.000 ;    ; RE   ; 1      ; CLKBUF_CLUSTER_RE_X89_Y39_N3_I415     ; CLKBUF_CLUSTER_RE         ;
;   9.165  ;   0.790 ;    ; RE   ; 5      ; GLOBAL_CLOCK_X0_Y36_N0_I8             ; GLOBAL_CLOCK              ;
;   9.316  ;   0.151 ;    ; RE   ; 20     ; SPINE_CLOCK_X33_Y37_N0_I6             ; SPINE_CLOCK               ;
;   9.739  ;   0.423 ;    ; RE   ; 1      ; SCLK_TO_ROWCLK_BUF_X33_Y51_N0_I37     ; SCLK_TO_ROWCLK_BUF        ;
;   9.831  ;   0.092 ;    ; RE   ; 2      ; SCLK_TO_ROWCLK_BUF_X33_Y51_N0_I40     ; SCLK_TO_ROWCLK_BUF        ;
;   10.292 ;   0.461 ;    ; RE   ; 6      ; LAB_CLK_X25_Y51_N0_I5                 ; LAB_CLK                   ;
;   10.420 ;   0.128 ;    ; RE   ; 1      ; BLK_CLK_BUF_X33_Y51_N0_I5             ; BLK_CLK_BUF               ;
;   10.474 ;   0.054 ;    ; RE   ; 1      ; ROWCLKSEL_PREBUF_X33_Y51_N0_I5        ; ROWCLKSEL_PREBUF          ;
;   10.528 ;   0.054 ;    ; RE   ; 1      ; ROWCLKSEL_X33_Y51_N0_I0               ; ROWCLKSEL                 ;
;   10.528 ;   0.000 ;    ; RE   ; 1      ; GLOBAL_LOCAL_SEL_X33_Y51_N0_I0        ; GLOBAL_LOCAL_SEL          ;
;   10.528 ;   0.000 ;    ; RE   ; 2      ; LAB_INPUT_X33_Y51_N0_I0               ; LAB_INPUT                 ;
;   10.528 ;   0.000 ; RR ; IC   ; 1      ; FF_X33_Y51_N26                        ; state_array[1][3][37]|clk ;
;   11.092 ;   0.564 ; RR ; CELL ; 1      ; FF_X33_Y51_N26                        ; state_array[1][3][37]     ;
;   11.152 ;   0.060 ;    ;      ;        ;                                       ; clock pessimism removed   ;
; 11.052   ; -0.100  ;    ;      ;        ;                                       ; clock uncertainty         ;
; 11.052   ; 0.000   ;    ; uTsu ; 1      ; FF_X33_Y51_N26                        ; state_array[1][3][37]     ;
+----------+---------+----+------+--------+---------------------------------------+---------------------------+

----------------------------
; Extra Fitter Information ;
----------------------------
HTML report is unavailable in plain text report export.


Path #5: Setup slack is 0.134 
===============================================================================
+--------------------------------------------+
; Path Summary                               ;
+--------------------+-----------------------+
; Property           ; Value                 ;
+--------------------+-----------------------+
; From Node          ; state_array[3][3][22] ;
; To Node            ; state_array[3][3][49] ;
; Launch Clock       ; clk                   ;
; Latch Clock        ; clk                   ;
; Data Arrival Time  ; 10.923                ;
; Data Required Time ; 11.057                ;
; Slack              ; 0.134                 ;
+--------------------+-----------------------+

+-------------------------------------------------------------------------------------+
; Statistics                                                                          ;
+------------------------+--------+-------+-------------+------------+--------+-------+
; Property               ; Value  ; Count ; Total Delay ; % of Total ; Min    ; Max   ;
+------------------------+--------+-------+-------------+------------+--------+-------+
; Setup Relationship     ; 6.803  ;       ;             ;            ;        ;       ;
; Clock Skew             ; -0.248 ;       ;             ;            ;        ;       ;
; Data Delay             ; 6.321  ;       ;             ;            ;        ;       ;
; Number of Logic Levels ;        ; 5     ;             ;            ;        ;       ;
; Physical Delays        ;        ;       ;             ;            ;        ;       ;
;  Arrival Path          ;        ;       ;             ;            ;        ;       ;
;   Clock                ;        ;       ;             ;            ;        ;       ;
;    IC                  ;        ; 3     ; 0.000       ; 0          ; 0.000  ; 0.000 ;
;    Cell                ;        ; 3     ; 1.908       ; 41         ; 0.507  ; 0.739 ;
;    Routing Element     ;        ; 26    ; 2.694       ; 59         ; 0.000  ; 0.833 ;
;   Data                 ;        ;       ;             ;            ;        ;       ;
;    IC                  ;        ; 6     ; 0.002       ; 0          ; -0.001 ; 0.002 ;
;    Cell                ;        ; 7     ; 1.252       ; 20         ; 0.000  ; 0.562 ;
;    uTco                ;        ; 1     ; 0.000       ; 0          ; 0.000  ; 0.000 ;
;    Routing Element     ;        ; 30    ; 5.067       ; 80         ; 0.000  ; 0.401 ;
;  Required Path         ;        ;       ;             ;            ;        ;       ;
;   Clock                ;        ;       ;             ;            ;        ;       ;
;    IC                  ;        ; 3     ; 0.000       ; 0          ; 0.000  ; 0.000 ;
;    Cell                ;        ; 3     ; 1.773       ; 41         ; 0.470  ; 0.739 ;
;    Routing Element     ;        ; 26    ; 2.521       ; 59         ; 0.000  ; 0.790 ;
+------------------------+--------+-------+-------------+------------+--------+-------+
Note: Negative delays are omitted from totals when calculating percentages

+------------------------------------------------------------------------------------------------------------------------------------+
; Data Arrival Path                                                                                                                  ;
+----------+----------+----+------+--------+-------------------------------------------+---------------------------------------------+
; Total    ; Incr     ; RF ; Type ; Fanout ; Location                                  ; Element                                     ;
+----------+----------+----+------+--------+-------------------------------------------+---------------------------------------------+
; 0.000    ; 0.000    ;    ;      ;        ;                                           ; launch edge time                            ;
; 4.602    ; 4.602    ;    ;      ;        ;                                           ; clock path                                  ;
;   0.000  ;   0.000  ;    ;      ;        ;                                           ; source latency                              ;
;   0.000  ;   0.000  ;    ;      ; 1      ; PIN_M16                                   ; clk                                         ;
;   0.000  ;   0.000  ;    ; RE   ; 1      ; IOPAD_X89_Y35_N60                         ; ARRIAV_IO_PAD                               ;
;   0.000  ;   0.000  ;    ; RE   ; 1      ; IO_PAD_OUTPUT_X89_Y35_N60_I1              ; IO_PAD_OUTPUT                               ;
;   0.000  ;   0.000  ;    ; RE   ; 1      ; IO_INPUT_BUFFER_INPUT_X89_Y35_N61_I0      ; IO_INPUT_BUFFER_INPUT                       ;
;   0.000  ;   0.000  ; RR ; IC   ; 1      ; IOIBUF_X89_Y35_N61                        ; clk~input|i                                 ;
;   0.739  ;   0.739  ; RR ; CELL ; 1      ; IOIBUF_X89_Y35_N61                        ; clk~input|o                                 ;
;   0.739  ;   0.000  ;    ; RE   ; 1      ; IOIBUF_X89_Y35_N61                        ; ARRIAV_IO_IBUF                              ;
;   0.739  ;   0.000  ;    ; RE   ; 1      ; IO_INPUT_BUFFER_OUTPUT_X89_Y35_N61_I2     ; IO_INPUT_BUFFER_OUTPUT                      ;
;   0.739  ;   0.000  ;    ; RE   ; 1      ; IO_RE_X89_Y35_N60_I96                     ; IO_RE                                       ;
;   0.833  ;   0.094  ;    ; RE   ; 1      ; IO_RE_X89_Y35_N60_I66                     ; IO_RE                                       ;
;   1.125  ;   0.292  ;    ; RE   ; 1      ; CLKBUF_CLUSTER_RE_X89_Y39_N3_I421         ; CLKBUF_CLUSTER_RE                           ;
;   1.125  ;   0.000  ;    ; RE   ; 1      ; CLKBUF_CLUSTER_RE_X89_Y39_N3_I756         ; CLKBUF_CLUSTER_RE                           ;
;   1.125  ;   0.000  ;    ; RE   ; 1      ; CLKBUF_CLUSTER_RE_X89_Y39_N3_I493         ; CLKBUF_CLUSTER_RE                           ;
;   1.125  ;   0.000  ;    ; RE   ; 1      ; GCLK_CLUSTER_RE_X89_Y39_N3_I10            ; GCLK_CLUSTER_RE                             ;
;   1.125  ;   0.000  ;    ; RE   ; 1      ; CLKBUFBLOCK_INPUT_X89_Y39_N4_I0           ; CLKBUFBLOCK_INPUT                           ;
;   1.125  ;   0.000  ; RR ; IC   ; 1      ; CLKCTRL_G8                                ; clk~inputCLKENA0|inclk                      ;
;   1.632  ;   0.507  ; RR ; CELL ; 1674   ; CLKCTRL_G8                                ; clk~inputCLKENA0|outclk                     ;
;   1.632  ;   0.000  ;    ; RE   ; 1      ; CLKCTRL_G8                                ; ARRIAV_CLKBUF                               ;
;   1.632  ;   0.000  ;    ; RE   ; 1      ; CLKBUFBLOCK_OUTPUT_X89_Y39_N4_I2          ; CLKBUFBLOCK_OUTPUT                          ;
;   1.632  ;   0.000  ;    ; RE   ; 1      ; GCLK_CLUSTER_RE_X89_Y39_N3_I12            ; GCLK_CLUSTER_RE                             ;
;   1.632  ;   0.000  ;    ; RE   ; 1      ; CLKBUF_CLUSTER_RE_X89_Y39_N3_I415         ; CLKBUF_CLUSTER_RE                           ;
;   2.465  ;   0.833  ;    ; RE   ; 5      ; GLOBAL_CLOCK_X0_Y36_N0_I8                 ; GLOBAL_CLOCK                                ;
;   2.632  ;   0.167  ;    ; RE   ; 19     ; SPINE_CLOCK_X15_Y37_N0_I6                 ; SPINE_CLOCK                                 ;
;   3.068  ;   0.436  ;    ; RE   ; 1      ; SCLK_TO_ROWCLK_BUF_X15_Y42_N0_I37         ; SCLK_TO_ROWCLK_BUF                          ;
;   3.163  ;   0.095  ;    ; RE   ; 2      ; SCLK_TO_ROWCLK_BUF_X15_Y42_N0_I40         ; SCLK_TO_ROWCLK_BUF                          ;
;   3.659  ;   0.496  ;    ; RE   ; 4      ; LAB_CLK_X0_Y42_N0_I5                      ; LAB_CLK                                     ;
;   3.822  ;   0.163  ;    ; RE   ; 1      ; BLK_CLK_BUF_X15_Y42_N0_I5                 ; BLK_CLK_BUF                                 ;
;   3.881  ;   0.059  ;    ; RE   ; 1      ; ROWCLKSEL_PREBUF_X15_Y42_N0_I5            ; ROWCLKSEL_PREBUF                            ;
;   3.940  ;   0.059  ;    ; RE   ; 1      ; ROWCLKSEL_X15_Y42_N0_I0                   ; ROWCLKSEL                                   ;
;   3.940  ;   0.000  ;    ; RE   ; 1      ; GLOBAL_LOCAL_SEL_X15_Y42_N0_I0            ; GLOBAL_LOCAL_SEL                            ;
;   3.940  ;   0.000  ;    ; RE   ; 5      ; LAB_INPUT_X15_Y42_N0_I0                   ; LAB_INPUT                                   ;
;   3.940  ;   0.000  ; RR ; IC   ; 1      ; FF_X15_Y42_N17                            ; state_array[3][3][22]|clk                   ;
;   4.602  ;   0.662  ; RR ; CELL ; 1      ; FF_X15_Y42_N17                            ; state_array[3][3][22]                       ;
; 10.923   ; 6.321    ;    ;      ;        ;                                           ; data path                                   ;
;   4.602  ;   0.000  ;    ; uTco ; 1      ; FF_X15_Y42_N17                            ; state_array[3][3][22]                       ;
;   4.602  ;   0.000  ; FF ; CELL ; 4      ; FF_X15_Y42_N17                            ; state_array[3][3][22]|q                     ;
;   4.662  ;   0.060  ;    ; RE   ; 2      ; FF_X15_Y42_N17                            ; ARRIAV_FF                                   ;
;   4.770  ;   0.108  ;    ; RE   ; 2      ; LE_BUFFER_X15_Y42_N0_I11                  ; LE_BUFFER                                   ;
;   5.026  ;   0.256  ;    ; RE   ; 2      ; C2_X14_Y43_N0_I6                          ; V_SEG2                                      ;
;   5.376  ;   0.350  ;    ; RE   ; 1      ; R3_X15_Y43_N0_I3                          ; H_SEG3                                      ;
;   5.639  ;   0.263  ;    ; RE   ; 1      ; LOCAL_INTERCONNECT_X16_Y43_N0_I36         ; LAB_LINE                                    ;
;   5.787  ;   0.148  ;    ; RE   ; 1      ; BLOCK_INPUT_MUX_X16_Y43_N0_I13            ; LEIM_INPUT                                  ;
;   5.789  ;   0.002  ; FF ; IC   ; 1      ; LABCELL_X16_Y43_N9                        ; KSU|u_theta|C[3][22]|datac                  ;
;   6.351  ;   0.562  ; FF ; CELL ; 7      ; LABCELL_X16_Y43_N9                        ; KSU|u_theta|C[3][22]|combout                ;
;   6.351  ;   0.000  ;    ; RE   ; 2      ; LABCELL_X16_Y43_N9                        ; ARRIAV_LCELL_COMB                           ;
;   6.494  ;   0.143  ;    ; RE   ; 3      ; LE_BUFFER_X16_Y43_N0_I7                   ; LE_BUFFER                                   ;
;   6.895  ;   0.401  ;    ; RE   ; 1      ; C4_X15_Y44_N0_I2                          ; V_SEG4                                      ;
;   7.242  ;   0.347  ;    ; RE   ; 1      ; LOCAL_INTERCONNECT_X16_Y45_N0_I6          ; LAB_LINE                                    ;
;   7.371  ;   0.129  ;    ; RE   ; 1      ; BLOCK_INPUT_MUX_X16_Y45_N0_I65            ; LEIM_INPUT                                  ;
;   7.370  ;   -0.001 ; FF ; IC   ; 1      ; LABCELL_X16_Y45_N48                       ; KSU|u_theta|D[4][22]|dataf                  ;
;   7.464  ;   0.094  ; FF ; CELL ; 5      ; LABCELL_X16_Y45_N48                       ; KSU|u_theta|D[4][22]|combout                ;
;   7.464  ;   0.000  ;    ; RE   ; 2      ; LABCELL_X16_Y45_N48                       ; ARRIAV_LCELL_COMB                           ;
;   7.540  ;   0.076  ;    ; RE   ; 1      ; LE_BUFFER_X16_Y45_N0_I32                  ; LE_BUFFER                                   ;
;   7.805  ;   0.265  ;    ; RE   ; 1      ; R6_X17_Y45_N0_I4                          ; H_SEG6                                      ;
;   7.805  ;   0.000  ;    ; RE   ; 2      ; R14_C12_INTERCONNECT_DRIVER_X18_Y45_N0_I1 ; WIRE_MUX                                    ;
;   8.179  ;   0.374  ;    ; RE   ; 1      ; R14_X19_Y45_N0_I0                         ; H_SEG14                                     ;
;   8.563  ;   0.384  ;    ; RE   ; 1      ; C4_X29_Y46_N0_I2                          ; V_SEG4                                      ;
;   8.879  ;   0.316  ;    ; RE   ; 1      ; R3_X30_Y49_N0_I2                          ; H_SEG3                                      ;
;   9.068  ;   0.189  ;    ; RE   ; 1      ; LOCAL_INTERCONNECT_X30_Y49_N0_I35         ; LAB_LINE                                    ;
;   9.209  ;   0.141  ;    ; RE   ; 1      ; BLOCK_INPUT_MUX_X30_Y49_N0_I15            ; LEIM_INPUT                                  ;
;   9.209  ;   0.000  ; FF ; IC   ; 1      ; LABCELL_X30_Y49_N9                        ; KSU|u_theta|state_array_o[4][0][22]|dataf   ;
;   9.301  ;   0.092  ; FF ; CELL ; 3      ; LABCELL_X30_Y49_N9                        ; KSU|u_theta|state_array_o[4][0][22]|combout ;
;   9.301  ;   0.000  ;    ; RE   ; 2      ; LABCELL_X30_Y49_N9                        ; ARRIAV_LCELL_COMB                           ;
;   9.385  ;   0.084  ;    ; RE   ; 1      ; LE_BUFFER_X30_Y49_N0_I6                   ; LE_BUFFER                                   ;
;   9.582  ;   0.197  ;    ; RE   ; 1      ; C2_X30_Y47_N0_I11                         ; V_SEG2                                      ;
;   9.794  ;   0.212  ;    ; RE   ; 1      ; R3_X31_Y48_N0_I8                          ; H_SEG3                                      ;
;   10.007 ;   0.213  ;    ; RE   ; 1      ; LOCAL_INTERCONNECT_X31_Y48_N0_I30         ; LAB_LINE                                    ;
;   10.127 ;   0.120  ;    ; RE   ; 1      ; BLOCK_INPUT_MUX_X31_Y48_N0_I17            ; LEIM_INPUT                                  ;
;   10.127 ;   0.000  ; FF ; IC   ; 1      ; LABCELL_X31_Y48_N12                       ; state_array~2213|dataf                      ;
;   10.231 ;   0.104  ; FR ; CELL ; 1      ; LABCELL_X31_Y48_N12                       ; state_array~2213|combout                    ;
;   10.231 ;   0.000  ;    ; RE   ; 1      ; LABCELL_X31_Y48_N12                       ; ARRIAV_LCELL_COMB                           ;
;   10.354 ;   0.123  ;    ; RE   ; 1      ; LOCAL_LINE_X31_Y48_N0_I4                  ; LOCAL_LINE                                  ;
;   10.522 ;   0.168  ;    ; RE   ; 1      ; BLOCK_INPUT_MUX_X31_Y48_N0_I1             ; LEIM_INPUT                                  ;
;   10.523 ;   0.001  ; RR ; IC   ; 1      ; LABCELL_X31_Y48_N0                        ; state_array~2214|dataf                      ;
;   10.617 ;   0.094  ; RR ; CELL ; 1      ; LABCELL_X31_Y48_N0                        ; state_array~2214|combout                    ;
;   10.617 ;   0.000  ;    ; RE   ; 1      ; LABCELL_X31_Y48_N0                        ; ARRIAV_LCELL_COMB                           ;
;   10.617 ;   0.000  ; RR ; IC   ; 1      ; FF_X31_Y48_N2                             ; state_array[3][3][49]|d                     ;
;   10.923 ;   0.306  ; RR ; CELL ; 1      ; FF_X31_Y48_N2                             ; state_array[3][3][49]                       ;
+----------+----------+----+------+--------+-------------------------------------------+---------------------------------------------+

+-------------------------------------------------------------------------------------------------------------+
; Data Required Path                                                                                          ;
+----------+---------+----+------+--------+---------------------------------------+---------------------------+
; Total    ; Incr    ; RF ; Type ; Fanout ; Location                              ; Element                   ;
+----------+---------+----+------+--------+---------------------------------------+---------------------------+
; 6.803    ; 6.803   ;    ;      ;        ;                                       ; latch edge time           ;
; 11.157   ; 4.354   ;    ;      ;        ;                                       ; clock path                ;
;   6.803  ;   0.000 ;    ;      ;        ;                                       ; source latency            ;
;   6.803  ;   0.000 ;    ;      ; 1      ; PIN_M16                               ; clk                       ;
;   6.803  ;   0.000 ;    ; RE   ; 1      ; IOPAD_X89_Y35_N60                     ; ARRIAV_IO_PAD             ;
;   6.803  ;   0.000 ;    ; RE   ; 1      ; IO_PAD_OUTPUT_X89_Y35_N60_I1          ; IO_PAD_OUTPUT             ;
;   6.803  ;   0.000 ;    ; RE   ; 1      ; IO_INPUT_BUFFER_INPUT_X89_Y35_N61_I0  ; IO_INPUT_BUFFER_INPUT     ;
;   6.803  ;   0.000 ; RR ; IC   ; 1      ; IOIBUF_X89_Y35_N61                    ; clk~input|i               ;
;   7.542  ;   0.739 ; RR ; CELL ; 1      ; IOIBUF_X89_Y35_N61                    ; clk~input|o               ;
;   7.542  ;   0.000 ;    ; RE   ; 1      ; IOIBUF_X89_Y35_N61                    ; ARRIAV_IO_IBUF            ;
;   7.542  ;   0.000 ;    ; RE   ; 1      ; IO_INPUT_BUFFER_OUTPUT_X89_Y35_N61_I2 ; IO_INPUT_BUFFER_OUTPUT    ;
;   7.542  ;   0.000 ;    ; RE   ; 1      ; IO_RE_X89_Y35_N60_I96                 ; IO_RE                     ;
;   7.630  ;   0.088 ;    ; RE   ; 1      ; IO_RE_X89_Y35_N60_I66                 ; IO_RE                     ;
;   7.905  ;   0.275 ;    ; RE   ; 1      ; CLKBUF_CLUSTER_RE_X89_Y39_N3_I421     ; CLKBUF_CLUSTER_RE         ;
;   7.905  ;   0.000 ;    ; RE   ; 1      ; CLKBUF_CLUSTER_RE_X89_Y39_N3_I756     ; CLKBUF_CLUSTER_RE         ;
;   7.905  ;   0.000 ;    ; RE   ; 1      ; CLKBUF_CLUSTER_RE_X89_Y39_N3_I493     ; CLKBUF_CLUSTER_RE         ;
;   7.905  ;   0.000 ;    ; RE   ; 1      ; GCLK_CLUSTER_RE_X89_Y39_N3_I10        ; GCLK_CLUSTER_RE           ;
;   7.905  ;   0.000 ;    ; RE   ; 1      ; CLKBUFBLOCK_INPUT_X89_Y39_N4_I0       ; CLKBUFBLOCK_INPUT         ;
;   7.905  ;   0.000 ; RR ; IC   ; 1      ; CLKCTRL_G8                            ; clk~inputCLKENA0|inclk    ;
;   8.375  ;   0.470 ; RR ; CELL ; 1674   ; CLKCTRL_G8                            ; clk~inputCLKENA0|outclk   ;
;   8.375  ;   0.000 ;    ; RE   ; 1      ; CLKCTRL_G8                            ; ARRIAV_CLKBUF             ;
;   8.375  ;   0.000 ;    ; RE   ; 1      ; CLKBUFBLOCK_OUTPUT_X89_Y39_N4_I2      ; CLKBUFBLOCK_OUTPUT        ;
;   8.375  ;   0.000 ;    ; RE   ; 1      ; GCLK_CLUSTER_RE_X89_Y39_N3_I12        ; GCLK_CLUSTER_RE           ;
;   8.375  ;   0.000 ;    ; RE   ; 1      ; CLKBUF_CLUSTER_RE_X89_Y39_N3_I415     ; CLKBUF_CLUSTER_RE         ;
;   9.165  ;   0.790 ;    ; RE   ; 5      ; GLOBAL_CLOCK_X0_Y36_N0_I8             ; GLOBAL_CLOCK              ;
;   9.318  ;   0.153 ;    ; RE   ; 20     ; SPINE_CLOCK_X33_Y37_N0_I6             ; SPINE_CLOCK               ;
;   9.741  ;   0.423 ;    ; RE   ; 1      ; SCLK_TO_ROWCLK_BUF_X33_Y48_N0_I37     ; SCLK_TO_ROWCLK_BUF        ;
;   9.833  ;   0.092 ;    ; RE   ; 2      ; SCLK_TO_ROWCLK_BUF_X33_Y48_N0_I40     ; SCLK_TO_ROWCLK_BUF        ;
;   10.297 ;   0.464 ;    ; RE   ; 7      ; LAB_CLK_X25_Y48_N0_I5                 ; LAB_CLK                   ;
;   10.425 ;   0.128 ;    ; RE   ; 1      ; BLK_CLK_BUF_X31_Y48_N0_I5             ; BLK_CLK_BUF               ;
;   10.479 ;   0.054 ;    ; RE   ; 1      ; ROWCLKSEL_PREBUF_X31_Y48_N0_I5        ; ROWCLKSEL_PREBUF          ;
;   10.533 ;   0.054 ;    ; RE   ; 1      ; ROWCLKSEL_X31_Y48_N0_I0               ; ROWCLKSEL                 ;
;   10.533 ;   0.000 ;    ; RE   ; 1      ; GLOBAL_LOCAL_SEL_X31_Y48_N0_I0        ; GLOBAL_LOCAL_SEL          ;
;   10.533 ;   0.000 ;    ; RE   ; 4      ; LAB_INPUT_X31_Y48_N0_I0               ; LAB_INPUT                 ;
;   10.533 ;   0.000 ; RR ; IC   ; 1      ; FF_X31_Y48_N2                         ; state_array[3][3][49]|clk ;
;   11.097 ;   0.564 ; RR ; CELL ; 1      ; FF_X31_Y48_N2                         ; state_array[3][3][49]     ;
;   11.157 ;   0.060 ;    ;      ;        ;                                       ; clock pessimism removed   ;
; 11.057   ; -0.100  ;    ;      ;        ;                                       ; clock uncertainty         ;
; 11.057   ; 0.000   ;    ; uTsu ; 1      ; FF_X31_Y48_N2                         ; state_array[3][3][49]     ;
+----------+---------+----+------+--------+---------------------------------------+---------------------------+

----------------------------
; Extra Fitter Information ;
----------------------------
HTML report is unavailable in plain text report export.


Path #6: Setup slack is 0.175 
===============================================================================
+--------------------------------------------+
; Path Summary                               ;
+--------------------+-----------------------+
; Property           ; Value                 ;
+--------------------+-----------------------+
; From Node          ; state_array[3][2][48] ;
; To Node            ; state_array[2][3][0]  ;
; Launch Clock       ; clk                   ;
; Latch Clock        ; clk                   ;
; Data Arrival Time  ; 10.931                ;
; Data Required Time ; 11.106                ;
; Slack              ; 0.175                 ;
+--------------------+-----------------------+

+-------------------------------------------------------------------------------------+
; Statistics                                                                          ;
+------------------------+--------+-------+-------------+------------+--------+-------+
; Property               ; Value  ; Count ; Total Delay ; % of Total ; Min    ; Max   ;
+------------------------+--------+-------+-------------+------------+--------+-------+
; Setup Relationship     ; 6.803  ;       ;             ;            ;        ;       ;
; Clock Skew             ; -0.144 ;       ;             ;            ;        ;       ;
; Data Delay             ; 6.384  ;       ;             ;            ;        ;       ;
; Number of Logic Levels ;        ; 4     ;             ;            ;        ;       ;
; Physical Delays        ;        ;       ;             ;            ;        ;       ;
;  Arrival Path          ;        ;       ;             ;            ;        ;       ;
;   Clock                ;        ;       ;             ;            ;        ;       ;
;    IC                  ;        ; 3     ; 0.000       ; 0          ; 0.000  ; 0.000 ;
;    Cell                ;        ; 3     ; 1.901       ; 42         ; 0.507  ; 0.739 ;
;    Routing Element     ;        ; 26    ; 2.646       ; 58         ; 0.000  ; 0.835 ;
;   Data                 ;        ;       ;             ;            ;        ;       ;
;    IC                  ;        ; 5     ; 0.000       ; 0          ; -0.001 ; 0.001 ;
;    Cell                ;        ; 6     ; 2.026       ; 32         ; 0.000  ; 0.646 ;
;    uTco                ;        ; 1     ; 0.000       ; 0          ; 0.000  ; 0.000 ;
;    Routing Element     ;        ; 24    ; 4.358       ; 68         ; 0.000  ; 0.465 ;
;  Required Path         ;        ;       ;             ;            ;        ;       ;
;   Clock                ;        ;       ;             ;            ;        ;       ;
;    IC                  ;        ; 3     ; 0.001       ; 0          ; 0.000  ; 0.001 ;
;    Cell                ;        ; 3     ; 1.780       ; 41         ; 0.470  ; 0.739 ;
;    Routing Element     ;        ; 26    ; 2.562       ; 59         ; 0.000  ; 0.788 ;
+------------------------+--------+-------+-------------+------------+--------+-------+
Note: Negative delays are omitted from totals when calculating percentages

+--------------------------------------------------------------------------------------------------------------------------------+
; Data Arrival Path                                                                                                              ;
+----------+----------+----+------+--------+---------------------------------------+---------------------------------------------+
; Total    ; Incr     ; RF ; Type ; Fanout ; Location                              ; Element                                     ;
+----------+----------+----+------+--------+---------------------------------------+---------------------------------------------+
; 0.000    ; 0.000    ;    ;      ;        ;                                       ; launch edge time                            ;
; 4.547    ; 4.547    ;    ;      ;        ;                                       ; clock path                                  ;
;   0.000  ;   0.000  ;    ;      ;        ;                                       ; source latency                              ;
;   0.000  ;   0.000  ;    ;      ; 1      ; PIN_M16                               ; clk                                         ;
;   0.000  ;   0.000  ;    ; RE   ; 1      ; IOPAD_X89_Y35_N60                     ; ARRIAV_IO_PAD                               ;
;   0.000  ;   0.000  ;    ; RE   ; 1      ; IO_PAD_OUTPUT_X89_Y35_N60_I1          ; IO_PAD_OUTPUT                               ;
;   0.000  ;   0.000  ;    ; RE   ; 1      ; IO_INPUT_BUFFER_INPUT_X89_Y35_N61_I0  ; IO_INPUT_BUFFER_INPUT                       ;
;   0.000  ;   0.000  ; RR ; IC   ; 1      ; IOIBUF_X89_Y35_N61                    ; clk~input|i                                 ;
;   0.739  ;   0.739  ; RR ; CELL ; 1      ; IOIBUF_X89_Y35_N61                    ; clk~input|o                                 ;
;   0.739  ;   0.000  ;    ; RE   ; 1      ; IOIBUF_X89_Y35_N61                    ; ARRIAV_IO_IBUF                              ;
;   0.739  ;   0.000  ;    ; RE   ; 1      ; IO_INPUT_BUFFER_OUTPUT_X89_Y35_N61_I2 ; IO_INPUT_BUFFER_OUTPUT                      ;
;   0.739  ;   0.000  ;    ; RE   ; 1      ; IO_RE_X89_Y35_N60_I96                 ; IO_RE                                       ;
;   0.833  ;   0.094  ;    ; RE   ; 1      ; IO_RE_X89_Y35_N60_I66                 ; IO_RE                                       ;
;   1.125  ;   0.292  ;    ; RE   ; 1      ; CLKBUF_CLUSTER_RE_X89_Y39_N3_I421     ; CLKBUF_CLUSTER_RE                           ;
;   1.125  ;   0.000  ;    ; RE   ; 1      ; CLKBUF_CLUSTER_RE_X89_Y39_N3_I756     ; CLKBUF_CLUSTER_RE                           ;
;   1.125  ;   0.000  ;    ; RE   ; 1      ; CLKBUF_CLUSTER_RE_X89_Y39_N3_I493     ; CLKBUF_CLUSTER_RE                           ;
;   1.125  ;   0.000  ;    ; RE   ; 1      ; GCLK_CLUSTER_RE_X89_Y39_N3_I10        ; GCLK_CLUSTER_RE                             ;
;   1.125  ;   0.000  ;    ; RE   ; 1      ; CLKBUFBLOCK_INPUT_X89_Y39_N4_I0       ; CLKBUFBLOCK_INPUT                           ;
;   1.125  ;   0.000  ; RR ; IC   ; 1      ; CLKCTRL_G8                            ; clk~inputCLKENA0|inclk                      ;
;   1.632  ;   0.507  ; RR ; CELL ; 1674   ; CLKCTRL_G8                            ; clk~inputCLKENA0|outclk                     ;
;   1.632  ;   0.000  ;    ; RE   ; 1      ; CLKCTRL_G8                            ; ARRIAV_CLKBUF                               ;
;   1.632  ;   0.000  ;    ; RE   ; 1      ; CLKBUFBLOCK_OUTPUT_X89_Y39_N4_I2      ; CLKBUFBLOCK_OUTPUT                          ;
;   1.632  ;   0.000  ;    ; RE   ; 1      ; GCLK_CLUSTER_RE_X89_Y39_N3_I12        ; GCLK_CLUSTER_RE                             ;
;   1.632  ;   0.000  ;    ; RE   ; 1      ; CLKBUF_CLUSTER_RE_X89_Y39_N3_I415     ; CLKBUF_CLUSTER_RE                           ;
;   2.467  ;   0.835  ;    ; RE   ; 5      ; GLOBAL_CLOCK_X0_Y36_N0_I8             ; GLOBAL_CLOCK                                ;
;   2.622  ;   0.155  ;    ; RE   ; 20     ; SPINE_CLOCK_X33_Y37_N0_I6             ; SPINE_CLOCK                                 ;
;   3.060  ;   0.438  ;    ; RE   ; 1      ; SCLK_TO_ROWCLK_BUF_X33_Y50_N0_I37     ; SCLK_TO_ROWCLK_BUF                          ;
;   3.155  ;   0.095  ;    ; RE   ; 2      ; SCLK_TO_ROWCLK_BUF_X33_Y50_N0_I40     ; SCLK_TO_ROWCLK_BUF                          ;
;   3.638  ;   0.483  ;    ; RE   ; 6      ; LAB_CLK_X25_Y50_N0_I5                 ; LAB_CLK                                     ;
;   3.777  ;   0.139  ;    ; RE   ; 1      ; BLK_CLK_BUF_X27_Y50_N0_I5             ; BLK_CLK_BUF                                 ;
;   3.833  ;   0.056  ;    ; RE   ; 1      ; ROWCLKSEL_PREBUF_X27_Y50_N0_I5        ; ROWCLKSEL_PREBUF                            ;
;   3.892  ;   0.059  ;    ; RE   ; 1      ; ROWCLKSEL_X27_Y50_N0_I0               ; ROWCLKSEL                                   ;
;   3.892  ;   0.000  ;    ; RE   ; 1      ; GLOBAL_LOCAL_SEL_X27_Y50_N0_I0        ; GLOBAL_LOCAL_SEL                            ;
;   3.892  ;   0.000  ;    ; RE   ; 5      ; LAB_INPUT_X27_Y50_N0_I0               ; LAB_INPUT                                   ;
;   3.892  ;   0.000  ; RR ; IC   ; 1      ; FF_X27_Y50_N2                         ; state_array[3][2][48]|clk                   ;
;   4.547  ;   0.655  ; RR ; CELL ; 1      ; FF_X27_Y50_N2                         ; state_array[3][2][48]                       ;
; 10.931   ; 6.384    ;    ;      ;        ;                                       ; data path                                   ;
;   4.547  ;   0.000  ;    ; uTco ; 1      ; FF_X27_Y50_N2                         ; state_array[3][2][48]                       ;
;   4.547  ;   0.000  ; FF ; CELL ; 5      ; FF_X27_Y50_N2                         ; state_array[3][2][48]|q                     ;
;   4.606  ;   0.059  ;    ; RE   ; 3      ; FF_X27_Y50_N2                         ; ARRIAV_FF                                   ;
;   4.690  ;   0.084  ;    ; RE   ; 1      ; LE_BUFFER_X27_Y50_N0_I1               ; LE_BUFFER                                   ;
;   4.897  ;   0.207  ;    ; RE   ; 2      ; R6_X27_Y50_N0_I12                     ; H_SEG6                                      ;
;   5.205  ;   0.308  ;    ; RE   ; 1      ; R3_X27_Y50_N0_I9                      ; H_SEG3                                      ;
;   5.423  ;   0.218  ;    ; RE   ; 1      ; LOCAL_INTERCONNECT_X28_Y50_N0_I44     ; LAB_LINE                                    ;
;   5.542  ;   0.119  ;    ; RE   ; 1      ; BLOCK_INPUT_MUX_X28_Y50_N0_I11        ; LEIM_INPUT                                  ;
;   5.542  ;   0.000  ; FF ; IC   ; 1      ; MLABCELL_X28_Y50_N6                   ; KSU|u_theta|C[3][48]|datab                  ;
;   6.188  ;   0.646  ; FR ; CELL ; 7      ; MLABCELL_X28_Y50_N6                   ; KSU|u_theta|C[3][48]|combout                ;
;   6.188  ;   0.000  ;    ; RE   ; 2      ; MLABCELL_X28_Y50_N6                   ; ARRIAV_LCELL_COMB                           ;
;   6.308  ;   0.120  ;    ; RE   ; 3      ; LE_BUFFER_X28_Y50_N0_I4               ; LE_BUFFER                                   ;
;   6.455  ;   0.147  ;    ; RE   ; 3      ; LOCAL_INTERCONNECT_X29_Y50_N0_I2      ; LAB_LINE                                    ;
;   6.637  ;   0.182  ;    ; RE   ; 2      ; BLOCK_INPUT_MUX_X29_Y50_N0_I36        ; LEIM_INPUT                                  ;
;   6.638  ;   0.001  ; RR ; IC   ; 1      ; LABCELL_X29_Y50_N24                   ; KSU|u_theta|state_array_o[2][3][49]|datac   ;
;   7.217  ;   0.579  ; RF ; CELL ; 3      ; LABCELL_X29_Y50_N24                   ; KSU|u_theta|state_array_o[2][3][49]|combout ;
;   7.217  ;   0.000  ;    ; RE   ; 1      ; LABCELL_X29_Y50_N24                   ; ARRIAV_LCELL_COMB                           ;
;   7.325  ;   0.108  ;    ; RE   ; 2      ; LE_BUFFER_X29_Y50_N0_I17              ; LE_BUFFER                                   ;
;   7.647  ;   0.322  ;    ; RE   ; 1      ; C4_X28_Y46_N0_I8                      ; V_SEG4                                      ;
;   7.961  ;   0.314  ;    ; RE   ; 1      ; C4_X28_Y42_N0_I8                      ; V_SEG4                                      ;
;   8.426  ;   0.465  ;    ; RE   ; 1      ; R6_X23_Y45_N0_I26                     ; H_SEG6                                      ;
;   8.725  ;   0.299  ;    ; RE   ; 2      ; LOCAL_INTERCONNECT_X23_Y45_N0_I41     ; LAB_LINE                                    ;
;   8.884  ;   0.159  ;    ; RE   ; 1      ; BLOCK_INPUT_MUX_X23_Y45_N0_I24        ; LEIM_INPUT                                  ;
;   8.884  ;   0.000  ; FF ; IC   ; 1      ; LABCELL_X23_Y45_N18                   ; state_array~14|datad                        ;
;   9.294  ;   0.410  ; FF ; CELL ; 1      ; LABCELL_X23_Y45_N18                   ; state_array~14|combout                      ;
;   9.294  ;   0.000  ;    ; RE   ; 1      ; LABCELL_X23_Y45_N18                   ; ARRIAV_LCELL_COMB                           ;
;   9.396  ;   0.102  ;    ; RE   ; 1      ; LE_BUFFER_X23_Y45_N0_I13              ; LE_BUFFER                                   ;
;   9.769  ;   0.373  ;    ; RE   ; 1      ; R6_X17_Y45_N0_I39                     ; H_SEG6                                      ;
;   10.128 ;   0.359  ;    ; RE   ; 1      ; R3_X14_Y45_N0_I13                     ; H_SEG3                                      ;
;   10.385 ;   0.257  ;    ; RE   ; 1      ; LOCAL_INTERCONNECT_X15_Y45_N0_I45     ; LAB_LINE                                    ;
;   10.541 ;   0.156  ;    ; RE   ; 1      ; BLOCK_INPUT_MUX_X15_Y45_N0_I15        ; LEIM_INPUT                                  ;
;   10.540 ;   -0.001 ; FF ; IC   ; 1      ; MLABCELL_X15_Y45_N9                   ; state_array~15|dataf                        ;
;   10.624 ;   0.084  ; FF ; CELL ; 1      ; MLABCELL_X15_Y45_N9                   ; state_array~15|combout                      ;
;   10.624 ;   0.000  ;    ; RE   ; 1      ; MLABCELL_X15_Y45_N9                   ; ARRIAV_LCELL_COMB                           ;
;   10.624 ;   0.000  ; FF ; IC   ; 1      ; FF_X15_Y45_N11                        ; state_array[2][3][0]|d                      ;
;   10.931 ;   0.307  ; FF ; CELL ; 1      ; FF_X15_Y45_N11                        ; state_array[2][3][0]                        ;
+----------+----------+----+------+--------+---------------------------------------+---------------------------------------------+

+------------------------------------------------------------------------------------------------------------+
; Data Required Path                                                                                         ;
+----------+---------+----+------+--------+---------------------------------------+--------------------------+
; Total    ; Incr    ; RF ; Type ; Fanout ; Location                              ; Element                  ;
+----------+---------+----+------+--------+---------------------------------------+--------------------------+
; 6.803    ; 6.803   ;    ;      ;        ;                                       ; latch edge time          ;
; 11.206   ; 4.403   ;    ;      ;        ;                                       ; clock path               ;
;   6.803  ;   0.000 ;    ;      ;        ;                                       ; source latency           ;
;   6.803  ;   0.000 ;    ;      ; 1      ; PIN_M16                               ; clk                      ;
;   6.803  ;   0.000 ;    ; RE   ; 1      ; IOPAD_X89_Y35_N60                     ; ARRIAV_IO_PAD            ;
;   6.803  ;   0.000 ;    ; RE   ; 1      ; IO_PAD_OUTPUT_X89_Y35_N60_I1          ; IO_PAD_OUTPUT            ;
;   6.803  ;   0.000 ;    ; RE   ; 1      ; IO_INPUT_BUFFER_INPUT_X89_Y35_N61_I0  ; IO_INPUT_BUFFER_INPUT    ;
;   6.803  ;   0.000 ; RR ; IC   ; 1      ; IOIBUF_X89_Y35_N61                    ; clk~input|i              ;
;   7.542  ;   0.739 ; RR ; CELL ; 1      ; IOIBUF_X89_Y35_N61                    ; clk~input|o              ;
;   7.542  ;   0.000 ;    ; RE   ; 1      ; IOIBUF_X89_Y35_N61                    ; ARRIAV_IO_IBUF           ;
;   7.542  ;   0.000 ;    ; RE   ; 1      ; IO_INPUT_BUFFER_OUTPUT_X89_Y35_N61_I2 ; IO_INPUT_BUFFER_OUTPUT   ;
;   7.542  ;   0.000 ;    ; RE   ; 1      ; IO_RE_X89_Y35_N60_I96                 ; IO_RE                    ;
;   7.630  ;   0.088 ;    ; RE   ; 1      ; IO_RE_X89_Y35_N60_I66                 ; IO_RE                    ;
;   7.905  ;   0.275 ;    ; RE   ; 1      ; CLKBUF_CLUSTER_RE_X89_Y39_N3_I421     ; CLKBUF_CLUSTER_RE        ;
;   7.905  ;   0.000 ;    ; RE   ; 1      ; CLKBUF_CLUSTER_RE_X89_Y39_N3_I756     ; CLKBUF_CLUSTER_RE        ;
;   7.905  ;   0.000 ;    ; RE   ; 1      ; CLKBUF_CLUSTER_RE_X89_Y39_N3_I493     ; CLKBUF_CLUSTER_RE        ;
;   7.905  ;   0.000 ;    ; RE   ; 1      ; GCLK_CLUSTER_RE_X89_Y39_N3_I10        ; GCLK_CLUSTER_RE          ;
;   7.905  ;   0.000 ;    ; RE   ; 1      ; CLKBUFBLOCK_INPUT_X89_Y39_N4_I0       ; CLKBUFBLOCK_INPUT        ;
;   7.905  ;   0.000 ; RR ; IC   ; 1      ; CLKCTRL_G8                            ; clk~inputCLKENA0|inclk   ;
;   8.375  ;   0.470 ; RR ; CELL ; 1674   ; CLKCTRL_G8                            ; clk~inputCLKENA0|outclk  ;
;   8.375  ;   0.000 ;    ; RE   ; 1      ; CLKCTRL_G8                            ; ARRIAV_CLKBUF            ;
;   8.375  ;   0.000 ;    ; RE   ; 1      ; CLKBUFBLOCK_OUTPUT_X89_Y39_N4_I2      ; CLKBUFBLOCK_OUTPUT       ;
;   8.375  ;   0.000 ;    ; RE   ; 1      ; GCLK_CLUSTER_RE_X89_Y39_N3_I12        ; GCLK_CLUSTER_RE          ;
;   8.375  ;   0.000 ;    ; RE   ; 1      ; CLKBUF_CLUSTER_RE_X89_Y39_N3_I415     ; CLKBUF_CLUSTER_RE        ;
;   9.163  ;   0.788 ;    ; RE   ; 5      ; GLOBAL_CLOCK_X0_Y36_N0_I8             ; GLOBAL_CLOCK             ;
;   9.321  ;   0.158 ;    ; RE   ; 19     ; SPINE_CLOCK_X15_Y37_N0_I6             ; SPINE_CLOCK              ;
;   9.743  ;   0.422 ;    ; RE   ; 1      ; SCLK_TO_ROWCLK_BUF_X15_Y45_N0_I37     ; SCLK_TO_ROWCLK_BUF       ;
;   9.834  ;   0.091 ;    ; RE   ; 2      ; SCLK_TO_ROWCLK_BUF_X15_Y45_N0_I40     ; SCLK_TO_ROWCLK_BUF       ;
;   10.313 ;   0.479 ;    ; RE   ; 6      ; LAB_CLK_X0_Y45_N0_I5                  ; LAB_CLK                  ;
;   10.463 ;   0.150 ;    ; RE   ; 1      ; BLK_CLK_BUF_X15_Y45_N0_I5             ; BLK_CLK_BUF              ;
;   10.520 ;   0.057 ;    ; RE   ; 1      ; ROWCLKSEL_PREBUF_X15_Y45_N0_I5        ; ROWCLKSEL_PREBUF         ;
;   10.574 ;   0.054 ;    ; RE   ; 1      ; ROWCLKSEL_X15_Y45_N0_I0               ; ROWCLKSEL                ;
;   10.574 ;   0.000 ;    ; RE   ; 1      ; GLOBAL_LOCAL_SEL_X15_Y45_N0_I0        ; GLOBAL_LOCAL_SEL         ;
;   10.574 ;   0.000 ;    ; RE   ; 4      ; LAB_INPUT_X15_Y45_N0_I0               ; LAB_INPUT                ;
;   10.575 ;   0.001 ; RR ; IC   ; 1      ; FF_X15_Y45_N11                        ; state_array[2][3][0]|clk ;
;   11.146 ;   0.571 ; RR ; CELL ; 1      ; FF_X15_Y45_N11                        ; state_array[2][3][0]     ;
;   11.206 ;   0.060 ;    ;      ;        ;                                       ; clock pessimism removed  ;
; 11.106   ; -0.100  ;    ;      ;        ;                                       ; clock uncertainty        ;
; 11.106   ; 0.000   ;    ; uTsu ; 1      ; FF_X15_Y45_N11                        ; state_array[2][3][0]     ;
+----------+---------+----+------+--------+---------------------------------------+--------------------------+

----------------------------
; Extra Fitter Information ;
----------------------------
HTML report is unavailable in plain text report export.


Path #7: Setup slack is 0.175 
===============================================================================
+--------------------------------------------+
; Path Summary                               ;
+--------------------+-----------------------+
; Property           ; Value                 ;
+--------------------+-----------------------+
; From Node          ; state_array[3][4][34] ;
; To Node            ; state_array[0][3][61] ;
; Launch Clock       ; clk                   ;
; Latch Clock        ; clk                   ;
; Data Arrival Time  ; 10.870                ;
; Data Required Time ; 11.045                ;
; Slack              ; 0.175                 ;
+--------------------+-----------------------+

+-------------------------------------------------------------------------------------+
; Statistics                                                                          ;
+------------------------+--------+-------+-------------+------------+--------+-------+
; Property               ; Value  ; Count ; Total Delay ; % of Total ; Min    ; Max   ;
+------------------------+--------+-------+-------------+------------+--------+-------+
; Setup Relationship     ; 6.803  ;       ;             ;            ;        ;       ;
; Clock Skew             ; -0.223 ;       ;             ;            ;        ;       ;
; Data Delay             ; 6.305  ;       ;             ;            ;        ;       ;
; Number of Logic Levels ;        ; 4     ;             ;            ;        ;       ;
; Physical Delays        ;        ;       ;             ;            ;        ;       ;
;  Arrival Path          ;        ;       ;             ;            ;        ;       ;
;   Clock                ;        ;       ;             ;            ;        ;       ;
;    IC                  ;        ; 3     ; 0.001       ; 0          ; 0.000  ; 0.001 ;
;    Cell                ;        ; 3     ; 1.901       ; 42         ; 0.507  ; 0.739 ;
;    Routing Element     ;        ; 26    ; 2.663       ; 58         ; 0.000  ; 0.835 ;
;   Data                 ;        ;       ;             ;            ;        ;       ;
;    IC                  ;        ; 5     ; 0.001       ; 0          ; -0.001 ; 0.001 ;
;    Cell                ;        ; 6     ; 1.619       ; 26         ; 0.000  ; 0.570 ;
;    uTco                ;        ; 1     ; 0.000       ; 0          ; 0.000  ; 0.000 ;
;    Routing Element     ;        ; 27    ; 4.685       ; 74         ; 0.000  ; 0.381 ;
;  Required Path         ;        ;       ;             ;            ;        ;       ;
;   Clock                ;        ;       ;             ;            ;        ;       ;
;    IC                  ;        ; 3     ; -0.001      ; 0          ; -0.001 ; 0.000 ;
;    Cell                ;        ; 3     ; 1.773       ; 41         ; 0.470  ; 0.739 ;
;    Routing Element     ;        ; 26    ; 2.510       ; 59         ; 0.000  ; 0.788 ;
+------------------------+--------+-------+-------------+------------+--------+-------+
Note: Negative delays are omitted from totals when calculating percentages

+--------------------------------------------------------------------------------------------------------------------------------+
; Data Arrival Path                                                                                                              ;
+----------+----------+----+------+--------+---------------------------------------+---------------------------------------------+
; Total    ; Incr     ; RF ; Type ; Fanout ; Location                              ; Element                                     ;
+----------+----------+----+------+--------+---------------------------------------+---------------------------------------------+
; 0.000    ; 0.000    ;    ;      ;        ;                                       ; launch edge time                            ;
; 4.565    ; 4.565    ;    ;      ;        ;                                       ; clock path                                  ;
;   0.000  ;   0.000  ;    ;      ;        ;                                       ; source latency                              ;
;   0.000  ;   0.000  ;    ;      ; 1      ; PIN_M16                               ; clk                                         ;
;   0.000  ;   0.000  ;    ; RE   ; 1      ; IOPAD_X89_Y35_N60                     ; ARRIAV_IO_PAD                               ;
;   0.000  ;   0.000  ;    ; RE   ; 1      ; IO_PAD_OUTPUT_X89_Y35_N60_I1          ; IO_PAD_OUTPUT                               ;
;   0.000  ;   0.000  ;    ; RE   ; 1      ; IO_INPUT_BUFFER_INPUT_X89_Y35_N61_I0  ; IO_INPUT_BUFFER_INPUT                       ;
;   0.000  ;   0.000  ; RR ; IC   ; 1      ; IOIBUF_X89_Y35_N61                    ; clk~input|i                                 ;
;   0.739  ;   0.739  ; RR ; CELL ; 1      ; IOIBUF_X89_Y35_N61                    ; clk~input|o                                 ;
;   0.739  ;   0.000  ;    ; RE   ; 1      ; IOIBUF_X89_Y35_N61                    ; ARRIAV_IO_IBUF                              ;
;   0.739  ;   0.000  ;    ; RE   ; 1      ; IO_INPUT_BUFFER_OUTPUT_X89_Y35_N61_I2 ; IO_INPUT_BUFFER_OUTPUT                      ;
;   0.739  ;   0.000  ;    ; RE   ; 1      ; IO_RE_X89_Y35_N60_I96                 ; IO_RE                                       ;
;   0.833  ;   0.094  ;    ; RE   ; 1      ; IO_RE_X89_Y35_N60_I66                 ; IO_RE                                       ;
;   1.125  ;   0.292  ;    ; RE   ; 1      ; CLKBUF_CLUSTER_RE_X89_Y39_N3_I421     ; CLKBUF_CLUSTER_RE                           ;
;   1.125  ;   0.000  ;    ; RE   ; 1      ; CLKBUF_CLUSTER_RE_X89_Y39_N3_I756     ; CLKBUF_CLUSTER_RE                           ;
;   1.125  ;   0.000  ;    ; RE   ; 1      ; CLKBUF_CLUSTER_RE_X89_Y39_N3_I493     ; CLKBUF_CLUSTER_RE                           ;
;   1.125  ;   0.000  ;    ; RE   ; 1      ; GCLK_CLUSTER_RE_X89_Y39_N3_I10        ; GCLK_CLUSTER_RE                             ;
;   1.125  ;   0.000  ;    ; RE   ; 1      ; CLKBUFBLOCK_INPUT_X89_Y39_N4_I0       ; CLKBUFBLOCK_INPUT                           ;
;   1.125  ;   0.000  ; RR ; IC   ; 1      ; CLKCTRL_G8                            ; clk~inputCLKENA0|inclk                      ;
;   1.632  ;   0.507  ; RR ; CELL ; 1674   ; CLKCTRL_G8                            ; clk~inputCLKENA0|outclk                     ;
;   1.632  ;   0.000  ;    ; RE   ; 1      ; CLKCTRL_G8                            ; ARRIAV_CLKBUF                               ;
;   1.632  ;   0.000  ;    ; RE   ; 1      ; CLKBUFBLOCK_OUTPUT_X89_Y39_N4_I2      ; CLKBUFBLOCK_OUTPUT                          ;
;   1.632  ;   0.000  ;    ; RE   ; 1      ; GCLK_CLUSTER_RE_X89_Y39_N3_I12        ; GCLK_CLUSTER_RE                             ;
;   1.632  ;   0.000  ;    ; RE   ; 1      ; CLKBUF_CLUSTER_RE_X89_Y39_N3_I415     ; CLKBUF_CLUSTER_RE                           ;
;   2.467  ;   0.835  ;    ; RE   ; 5      ; GLOBAL_CLOCK_X0_Y36_N0_I8             ; GLOBAL_CLOCK                                ;
;   2.635  ;   0.168  ;    ; RE   ; 20     ; SPINE_CLOCK_X33_Y37_N0_I6             ; SPINE_CLOCK                                 ;
;   3.079  ;   0.444  ;    ; RE   ; 1      ; SCLK_TO_ROWCLK_BUF_X33_Y40_N0_I37     ; SCLK_TO_ROWCLK_BUF                          ;
;   3.175  ;   0.096  ;    ; RE   ; 2      ; SCLK_TO_ROWCLK_BUF_X33_Y40_N0_I40     ; SCLK_TO_ROWCLK_BUF                          ;
;   3.655  ;   0.480  ;    ; RE   ; 7      ; LAB_CLK_X25_Y40_N0_I5                 ; LAB_CLK                                     ;
;   3.794  ;   0.139  ;    ; RE   ; 1      ; BLK_CLK_BUF_X31_Y40_N0_I5             ; BLK_CLK_BUF                                 ;
;   3.850  ;   0.056  ;    ; RE   ; 1      ; ROWCLKSEL_PREBUF_X31_Y40_N0_I5        ; ROWCLKSEL_PREBUF                            ;
;   3.909  ;   0.059  ;    ; RE   ; 1      ; ROWCLKSEL_X31_Y40_N0_I0               ; ROWCLKSEL                                   ;
;   3.909  ;   0.000  ;    ; RE   ; 1      ; GLOBAL_LOCAL_SEL_X31_Y40_N0_I0        ; GLOBAL_LOCAL_SEL                            ;
;   3.909  ;   0.000  ;    ; RE   ; 5      ; LAB_INPUT_X31_Y40_N0_I0               ; LAB_INPUT                                   ;
;   3.910  ;   0.001  ; RR ; IC   ; 1      ; FF_X31_Y40_N38                        ; state_array[3][4][34]|clk                   ;
;   4.565  ;   0.655  ; RR ; CELL ; 1      ; FF_X31_Y40_N38                        ; state_array[3][4][34]                       ;
; 10.870   ; 6.305    ;    ;      ;        ;                                       ; data path                                   ;
;   4.565  ;   0.000  ;    ; uTco ; 1      ; FF_X31_Y40_N38                        ; state_array[3][4][34]                       ;
;   4.565  ;   0.000  ; FF ; CELL ; 6      ; FF_X31_Y40_N38                        ; state_array[3][4][34]|q                     ;
;   4.624  ;   0.059  ;    ; RE   ; 2      ; FF_X31_Y40_N38                        ; ARRIAV_FF                                   ;
;   4.723  ;   0.099  ;    ; RE   ; 2      ; LE_BUFFER_X31_Y40_N0_I25              ; LE_BUFFER                                   ;
;   4.971  ;   0.248  ;    ; RE   ; 3      ; C2_X30_Y38_N0_I14                     ; V_SEG2                                      ;
;   5.176  ;   0.205  ;    ; RE   ; 1      ; LOCAL_INTERCONNECT_X31_Y38_N0_I12     ; LAB_LINE                                    ;
;   5.310  ;   0.134  ;    ; RE   ; 1      ; BLOCK_INPUT_MUX_X31_Y38_N0_I44        ; LEIM_INPUT                                  ;
;   5.310  ;   0.000  ; FF ; IC   ; 1      ; LABCELL_X31_Y38_N30                   ; KSU|u_theta|C[3][34]|datac                  ;
;   5.872  ;   0.562  ; FF ; CELL ; 6      ; LABCELL_X31_Y38_N30                   ; KSU|u_theta|C[3][34]|combout                ;
;   5.872  ;   0.000  ;    ; RE   ; 1      ; LABCELL_X31_Y38_N30                   ; ARRIAV_LCELL_COMB                           ;
;   5.958  ;   0.086  ;    ; RE   ; 2      ; LE_BUFFER_X31_Y38_N0_I20              ; LE_BUFFER                                   ;
;   6.164  ;   0.206  ;    ; RE   ; 2      ; C2_X31_Y39_N0_I1                      ; V_SEG2                                      ;
;   6.514  ;   0.350  ;    ; RE   ; 2      ; C4_X31_Y40_N0_I4                      ; V_SEG4                                      ;
;   6.825  ;   0.311  ;    ; RE   ; 1      ; C4_X31_Y44_N0_I4                      ; V_SEG4                                      ;
;   7.089  ;   0.264  ;    ; RE   ; 1      ; R3_X29_Y44_N0_I19                     ; H_SEG3                                      ;
;   7.251  ;   0.162  ;    ; RE   ; 1      ; LOCAL_INTERCONNECT_X31_Y44_N0_I12     ; LAB_LINE                                    ;
;   7.368  ;   0.117  ;    ; RE   ; 1      ; BLOCK_INPUT_MUX_X31_Y44_N0_I41        ; LEIM_INPUT                                  ;
;   7.367  ;   -0.001 ; FF ; IC   ; 1      ; LABCELL_X31_Y44_N30                   ; KSU|u_theta|D[4][34]|dataf                  ;
;   7.459  ;   0.092  ; FF ; CELL ; 4      ; LABCELL_X31_Y44_N30                   ; KSU|u_theta|D[4][34]|combout                ;
;   7.459  ;   0.000  ;    ; RE   ; 2      ; LABCELL_X31_Y44_N30                   ; ARRIAV_LCELL_COMB                           ;
;   7.544  ;   0.085  ;    ; RE   ; 1      ; LE_BUFFER_X31_Y44_N0_I21              ; LE_BUFFER                                   ;
;   7.925  ;   0.381  ;    ; RE   ; 1      ; R6_X25_Y44_N0_I38                     ; H_SEG6                                      ;
;   8.223  ;   0.298  ;    ; RE   ; 1      ; LOCAL_INTERCONNECT_X24_Y44_N0_I15     ; LAB_LINE                                    ;
;   8.370  ;   0.147  ;    ; RE   ; 1      ; BLOCK_INPUT_MUX_X24_Y44_N0_I15        ; LEIM_INPUT                                  ;
;   8.371  ;   0.001  ; FF ; IC   ; 1      ; LABCELL_X24_Y44_N9                    ; KSU|u_theta|state_array_o[4][0][34]|dataf   ;
;   8.459  ;   0.088  ; FF ; CELL ; 3      ; LABCELL_X24_Y44_N9                    ; KSU|u_theta|state_array_o[4][0][34]|combout ;
;   8.459  ;   0.000  ;    ; RE   ; 1      ; LABCELL_X24_Y44_N9                    ; ARRIAV_LCELL_COMB                           ;
;   8.565  ;   0.106  ;    ; RE   ; 2      ; LE_BUFFER_X24_Y44_N0_I7               ; LE_BUFFER                                   ;
;   8.840  ;   0.275  ;    ; RE   ; 1      ; C4_X23_Y45_N0_I2                      ; V_SEG4                                      ;
;   9.146  ;   0.306  ;    ; RE   ; 2      ; C4_X23_Y49_N0_I2                      ; V_SEG4                                      ;
;   9.448  ;   0.302  ;    ; RE   ; 1      ; C2_X23_Y51_N0_I2                      ; V_SEG2                                      ;
;   9.687  ;   0.239  ;    ; RE   ; 1      ; R3_X21_Y51_N0_I22                     ; H_SEG3                                      ;
;   9.864  ;   0.177  ;    ; RE   ; 1      ; LOCAL_INTERCONNECT_X23_Y51_N0_I18     ; LAB_LINE                                    ;
;   9.992  ;   0.128  ;    ; RE   ; 1      ; BLOCK_INPUT_MUX_X23_Y51_N0_I60        ; LEIM_INPUT                                  ;
;   9.993  ;   0.001  ; FF ; IC   ; 1      ; LABCELL_X23_Y51_N42                   ; state_array~2820|datac                      ;
;   10.563 ;   0.570  ; FF ; CELL ; 1      ; LABCELL_X23_Y51_N42                   ; state_array~2820|combout                    ;
;   10.563 ;   0.000  ;    ; RE   ; 1      ; LABCELL_X23_Y51_N42                   ; ARRIAV_LCELL_COMB                           ;
;   10.563 ;   0.000  ; FF ; IC   ; 1      ; FF_X23_Y51_N44                        ; state_array[0][3][61]|d                     ;
;   10.870 ;   0.307  ; FF ; CELL ; 1      ; FF_X23_Y51_N44                        ; state_array[0][3][61]                       ;
+----------+----------+----+------+--------+---------------------------------------+---------------------------------------------+

+--------------------------------------------------------------------------------------------------------------+
; Data Required Path                                                                                           ;
+----------+----------+----+------+--------+---------------------------------------+---------------------------+
; Total    ; Incr     ; RF ; Type ; Fanout ; Location                              ; Element                   ;
+----------+----------+----+------+--------+---------------------------------------+---------------------------+
; 6.803    ; 6.803    ;    ;      ;        ;                                       ; latch edge time           ;
; 11.145   ; 4.342    ;    ;      ;        ;                                       ; clock path                ;
;   6.803  ;   0.000  ;    ;      ;        ;                                       ; source latency            ;
;   6.803  ;   0.000  ;    ;      ; 1      ; PIN_M16                               ; clk                       ;
;   6.803  ;   0.000  ;    ; RE   ; 1      ; IOPAD_X89_Y35_N60                     ; ARRIAV_IO_PAD             ;
;   6.803  ;   0.000  ;    ; RE   ; 1      ; IO_PAD_OUTPUT_X89_Y35_N60_I1          ; IO_PAD_OUTPUT             ;
;   6.803  ;   0.000  ;    ; RE   ; 1      ; IO_INPUT_BUFFER_INPUT_X89_Y35_N61_I0  ; IO_INPUT_BUFFER_INPUT     ;
;   6.803  ;   0.000  ; RR ; IC   ; 1      ; IOIBUF_X89_Y35_N61                    ; clk~input|i               ;
;   7.542  ;   0.739  ; RR ; CELL ; 1      ; IOIBUF_X89_Y35_N61                    ; clk~input|o               ;
;   7.542  ;   0.000  ;    ; RE   ; 1      ; IOIBUF_X89_Y35_N61                    ; ARRIAV_IO_IBUF            ;
;   7.542  ;   0.000  ;    ; RE   ; 1      ; IO_INPUT_BUFFER_OUTPUT_X89_Y35_N61_I2 ; IO_INPUT_BUFFER_OUTPUT    ;
;   7.542  ;   0.000  ;    ; RE   ; 1      ; IO_RE_X89_Y35_N60_I96                 ; IO_RE                     ;
;   7.630  ;   0.088  ;    ; RE   ; 1      ; IO_RE_X89_Y35_N60_I66                 ; IO_RE                     ;
;   7.905  ;   0.275  ;    ; RE   ; 1      ; CLKBUF_CLUSTER_RE_X89_Y39_N3_I421     ; CLKBUF_CLUSTER_RE         ;
;   7.905  ;   0.000  ;    ; RE   ; 1      ; CLKBUF_CLUSTER_RE_X89_Y39_N3_I756     ; CLKBUF_CLUSTER_RE         ;
;   7.905  ;   0.000  ;    ; RE   ; 1      ; CLKBUF_CLUSTER_RE_X89_Y39_N3_I493     ; CLKBUF_CLUSTER_RE         ;
;   7.905  ;   0.000  ;    ; RE   ; 1      ; GCLK_CLUSTER_RE_X89_Y39_N3_I10        ; GCLK_CLUSTER_RE           ;
;   7.905  ;   0.000  ;    ; RE   ; 1      ; CLKBUFBLOCK_INPUT_X89_Y39_N4_I0       ; CLKBUFBLOCK_INPUT         ;
;   7.905  ;   0.000  ; RR ; IC   ; 1      ; CLKCTRL_G8                            ; clk~inputCLKENA0|inclk    ;
;   8.375  ;   0.470  ; RR ; CELL ; 1674   ; CLKCTRL_G8                            ; clk~inputCLKENA0|outclk   ;
;   8.375  ;   0.000  ;    ; RE   ; 1      ; CLKCTRL_G8                            ; ARRIAV_CLKBUF             ;
;   8.375  ;   0.000  ;    ; RE   ; 1      ; CLKBUFBLOCK_OUTPUT_X89_Y39_N4_I2      ; CLKBUFBLOCK_OUTPUT        ;
;   8.375  ;   0.000  ;    ; RE   ; 1      ; GCLK_CLUSTER_RE_X89_Y39_N3_I12        ; GCLK_CLUSTER_RE           ;
;   8.375  ;   0.000  ;    ; RE   ; 1      ; CLKBUF_CLUSTER_RE_X89_Y39_N3_I415     ; CLKBUF_CLUSTER_RE         ;
;   9.163  ;   0.788  ;    ; RE   ; 5      ; GLOBAL_CLOCK_X0_Y36_N0_I8             ; GLOBAL_CLOCK              ;
;   9.314  ;   0.151  ;    ; RE   ; 19     ; SPINE_CLOCK_X15_Y37_N0_I6             ; SPINE_CLOCK               ;
;   9.737  ;   0.423  ;    ; RE   ; 1      ; SCLK_TO_ROWCLK_BUF_X15_Y51_N0_I37     ; SCLK_TO_ROWCLK_BUF        ;
;   9.829  ;   0.092  ;    ; RE   ; 2      ; SCLK_TO_ROWCLK_BUF_X15_Y51_N0_I40     ; SCLK_TO_ROWCLK_BUF        ;
;   10.290 ;   0.461  ;    ; RE   ; 8      ; LAB_CLK_X16_Y51_N0_I5                 ; LAB_CLK                   ;
;   10.414 ;   0.124  ;    ; RE   ; 1      ; BLK_CLK_BUF_X23_Y51_N0_I5             ; BLK_CLK_BUF               ;
;   10.467 ;   0.053  ;    ; RE   ; 1      ; ROWCLKSEL_PREBUF_X23_Y51_N0_I5        ; ROWCLKSEL_PREBUF          ;
;   10.522 ;   0.055  ;    ; RE   ; 1      ; ROWCLKSEL_X23_Y51_N0_I0               ; ROWCLKSEL                 ;
;   10.522 ;   0.000  ;    ; RE   ; 1      ; GLOBAL_LOCAL_SEL_X23_Y51_N0_I0        ; GLOBAL_LOCAL_SEL          ;
;   10.522 ;   0.000  ;    ; RE   ; 4      ; LAB_INPUT_X23_Y51_N0_I0               ; LAB_INPUT                 ;
;   10.521 ;   -0.001 ; RR ; IC   ; 1      ; FF_X23_Y51_N44                        ; state_array[0][3][61]|clk ;
;   11.085 ;   0.564  ; RR ; CELL ; 1      ; FF_X23_Y51_N44                        ; state_array[0][3][61]     ;
;   11.145 ;   0.060  ;    ;      ;        ;                                       ; clock pessimism removed   ;
; 11.045   ; -0.100   ;    ;      ;        ;                                       ; clock uncertainty         ;
; 11.045   ; 0.000    ;    ; uTsu ; 1      ; FF_X23_Y51_N44                        ; state_array[0][3][61]     ;
+----------+----------+----+------+--------+---------------------------------------+---------------------------+

----------------------------
; Extra Fitter Information ;
----------------------------
HTML report is unavailable in plain text report export.


Path #8: Setup slack is 0.177 
===============================================================================
+--------------------------------------------+
; Path Summary                               ;
+--------------------+-----------------------+
; Property           ; Value                 ;
+--------------------+-----------------------+
; From Node          ; state_array[2][3][36] ;
; To Node            ; state_array[2][1][18] ;
; Launch Clock       ; clk                   ;
; Latch Clock        ; clk                   ;
; Data Arrival Time  ; 10.882                ;
; Data Required Time ; 11.059                ;
; Slack              ; 0.177                 ;
+--------------------+-----------------------+

+------------------------------------------------------------------------------------+
; Statistics                                                                         ;
+------------------------+--------+-------+-------------+------------+-------+-------+
; Property               ; Value  ; Count ; Total Delay ; % of Total ; Min   ; Max   ;
+------------------------+--------+-------+-------------+------------+-------+-------+
; Setup Relationship     ; 6.803  ;       ;             ;            ;       ;       ;
; Clock Skew             ; -0.210 ;       ;             ;            ;       ;       ;
; Data Delay             ; 6.316  ;       ;             ;            ;       ;       ;
; Number of Logic Levels ;        ; 4     ;             ;            ;       ;       ;
; Physical Delays        ;        ;       ;             ;            ;       ;       ;
;  Arrival Path          ;        ;       ;             ;            ;       ;       ;
;   Clock                ;        ;       ;             ;            ;       ;       ;
;    IC                  ;        ; 3     ; 0.000       ; 0          ; 0.000 ; 0.000 ;
;    Cell                ;        ; 3     ; 1.901       ; 42         ; 0.507 ; 0.739 ;
;    Routing Element     ;        ; 26    ; 2.665       ; 58         ; 0.000 ; 0.835 ;
;   Data                 ;        ;       ;             ;            ;       ;       ;
;    IC                  ;        ; 5     ; 0.001       ; 0          ; 0.000 ; 0.001 ;
;    Cell                ;        ; 6     ; 1.508       ; 24         ; 0.000 ; 0.661 ;
;    uTco                ;        ; 1     ; 0.000       ; 0          ; 0.000 ; 0.000 ;
;    Routing Element     ;        ; 25    ; 4.807       ; 76         ; 0.000 ; 0.465 ;
;  Required Path         ;        ;       ;             ;            ;       ;       ;
;   Clock                ;        ;       ;             ;            ;       ;       ;
;    IC                  ;        ; 3     ; 0.000       ; 0          ; 0.000 ; 0.000 ;
;    Cell                ;        ; 3     ; 1.773       ; 41         ; 0.470 ; 0.739 ;
;    Routing Element     ;        ; 26    ; 2.523       ; 59         ; 0.000 ; 0.788 ;
+------------------------+--------+-------+-------------+------------+-------+-------+
Note: Negative delays are omitted from totals when calculating percentages

+-------------------------------------------------------------------------------------------------------------------------------+
; Data Arrival Path                                                                                                             ;
+----------+---------+----+------+--------+---------------------------------------+---------------------------------------------+
; Total    ; Incr    ; RF ; Type ; Fanout ; Location                              ; Element                                     ;
+----------+---------+----+------+--------+---------------------------------------+---------------------------------------------+
; 0.000    ; 0.000   ;    ;      ;        ;                                       ; launch edge time                            ;
; 4.566    ; 4.566   ;    ;      ;        ;                                       ; clock path                                  ;
;   0.000  ;   0.000 ;    ;      ;        ;                                       ; source latency                              ;
;   0.000  ;   0.000 ;    ;      ; 1      ; PIN_M16                               ; clk                                         ;
;   0.000  ;   0.000 ;    ; RE   ; 1      ; IOPAD_X89_Y35_N60                     ; ARRIAV_IO_PAD                               ;
;   0.000  ;   0.000 ;    ; RE   ; 1      ; IO_PAD_OUTPUT_X89_Y35_N60_I1          ; IO_PAD_OUTPUT                               ;
;   0.000  ;   0.000 ;    ; RE   ; 1      ; IO_INPUT_BUFFER_INPUT_X89_Y35_N61_I0  ; IO_INPUT_BUFFER_INPUT                       ;
;   0.000  ;   0.000 ; RR ; IC   ; 1      ; IOIBUF_X89_Y35_N61                    ; clk~input|i                                 ;
;   0.739  ;   0.739 ; RR ; CELL ; 1      ; IOIBUF_X89_Y35_N61                    ; clk~input|o                                 ;
;   0.739  ;   0.000 ;    ; RE   ; 1      ; IOIBUF_X89_Y35_N61                    ; ARRIAV_IO_IBUF                              ;
;   0.739  ;   0.000 ;    ; RE   ; 1      ; IO_INPUT_BUFFER_OUTPUT_X89_Y35_N61_I2 ; IO_INPUT_BUFFER_OUTPUT                      ;
;   0.739  ;   0.000 ;    ; RE   ; 1      ; IO_RE_X89_Y35_N60_I96                 ; IO_RE                                       ;
;   0.833  ;   0.094 ;    ; RE   ; 1      ; IO_RE_X89_Y35_N60_I66                 ; IO_RE                                       ;
;   1.125  ;   0.292 ;    ; RE   ; 1      ; CLKBUF_CLUSTER_RE_X89_Y39_N3_I421     ; CLKBUF_CLUSTER_RE                           ;
;   1.125  ;   0.000 ;    ; RE   ; 1      ; CLKBUF_CLUSTER_RE_X89_Y39_N3_I756     ; CLKBUF_CLUSTER_RE                           ;
;   1.125  ;   0.000 ;    ; RE   ; 1      ; CLKBUF_CLUSTER_RE_X89_Y39_N3_I493     ; CLKBUF_CLUSTER_RE                           ;
;   1.125  ;   0.000 ;    ; RE   ; 1      ; GCLK_CLUSTER_RE_X89_Y39_N3_I10        ; GCLK_CLUSTER_RE                             ;
;   1.125  ;   0.000 ;    ; RE   ; 1      ; CLKBUFBLOCK_INPUT_X89_Y39_N4_I0       ; CLKBUFBLOCK_INPUT                           ;
;   1.125  ;   0.000 ; RR ; IC   ; 1      ; CLKCTRL_G8                            ; clk~inputCLKENA0|inclk                      ;
;   1.632  ;   0.507 ; RR ; CELL ; 1674   ; CLKCTRL_G8                            ; clk~inputCLKENA0|outclk                     ;
;   1.632  ;   0.000 ;    ; RE   ; 1      ; CLKCTRL_G8                            ; ARRIAV_CLKBUF                               ;
;   1.632  ;   0.000 ;    ; RE   ; 1      ; CLKBUFBLOCK_OUTPUT_X89_Y39_N4_I2      ; CLKBUFBLOCK_OUTPUT                          ;
;   1.632  ;   0.000 ;    ; RE   ; 1      ; GCLK_CLUSTER_RE_X89_Y39_N3_I12        ; GCLK_CLUSTER_RE                             ;
;   1.632  ;   0.000 ;    ; RE   ; 1      ; CLKBUF_CLUSTER_RE_X89_Y39_N3_I415     ; CLKBUF_CLUSTER_RE                           ;
;   2.467  ;   0.835 ;    ; RE   ; 5      ; GLOBAL_CLOCK_X0_Y36_N0_I8             ; GLOBAL_CLOCK                                ;
;   2.636  ;   0.169 ;    ; RE   ; 20     ; SPINE_CLOCK_X33_Y37_N0_I6             ; SPINE_CLOCK                                 ;
;   3.080  ;   0.444 ;    ; RE   ; 1      ; SCLK_TO_ROWCLK_BUF_X33_Y39_N0_I37     ; SCLK_TO_ROWCLK_BUF                          ;
;   3.176  ;   0.096 ;    ; RE   ; 2      ; SCLK_TO_ROWCLK_BUF_X33_Y39_N0_I40     ; SCLK_TO_ROWCLK_BUF                          ;
;   3.657  ;   0.481 ;    ; RE   ; 6      ; LAB_CLK_X25_Y39_N0_I5                 ; LAB_CLK                                     ;
;   3.796  ;   0.139 ;    ; RE   ; 1      ; BLK_CLK_BUF_X30_Y39_N0_I5             ; BLK_CLK_BUF                                 ;
;   3.852  ;   0.056 ;    ; RE   ; 1      ; ROWCLKSEL_PREBUF_X30_Y39_N0_I5        ; ROWCLKSEL_PREBUF                            ;
;   3.911  ;   0.059 ;    ; RE   ; 1      ; ROWCLKSEL_X30_Y39_N0_I0               ; ROWCLKSEL                                   ;
;   3.911  ;   0.000 ;    ; RE   ; 1      ; GLOBAL_LOCAL_SEL_X30_Y39_N0_I0        ; GLOBAL_LOCAL_SEL                            ;
;   3.911  ;   0.000 ;    ; RE   ; 6      ; LAB_INPUT_X30_Y39_N0_I0               ; LAB_INPUT                                   ;
;   3.911  ;   0.000 ; RR ; IC   ; 1      ; FF_X30_Y39_N26                        ; state_array[2][3][36]|clk                   ;
;   4.566  ;   0.655 ; RR ; CELL ; 1      ; FF_X30_Y39_N26                        ; state_array[2][3][36]                       ;
; 10.882   ; 6.316   ;    ;      ;        ;                                       ; data path                                   ;
;   4.566  ;   0.000 ;    ; uTco ; 1      ; FF_X30_Y39_N26                        ; state_array[2][3][36]                       ;
;   4.566  ;   0.000 ; RR ; CELL ; 6      ; FF_X30_Y39_N26                        ; state_array[2][3][36]|q                     ;
;   4.650  ;   0.084 ;    ; RE   ; 3      ; FF_X30_Y39_N26                        ; ARRIAV_FF                                   ;
;   4.792  ;   0.142 ;    ; RE   ; 2      ; LOCAL_LINE_X30_Y39_N0_I8              ; LOCAL_LINE                                  ;
;   4.933  ;   0.141 ;    ; RE   ; 1      ; BLOCK_INPUT_MUX_X30_Y39_N0_I50        ; LEIM_INPUT                                  ;
;   4.933  ;   0.000 ; RR ; IC   ; 1      ; LABCELL_X30_Y39_N36                   ; KSU|u_theta|C[2][36]|dataa                  ;
;   5.594  ;   0.661 ; RF ; CELL ; 3      ; LABCELL_X30_Y39_N36                   ; KSU|u_theta|C[2][36]|combout                ;
;   5.594  ;   0.000 ;    ; RE   ; 2      ; LABCELL_X30_Y39_N36                   ; ARRIAV_LCELL_COMB                           ;
;   5.680  ;   0.086 ;    ; RE   ; 2      ; LE_BUFFER_X30_Y39_N0_I24              ; LE_BUFFER                                   ;
;   5.993  ;   0.313 ;    ; RE   ; 1      ; C4_X30_Y40_N0_I0                      ; V_SEG4                                      ;
;   6.393  ;   0.400 ;    ; RE   ; 1      ; C4_X30_Y44_N0_I0                      ; V_SEG4                                      ;
;   6.695  ;   0.302 ;    ; RE   ; 1      ; R3_X28_Y47_N0_I23                     ; H_SEG3                                      ;
;   6.892  ;   0.197 ;    ; RE   ; 1      ; LOCAL_INTERCONNECT_X30_Y47_N0_I31     ; LAB_LINE                                    ;
;   7.020  ;   0.128 ;    ; RE   ; 1      ; BLOCK_INPUT_MUX_X30_Y47_N0_I14        ; LEIM_INPUT                                  ;
;   7.020  ;   0.000 ; FF ; IC   ; 1      ; LABCELL_X30_Y47_N9                    ; KSU|u_theta|D[1][37]|datae                  ;
;   7.374  ;   0.354 ; FF ; CELL ; 7      ; LABCELL_X30_Y47_N9                    ; KSU|u_theta|D[1][37]|combout                ;
;   7.374  ;   0.000 ;    ; RE   ; 2      ; LABCELL_X30_Y47_N9                    ; ARRIAV_LCELL_COMB                           ;
;   7.502  ;   0.128 ;    ; RE   ; 4      ; LE_BUFFER_X30_Y47_N0_I7               ; LE_BUFFER                                   ;
;   7.726  ;   0.224 ;    ; RE   ; 1      ; R3_X27_Y47_N0_I14                     ; H_SEG3                                      ;
;   8.027  ;   0.301 ;    ; RE   ; 1      ; C4_X26_Y43_N0_I5                      ; V_SEG4                                      ;
;   8.401  ;   0.374 ;    ; RE   ; 1      ; C4_X26_Y39_N0_I5                      ; V_SEG4                                      ;
;   8.866  ;   0.465 ;    ; RE   ; 2      ; R6_X21_Y40_N0_I39                     ; H_SEG6                                      ;
;   9.150  ;   0.284 ;    ; RE   ; 1      ; LOCAL_INTERCONNECT_X23_Y40_N0_I30     ; LAB_LINE                                    ;
;   9.290  ;   0.140 ;    ; RE   ; 1      ; BLOCK_INPUT_MUX_X23_Y40_N0_I39        ; LEIM_INPUT                                  ;
;   9.291  ;   0.001 ; FF ; IC   ; 1      ; LABCELL_X23_Y40_N27                   ; KSU|u_theta|state_array_o[1][3][37]|dataf   ;
;   9.378  ;   0.087 ; FF ; CELL ; 3      ; LABCELL_X23_Y40_N27                   ; KSU|u_theta|state_array_o[1][3][37]|combout ;
;   9.378  ;   0.000 ;    ; RE   ; 1      ; LABCELL_X23_Y40_N27                   ; ARRIAV_LCELL_COMB                           ;
;   9.460  ;   0.082 ;    ; RE   ; 2      ; LE_BUFFER_X23_Y40_N0_I18              ; LE_BUFFER                                   ;
;   9.715  ;   0.255 ;    ; RE   ; 1      ; C4_X23_Y36_N0_I7                      ; V_SEG4                                      ;
;   10.081 ;   0.366 ;    ; RE   ; 1      ; R6_X18_Y38_N0_I37                     ; H_SEG6                                      ;
;   10.339 ;   0.258 ;    ; RE   ; 1      ; LOCAL_INTERCONNECT_X22_Y38_N0_I13     ; LAB_LINE                                    ;
;   10.476 ;   0.137 ;    ; RE   ; 1      ; BLOCK_INPUT_MUX_X22_Y38_N0_I25        ; LEIM_INPUT                                  ;
;   10.476 ;   0.000 ; FF ; IC   ; 1      ; LABCELL_X22_Y38_N18                   ; state_array~830|dataf                       ;
;   10.576 ;   0.100 ; FR ; CELL ; 1      ; LABCELL_X22_Y38_N18                   ; state_array~830|combout                     ;
;   10.576 ;   0.000 ;    ; RE   ; 1      ; LABCELL_X22_Y38_N18                   ; ARRIAV_LCELL_COMB                           ;
;   10.576 ;   0.000 ; RR ; IC   ; 1      ; FF_X22_Y38_N20                        ; state_array[2][1][18]|d                     ;
;   10.882 ;   0.306 ; RR ; CELL ; 1      ; FF_X22_Y38_N20                        ; state_array[2][1][18]                       ;
+----------+---------+----+------+--------+---------------------------------------+---------------------------------------------+

+-------------------------------------------------------------------------------------------------------------+
; Data Required Path                                                                                          ;
+----------+---------+----+------+--------+---------------------------------------+---------------------------+
; Total    ; Incr    ; RF ; Type ; Fanout ; Location                              ; Element                   ;
+----------+---------+----+------+--------+---------------------------------------+---------------------------+
; 6.803    ; 6.803   ;    ;      ;        ;                                       ; latch edge time           ;
; 11.159   ; 4.356   ;    ;      ;        ;                                       ; clock path                ;
;   6.803  ;   0.000 ;    ;      ;        ;                                       ; source latency            ;
;   6.803  ;   0.000 ;    ;      ; 1      ; PIN_M16                               ; clk                       ;
;   6.803  ;   0.000 ;    ; RE   ; 1      ; IOPAD_X89_Y35_N60                     ; ARRIAV_IO_PAD             ;
;   6.803  ;   0.000 ;    ; RE   ; 1      ; IO_PAD_OUTPUT_X89_Y35_N60_I1          ; IO_PAD_OUTPUT             ;
;   6.803  ;   0.000 ;    ; RE   ; 1      ; IO_INPUT_BUFFER_INPUT_X89_Y35_N61_I0  ; IO_INPUT_BUFFER_INPUT     ;
;   6.803  ;   0.000 ; RR ; IC   ; 1      ; IOIBUF_X89_Y35_N61                    ; clk~input|i               ;
;   7.542  ;   0.739 ; RR ; CELL ; 1      ; IOIBUF_X89_Y35_N61                    ; clk~input|o               ;
;   7.542  ;   0.000 ;    ; RE   ; 1      ; IOIBUF_X89_Y35_N61                    ; ARRIAV_IO_IBUF            ;
;   7.542  ;   0.000 ;    ; RE   ; 1      ; IO_INPUT_BUFFER_OUTPUT_X89_Y35_N61_I2 ; IO_INPUT_BUFFER_OUTPUT    ;
;   7.542  ;   0.000 ;    ; RE   ; 1      ; IO_RE_X89_Y35_N60_I96                 ; IO_RE                     ;
;   7.630  ;   0.088 ;    ; RE   ; 1      ; IO_RE_X89_Y35_N60_I66                 ; IO_RE                     ;
;   7.905  ;   0.275 ;    ; RE   ; 1      ; CLKBUF_CLUSTER_RE_X89_Y39_N3_I421     ; CLKBUF_CLUSTER_RE         ;
;   7.905  ;   0.000 ;    ; RE   ; 1      ; CLKBUF_CLUSTER_RE_X89_Y39_N3_I756     ; CLKBUF_CLUSTER_RE         ;
;   7.905  ;   0.000 ;    ; RE   ; 1      ; CLKBUF_CLUSTER_RE_X89_Y39_N3_I493     ; CLKBUF_CLUSTER_RE         ;
;   7.905  ;   0.000 ;    ; RE   ; 1      ; GCLK_CLUSTER_RE_X89_Y39_N3_I10        ; GCLK_CLUSTER_RE           ;
;   7.905  ;   0.000 ;    ; RE   ; 1      ; CLKBUFBLOCK_INPUT_X89_Y39_N4_I0       ; CLKBUFBLOCK_INPUT         ;
;   7.905  ;   0.000 ; RR ; IC   ; 1      ; CLKCTRL_G8                            ; clk~inputCLKENA0|inclk    ;
;   8.375  ;   0.470 ; RR ; CELL ; 1674   ; CLKCTRL_G8                            ; clk~inputCLKENA0|outclk   ;
;   8.375  ;   0.000 ;    ; RE   ; 1      ; CLKCTRL_G8                            ; ARRIAV_CLKBUF             ;
;   8.375  ;   0.000 ;    ; RE   ; 1      ; CLKBUFBLOCK_OUTPUT_X89_Y39_N4_I2      ; CLKBUFBLOCK_OUTPUT        ;
;   8.375  ;   0.000 ;    ; RE   ; 1      ; GCLK_CLUSTER_RE_X89_Y39_N3_I12        ; GCLK_CLUSTER_RE           ;
;   8.375  ;   0.000 ;    ; RE   ; 1      ; CLKBUF_CLUSTER_RE_X89_Y39_N3_I415     ; CLKBUF_CLUSTER_RE         ;
;   9.163  ;   0.788 ;    ; RE   ; 5      ; GLOBAL_CLOCK_X0_Y36_N0_I8             ; GLOBAL_CLOCK              ;
;   9.326  ;   0.163 ;    ; RE   ; 19     ; SPINE_CLOCK_X15_Y37_N0_I6             ; SPINE_CLOCK               ;
;   9.755  ;   0.429 ;    ; RE   ; 1      ; SCLK_TO_ROWCLK_BUF_X15_Y38_N0_I37     ; SCLK_TO_ROWCLK_BUF        ;
;   9.847  ;   0.092 ;    ; RE   ; 2      ; SCLK_TO_ROWCLK_BUF_X15_Y38_N0_I40     ; SCLK_TO_ROWCLK_BUF        ;
;   10.308 ;   0.461 ;    ; RE   ; 8      ; LAB_CLK_X16_Y38_N0_I5                 ; LAB_CLK                   ;
;   10.429 ;   0.121 ;    ; RE   ; 1      ; BLK_CLK_BUF_X22_Y38_N0_I5             ; BLK_CLK_BUF               ;
;   10.480 ;   0.051 ;    ; RE   ; 1      ; ROWCLKSEL_PREBUF_X22_Y38_N0_I5        ; ROWCLKSEL_PREBUF          ;
;   10.535 ;   0.055 ;    ; RE   ; 1      ; ROWCLKSEL_X22_Y38_N0_I0               ; ROWCLKSEL                 ;
;   10.535 ;   0.000 ;    ; RE   ; 1      ; GLOBAL_LOCAL_SEL_X22_Y38_N0_I0        ; GLOBAL_LOCAL_SEL          ;
;   10.535 ;   0.000 ;    ; RE   ; 6      ; LAB_INPUT_X22_Y38_N0_I0               ; LAB_INPUT                 ;
;   10.535 ;   0.000 ; RR ; IC   ; 1      ; FF_X22_Y38_N20                        ; state_array[2][1][18]|clk ;
;   11.099 ;   0.564 ; RR ; CELL ; 1      ; FF_X22_Y38_N20                        ; state_array[2][1][18]     ;
;   11.159 ;   0.060 ;    ;      ;        ;                                       ; clock pessimism removed   ;
; 11.059   ; -0.100  ;    ;      ;        ;                                       ; clock uncertainty         ;
; 11.059   ; 0.000   ;    ; uTsu ; 1      ; FF_X22_Y38_N20                        ; state_array[2][1][18]     ;
+----------+---------+----+------+--------+---------------------------------------+---------------------------+

----------------------------
; Extra Fitter Information ;
----------------------------
HTML report is unavailable in plain text report export.


Path #9: Setup slack is 0.186 
===============================================================================
+-------------------------------------------+
; Path Summary                              ;
+--------------------+----------------------+
; Property           ; Value                ;
+--------------------+----------------------+
; From Node          ; state_array[4][3][9] ;
; To Node            ; state_array[1][4][1] ;
; Launch Clock       ; clk                  ;
; Latch Clock        ; clk                  ;
; Data Arrival Time  ; 10.931               ;
; Data Required Time ; 11.117               ;
; Slack              ; 0.186                ;
+--------------------+----------------------+

+------------------------------------------------------------------------------------+
; Statistics                                                                         ;
+------------------------+--------+-------+-------------+------------+-------+-------+
; Property               ; Value  ; Count ; Total Delay ; % of Total ; Min   ; Max   ;
+------------------------+--------+-------+-------------+------------+-------+-------+
; Setup Relationship     ; 6.803  ;       ;             ;            ;       ;       ;
; Clock Skew             ; -0.159 ;       ;             ;            ;       ;       ;
; Data Delay             ; 6.358  ;       ;             ;            ;       ;       ;
; Number of Logic Levels ;        ; 4     ;             ;            ;       ;       ;
; Physical Delays        ;        ;       ;             ;            ;       ;       ;
;  Arrival Path          ;        ;       ;             ;            ;       ;       ;
;   Clock                ;        ;       ;             ;            ;       ;       ;
;    IC                  ;        ; 3     ; 0.000       ; 0          ; 0.000 ; 0.000 ;
;    Cell                ;        ; 3     ; 1.901       ; 42         ; 0.507 ; 0.739 ;
;    Routing Element     ;        ; 26    ; 2.672       ; 58         ; 0.000 ; 0.835 ;
;   Data                 ;        ;       ;             ;            ;       ;       ;
;    IC                  ;        ; 5     ; 0.001       ; 0          ; 0.000 ; 0.001 ;
;    Cell                ;        ; 6     ; 0.934       ; 15         ; 0.000 ; 0.349 ;
;    uTco                ;        ; 1     ; 0.000       ; 0          ; 0.000 ; 0.000 ;
;    Routing Element     ;        ; 29    ; 5.423       ; 85         ; 0.000 ; 0.452 ;
;  Required Path         ;        ;       ;             ;            ;       ;       ;
;   Clock                ;        ;       ;             ;            ;       ;       ;
;    IC                  ;        ; 3     ; 0.000       ; 0          ; 0.000 ; 0.000 ;
;    Cell                ;        ; 3     ; 1.780       ; 41         ; 0.470 ; 0.739 ;
;    Routing Element     ;        ; 26    ; 2.574       ; 59         ; 0.000 ; 0.788 ;
+------------------------+--------+-------+-------------+------------+-------+-------+
Note: Negative delays are omitted from totals when calculating percentages

+-----------------------------------------------------------------------------------------------------------------------------------+
; Data Arrival Path                                                                                                                 ;
+----------+---------+----+------+--------+-------------------------------------------+---------------------------------------------+
; Total    ; Incr    ; RF ; Type ; Fanout ; Location                                  ; Element                                     ;
+----------+---------+----+------+--------+-------------------------------------------+---------------------------------------------+
; 0.000    ; 0.000   ;    ;      ;        ;                                           ; launch edge time                            ;
; 4.573    ; 4.573   ;    ;      ;        ;                                           ; clock path                                  ;
;   0.000  ;   0.000 ;    ;      ;        ;                                           ; source latency                              ;
;   0.000  ;   0.000 ;    ;      ; 1      ; PIN_M16                                   ; clk                                         ;
;   0.000  ;   0.000 ;    ; RE   ; 1      ; IOPAD_X89_Y35_N60                         ; ARRIAV_IO_PAD                               ;
;   0.000  ;   0.000 ;    ; RE   ; 1      ; IO_PAD_OUTPUT_X89_Y35_N60_I1              ; IO_PAD_OUTPUT                               ;
;   0.000  ;   0.000 ;    ; RE   ; 1      ; IO_INPUT_BUFFER_INPUT_X89_Y35_N61_I0      ; IO_INPUT_BUFFER_INPUT                       ;
;   0.000  ;   0.000 ; RR ; IC   ; 1      ; IOIBUF_X89_Y35_N61                        ; clk~input|i                                 ;
;   0.739  ;   0.739 ; RR ; CELL ; 1      ; IOIBUF_X89_Y35_N61                        ; clk~input|o                                 ;
;   0.739  ;   0.000 ;    ; RE   ; 1      ; IOIBUF_X89_Y35_N61                        ; ARRIAV_IO_IBUF                              ;
;   0.739  ;   0.000 ;    ; RE   ; 1      ; IO_INPUT_BUFFER_OUTPUT_X89_Y35_N61_I2     ; IO_INPUT_BUFFER_OUTPUT                      ;
;   0.739  ;   0.000 ;    ; RE   ; 1      ; IO_RE_X89_Y35_N60_I96                     ; IO_RE                                       ;
;   0.833  ;   0.094 ;    ; RE   ; 1      ; IO_RE_X89_Y35_N60_I66                     ; IO_RE                                       ;
;   1.125  ;   0.292 ;    ; RE   ; 1      ; CLKBUF_CLUSTER_RE_X89_Y39_N3_I421         ; CLKBUF_CLUSTER_RE                           ;
;   1.125  ;   0.000 ;    ; RE   ; 1      ; CLKBUF_CLUSTER_RE_X89_Y39_N3_I756         ; CLKBUF_CLUSTER_RE                           ;
;   1.125  ;   0.000 ;    ; RE   ; 1      ; CLKBUF_CLUSTER_RE_X89_Y39_N3_I493         ; CLKBUF_CLUSTER_RE                           ;
;   1.125  ;   0.000 ;    ; RE   ; 1      ; GCLK_CLUSTER_RE_X89_Y39_N3_I10            ; GCLK_CLUSTER_RE                             ;
;   1.125  ;   0.000 ;    ; RE   ; 1      ; CLKBUFBLOCK_INPUT_X89_Y39_N4_I0           ; CLKBUFBLOCK_INPUT                           ;
;   1.125  ;   0.000 ; RR ; IC   ; 1      ; CLKCTRL_G8                                ; clk~inputCLKENA0|inclk                      ;
;   1.632  ;   0.507 ; RR ; CELL ; 1674   ; CLKCTRL_G8                                ; clk~inputCLKENA0|outclk                     ;
;   1.632  ;   0.000 ;    ; RE   ; 1      ; CLKCTRL_G8                                ; ARRIAV_CLKBUF                               ;
;   1.632  ;   0.000 ;    ; RE   ; 1      ; CLKBUFBLOCK_OUTPUT_X89_Y39_N4_I2          ; CLKBUFBLOCK_OUTPUT                          ;
;   1.632  ;   0.000 ;    ; RE   ; 1      ; GCLK_CLUSTER_RE_X89_Y39_N3_I12            ; GCLK_CLUSTER_RE                             ;
;   1.632  ;   0.000 ;    ; RE   ; 1      ; CLKBUF_CLUSTER_RE_X89_Y39_N3_I415         ; CLKBUF_CLUSTER_RE                           ;
;   2.467  ;   0.835 ;    ; RE   ; 5      ; GLOBAL_CLOCK_X0_Y36_N0_I8                 ; GLOBAL_CLOCK                                ;
;   2.636  ;   0.169 ;    ; RE   ; 20     ; SPINE_CLOCK_X33_Y37_N0_I6                 ; SPINE_CLOCK                                 ;
;   3.080  ;   0.444 ;    ; RE   ; 1      ; SCLK_TO_ROWCLK_BUF_X33_Y37_N0_I37         ; SCLK_TO_ROWCLK_BUF                          ;
;   3.176  ;   0.096 ;    ; RE   ; 2      ; SCLK_TO_ROWCLK_BUF_X33_Y37_N0_I40         ; SCLK_TO_ROWCLK_BUF                          ;
;   3.658  ;   0.482 ;    ; RE   ; 1      ; LAB_CLK_X34_Y37_N0_I5                     ; LAB_CLK                                     ;
;   3.802  ;   0.144 ;    ; RE   ; 1      ; BLK_CLK_BUF_X34_Y37_N0_I5                 ; BLK_CLK_BUF                                 ;
;   3.859  ;   0.057 ;    ; RE   ; 1      ; ROWCLKSEL_PREBUF_X34_Y37_N0_I5            ; ROWCLKSEL_PREBUF                            ;
;   3.918  ;   0.059 ;    ; RE   ; 1      ; ROWCLKSEL_X34_Y37_N0_I0                   ; ROWCLKSEL                                   ;
;   3.918  ;   0.000 ;    ; RE   ; 1      ; GLOBAL_LOCAL_SEL_X34_Y37_N0_I0            ; GLOBAL_LOCAL_SEL                            ;
;   3.918  ;   0.000 ;    ; RE   ; 4      ; LAB_INPUT_X34_Y37_N0_I0                   ; LAB_INPUT                                   ;
;   3.918  ;   0.000 ; RR ; IC   ; 1      ; FF_X34_Y37_N20                            ; state_array[4][3][9]|clk                    ;
;   4.573  ;   0.655 ; RR ; CELL ; 1      ; FF_X34_Y37_N20                            ; state_array[4][3][9]                        ;
; 10.931   ; 6.358   ;    ;      ;        ;                                           ; data path                                   ;
;   4.573  ;   0.000 ;    ; uTco ; 1      ; FF_X34_Y37_N20                            ; state_array[4][3][9]                        ;
;   4.573  ;   0.000 ; FF ; CELL ; 7      ; FF_X34_Y37_N20                            ; state_array[4][3][9]|q                      ;
;   4.632  ;   0.059 ;    ; RE   ; 2      ; FF_X34_Y37_N20                            ; ARRIAV_FF                                   ;
;   4.776  ;   0.144 ;    ; RE   ; 3      ; LE_BUFFER_X34_Y37_N0_I13                  ; LE_BUFFER                                   ;
;   5.072  ;   0.296 ;    ; RE   ; 1      ; C2_X33_Y38_N0_I6                          ; V_SEG2                                      ;
;   5.350  ;   0.278 ;    ; RE   ; 1      ; R3_X34_Y38_N0_I5                          ; H_SEG3                                      ;
;   5.530  ;   0.180 ;    ; RE   ; 1      ; LOCAL_INTERCONNECT_X35_Y38_N0_I40         ; LAB_LINE                                    ;
;   5.661  ;   0.131 ;    ; RE   ; 1      ; BLOCK_INPUT_MUX_X35_Y38_N0_I46            ; LEIM_INPUT                                  ;
;   5.661  ;   0.000 ; FF ; IC   ; 1      ; LABCELL_X35_Y38_N33                       ; KSU|u_theta|C[4][9]|datae                   ;
;   6.010  ;   0.349 ; FF ; CELL ; 4      ; LABCELL_X35_Y38_N33                       ; KSU|u_theta|C[4][9]|combout                 ;
;   6.010  ;   0.000 ;    ; RE   ; 1      ; LABCELL_X35_Y38_N33                       ; ARRIAV_LCELL_COMB                           ;
;   6.113  ;   0.103 ;    ; RE   ; 2      ; LE_BUFFER_X35_Y38_N0_I23                  ; LE_BUFFER                                   ;
;   6.406  ;   0.293 ;    ; RE   ; 2      ; C4_X34_Y39_N0_I3                          ; V_SEG4                                      ;
;   6.779  ;   0.373 ;    ; RE   ; 1      ; C4_X34_Y43_N0_I3                          ; V_SEG4                                      ;
;   7.070  ;   0.291 ;    ; RE   ; 1      ; R3_X32_Y46_N0_I19                         ; H_SEG3                                      ;
;   7.272  ;   0.202 ;    ; RE   ; 2      ; LOCAL_INTERCONNECT_X34_Y46_N0_I12         ; LAB_LINE                                    ;
;   7.400  ;   0.128 ;    ; RE   ; 1      ; BLOCK_INPUT_MUX_X34_Y46_N0_I41            ; LEIM_INPUT                                  ;
;   7.401  ;   0.001 ; FF ; IC   ; 1      ; MLABCELL_X34_Y46_N30                      ; KSU|u_theta|D[3][10]|dataf                  ;
;   7.491  ;   0.090 ; FF ; CELL ; 8      ; MLABCELL_X34_Y46_N30                      ; KSU|u_theta|D[3][10]|combout                ;
;   7.491  ;   0.000 ;    ; RE   ; 1      ; MLABCELL_X34_Y46_N30                      ; ARRIAV_LCELL_COMB                           ;
;   7.582  ;   0.091 ;    ; RE   ; 2      ; LE_BUFFER_X34_Y46_N0_I20                  ; LE_BUFFER                                   ;
;   8.016  ;   0.434 ;    ; RE   ; 1      ; R6_X29_Y46_N0_I38                         ; H_SEG6                                      ;
;   8.016  ;   0.000 ;    ; RE   ; 2      ; R14_C12_INTERCONNECT_DRIVER_X30_Y46_N0_I3 ; WIRE_MUX                                    ;
;   8.409  ;   0.393 ;    ; RE   ; 2      ; R14_X17_Y46_N0_I1                         ; H_SEG14                                     ;
;   8.861  ;   0.452 ;    ; RE   ; 1      ; R6_X11_Y46_N0_I38                         ; H_SEG6                                      ;
;   9.155  ;   0.294 ;    ; RE   ; 1      ; LOCAL_INTERCONNECT_X10_Y46_N0_I29         ; LAB_LINE                                    ;
;   9.298  ;   0.143 ;    ; RE   ; 1      ; BLOCK_INPUT_MUX_X10_Y46_N0_I47            ; LEIM_INPUT                                  ;
;   9.298  ;   0.000 ; FF ; IC   ; 1      ; LABCELL_X10_Y46_N33                       ; KSU|u_theta|state_array_o[3][1][10]|dataf   ;
;   9.386  ;   0.088 ; FF ; CELL ; 2      ; LABCELL_X10_Y46_N33                       ; KSU|u_theta|state_array_o[3][1][10]|combout ;
;   9.386  ;   0.000 ;    ; RE   ; 1      ; LABCELL_X10_Y46_N33                       ; ARRIAV_LCELL_COMB                           ;
;   9.485  ;   0.099 ;    ; RE   ; 2      ; LE_BUFFER_X10_Y46_N0_I23                  ; LE_BUFFER                                   ;
;   9.686  ;   0.201 ;    ; RE   ; 1      ; R3_X7_Y46_N0_I21                          ; H_SEG3                                      ;
;   9.934  ;   0.248 ;    ; RE   ; 1      ; C2_X7_Y44_N0_I17                          ; V_SEG2                                      ;
;   10.193 ;   0.259 ;    ; RE   ; 1      ; R3_X8_Y45_N0_I3                           ; H_SEG3                                      ;
;   10.378 ;   0.185 ;    ; RE   ; 1      ; LOCAL_INTERCONNECT_X9_Y45_N0_I36          ; LAB_LINE                                    ;
;   10.524 ;   0.146 ;    ; RE   ; 1      ; BLOCK_INPUT_MUX_X9_Y45_N0_I79             ; LEIM_INPUT                                  ;
;   10.524 ;   0.000 ; FF ; IC   ; 1      ; LABCELL_X9_Y45_N57                        ; state_array~50|dataf                        ;
;   10.625 ;   0.101 ; FR ; CELL ; 1      ; LABCELL_X9_Y45_N57                        ; state_array~50|combout                      ;
;   10.625 ;   0.000 ;    ; RE   ; 1      ; LABCELL_X9_Y45_N57                        ; ARRIAV_LCELL_COMB                           ;
;   10.625 ;   0.000 ; RR ; IC   ; 1      ; FF_X9_Y45_N59                             ; state_array[1][4][1]|d                      ;
;   10.931 ;   0.306 ; RR ; CELL ; 1      ; FF_X9_Y45_N59                             ; state_array[1][4][1]                        ;
+----------+---------+----+------+--------+-------------------------------------------+---------------------------------------------+

+------------------------------------------------------------------------------------------------------------+
; Data Required Path                                                                                         ;
+----------+---------+----+------+--------+---------------------------------------+--------------------------+
; Total    ; Incr    ; RF ; Type ; Fanout ; Location                              ; Element                  ;
+----------+---------+----+------+--------+---------------------------------------+--------------------------+
; 6.803    ; 6.803   ;    ;      ;        ;                                       ; latch edge time          ;
; 11.217   ; 4.414   ;    ;      ;        ;                                       ; clock path               ;
;   6.803  ;   0.000 ;    ;      ;        ;                                       ; source latency           ;
;   6.803  ;   0.000 ;    ;      ; 1      ; PIN_M16                               ; clk                      ;
;   6.803  ;   0.000 ;    ; RE   ; 1      ; IOPAD_X89_Y35_N60                     ; ARRIAV_IO_PAD            ;
;   6.803  ;   0.000 ;    ; RE   ; 1      ; IO_PAD_OUTPUT_X89_Y35_N60_I1          ; IO_PAD_OUTPUT            ;
;   6.803  ;   0.000 ;    ; RE   ; 1      ; IO_INPUT_BUFFER_INPUT_X89_Y35_N61_I0  ; IO_INPUT_BUFFER_INPUT    ;
;   6.803  ;   0.000 ; RR ; IC   ; 1      ; IOIBUF_X89_Y35_N61                    ; clk~input|i              ;
;   7.542  ;   0.739 ; RR ; CELL ; 1      ; IOIBUF_X89_Y35_N61                    ; clk~input|o              ;
;   7.542  ;   0.000 ;    ; RE   ; 1      ; IOIBUF_X89_Y35_N61                    ; ARRIAV_IO_IBUF           ;
;   7.542  ;   0.000 ;    ; RE   ; 1      ; IO_INPUT_BUFFER_OUTPUT_X89_Y35_N61_I2 ; IO_INPUT_BUFFER_OUTPUT   ;
;   7.542  ;   0.000 ;    ; RE   ; 1      ; IO_RE_X89_Y35_N60_I96                 ; IO_RE                    ;
;   7.630  ;   0.088 ;    ; RE   ; 1      ; IO_RE_X89_Y35_N60_I66                 ; IO_RE                    ;
;   7.905  ;   0.275 ;    ; RE   ; 1      ; CLKBUF_CLUSTER_RE_X89_Y39_N3_I421     ; CLKBUF_CLUSTER_RE        ;
;   7.905  ;   0.000 ;    ; RE   ; 1      ; CLKBUF_CLUSTER_RE_X89_Y39_N3_I756     ; CLKBUF_CLUSTER_RE        ;
;   7.905  ;   0.000 ;    ; RE   ; 1      ; CLKBUF_CLUSTER_RE_X89_Y39_N3_I493     ; CLKBUF_CLUSTER_RE        ;
;   7.905  ;   0.000 ;    ; RE   ; 1      ; GCLK_CLUSTER_RE_X89_Y39_N3_I10        ; GCLK_CLUSTER_RE          ;
;   7.905  ;   0.000 ;    ; RE   ; 1      ; CLKBUFBLOCK_INPUT_X89_Y39_N4_I0       ; CLKBUFBLOCK_INPUT        ;
;   7.905  ;   0.000 ; RR ; IC   ; 1      ; CLKCTRL_G8                            ; clk~inputCLKENA0|inclk   ;
;   8.375  ;   0.470 ; RR ; CELL ; 1674   ; CLKCTRL_G8                            ; clk~inputCLKENA0|outclk  ;
;   8.375  ;   0.000 ;    ; RE   ; 1      ; CLKCTRL_G8                            ; ARRIAV_CLKBUF            ;
;   8.375  ;   0.000 ;    ; RE   ; 1      ; CLKBUFBLOCK_OUTPUT_X89_Y39_N4_I2      ; CLKBUFBLOCK_OUTPUT       ;
;   8.375  ;   0.000 ;    ; RE   ; 1      ; GCLK_CLUSTER_RE_X89_Y39_N3_I12        ; GCLK_CLUSTER_RE          ;
;   8.375  ;   0.000 ;    ; RE   ; 1      ; CLKBUF_CLUSTER_RE_X89_Y39_N3_I415     ; CLKBUF_CLUSTER_RE        ;
;   9.163  ;   0.788 ;    ; RE   ; 5      ; GLOBAL_CLOCK_X0_Y36_N0_I8             ; GLOBAL_CLOCK             ;
;   9.321  ;   0.158 ;    ; RE   ; 19     ; SPINE_CLOCK_X15_Y37_N0_I6             ; SPINE_CLOCK              ;
;   9.743  ;   0.422 ;    ; RE   ; 1      ; SCLK_TO_ROWCLK_BUF_X15_Y45_N0_I37     ; SCLK_TO_ROWCLK_BUF       ;
;   9.834  ;   0.091 ;    ; RE   ; 2      ; SCLK_TO_ROWCLK_BUF_X15_Y45_N0_I40     ; SCLK_TO_ROWCLK_BUF       ;
;   10.323 ;   0.489 ;    ; RE   ; 6      ; LAB_CLK_X0_Y45_N0_I5                  ; LAB_CLK                  ;
;   10.474 ;   0.151 ;    ; RE   ; 1      ; BLK_CLK_BUF_X9_Y45_N0_I5              ; BLK_CLK_BUF              ;
;   10.532 ;   0.058 ;    ; RE   ; 1      ; ROWCLKSEL_PREBUF_X9_Y45_N0_I5         ; ROWCLKSEL_PREBUF         ;
;   10.586 ;   0.054 ;    ; RE   ; 1      ; ROWCLKSEL_X9_Y45_N0_I0                ; ROWCLKSEL                ;
;   10.586 ;   0.000 ;    ; RE   ; 1      ; GLOBAL_LOCAL_SEL_X9_Y45_N0_I0         ; GLOBAL_LOCAL_SEL         ;
;   10.586 ;   0.000 ;    ; RE   ; 4      ; LAB_INPUT_X9_Y45_N0_I0                ; LAB_INPUT                ;
;   10.586 ;   0.000 ; RR ; IC   ; 1      ; FF_X9_Y45_N59                         ; state_array[1][4][1]|clk ;
;   11.157 ;   0.571 ; RR ; CELL ; 1      ; FF_X9_Y45_N59                         ; state_array[1][4][1]     ;
;   11.217 ;   0.060 ;    ;      ;        ;                                       ; clock pessimism removed  ;
; 11.117   ; -0.100  ;    ;      ;        ;                                       ; clock uncertainty        ;
; 11.117   ; 0.000   ;    ; uTsu ; 1      ; FF_X9_Y45_N59                         ; state_array[1][4][1]     ;
+----------+---------+----+------+--------+---------------------------------------+--------------------------+

----------------------------
; Extra Fitter Information ;
----------------------------
HTML report is unavailable in plain text report export.


Path #10: Setup slack is 0.188 
===============================================================================
+--------------------------------------------+
; Path Summary                               ;
+--------------------+-----------------------+
; Property           ; Value                 ;
+--------------------+-----------------------+
; From Node          ; state_array[1][2][53] ;
; To Node            ; state_array[0][3][26] ;
; Launch Clock       ; clk                   ;
; Latch Clock        ; clk                   ;
; Data Arrival Time  ; 10.867                ;
; Data Required Time ; 11.055                ;
; Slack              ; 0.188                 ;
+--------------------+-----------------------+

+-------------------------------------------------------------------------------------+
; Statistics                                                                          ;
+------------------------+--------+-------+-------------+------------+--------+-------+
; Property               ; Value  ; Count ; Total Delay ; % of Total ; Min    ; Max   ;
+------------------------+--------+-------+-------------+------------+--------+-------+
; Setup Relationship     ; 6.803  ;       ;             ;            ;        ;       ;
; Clock Skew             ; -0.171 ;       ;             ;            ;        ;       ;
; Data Delay             ; 6.344  ;       ;             ;            ;        ;       ;
; Number of Logic Levels ;        ; 4     ;             ;            ;        ;       ;
; Physical Delays        ;        ;       ;             ;            ;        ;       ;
;  Arrival Path          ;        ;       ;             ;            ;        ;       ;
;   Clock                ;        ;       ;             ;            ;        ;       ;
;    IC                  ;        ; 3     ; -0.001      ; 0          ; -0.001 ; 0.000 ;
;    Cell                ;        ; 3     ; 1.901       ; 42         ; 0.507  ; 0.739 ;
;    Routing Element     ;        ; 26    ; 2.623       ; 58         ; 0.000  ; 0.838 ;
;   Data                 ;        ;       ;             ;            ;        ;       ;
;    IC                  ;        ; 5     ; -0.001      ; 0          ; -0.001 ; 0.001 ;
;    Cell                ;        ; 6     ; 1.670       ; 26         ; 0.000  ; 0.596 ;
;    uTco                ;        ; 1     ; 0.000       ; 0          ; 0.000  ; 0.000 ;
;    Routing Element     ;        ; 29    ; 4.675       ; 74         ; 0.000  ; 0.354 ;
;  Required Path         ;        ;       ;             ;            ;        ;       ;
;   Clock                ;        ;       ;             ;            ;        ;       ;
;    IC                  ;        ; 3     ; 0.001       ; 0          ; 0.000  ; 0.001 ;
;    Cell                ;        ; 3     ; 1.773       ; 41         ; 0.470  ; 0.739 ;
;    Routing Element     ;        ; 26    ; 2.518       ; 59         ; 0.000  ; 0.788 ;
+------------------------+--------+-------+-------------+------------+--------+-------+
Note: Negative delays are omitted from totals when calculating percentages

+------------------------------------------------------------------------------------------------------------------------------------+
; Data Arrival Path                                                                                                                  ;
+----------+----------+----+------+--------+-------------------------------------------+---------------------------------------------+
; Total    ; Incr     ; RF ; Type ; Fanout ; Location                                  ; Element                                     ;
+----------+----------+----+------+--------+-------------------------------------------+---------------------------------------------+
; 0.000    ; 0.000    ;    ;      ;        ;                                           ; launch edge time                            ;
; 4.523    ; 4.523    ;    ;      ;        ;                                           ; clock path                                  ;
;   0.000  ;   0.000  ;    ;      ;        ;                                           ; source latency                              ;
;   0.000  ;   0.000  ;    ;      ; 1      ; PIN_M16                                   ; clk                                         ;
;   0.000  ;   0.000  ;    ; RE   ; 1      ; IOPAD_X89_Y35_N60                         ; ARRIAV_IO_PAD                               ;
;   0.000  ;   0.000  ;    ; RE   ; 1      ; IO_PAD_OUTPUT_X89_Y35_N60_I1              ; IO_PAD_OUTPUT                               ;
;   0.000  ;   0.000  ;    ; RE   ; 1      ; IO_INPUT_BUFFER_INPUT_X89_Y35_N61_I0      ; IO_INPUT_BUFFER_INPUT                       ;
;   0.000  ;   0.000  ; RR ; IC   ; 1      ; IOIBUF_X89_Y35_N61                        ; clk~input|i                                 ;
;   0.739  ;   0.739  ; RR ; CELL ; 1      ; IOIBUF_X89_Y35_N61                        ; clk~input|o                                 ;
;   0.739  ;   0.000  ;    ; RE   ; 1      ; IOIBUF_X89_Y35_N61                        ; ARRIAV_IO_IBUF                              ;
;   0.739  ;   0.000  ;    ; RE   ; 1      ; IO_INPUT_BUFFER_OUTPUT_X89_Y35_N61_I2     ; IO_INPUT_BUFFER_OUTPUT                      ;
;   0.739  ;   0.000  ;    ; RE   ; 1      ; IO_RE_X89_Y35_N60_I96                     ; IO_RE                                       ;
;   0.833  ;   0.094  ;    ; RE   ; 1      ; IO_RE_X89_Y35_N60_I66                     ; IO_RE                                       ;
;   1.125  ;   0.292  ;    ; RE   ; 1      ; CLKBUF_CLUSTER_RE_X89_Y39_N3_I421         ; CLKBUF_CLUSTER_RE                           ;
;   1.125  ;   0.000  ;    ; RE   ; 1      ; CLKBUF_CLUSTER_RE_X89_Y39_N3_I756         ; CLKBUF_CLUSTER_RE                           ;
;   1.125  ;   0.000  ;    ; RE   ; 1      ; CLKBUF_CLUSTER_RE_X89_Y39_N3_I493         ; CLKBUF_CLUSTER_RE                           ;
;   1.125  ;   0.000  ;    ; RE   ; 1      ; GCLK_CLUSTER_RE_X89_Y39_N3_I10            ; GCLK_CLUSTER_RE                             ;
;   1.125  ;   0.000  ;    ; RE   ; 1      ; CLKBUFBLOCK_INPUT_X89_Y39_N4_I0           ; CLKBUFBLOCK_INPUT                           ;
;   1.125  ;   0.000  ; RR ; IC   ; 1      ; CLKCTRL_G8                                ; clk~inputCLKENA0|inclk                      ;
;   1.632  ;   0.507  ; RR ; CELL ; 1674   ; CLKCTRL_G8                                ; clk~inputCLKENA0|outclk                     ;
;   1.632  ;   0.000  ;    ; RE   ; 1      ; CLKCTRL_G8                                ; ARRIAV_CLKBUF                               ;
;   1.632  ;   0.000  ;    ; RE   ; 1      ; CLKBUFBLOCK_OUTPUT_X89_Y39_N4_I2          ; CLKBUFBLOCK_OUTPUT                          ;
;   1.632  ;   0.000  ;    ; RE   ; 1      ; GCLK_CLUSTER_RE_X89_Y39_N3_I12            ; GCLK_CLUSTER_RE                             ;
;   1.632  ;   0.000  ;    ; RE   ; 1      ; CLKBUF_CLUSTER_RE_X89_Y39_N3_I415         ; CLKBUF_CLUSTER_RE                           ;
;   2.470  ;   0.838  ;    ; RE   ; 5      ; GLOBAL_CLOCK_X0_Y36_N0_I8                 ; GLOBAL_CLOCK                                ;
;   2.626  ;   0.156  ;    ; RE   ; 8      ; SPINE_CLOCK_X55_Y37_N0_I16                ; SPINE_CLOCK                                 ;
;   3.064  ;   0.438  ;    ; RE   ; 1      ; SCLK_TO_ROWCLK_BUF_X55_Y44_N0_I97         ; SCLK_TO_ROWCLK_BUF                          ;
;   3.148  ;   0.084  ;    ; RE   ; 1      ; SCLK_TO_ROWCLK_BUF_X55_Y44_N0_I100        ; SCLK_TO_ROWCLK_BUF                          ;
;   3.619  ;   0.471  ;    ; RE   ; 2      ; LAB_CLK_X45_Y44_N0_I5                     ; LAB_CLK                                     ;
;   3.754  ;   0.135  ;    ; RE   ; 1      ; BLK_CLK_BUF_X45_Y44_N0_I5                 ; BLK_CLK_BUF                                 ;
;   3.809  ;   0.055  ;    ; RE   ; 1      ; ROWCLKSEL_PREBUF_X45_Y44_N0_I5            ; ROWCLKSEL_PREBUF                            ;
;   3.869  ;   0.060  ;    ; RE   ; 1      ; ROWCLKSEL_X45_Y44_N0_I0                   ; ROWCLKSEL                                   ;
;   3.869  ;   0.000  ;    ; RE   ; 1      ; GLOBAL_LOCAL_SEL_X45_Y44_N0_I0            ; GLOBAL_LOCAL_SEL                            ;
;   3.869  ;   0.000  ;    ; RE   ; 4      ; LAB_INPUT_X45_Y44_N0_I0                   ; LAB_INPUT                                   ;
;   3.868  ;   -0.001 ; RR ; IC   ; 1      ; FF_X45_Y44_N44                            ; state_array[1][2][53]|clk                   ;
;   4.523  ;   0.655  ; RR ; CELL ; 1      ; FF_X45_Y44_N44                            ; state_array[1][2][53]                       ;
; 10.867   ; 6.344    ;    ;      ;        ;                                           ; data path                                   ;
;   4.523  ;   0.000  ;    ; uTco ; 1      ; FF_X45_Y44_N44                            ; state_array[1][2][53]                       ;
;   4.523  ;   0.000  ; FF ; CELL ; 7      ; FF_X45_Y44_N44                            ; state_array[1][2][53]|q                     ;
;   4.582  ;   0.059  ;    ; RE   ; 1      ; FF_X45_Y44_N44                            ; ARRIAV_FF                                   ;
;   4.690  ;   0.108  ;    ; RE   ; 3      ; LE_BUFFER_X45_Y44_N0_I29                  ; LE_BUFFER                                   ;
;   4.913  ;   0.223  ;    ; RE   ; 1      ; C4_X44_Y45_N0_I0                          ; V_SEG4                                      ;
;   5.137  ;   0.224  ;    ; RE   ; 1      ; R6_X44_Y45_N0_I440                        ; H_SEG6                                      ;
;   5.343  ;   0.206  ;    ; RE   ; 1      ; R6_X44_Y45_N0_I155                        ; H_SEG6                                      ;
;   5.599  ;   0.256  ;    ; RE   ; 1      ; R6_X39_Y45_N0_I25                         ; H_SEG6                                      ;
;   5.831  ;   0.232  ;    ; RE   ; 2      ; LOCAL_INTERCONNECT_X40_Y45_N0_I10         ; LAB_LINE                                    ;
;   5.971  ;   0.140  ;    ; RE   ; 1      ; BLOCK_INPUT_MUX_X40_Y45_N0_I36            ; LEIM_INPUT                                  ;
;   5.971  ;   0.000  ; FF ; IC   ; 1      ; LABCELL_X40_Y45_N24                       ; KSU|u_theta|C[1][53]|datac                  ;
;   6.533  ;   0.562  ; FF ; CELL ; 5      ; LABCELL_X40_Y45_N24                       ; KSU|u_theta|C[1][53]|combout                ;
;   6.533  ;   0.000  ;    ; RE   ; 1      ; LABCELL_X40_Y45_N24                       ; ARRIAV_LCELL_COMB                           ;
;   6.645  ;   0.112  ;    ; RE   ; 2      ; LE_BUFFER_X40_Y45_N0_I17                  ; LE_BUFFER                                   ;
;   6.983  ;   0.338  ;    ; RE   ; 1      ; C4_X39_Y41_N0_I7                          ; V_SEG4                                      ;
;   7.259  ;   0.276  ;    ; RE   ; 1      ; LOCAL_INTERCONNECT_X40_Y41_N0_I8          ; LAB_LINE                                    ;
;   7.389  ;   0.130  ;    ; RE   ; 1      ; BLOCK_INPUT_MUX_X40_Y41_N0_I69            ; LEIM_INPUT                                  ;
;   7.390  ;   0.001  ; FF ; IC   ; 1      ; LABCELL_X40_Y41_N48                       ; KSU|u_theta|state_array_o[0][1][54]|datad   ;
;   7.986  ;   0.596  ; FF ; CELL ; 3      ; LABCELL_X40_Y41_N48                       ; KSU|u_theta|state_array_o[0][1][54]|combout ;
;   7.986  ;   0.000  ;    ; RE   ; 1      ; LABCELL_X40_Y41_N48                       ; ARRIAV_LCELL_COMB                           ;
;   8.064  ;   0.078  ;    ; RE   ; 1      ; LE_BUFFER_X40_Y41_N0_I32                  ; LE_BUFFER                                   ;
;   8.322  ;   0.258  ;    ; RE   ; 1      ; C4_X40_Y37_N0_I6                          ; V_SEG4                                      ;
;   8.643  ;   0.321  ;    ; RE   ; 1      ; R6_X35_Y38_N0_I29                         ; H_SEG6                                      ;
;   8.643  ;   0.000  ;    ; RE   ; 1      ; R14_C12_INTERCONNECT_DRIVER_X40_Y38_N0_I3 ; WIRE_MUX                                    ;
;   8.997  ;   0.354  ;    ; RE   ; 1      ; R14_X27_Y38_N0_I1                         ; H_SEG14                                     ;
;   8.997  ;   0.000  ;    ; RE   ; 1      ; R14_C12_INTERCONNECT_DRIVER_X26_Y38_N0_I2 ; WIRE_MUX                                    ;
;   9.337  ;   0.340  ;    ; RE   ; 1      ; R14_X13_Y38_N0_I1                         ; H_SEG14                                     ;
;   9.604  ;   0.267  ;    ; RE   ; 1      ; R3_X16_Y38_N0_I8                          ; H_SEG3                                      ;
;   9.796  ;   0.192  ;    ; RE   ; 3      ; LOCAL_INTERCONNECT_X17_Y38_N0_I21         ; LAB_LINE                                    ;
;   9.935  ;   0.139  ;    ; RE   ; 1      ; BLOCK_INPUT_MUX_X17_Y38_N0_I79            ; LEIM_INPUT                                  ;
;   9.934  ;   -0.001 ; FF ; IC   ; 1      ; LABCELL_X17_Y38_N57                       ; state_array~1191|dataf                      ;
;   10.039 ;   0.105  ; FR ; CELL ; 1      ; LABCELL_X17_Y38_N57                       ; state_array~1191|combout                    ;
;   10.039 ;   0.000  ;    ; RE   ; 1      ; LABCELL_X17_Y38_N57                       ; ARRIAV_LCELL_COMB                           ;
;   10.158 ;   0.119  ;    ; RE   ; 1      ; LE_BUFFER_X17_Y38_N0_I38                  ; LE_BUFFER                                   ;
;   10.300 ;   0.142  ;    ; RE   ; 1      ; LOCAL_INTERCONNECT_X17_Y38_N0_I45         ; LAB_LINE                                    ;
;   10.461 ;   0.161  ;    ; RE   ; 1      ; BLOCK_INPUT_MUX_X17_Y38_N0_I33            ; LEIM_INPUT                                  ;
;   10.460 ;   -0.001 ; RR ; IC   ; 1      ; LABCELL_X17_Y38_N24                       ; state_array~1192|dataf                      ;
;   10.560 ;   0.100  ; RF ; CELL ; 1      ; LABCELL_X17_Y38_N24                       ; state_array~1192|combout                    ;
;   10.560 ;   0.000  ;    ; RE   ; 1      ; LABCELL_X17_Y38_N24                       ; ARRIAV_LCELL_COMB                           ;
;   10.560 ;   0.000  ; FF ; IC   ; 1      ; FF_X17_Y38_N26                            ; state_array[0][3][26]|d                     ;
;   10.867 ;   0.307  ; FF ; CELL ; 1      ; FF_X17_Y38_N26                            ; state_array[0][3][26]                       ;
+----------+----------+----+------+--------+-------------------------------------------+---------------------------------------------+

+-------------------------------------------------------------------------------------------------------------+
; Data Required Path                                                                                          ;
+----------+---------+----+------+--------+---------------------------------------+---------------------------+
; Total    ; Incr    ; RF ; Type ; Fanout ; Location                              ; Element                   ;
+----------+---------+----+------+--------+---------------------------------------+---------------------------+
; 6.803    ; 6.803   ;    ;      ;        ;                                       ; latch edge time           ;
; 11.155   ; 4.352   ;    ;      ;        ;                                       ; clock path                ;
;   6.803  ;   0.000 ;    ;      ;        ;                                       ; source latency            ;
;   6.803  ;   0.000 ;    ;      ; 1      ; PIN_M16                               ; clk                       ;
;   6.803  ;   0.000 ;    ; RE   ; 1      ; IOPAD_X89_Y35_N60                     ; ARRIAV_IO_PAD             ;
;   6.803  ;   0.000 ;    ; RE   ; 1      ; IO_PAD_OUTPUT_X89_Y35_N60_I1          ; IO_PAD_OUTPUT             ;
;   6.803  ;   0.000 ;    ; RE   ; 1      ; IO_INPUT_BUFFER_INPUT_X89_Y35_N61_I0  ; IO_INPUT_BUFFER_INPUT     ;
;   6.803  ;   0.000 ; RR ; IC   ; 1      ; IOIBUF_X89_Y35_N61                    ; clk~input|i               ;
;   7.542  ;   0.739 ; RR ; CELL ; 1      ; IOIBUF_X89_Y35_N61                    ; clk~input|o               ;
;   7.542  ;   0.000 ;    ; RE   ; 1      ; IOIBUF_X89_Y35_N61                    ; ARRIAV_IO_IBUF            ;
;   7.542  ;   0.000 ;    ; RE   ; 1      ; IO_INPUT_BUFFER_OUTPUT_X89_Y35_N61_I2 ; IO_INPUT_BUFFER_OUTPUT    ;
;   7.542  ;   0.000 ;    ; RE   ; 1      ; IO_RE_X89_Y35_N60_I96                 ; IO_RE                     ;
;   7.630  ;   0.088 ;    ; RE   ; 1      ; IO_RE_X89_Y35_N60_I66                 ; IO_RE                     ;
;   7.905  ;   0.275 ;    ; RE   ; 1      ; CLKBUF_CLUSTER_RE_X89_Y39_N3_I421     ; CLKBUF_CLUSTER_RE         ;
;   7.905  ;   0.000 ;    ; RE   ; 1      ; CLKBUF_CLUSTER_RE_X89_Y39_N3_I756     ; CLKBUF_CLUSTER_RE         ;
;   7.905  ;   0.000 ;    ; RE   ; 1      ; CLKBUF_CLUSTER_RE_X89_Y39_N3_I493     ; CLKBUF_CLUSTER_RE         ;
;   7.905  ;   0.000 ;    ; RE   ; 1      ; GCLK_CLUSTER_RE_X89_Y39_N3_I10        ; GCLK_CLUSTER_RE           ;
;   7.905  ;   0.000 ;    ; RE   ; 1      ; CLKBUFBLOCK_INPUT_X89_Y39_N4_I0       ; CLKBUFBLOCK_INPUT         ;
;   7.905  ;   0.000 ; RR ; IC   ; 1      ; CLKCTRL_G8                            ; clk~inputCLKENA0|inclk    ;
;   8.375  ;   0.470 ; RR ; CELL ; 1674   ; CLKCTRL_G8                            ; clk~inputCLKENA0|outclk   ;
;   8.375  ;   0.000 ;    ; RE   ; 1      ; CLKCTRL_G8                            ; ARRIAV_CLKBUF             ;
;   8.375  ;   0.000 ;    ; RE   ; 1      ; CLKBUFBLOCK_OUTPUT_X89_Y39_N4_I2      ; CLKBUFBLOCK_OUTPUT        ;
;   8.375  ;   0.000 ;    ; RE   ; 1      ; GCLK_CLUSTER_RE_X89_Y39_N3_I12        ; GCLK_CLUSTER_RE           ;
;   8.375  ;   0.000 ;    ; RE   ; 1      ; CLKBUF_CLUSTER_RE_X89_Y39_N3_I415     ; CLKBUF_CLUSTER_RE         ;
;   9.163  ;   0.788 ;    ; RE   ; 5      ; GLOBAL_CLOCK_X0_Y36_N0_I8             ; GLOBAL_CLOCK              ;
;   9.326  ;   0.163 ;    ; RE   ; 19     ; SPINE_CLOCK_X15_Y37_N0_I6             ; SPINE_CLOCK               ;
;   9.755  ;   0.429 ;    ; RE   ; 1      ; SCLK_TO_ROWCLK_BUF_X15_Y38_N0_I37     ; SCLK_TO_ROWCLK_BUF        ;
;   9.847  ;   0.092 ;    ; RE   ; 2      ; SCLK_TO_ROWCLK_BUF_X15_Y38_N0_I40     ; SCLK_TO_ROWCLK_BUF        ;
;   10.304 ;   0.457 ;    ; RE   ; 8      ; LAB_CLK_X16_Y38_N0_I5                 ; LAB_CLK                   ;
;   10.425 ;   0.121 ;    ; RE   ; 1      ; BLK_CLK_BUF_X17_Y38_N0_I5             ; BLK_CLK_BUF               ;
;   10.476 ;   0.051 ;    ; RE   ; 1      ; ROWCLKSEL_PREBUF_X17_Y38_N0_I5        ; ROWCLKSEL_PREBUF          ;
;   10.530 ;   0.054 ;    ; RE   ; 1      ; ROWCLKSEL_X17_Y38_N0_I0               ; ROWCLKSEL                 ;
;   10.530 ;   0.000 ;    ; RE   ; 1      ; GLOBAL_LOCAL_SEL_X17_Y38_N0_I0        ; GLOBAL_LOCAL_SEL          ;
;   10.530 ;   0.000 ;    ; RE   ; 5      ; LAB_INPUT_X17_Y38_N0_I0               ; LAB_INPUT                 ;
;   10.531 ;   0.001 ; RR ; IC   ; 1      ; FF_X17_Y38_N26                        ; state_array[0][3][26]|clk ;
;   11.095 ;   0.564 ; RR ; CELL ; 1      ; FF_X17_Y38_N26                        ; state_array[0][3][26]     ;
;   11.155 ;   0.060 ;    ;      ;        ;                                       ; clock pessimism removed   ;
; 11.055   ; -0.100  ;    ;      ;        ;                                       ; clock uncertainty         ;
; 11.055   ; 0.000   ;    ; uTsu ; 1      ; FF_X17_Y38_N26                        ; state_array[0][3][26]     ;
+----------+---------+----+------+--------+---------------------------------------+---------------------------+

----------------------------
; Extra Fitter Information ;
----------------------------
HTML report is unavailable in plain text report export.


Path #11: Setup slack is 0.197 
===============================================================================
+--------------------------------------------+
; Path Summary                               ;
+--------------------+-----------------------+
; Property           ; Value                 ;
+--------------------+-----------------------+
; From Node          ; state_array[3][1][34] ;
; To Node            ; state_array[0][3][61] ;
; Launch Clock       ; clk                   ;
; Latch Clock        ; clk                   ;
; Data Arrival Time  ; 10.848                ;
; Data Required Time ; 11.045                ;
; Slack              ; 0.197                 ;
+--------------------+-----------------------+

+-------------------------------------------------------------------------------------+
; Statistics                                                                          ;
+------------------------+--------+-------+-------------+------------+--------+-------+
; Property               ; Value  ; Count ; Total Delay ; % of Total ; Min    ; Max   ;
+------------------------+--------+-------+-------------+------------+--------+-------+
; Setup Relationship     ; 6.803  ;       ;             ;            ;        ;       ;
; Clock Skew             ; -0.223 ;       ;             ;            ;        ;       ;
; Data Delay             ; 6.283  ;       ;             ;            ;        ;       ;
; Number of Logic Levels ;        ; 4     ;             ;            ;        ;       ;
; Physical Delays        ;        ;       ;             ;            ;        ;       ;
;  Arrival Path          ;        ;       ;             ;            ;        ;       ;
;   Clock                ;        ;       ;             ;            ;        ;       ;
;    IC                  ;        ; 3     ; 0.001       ; 0          ; 0.000  ; 0.001 ;
;    Cell                ;        ; 3     ; 1.901       ; 42         ; 0.507  ; 0.739 ;
;    Routing Element     ;        ; 26    ; 2.663       ; 58         ; 0.000  ; 0.835 ;
;   Data                 ;        ;       ;             ;            ;        ;       ;
;    IC                  ;        ; 5     ; 0.001       ; 0          ; -0.001 ; 0.001 ;
;    Cell                ;        ; 6     ; 1.467       ; 23         ; 0.000  ; 0.570 ;
;    uTco                ;        ; 1     ; 0.000       ; 0          ; 0.000  ; 0.000 ;
;    Routing Element     ;        ; 27    ; 4.815       ; 77         ; 0.000  ; 0.381 ;
;  Required Path         ;        ;       ;             ;            ;        ;       ;
;   Clock                ;        ;       ;             ;            ;        ;       ;
;    IC                  ;        ; 3     ; -0.001      ; 0          ; -0.001 ; 0.000 ;
;    Cell                ;        ; 3     ; 1.773       ; 41         ; 0.470  ; 0.739 ;
;    Routing Element     ;        ; 26    ; 2.510       ; 59         ; 0.000  ; 0.788 ;
+------------------------+--------+-------+-------------+------------+--------+-------+
Note: Negative delays are omitted from totals when calculating percentages

+--------------------------------------------------------------------------------------------------------------------------------+
; Data Arrival Path                                                                                                              ;
+----------+----------+----+------+--------+---------------------------------------+---------------------------------------------+
; Total    ; Incr     ; RF ; Type ; Fanout ; Location                              ; Element                                     ;
+----------+----------+----+------+--------+---------------------------------------+---------------------------------------------+
; 0.000    ; 0.000    ;    ;      ;        ;                                       ; launch edge time                            ;
; 4.565    ; 4.565    ;    ;      ;        ;                                       ; clock path                                  ;
;   0.000  ;   0.000  ;    ;      ;        ;                                       ; source latency                              ;
;   0.000  ;   0.000  ;    ;      ; 1      ; PIN_M16                               ; clk                                         ;
;   0.000  ;   0.000  ;    ; RE   ; 1      ; IOPAD_X89_Y35_N60                     ; ARRIAV_IO_PAD                               ;
;   0.000  ;   0.000  ;    ; RE   ; 1      ; IO_PAD_OUTPUT_X89_Y35_N60_I1          ; IO_PAD_OUTPUT                               ;
;   0.000  ;   0.000  ;    ; RE   ; 1      ; IO_INPUT_BUFFER_INPUT_X89_Y35_N61_I0  ; IO_INPUT_BUFFER_INPUT                       ;
;   0.000  ;   0.000  ; RR ; IC   ; 1      ; IOIBUF_X89_Y35_N61                    ; clk~input|i                                 ;
;   0.739  ;   0.739  ; RR ; CELL ; 1      ; IOIBUF_X89_Y35_N61                    ; clk~input|o                                 ;
;   0.739  ;   0.000  ;    ; RE   ; 1      ; IOIBUF_X89_Y35_N61                    ; ARRIAV_IO_IBUF                              ;
;   0.739  ;   0.000  ;    ; RE   ; 1      ; IO_INPUT_BUFFER_OUTPUT_X89_Y35_N61_I2 ; IO_INPUT_BUFFER_OUTPUT                      ;
;   0.739  ;   0.000  ;    ; RE   ; 1      ; IO_RE_X89_Y35_N60_I96                 ; IO_RE                                       ;
;   0.833  ;   0.094  ;    ; RE   ; 1      ; IO_RE_X89_Y35_N60_I66                 ; IO_RE                                       ;
;   1.125  ;   0.292  ;    ; RE   ; 1      ; CLKBUF_CLUSTER_RE_X89_Y39_N3_I421     ; CLKBUF_CLUSTER_RE                           ;
;   1.125  ;   0.000  ;    ; RE   ; 1      ; CLKBUF_CLUSTER_RE_X89_Y39_N3_I756     ; CLKBUF_CLUSTER_RE                           ;
;   1.125  ;   0.000  ;    ; RE   ; 1      ; CLKBUF_CLUSTER_RE_X89_Y39_N3_I493     ; CLKBUF_CLUSTER_RE                           ;
;   1.125  ;   0.000  ;    ; RE   ; 1      ; GCLK_CLUSTER_RE_X89_Y39_N3_I10        ; GCLK_CLUSTER_RE                             ;
;   1.125  ;   0.000  ;    ; RE   ; 1      ; CLKBUFBLOCK_INPUT_X89_Y39_N4_I0       ; CLKBUFBLOCK_INPUT                           ;
;   1.125  ;   0.000  ; RR ; IC   ; 1      ; CLKCTRL_G8                            ; clk~inputCLKENA0|inclk                      ;
;   1.632  ;   0.507  ; RR ; CELL ; 1674   ; CLKCTRL_G8                            ; clk~inputCLKENA0|outclk                     ;
;   1.632  ;   0.000  ;    ; RE   ; 1      ; CLKCTRL_G8                            ; ARRIAV_CLKBUF                               ;
;   1.632  ;   0.000  ;    ; RE   ; 1      ; CLKBUFBLOCK_OUTPUT_X89_Y39_N4_I2      ; CLKBUFBLOCK_OUTPUT                          ;
;   1.632  ;   0.000  ;    ; RE   ; 1      ; GCLK_CLUSTER_RE_X89_Y39_N3_I12        ; GCLK_CLUSTER_RE                             ;
;   1.632  ;   0.000  ;    ; RE   ; 1      ; CLKBUF_CLUSTER_RE_X89_Y39_N3_I415     ; CLKBUF_CLUSTER_RE                           ;
;   2.467  ;   0.835  ;    ; RE   ; 5      ; GLOBAL_CLOCK_X0_Y36_N0_I8             ; GLOBAL_CLOCK                                ;
;   2.635  ;   0.168  ;    ; RE   ; 20     ; SPINE_CLOCK_X33_Y37_N0_I6             ; SPINE_CLOCK                                 ;
;   3.079  ;   0.444  ;    ; RE   ; 1      ; SCLK_TO_ROWCLK_BUF_X33_Y41_N0_I37     ; SCLK_TO_ROWCLK_BUF                          ;
;   3.175  ;   0.096  ;    ; RE   ; 2      ; SCLK_TO_ROWCLK_BUF_X33_Y41_N0_I40     ; SCLK_TO_ROWCLK_BUF                          ;
;   3.655  ;   0.480  ;    ; RE   ; 6      ; LAB_CLK_X25_Y41_N0_I5                 ; LAB_CLK                                     ;
;   3.794  ;   0.139  ;    ; RE   ; 1      ; BLK_CLK_BUF_X31_Y41_N0_I5             ; BLK_CLK_BUF                                 ;
;   3.850  ;   0.056  ;    ; RE   ; 1      ; ROWCLKSEL_PREBUF_X31_Y41_N0_I5        ; ROWCLKSEL_PREBUF                            ;
;   3.909  ;   0.059  ;    ; RE   ; 1      ; ROWCLKSEL_X31_Y41_N0_I0               ; ROWCLKSEL                                   ;
;   3.909  ;   0.000  ;    ; RE   ; 1      ; GLOBAL_LOCAL_SEL_X31_Y41_N0_I0        ; GLOBAL_LOCAL_SEL                            ;
;   3.909  ;   0.000  ;    ; RE   ; 6      ; LAB_INPUT_X31_Y41_N0_I0               ; LAB_INPUT                                   ;
;   3.910  ;   0.001  ; RR ; IC   ; 1      ; FF_X31_Y41_N26                        ; state_array[3][1][34]|clk                   ;
;   4.565  ;   0.655  ; RR ; CELL ; 1      ; FF_X31_Y41_N26                        ; state_array[3][1][34]                       ;
; 10.848   ; 6.283    ;    ;      ;        ;                                       ; data path                                   ;
;   4.565  ;   0.000  ;    ; uTco ; 1      ; FF_X31_Y41_N26                        ; state_array[3][1][34]                       ;
;   4.565  ;   0.000  ; FF ; CELL ; 5      ; FF_X31_Y41_N26                        ; state_array[3][1][34]|q                     ;
;   4.624  ;   0.059  ;    ; RE   ; 2      ; FF_X31_Y41_N26                        ; ARRIAV_FF                                   ;
;   4.719  ;   0.095  ;    ; RE   ; 1      ; LE_BUFFER_X31_Y41_N0_I17              ; LE_BUFFER                                   ;
;   5.021  ;   0.302  ;    ; RE   ; 2      ; C4_X30_Y37_N0_I7                      ; V_SEG4                                      ;
;   5.300  ;   0.279  ;    ; RE   ; 2      ; LOCAL_INTERCONNECT_X31_Y38_N0_I2      ; LAB_LINE                                    ;
;   5.440  ;   0.140  ;    ; RE   ; 1      ; BLOCK_INPUT_MUX_X31_Y38_N0_I40        ; LEIM_INPUT                                  ;
;   5.440  ;   0.000  ; FF ; IC   ; 1      ; LABCELL_X31_Y38_N30                   ; KSU|u_theta|C[3][34]|datad                  ;
;   5.850  ;   0.410  ; FF ; CELL ; 6      ; LABCELL_X31_Y38_N30                   ; KSU|u_theta|C[3][34]|combout                ;
;   5.850  ;   0.000  ;    ; RE   ; 1      ; LABCELL_X31_Y38_N30                   ; ARRIAV_LCELL_COMB                           ;
;   5.936  ;   0.086  ;    ; RE   ; 2      ; LE_BUFFER_X31_Y38_N0_I20              ; LE_BUFFER                                   ;
;   6.142  ;   0.206  ;    ; RE   ; 2      ; C2_X31_Y39_N0_I1                      ; V_SEG2                                      ;
;   6.492  ;   0.350  ;    ; RE   ; 2      ; C4_X31_Y40_N0_I4                      ; V_SEG4                                      ;
;   6.803  ;   0.311  ;    ; RE   ; 1      ; C4_X31_Y44_N0_I4                      ; V_SEG4                                      ;
;   7.067  ;   0.264  ;    ; RE   ; 1      ; R3_X29_Y44_N0_I19                     ; H_SEG3                                      ;
;   7.229  ;   0.162  ;    ; RE   ; 1      ; LOCAL_INTERCONNECT_X31_Y44_N0_I12     ; LAB_LINE                                    ;
;   7.346  ;   0.117  ;    ; RE   ; 1      ; BLOCK_INPUT_MUX_X31_Y44_N0_I41        ; LEIM_INPUT                                  ;
;   7.345  ;   -0.001 ; FF ; IC   ; 1      ; LABCELL_X31_Y44_N30                   ; KSU|u_theta|D[4][34]|dataf                  ;
;   7.437  ;   0.092  ; FF ; CELL ; 4      ; LABCELL_X31_Y44_N30                   ; KSU|u_theta|D[4][34]|combout                ;
;   7.437  ;   0.000  ;    ; RE   ; 2      ; LABCELL_X31_Y44_N30                   ; ARRIAV_LCELL_COMB                           ;
;   7.522  ;   0.085  ;    ; RE   ; 1      ; LE_BUFFER_X31_Y44_N0_I21              ; LE_BUFFER                                   ;
;   7.903  ;   0.381  ;    ; RE   ; 1      ; R6_X25_Y44_N0_I38                     ; H_SEG6                                      ;
;   8.201  ;   0.298  ;    ; RE   ; 1      ; LOCAL_INTERCONNECT_X24_Y44_N0_I15     ; LAB_LINE                                    ;
;   8.348  ;   0.147  ;    ; RE   ; 1      ; BLOCK_INPUT_MUX_X24_Y44_N0_I15        ; LEIM_INPUT                                  ;
;   8.349  ;   0.001  ; FF ; IC   ; 1      ; LABCELL_X24_Y44_N9                    ; KSU|u_theta|state_array_o[4][0][34]|dataf   ;
;   8.437  ;   0.088  ; FF ; CELL ; 3      ; LABCELL_X24_Y44_N9                    ; KSU|u_theta|state_array_o[4][0][34]|combout ;
;   8.437  ;   0.000  ;    ; RE   ; 1      ; LABCELL_X24_Y44_N9                    ; ARRIAV_LCELL_COMB                           ;
;   8.543  ;   0.106  ;    ; RE   ; 2      ; LE_BUFFER_X24_Y44_N0_I7               ; LE_BUFFER                                   ;
;   8.818  ;   0.275  ;    ; RE   ; 1      ; C4_X23_Y45_N0_I2                      ; V_SEG4                                      ;
;   9.124  ;   0.306  ;    ; RE   ; 2      ; C4_X23_Y49_N0_I2                      ; V_SEG4                                      ;
;   9.426  ;   0.302  ;    ; RE   ; 1      ; C2_X23_Y51_N0_I2                      ; V_SEG2                                      ;
;   9.665  ;   0.239  ;    ; RE   ; 1      ; R3_X21_Y51_N0_I22                     ; H_SEG3                                      ;
;   9.842  ;   0.177  ;    ; RE   ; 1      ; LOCAL_INTERCONNECT_X23_Y51_N0_I18     ; LAB_LINE                                    ;
;   9.970  ;   0.128  ;    ; RE   ; 1      ; BLOCK_INPUT_MUX_X23_Y51_N0_I60        ; LEIM_INPUT                                  ;
;   9.971  ;   0.001  ; FF ; IC   ; 1      ; LABCELL_X23_Y51_N42                   ; state_array~2820|datac                      ;
;   10.541 ;   0.570  ; FF ; CELL ; 1      ; LABCELL_X23_Y51_N42                   ; state_array~2820|combout                    ;
;   10.541 ;   0.000  ;    ; RE   ; 1      ; LABCELL_X23_Y51_N42                   ; ARRIAV_LCELL_COMB                           ;
;   10.541 ;   0.000  ; FF ; IC   ; 1      ; FF_X23_Y51_N44                        ; state_array[0][3][61]|d                     ;
;   10.848 ;   0.307  ; FF ; CELL ; 1      ; FF_X23_Y51_N44                        ; state_array[0][3][61]                       ;
+----------+----------+----+------+--------+---------------------------------------+---------------------------------------------+

+--------------------------------------------------------------------------------------------------------------+
; Data Required Path                                                                                           ;
+----------+----------+----+------+--------+---------------------------------------+---------------------------+
; Total    ; Incr     ; RF ; Type ; Fanout ; Location                              ; Element                   ;
+----------+----------+----+------+--------+---------------------------------------+---------------------------+
; 6.803    ; 6.803    ;    ;      ;        ;                                       ; latch edge time           ;
; 11.145   ; 4.342    ;    ;      ;        ;                                       ; clock path                ;
;   6.803  ;   0.000  ;    ;      ;        ;                                       ; source latency            ;
;   6.803  ;   0.000  ;    ;      ; 1      ; PIN_M16                               ; clk                       ;
;   6.803  ;   0.000  ;    ; RE   ; 1      ; IOPAD_X89_Y35_N60                     ; ARRIAV_IO_PAD             ;
;   6.803  ;   0.000  ;    ; RE   ; 1      ; IO_PAD_OUTPUT_X89_Y35_N60_I1          ; IO_PAD_OUTPUT             ;
;   6.803  ;   0.000  ;    ; RE   ; 1      ; IO_INPUT_BUFFER_INPUT_X89_Y35_N61_I0  ; IO_INPUT_BUFFER_INPUT     ;
;   6.803  ;   0.000  ; RR ; IC   ; 1      ; IOIBUF_X89_Y35_N61                    ; clk~input|i               ;
;   7.542  ;   0.739  ; RR ; CELL ; 1      ; IOIBUF_X89_Y35_N61                    ; clk~input|o               ;
;   7.542  ;   0.000  ;    ; RE   ; 1      ; IOIBUF_X89_Y35_N61                    ; ARRIAV_IO_IBUF            ;
;   7.542  ;   0.000  ;    ; RE   ; 1      ; IO_INPUT_BUFFER_OUTPUT_X89_Y35_N61_I2 ; IO_INPUT_BUFFER_OUTPUT    ;
;   7.542  ;   0.000  ;    ; RE   ; 1      ; IO_RE_X89_Y35_N60_I96                 ; IO_RE                     ;
;   7.630  ;   0.088  ;    ; RE   ; 1      ; IO_RE_X89_Y35_N60_I66                 ; IO_RE                     ;
;   7.905  ;   0.275  ;    ; RE   ; 1      ; CLKBUF_CLUSTER_RE_X89_Y39_N3_I421     ; CLKBUF_CLUSTER_RE         ;
;   7.905  ;   0.000  ;    ; RE   ; 1      ; CLKBUF_CLUSTER_RE_X89_Y39_N3_I756     ; CLKBUF_CLUSTER_RE         ;
;   7.905  ;   0.000  ;    ; RE   ; 1      ; CLKBUF_CLUSTER_RE_X89_Y39_N3_I493     ; CLKBUF_CLUSTER_RE         ;
;   7.905  ;   0.000  ;    ; RE   ; 1      ; GCLK_CLUSTER_RE_X89_Y39_N3_I10        ; GCLK_CLUSTER_RE           ;
;   7.905  ;   0.000  ;    ; RE   ; 1      ; CLKBUFBLOCK_INPUT_X89_Y39_N4_I0       ; CLKBUFBLOCK_INPUT         ;
;   7.905  ;   0.000  ; RR ; IC   ; 1      ; CLKCTRL_G8                            ; clk~inputCLKENA0|inclk    ;
;   8.375  ;   0.470  ; RR ; CELL ; 1674   ; CLKCTRL_G8                            ; clk~inputCLKENA0|outclk   ;
;   8.375  ;   0.000  ;    ; RE   ; 1      ; CLKCTRL_G8                            ; ARRIAV_CLKBUF             ;
;   8.375  ;   0.000  ;    ; RE   ; 1      ; CLKBUFBLOCK_OUTPUT_X89_Y39_N4_I2      ; CLKBUFBLOCK_OUTPUT        ;
;   8.375  ;   0.000  ;    ; RE   ; 1      ; GCLK_CLUSTER_RE_X89_Y39_N3_I12        ; GCLK_CLUSTER_RE           ;
;   8.375  ;   0.000  ;    ; RE   ; 1      ; CLKBUF_CLUSTER_RE_X89_Y39_N3_I415     ; CLKBUF_CLUSTER_RE         ;
;   9.163  ;   0.788  ;    ; RE   ; 5      ; GLOBAL_CLOCK_X0_Y36_N0_I8             ; GLOBAL_CLOCK              ;
;   9.314  ;   0.151  ;    ; RE   ; 19     ; SPINE_CLOCK_X15_Y37_N0_I6             ; SPINE_CLOCK               ;
;   9.737  ;   0.423  ;    ; RE   ; 1      ; SCLK_TO_ROWCLK_BUF_X15_Y51_N0_I37     ; SCLK_TO_ROWCLK_BUF        ;
;   9.829  ;   0.092  ;    ; RE   ; 2      ; SCLK_TO_ROWCLK_BUF_X15_Y51_N0_I40     ; SCLK_TO_ROWCLK_BUF        ;
;   10.290 ;   0.461  ;    ; RE   ; 8      ; LAB_CLK_X16_Y51_N0_I5                 ; LAB_CLK                   ;
;   10.414 ;   0.124  ;    ; RE   ; 1      ; BLK_CLK_BUF_X23_Y51_N0_I5             ; BLK_CLK_BUF               ;
;   10.467 ;   0.053  ;    ; RE   ; 1      ; ROWCLKSEL_PREBUF_X23_Y51_N0_I5        ; ROWCLKSEL_PREBUF          ;
;   10.522 ;   0.055  ;    ; RE   ; 1      ; ROWCLKSEL_X23_Y51_N0_I0               ; ROWCLKSEL                 ;
;   10.522 ;   0.000  ;    ; RE   ; 1      ; GLOBAL_LOCAL_SEL_X23_Y51_N0_I0        ; GLOBAL_LOCAL_SEL          ;
;   10.522 ;   0.000  ;    ; RE   ; 4      ; LAB_INPUT_X23_Y51_N0_I0               ; LAB_INPUT                 ;
;   10.521 ;   -0.001 ; RR ; IC   ; 1      ; FF_X23_Y51_N44                        ; state_array[0][3][61]|clk ;
;   11.085 ;   0.564  ; RR ; CELL ; 1      ; FF_X23_Y51_N44                        ; state_array[0][3][61]     ;
;   11.145 ;   0.060  ;    ;      ;        ;                                       ; clock pessimism removed   ;
; 11.045   ; -0.100   ;    ;      ;        ;                                       ; clock uncertainty         ;
; 11.045   ; 0.000    ;    ; uTsu ; 1      ; FF_X23_Y51_N44                        ; state_array[0][3][61]     ;
+----------+----------+----+------+--------+---------------------------------------+---------------------------+

----------------------------
; Extra Fitter Information ;
----------------------------
HTML report is unavailable in plain text report export.


Path #12: Setup slack is 0.200 
===============================================================================
+--------------------------------------------+
; Path Summary                               ;
+--------------------+-----------------------+
; Property           ; Value                 ;
+--------------------+-----------------------+
; From Node          ; state_array[2][2][26] ;
; To Node            ; state_array[1][3][37] ;
; Launch Clock       ; clk                   ;
; Latch Clock        ; clk                   ;
; Data Arrival Time  ; 10.852                ;
; Data Required Time ; 11.052                ;
; Slack              ; 0.200                 ;
+--------------------+-----------------------+

+-------------------------------------------------------------------------------------+
; Statistics                                                                          ;
+------------------------+--------+-------+-------------+------------+--------+-------+
; Property               ; Value  ; Count ; Total Delay ; % of Total ; Min    ; Max   ;
+------------------------+--------+-------+-------------+------------+--------+-------+
; Setup Relationship     ; 6.803  ;       ;             ;            ;        ;       ;
; Clock Skew             ; -0.095 ;       ;             ;            ;        ;       ;
; Data Delay             ; 6.408  ;       ;             ;            ;        ;       ;
; Number of Logic Levels ;        ; 4     ;             ;            ;        ;       ;
; Physical Delays        ;        ;       ;             ;            ;        ;       ;
;  Arrival Path          ;        ;       ;             ;            ;        ;       ;
;   Clock                ;        ;       ;             ;            ;        ;       ;
;    IC                  ;        ; 3     ; -0.001      ; 0          ; -0.001 ; 0.000 ;
;    Cell                ;        ; 3     ; 1.901       ; 43         ; 0.507  ; 0.739 ;
;    Routing Element     ;        ; 26    ; 2.544       ; 57         ; 0.000  ; 0.814 ;
;   Data                 ;        ;       ;             ;            ;        ;       ;
;    IC                  ;        ; 5     ; 0.000       ; 0          ; -0.001 ; 0.001 ;
;    Cell                ;        ; 6     ; 1.061       ; 17         ; 0.000  ; 0.453 ;
;    uTco                ;        ; 1     ; 0.000       ; 0          ; 0.000  ; 0.000 ;
;    Routing Element     ;        ; 26    ; 5.347       ; 83         ; 0.000  ; 0.485 ;
;  Required Path         ;        ;       ;             ;            ;        ;       ;
;   Clock                ;        ;       ;             ;            ;        ;       ;
;    IC                  ;        ; 3     ; 0.000       ; 0          ; 0.000  ; 0.000 ;
;    Cell                ;        ; 3     ; 1.773       ; 41         ; 0.470  ; 0.739 ;
;    Routing Element     ;        ; 26    ; 2.516       ; 59         ; 0.000  ; 0.790 ;
+------------------------+--------+-------+-------------+------------+--------+-------+
Note: Negative delays are omitted from totals when calculating percentages

+---------------------------------------------------------------------------------------------------------------------+
; Data Arrival Path                                                                                                   ;
+----------+----------+----+------+--------+-------------------------------------------+------------------------------+
; Total    ; Incr     ; RF ; Type ; Fanout ; Location                                  ; Element                      ;
+----------+----------+----+------+--------+-------------------------------------------+------------------------------+
; 0.000    ; 0.000    ;    ;      ;        ;                                           ; launch edge time             ;
; 4.444    ; 4.444    ;    ;      ;        ;                                           ; clock path                   ;
;   0.000  ;   0.000  ;    ;      ;        ;                                           ; source latency               ;
;   0.000  ;   0.000  ;    ;      ; 1      ; PIN_M16                                   ; clk                          ;
;   0.000  ;   0.000  ;    ; RE   ; 1      ; IOPAD_X89_Y35_N60                         ; ARRIAV_IO_PAD                ;
;   0.000  ;   0.000  ;    ; RE   ; 1      ; IO_PAD_OUTPUT_X89_Y35_N60_I1              ; IO_PAD_OUTPUT                ;
;   0.000  ;   0.000  ;    ; RE   ; 1      ; IO_INPUT_BUFFER_INPUT_X89_Y35_N61_I0      ; IO_INPUT_BUFFER_INPUT        ;
;   0.000  ;   0.000  ; RR ; IC   ; 1      ; IOIBUF_X89_Y35_N61                        ; clk~input|i                  ;
;   0.739  ;   0.739  ; RR ; CELL ; 1      ; IOIBUF_X89_Y35_N61                        ; clk~input|o                  ;
;   0.739  ;   0.000  ;    ; RE   ; 1      ; IOIBUF_X89_Y35_N61                        ; ARRIAV_IO_IBUF               ;
;   0.739  ;   0.000  ;    ; RE   ; 1      ; IO_INPUT_BUFFER_OUTPUT_X89_Y35_N61_I2     ; IO_INPUT_BUFFER_OUTPUT       ;
;   0.739  ;   0.000  ;    ; RE   ; 1      ; IO_RE_X89_Y35_N60_I96                     ; IO_RE                        ;
;   0.833  ;   0.094  ;    ; RE   ; 1      ; IO_RE_X89_Y35_N60_I66                     ; IO_RE                        ;
;   1.125  ;   0.292  ;    ; RE   ; 1      ; CLKBUF_CLUSTER_RE_X89_Y39_N3_I421         ; CLKBUF_CLUSTER_RE            ;
;   1.125  ;   0.000  ;    ; RE   ; 1      ; CLKBUF_CLUSTER_RE_X89_Y39_N3_I756         ; CLKBUF_CLUSTER_RE            ;
;   1.125  ;   0.000  ;    ; RE   ; 1      ; CLKBUF_CLUSTER_RE_X89_Y39_N3_I493         ; CLKBUF_CLUSTER_RE            ;
;   1.125  ;   0.000  ;    ; RE   ; 1      ; GCLK_CLUSTER_RE_X89_Y39_N3_I10            ; GCLK_CLUSTER_RE              ;
;   1.125  ;   0.000  ;    ; RE   ; 1      ; CLKBUFBLOCK_INPUT_X89_Y39_N4_I0           ; CLKBUFBLOCK_INPUT            ;
;   1.125  ;   0.000  ; RR ; IC   ; 1      ; CLKCTRL_G8                                ; clk~inputCLKENA0|inclk       ;
;   1.632  ;   0.507  ; RR ; CELL ; 1674   ; CLKCTRL_G8                                ; clk~inputCLKENA0|outclk      ;
;   1.632  ;   0.000  ;    ; RE   ; 1      ; CLKCTRL_G8                                ; ARRIAV_CLKBUF                ;
;   1.632  ;   0.000  ;    ; RE   ; 1      ; CLKBUFBLOCK_OUTPUT_X89_Y39_N4_I2          ; CLKBUFBLOCK_OUTPUT           ;
;   1.632  ;   0.000  ;    ; RE   ; 1      ; GCLK_CLUSTER_RE_X89_Y39_N3_I12            ; GCLK_CLUSTER_RE              ;
;   1.632  ;   0.000  ;    ; RE   ; 1      ; CLKBUF_CLUSTER_RE_X89_Y39_N3_I415         ; CLKBUF_CLUSTER_RE            ;
;   2.446  ;   0.814  ;    ; RE   ; 5      ; GLOBAL_CLOCK_X0_Y36_N0_I8                 ; GLOBAL_CLOCK                 ;
;   2.588  ;   0.142  ;    ; RE   ; 1      ; SPINE_CLOCK_X15_Y19_N0_I6                 ; SPINE_CLOCK                  ;
;   2.991  ;   0.403  ;    ; RE   ; 1      ; SCLK_TO_ROWCLK_BUF_X15_Y36_N0_I36         ; SCLK_TO_ROWCLK_BUF           ;
;   3.075  ;   0.084  ;    ; RE   ; 1      ; SCLK_TO_ROWCLK_BUF_X15_Y36_N0_I39         ; SCLK_TO_ROWCLK_BUF           ;
;   3.542  ;   0.467  ;    ; RE   ; 3      ; LAB_CLK_X16_Y36_N0_I2                     ; LAB_CLK                      ;
;   3.676  ;   0.134  ;    ; RE   ; 1      ; BLK_CLK_BUF_X19_Y36_N0_I2                 ; BLK_CLK_BUF                  ;
;   3.731  ;   0.055  ;    ; RE   ; 1      ; ROWCLKSEL_PREBUF_X19_Y36_N0_I2            ; ROWCLKSEL_PREBUF             ;
;   3.790  ;   0.059  ;    ; RE   ; 1      ; ROWCLKSEL_X19_Y36_N0_I0                   ; ROWCLKSEL                    ;
;   3.790  ;   0.000  ;    ; RE   ; 1      ; GLOBAL_LOCAL_SEL_X19_Y36_N0_I0            ; GLOBAL_LOCAL_SEL             ;
;   3.790  ;   0.000  ;    ; RE   ; 4      ; LAB_INPUT_X19_Y36_N0_I0                   ; LAB_INPUT                    ;
;   3.789  ;   -0.001 ; RR ; IC   ; 1      ; FF_X19_Y36_N14                            ; state_array[2][2][26]|clk    ;
;   4.444  ;   0.655  ; RR ; CELL ; 1      ; FF_X19_Y36_N14                            ; state_array[2][2][26]        ;
; 10.852   ; 6.408    ;    ;      ;        ;                                           ; data path                    ;
;   4.444  ;   0.000  ;    ; uTco ; 1      ; FF_X19_Y36_N14                            ; state_array[2][2][26]        ;
;   4.444  ;   0.000  ; FF ; CELL ; 4      ; FF_X19_Y36_N14                            ; state_array[2][2][26]|q      ;
;   4.503  ;   0.059  ;    ; RE   ; 2      ; FF_X19_Y36_N14                            ; ARRIAV_FF                    ;
;   4.616  ;   0.113  ;    ; RE   ; 3      ; LE_BUFFER_X19_Y36_N0_I9                   ; LE_BUFFER                    ;
;   4.994  ;   0.378  ;    ; RE   ; 1      ; C4_X18_Y37_N0_I2                          ; V_SEG4                       ;
;   5.366  ;   0.372  ;    ; RE   ; 1      ; R6_X13_Y40_N0_I23                         ; H_SEG6                       ;
;   5.613  ;   0.247  ;    ; RE   ; 1      ; LOCAL_INTERCONNECT_X18_Y40_N0_I25         ; LAB_LINE                     ;
;   5.742  ;   0.129  ;    ; RE   ; 1      ; BLOCK_INPUT_MUX_X18_Y40_N0_I38            ; LEIM_INPUT                   ;
;   5.743  ;   0.001  ; FF ; IC   ; 1      ; LABCELL_X18_Y40_N27                       ; KSU|u_theta|C[2][26]|datad   ;
;   6.196  ;   0.453  ; FF ; CELL ; 4      ; LABCELL_X18_Y40_N27                       ; KSU|u_theta|C[2][26]|combout ;
;   6.196  ;   0.000  ;    ; RE   ; 2      ; LABCELL_X18_Y40_N27                       ; ARRIAV_LCELL_COMB            ;
;   6.277  ;   0.081  ;    ; RE   ; 2      ; LE_BUFFER_X18_Y40_N0_I18                  ; LE_BUFFER                    ;
;   6.645  ;   0.368  ;    ; RE   ; 1      ; C4_X18_Y36_N0_I7                          ; V_SEG4                       ;
;   7.125  ;   0.480  ;    ; RE   ; 1      ; R6_X19_Y36_N0_I0                          ; H_SEG6                       ;
;   7.395  ;   0.270  ;    ; RE   ; 1      ; LOCAL_INTERCONNECT_X24_Y36_N0_I0          ; LAB_LINE                     ;
;   7.528  ;   0.133  ;    ; RE   ; 1      ; BLOCK_INPUT_MUX_X24_Y36_N0_I57            ; LEIM_INPUT                   ;
;   7.527  ;   -0.001 ; FF ; IC   ; 1      ; LABCELL_X24_Y36_N42                       ; KSU|u_theta|D[1][27]|dataf   ;
;   7.624  ;   0.097  ; FF ; CELL ; 9      ; LABCELL_X24_Y36_N42                       ; KSU|u_theta|D[1][27]|combout ;
;   7.624  ;   0.000  ;    ; RE   ; 3      ; LABCELL_X24_Y36_N42                       ; ARRIAV_LCELL_COMB            ;
;   7.705  ;   0.081  ;    ; RE   ; 1      ; LE_BUFFER_X24_Y36_N0_I28                  ; LE_BUFFER                    ;
;   8.112  ;   0.407  ;    ; RE   ; 2      ; R6_X25_Y36_N0_I14                         ; H_SEG6                       ;
;   8.112  ;   0.000  ;    ; RE   ; 1      ; R14_C12_INTERCONNECT_DRIVER_X28_Y36_N0_I2 ; WIRE_MUX                     ;
;   8.597  ;   0.485  ;    ; RE   ; 2      ; C12_X28_Y37_N0_I0                         ; V_SEG12                      ;
;   8.989  ;   0.392  ;    ; RE   ; 2      ; C2_X28_Y49_N0_I1                          ; V_SEG2                       ;
;   9.256  ;   0.267  ;    ; RE   ; 1      ; C2_X28_Y51_N0_I1                          ; V_SEG2                       ;
;   9.643  ;   0.387  ;    ; RE   ; 1      ; R6_X29_Y51_N0_I14                         ; H_SEG6                       ;
;   9.919  ;   0.276  ;    ; RE   ; 1      ; LOCAL_INTERCONNECT_X33_Y51_N0_I12         ; LAB_LINE                     ;
;   10.045 ;   0.126  ;    ; RE   ; 1      ; BLOCK_INPUT_MUX_X33_Y51_N0_I9             ; LEIM_INPUT                   ;
;   10.045 ;   0.000  ; FF ; IC   ; 1      ; LABCELL_X33_Y51_N6                        ; state_array~1657|dataf       ;
;   10.149 ;   0.104  ; FR ; CELL ; 1      ; LABCELL_X33_Y51_N6                        ; state_array~1657|combout     ;
;   10.149 ;   0.000  ;    ; RE   ; 1      ; LABCELL_X33_Y51_N6                        ; ARRIAV_LCELL_COMB            ;
;   10.277 ;   0.128  ;    ; RE   ; 1      ; LOCAL_LINE_X33_Y51_N0_I2                  ; LOCAL_LINE                   ;
;   10.445 ;   0.168  ;    ; RE   ; 1      ; BLOCK_INPUT_MUX_X33_Y51_N0_I33            ; LEIM_INPUT                   ;
;   10.445 ;   0.000  ; RR ; IC   ; 1      ; LABCELL_X33_Y51_N24                       ; state_array~1658|dataf       ;
;   10.545 ;   0.100  ; RF ; CELL ; 1      ; LABCELL_X33_Y51_N24                       ; state_array~1658|combout     ;
;   10.545 ;   0.000  ;    ; RE   ; 1      ; LABCELL_X33_Y51_N24                       ; ARRIAV_LCELL_COMB            ;
;   10.545 ;   0.000  ; FF ; IC   ; 1      ; FF_X33_Y51_N26                            ; state_array[1][3][37]|d      ;
;   10.852 ;   0.307  ; FF ; CELL ; 1      ; FF_X33_Y51_N26                            ; state_array[1][3][37]        ;
+----------+----------+----+------+--------+-------------------------------------------+------------------------------+

+-------------------------------------------------------------------------------------------------------------+
; Data Required Path                                                                                          ;
+----------+---------+----+------+--------+---------------------------------------+---------------------------+
; Total    ; Incr    ; RF ; Type ; Fanout ; Location                              ; Element                   ;
+----------+---------+----+------+--------+---------------------------------------+---------------------------+
; 6.803    ; 6.803   ;    ;      ;        ;                                       ; latch edge time           ;
; 11.152   ; 4.349   ;    ;      ;        ;                                       ; clock path                ;
;   6.803  ;   0.000 ;    ;      ;        ;                                       ; source latency            ;
;   6.803  ;   0.000 ;    ;      ; 1      ; PIN_M16                               ; clk                       ;
;   6.803  ;   0.000 ;    ; RE   ; 1      ; IOPAD_X89_Y35_N60                     ; ARRIAV_IO_PAD             ;
;   6.803  ;   0.000 ;    ; RE   ; 1      ; IO_PAD_OUTPUT_X89_Y35_N60_I1          ; IO_PAD_OUTPUT             ;
;   6.803  ;   0.000 ;    ; RE   ; 1      ; IO_INPUT_BUFFER_INPUT_X89_Y35_N61_I0  ; IO_INPUT_BUFFER_INPUT     ;
;   6.803  ;   0.000 ; RR ; IC   ; 1      ; IOIBUF_X89_Y35_N61                    ; clk~input|i               ;
;   7.542  ;   0.739 ; RR ; CELL ; 1      ; IOIBUF_X89_Y35_N61                    ; clk~input|o               ;
;   7.542  ;   0.000 ;    ; RE   ; 1      ; IOIBUF_X89_Y35_N61                    ; ARRIAV_IO_IBUF            ;
;   7.542  ;   0.000 ;    ; RE   ; 1      ; IO_INPUT_BUFFER_OUTPUT_X89_Y35_N61_I2 ; IO_INPUT_BUFFER_OUTPUT    ;
;   7.542  ;   0.000 ;    ; RE   ; 1      ; IO_RE_X89_Y35_N60_I96                 ; IO_RE                     ;
;   7.630  ;   0.088 ;    ; RE   ; 1      ; IO_RE_X89_Y35_N60_I66                 ; IO_RE                     ;
;   7.905  ;   0.275 ;    ; RE   ; 1      ; CLKBUF_CLUSTER_RE_X89_Y39_N3_I421     ; CLKBUF_CLUSTER_RE         ;
;   7.905  ;   0.000 ;    ; RE   ; 1      ; CLKBUF_CLUSTER_RE_X89_Y39_N3_I756     ; CLKBUF_CLUSTER_RE         ;
;   7.905  ;   0.000 ;    ; RE   ; 1      ; CLKBUF_CLUSTER_RE_X89_Y39_N3_I493     ; CLKBUF_CLUSTER_RE         ;
;   7.905  ;   0.000 ;    ; RE   ; 1      ; GCLK_CLUSTER_RE_X89_Y39_N3_I10        ; GCLK_CLUSTER_RE           ;
;   7.905  ;   0.000 ;    ; RE   ; 1      ; CLKBUFBLOCK_INPUT_X89_Y39_N4_I0       ; CLKBUFBLOCK_INPUT         ;
;   7.905  ;   0.000 ; RR ; IC   ; 1      ; CLKCTRL_G8                            ; clk~inputCLKENA0|inclk    ;
;   8.375  ;   0.470 ; RR ; CELL ; 1674   ; CLKCTRL_G8                            ; clk~inputCLKENA0|outclk   ;
;   8.375  ;   0.000 ;    ; RE   ; 1      ; CLKCTRL_G8                            ; ARRIAV_CLKBUF             ;
;   8.375  ;   0.000 ;    ; RE   ; 1      ; CLKBUFBLOCK_OUTPUT_X89_Y39_N4_I2      ; CLKBUFBLOCK_OUTPUT        ;
;   8.375  ;   0.000 ;    ; RE   ; 1      ; GCLK_CLUSTER_RE_X89_Y39_N3_I12        ; GCLK_CLUSTER_RE           ;
;   8.375  ;   0.000 ;    ; RE   ; 1      ; CLKBUF_CLUSTER_RE_X89_Y39_N3_I415     ; CLKBUF_CLUSTER_RE         ;
;   9.165  ;   0.790 ;    ; RE   ; 5      ; GLOBAL_CLOCK_X0_Y36_N0_I8             ; GLOBAL_CLOCK              ;
;   9.316  ;   0.151 ;    ; RE   ; 20     ; SPINE_CLOCK_X33_Y37_N0_I6             ; SPINE_CLOCK               ;
;   9.739  ;   0.423 ;    ; RE   ; 1      ; SCLK_TO_ROWCLK_BUF_X33_Y51_N0_I37     ; SCLK_TO_ROWCLK_BUF        ;
;   9.831  ;   0.092 ;    ; RE   ; 2      ; SCLK_TO_ROWCLK_BUF_X33_Y51_N0_I40     ; SCLK_TO_ROWCLK_BUF        ;
;   10.292 ;   0.461 ;    ; RE   ; 6      ; LAB_CLK_X25_Y51_N0_I5                 ; LAB_CLK                   ;
;   10.420 ;   0.128 ;    ; RE   ; 1      ; BLK_CLK_BUF_X33_Y51_N0_I5             ; BLK_CLK_BUF               ;
;   10.474 ;   0.054 ;    ; RE   ; 1      ; ROWCLKSEL_PREBUF_X33_Y51_N0_I5        ; ROWCLKSEL_PREBUF          ;
;   10.528 ;   0.054 ;    ; RE   ; 1      ; ROWCLKSEL_X33_Y51_N0_I0               ; ROWCLKSEL                 ;
;   10.528 ;   0.000 ;    ; RE   ; 1      ; GLOBAL_LOCAL_SEL_X33_Y51_N0_I0        ; GLOBAL_LOCAL_SEL          ;
;   10.528 ;   0.000 ;    ; RE   ; 2      ; LAB_INPUT_X33_Y51_N0_I0               ; LAB_INPUT                 ;
;   10.528 ;   0.000 ; RR ; IC   ; 1      ; FF_X33_Y51_N26                        ; state_array[1][3][37]|clk ;
;   11.092 ;   0.564 ; RR ; CELL ; 1      ; FF_X33_Y51_N26                        ; state_array[1][3][37]     ;
;   11.152 ;   0.060 ;    ;      ;        ;                                       ; clock pessimism removed   ;
; 11.052   ; -0.100  ;    ;      ;        ;                                       ; clock uncertainty         ;
; 11.052   ; 0.000   ;    ; uTsu ; 1      ; FF_X33_Y51_N26                        ; state_array[1][3][37]     ;
+----------+---------+----+------+--------+---------------------------------------+---------------------------+

----------------------------
; Extra Fitter Information ;
----------------------------
HTML report is unavailable in plain text report export.


Path #13: Setup slack is 0.201 
===============================================================================
+--------------------------------------------+
; Path Summary                               ;
+--------------------+-----------------------+
; Property           ; Value                 ;
+--------------------+-----------------------+
; From Node          ; state_array[2][3][27] ;
; To Node            ; state_array[3][2][29] ;
; Launch Clock       ; clk                   ;
; Latch Clock        ; clk                   ;
; Data Arrival Time  ; 10.870                ;
; Data Required Time ; 11.071                ;
; Slack              ; 0.201                 ;
+--------------------+-----------------------+

+------------------------------------------------------------------------------------+
; Statistics                                                                         ;
+------------------------+--------+-------+-------------+------------+-------+-------+
; Property               ; Value  ; Count ; Total Delay ; % of Total ; Min   ; Max   ;
+------------------------+--------+-------+-------------+------------+-------+-------+
; Setup Relationship     ; 6.803  ;       ;             ;            ;       ;       ;
; Clock Skew             ; -0.181 ;       ;             ;            ;       ;       ;
; Data Delay             ; 6.321  ;       ;             ;            ;       ;       ;
; Number of Logic Levels ;        ; 5     ;             ;            ;       ;       ;
; Physical Delays        ;        ;       ;             ;            ;       ;       ;
;  Arrival Path          ;        ;       ;             ;            ;       ;       ;
;   Clock                ;        ;       ;             ;            ;       ;       ;
;    IC                  ;        ; 3     ; 0.000       ; 0          ; 0.000 ; 0.000 ;
;    Cell                ;        ; 3     ; 1.901       ; 42         ; 0.507 ; 0.739 ;
;    Routing Element     ;        ; 26    ; 2.648       ; 58         ; 0.000 ; 0.833 ;
;   Data                 ;        ;       ;             ;            ;       ;       ;
;    IC                  ;        ; 6     ; 0.003       ; 0          ; 0.000 ; 0.001 ;
;    Cell                ;        ; 7     ; 2.429       ; 38         ; 0.000 ; 0.651 ;
;    uTco                ;        ; 1     ; 0.000       ; 0          ; 0.000 ; 0.000 ;
;    Routing Element     ;        ; 26    ; 3.889       ; 62         ; 0.000 ; 0.456 ;
;  Required Path         ;        ;       ;             ;            ;       ;       ;
;   Clock                ;        ;       ;             ;            ;       ;       ;
;    IC                  ;        ; 3     ; 0.001       ; 0          ; 0.000 ; 0.001 ;
;    Cell                ;        ; 3     ; 1.780       ; 41         ; 0.470 ; 0.739 ;
;    Routing Element     ;        ; 26    ; 2.527       ; 59         ; 0.000 ; 0.790 ;
+------------------------+--------+-------+-------------+------------+-------+-------+
Note: Negative delays are omitted from totals when calculating percentages

+-------------------------------------------------------------------------------------------------------------------------------+
; Data Arrival Path                                                                                                             ;
+----------+---------+----+------+--------+---------------------------------------+---------------------------------------------+
; Total    ; Incr    ; RF ; Type ; Fanout ; Location                              ; Element                                     ;
+----------+---------+----+------+--------+---------------------------------------+---------------------------------------------+
; 0.000    ; 0.000   ;    ;      ;        ;                                       ; launch edge time                            ;
; 4.549    ; 4.549   ;    ;      ;        ;                                       ; clock path                                  ;
;   0.000  ;   0.000 ;    ;      ;        ;                                       ; source latency                              ;
;   0.000  ;   0.000 ;    ;      ; 1      ; PIN_M16                               ; clk                                         ;
;   0.000  ;   0.000 ;    ; RE   ; 1      ; IOPAD_X89_Y35_N60                     ; ARRIAV_IO_PAD                               ;
;   0.000  ;   0.000 ;    ; RE   ; 1      ; IO_PAD_OUTPUT_X89_Y35_N60_I1          ; IO_PAD_OUTPUT                               ;
;   0.000  ;   0.000 ;    ; RE   ; 1      ; IO_INPUT_BUFFER_INPUT_X89_Y35_N61_I0  ; IO_INPUT_BUFFER_INPUT                       ;
;   0.000  ;   0.000 ; RR ; IC   ; 1      ; IOIBUF_X89_Y35_N61                    ; clk~input|i                                 ;
;   0.739  ;   0.739 ; RR ; CELL ; 1      ; IOIBUF_X89_Y35_N61                    ; clk~input|o                                 ;
;   0.739  ;   0.000 ;    ; RE   ; 1      ; IOIBUF_X89_Y35_N61                    ; ARRIAV_IO_IBUF                              ;
;   0.739  ;   0.000 ;    ; RE   ; 1      ; IO_INPUT_BUFFER_OUTPUT_X89_Y35_N61_I2 ; IO_INPUT_BUFFER_OUTPUT                      ;
;   0.739  ;   0.000 ;    ; RE   ; 1      ; IO_RE_X89_Y35_N60_I96                 ; IO_RE                                       ;
;   0.833  ;   0.094 ;    ; RE   ; 1      ; IO_RE_X89_Y35_N60_I66                 ; IO_RE                                       ;
;   1.125  ;   0.292 ;    ; RE   ; 1      ; CLKBUF_CLUSTER_RE_X89_Y39_N3_I421     ; CLKBUF_CLUSTER_RE                           ;
;   1.125  ;   0.000 ;    ; RE   ; 1      ; CLKBUF_CLUSTER_RE_X89_Y39_N3_I756     ; CLKBUF_CLUSTER_RE                           ;
;   1.125  ;   0.000 ;    ; RE   ; 1      ; CLKBUF_CLUSTER_RE_X89_Y39_N3_I493     ; CLKBUF_CLUSTER_RE                           ;
;   1.125  ;   0.000 ;    ; RE   ; 1      ; GCLK_CLUSTER_RE_X89_Y39_N3_I10        ; GCLK_CLUSTER_RE                             ;
;   1.125  ;   0.000 ;    ; RE   ; 1      ; CLKBUFBLOCK_INPUT_X89_Y39_N4_I0       ; CLKBUFBLOCK_INPUT                           ;
;   1.125  ;   0.000 ; RR ; IC   ; 1      ; CLKCTRL_G8                            ; clk~inputCLKENA0|inclk                      ;
;   1.632  ;   0.507 ; RR ; CELL ; 1674   ; CLKCTRL_G8                            ; clk~inputCLKENA0|outclk                     ;
;   1.632  ;   0.000 ;    ; RE   ; 1      ; CLKCTRL_G8                            ; ARRIAV_CLKBUF                               ;
;   1.632  ;   0.000 ;    ; RE   ; 1      ; CLKBUFBLOCK_OUTPUT_X89_Y39_N4_I2      ; CLKBUFBLOCK_OUTPUT                          ;
;   1.632  ;   0.000 ;    ; RE   ; 1      ; GCLK_CLUSTER_RE_X89_Y39_N3_I12        ; GCLK_CLUSTER_RE                             ;
;   1.632  ;   0.000 ;    ; RE   ; 1      ; CLKBUF_CLUSTER_RE_X89_Y39_N3_I415     ; CLKBUF_CLUSTER_RE                           ;
;   2.465  ;   0.833 ;    ; RE   ; 5      ; GLOBAL_CLOCK_X0_Y36_N0_I8             ; GLOBAL_CLOCK                                ;
;   2.634  ;   0.169 ;    ; RE   ; 19     ; SPINE_CLOCK_X15_Y37_N0_I6             ; SPINE_CLOCK                                 ;
;   3.078  ;   0.444 ;    ; RE   ; 1      ; SCLK_TO_ROWCLK_BUF_X15_Y38_N0_I37     ; SCLK_TO_ROWCLK_BUF                          ;
;   3.174  ;   0.096 ;    ; RE   ; 2      ; SCLK_TO_ROWCLK_BUF_X15_Y38_N0_I40     ; SCLK_TO_ROWCLK_BUF                          ;
;   3.650  ;   0.476 ;    ; RE   ; 8      ; LAB_CLK_X16_Y38_N0_I5                 ; LAB_CLK                                     ;
;   3.781  ;   0.131 ;    ; RE   ; 1      ; BLK_CLK_BUF_X19_Y38_N0_I5             ; BLK_CLK_BUF                                 ;
;   3.834  ;   0.053 ;    ; RE   ; 1      ; ROWCLKSEL_PREBUF_X19_Y38_N0_I5        ; ROWCLKSEL_PREBUF                            ;
;   3.894  ;   0.060 ;    ; RE   ; 1      ; ROWCLKSEL_X19_Y38_N0_I0               ; ROWCLKSEL                                   ;
;   3.894  ;   0.000 ;    ; RE   ; 1      ; GLOBAL_LOCAL_SEL_X19_Y38_N0_I0        ; GLOBAL_LOCAL_SEL                            ;
;   3.894  ;   0.000 ;    ; RE   ; 6      ; LAB_INPUT_X19_Y38_N0_I0               ; LAB_INPUT                                   ;
;   3.894  ;   0.000 ; RR ; IC   ; 1      ; FF_X19_Y38_N56                        ; state_array[2][3][27]|clk                   ;
;   4.549  ;   0.655 ; RR ; CELL ; 1      ; FF_X19_Y38_N56                        ; state_array[2][3][27]                       ;
; 10.870   ; 6.321   ;    ;      ;        ;                                       ; data path                                   ;
;   4.549  ;   0.000 ;    ; uTco ; 1      ; FF_X19_Y38_N56                        ; state_array[2][3][27]                       ;
;   4.549  ;   0.000 ; RR ; CELL ; 5      ; FF_X19_Y38_N56                        ; state_array[2][3][27]|q                     ;
;   4.633  ;   0.084 ;    ; RE   ; 2      ; FF_X19_Y38_N56                        ; ARRIAV_FF                                   ;
;   4.767  ;   0.134 ;    ; RE   ; 2      ; LE_BUFFER_X19_Y38_N0_I37              ; LE_BUFFER                                   ;
;   4.944  ;   0.177 ;    ; RE   ; 1      ; R3_X19_Y38_N0_I3                      ; H_SEG3                                      ;
;   5.114  ;   0.170 ;    ; RE   ; 1      ; LOCAL_INTERCONNECT_X19_Y38_N0_I20     ; LAB_LINE                                    ;
;   5.242  ;   0.128 ;    ; RE   ; 1      ; BLOCK_INPUT_MUX_X19_Y38_N0_I19        ; LEIM_INPUT                                  ;
;   5.243  ;   0.001 ; RR ; IC   ; 1      ; LABCELL_X19_Y38_N12                   ; KSU|u_theta|C[2][27]|datab                  ;
;   5.894  ;   0.651 ; RF ; CELL ; 5      ; LABCELL_X19_Y38_N12                   ; KSU|u_theta|C[2][27]|combout                ;
;   5.894  ;   0.000 ;    ; RE   ; 3      ; LABCELL_X19_Y38_N12                   ; ARRIAV_LCELL_COMB                           ;
;   5.987  ;   0.093 ;    ; RE   ; 3      ; LE_BUFFER_X19_Y38_N0_I8               ; LE_BUFFER                                   ;
;   6.266  ;   0.279 ;    ; RE   ; 1      ; C4_X19_Y39_N0_I1                      ; V_SEG4                                      ;
;   6.722  ;   0.456 ;    ; RE   ; 1      ; R6_X20_Y41_N0_I4                      ; H_SEG6                                      ;
;   7.130  ;   0.408 ;    ; RE   ; 1      ; R3_X26_Y41_N0_I11                     ; H_SEG3                                      ;
;   7.369  ;   0.239 ;    ; RE   ; 1      ; LOCAL_INTERCONNECT_X28_Y41_N0_I31     ; LAB_LINE                                    ;
;   7.496  ;   0.127 ;    ; RE   ; 1      ; BLOCK_INPUT_MUX_X28_Y41_N0_I56        ; LEIM_INPUT                                  ;
;   7.497  ;   0.001 ; FF ; IC   ; 1      ; MLABCELL_X28_Y41_N42                  ; KSU|u_theta|D[1][28]|datad                  ;
;   7.940  ;   0.443 ; FR ; CELL ; 7      ; MLABCELL_X28_Y41_N42                  ; KSU|u_theta|D[1][28]|combout                ;
;   7.940  ;   0.000 ;    ; RE   ; 2      ; MLABCELL_X28_Y41_N42                  ; ARRIAV_LCELL_COMB                           ;
;   8.043  ;   0.103 ;    ; RE   ; 2      ; LE_BUFFER_X28_Y41_N0_I28              ; LE_BUFFER                                   ;
;   8.189  ;   0.146 ;    ; RE   ; 2      ; LOCAL_INTERCONNECT_X29_Y41_N0_I14     ; LAB_LINE                                    ;
;   8.366  ;   0.177 ;    ; RE   ; 1      ; BLOCK_INPUT_MUX_X29_Y41_N0_I32        ; LEIM_INPUT                                  ;
;   8.366  ;   0.000 ; RR ; IC   ; 1      ; LABCELL_X29_Y41_N24                   ; KSU|u_theta|state_array_o[1][0][28]|datae   ;
;   8.716  ;   0.350 ; RF ; CELL ; 3      ; LABCELL_X29_Y41_N24                   ; KSU|u_theta|state_array_o[1][0][28]|combout ;
;   8.716  ;   0.000 ;    ; RE   ; 1      ; LABCELL_X29_Y41_N24                   ; ARRIAV_LCELL_COMB                           ;
;   8.827  ;   0.111 ;    ; RE   ; 2      ; LE_BUFFER_X29_Y41_N0_I17              ; LE_BUFFER                                   ;
;   9.051  ;   0.224 ;    ; RE   ; 1      ; C2_X28_Y42_N0_I0                      ; V_SEG2                                      ;
;   9.285  ;   0.234 ;    ; RE   ; 1      ; R3_X29_Y42_N0_I6                      ; H_SEG3                                      ;
;   9.472  ;   0.187 ;    ; RE   ; 1      ; LOCAL_INTERCONNECT_X29_Y42_N0_I13     ; LAB_LINE                                    ;
;   9.617  ;   0.145 ;    ; RE   ; 1      ; BLOCK_INPUT_MUX_X29_Y42_N0_I55        ; LEIM_INPUT                                  ;
;   9.618  ;   0.001 ; FF ; IC   ; 1      ; LABCELL_X29_Y42_N39                   ; state_array~1323|dataf                      ;
;   9.707  ;   0.089 ; FF ; CELL ; 1      ; LABCELL_X29_Y42_N39                   ; state_array~1323|combout                    ;
;   9.707  ;   0.000 ;    ; RE   ; 1      ; LABCELL_X29_Y42_N39                   ; ARRIAV_LCELL_COMB                           ;
;   9.815  ;   0.108 ;    ; RE   ; 1      ; LOCAL_LINE_X29_Y42_N0_I13             ; LOCAL_LINE                                  ;
;   9.974  ;   0.159 ;    ; RE   ; 1      ; BLOCK_INPUT_MUX_X29_Y42_N0_I13        ; LEIM_INPUT                                  ;
;   9.974  ;   0.000 ; FF ; IC   ; 1      ; LABCELL_X29_Y42_N9                    ; state_array~1324|datac                      ;
;   10.563 ;   0.589 ; FF ; CELL ; 1      ; LABCELL_X29_Y42_N9                    ; state_array~1324|combout                    ;
;   10.563 ;   0.000 ;    ; RE   ; 1      ; LABCELL_X29_Y42_N9                    ; ARRIAV_LCELL_COMB                           ;
;   10.563 ;   0.000 ; FF ; IC   ; 1      ; FF_X29_Y42_N11                        ; state_array[3][2][29]|d                     ;
;   10.870 ;   0.307 ; FF ; CELL ; 1      ; FF_X29_Y42_N11                        ; state_array[3][2][29]                       ;
+----------+---------+----+------+--------+---------------------------------------+---------------------------------------------+

+-------------------------------------------------------------------------------------------------------------+
; Data Required Path                                                                                          ;
+----------+---------+----+------+--------+---------------------------------------+---------------------------+
; Total    ; Incr    ; RF ; Type ; Fanout ; Location                              ; Element                   ;
+----------+---------+----+------+--------+---------------------------------------+---------------------------+
; 6.803    ; 6.803   ;    ;      ;        ;                                       ; latch edge time           ;
; 11.171   ; 4.368   ;    ;      ;        ;                                       ; clock path                ;
;   6.803  ;   0.000 ;    ;      ;        ;                                       ; source latency            ;
;   6.803  ;   0.000 ;    ;      ; 1      ; PIN_M16                               ; clk                       ;
;   6.803  ;   0.000 ;    ; RE   ; 1      ; IOPAD_X89_Y35_N60                     ; ARRIAV_IO_PAD             ;
;   6.803  ;   0.000 ;    ; RE   ; 1      ; IO_PAD_OUTPUT_X89_Y35_N60_I1          ; IO_PAD_OUTPUT             ;
;   6.803  ;   0.000 ;    ; RE   ; 1      ; IO_INPUT_BUFFER_INPUT_X89_Y35_N61_I0  ; IO_INPUT_BUFFER_INPUT     ;
;   6.803  ;   0.000 ; RR ; IC   ; 1      ; IOIBUF_X89_Y35_N61                    ; clk~input|i               ;
;   7.542  ;   0.739 ; RR ; CELL ; 1      ; IOIBUF_X89_Y35_N61                    ; clk~input|o               ;
;   7.542  ;   0.000 ;    ; RE   ; 1      ; IOIBUF_X89_Y35_N61                    ; ARRIAV_IO_IBUF            ;
;   7.542  ;   0.000 ;    ; RE   ; 1      ; IO_INPUT_BUFFER_OUTPUT_X89_Y35_N61_I2 ; IO_INPUT_BUFFER_OUTPUT    ;
;   7.542  ;   0.000 ;    ; RE   ; 1      ; IO_RE_X89_Y35_N60_I96                 ; IO_RE                     ;
;   7.630  ;   0.088 ;    ; RE   ; 1      ; IO_RE_X89_Y35_N60_I66                 ; IO_RE                     ;
;   7.905  ;   0.275 ;    ; RE   ; 1      ; CLKBUF_CLUSTER_RE_X89_Y39_N3_I421     ; CLKBUF_CLUSTER_RE         ;
;   7.905  ;   0.000 ;    ; RE   ; 1      ; CLKBUF_CLUSTER_RE_X89_Y39_N3_I756     ; CLKBUF_CLUSTER_RE         ;
;   7.905  ;   0.000 ;    ; RE   ; 1      ; CLKBUF_CLUSTER_RE_X89_Y39_N3_I493     ; CLKBUF_CLUSTER_RE         ;
;   7.905  ;   0.000 ;    ; RE   ; 1      ; GCLK_CLUSTER_RE_X89_Y39_N3_I10        ; GCLK_CLUSTER_RE           ;
;   7.905  ;   0.000 ;    ; RE   ; 1      ; CLKBUFBLOCK_INPUT_X89_Y39_N4_I0       ; CLKBUFBLOCK_INPUT         ;
;   7.905  ;   0.000 ; RR ; IC   ; 1      ; CLKCTRL_G8                            ; clk~inputCLKENA0|inclk    ;
;   8.375  ;   0.470 ; RR ; CELL ; 1674   ; CLKCTRL_G8                            ; clk~inputCLKENA0|outclk   ;
;   8.375  ;   0.000 ;    ; RE   ; 1      ; CLKCTRL_G8                            ; ARRIAV_CLKBUF             ;
;   8.375  ;   0.000 ;    ; RE   ; 1      ; CLKBUFBLOCK_OUTPUT_X89_Y39_N4_I2      ; CLKBUFBLOCK_OUTPUT        ;
;   8.375  ;   0.000 ;    ; RE   ; 1      ; GCLK_CLUSTER_RE_X89_Y39_N3_I12        ; GCLK_CLUSTER_RE           ;
;   8.375  ;   0.000 ;    ; RE   ; 1      ; CLKBUF_CLUSTER_RE_X89_Y39_N3_I415     ; CLKBUF_CLUSTER_RE         ;
;   9.165  ;   0.790 ;    ; RE   ; 5      ; GLOBAL_CLOCK_X0_Y36_N0_I8             ; GLOBAL_CLOCK              ;
;   9.326  ;   0.161 ;    ; RE   ; 20     ; SPINE_CLOCK_X33_Y37_N0_I6             ; SPINE_CLOCK               ;
;   9.747  ;   0.421 ;    ; RE   ; 1      ; SCLK_TO_ROWCLK_BUF_X33_Y42_N0_I37     ; SCLK_TO_ROWCLK_BUF        ;
;   9.838  ;   0.091 ;    ; RE   ; 2      ; SCLK_TO_ROWCLK_BUF_X33_Y42_N0_I40     ; SCLK_TO_ROWCLK_BUF        ;
;   10.303 ;   0.465 ;    ; RE   ; 7      ; LAB_CLK_X25_Y42_N0_I5                 ; LAB_CLK                   ;
;   10.431 ;   0.128 ;    ; RE   ; 1      ; BLK_CLK_BUF_X29_Y42_N0_I5             ; BLK_CLK_BUF               ;
;   10.485 ;   0.054 ;    ; RE   ; 1      ; ROWCLKSEL_PREBUF_X29_Y42_N0_I5        ; ROWCLKSEL_PREBUF          ;
;   10.539 ;   0.054 ;    ; RE   ; 1      ; ROWCLKSEL_X29_Y42_N0_I0               ; ROWCLKSEL                 ;
;   10.539 ;   0.000 ;    ; RE   ; 1      ; GLOBAL_LOCAL_SEL_X29_Y42_N0_I0        ; GLOBAL_LOCAL_SEL          ;
;   10.539 ;   0.000 ;    ; RE   ; 3      ; LAB_INPUT_X29_Y42_N0_I0               ; LAB_INPUT                 ;
;   10.540 ;   0.001 ; RR ; IC   ; 1      ; FF_X29_Y42_N11                        ; state_array[3][2][29]|clk ;
;   11.111 ;   0.571 ; RR ; CELL ; 1      ; FF_X29_Y42_N11                        ; state_array[3][2][29]     ;
;   11.171 ;   0.060 ;    ;      ;        ;                                       ; clock pessimism removed   ;
; 11.071   ; -0.100  ;    ;      ;        ;                                       ; clock uncertainty         ;
; 11.071   ; 0.000   ;    ; uTsu ; 1      ; FF_X29_Y42_N11                        ; state_array[3][2][29]     ;
+----------+---------+----+------+--------+---------------------------------------+---------------------------+

----------------------------
; Extra Fitter Information ;
----------------------------
HTML report is unavailable in plain text report export.


Path #14: Setup slack is 0.204 
===============================================================================
+--------------------------------------------+
; Path Summary                               ;
+--------------------+-----------------------+
; Property           ; Value                 ;
+--------------------+-----------------------+
; From Node          ; state_array[2][4][5]  ;
; To Node            ; state_array[4][1][33] ;
; Launch Clock       ; clk                   ;
; Latch Clock        ; clk                   ;
; Data Arrival Time  ; 10.869                ;
; Data Required Time ; 11.073                ;
; Slack              ; 0.204                 ;
+--------------------+-----------------------+

+-------------------------------------------------------------------------------------+
; Statistics                                                                          ;
+------------------------+--------+-------+-------------+------------+--------+-------+
; Property               ; Value  ; Count ; Total Delay ; % of Total ; Min    ; Max   ;
+------------------------+--------+-------+-------------+------------+--------+-------+
; Setup Relationship     ; 6.803  ;       ;             ;            ;        ;       ;
; Clock Skew             ; -0.166 ;       ;             ;            ;        ;       ;
; Data Delay             ; 6.333  ;       ;             ;            ;        ;       ;
; Number of Logic Levels ;        ; 4     ;             ;            ;        ;       ;
; Physical Delays        ;        ;       ;             ;            ;        ;       ;
;  Arrival Path          ;        ;       ;             ;            ;        ;       ;
;   Clock                ;        ;       ;             ;            ;        ;       ;
;    IC                  ;        ; 3     ; 0.000       ; 0          ; 0.000  ; 0.000 ;
;    Cell                ;        ; 3     ; 1.908       ; 42         ; 0.507  ; 0.739 ;
;    Routing Element     ;        ; 26    ; 2.628       ; 58         ; 0.000  ; 0.833 ;
;   Data                 ;        ;       ;             ;            ;        ;       ;
;    IC                  ;        ; 5     ; 0.000       ; 0          ; -0.001 ; 0.001 ;
;    Cell                ;        ; 6     ; 2.334       ; 37         ; 0.000  ; 0.584 ;
;    uTco                ;        ; 1     ; 0.000       ; 0          ; 0.000  ; 0.000 ;
;    Routing Element     ;        ; 25    ; 3.999       ; 63         ; 0.000  ; 0.374 ;
;  Required Path         ;        ;       ;             ;            ;        ;       ;
;   Clock                ;        ;       ;             ;            ;        ;       ;
;    IC                  ;        ; 3     ; 0.000       ; 0          ; 0.000  ; 0.000 ;
;    Cell                ;        ; 3     ; 1.773       ; 41         ; 0.470  ; 0.739 ;
;    Routing Element     ;        ; 26    ; 2.537       ; 59         ; 0.000  ; 0.790 ;
+------------------------+--------+-------+-------------+------------+--------+-------+
Note: Negative delays are omitted from totals when calculating percentages

+--------------------------------------------------------------------------------------------------------------------+
; Data Arrival Path                                                                                                  ;
+----------+----------+----+------+--------+-------------------------------------------+-----------------------------+
; Total    ; Incr     ; RF ; Type ; Fanout ; Location                                  ; Element                     ;
+----------+----------+----+------+--------+-------------------------------------------+-----------------------------+
; 0.000    ; 0.000    ;    ;      ;        ;                                           ; launch edge time            ;
; 4.536    ; 4.536    ;    ;      ;        ;                                           ; clock path                  ;
;   0.000  ;   0.000  ;    ;      ;        ;                                           ; source latency              ;
;   0.000  ;   0.000  ;    ;      ; 1      ; PIN_M16                                   ; clk                         ;
;   0.000  ;   0.000  ;    ; RE   ; 1      ; IOPAD_X89_Y35_N60                         ; ARRIAV_IO_PAD               ;
;   0.000  ;   0.000  ;    ; RE   ; 1      ; IO_PAD_OUTPUT_X89_Y35_N60_I1              ; IO_PAD_OUTPUT               ;
;   0.000  ;   0.000  ;    ; RE   ; 1      ; IO_INPUT_BUFFER_INPUT_X89_Y35_N61_I0      ; IO_INPUT_BUFFER_INPUT       ;
;   0.000  ;   0.000  ; RR ; IC   ; 1      ; IOIBUF_X89_Y35_N61                        ; clk~input|i                 ;
;   0.739  ;   0.739  ; RR ; CELL ; 1      ; IOIBUF_X89_Y35_N61                        ; clk~input|o                 ;
;   0.739  ;   0.000  ;    ; RE   ; 1      ; IOIBUF_X89_Y35_N61                        ; ARRIAV_IO_IBUF              ;
;   0.739  ;   0.000  ;    ; RE   ; 1      ; IO_INPUT_BUFFER_OUTPUT_X89_Y35_N61_I2     ; IO_INPUT_BUFFER_OUTPUT      ;
;   0.739  ;   0.000  ;    ; RE   ; 1      ; IO_RE_X89_Y35_N60_I96                     ; IO_RE                       ;
;   0.833  ;   0.094  ;    ; RE   ; 1      ; IO_RE_X89_Y35_N60_I66                     ; IO_RE                       ;
;   1.125  ;   0.292  ;    ; RE   ; 1      ; CLKBUF_CLUSTER_RE_X89_Y39_N3_I421         ; CLKBUF_CLUSTER_RE           ;
;   1.125  ;   0.000  ;    ; RE   ; 1      ; CLKBUF_CLUSTER_RE_X89_Y39_N3_I756         ; CLKBUF_CLUSTER_RE           ;
;   1.125  ;   0.000  ;    ; RE   ; 1      ; CLKBUF_CLUSTER_RE_X89_Y39_N3_I493         ; CLKBUF_CLUSTER_RE           ;
;   1.125  ;   0.000  ;    ; RE   ; 1      ; GCLK_CLUSTER_RE_X89_Y39_N3_I10            ; GCLK_CLUSTER_RE             ;
;   1.125  ;   0.000  ;    ; RE   ; 1      ; CLKBUFBLOCK_INPUT_X89_Y39_N4_I0           ; CLKBUFBLOCK_INPUT           ;
;   1.125  ;   0.000  ; RR ; IC   ; 1      ; CLKCTRL_G8                                ; clk~inputCLKENA0|inclk      ;
;   1.632  ;   0.507  ; RR ; CELL ; 1674   ; CLKCTRL_G8                                ; clk~inputCLKENA0|outclk     ;
;   1.632  ;   0.000  ;    ; RE   ; 1      ; CLKCTRL_G8                                ; ARRIAV_CLKBUF               ;
;   1.632  ;   0.000  ;    ; RE   ; 1      ; CLKBUFBLOCK_OUTPUT_X89_Y39_N4_I2          ; CLKBUFBLOCK_OUTPUT          ;
;   1.632  ;   0.000  ;    ; RE   ; 1      ; GCLK_CLUSTER_RE_X89_Y39_N3_I12            ; GCLK_CLUSTER_RE             ;
;   1.632  ;   0.000  ;    ; RE   ; 1      ; CLKBUF_CLUSTER_RE_X89_Y39_N3_I415         ; CLKBUF_CLUSTER_RE           ;
;   2.465  ;   0.833  ;    ; RE   ; 5      ; GLOBAL_CLOCK_X0_Y36_N0_I8                 ; GLOBAL_CLOCK                ;
;   2.624  ;   0.159  ;    ; RE   ; 19     ; SPINE_CLOCK_X15_Y37_N0_I6                 ; SPINE_CLOCK                 ;
;   3.062  ;   0.438  ;    ; RE   ; 1      ; SCLK_TO_ROWCLK_BUF_X15_Y48_N0_I37         ; SCLK_TO_ROWCLK_BUF          ;
;   3.157  ;   0.095  ;    ; RE   ; 2      ; SCLK_TO_ROWCLK_BUF_X15_Y48_N0_I40         ; SCLK_TO_ROWCLK_BUF          ;
;   3.630  ;   0.473  ;    ; RE   ; 7      ; LAB_CLK_X16_Y48_N0_I5                     ; LAB_CLK                     ;
;   3.761  ;   0.131  ;    ; RE   ; 1      ; BLK_CLK_BUF_X17_Y48_N0_I5                 ; BLK_CLK_BUF                 ;
;   3.814  ;   0.053  ;    ; RE   ; 1      ; ROWCLKSEL_PREBUF_X17_Y48_N0_I5            ; ROWCLKSEL_PREBUF            ;
;   3.874  ;   0.060  ;    ; RE   ; 1      ; ROWCLKSEL_X17_Y48_N0_I0                   ; ROWCLKSEL                   ;
;   3.874  ;   0.000  ;    ; RE   ; 1      ; GLOBAL_LOCAL_SEL_X17_Y48_N0_I0            ; GLOBAL_LOCAL_SEL            ;
;   3.874  ;   0.000  ;    ; RE   ; 7      ; LAB_INPUT_X17_Y48_N0_I0                   ; LAB_INPUT                   ;
;   3.874  ;   0.000  ; RR ; IC   ; 1      ; FF_X17_Y48_N53                            ; state_array[2][4][5]|clk    ;
;   4.536  ;   0.662  ; RR ; CELL ; 1      ; FF_X17_Y48_N53                            ; state_array[2][4][5]        ;
; 10.869   ; 6.333    ;    ;      ;        ;                                           ; data path                   ;
;   4.536  ;   0.000  ;    ; uTco ; 1      ; FF_X17_Y48_N53                            ; state_array[2][4][5]        ;
;   4.536  ;   0.000  ; FF ; CELL ; 4      ; FF_X17_Y48_N53                            ; state_array[2][4][5]|q      ;
;   4.596  ;   0.060  ;    ; RE   ; 2      ; FF_X17_Y48_N53                            ; ARRIAV_FF                   ;
;   4.696  ;   0.100  ;    ; RE   ; 2      ; LE_BUFFER_X17_Y48_N0_I35                  ; LE_BUFFER                   ;
;   4.928  ;   0.232  ;    ; RE   ; 1      ; C2_X16_Y46_N0_I21                         ; V_SEG2                      ;
;   5.302  ;   0.374  ;    ; RE   ; 1      ; R6_X17_Y46_N0_I17                         ; H_SEG6                      ;
;   5.569  ;   0.267  ;    ; RE   ; 1      ; LOCAL_INTERCONNECT_X22_Y46_N0_I18         ; LAB_LINE                    ;
;   5.702  ;   0.133  ;    ; RE   ; 1      ; BLOCK_INPUT_MUX_X22_Y46_N0_I28            ; LEIM_INPUT                  ;
;   5.701  ;   -0.001 ; FF ; IC   ; 1      ; LABCELL_X22_Y46_N21                       ; KSU|u_theta|C[2][5]|datad   ;
;   6.285  ;   0.584  ; FF ; CELL ; 5      ; LABCELL_X22_Y46_N21                       ; KSU|u_theta|C[2][5]|combout ;
;   6.285  ;   0.000  ;    ; RE   ; 3      ; LABCELL_X22_Y46_N21                       ; ARRIAV_LCELL_COMB           ;
;   6.381  ;   0.096  ;    ; RE   ; 1      ; LE_BUFFER_X22_Y46_N0_I15                  ; LE_BUFFER                   ;
;   6.551  ;   0.170  ;    ; RE   ; 1      ; LOCAL_INTERCONNECT_X21_Y46_N0_I7          ; LAB_LINE                    ;
;   6.682  ;   0.131  ;    ; RE   ; 1      ; BLOCK_INPUT_MUX_X21_Y46_N0_I62            ; LEIM_INPUT                  ;
;   6.682  ;   0.000  ; FF ; IC   ; 1      ; MLABCELL_X21_Y46_N45                      ; KSU|u_theta|D[3][5]|datae   ;
;   7.036  ;   0.354  ; FF ; CELL ; 9      ; MLABCELL_X21_Y46_N45                      ; KSU|u_theta|D[3][5]|combout ;
;   7.036  ;   0.000  ;    ; RE   ; 2      ; MLABCELL_X21_Y46_N45                      ; ARRIAV_LCELL_COMB           ;
;   7.145  ;   0.109  ;    ; RE   ; 2      ; LE_BUFFER_X21_Y46_N0_I31                  ; LE_BUFFER                   ;
;   7.369  ;   0.224  ;    ; RE   ; 2      ; C2_X20_Y44_N0_I15                         ; V_SEG2                      ;
;   7.621  ;   0.252  ;    ; RE   ; 1      ; C2_X20_Y43_N0_I20                         ; V_SEG2                      ;
;   7.867  ;   0.246  ;    ; RE   ; 1      ; C2_X20_Y41_N0_I20                         ; V_SEG2                      ;
;   8.155  ;   0.288  ;    ; RE   ; 1      ; R3_X21_Y42_N0_I7                          ; H_SEG3                      ;
;   8.155  ;   0.000  ;    ; RE   ; 1      ; R14_C12_INTERCONNECT_DRIVER_X23_Y42_N0_I3 ; WIRE_MUX                    ;
;   8.462  ;   0.307  ;    ; RE   ; 2      ; R14_X24_Y42_N0_I0                         ; H_SEG14                     ;
;   8.749  ;   0.287  ;    ; RE   ; 2      ; R6_X32_Y42_N0_I25                         ; H_SEG6                      ;
;   9.020  ;   0.271  ;    ; RE   ; 1      ; LOCAL_INTERCONNECT_X37_Y42_N0_I40         ; LAB_LINE                    ;
;   9.163  ;   0.143  ;    ; RE   ; 1      ; BLOCK_INPUT_MUX_X37_Y42_N0_I14            ; LEIM_INPUT                  ;
;   9.164  ;   0.001  ; FF ; IC   ; 1      ; LABCELL_X37_Y42_N9                        ; state_array~1495|datad      ;
;   9.677  ;   0.513  ; FR ; CELL ; 1      ; LABCELL_X37_Y42_N9                        ; state_array~1495|combout    ;
;   9.677  ;   0.000  ;    ; RE   ; 1      ; LABCELL_X37_Y42_N9                        ; ARRIAV_LCELL_COMB           ;
;   9.810  ;   0.133  ;    ; RE   ; 1      ; LOCAL_LINE_X37_Y42_N0_I3                  ; LOCAL_LINE                  ;
;   9.986  ;   0.176  ;    ; RE   ; 1      ; BLOCK_INPUT_MUX_X37_Y42_N0_I53            ; LEIM_INPUT                  ;
;   9.986  ;   0.000  ; RR ; IC   ; 1      ; LABCELL_X37_Y42_N36                       ; state_array~1496|datad      ;
;   10.562 ;   0.576  ; RF ; CELL ; 1      ; LABCELL_X37_Y42_N36                       ; state_array~1496|combout    ;
;   10.562 ;   0.000  ;    ; RE   ; 1      ; LABCELL_X37_Y42_N36                       ; ARRIAV_LCELL_COMB           ;
;   10.562 ;   0.000  ; FF ; IC   ; 1      ; FF_X37_Y42_N38                            ; state_array[4][1][33]|d     ;
;   10.869 ;   0.307  ; FF ; CELL ; 1      ; FF_X37_Y42_N38                            ; state_array[4][1][33]       ;
+----------+----------+----+------+--------+-------------------------------------------+-----------------------------+

+-------------------------------------------------------------------------------------------------------------+
; Data Required Path                                                                                          ;
+----------+---------+----+------+--------+---------------------------------------+---------------------------+
; Total    ; Incr    ; RF ; Type ; Fanout ; Location                              ; Element                   ;
+----------+---------+----+------+--------+---------------------------------------+---------------------------+
; 6.803    ; 6.803   ;    ;      ;        ;                                       ; latch edge time           ;
; 11.173   ; 4.370   ;    ;      ;        ;                                       ; clock path                ;
;   6.803  ;   0.000 ;    ;      ;        ;                                       ; source latency            ;
;   6.803  ;   0.000 ;    ;      ; 1      ; PIN_M16                               ; clk                       ;
;   6.803  ;   0.000 ;    ; RE   ; 1      ; IOPAD_X89_Y35_N60                     ; ARRIAV_IO_PAD             ;
;   6.803  ;   0.000 ;    ; RE   ; 1      ; IO_PAD_OUTPUT_X89_Y35_N60_I1          ; IO_PAD_OUTPUT             ;
;   6.803  ;   0.000 ;    ; RE   ; 1      ; IO_INPUT_BUFFER_INPUT_X89_Y35_N61_I0  ; IO_INPUT_BUFFER_INPUT     ;
;   6.803  ;   0.000 ; RR ; IC   ; 1      ; IOIBUF_X89_Y35_N61                    ; clk~input|i               ;
;   7.542  ;   0.739 ; RR ; CELL ; 1      ; IOIBUF_X89_Y35_N61                    ; clk~input|o               ;
;   7.542  ;   0.000 ;    ; RE   ; 1      ; IOIBUF_X89_Y35_N61                    ; ARRIAV_IO_IBUF            ;
;   7.542  ;   0.000 ;    ; RE   ; 1      ; IO_INPUT_BUFFER_OUTPUT_X89_Y35_N61_I2 ; IO_INPUT_BUFFER_OUTPUT    ;
;   7.542  ;   0.000 ;    ; RE   ; 1      ; IO_RE_X89_Y35_N60_I96                 ; IO_RE                     ;
;   7.630  ;   0.088 ;    ; RE   ; 1      ; IO_RE_X89_Y35_N60_I66                 ; IO_RE                     ;
;   7.905  ;   0.275 ;    ; RE   ; 1      ; CLKBUF_CLUSTER_RE_X89_Y39_N3_I421     ; CLKBUF_CLUSTER_RE         ;
;   7.905  ;   0.000 ;    ; RE   ; 1      ; CLKBUF_CLUSTER_RE_X89_Y39_N3_I756     ; CLKBUF_CLUSTER_RE         ;
;   7.905  ;   0.000 ;    ; RE   ; 1      ; CLKBUF_CLUSTER_RE_X89_Y39_N3_I493     ; CLKBUF_CLUSTER_RE         ;
;   7.905  ;   0.000 ;    ; RE   ; 1      ; GCLK_CLUSTER_RE_X89_Y39_N3_I10        ; GCLK_CLUSTER_RE           ;
;   7.905  ;   0.000 ;    ; RE   ; 1      ; CLKBUFBLOCK_INPUT_X89_Y39_N4_I0       ; CLKBUFBLOCK_INPUT         ;
;   7.905  ;   0.000 ; RR ; IC   ; 1      ; CLKCTRL_G8                            ; clk~inputCLKENA0|inclk    ;
;   8.375  ;   0.470 ; RR ; CELL ; 1674   ; CLKCTRL_G8                            ; clk~inputCLKENA0|outclk   ;
;   8.375  ;   0.000 ;    ; RE   ; 1      ; CLKCTRL_G8                            ; ARRIAV_CLKBUF             ;
;   8.375  ;   0.000 ;    ; RE   ; 1      ; CLKBUFBLOCK_OUTPUT_X89_Y39_N4_I2      ; CLKBUFBLOCK_OUTPUT        ;
;   8.375  ;   0.000 ;    ; RE   ; 1      ; GCLK_CLUSTER_RE_X89_Y39_N3_I12        ; GCLK_CLUSTER_RE           ;
;   8.375  ;   0.000 ;    ; RE   ; 1      ; CLKBUF_CLUSTER_RE_X89_Y39_N3_I415     ; CLKBUF_CLUSTER_RE         ;
;   9.165  ;   0.790 ;    ; RE   ; 5      ; GLOBAL_CLOCK_X0_Y36_N0_I8             ; GLOBAL_CLOCK              ;
;   9.326  ;   0.161 ;    ; RE   ; 20     ; SPINE_CLOCK_X33_Y37_N0_I6             ; SPINE_CLOCK               ;
;   9.747  ;   0.421 ;    ; RE   ; 1      ; SCLK_TO_ROWCLK_BUF_X33_Y42_N0_I37     ; SCLK_TO_ROWCLK_BUF        ;
;   9.838  ;   0.091 ;    ; RE   ; 2      ; SCLK_TO_ROWCLK_BUF_X33_Y42_N0_I40     ; SCLK_TO_ROWCLK_BUF        ;
;   10.307 ;   0.469 ;    ; RE   ; 7      ; LAB_CLK_X34_Y42_N0_I5                 ; LAB_CLK                   ;
;   10.440 ;   0.133 ;    ; RE   ; 1      ; BLK_CLK_BUF_X37_Y42_N0_I5             ; BLK_CLK_BUF               ;
;   10.495 ;   0.055 ;    ; RE   ; 1      ; ROWCLKSEL_PREBUF_X37_Y42_N0_I5        ; ROWCLKSEL_PREBUF          ;
;   10.549 ;   0.054 ;    ; RE   ; 1      ; ROWCLKSEL_X37_Y42_N0_I0               ; ROWCLKSEL                 ;
;   10.549 ;   0.000 ;    ; RE   ; 1      ; GLOBAL_LOCAL_SEL_X37_Y42_N0_I0        ; GLOBAL_LOCAL_SEL          ;
;   10.549 ;   0.000 ;    ; RE   ; 5      ; LAB_INPUT_X37_Y42_N0_I0               ; LAB_INPUT                 ;
;   10.549 ;   0.000 ; RR ; IC   ; 1      ; FF_X37_Y42_N38                        ; state_array[4][1][33]|clk ;
;   11.113 ;   0.564 ; RR ; CELL ; 1      ; FF_X37_Y42_N38                        ; state_array[4][1][33]     ;
;   11.173 ;   0.060 ;    ;      ;        ;                                       ; clock pessimism removed   ;
; 11.073   ; -0.100  ;    ;      ;        ;                                       ; clock uncertainty         ;
; 11.073   ; 0.000   ;    ; uTsu ; 1      ; FF_X37_Y42_N38                        ; state_array[4][1][33]     ;
+----------+---------+----+------+--------+---------------------------------------+---------------------------+

----------------------------
; Extra Fitter Information ;
----------------------------
HTML report is unavailable in plain text report export.


Path #15: Setup slack is 0.207 
===============================================================================
+--------------------------------------------+
; Path Summary                               ;
+--------------------+-----------------------+
; Property           ; Value                 ;
+--------------------+-----------------------+
; From Node          ; state_array[4][3][62] ;
; To Node            ; state_array[2][2][16] ;
; Launch Clock       ; clk                   ;
; Latch Clock        ; clk                   ;
; Data Arrival Time  ; 10.885                ;
; Data Required Time ; 11.092                ;
; Slack              ; 0.207                 ;
+--------------------+-----------------------+

+-------------------------------------------------------------------------------------+
; Statistics                                                                          ;
+------------------------+--------+-------+-------------+------------+--------+-------+
; Property               ; Value  ; Count ; Total Delay ; % of Total ; Min    ; Max   ;
+------------------------+--------+-------+-------------+------------+--------+-------+
; Setup Relationship     ; 6.803  ;       ;             ;            ;        ;       ;
; Clock Skew             ; -0.148 ;       ;             ;            ;        ;       ;
; Data Delay             ; 6.348  ;       ;             ;            ;        ;       ;
; Number of Logic Levels ;        ; 4     ;             ;            ;        ;       ;
; Physical Delays        ;        ;       ;             ;            ;        ;       ;
;  Arrival Path          ;        ;       ;             ;            ;        ;       ;
;   Clock                ;        ;       ;             ;            ;        ;       ;
;    IC                  ;        ; 3     ; 0.000       ; 0          ; 0.000  ; 0.000 ;
;    Cell                ;        ; 3     ; 1.908       ; 42         ; 0.507  ; 0.739 ;
;    Routing Element     ;        ; 26    ; 2.629       ; 58         ; 0.000  ; 0.833 ;
;   Data                 ;        ;       ;             ;            ;        ;       ;
;    IC                  ;        ; 5     ; 0.000       ; 0          ; -0.001 ; 0.001 ;
;    Cell                ;        ; 6     ; 1.357       ; 21         ; 0.000  ; 0.599 ;
;    uTco                ;        ; 1     ; 0.000       ; 0          ; 0.000  ; 0.000 ;
;    Routing Element     ;        ; 28    ; 4.991       ; 79         ; 0.000  ; 0.476 ;
;  Required Path         ;        ;       ;             ;            ;        ;       ;
;   Clock                ;        ;       ;             ;            ;        ;       ;
;    IC                  ;        ; 3     ; -0.001      ; 0          ; -0.001 ; 0.000 ;
;    Cell                ;        ; 3     ; 1.773       ; 41         ; 0.470  ; 0.739 ;
;    Routing Element     ;        ; 26    ; 2.512       ; 59         ; 0.000  ; 0.788 ;
+------------------------+--------+-------+-------------+------------+--------+-------+
Note: Negative delays are omitted from totals when calculating percentages

+---------------------------------------------------------------------------------------------------------------------+
; Data Arrival Path                                                                                                   ;
+----------+----------+----+------+--------+-------------------------------------------+------------------------------+
; Total    ; Incr     ; RF ; Type ; Fanout ; Location                                  ; Element                      ;
+----------+----------+----+------+--------+-------------------------------------------+------------------------------+
; 0.000    ; 0.000    ;    ;      ;        ;                                           ; launch edge time             ;
; 4.537    ; 4.537    ;    ;      ;        ;                                           ; clock path                   ;
;   0.000  ;   0.000  ;    ;      ;        ;                                           ; source latency               ;
;   0.000  ;   0.000  ;    ;      ; 1      ; PIN_M16                                   ; clk                          ;
;   0.000  ;   0.000  ;    ; RE   ; 1      ; IOPAD_X89_Y35_N60                         ; ARRIAV_IO_PAD                ;
;   0.000  ;   0.000  ;    ; RE   ; 1      ; IO_PAD_OUTPUT_X89_Y35_N60_I1              ; IO_PAD_OUTPUT                ;
;   0.000  ;   0.000  ;    ; RE   ; 1      ; IO_INPUT_BUFFER_INPUT_X89_Y35_N61_I0      ; IO_INPUT_BUFFER_INPUT        ;
;   0.000  ;   0.000  ; RR ; IC   ; 1      ; IOIBUF_X89_Y35_N61                        ; clk~input|i                  ;
;   0.739  ;   0.739  ; RR ; CELL ; 1      ; IOIBUF_X89_Y35_N61                        ; clk~input|o                  ;
;   0.739  ;   0.000  ;    ; RE   ; 1      ; IOIBUF_X89_Y35_N61                        ; ARRIAV_IO_IBUF               ;
;   0.739  ;   0.000  ;    ; RE   ; 1      ; IO_INPUT_BUFFER_OUTPUT_X89_Y35_N61_I2     ; IO_INPUT_BUFFER_OUTPUT       ;
;   0.739  ;   0.000  ;    ; RE   ; 1      ; IO_RE_X89_Y35_N60_I96                     ; IO_RE                        ;
;   0.833  ;   0.094  ;    ; RE   ; 1      ; IO_RE_X89_Y35_N60_I66                     ; IO_RE                        ;
;   1.125  ;   0.292  ;    ; RE   ; 1      ; CLKBUF_CLUSTER_RE_X89_Y39_N3_I421         ; CLKBUF_CLUSTER_RE            ;
;   1.125  ;   0.000  ;    ; RE   ; 1      ; CLKBUF_CLUSTER_RE_X89_Y39_N3_I756         ; CLKBUF_CLUSTER_RE            ;
;   1.125  ;   0.000  ;    ; RE   ; 1      ; CLKBUF_CLUSTER_RE_X89_Y39_N3_I493         ; CLKBUF_CLUSTER_RE            ;
;   1.125  ;   0.000  ;    ; RE   ; 1      ; GCLK_CLUSTER_RE_X89_Y39_N3_I10            ; GCLK_CLUSTER_RE              ;
;   1.125  ;   0.000  ;    ; RE   ; 1      ; CLKBUFBLOCK_INPUT_X89_Y39_N4_I0           ; CLKBUFBLOCK_INPUT            ;
;   1.125  ;   0.000  ; RR ; IC   ; 1      ; CLKCTRL_G8                                ; clk~inputCLKENA0|inclk       ;
;   1.632  ;   0.507  ; RR ; CELL ; 1674   ; CLKCTRL_G8                                ; clk~inputCLKENA0|outclk      ;
;   1.632  ;   0.000  ;    ; RE   ; 1      ; CLKCTRL_G8                                ; ARRIAV_CLKBUF                ;
;   1.632  ;   0.000  ;    ; RE   ; 1      ; CLKBUFBLOCK_OUTPUT_X89_Y39_N4_I2          ; CLKBUFBLOCK_OUTPUT           ;
;   1.632  ;   0.000  ;    ; RE   ; 1      ; GCLK_CLUSTER_RE_X89_Y39_N3_I12            ; GCLK_CLUSTER_RE              ;
;   1.632  ;   0.000  ;    ; RE   ; 1      ; CLKBUF_CLUSTER_RE_X89_Y39_N3_I415         ; CLKBUF_CLUSTER_RE            ;
;   2.465  ;   0.833  ;    ; RE   ; 5      ; GLOBAL_CLOCK_X0_Y36_N0_I8                 ; GLOBAL_CLOCK                 ;
;   2.625  ;   0.160  ;    ; RE   ; 19     ; SPINE_CLOCK_X15_Y37_N0_I6                 ; SPINE_CLOCK                  ;
;   3.063  ;   0.438  ;    ; RE   ; 1      ; SCLK_TO_ROWCLK_BUF_X15_Y47_N0_I37         ; SCLK_TO_ROWCLK_BUF           ;
;   3.158  ;   0.095  ;    ; RE   ; 2      ; SCLK_TO_ROWCLK_BUF_X15_Y47_N0_I40         ; SCLK_TO_ROWCLK_BUF           ;
;   3.631  ;   0.473  ;    ; RE   ; 8      ; LAB_CLK_X16_Y47_N0_I5                     ; LAB_CLK                      ;
;   3.762  ;   0.131  ;    ; RE   ; 1      ; BLK_CLK_BUF_X17_Y47_N0_I5                 ; BLK_CLK_BUF                  ;
;   3.815  ;   0.053  ;    ; RE   ; 1      ; ROWCLKSEL_PREBUF_X17_Y47_N0_I5            ; ROWCLKSEL_PREBUF             ;
;   3.875  ;   0.060  ;    ; RE   ; 1      ; ROWCLKSEL_X17_Y47_N0_I0                   ; ROWCLKSEL                    ;
;   3.875  ;   0.000  ;    ; RE   ; 1      ; GLOBAL_LOCAL_SEL_X17_Y47_N0_I0            ; GLOBAL_LOCAL_SEL             ;
;   3.875  ;   0.000  ;    ; RE   ; 3      ; LAB_INPUT_X17_Y47_N0_I0                   ; LAB_INPUT                    ;
;   3.875  ;   0.000  ; RR ; IC   ; 1      ; FF_X17_Y47_N23                            ; state_array[4][3][62]|clk    ;
;   4.537  ;   0.662  ; RR ; CELL ; 1      ; FF_X17_Y47_N23                            ; state_array[4][3][62]        ;
; 10.885   ; 6.348    ;    ;      ;        ;                                           ; data path                    ;
;   4.537  ;   0.000  ;    ; uTco ; 1      ; FF_X17_Y47_N23                            ; state_array[4][3][62]        ;
;   4.537  ;   0.000  ; FF ; CELL ; 5      ; FF_X17_Y47_N23                            ; state_array[4][3][62]|q      ;
;   4.597  ;   0.060  ;    ; RE   ; 2      ; FF_X17_Y47_N23                            ; ARRIAV_FF                    ;
;   4.710  ;   0.113  ;    ; RE   ; 3      ; LE_BUFFER_X17_Y47_N0_I15                  ; LE_BUFFER                    ;
;   4.959  ;   0.249  ;    ; RE   ; 1      ; C2_X16_Y48_N0_I8                          ; V_SEG2                       ;
;   5.174  ;   0.215  ;    ; RE   ; 2      ; R3_X14_Y49_N0_I15                         ; H_SEG3                       ;
;   5.380  ;   0.206  ;    ; RE   ; 1      ; LOCAL_INTERCONNECT_X16_Y49_N0_I35         ; LAB_LINE                     ;
;   5.520  ;   0.140  ;    ; RE   ; 1      ; BLOCK_INPUT_MUX_X16_Y49_N0_I61            ; LEIM_INPUT                   ;
;   5.520  ;   0.000  ; FF ; IC   ; 1      ; LABCELL_X16_Y49_N45                       ; KSU|u_theta|C[4][62]|datac   ;
;   6.119  ;   0.599  ; FF ; CELL ; 4      ; LABCELL_X16_Y49_N45                       ; KSU|u_theta|C[4][62]|combout ;
;   6.119  ;   0.000  ;    ; RE   ; 2      ; LABCELL_X16_Y49_N45                       ; ARRIAV_LCELL_COMB            ;
;   6.197  ;   0.078  ;    ; RE   ; 1      ; LE_BUFFER_X16_Y49_N0_I30                  ; LE_BUFFER                    ;
;   6.562  ;   0.365  ;    ; RE   ; 2      ; R6_X17_Y49_N0_I9                          ; H_SEG6                       ;
;   6.859  ;   0.297  ;    ; RE   ; 1      ; LOCAL_INTERCONNECT_X21_Y49_N0_I45         ; LAB_LINE                     ;
;   6.998  ;   0.139  ;    ; RE   ; 1      ; BLOCK_INPUT_MUX_X21_Y49_N0_I9             ; LEIM_INPUT                   ;
;   6.997  ;   -0.001 ; FF ; IC   ; 1      ; MLABCELL_X21_Y49_N6                       ; KSU|u_theta|D[0][62]|dataf   ;
;   7.091  ;   0.094  ; FF ; CELL ; 7      ; MLABCELL_X21_Y49_N6                       ; KSU|u_theta|D[0][62]|combout ;
;   7.091  ;   0.000  ;    ; RE   ; 2      ; MLABCELL_X21_Y49_N6                       ; ARRIAV_LCELL_COMB            ;
;   7.197  ;   0.106  ;    ; RE   ; 2      ; LE_BUFFER_X21_Y49_N0_I5                   ; LE_BUFFER                    ;
;   7.497  ;   0.300  ;    ; RE   ; 1      ; R3_X18_Y49_N0_I15                         ; H_SEG3                       ;
;   7.497  ;   0.000  ;    ; RE   ; 1      ; R14_C12_INTERCONNECT_DRIVER_X18_Y49_N0_I0 ; WIRE_MUX                     ;
;   7.844  ;   0.347  ;    ; RE   ; 1      ; R14_X5_Y49_N0_I1                          ; H_SEG14                      ;
;   7.844  ;   0.000  ;    ; RE   ; 1      ; R14_C12_INTERCONNECT_DRIVER_X10_Y49_N0_I2 ; WIRE_MUX                     ;
;   8.276  ;   0.432  ;    ; RE   ; 3      ; C12_X10_Y37_N0_I1                         ; V_SEG12                      ;
;   8.644  ;   0.368  ;    ; RE   ; 1      ; R3_X11_Y37_N0_I9                          ; H_SEG3                       ;
;   8.851  ;   0.207  ;    ; RE   ; 1      ; LOCAL_INTERCONNECT_X13_Y37_N0_I19         ; LAB_LINE                     ;
;   8.984  ;   0.133  ;    ; RE   ; 1      ; BLOCK_INPUT_MUX_X13_Y37_N0_I56            ; LEIM_INPUT                   ;
;   8.985  ;   0.001  ; FF ; IC   ; 1      ; LABCELL_X13_Y37_N42                       ; state_array~719|datae        ;
;   9.243  ;   0.258  ; FF ; CELL ; 1      ; LABCELL_X13_Y37_N42                       ; state_array~719|combout      ;
;   9.243  ;   0.000  ;    ; RE   ; 1      ; LABCELL_X13_Y37_N42                       ; ARRIAV_LCELL_COMB            ;
;   9.314  ;   0.071  ;    ; RE   ; 1      ; LE_BUFFER_X13_Y37_N0_I28                  ; LE_BUFFER                    ;
;   9.598  ;   0.284  ;    ; RE   ; 1      ; R3_X14_Y37_N0_I8                          ; H_SEG3                       ;
;   10.074 ;   0.476  ;    ; RE   ; 1      ; R6_X17_Y37_N0_I4                          ; H_SEG6                       ;
;   10.355 ;   0.281  ;    ; RE   ; 1      ; LOCAL_INTERCONNECT_X23_Y37_N0_I8          ; LAB_LINE                     ;
;   10.479 ;   0.124  ;    ; RE   ; 1      ; BLOCK_INPUT_MUX_X23_Y37_N0_I73            ; LEIM_INPUT                   ;
;   10.479 ;   0.000  ; FF ; IC   ; 1      ; LABCELL_X23_Y37_N54                       ; state_array~720|dataf        ;
;   10.579 ;   0.100  ; FR ; CELL ; 1      ; LABCELL_X23_Y37_N54                       ; state_array~720|combout      ;
;   10.579 ;   0.000  ;    ; RE   ; 1      ; LABCELL_X23_Y37_N54                       ; ARRIAV_LCELL_COMB            ;
;   10.579 ;   0.000  ; RR ; IC   ; 1      ; FF_X23_Y37_N56                            ; state_array[2][2][16]|d      ;
;   10.885 ;   0.306  ; RR ; CELL ; 1      ; FF_X23_Y37_N56                            ; state_array[2][2][16]        ;
+----------+----------+----+------+--------+-------------------------------------------+------------------------------+

+--------------------------------------------------------------------------------------------------------------+
; Data Required Path                                                                                           ;
+----------+----------+----+------+--------+---------------------------------------+---------------------------+
; Total    ; Incr     ; RF ; Type ; Fanout ; Location                              ; Element                   ;
+----------+----------+----+------+--------+---------------------------------------+---------------------------+
; 6.803    ; 6.803    ;    ;      ;        ;                                       ; latch edge time           ;
; 11.192   ; 4.389    ;    ;      ;        ;                                       ; clock path                ;
;   6.803  ;   0.000  ;    ;      ;        ;                                       ; source latency            ;
;   6.803  ;   0.000  ;    ;      ; 1      ; PIN_M16                               ; clk                       ;
;   6.803  ;   0.000  ;    ; RE   ; 1      ; IOPAD_X89_Y35_N60                     ; ARRIAV_IO_PAD             ;
;   6.803  ;   0.000  ;    ; RE   ; 1      ; IO_PAD_OUTPUT_X89_Y35_N60_I1          ; IO_PAD_OUTPUT             ;
;   6.803  ;   0.000  ;    ; RE   ; 1      ; IO_INPUT_BUFFER_INPUT_X89_Y35_N61_I0  ; IO_INPUT_BUFFER_INPUT     ;
;   6.803  ;   0.000  ; RR ; IC   ; 1      ; IOIBUF_X89_Y35_N61                    ; clk~input|i               ;
;   7.542  ;   0.739  ; RR ; CELL ; 1      ; IOIBUF_X89_Y35_N61                    ; clk~input|o               ;
;   7.542  ;   0.000  ;    ; RE   ; 1      ; IOIBUF_X89_Y35_N61                    ; ARRIAV_IO_IBUF            ;
;   7.542  ;   0.000  ;    ; RE   ; 1      ; IO_INPUT_BUFFER_OUTPUT_X89_Y35_N61_I2 ; IO_INPUT_BUFFER_OUTPUT    ;
;   7.542  ;   0.000  ;    ; RE   ; 1      ; IO_RE_X89_Y35_N60_I96                 ; IO_RE                     ;
;   7.630  ;   0.088  ;    ; RE   ; 1      ; IO_RE_X89_Y35_N60_I66                 ; IO_RE                     ;
;   7.905  ;   0.275  ;    ; RE   ; 1      ; CLKBUF_CLUSTER_RE_X89_Y39_N3_I421     ; CLKBUF_CLUSTER_RE         ;
;   7.905  ;   0.000  ;    ; RE   ; 1      ; CLKBUF_CLUSTER_RE_X89_Y39_N3_I756     ; CLKBUF_CLUSTER_RE         ;
;   7.905  ;   0.000  ;    ; RE   ; 1      ; CLKBUF_CLUSTER_RE_X89_Y39_N3_I493     ; CLKBUF_CLUSTER_RE         ;
;   7.905  ;   0.000  ;    ; RE   ; 1      ; GCLK_CLUSTER_RE_X89_Y39_N3_I10        ; GCLK_CLUSTER_RE           ;
;   7.905  ;   0.000  ;    ; RE   ; 1      ; CLKBUFBLOCK_INPUT_X89_Y39_N4_I0       ; CLKBUFBLOCK_INPUT         ;
;   7.905  ;   0.000  ; RR ; IC   ; 1      ; CLKCTRL_G8                            ; clk~inputCLKENA0|inclk    ;
;   8.375  ;   0.470  ; RR ; CELL ; 1674   ; CLKCTRL_G8                            ; clk~inputCLKENA0|outclk   ;
;   8.375  ;   0.000  ;    ; RE   ; 1      ; CLKCTRL_G8                            ; ARRIAV_CLKBUF             ;
;   8.375  ;   0.000  ;    ; RE   ; 1      ; CLKBUFBLOCK_OUTPUT_X89_Y39_N4_I2      ; CLKBUFBLOCK_OUTPUT        ;
;   8.375  ;   0.000  ;    ; RE   ; 1      ; GCLK_CLUSTER_RE_X89_Y39_N3_I12        ; GCLK_CLUSTER_RE           ;
;   8.375  ;   0.000  ;    ; RE   ; 1      ; CLKBUF_CLUSTER_RE_X89_Y39_N3_I415     ; CLKBUF_CLUSTER_RE         ;
;   9.163  ;   0.788  ;    ; RE   ; 5      ; GLOBAL_CLOCK_X0_Y36_N0_I8             ; GLOBAL_CLOCK              ;
;   9.326  ;   0.163  ;    ; RE   ; 19     ; SPINE_CLOCK_X15_Y37_N0_I6             ; SPINE_CLOCK               ;
;   9.755  ;   0.429  ;    ; RE   ; 1      ; SCLK_TO_ROWCLK_BUF_X15_Y37_N0_I37     ; SCLK_TO_ROWCLK_BUF        ;
;   9.838  ;   0.083  ;    ; RE   ; 1      ; SCLK_TO_ROWCLK_BUF_X15_Y37_N0_I40     ; SCLK_TO_ROWCLK_BUF        ;
;   10.293 ;   0.455  ;    ; RE   ; 7      ; LAB_CLK_X16_Y37_N0_I5                 ; LAB_CLK                   ;
;   10.417 ;   0.124  ;    ; RE   ; 1      ; BLK_CLK_BUF_X23_Y37_N0_I5             ; BLK_CLK_BUF               ;
;   10.470 ;   0.053  ;    ; RE   ; 1      ; ROWCLKSEL_PREBUF_X23_Y37_N0_I5        ; ROWCLKSEL_PREBUF          ;
;   10.524 ;   0.054  ;    ; RE   ; 1      ; ROWCLKSEL_X23_Y37_N0_I0               ; ROWCLKSEL                 ;
;   10.524 ;   0.000  ;    ; RE   ; 1      ; GLOBAL_LOCAL_SEL_X23_Y37_N0_I0        ; GLOBAL_LOCAL_SEL          ;
;   10.524 ;   0.000  ;    ; RE   ; 5      ; LAB_INPUT_X23_Y37_N0_I0               ; LAB_INPUT                 ;
;   10.523 ;   -0.001 ; RR ; IC   ; 1      ; FF_X23_Y37_N56                        ; state_array[2][2][16]|clk ;
;   11.087 ;   0.564  ; RR ; CELL ; 1      ; FF_X23_Y37_N56                        ; state_array[2][2][16]     ;
;   11.192 ;   0.105  ;    ;      ;        ;                                       ; clock pessimism removed   ;
; 11.092   ; -0.100   ;    ;      ;        ;                                       ; clock uncertainty         ;
; 11.092   ; 0.000    ;    ; uTsu ; 1      ; FF_X23_Y37_N56                        ; state_array[2][2][16]     ;
+----------+----------+----+------+--------+---------------------------------------+---------------------------+

----------------------------
; Extra Fitter Information ;
----------------------------
HTML report is unavailable in plain text report export.


Path #16: Setup slack is 0.212 
===============================================================================
+--------------------------------------------+
; Path Summary                               ;
+--------------------+-----------------------+
; Property           ; Value                 ;
+--------------------+-----------------------+
; From Node          ; state_array[2][0][38] ;
; To Node            ; state_array[4][4][41] ;
; Launch Clock       ; clk                   ;
; Latch Clock        ; clk                   ;
; Data Arrival Time  ; 10.823                ;
; Data Required Time ; 11.035                ;
; Slack              ; 0.212                 ;
+--------------------+-----------------------+

+------------------------------------------------------------------------------------+
; Statistics                                                                         ;
+------------------------+--------+-------+-------------+------------+-------+-------+
; Property               ; Value  ; Count ; Total Delay ; % of Total ; Min   ; Max   ;
+------------------------+--------+-------+-------------+------------+-------+-------+
; Setup Relationship     ; 6.803  ;       ;             ;            ;       ;       ;
; Clock Skew             ; -0.215 ;       ;             ;            ;       ;       ;
; Data Delay             ; 6.276  ;       ;             ;            ;       ;       ;
; Number of Logic Levels ;        ; 3     ;             ;            ;       ;       ;
; Physical Delays        ;        ;       ;             ;            ;       ;       ;
;  Arrival Path          ;        ;       ;             ;            ;       ;       ;
;   Clock                ;        ;       ;             ;            ;       ;       ;
;    IC                  ;        ; 3     ; 0.000       ; 0          ; 0.000 ; 0.000 ;
;    Cell                ;        ; 3     ; 1.901       ; 42         ; 0.507 ; 0.739 ;
;    Routing Element     ;        ; 26    ; 2.646       ; 58         ; 0.000 ; 0.835 ;
;   Data                 ;        ;       ;             ;            ;       ;       ;
;    IC                  ;        ; 4     ; 0.000       ; 0          ; 0.000 ; 0.000 ;
;    Cell                ;        ; 5     ; 1.597       ; 25         ; 0.000 ; 0.626 ;
;    uTco                ;        ; 1     ; 0.000       ; 0          ; 0.000 ; 0.000 ;
;    Routing Element     ;        ; 23    ; 4.679       ; 75         ; 0.000 ; 0.409 ;
;  Required Path         ;        ;       ;             ;            ;       ;       ;
;   Clock                ;        ;       ;             ;            ;       ;       ;
;    IC                  ;        ; 3     ; 0.000       ; 0          ; 0.000 ; 0.000 ;
;    Cell                ;        ; 3     ; 1.773       ; 42         ; 0.470 ; 0.739 ;
;    Routing Element     ;        ; 26    ; 2.499       ; 58         ; 0.000 ; 0.788 ;
+------------------------+--------+-------+-------------+------------+-------+-------+
Note: Negative delays are omitted from totals when calculating percentages

+-----------------------------------------------------------------------------------------------------------------------------------+
; Data Arrival Path                                                                                                                 ;
+----------+---------+----+------+--------+-------------------------------------------+---------------------------------------------+
; Total    ; Incr    ; RF ; Type ; Fanout ; Location                                  ; Element                                     ;
+----------+---------+----+------+--------+-------------------------------------------+---------------------------------------------+
; 0.000    ; 0.000   ;    ;      ;        ;                                           ; launch edge time                            ;
; 4.547    ; 4.547   ;    ;      ;        ;                                           ; clock path                                  ;
;   0.000  ;   0.000 ;    ;      ;        ;                                           ; source latency                              ;
;   0.000  ;   0.000 ;    ;      ; 1      ; PIN_M16                                   ; clk                                         ;
;   0.000  ;   0.000 ;    ; RE   ; 1      ; IOPAD_X89_Y35_N60                         ; ARRIAV_IO_PAD                               ;
;   0.000  ;   0.000 ;    ; RE   ; 1      ; IO_PAD_OUTPUT_X89_Y35_N60_I1              ; IO_PAD_OUTPUT                               ;
;   0.000  ;   0.000 ;    ; RE   ; 1      ; IO_INPUT_BUFFER_INPUT_X89_Y35_N61_I0      ; IO_INPUT_BUFFER_INPUT                       ;
;   0.000  ;   0.000 ; RR ; IC   ; 1      ; IOIBUF_X89_Y35_N61                        ; clk~input|i                                 ;
;   0.739  ;   0.739 ; RR ; CELL ; 1      ; IOIBUF_X89_Y35_N61                        ; clk~input|o                                 ;
;   0.739  ;   0.000 ;    ; RE   ; 1      ; IOIBUF_X89_Y35_N61                        ; ARRIAV_IO_IBUF                              ;
;   0.739  ;   0.000 ;    ; RE   ; 1      ; IO_INPUT_BUFFER_OUTPUT_X89_Y35_N61_I2     ; IO_INPUT_BUFFER_OUTPUT                      ;
;   0.739  ;   0.000 ;    ; RE   ; 1      ; IO_RE_X89_Y35_N60_I96                     ; IO_RE                                       ;
;   0.833  ;   0.094 ;    ; RE   ; 1      ; IO_RE_X89_Y35_N60_I66                     ; IO_RE                                       ;
;   1.125  ;   0.292 ;    ; RE   ; 1      ; CLKBUF_CLUSTER_RE_X89_Y39_N3_I421         ; CLKBUF_CLUSTER_RE                           ;
;   1.125  ;   0.000 ;    ; RE   ; 1      ; CLKBUF_CLUSTER_RE_X89_Y39_N3_I756         ; CLKBUF_CLUSTER_RE                           ;
;   1.125  ;   0.000 ;    ; RE   ; 1      ; CLKBUF_CLUSTER_RE_X89_Y39_N3_I493         ; CLKBUF_CLUSTER_RE                           ;
;   1.125  ;   0.000 ;    ; RE   ; 1      ; GCLK_CLUSTER_RE_X89_Y39_N3_I10            ; GCLK_CLUSTER_RE                             ;
;   1.125  ;   0.000 ;    ; RE   ; 1      ; CLKBUFBLOCK_INPUT_X89_Y39_N4_I0           ; CLKBUFBLOCK_INPUT                           ;
;   1.125  ;   0.000 ; RR ; IC   ; 1      ; CLKCTRL_G8                                ; clk~inputCLKENA0|inclk                      ;
;   1.632  ;   0.507 ; RR ; CELL ; 1674   ; CLKCTRL_G8                                ; clk~inputCLKENA0|outclk                     ;
;   1.632  ;   0.000 ;    ; RE   ; 1      ; CLKCTRL_G8                                ; ARRIAV_CLKBUF                               ;
;   1.632  ;   0.000 ;    ; RE   ; 1      ; CLKBUFBLOCK_OUTPUT_X89_Y39_N4_I2          ; CLKBUFBLOCK_OUTPUT                          ;
;   1.632  ;   0.000 ;    ; RE   ; 1      ; GCLK_CLUSTER_RE_X89_Y39_N3_I12            ; GCLK_CLUSTER_RE                             ;
;   1.632  ;   0.000 ;    ; RE   ; 1      ; CLKBUF_CLUSTER_RE_X89_Y39_N3_I415         ; CLKBUF_CLUSTER_RE                           ;
;   2.467  ;   0.835 ;    ; RE   ; 5      ; GLOBAL_CLOCK_X0_Y36_N0_I8                 ; GLOBAL_CLOCK                                ;
;   2.625  ;   0.158 ;    ; RE   ; 20     ; SPINE_CLOCK_X33_Y37_N0_I6                 ; SPINE_CLOCK                                 ;
;   3.063  ;   0.438 ;    ; RE   ; 1      ; SCLK_TO_ROWCLK_BUF_X33_Y54_N0_I37         ; SCLK_TO_ROWCLK_BUF                          ;
;   3.158  ;   0.095 ;    ; RE   ; 2      ; SCLK_TO_ROWCLK_BUF_X33_Y54_N0_I40         ; SCLK_TO_ROWCLK_BUF                          ;
;   3.638  ;   0.480 ;    ; RE   ; 4      ; LAB_CLK_X25_Y54_N0_I5                     ; LAB_CLK                                     ;
;   3.777  ;   0.139 ;    ; RE   ; 1      ; BLK_CLK_BUF_X31_Y54_N0_I5                 ; BLK_CLK_BUF                                 ;
;   3.833  ;   0.056 ;    ; RE   ; 1      ; ROWCLKSEL_PREBUF_X31_Y54_N0_I5            ; ROWCLKSEL_PREBUF                            ;
;   3.892  ;   0.059 ;    ; RE   ; 1      ; ROWCLKSEL_X31_Y54_N0_I0                   ; ROWCLKSEL                                   ;
;   3.892  ;   0.000 ;    ; RE   ; 1      ; GLOBAL_LOCAL_SEL_X31_Y54_N0_I0            ; GLOBAL_LOCAL_SEL                            ;
;   3.892  ;   0.000 ;    ; RE   ; 4      ; LAB_INPUT_X31_Y54_N0_I0                   ; LAB_INPUT                                   ;
;   3.892  ;   0.000 ; RR ; IC   ; 1      ; FF_X31_Y54_N26                            ; state_array[2][0][38]|clk                   ;
;   4.547  ;   0.655 ; RR ; CELL ; 1      ; FF_X31_Y54_N26                            ; state_array[2][0][38]                       ;
; 10.823   ; 6.276   ;    ;      ;        ;                                           ; data path                                   ;
;   4.547  ;   0.000 ;    ; uTco ; 1      ; FF_X31_Y54_N26                            ; state_array[2][0][38]                       ;
;   4.547  ;   0.000 ; FF ; CELL ; 10     ; FF_X31_Y54_N26                            ; state_array[2][0][38]|q                     ;
;   4.606  ;   0.059 ;    ; RE   ; 2      ; FF_X31_Y54_N26                            ; ARRIAV_FF                                   ;
;   4.730  ;   0.124 ;    ; RE   ; 4      ; LE_BUFFER_X31_Y54_N0_I17                  ; LE_BUFFER                                   ;
;   5.082  ;   0.352 ;    ; RE   ; 1      ; C4_X30_Y50_N0_I8                          ; V_SEG4                                      ;
;   5.405  ;   0.323 ;    ; RE   ; 2      ; C4_X30_Y46_N0_I8                          ; V_SEG4                                      ;
;   5.777  ;   0.372 ;    ; RE   ; 1      ; R3_X31_Y49_N0_I5                          ; H_SEG3                                      ;
;   6.049  ;   0.272 ;    ; RE   ; 2      ; LOCAL_INTERCONNECT_X34_Y49_N0_I40         ; LAB_LINE                                    ;
;   6.184  ;   0.135 ;    ; RE   ; 1      ; BLOCK_INPUT_MUX_X34_Y49_N0_I19            ; LEIM_INPUT                                  ;
;   6.184  ;   0.000 ; FF ; IC   ; 1      ; MLABCELL_X34_Y49_N12                      ; KSU|u_theta|C[2][38]|datab                  ;
;   6.810  ;   0.626 ; FF ; CELL ; 2      ; MLABCELL_X34_Y49_N12                      ; KSU|u_theta|C[2][38]|combout                ;
;   6.810  ;   0.000 ;    ; RE   ; 2      ; MLABCELL_X34_Y49_N12                      ; ARRIAV_LCELL_COMB                           ;
;   6.888  ;   0.078 ;    ; RE   ; 1      ; LE_BUFFER_X34_Y49_N0_I8                   ; LE_BUFFER                                   ;
;   7.177  ;   0.289 ;    ; RE   ; 1      ; C4_X34_Y50_N0_I1                          ; V_SEG4                                      ;
;   7.586  ;   0.409 ;    ; RE   ; 1      ; R3_X32_Y52_N0_I16                         ; H_SEG3                                      ;
;   7.586  ;   0.000 ;    ; RE   ; 1      ; R14_C12_INTERCONNECT_DRIVER_X32_Y52_N0_I1 ; WIRE_MUX                                    ;
;   7.940  ;   0.354 ;    ; RE   ; 1      ; R14_X19_Y52_N0_I1                         ; H_SEG14                                     ;
;   8.313  ;   0.373 ;    ; RE   ; 1      ; R6_X13_Y52_N0_I38                         ; H_SEG6                                      ;
;   8.654  ;   0.341 ;    ; RE   ; 1      ; LOCAL_INTERCONNECT_X15_Y52_N0_I15         ; LAB_LINE                                    ;
;   8.811  ;   0.157 ;    ; RE   ; 1      ; BLOCK_INPUT_MUX_X15_Y52_N0_I57            ; LEIM_INPUT                                  ;
;   8.811  ;   0.000 ; FF ; IC   ; 1      ; MLABCELL_X15_Y52_N42                      ; KSU|u_theta|state_array_o[1][4][39]|dataf   ;
;   8.905  ;   0.094 ; FF ; CELL ; 3      ; MLABCELL_X15_Y52_N42                      ; KSU|u_theta|state_array_o[1][4][39]|combout ;
;   8.905  ;   0.000 ;    ; RE   ; 2      ; MLABCELL_X15_Y52_N42                      ; ARRIAV_LCELL_COMB                           ;
;   9.008  ;   0.103 ;    ; RE   ; 1      ; LE_BUFFER_X15_Y52_N0_I29                  ; LE_BUFFER                                   ;
;   9.261  ;   0.253 ;    ; RE   ; 1      ; C2_X14_Y50_N0_I16                         ; V_SEG2                                      ;
;   9.569  ;   0.308 ;    ; RE   ; 1      ; R3_X15_Y50_N0_I7                          ; H_SEG3                                      ;
;   9.809  ;   0.240 ;    ; RE   ; 1      ; LOCAL_INTERCONNECT_X16_Y50_N0_I15         ; LAB_LINE                                    ;
;   9.946  ;   0.137 ;    ; RE   ; 1      ; BLOCK_INPUT_MUX_X16_Y50_N0_I36            ; LEIM_INPUT                                  ;
;   9.946  ;   0.000 ; FF ; IC   ; 1      ; LABCELL_X16_Y50_N24                       ; state_array~1834|datac                      ;
;   10.516 ;   0.570 ; FF ; CELL ; 1      ; LABCELL_X16_Y50_N24                       ; state_array~1834|combout                    ;
;   10.516 ;   0.000 ;    ; RE   ; 1      ; LABCELL_X16_Y50_N24                       ; ARRIAV_LCELL_COMB                           ;
;   10.516 ;   0.000 ; FF ; IC   ; 1      ; FF_X16_Y50_N26                            ; state_array[4][4][41]|d                     ;
;   10.823 ;   0.307 ; FF ; CELL ; 1      ; FF_X16_Y50_N26                            ; state_array[4][4][41]                       ;
+----------+---------+----+------+--------+-------------------------------------------+---------------------------------------------+

+-------------------------------------------------------------------------------------------------------------+
; Data Required Path                                                                                          ;
+----------+---------+----+------+--------+---------------------------------------+---------------------------+
; Total    ; Incr    ; RF ; Type ; Fanout ; Location                              ; Element                   ;
+----------+---------+----+------+--------+---------------------------------------+---------------------------+
; 6.803    ; 6.803   ;    ;      ;        ;                                       ; latch edge time           ;
; 11.135   ; 4.332   ;    ;      ;        ;                                       ; clock path                ;
;   6.803  ;   0.000 ;    ;      ;        ;                                       ; source latency            ;
;   6.803  ;   0.000 ;    ;      ; 1      ; PIN_M16                               ; clk                       ;
;   6.803  ;   0.000 ;    ; RE   ; 1      ; IOPAD_X89_Y35_N60                     ; ARRIAV_IO_PAD             ;
;   6.803  ;   0.000 ;    ; RE   ; 1      ; IO_PAD_OUTPUT_X89_Y35_N60_I1          ; IO_PAD_OUTPUT             ;
;   6.803  ;   0.000 ;    ; RE   ; 1      ; IO_INPUT_BUFFER_INPUT_X89_Y35_N61_I0  ; IO_INPUT_BUFFER_INPUT     ;
;   6.803  ;   0.000 ; RR ; IC   ; 1      ; IOIBUF_X89_Y35_N61                    ; clk~input|i               ;
;   7.542  ;   0.739 ; RR ; CELL ; 1      ; IOIBUF_X89_Y35_N61                    ; clk~input|o               ;
;   7.542  ;   0.000 ;    ; RE   ; 1      ; IOIBUF_X89_Y35_N61                    ; ARRIAV_IO_IBUF            ;
;   7.542  ;   0.000 ;    ; RE   ; 1      ; IO_INPUT_BUFFER_OUTPUT_X89_Y35_N61_I2 ; IO_INPUT_BUFFER_OUTPUT    ;
;   7.542  ;   0.000 ;    ; RE   ; 1      ; IO_RE_X89_Y35_N60_I96                 ; IO_RE                     ;
;   7.630  ;   0.088 ;    ; RE   ; 1      ; IO_RE_X89_Y35_N60_I66                 ; IO_RE                     ;
;   7.905  ;   0.275 ;    ; RE   ; 1      ; CLKBUF_CLUSTER_RE_X89_Y39_N3_I421     ; CLKBUF_CLUSTER_RE         ;
;   7.905  ;   0.000 ;    ; RE   ; 1      ; CLKBUF_CLUSTER_RE_X89_Y39_N3_I756     ; CLKBUF_CLUSTER_RE         ;
;   7.905  ;   0.000 ;    ; RE   ; 1      ; CLKBUF_CLUSTER_RE_X89_Y39_N3_I493     ; CLKBUF_CLUSTER_RE         ;
;   7.905  ;   0.000 ;    ; RE   ; 1      ; GCLK_CLUSTER_RE_X89_Y39_N3_I10        ; GCLK_CLUSTER_RE           ;
;   7.905  ;   0.000 ;    ; RE   ; 1      ; CLKBUFBLOCK_INPUT_X89_Y39_N4_I0       ; CLKBUFBLOCK_INPUT         ;
;   7.905  ;   0.000 ; RR ; IC   ; 1      ; CLKCTRL_G8                            ; clk~inputCLKENA0|inclk    ;
;   8.375  ;   0.470 ; RR ; CELL ; 1674   ; CLKCTRL_G8                            ; clk~inputCLKENA0|outclk   ;
;   8.375  ;   0.000 ;    ; RE   ; 1      ; CLKCTRL_G8                            ; ARRIAV_CLKBUF             ;
;   8.375  ;   0.000 ;    ; RE   ; 1      ; CLKBUFBLOCK_OUTPUT_X89_Y39_N4_I2      ; CLKBUFBLOCK_OUTPUT        ;
;   8.375  ;   0.000 ;    ; RE   ; 1      ; GCLK_CLUSTER_RE_X89_Y39_N3_I12        ; GCLK_CLUSTER_RE           ;
;   8.375  ;   0.000 ;    ; RE   ; 1      ; CLKBUF_CLUSTER_RE_X89_Y39_N3_I415     ; CLKBUF_CLUSTER_RE         ;
;   9.163  ;   0.788 ;    ; RE   ; 5      ; GLOBAL_CLOCK_X0_Y36_N0_I8             ; GLOBAL_CLOCK              ;
;   9.313  ;   0.150 ;    ; RE   ; 19     ; SPINE_CLOCK_X15_Y37_N0_I6             ; SPINE_CLOCK               ;
;   9.736  ;   0.423 ;    ; RE   ; 1      ; SCLK_TO_ROWCLK_BUF_X15_Y50_N0_I37     ; SCLK_TO_ROWCLK_BUF        ;
;   9.828  ;   0.092 ;    ; RE   ; 2      ; SCLK_TO_ROWCLK_BUF_X15_Y50_N0_I40     ; SCLK_TO_ROWCLK_BUF        ;
;   10.284 ;   0.456 ;    ; RE   ; 8      ; LAB_CLK_X16_Y50_N0_I5                 ; LAB_CLK                   ;
;   10.405 ;   0.121 ;    ; RE   ; 1      ; BLK_CLK_BUF_X16_Y50_N0_I5             ; BLK_CLK_BUF               ;
;   10.456 ;   0.051 ;    ; RE   ; 1      ; ROWCLKSEL_PREBUF_X16_Y50_N0_I5        ; ROWCLKSEL_PREBUF          ;
;   10.511 ;   0.055 ;    ; RE   ; 1      ; ROWCLKSEL_X16_Y50_N0_I0               ; ROWCLKSEL                 ;
;   10.511 ;   0.000 ;    ; RE   ; 1      ; GLOBAL_LOCAL_SEL_X16_Y50_N0_I0        ; GLOBAL_LOCAL_SEL          ;
;   10.511 ;   0.000 ;    ; RE   ; 3      ; LAB_INPUT_X16_Y50_N0_I0               ; LAB_INPUT                 ;
;   10.511 ;   0.000 ; RR ; IC   ; 1      ; FF_X16_Y50_N26                        ; state_array[4][4][41]|clk ;
;   11.075 ;   0.564 ; RR ; CELL ; 1      ; FF_X16_Y50_N26                        ; state_array[4][4][41]     ;
;   11.135 ;   0.060 ;    ;      ;        ;                                       ; clock pessimism removed   ;
; 11.035   ; -0.100  ;    ;      ;        ;                                       ; clock uncertainty         ;
; 11.035   ; 0.000   ;    ; uTsu ; 1      ; FF_X16_Y50_N26                        ; state_array[4][4][41]     ;
+----------+---------+----+------+--------+---------------------------------------+---------------------------+

----------------------------
; Extra Fitter Information ;
----------------------------
HTML report is unavailable in plain text report export.


Path #17: Setup slack is 0.217 
===============================================================================
+--------------------------------------------+
; Path Summary                               ;
+--------------------+-----------------------+
; Property           ; Value                 ;
+--------------------+-----------------------+
; From Node          ; state_array[2][1][36] ;
; To Node            ; state_array[2][1][18] ;
; Launch Clock       ; clk                   ;
; Latch Clock        ; clk                   ;
; Data Arrival Time  ; 10.842                ;
; Data Required Time ; 11.059                ;
; Slack              ; 0.217                 ;
+--------------------+-----------------------+

+------------------------------------------------------------------------------------+
; Statistics                                                                         ;
+------------------------+--------+-------+-------------+------------+-------+-------+
; Property               ; Value  ; Count ; Total Delay ; % of Total ; Min   ; Max   ;
+------------------------+--------+-------+-------------+------------+-------+-------+
; Setup Relationship     ; 6.803  ;       ;             ;            ;       ;       ;
; Clock Skew             ; -0.210 ;       ;             ;            ;       ;       ;
; Data Delay             ; 6.276  ;       ;             ;            ;       ;       ;
; Number of Logic Levels ;        ; 4     ;             ;            ;       ;       ;
; Physical Delays        ;        ;       ;             ;            ;       ;       ;
;  Arrival Path          ;        ;       ;             ;            ;       ;       ;
;   Clock                ;        ;       ;             ;            ;       ;       ;
;    IC                  ;        ; 3     ; 0.000       ; 0          ; 0.000 ; 0.000 ;
;    Cell                ;        ; 3     ; 1.901       ; 42         ; 0.507 ; 0.739 ;
;    Routing Element     ;        ; 26    ; 2.665       ; 58         ; 0.000 ; 0.835 ;
;   Data                 ;        ;       ;             ;            ;       ;       ;
;    IC                  ;        ; 5     ; 0.001       ; 0          ; 0.000 ; 0.001 ;
;    Cell                ;        ; 6     ; 1.495       ; 24         ; 0.000 ; 0.648 ;
;    uTco                ;        ; 1     ; 0.000       ; 0          ; 0.000 ; 0.000 ;
;    Routing Element     ;        ; 25    ; 4.780       ; 76         ; 0.000 ; 0.465 ;
;  Required Path         ;        ;       ;             ;            ;       ;       ;
;   Clock                ;        ;       ;             ;            ;       ;       ;
;    IC                  ;        ; 3     ; 0.000       ; 0          ; 0.000 ; 0.000 ;
;    Cell                ;        ; 3     ; 1.773       ; 41         ; 0.470 ; 0.739 ;
;    Routing Element     ;        ; 26    ; 2.523       ; 59         ; 0.000 ; 0.788 ;
+------------------------+--------+-------+-------------+------------+-------+-------+
Note: Negative delays are omitted from totals when calculating percentages

+-------------------------------------------------------------------------------------------------------------------------------+
; Data Arrival Path                                                                                                             ;
+----------+---------+----+------+--------+---------------------------------------+---------------------------------------------+
; Total    ; Incr    ; RF ; Type ; Fanout ; Location                              ; Element                                     ;
+----------+---------+----+------+--------+---------------------------------------+---------------------------------------------+
; 0.000    ; 0.000   ;    ;      ;        ;                                       ; launch edge time                            ;
; 4.566    ; 4.566   ;    ;      ;        ;                                       ; clock path                                  ;
;   0.000  ;   0.000 ;    ;      ;        ;                                       ; source latency                              ;
;   0.000  ;   0.000 ;    ;      ; 1      ; PIN_M16                               ; clk                                         ;
;   0.000  ;   0.000 ;    ; RE   ; 1      ; IOPAD_X89_Y35_N60                     ; ARRIAV_IO_PAD                               ;
;   0.000  ;   0.000 ;    ; RE   ; 1      ; IO_PAD_OUTPUT_X89_Y35_N60_I1          ; IO_PAD_OUTPUT                               ;
;   0.000  ;   0.000 ;    ; RE   ; 1      ; IO_INPUT_BUFFER_INPUT_X89_Y35_N61_I0  ; IO_INPUT_BUFFER_INPUT                       ;
;   0.000  ;   0.000 ; RR ; IC   ; 1      ; IOIBUF_X89_Y35_N61                    ; clk~input|i                                 ;
;   0.739  ;   0.739 ; RR ; CELL ; 1      ; IOIBUF_X89_Y35_N61                    ; clk~input|o                                 ;
;   0.739  ;   0.000 ;    ; RE   ; 1      ; IOIBUF_X89_Y35_N61                    ; ARRIAV_IO_IBUF                              ;
;   0.739  ;   0.000 ;    ; RE   ; 1      ; IO_INPUT_BUFFER_OUTPUT_X89_Y35_N61_I2 ; IO_INPUT_BUFFER_OUTPUT                      ;
;   0.739  ;   0.000 ;    ; RE   ; 1      ; IO_RE_X89_Y35_N60_I96                 ; IO_RE                                       ;
;   0.833  ;   0.094 ;    ; RE   ; 1      ; IO_RE_X89_Y35_N60_I66                 ; IO_RE                                       ;
;   1.125  ;   0.292 ;    ; RE   ; 1      ; CLKBUF_CLUSTER_RE_X89_Y39_N3_I421     ; CLKBUF_CLUSTER_RE                           ;
;   1.125  ;   0.000 ;    ; RE   ; 1      ; CLKBUF_CLUSTER_RE_X89_Y39_N3_I756     ; CLKBUF_CLUSTER_RE                           ;
;   1.125  ;   0.000 ;    ; RE   ; 1      ; CLKBUF_CLUSTER_RE_X89_Y39_N3_I493     ; CLKBUF_CLUSTER_RE                           ;
;   1.125  ;   0.000 ;    ; RE   ; 1      ; GCLK_CLUSTER_RE_X89_Y39_N3_I10        ; GCLK_CLUSTER_RE                             ;
;   1.125  ;   0.000 ;    ; RE   ; 1      ; CLKBUFBLOCK_INPUT_X89_Y39_N4_I0       ; CLKBUFBLOCK_INPUT                           ;
;   1.125  ;   0.000 ; RR ; IC   ; 1      ; CLKCTRL_G8                            ; clk~inputCLKENA0|inclk                      ;
;   1.632  ;   0.507 ; RR ; CELL ; 1674   ; CLKCTRL_G8                            ; clk~inputCLKENA0|outclk                     ;
;   1.632  ;   0.000 ;    ; RE   ; 1      ; CLKCTRL_G8                            ; ARRIAV_CLKBUF                               ;
;   1.632  ;   0.000 ;    ; RE   ; 1      ; CLKBUFBLOCK_OUTPUT_X89_Y39_N4_I2      ; CLKBUFBLOCK_OUTPUT                          ;
;   1.632  ;   0.000 ;    ; RE   ; 1      ; GCLK_CLUSTER_RE_X89_Y39_N3_I12        ; GCLK_CLUSTER_RE                             ;
;   1.632  ;   0.000 ;    ; RE   ; 1      ; CLKBUF_CLUSTER_RE_X89_Y39_N3_I415     ; CLKBUF_CLUSTER_RE                           ;
;   2.467  ;   0.835 ;    ; RE   ; 5      ; GLOBAL_CLOCK_X0_Y36_N0_I8             ; GLOBAL_CLOCK                                ;
;   2.636  ;   0.169 ;    ; RE   ; 20     ; SPINE_CLOCK_X33_Y37_N0_I6             ; SPINE_CLOCK                                 ;
;   3.080  ;   0.444 ;    ; RE   ; 1      ; SCLK_TO_ROWCLK_BUF_X33_Y39_N0_I37     ; SCLK_TO_ROWCLK_BUF                          ;
;   3.176  ;   0.096 ;    ; RE   ; 2      ; SCLK_TO_ROWCLK_BUF_X33_Y39_N0_I40     ; SCLK_TO_ROWCLK_BUF                          ;
;   3.657  ;   0.481 ;    ; RE   ; 6      ; LAB_CLK_X25_Y39_N0_I5                 ; LAB_CLK                                     ;
;   3.796  ;   0.139 ;    ; RE   ; 1      ; BLK_CLK_BUF_X30_Y39_N0_I5             ; BLK_CLK_BUF                                 ;
;   3.852  ;   0.056 ;    ; RE   ; 1      ; ROWCLKSEL_PREBUF_X30_Y39_N0_I5        ; ROWCLKSEL_PREBUF                            ;
;   3.911  ;   0.059 ;    ; RE   ; 1      ; ROWCLKSEL_X30_Y39_N0_I0               ; ROWCLKSEL                                   ;
;   3.911  ;   0.000 ;    ; RE   ; 1      ; GLOBAL_LOCAL_SEL_X30_Y39_N0_I0        ; GLOBAL_LOCAL_SEL                            ;
;   3.911  ;   0.000 ;    ; RE   ; 6      ; LAB_INPUT_X30_Y39_N0_I0               ; LAB_INPUT                                   ;
;   3.911  ;   0.000 ; RR ; IC   ; 1      ; FF_X30_Y39_N44                        ; state_array[2][1][36]|clk                   ;
;   4.566  ;   0.655 ; RR ; CELL ; 1      ; FF_X30_Y39_N44                        ; state_array[2][1][36]                       ;
; 10.842   ; 6.276   ;    ;      ;        ;                                       ; data path                                   ;
;   4.566  ;   0.000 ;    ; uTco ; 1      ; FF_X30_Y39_N44                        ; state_array[2][1][36]                       ;
;   4.566  ;   0.000 ; RR ; CELL ; 5      ; FF_X30_Y39_N44                        ; state_array[2][1][36]|q                     ;
;   4.650  ;   0.084 ;    ; RE   ; 2      ; FF_X30_Y39_N44                        ; ARRIAV_FF                                   ;
;   4.769  ;   0.119 ;    ; RE   ; 2      ; LOCAL_LINE_X30_Y39_N0_I14             ; LOCAL_LINE                                  ;
;   4.906  ;   0.137 ;    ; RE   ; 1      ; BLOCK_INPUT_MUX_X30_Y39_N0_I51        ; LEIM_INPUT                                  ;
;   4.906  ;   0.000 ; RR ; IC   ; 1      ; LABCELL_X30_Y39_N36                   ; KSU|u_theta|C[2][36]|datab                  ;
;   5.554  ;   0.648 ; RF ; CELL ; 3      ; LABCELL_X30_Y39_N36                   ; KSU|u_theta|C[2][36]|combout                ;
;   5.554  ;   0.000 ;    ; RE   ; 2      ; LABCELL_X30_Y39_N36                   ; ARRIAV_LCELL_COMB                           ;
;   5.640  ;   0.086 ;    ; RE   ; 2      ; LE_BUFFER_X30_Y39_N0_I24              ; LE_BUFFER                                   ;
;   5.953  ;   0.313 ;    ; RE   ; 1      ; C4_X30_Y40_N0_I0                      ; V_SEG4                                      ;
;   6.353  ;   0.400 ;    ; RE   ; 1      ; C4_X30_Y44_N0_I0                      ; V_SEG4                                      ;
;   6.655  ;   0.302 ;    ; RE   ; 1      ; R3_X28_Y47_N0_I23                     ; H_SEG3                                      ;
;   6.852  ;   0.197 ;    ; RE   ; 1      ; LOCAL_INTERCONNECT_X30_Y47_N0_I31     ; LAB_LINE                                    ;
;   6.980  ;   0.128 ;    ; RE   ; 1      ; BLOCK_INPUT_MUX_X30_Y47_N0_I14        ; LEIM_INPUT                                  ;
;   6.980  ;   0.000 ; FF ; IC   ; 1      ; LABCELL_X30_Y47_N9                    ; KSU|u_theta|D[1][37]|datae                  ;
;   7.334  ;   0.354 ; FF ; CELL ; 7      ; LABCELL_X30_Y47_N9                    ; KSU|u_theta|D[1][37]|combout                ;
;   7.334  ;   0.000 ;    ; RE   ; 2      ; LABCELL_X30_Y47_N9                    ; ARRIAV_LCELL_COMB                           ;
;   7.462  ;   0.128 ;    ; RE   ; 4      ; LE_BUFFER_X30_Y47_N0_I7               ; LE_BUFFER                                   ;
;   7.686  ;   0.224 ;    ; RE   ; 1      ; R3_X27_Y47_N0_I14                     ; H_SEG3                                      ;
;   7.987  ;   0.301 ;    ; RE   ; 1      ; C4_X26_Y43_N0_I5                      ; V_SEG4                                      ;
;   8.361  ;   0.374 ;    ; RE   ; 1      ; C4_X26_Y39_N0_I5                      ; V_SEG4                                      ;
;   8.826  ;   0.465 ;    ; RE   ; 2      ; R6_X21_Y40_N0_I39                     ; H_SEG6                                      ;
;   9.110  ;   0.284 ;    ; RE   ; 1      ; LOCAL_INTERCONNECT_X23_Y40_N0_I30     ; LAB_LINE                                    ;
;   9.250  ;   0.140 ;    ; RE   ; 1      ; BLOCK_INPUT_MUX_X23_Y40_N0_I39        ; LEIM_INPUT                                  ;
;   9.251  ;   0.001 ; FF ; IC   ; 1      ; LABCELL_X23_Y40_N27                   ; KSU|u_theta|state_array_o[1][3][37]|dataf   ;
;   9.338  ;   0.087 ; FF ; CELL ; 3      ; LABCELL_X23_Y40_N27                   ; KSU|u_theta|state_array_o[1][3][37]|combout ;
;   9.338  ;   0.000 ;    ; RE   ; 1      ; LABCELL_X23_Y40_N27                   ; ARRIAV_LCELL_COMB                           ;
;   9.420  ;   0.082 ;    ; RE   ; 2      ; LE_BUFFER_X23_Y40_N0_I18              ; LE_BUFFER                                   ;
;   9.675  ;   0.255 ;    ; RE   ; 1      ; C4_X23_Y36_N0_I7                      ; V_SEG4                                      ;
;   10.041 ;   0.366 ;    ; RE   ; 1      ; R6_X18_Y38_N0_I37                     ; H_SEG6                                      ;
;   10.299 ;   0.258 ;    ; RE   ; 1      ; LOCAL_INTERCONNECT_X22_Y38_N0_I13     ; LAB_LINE                                    ;
;   10.436 ;   0.137 ;    ; RE   ; 1      ; BLOCK_INPUT_MUX_X22_Y38_N0_I25        ; LEIM_INPUT                                  ;
;   10.436 ;   0.000 ; FF ; IC   ; 1      ; LABCELL_X22_Y38_N18                   ; state_array~830|dataf                       ;
;   10.536 ;   0.100 ; FR ; CELL ; 1      ; LABCELL_X22_Y38_N18                   ; state_array~830|combout                     ;
;   10.536 ;   0.000 ;    ; RE   ; 1      ; LABCELL_X22_Y38_N18                   ; ARRIAV_LCELL_COMB                           ;
;   10.536 ;   0.000 ; RR ; IC   ; 1      ; FF_X22_Y38_N20                        ; state_array[2][1][18]|d                     ;
;   10.842 ;   0.306 ; RR ; CELL ; 1      ; FF_X22_Y38_N20                        ; state_array[2][1][18]                       ;
+----------+---------+----+------+--------+---------------------------------------+---------------------------------------------+

+-------------------------------------------------------------------------------------------------------------+
; Data Required Path                                                                                          ;
+----------+---------+----+------+--------+---------------------------------------+---------------------------+
; Total    ; Incr    ; RF ; Type ; Fanout ; Location                              ; Element                   ;
+----------+---------+----+------+--------+---------------------------------------+---------------------------+
; 6.803    ; 6.803   ;    ;      ;        ;                                       ; latch edge time           ;
; 11.159   ; 4.356   ;    ;      ;        ;                                       ; clock path                ;
;   6.803  ;   0.000 ;    ;      ;        ;                                       ; source latency            ;
;   6.803  ;   0.000 ;    ;      ; 1      ; PIN_M16                               ; clk                       ;
;   6.803  ;   0.000 ;    ; RE   ; 1      ; IOPAD_X89_Y35_N60                     ; ARRIAV_IO_PAD             ;
;   6.803  ;   0.000 ;    ; RE   ; 1      ; IO_PAD_OUTPUT_X89_Y35_N60_I1          ; IO_PAD_OUTPUT             ;
;   6.803  ;   0.000 ;    ; RE   ; 1      ; IO_INPUT_BUFFER_INPUT_X89_Y35_N61_I0  ; IO_INPUT_BUFFER_INPUT     ;
;   6.803  ;   0.000 ; RR ; IC   ; 1      ; IOIBUF_X89_Y35_N61                    ; clk~input|i               ;
;   7.542  ;   0.739 ; RR ; CELL ; 1      ; IOIBUF_X89_Y35_N61                    ; clk~input|o               ;
;   7.542  ;   0.000 ;    ; RE   ; 1      ; IOIBUF_X89_Y35_N61                    ; ARRIAV_IO_IBUF            ;
;   7.542  ;   0.000 ;    ; RE   ; 1      ; IO_INPUT_BUFFER_OUTPUT_X89_Y35_N61_I2 ; IO_INPUT_BUFFER_OUTPUT    ;
;   7.542  ;   0.000 ;    ; RE   ; 1      ; IO_RE_X89_Y35_N60_I96                 ; IO_RE                     ;
;   7.630  ;   0.088 ;    ; RE   ; 1      ; IO_RE_X89_Y35_N60_I66                 ; IO_RE                     ;
;   7.905  ;   0.275 ;    ; RE   ; 1      ; CLKBUF_CLUSTER_RE_X89_Y39_N3_I421     ; CLKBUF_CLUSTER_RE         ;
;   7.905  ;   0.000 ;    ; RE   ; 1      ; CLKBUF_CLUSTER_RE_X89_Y39_N3_I756     ; CLKBUF_CLUSTER_RE         ;
;   7.905  ;   0.000 ;    ; RE   ; 1      ; CLKBUF_CLUSTER_RE_X89_Y39_N3_I493     ; CLKBUF_CLUSTER_RE         ;
;   7.905  ;   0.000 ;    ; RE   ; 1      ; GCLK_CLUSTER_RE_X89_Y39_N3_I10        ; GCLK_CLUSTER_RE           ;
;   7.905  ;   0.000 ;    ; RE   ; 1      ; CLKBUFBLOCK_INPUT_X89_Y39_N4_I0       ; CLKBUFBLOCK_INPUT         ;
;   7.905  ;   0.000 ; RR ; IC   ; 1      ; CLKCTRL_G8                            ; clk~inputCLKENA0|inclk    ;
;   8.375  ;   0.470 ; RR ; CELL ; 1674   ; CLKCTRL_G8                            ; clk~inputCLKENA0|outclk   ;
;   8.375  ;   0.000 ;    ; RE   ; 1      ; CLKCTRL_G8                            ; ARRIAV_CLKBUF             ;
;   8.375  ;   0.000 ;    ; RE   ; 1      ; CLKBUFBLOCK_OUTPUT_X89_Y39_N4_I2      ; CLKBUFBLOCK_OUTPUT        ;
;   8.375  ;   0.000 ;    ; RE   ; 1      ; GCLK_CLUSTER_RE_X89_Y39_N3_I12        ; GCLK_CLUSTER_RE           ;
;   8.375  ;   0.000 ;    ; RE   ; 1      ; CLKBUF_CLUSTER_RE_X89_Y39_N3_I415     ; CLKBUF_CLUSTER_RE         ;
;   9.163  ;   0.788 ;    ; RE   ; 5      ; GLOBAL_CLOCK_X0_Y36_N0_I8             ; GLOBAL_CLOCK              ;
;   9.326  ;   0.163 ;    ; RE   ; 19     ; SPINE_CLOCK_X15_Y37_N0_I6             ; SPINE_CLOCK               ;
;   9.755  ;   0.429 ;    ; RE   ; 1      ; SCLK_TO_ROWCLK_BUF_X15_Y38_N0_I37     ; SCLK_TO_ROWCLK_BUF        ;
;   9.847  ;   0.092 ;    ; RE   ; 2      ; SCLK_TO_ROWCLK_BUF_X15_Y38_N0_I40     ; SCLK_TO_ROWCLK_BUF        ;
;   10.308 ;   0.461 ;    ; RE   ; 8      ; LAB_CLK_X16_Y38_N0_I5                 ; LAB_CLK                   ;
;   10.429 ;   0.121 ;    ; RE   ; 1      ; BLK_CLK_BUF_X22_Y38_N0_I5             ; BLK_CLK_BUF               ;
;   10.480 ;   0.051 ;    ; RE   ; 1      ; ROWCLKSEL_PREBUF_X22_Y38_N0_I5        ; ROWCLKSEL_PREBUF          ;
;   10.535 ;   0.055 ;    ; RE   ; 1      ; ROWCLKSEL_X22_Y38_N0_I0               ; ROWCLKSEL                 ;
;   10.535 ;   0.000 ;    ; RE   ; 1      ; GLOBAL_LOCAL_SEL_X22_Y38_N0_I0        ; GLOBAL_LOCAL_SEL          ;
;   10.535 ;   0.000 ;    ; RE   ; 6      ; LAB_INPUT_X22_Y38_N0_I0               ; LAB_INPUT                 ;
;   10.535 ;   0.000 ; RR ; IC   ; 1      ; FF_X22_Y38_N20                        ; state_array[2][1][18]|clk ;
;   11.099 ;   0.564 ; RR ; CELL ; 1      ; FF_X22_Y38_N20                        ; state_array[2][1][18]     ;
;   11.159 ;   0.060 ;    ;      ;        ;                                       ; clock pessimism removed   ;
; 11.059   ; -0.100  ;    ;      ;        ;                                       ; clock uncertainty         ;
; 11.059   ; 0.000   ;    ; uTsu ; 1      ; FF_X22_Y38_N20                        ; state_array[2][1][18]     ;
+----------+---------+----+------+--------+---------------------------------------+---------------------------+

----------------------------
; Extra Fitter Information ;
----------------------------
HTML report is unavailable in plain text report export.


Path #18: Setup slack is 0.220 
===============================================================================
+--------------------------------------------+
; Path Summary                               ;
+--------------------+-----------------------+
; Property           ; Value                 ;
+--------------------+-----------------------+
; From Node          ; state_array[3][0][22] ;
; To Node            ; state_array[3][3][49] ;
; Launch Clock       ; clk                   ;
; Latch Clock        ; clk                   ;
; Data Arrival Time  ; 10.837                ;
; Data Required Time ; 11.057                ;
; Slack              ; 0.220                 ;
+--------------------+-----------------------+

+-------------------------------------------------------------------------------------+
; Statistics                                                                          ;
+------------------------+--------+-------+-------------+------------+--------+-------+
; Property               ; Value  ; Count ; Total Delay ; % of Total ; Min    ; Max   ;
+------------------------+--------+-------+-------------+------------+--------+-------+
; Setup Relationship     ; 6.803  ;       ;             ;            ;        ;       ;
; Clock Skew             ; -0.200 ;       ;             ;            ;        ;       ;
; Data Delay             ; 6.283  ;       ;             ;            ;        ;       ;
; Number of Logic Levels ;        ; 5     ;             ;            ;        ;       ;
; Physical Delays        ;        ;       ;             ;            ;        ;       ;
;  Arrival Path          ;        ;       ;             ;            ;        ;       ;
;   Clock                ;        ;       ;             ;            ;        ;       ;
;    IC                  ;        ; 3     ; 0.000       ; 0          ; 0.000  ; 0.000 ;
;    Cell                ;        ; 3     ; 1.908       ; 42         ; 0.507  ; 0.739 ;
;    Routing Element     ;        ; 26    ; 2.646       ; 58         ; 0.000  ; 0.833 ;
;   Data                 ;        ;       ;             ;            ;        ;       ;
;    IC                  ;        ; 6     ; 0.000       ; 0          ; -0.001 ; 0.001 ;
;    Cell                ;        ; 7     ; 1.322       ; 21         ; 0.000  ; 0.632 ;
;    uTco                ;        ; 1     ; 0.000       ; 0          ; 0.000  ; 0.000 ;
;    Routing Element     ;        ; 29    ; 4.961       ; 79         ; 0.000  ; 0.401 ;
;  Required Path         ;        ;       ;             ;            ;        ;       ;
;   Clock                ;        ;       ;             ;            ;        ;       ;
;    IC                  ;        ; 3     ; 0.000       ; 0          ; 0.000  ; 0.000 ;
;    Cell                ;        ; 3     ; 1.773       ; 41         ; 0.470  ; 0.739 ;
;    Routing Element     ;        ; 26    ; 2.521       ; 59         ; 0.000  ; 0.790 ;
+------------------------+--------+-------+-------------+------------+--------+-------+
Note: Negative delays are omitted from totals when calculating percentages

+------------------------------------------------------------------------------------------------------------------------------------+
; Data Arrival Path                                                                                                                  ;
+----------+----------+----+------+--------+-------------------------------------------+---------------------------------------------+
; Total    ; Incr     ; RF ; Type ; Fanout ; Location                                  ; Element                                     ;
+----------+----------+----+------+--------+-------------------------------------------+---------------------------------------------+
; 0.000    ; 0.000    ;    ;      ;        ;                                           ; launch edge time                            ;
; 4.554    ; 4.554    ;    ;      ;        ;                                           ; clock path                                  ;
;   0.000  ;   0.000  ;    ;      ;        ;                                           ; source latency                              ;
;   0.000  ;   0.000  ;    ;      ; 1      ; PIN_M16                                   ; clk                                         ;
;   0.000  ;   0.000  ;    ; RE   ; 1      ; IOPAD_X89_Y35_N60                         ; ARRIAV_IO_PAD                               ;
;   0.000  ;   0.000  ;    ; RE   ; 1      ; IO_PAD_OUTPUT_X89_Y35_N60_I1              ; IO_PAD_OUTPUT                               ;
;   0.000  ;   0.000  ;    ; RE   ; 1      ; IO_INPUT_BUFFER_INPUT_X89_Y35_N61_I0      ; IO_INPUT_BUFFER_INPUT                       ;
;   0.000  ;   0.000  ; RR ; IC   ; 1      ; IOIBUF_X89_Y35_N61                        ; clk~input|i                                 ;
;   0.739  ;   0.739  ; RR ; CELL ; 1      ; IOIBUF_X89_Y35_N61                        ; clk~input|o                                 ;
;   0.739  ;   0.000  ;    ; RE   ; 1      ; IOIBUF_X89_Y35_N61                        ; ARRIAV_IO_IBUF                              ;
;   0.739  ;   0.000  ;    ; RE   ; 1      ; IO_INPUT_BUFFER_OUTPUT_X89_Y35_N61_I2     ; IO_INPUT_BUFFER_OUTPUT                      ;
;   0.739  ;   0.000  ;    ; RE   ; 1      ; IO_RE_X89_Y35_N60_I96                     ; IO_RE                                       ;
;   0.833  ;   0.094  ;    ; RE   ; 1      ; IO_RE_X89_Y35_N60_I66                     ; IO_RE                                       ;
;   1.125  ;   0.292  ;    ; RE   ; 1      ; CLKBUF_CLUSTER_RE_X89_Y39_N3_I421         ; CLKBUF_CLUSTER_RE                           ;
;   1.125  ;   0.000  ;    ; RE   ; 1      ; CLKBUF_CLUSTER_RE_X89_Y39_N3_I756         ; CLKBUF_CLUSTER_RE                           ;
;   1.125  ;   0.000  ;    ; RE   ; 1      ; CLKBUF_CLUSTER_RE_X89_Y39_N3_I493         ; CLKBUF_CLUSTER_RE                           ;
;   1.125  ;   0.000  ;    ; RE   ; 1      ; GCLK_CLUSTER_RE_X89_Y39_N3_I10            ; GCLK_CLUSTER_RE                             ;
;   1.125  ;   0.000  ;    ; RE   ; 1      ; CLKBUFBLOCK_INPUT_X89_Y39_N4_I0           ; CLKBUFBLOCK_INPUT                           ;
;   1.125  ;   0.000  ; RR ; IC   ; 1      ; CLKCTRL_G8                                ; clk~inputCLKENA0|inclk                      ;
;   1.632  ;   0.507  ; RR ; CELL ; 1674   ; CLKCTRL_G8                                ; clk~inputCLKENA0|outclk                     ;
;   1.632  ;   0.000  ;    ; RE   ; 1      ; CLKCTRL_G8                                ; ARRIAV_CLKBUF                               ;
;   1.632  ;   0.000  ;    ; RE   ; 1      ; CLKBUFBLOCK_OUTPUT_X89_Y39_N4_I2          ; CLKBUFBLOCK_OUTPUT                          ;
;   1.632  ;   0.000  ;    ; RE   ; 1      ; GCLK_CLUSTER_RE_X89_Y39_N3_I12            ; GCLK_CLUSTER_RE                             ;
;   1.632  ;   0.000  ;    ; RE   ; 1      ; CLKBUF_CLUSTER_RE_X89_Y39_N3_I415         ; CLKBUF_CLUSTER_RE                           ;
;   2.465  ;   0.833  ;    ; RE   ; 5      ; GLOBAL_CLOCK_X0_Y36_N0_I8                 ; GLOBAL_CLOCK                                ;
;   2.633  ;   0.168  ;    ; RE   ; 19     ; SPINE_CLOCK_X15_Y37_N0_I6                 ; SPINE_CLOCK                                 ;
;   3.077  ;   0.444  ;    ; RE   ; 1      ; SCLK_TO_ROWCLK_BUF_X15_Y41_N0_I37         ; SCLK_TO_ROWCLK_BUF                          ;
;   3.173  ;   0.096  ;    ; RE   ; 2      ; SCLK_TO_ROWCLK_BUF_X15_Y41_N0_I40         ; SCLK_TO_ROWCLK_BUF                          ;
;   3.646  ;   0.473  ;    ; RE   ; 8      ; LAB_CLK_X16_Y41_N0_I5                     ; LAB_CLK                                     ;
;   3.779  ;   0.133  ;    ; RE   ; 1      ; BLK_CLK_BUF_X16_Y41_N0_I5                 ; BLK_CLK_BUF                                 ;
;   3.832  ;   0.053  ;    ; RE   ; 1      ; ROWCLKSEL_PREBUF_X16_Y41_N0_I5            ; ROWCLKSEL_PREBUF                            ;
;   3.892  ;   0.060  ;    ; RE   ; 1      ; ROWCLKSEL_X16_Y41_N0_I0                   ; ROWCLKSEL                                   ;
;   3.892  ;   0.000  ;    ; RE   ; 1      ; GLOBAL_LOCAL_SEL_X16_Y41_N0_I0            ; GLOBAL_LOCAL_SEL                            ;
;   3.892  ;   0.000  ;    ; RE   ; 6      ; LAB_INPUT_X16_Y41_N0_I0                   ; LAB_INPUT                                   ;
;   3.892  ;   0.000  ; RR ; IC   ; 1      ; FF_X16_Y41_N17                            ; state_array[3][0][22]|clk                   ;
;   4.554  ;   0.662  ; RR ; CELL ; 1      ; FF_X16_Y41_N17                            ; state_array[3][0][22]                       ;
; 10.837   ; 6.283    ;    ;      ;        ;                                           ; data path                                   ;
;   4.554  ;   0.000  ;    ; uTco ; 1      ; FF_X16_Y41_N17                            ; state_array[3][0][22]                       ;
;   4.554  ;   0.000  ; FF ; CELL ; 6      ; FF_X16_Y41_N17                            ; state_array[3][0][22]|q                     ;
;   4.614  ;   0.060  ;    ; RE   ; 2      ; FF_X16_Y41_N17                            ; ARRIAV_FF                                   ;
;   4.740  ;   0.126  ;    ; RE   ; 1      ; LE_BUFFER_X16_Y41_N0_I11                  ; LE_BUFFER                                   ;
;   5.140  ;   0.400  ;    ; RE   ; 3      ; C4_X15_Y42_N0_I1                          ; V_SEG4                                      ;
;   5.510  ;   0.370  ;    ; RE   ; 1      ; LOCAL_INTERCONNECT_X16_Y43_N0_I10         ; LAB_LINE                                    ;
;   5.633  ;   0.123  ;    ; RE   ; 1      ; BLOCK_INPUT_MUX_X16_Y43_N0_I10            ; LEIM_INPUT                                  ;
;   5.633  ;   0.000  ; FF ; IC   ; 1      ; LABCELL_X16_Y43_N9                        ; KSU|u_theta|C[3][22]|dataa                  ;
;   6.265  ;   0.632  ; FF ; CELL ; 7      ; LABCELL_X16_Y43_N9                        ; KSU|u_theta|C[3][22]|combout                ;
;   6.265  ;   0.000  ;    ; RE   ; 2      ; LABCELL_X16_Y43_N9                        ; ARRIAV_LCELL_COMB                           ;
;   6.408  ;   0.143  ;    ; RE   ; 3      ; LE_BUFFER_X16_Y43_N0_I7                   ; LE_BUFFER                                   ;
;   6.809  ;   0.401  ;    ; RE   ; 1      ; C4_X15_Y44_N0_I2                          ; V_SEG4                                      ;
;   7.156  ;   0.347  ;    ; RE   ; 1      ; LOCAL_INTERCONNECT_X16_Y45_N0_I6          ; LAB_LINE                                    ;
;   7.285  ;   0.129  ;    ; RE   ; 1      ; BLOCK_INPUT_MUX_X16_Y45_N0_I65            ; LEIM_INPUT                                  ;
;   7.284  ;   -0.001 ; FF ; IC   ; 1      ; LABCELL_X16_Y45_N48                       ; KSU|u_theta|D[4][22]|dataf                  ;
;   7.378  ;   0.094  ; FF ; CELL ; 5      ; LABCELL_X16_Y45_N48                       ; KSU|u_theta|D[4][22]|combout                ;
;   7.378  ;   0.000  ;    ; RE   ; 2      ; LABCELL_X16_Y45_N48                       ; ARRIAV_LCELL_COMB                           ;
;   7.454  ;   0.076  ;    ; RE   ; 1      ; LE_BUFFER_X16_Y45_N0_I32                  ; LE_BUFFER                                   ;
;   7.719  ;   0.265  ;    ; RE   ; 1      ; R6_X17_Y45_N0_I4                          ; H_SEG6                                      ;
;   7.719  ;   0.000  ;    ; RE   ; 2      ; R14_C12_INTERCONNECT_DRIVER_X18_Y45_N0_I1 ; WIRE_MUX                                    ;
;   8.093  ;   0.374  ;    ; RE   ; 1      ; R14_X19_Y45_N0_I0                         ; H_SEG14                                     ;
;   8.477  ;   0.384  ;    ; RE   ; 1      ; C4_X29_Y46_N0_I2                          ; V_SEG4                                      ;
;   8.793  ;   0.316  ;    ; RE   ; 1      ; R3_X30_Y49_N0_I2                          ; H_SEG3                                      ;
;   8.982  ;   0.189  ;    ; RE   ; 1      ; LOCAL_INTERCONNECT_X30_Y49_N0_I35         ; LAB_LINE                                    ;
;   9.123  ;   0.141  ;    ; RE   ; 1      ; BLOCK_INPUT_MUX_X30_Y49_N0_I15            ; LEIM_INPUT                                  ;
;   9.123  ;   0.000  ; FF ; IC   ; 1      ; LABCELL_X30_Y49_N9                        ; KSU|u_theta|state_array_o[4][0][22]|dataf   ;
;   9.215  ;   0.092  ; FF ; CELL ; 3      ; LABCELL_X30_Y49_N9                        ; KSU|u_theta|state_array_o[4][0][22]|combout ;
;   9.215  ;   0.000  ;    ; RE   ; 2      ; LABCELL_X30_Y49_N9                        ; ARRIAV_LCELL_COMB                           ;
;   9.299  ;   0.084  ;    ; RE   ; 1      ; LE_BUFFER_X30_Y49_N0_I6                   ; LE_BUFFER                                   ;
;   9.496  ;   0.197  ;    ; RE   ; 1      ; C2_X30_Y47_N0_I11                         ; V_SEG2                                      ;
;   9.708  ;   0.212  ;    ; RE   ; 1      ; R3_X31_Y48_N0_I8                          ; H_SEG3                                      ;
;   9.921  ;   0.213  ;    ; RE   ; 1      ; LOCAL_INTERCONNECT_X31_Y48_N0_I30         ; LAB_LINE                                    ;
;   10.041 ;   0.120  ;    ; RE   ; 1      ; BLOCK_INPUT_MUX_X31_Y48_N0_I17            ; LEIM_INPUT                                  ;
;   10.041 ;   0.000  ; FF ; IC   ; 1      ; LABCELL_X31_Y48_N12                       ; state_array~2213|dataf                      ;
;   10.145 ;   0.104  ; FR ; CELL ; 1      ; LABCELL_X31_Y48_N12                       ; state_array~2213|combout                    ;
;   10.145 ;   0.000  ;    ; RE   ; 1      ; LABCELL_X31_Y48_N12                       ; ARRIAV_LCELL_COMB                           ;
;   10.268 ;   0.123  ;    ; RE   ; 1      ; LOCAL_LINE_X31_Y48_N0_I4                  ; LOCAL_LINE                                  ;
;   10.436 ;   0.168  ;    ; RE   ; 1      ; BLOCK_INPUT_MUX_X31_Y48_N0_I1             ; LEIM_INPUT                                  ;
;   10.437 ;   0.001  ; RR ; IC   ; 1      ; LABCELL_X31_Y48_N0                        ; state_array~2214|dataf                      ;
;   10.531 ;   0.094  ; RR ; CELL ; 1      ; LABCELL_X31_Y48_N0                        ; state_array~2214|combout                    ;
;   10.531 ;   0.000  ;    ; RE   ; 1      ; LABCELL_X31_Y48_N0                        ; ARRIAV_LCELL_COMB                           ;
;   10.531 ;   0.000  ; RR ; IC   ; 1      ; FF_X31_Y48_N2                             ; state_array[3][3][49]|d                     ;
;   10.837 ;   0.306  ; RR ; CELL ; 1      ; FF_X31_Y48_N2                             ; state_array[3][3][49]                       ;
+----------+----------+----+------+--------+-------------------------------------------+---------------------------------------------+

+-------------------------------------------------------------------------------------------------------------+
; Data Required Path                                                                                          ;
+----------+---------+----+------+--------+---------------------------------------+---------------------------+
; Total    ; Incr    ; RF ; Type ; Fanout ; Location                              ; Element                   ;
+----------+---------+----+------+--------+---------------------------------------+---------------------------+
; 6.803    ; 6.803   ;    ;      ;        ;                                       ; latch edge time           ;
; 11.157   ; 4.354   ;    ;      ;        ;                                       ; clock path                ;
;   6.803  ;   0.000 ;    ;      ;        ;                                       ; source latency            ;
;   6.803  ;   0.000 ;    ;      ; 1      ; PIN_M16                               ; clk                       ;
;   6.803  ;   0.000 ;    ; RE   ; 1      ; IOPAD_X89_Y35_N60                     ; ARRIAV_IO_PAD             ;
;   6.803  ;   0.000 ;    ; RE   ; 1      ; IO_PAD_OUTPUT_X89_Y35_N60_I1          ; IO_PAD_OUTPUT             ;
;   6.803  ;   0.000 ;    ; RE   ; 1      ; IO_INPUT_BUFFER_INPUT_X89_Y35_N61_I0  ; IO_INPUT_BUFFER_INPUT     ;
;   6.803  ;   0.000 ; RR ; IC   ; 1      ; IOIBUF_X89_Y35_N61                    ; clk~input|i               ;
;   7.542  ;   0.739 ; RR ; CELL ; 1      ; IOIBUF_X89_Y35_N61                    ; clk~input|o               ;
;   7.542  ;   0.000 ;    ; RE   ; 1      ; IOIBUF_X89_Y35_N61                    ; ARRIAV_IO_IBUF            ;
;   7.542  ;   0.000 ;    ; RE   ; 1      ; IO_INPUT_BUFFER_OUTPUT_X89_Y35_N61_I2 ; IO_INPUT_BUFFER_OUTPUT    ;
;   7.542  ;   0.000 ;    ; RE   ; 1      ; IO_RE_X89_Y35_N60_I96                 ; IO_RE                     ;
;   7.630  ;   0.088 ;    ; RE   ; 1      ; IO_RE_X89_Y35_N60_I66                 ; IO_RE                     ;
;   7.905  ;   0.275 ;    ; RE   ; 1      ; CLKBUF_CLUSTER_RE_X89_Y39_N3_I421     ; CLKBUF_CLUSTER_RE         ;
;   7.905  ;   0.000 ;    ; RE   ; 1      ; CLKBUF_CLUSTER_RE_X89_Y39_N3_I756     ; CLKBUF_CLUSTER_RE         ;
;   7.905  ;   0.000 ;    ; RE   ; 1      ; CLKBUF_CLUSTER_RE_X89_Y39_N3_I493     ; CLKBUF_CLUSTER_RE         ;
;   7.905  ;   0.000 ;    ; RE   ; 1      ; GCLK_CLUSTER_RE_X89_Y39_N3_I10        ; GCLK_CLUSTER_RE           ;
;   7.905  ;   0.000 ;    ; RE   ; 1      ; CLKBUFBLOCK_INPUT_X89_Y39_N4_I0       ; CLKBUFBLOCK_INPUT         ;
;   7.905  ;   0.000 ; RR ; IC   ; 1      ; CLKCTRL_G8                            ; clk~inputCLKENA0|inclk    ;
;   8.375  ;   0.470 ; RR ; CELL ; 1674   ; CLKCTRL_G8                            ; clk~inputCLKENA0|outclk   ;
;   8.375  ;   0.000 ;    ; RE   ; 1      ; CLKCTRL_G8                            ; ARRIAV_CLKBUF             ;
;   8.375  ;   0.000 ;    ; RE   ; 1      ; CLKBUFBLOCK_OUTPUT_X89_Y39_N4_I2      ; CLKBUFBLOCK_OUTPUT        ;
;   8.375  ;   0.000 ;    ; RE   ; 1      ; GCLK_CLUSTER_RE_X89_Y39_N3_I12        ; GCLK_CLUSTER_RE           ;
;   8.375  ;   0.000 ;    ; RE   ; 1      ; CLKBUF_CLUSTER_RE_X89_Y39_N3_I415     ; CLKBUF_CLUSTER_RE         ;
;   9.165  ;   0.790 ;    ; RE   ; 5      ; GLOBAL_CLOCK_X0_Y36_N0_I8             ; GLOBAL_CLOCK              ;
;   9.318  ;   0.153 ;    ; RE   ; 20     ; SPINE_CLOCK_X33_Y37_N0_I6             ; SPINE_CLOCK               ;
;   9.741  ;   0.423 ;    ; RE   ; 1      ; SCLK_TO_ROWCLK_BUF_X33_Y48_N0_I37     ; SCLK_TO_ROWCLK_BUF        ;
;   9.833  ;   0.092 ;    ; RE   ; 2      ; SCLK_TO_ROWCLK_BUF_X33_Y48_N0_I40     ; SCLK_TO_ROWCLK_BUF        ;
;   10.297 ;   0.464 ;    ; RE   ; 7      ; LAB_CLK_X25_Y48_N0_I5                 ; LAB_CLK                   ;
;   10.425 ;   0.128 ;    ; RE   ; 1      ; BLK_CLK_BUF_X31_Y48_N0_I5             ; BLK_CLK_BUF               ;
;   10.479 ;   0.054 ;    ; RE   ; 1      ; ROWCLKSEL_PREBUF_X31_Y48_N0_I5        ; ROWCLKSEL_PREBUF          ;
;   10.533 ;   0.054 ;    ; RE   ; 1      ; ROWCLKSEL_X31_Y48_N0_I0               ; ROWCLKSEL                 ;
;   10.533 ;   0.000 ;    ; RE   ; 1      ; GLOBAL_LOCAL_SEL_X31_Y48_N0_I0        ; GLOBAL_LOCAL_SEL          ;
;   10.533 ;   0.000 ;    ; RE   ; 4      ; LAB_INPUT_X31_Y48_N0_I0               ; LAB_INPUT                 ;
;   10.533 ;   0.000 ; RR ; IC   ; 1      ; FF_X31_Y48_N2                         ; state_array[3][3][49]|clk ;
;   11.097 ;   0.564 ; RR ; CELL ; 1      ; FF_X31_Y48_N2                         ; state_array[3][3][49]     ;
;   11.157 ;   0.060 ;    ;      ;        ;                                       ; clock pessimism removed   ;
; 11.057   ; -0.100  ;    ;      ;        ;                                       ; clock uncertainty         ;
; 11.057   ; 0.000   ;    ; uTsu ; 1      ; FF_X31_Y48_N2                         ; state_array[3][3][49]     ;
+----------+---------+----+------+--------+---------------------------------------+---------------------------+

----------------------------
; Extra Fitter Information ;
----------------------------
HTML report is unavailable in plain text report export.


Path #19: Setup slack is 0.225 
===============================================================================
+-------------------------------------------+
; Path Summary                              ;
+--------------------+----------------------+
; Property           ; Value                ;
+--------------------+----------------------+
; From Node          ; state_array[4][1][9] ;
; To Node            ; state_array[1][4][1] ;
; Launch Clock       ; clk                  ;
; Latch Clock        ; clk                  ;
; Data Arrival Time  ; 10.892               ;
; Data Required Time ; 11.117               ;
; Slack              ; 0.225                ;
+--------------------+----------------------+

+------------------------------------------------------------------------------------+
; Statistics                                                                         ;
+------------------------+--------+-------+-------------+------------+-------+-------+
; Property               ; Value  ; Count ; Total Delay ; % of Total ; Min   ; Max   ;
+------------------------+--------+-------+-------------+------------+-------+-------+
; Setup Relationship     ; 6.803  ;       ;             ;            ;       ;       ;
; Clock Skew             ; -0.159 ;       ;             ;            ;       ;       ;
; Data Delay             ; 6.319  ;       ;             ;            ;       ;       ;
; Number of Logic Levels ;        ; 4     ;             ;            ;       ;       ;
; Physical Delays        ;        ;       ;             ;            ;       ;       ;
;  Arrival Path          ;        ;       ;             ;            ;       ;       ;
;   Clock                ;        ;       ;             ;            ;       ;       ;
;    IC                  ;        ; 3     ; 0.000       ; 0          ; 0.000 ; 0.000 ;
;    Cell                ;        ; 3     ; 1.901       ; 42         ; 0.507 ; 0.739 ;
;    Routing Element     ;        ; 26    ; 2.672       ; 58         ; 0.000 ; 0.835 ;
;   Data                 ;        ;       ;             ;            ;       ;       ;
;    IC                  ;        ; 5     ; 0.001       ; 0          ; 0.000 ; 0.001 ;
;    Cell                ;        ; 6     ; 1.180       ; 19         ; 0.000 ; 0.595 ;
;    uTco                ;        ; 1     ; 0.000       ; 0          ; 0.000 ; 0.000 ;
;    Routing Element     ;        ; 28    ; 5.138       ; 81         ; 0.000 ; 0.452 ;
;  Required Path         ;        ;       ;             ;            ;       ;       ;
;   Clock                ;        ;       ;             ;            ;       ;       ;
;    IC                  ;        ; 3     ; 0.000       ; 0          ; 0.000 ; 0.000 ;
;    Cell                ;        ; 3     ; 1.780       ; 41         ; 0.470 ; 0.739 ;
;    Routing Element     ;        ; 26    ; 2.574       ; 59         ; 0.000 ; 0.788 ;
+------------------------+--------+-------+-------------+------------+-------+-------+
Note: Negative delays are omitted from totals when calculating percentages

+-----------------------------------------------------------------------------------------------------------------------------------+
; Data Arrival Path                                                                                                                 ;
+----------+---------+----+------+--------+-------------------------------------------+---------------------------------------------+
; Total    ; Incr    ; RF ; Type ; Fanout ; Location                                  ; Element                                     ;
+----------+---------+----+------+--------+-------------------------------------------+---------------------------------------------+
; 0.000    ; 0.000   ;    ;      ;        ;                                           ; launch edge time                            ;
; 4.573    ; 4.573   ;    ;      ;        ;                                           ; clock path                                  ;
;   0.000  ;   0.000 ;    ;      ;        ;                                           ; source latency                              ;
;   0.000  ;   0.000 ;    ;      ; 1      ; PIN_M16                                   ; clk                                         ;
;   0.000  ;   0.000 ;    ; RE   ; 1      ; IOPAD_X89_Y35_N60                         ; ARRIAV_IO_PAD                               ;
;   0.000  ;   0.000 ;    ; RE   ; 1      ; IO_PAD_OUTPUT_X89_Y35_N60_I1              ; IO_PAD_OUTPUT                               ;
;   0.000  ;   0.000 ;    ; RE   ; 1      ; IO_INPUT_BUFFER_INPUT_X89_Y35_N61_I0      ; IO_INPUT_BUFFER_INPUT                       ;
;   0.000  ;   0.000 ; RR ; IC   ; 1      ; IOIBUF_X89_Y35_N61                        ; clk~input|i                                 ;
;   0.739  ;   0.739 ; RR ; CELL ; 1      ; IOIBUF_X89_Y35_N61                        ; clk~input|o                                 ;
;   0.739  ;   0.000 ;    ; RE   ; 1      ; IOIBUF_X89_Y35_N61                        ; ARRIAV_IO_IBUF                              ;
;   0.739  ;   0.000 ;    ; RE   ; 1      ; IO_INPUT_BUFFER_OUTPUT_X89_Y35_N61_I2     ; IO_INPUT_BUFFER_OUTPUT                      ;
;   0.739  ;   0.000 ;    ; RE   ; 1      ; IO_RE_X89_Y35_N60_I96                     ; IO_RE                                       ;
;   0.833  ;   0.094 ;    ; RE   ; 1      ; IO_RE_X89_Y35_N60_I66                     ; IO_RE                                       ;
;   1.125  ;   0.292 ;    ; RE   ; 1      ; CLKBUF_CLUSTER_RE_X89_Y39_N3_I421         ; CLKBUF_CLUSTER_RE                           ;
;   1.125  ;   0.000 ;    ; RE   ; 1      ; CLKBUF_CLUSTER_RE_X89_Y39_N3_I756         ; CLKBUF_CLUSTER_RE                           ;
;   1.125  ;   0.000 ;    ; RE   ; 1      ; CLKBUF_CLUSTER_RE_X89_Y39_N3_I493         ; CLKBUF_CLUSTER_RE                           ;
;   1.125  ;   0.000 ;    ; RE   ; 1      ; GCLK_CLUSTER_RE_X89_Y39_N3_I10            ; GCLK_CLUSTER_RE                             ;
;   1.125  ;   0.000 ;    ; RE   ; 1      ; CLKBUFBLOCK_INPUT_X89_Y39_N4_I0           ; CLKBUFBLOCK_INPUT                           ;
;   1.125  ;   0.000 ; RR ; IC   ; 1      ; CLKCTRL_G8                                ; clk~inputCLKENA0|inclk                      ;
;   1.632  ;   0.507 ; RR ; CELL ; 1674   ; CLKCTRL_G8                                ; clk~inputCLKENA0|outclk                     ;
;   1.632  ;   0.000 ;    ; RE   ; 1      ; CLKCTRL_G8                                ; ARRIAV_CLKBUF                               ;
;   1.632  ;   0.000 ;    ; RE   ; 1      ; CLKBUFBLOCK_OUTPUT_X89_Y39_N4_I2          ; CLKBUFBLOCK_OUTPUT                          ;
;   1.632  ;   0.000 ;    ; RE   ; 1      ; GCLK_CLUSTER_RE_X89_Y39_N3_I12            ; GCLK_CLUSTER_RE                             ;
;   1.632  ;   0.000 ;    ; RE   ; 1      ; CLKBUF_CLUSTER_RE_X89_Y39_N3_I415         ; CLKBUF_CLUSTER_RE                           ;
;   2.467  ;   0.835 ;    ; RE   ; 5      ; GLOBAL_CLOCK_X0_Y36_N0_I8                 ; GLOBAL_CLOCK                                ;
;   2.636  ;   0.169 ;    ; RE   ; 20     ; SPINE_CLOCK_X33_Y37_N0_I6                 ; SPINE_CLOCK                                 ;
;   3.080  ;   0.444 ;    ; RE   ; 1      ; SCLK_TO_ROWCLK_BUF_X33_Y38_N0_I37         ; SCLK_TO_ROWCLK_BUF                          ;
;   3.176  ;   0.096 ;    ; RE   ; 2      ; SCLK_TO_ROWCLK_BUF_X33_Y38_N0_I40         ; SCLK_TO_ROWCLK_BUF                          ;
;   3.658  ;   0.482 ;    ; RE   ; 2      ; LAB_CLK_X34_Y38_N0_I5                     ; LAB_CLK                                     ;
;   3.802  ;   0.144 ;    ; RE   ; 1      ; BLK_CLK_BUF_X34_Y38_N0_I5                 ; BLK_CLK_BUF                                 ;
;   3.859  ;   0.057 ;    ; RE   ; 1      ; ROWCLKSEL_PREBUF_X34_Y38_N0_I5            ; ROWCLKSEL_PREBUF                            ;
;   3.918  ;   0.059 ;    ; RE   ; 1      ; ROWCLKSEL_X34_Y38_N0_I0                   ; ROWCLKSEL                                   ;
;   3.918  ;   0.000 ;    ; RE   ; 1      ; GLOBAL_LOCAL_SEL_X34_Y38_N0_I0            ; GLOBAL_LOCAL_SEL                            ;
;   3.918  ;   0.000 ;    ; RE   ; 3      ; LAB_INPUT_X34_Y38_N0_I0                   ; LAB_INPUT                                   ;
;   3.918  ;   0.000 ; RR ; IC   ; 1      ; FF_X34_Y38_N50                            ; state_array[4][1][9]|clk                    ;
;   4.573  ;   0.655 ; RR ; CELL ; 1      ; FF_X34_Y38_N50                            ; state_array[4][1][9]                        ;
; 10.892   ; 6.319   ;    ;      ;        ;                                           ; data path                                   ;
;   4.573  ;   0.000 ;    ; uTco ; 1      ; FF_X34_Y38_N50                            ; state_array[4][1][9]                        ;
;   4.573  ;   0.000 ; FF ; CELL ; 6      ; FF_X34_Y38_N50                            ; state_array[4][1][9]|q                      ;
;   4.632  ;   0.059 ;    ; RE   ; 3      ; FF_X34_Y38_N50                            ; ARRIAV_FF                                   ;
;   4.779  ;   0.147 ;    ; RE   ; 3      ; LE_BUFFER_X34_Y38_N0_I33                  ; LE_BUFFER                                   ;
;   5.039  ;   0.260 ;    ; RE   ; 1      ; R3_X34_Y38_N0_I8                          ; H_SEG3                                      ;
;   5.236  ;   0.197 ;    ; RE   ; 1      ; LOCAL_INTERCONNECT_X35_Y38_N0_I43         ; LAB_LINE                                    ;
;   5.376  ;   0.140 ;    ; RE   ; 1      ; BLOCK_INPUT_MUX_X35_Y38_N0_I45            ; LEIM_INPUT                                  ;
;   5.376  ;   0.000 ; FF ; IC   ; 1      ; LABCELL_X35_Y38_N33                       ; KSU|u_theta|C[4][9]|datac                   ;
;   5.971  ;   0.595 ; FF ; CELL ; 4      ; LABCELL_X35_Y38_N33                       ; KSU|u_theta|C[4][9]|combout                 ;
;   5.971  ;   0.000 ;    ; RE   ; 1      ; LABCELL_X35_Y38_N33                       ; ARRIAV_LCELL_COMB                           ;
;   6.074  ;   0.103 ;    ; RE   ; 2      ; LE_BUFFER_X35_Y38_N0_I23                  ; LE_BUFFER                                   ;
;   6.367  ;   0.293 ;    ; RE   ; 2      ; C4_X34_Y39_N0_I3                          ; V_SEG4                                      ;
;   6.740  ;   0.373 ;    ; RE   ; 1      ; C4_X34_Y43_N0_I3                          ; V_SEG4                                      ;
;   7.031  ;   0.291 ;    ; RE   ; 1      ; R3_X32_Y46_N0_I19                         ; H_SEG3                                      ;
;   7.233  ;   0.202 ;    ; RE   ; 2      ; LOCAL_INTERCONNECT_X34_Y46_N0_I12         ; LAB_LINE                                    ;
;   7.361  ;   0.128 ;    ; RE   ; 1      ; BLOCK_INPUT_MUX_X34_Y46_N0_I41            ; LEIM_INPUT                                  ;
;   7.362  ;   0.001 ; FF ; IC   ; 1      ; MLABCELL_X34_Y46_N30                      ; KSU|u_theta|D[3][10]|dataf                  ;
;   7.452  ;   0.090 ; FF ; CELL ; 8      ; MLABCELL_X34_Y46_N30                      ; KSU|u_theta|D[3][10]|combout                ;
;   7.452  ;   0.000 ;    ; RE   ; 1      ; MLABCELL_X34_Y46_N30                      ; ARRIAV_LCELL_COMB                           ;
;   7.543  ;   0.091 ;    ; RE   ; 2      ; LE_BUFFER_X34_Y46_N0_I20                  ; LE_BUFFER                                   ;
;   7.977  ;   0.434 ;    ; RE   ; 1      ; R6_X29_Y46_N0_I38                         ; H_SEG6                                      ;
;   7.977  ;   0.000 ;    ; RE   ; 2      ; R14_C12_INTERCONNECT_DRIVER_X30_Y46_N0_I3 ; WIRE_MUX                                    ;
;   8.370  ;   0.393 ;    ; RE   ; 2      ; R14_X17_Y46_N0_I1                         ; H_SEG14                                     ;
;   8.822  ;   0.452 ;    ; RE   ; 1      ; R6_X11_Y46_N0_I38                         ; H_SEG6                                      ;
;   9.116  ;   0.294 ;    ; RE   ; 1      ; LOCAL_INTERCONNECT_X10_Y46_N0_I29         ; LAB_LINE                                    ;
;   9.259  ;   0.143 ;    ; RE   ; 1      ; BLOCK_INPUT_MUX_X10_Y46_N0_I47            ; LEIM_INPUT                                  ;
;   9.259  ;   0.000 ; FF ; IC   ; 1      ; LABCELL_X10_Y46_N33                       ; KSU|u_theta|state_array_o[3][1][10]|dataf   ;
;   9.347  ;   0.088 ; FF ; CELL ; 2      ; LABCELL_X10_Y46_N33                       ; KSU|u_theta|state_array_o[3][1][10]|combout ;
;   9.347  ;   0.000 ;    ; RE   ; 1      ; LABCELL_X10_Y46_N33                       ; ARRIAV_LCELL_COMB                           ;
;   9.446  ;   0.099 ;    ; RE   ; 2      ; LE_BUFFER_X10_Y46_N0_I23                  ; LE_BUFFER                                   ;
;   9.647  ;   0.201 ;    ; RE   ; 1      ; R3_X7_Y46_N0_I21                          ; H_SEG3                                      ;
;   9.895  ;   0.248 ;    ; RE   ; 1      ; C2_X7_Y44_N0_I17                          ; V_SEG2                                      ;
;   10.154 ;   0.259 ;    ; RE   ; 1      ; R3_X8_Y45_N0_I3                           ; H_SEG3                                      ;
;   10.339 ;   0.185 ;    ; RE   ; 1      ; LOCAL_INTERCONNECT_X9_Y45_N0_I36          ; LAB_LINE                                    ;
;   10.485 ;   0.146 ;    ; RE   ; 1      ; BLOCK_INPUT_MUX_X9_Y45_N0_I79             ; LEIM_INPUT                                  ;
;   10.485 ;   0.000 ; FF ; IC   ; 1      ; LABCELL_X9_Y45_N57                        ; state_array~50|dataf                        ;
;   10.586 ;   0.101 ; FR ; CELL ; 1      ; LABCELL_X9_Y45_N57                        ; state_array~50|combout                      ;
;   10.586 ;   0.000 ;    ; RE   ; 1      ; LABCELL_X9_Y45_N57                        ; ARRIAV_LCELL_COMB                           ;
;   10.586 ;   0.000 ; RR ; IC   ; 1      ; FF_X9_Y45_N59                             ; state_array[1][4][1]|d                      ;
;   10.892 ;   0.306 ; RR ; CELL ; 1      ; FF_X9_Y45_N59                             ; state_array[1][4][1]                        ;
+----------+---------+----+------+--------+-------------------------------------------+---------------------------------------------+

+------------------------------------------------------------------------------------------------------------+
; Data Required Path                                                                                         ;
+----------+---------+----+------+--------+---------------------------------------+--------------------------+
; Total    ; Incr    ; RF ; Type ; Fanout ; Location                              ; Element                  ;
+----------+---------+----+------+--------+---------------------------------------+--------------------------+
; 6.803    ; 6.803   ;    ;      ;        ;                                       ; latch edge time          ;
; 11.217   ; 4.414   ;    ;      ;        ;                                       ; clock path               ;
;   6.803  ;   0.000 ;    ;      ;        ;                                       ; source latency           ;
;   6.803  ;   0.000 ;    ;      ; 1      ; PIN_M16                               ; clk                      ;
;   6.803  ;   0.000 ;    ; RE   ; 1      ; IOPAD_X89_Y35_N60                     ; ARRIAV_IO_PAD            ;
;   6.803  ;   0.000 ;    ; RE   ; 1      ; IO_PAD_OUTPUT_X89_Y35_N60_I1          ; IO_PAD_OUTPUT            ;
;   6.803  ;   0.000 ;    ; RE   ; 1      ; IO_INPUT_BUFFER_INPUT_X89_Y35_N61_I0  ; IO_INPUT_BUFFER_INPUT    ;
;   6.803  ;   0.000 ; RR ; IC   ; 1      ; IOIBUF_X89_Y35_N61                    ; clk~input|i              ;
;   7.542  ;   0.739 ; RR ; CELL ; 1      ; IOIBUF_X89_Y35_N61                    ; clk~input|o              ;
;   7.542  ;   0.000 ;    ; RE   ; 1      ; IOIBUF_X89_Y35_N61                    ; ARRIAV_IO_IBUF           ;
;   7.542  ;   0.000 ;    ; RE   ; 1      ; IO_INPUT_BUFFER_OUTPUT_X89_Y35_N61_I2 ; IO_INPUT_BUFFER_OUTPUT   ;
;   7.542  ;   0.000 ;    ; RE   ; 1      ; IO_RE_X89_Y35_N60_I96                 ; IO_RE                    ;
;   7.630  ;   0.088 ;    ; RE   ; 1      ; IO_RE_X89_Y35_N60_I66                 ; IO_RE                    ;
;   7.905  ;   0.275 ;    ; RE   ; 1      ; CLKBUF_CLUSTER_RE_X89_Y39_N3_I421     ; CLKBUF_CLUSTER_RE        ;
;   7.905  ;   0.000 ;    ; RE   ; 1      ; CLKBUF_CLUSTER_RE_X89_Y39_N3_I756     ; CLKBUF_CLUSTER_RE        ;
;   7.905  ;   0.000 ;    ; RE   ; 1      ; CLKBUF_CLUSTER_RE_X89_Y39_N3_I493     ; CLKBUF_CLUSTER_RE        ;
;   7.905  ;   0.000 ;    ; RE   ; 1      ; GCLK_CLUSTER_RE_X89_Y39_N3_I10        ; GCLK_CLUSTER_RE          ;
;   7.905  ;   0.000 ;    ; RE   ; 1      ; CLKBUFBLOCK_INPUT_X89_Y39_N4_I0       ; CLKBUFBLOCK_INPUT        ;
;   7.905  ;   0.000 ; RR ; IC   ; 1      ; CLKCTRL_G8                            ; clk~inputCLKENA0|inclk   ;
;   8.375  ;   0.470 ; RR ; CELL ; 1674   ; CLKCTRL_G8                            ; clk~inputCLKENA0|outclk  ;
;   8.375  ;   0.000 ;    ; RE   ; 1      ; CLKCTRL_G8                            ; ARRIAV_CLKBUF            ;
;   8.375  ;   0.000 ;    ; RE   ; 1      ; CLKBUFBLOCK_OUTPUT_X89_Y39_N4_I2      ; CLKBUFBLOCK_OUTPUT       ;
;   8.375  ;   0.000 ;    ; RE   ; 1      ; GCLK_CLUSTER_RE_X89_Y39_N3_I12        ; GCLK_CLUSTER_RE          ;
;   8.375  ;   0.000 ;    ; RE   ; 1      ; CLKBUF_CLUSTER_RE_X89_Y39_N3_I415     ; CLKBUF_CLUSTER_RE        ;
;   9.163  ;   0.788 ;    ; RE   ; 5      ; GLOBAL_CLOCK_X0_Y36_N0_I8             ; GLOBAL_CLOCK             ;
;   9.321  ;   0.158 ;    ; RE   ; 19     ; SPINE_CLOCK_X15_Y37_N0_I6             ; SPINE_CLOCK              ;
;   9.743  ;   0.422 ;    ; RE   ; 1      ; SCLK_TO_ROWCLK_BUF_X15_Y45_N0_I37     ; SCLK_TO_ROWCLK_BUF       ;
;   9.834  ;   0.091 ;    ; RE   ; 2      ; SCLK_TO_ROWCLK_BUF_X15_Y45_N0_I40     ; SCLK_TO_ROWCLK_BUF       ;
;   10.323 ;   0.489 ;    ; RE   ; 6      ; LAB_CLK_X0_Y45_N0_I5                  ; LAB_CLK                  ;
;   10.474 ;   0.151 ;    ; RE   ; 1      ; BLK_CLK_BUF_X9_Y45_N0_I5              ; BLK_CLK_BUF              ;
;   10.532 ;   0.058 ;    ; RE   ; 1      ; ROWCLKSEL_PREBUF_X9_Y45_N0_I5         ; ROWCLKSEL_PREBUF         ;
;   10.586 ;   0.054 ;    ; RE   ; 1      ; ROWCLKSEL_X9_Y45_N0_I0                ; ROWCLKSEL                ;
;   10.586 ;   0.000 ;    ; RE   ; 1      ; GLOBAL_LOCAL_SEL_X9_Y45_N0_I0         ; GLOBAL_LOCAL_SEL         ;
;   10.586 ;   0.000 ;    ; RE   ; 4      ; LAB_INPUT_X9_Y45_N0_I0                ; LAB_INPUT                ;
;   10.586 ;   0.000 ; RR ; IC   ; 1      ; FF_X9_Y45_N59                         ; state_array[1][4][1]|clk ;
;   11.157 ;   0.571 ; RR ; CELL ; 1      ; FF_X9_Y45_N59                         ; state_array[1][4][1]     ;
;   11.217 ;   0.060 ;    ;      ;        ;                                       ; clock pessimism removed  ;
; 11.117   ; -0.100  ;    ;      ;        ;                                       ; clock uncertainty        ;
; 11.117   ; 0.000   ;    ; uTsu ; 1      ; FF_X9_Y45_N59                         ; state_array[1][4][1]     ;
+----------+---------+----+------+--------+---------------------------------------+--------------------------+

----------------------------
; Extra Fitter Information ;
----------------------------
HTML report is unavailable in plain text report export.


Path #20: Setup slack is 0.226 
===============================================================================
+--------------------------------------------+
; Path Summary                               ;
+--------------------+-----------------------+
; Property           ; Value                 ;
+--------------------+-----------------------+
; From Node          ; state_array[2][3][27] ;
; To Node            ; state_array[0][3][38] ;
; Launch Clock       ; clk                   ;
; Latch Clock        ; clk                   ;
; Data Arrival Time  ; 10.828                ;
; Data Required Time ; 11.054                ;
; Slack              ; 0.226                 ;
+--------------------+-----------------------+

+-------------------------------------------------------------------------------------+
; Statistics                                                                          ;
+------------------------+--------+-------+-------------+------------+--------+-------+
; Property               ; Value  ; Count ; Total Delay ; % of Total ; Min    ; Max   ;
+------------------------+--------+-------+-------------+------------+--------+-------+
; Setup Relationship     ; 6.803  ;       ;             ;            ;        ;       ;
; Clock Skew             ; -0.198 ;       ;             ;            ;        ;       ;
; Data Delay             ; 6.279  ;       ;             ;            ;        ;       ;
; Number of Logic Levels ;        ; 4     ;             ;            ;        ;       ;
; Physical Delays        ;        ;       ;             ;            ;        ;       ;
;  Arrival Path          ;        ;       ;             ;            ;        ;       ;
;   Clock                ;        ;       ;             ;            ;        ;       ;
;    IC                  ;        ; 3     ; 0.000       ; 0          ; 0.000  ; 0.000 ;
;    Cell                ;        ; 3     ; 1.901       ; 42         ; 0.507  ; 0.739 ;
;    Routing Element     ;        ; 26    ; 2.648       ; 58         ; 0.000  ; 0.833 ;
;   Data                 ;        ;       ;             ;            ;        ;       ;
;    IC                  ;        ; 5     ; 0.002       ; 0          ; 0.000  ; 0.001 ;
;    Cell                ;        ; 6     ; 1.560       ; 25         ; 0.000  ; 0.651 ;
;    uTco                ;        ; 1     ; 0.000       ; 0          ; 0.000  ; 0.000 ;
;    Routing Element     ;        ; 25    ; 4.717       ; 75         ; 0.000  ; 0.456 ;
;  Required Path         ;        ;       ;             ;            ;        ;       ;
;   Clock                ;        ;       ;             ;            ;        ;       ;
;    IC                  ;        ; 3     ; -0.001      ; 0          ; -0.001 ; 0.000 ;
;    Cell                ;        ; 3     ; 1.773       ; 41         ; 0.470  ; 0.739 ;
;    Routing Element     ;        ; 26    ; 2.519       ; 59         ; 0.000  ; 0.790 ;
+------------------------+--------+-------+-------------+------------+--------+-------+
Note: Negative delays are omitted from totals when calculating percentages

+----------------------------------------------------------------------------------------------------------------+
; Data Arrival Path                                                                                              ;
+----------+---------+----+------+--------+---------------------------------------+------------------------------+
; Total    ; Incr    ; RF ; Type ; Fanout ; Location                              ; Element                      ;
+----------+---------+----+------+--------+---------------------------------------+------------------------------+
; 0.000    ; 0.000   ;    ;      ;        ;                                       ; launch edge time             ;
; 4.549    ; 4.549   ;    ;      ;        ;                                       ; clock path                   ;
;   0.000  ;   0.000 ;    ;      ;        ;                                       ; source latency               ;
;   0.000  ;   0.000 ;    ;      ; 1      ; PIN_M16                               ; clk                          ;
;   0.000  ;   0.000 ;    ; RE   ; 1      ; IOPAD_X89_Y35_N60                     ; ARRIAV_IO_PAD                ;
;   0.000  ;   0.000 ;    ; RE   ; 1      ; IO_PAD_OUTPUT_X89_Y35_N60_I1          ; IO_PAD_OUTPUT                ;
;   0.000  ;   0.000 ;    ; RE   ; 1      ; IO_INPUT_BUFFER_INPUT_X89_Y35_N61_I0  ; IO_INPUT_BUFFER_INPUT        ;
;   0.000  ;   0.000 ; RR ; IC   ; 1      ; IOIBUF_X89_Y35_N61                    ; clk~input|i                  ;
;   0.739  ;   0.739 ; RR ; CELL ; 1      ; IOIBUF_X89_Y35_N61                    ; clk~input|o                  ;
;   0.739  ;   0.000 ;    ; RE   ; 1      ; IOIBUF_X89_Y35_N61                    ; ARRIAV_IO_IBUF               ;
;   0.739  ;   0.000 ;    ; RE   ; 1      ; IO_INPUT_BUFFER_OUTPUT_X89_Y35_N61_I2 ; IO_INPUT_BUFFER_OUTPUT       ;
;   0.739  ;   0.000 ;    ; RE   ; 1      ; IO_RE_X89_Y35_N60_I96                 ; IO_RE                        ;
;   0.833  ;   0.094 ;    ; RE   ; 1      ; IO_RE_X89_Y35_N60_I66                 ; IO_RE                        ;
;   1.125  ;   0.292 ;    ; RE   ; 1      ; CLKBUF_CLUSTER_RE_X89_Y39_N3_I421     ; CLKBUF_CLUSTER_RE            ;
;   1.125  ;   0.000 ;    ; RE   ; 1      ; CLKBUF_CLUSTER_RE_X89_Y39_N3_I756     ; CLKBUF_CLUSTER_RE            ;
;   1.125  ;   0.000 ;    ; RE   ; 1      ; CLKBUF_CLUSTER_RE_X89_Y39_N3_I493     ; CLKBUF_CLUSTER_RE            ;
;   1.125  ;   0.000 ;    ; RE   ; 1      ; GCLK_CLUSTER_RE_X89_Y39_N3_I10        ; GCLK_CLUSTER_RE              ;
;   1.125  ;   0.000 ;    ; RE   ; 1      ; CLKBUFBLOCK_INPUT_X89_Y39_N4_I0       ; CLKBUFBLOCK_INPUT            ;
;   1.125  ;   0.000 ; RR ; IC   ; 1      ; CLKCTRL_G8                            ; clk~inputCLKENA0|inclk       ;
;   1.632  ;   0.507 ; RR ; CELL ; 1674   ; CLKCTRL_G8                            ; clk~inputCLKENA0|outclk      ;
;   1.632  ;   0.000 ;    ; RE   ; 1      ; CLKCTRL_G8                            ; ARRIAV_CLKBUF                ;
;   1.632  ;   0.000 ;    ; RE   ; 1      ; CLKBUFBLOCK_OUTPUT_X89_Y39_N4_I2      ; CLKBUFBLOCK_OUTPUT           ;
;   1.632  ;   0.000 ;    ; RE   ; 1      ; GCLK_CLUSTER_RE_X89_Y39_N3_I12        ; GCLK_CLUSTER_RE              ;
;   1.632  ;   0.000 ;    ; RE   ; 1      ; CLKBUF_CLUSTER_RE_X89_Y39_N3_I415     ; CLKBUF_CLUSTER_RE            ;
;   2.465  ;   0.833 ;    ; RE   ; 5      ; GLOBAL_CLOCK_X0_Y36_N0_I8             ; GLOBAL_CLOCK                 ;
;   2.634  ;   0.169 ;    ; RE   ; 19     ; SPINE_CLOCK_X15_Y37_N0_I6             ; SPINE_CLOCK                  ;
;   3.078  ;   0.444 ;    ; RE   ; 1      ; SCLK_TO_ROWCLK_BUF_X15_Y38_N0_I37     ; SCLK_TO_ROWCLK_BUF           ;
;   3.174  ;   0.096 ;    ; RE   ; 2      ; SCLK_TO_ROWCLK_BUF_X15_Y38_N0_I40     ; SCLK_TO_ROWCLK_BUF           ;
;   3.650  ;   0.476 ;    ; RE   ; 8      ; LAB_CLK_X16_Y38_N0_I5                 ; LAB_CLK                      ;
;   3.781  ;   0.131 ;    ; RE   ; 1      ; BLK_CLK_BUF_X19_Y38_N0_I5             ; BLK_CLK_BUF                  ;
;   3.834  ;   0.053 ;    ; RE   ; 1      ; ROWCLKSEL_PREBUF_X19_Y38_N0_I5        ; ROWCLKSEL_PREBUF             ;
;   3.894  ;   0.060 ;    ; RE   ; 1      ; ROWCLKSEL_X19_Y38_N0_I0               ; ROWCLKSEL                    ;
;   3.894  ;   0.000 ;    ; RE   ; 1      ; GLOBAL_LOCAL_SEL_X19_Y38_N0_I0        ; GLOBAL_LOCAL_SEL             ;
;   3.894  ;   0.000 ;    ; RE   ; 6      ; LAB_INPUT_X19_Y38_N0_I0               ; LAB_INPUT                    ;
;   3.894  ;   0.000 ; RR ; IC   ; 1      ; FF_X19_Y38_N56                        ; state_array[2][3][27]|clk    ;
;   4.549  ;   0.655 ; RR ; CELL ; 1      ; FF_X19_Y38_N56                        ; state_array[2][3][27]        ;
; 10.828   ; 6.279   ;    ;      ;        ;                                       ; data path                    ;
;   4.549  ;   0.000 ;    ; uTco ; 1      ; FF_X19_Y38_N56                        ; state_array[2][3][27]        ;
;   4.549  ;   0.000 ; RR ; CELL ; 5      ; FF_X19_Y38_N56                        ; state_array[2][3][27]|q      ;
;   4.633  ;   0.084 ;    ; RE   ; 2      ; FF_X19_Y38_N56                        ; ARRIAV_FF                    ;
;   4.767  ;   0.134 ;    ; RE   ; 2      ; LE_BUFFER_X19_Y38_N0_I37              ; LE_BUFFER                    ;
;   4.944  ;   0.177 ;    ; RE   ; 1      ; R3_X19_Y38_N0_I3                      ; H_SEG3                       ;
;   5.114  ;   0.170 ;    ; RE   ; 1      ; LOCAL_INTERCONNECT_X19_Y38_N0_I20     ; LAB_LINE                     ;
;   5.242  ;   0.128 ;    ; RE   ; 1      ; BLOCK_INPUT_MUX_X19_Y38_N0_I19        ; LEIM_INPUT                   ;
;   5.243  ;   0.001 ; RR ; IC   ; 1      ; LABCELL_X19_Y38_N12                   ; KSU|u_theta|C[2][27]|datab   ;
;   5.894  ;   0.651 ; RF ; CELL ; 5      ; LABCELL_X19_Y38_N12                   ; KSU|u_theta|C[2][27]|combout ;
;   5.894  ;   0.000 ;    ; RE   ; 3      ; LABCELL_X19_Y38_N12                   ; ARRIAV_LCELL_COMB            ;
;   5.987  ;   0.093 ;    ; RE   ; 3      ; LE_BUFFER_X19_Y38_N0_I8               ; LE_BUFFER                    ;
;   6.266  ;   0.279 ;    ; RE   ; 1      ; C4_X19_Y39_N0_I1                      ; V_SEG4                       ;
;   6.722  ;   0.456 ;    ; RE   ; 1      ; R6_X20_Y41_N0_I4                      ; H_SEG6                       ;
;   7.130  ;   0.408 ;    ; RE   ; 1      ; R3_X26_Y41_N0_I11                     ; H_SEG3                       ;
;   7.369  ;   0.239 ;    ; RE   ; 1      ; LOCAL_INTERCONNECT_X28_Y41_N0_I31     ; LAB_LINE                     ;
;   7.496  ;   0.127 ;    ; RE   ; 1      ; BLOCK_INPUT_MUX_X28_Y41_N0_I56        ; LEIM_INPUT                   ;
;   7.497  ;   0.001 ; FF ; IC   ; 1      ; MLABCELL_X28_Y41_N42                  ; KSU|u_theta|D[1][28]|datad   ;
;   7.912  ;   0.415 ; FF ; CELL ; 7      ; MLABCELL_X28_Y41_N42                  ; KSU|u_theta|D[1][28]|combout ;
;   7.912  ;   0.000 ;    ; RE   ; 2      ; MLABCELL_X28_Y41_N42                  ; ARRIAV_LCELL_COMB            ;
;   7.997  ;   0.085 ;    ; RE   ; 2      ; LE_BUFFER_X28_Y41_N0_I28              ; LE_BUFFER                    ;
;   8.313  ;   0.316 ;    ; RE   ; 2      ; C4_X28_Y42_N0_I4                      ; V_SEG4                       ;
;   8.705  ;   0.392 ;    ; RE   ; 1      ; C4_X28_Y46_N0_I4                      ; V_SEG4                       ;
;   9.093  ;   0.388 ;    ; RE   ; 2      ; R6_X29_Y49_N0_I14                     ; H_SEG6                       ;
;   9.397  ;   0.304 ;    ; RE   ; 2      ; LOCAL_INTERCONNECT_X31_Y49_N0_I11     ; LAB_LINE                     ;
;   9.545  ;   0.148 ;    ; RE   ; 1      ; BLOCK_INPUT_MUX_X31_Y49_N0_I23        ; LEIM_INPUT                   ;
;   9.545  ;   0.000 ; FF ; IC   ; 1      ; LABCELL_X31_Y49_N15                   ; state_array~1733|dataf       ;
;   9.633  ;   0.088 ; FF ; CELL ; 1      ; LABCELL_X31_Y49_N15                   ; state_array~1733|combout     ;
;   9.633  ;   0.000 ;    ; RE   ; 1      ; LABCELL_X31_Y49_N15                   ; ARRIAV_LCELL_COMB            ;
;   9.736  ;   0.103 ;    ; RE   ; 1      ; LE_BUFFER_X31_Y49_N0_I11              ; LE_BUFFER                    ;
;   10.021 ;   0.285 ;    ; RE   ; 1      ; C4_X30_Y50_N0_I1                      ; V_SEG4                       ;
;   10.293 ;   0.272 ;    ; RE   ; 1      ; LOCAL_INTERCONNECT_X31_Y51_N0_I10     ; LAB_LINE                     ;
;   10.422 ;   0.129 ;    ; RE   ; 1      ; BLOCK_INPUT_MUX_X31_Y51_N0_I73        ; LEIM_INPUT                   ;
;   10.422 ;   0.000 ; FF ; IC   ; 1      ; LABCELL_X31_Y51_N54                   ; state_array~1734|dataf       ;
;   10.522 ;   0.100 ; FR ; CELL ; 1      ; LABCELL_X31_Y51_N54                   ; state_array~1734|combout     ;
;   10.522 ;   0.000 ;    ; RE   ; 1      ; LABCELL_X31_Y51_N54                   ; ARRIAV_LCELL_COMB            ;
;   10.522 ;   0.000 ; RR ; IC   ; 1      ; FF_X31_Y51_N56                        ; state_array[0][3][38]|d      ;
;   10.828 ;   0.306 ; RR ; CELL ; 1      ; FF_X31_Y51_N56                        ; state_array[0][3][38]        ;
+----------+---------+----+------+--------+---------------------------------------+------------------------------+

+--------------------------------------------------------------------------------------------------------------+
; Data Required Path                                                                                           ;
+----------+----------+----+------+--------+---------------------------------------+---------------------------+
; Total    ; Incr     ; RF ; Type ; Fanout ; Location                              ; Element                   ;
+----------+----------+----+------+--------+---------------------------------------+---------------------------+
; 6.803    ; 6.803    ;    ;      ;        ;                                       ; latch edge time           ;
; 11.154   ; 4.351    ;    ;      ;        ;                                       ; clock path                ;
;   6.803  ;   0.000  ;    ;      ;        ;                                       ; source latency            ;
;   6.803  ;   0.000  ;    ;      ; 1      ; PIN_M16                               ; clk                       ;
;   6.803  ;   0.000  ;    ; RE   ; 1      ; IOPAD_X89_Y35_N60                     ; ARRIAV_IO_PAD             ;
;   6.803  ;   0.000  ;    ; RE   ; 1      ; IO_PAD_OUTPUT_X89_Y35_N60_I1          ; IO_PAD_OUTPUT             ;
;   6.803  ;   0.000  ;    ; RE   ; 1      ; IO_INPUT_BUFFER_INPUT_X89_Y35_N61_I0  ; IO_INPUT_BUFFER_INPUT     ;
;   6.803  ;   0.000  ; RR ; IC   ; 1      ; IOIBUF_X89_Y35_N61                    ; clk~input|i               ;
;   7.542  ;   0.739  ; RR ; CELL ; 1      ; IOIBUF_X89_Y35_N61                    ; clk~input|o               ;
;   7.542  ;   0.000  ;    ; RE   ; 1      ; IOIBUF_X89_Y35_N61                    ; ARRIAV_IO_IBUF            ;
;   7.542  ;   0.000  ;    ; RE   ; 1      ; IO_INPUT_BUFFER_OUTPUT_X89_Y35_N61_I2 ; IO_INPUT_BUFFER_OUTPUT    ;
;   7.542  ;   0.000  ;    ; RE   ; 1      ; IO_RE_X89_Y35_N60_I96                 ; IO_RE                     ;
;   7.630  ;   0.088  ;    ; RE   ; 1      ; IO_RE_X89_Y35_N60_I66                 ; IO_RE                     ;
;   7.905  ;   0.275  ;    ; RE   ; 1      ; CLKBUF_CLUSTER_RE_X89_Y39_N3_I421     ; CLKBUF_CLUSTER_RE         ;
;   7.905  ;   0.000  ;    ; RE   ; 1      ; CLKBUF_CLUSTER_RE_X89_Y39_N3_I756     ; CLKBUF_CLUSTER_RE         ;
;   7.905  ;   0.000  ;    ; RE   ; 1      ; CLKBUF_CLUSTER_RE_X89_Y39_N3_I493     ; CLKBUF_CLUSTER_RE         ;
;   7.905  ;   0.000  ;    ; RE   ; 1      ; GCLK_CLUSTER_RE_X89_Y39_N3_I10        ; GCLK_CLUSTER_RE           ;
;   7.905  ;   0.000  ;    ; RE   ; 1      ; CLKBUFBLOCK_INPUT_X89_Y39_N4_I0       ; CLKBUFBLOCK_INPUT         ;
;   7.905  ;   0.000  ; RR ; IC   ; 1      ; CLKCTRL_G8                            ; clk~inputCLKENA0|inclk    ;
;   8.375  ;   0.470  ; RR ; CELL ; 1674   ; CLKCTRL_G8                            ; clk~inputCLKENA0|outclk   ;
;   8.375  ;   0.000  ;    ; RE   ; 1      ; CLKCTRL_G8                            ; ARRIAV_CLKBUF             ;
;   8.375  ;   0.000  ;    ; RE   ; 1      ; CLKBUFBLOCK_OUTPUT_X89_Y39_N4_I2      ; CLKBUFBLOCK_OUTPUT        ;
;   8.375  ;   0.000  ;    ; RE   ; 1      ; GCLK_CLUSTER_RE_X89_Y39_N3_I12        ; GCLK_CLUSTER_RE           ;
;   8.375  ;   0.000  ;    ; RE   ; 1      ; CLKBUF_CLUSTER_RE_X89_Y39_N3_I415     ; CLKBUF_CLUSTER_RE         ;
;   9.165  ;   0.790  ;    ; RE   ; 5      ; GLOBAL_CLOCK_X0_Y36_N0_I8             ; GLOBAL_CLOCK              ;
;   9.316  ;   0.151  ;    ; RE   ; 20     ; SPINE_CLOCK_X33_Y37_N0_I6             ; SPINE_CLOCK               ;
;   9.739  ;   0.423  ;    ; RE   ; 1      ; SCLK_TO_ROWCLK_BUF_X33_Y51_N0_I37     ; SCLK_TO_ROWCLK_BUF        ;
;   9.831  ;   0.092  ;    ; RE   ; 2      ; SCLK_TO_ROWCLK_BUF_X33_Y51_N0_I40     ; SCLK_TO_ROWCLK_BUF        ;
;   10.295 ;   0.464  ;    ; RE   ; 6      ; LAB_CLK_X25_Y51_N0_I5                 ; LAB_CLK                   ;
;   10.423 ;   0.128  ;    ; RE   ; 1      ; BLK_CLK_BUF_X31_Y51_N0_I5             ; BLK_CLK_BUF               ;
;   10.477 ;   0.054  ;    ; RE   ; 1      ; ROWCLKSEL_PREBUF_X31_Y51_N0_I5        ; ROWCLKSEL_PREBUF          ;
;   10.531 ;   0.054  ;    ; RE   ; 1      ; ROWCLKSEL_X31_Y51_N0_I0               ; ROWCLKSEL                 ;
;   10.531 ;   0.000  ;    ; RE   ; 1      ; GLOBAL_LOCAL_SEL_X31_Y51_N0_I0        ; GLOBAL_LOCAL_SEL          ;
;   10.531 ;   0.000  ;    ; RE   ; 4      ; LAB_INPUT_X31_Y51_N0_I0               ; LAB_INPUT                 ;
;   10.530 ;   -0.001 ; RR ; IC   ; 1      ; FF_X31_Y51_N56                        ; state_array[0][3][38]|clk ;
;   11.094 ;   0.564  ; RR ; CELL ; 1      ; FF_X31_Y51_N56                        ; state_array[0][3][38]     ;
;   11.154 ;   0.060  ;    ;      ;        ;                                       ; clock pessimism removed   ;
; 11.054   ; -0.100   ;    ;      ;        ;                                       ; clock uncertainty         ;
; 11.054   ; 0.000    ;    ; uTsu ; 1      ; FF_X31_Y51_N56                        ; state_array[0][3][38]     ;
+----------+----------+----+------+--------+---------------------------------------+---------------------------+

----------------------------
; Extra Fitter Information ;
----------------------------
HTML report is unavailable in plain text report export.


