----------------
; Command Info ;
----------------
Report Timing: Found 20 hold paths (0 violated).  Worst case slack is 0.463 

Tcl Command:
    report_timing -hold -show_routing -multi_corner -file critical_paths/worst_hold_paths.rpt -panel_name {LightHD challenge: worst hold paths} -npaths 20 -detail full_path

Options:
    -hold 
    -npaths 20 
    -show_routing 
    -detail full_path 
    -panel_name {LightHD challenge: worst hold paths} 
    -file {critical_paths/worst_hold_paths.rpt} 
    -multi_corner 

Delay Model:
    Slow 1100mV 85C Model

+-----------------------------------------------------------------------------------------------------------------------------------------+
; Summary of Paths                                                                                                                        ;
+-------+-----------------------------+-----------------------------+--------------+-------------+--------------+------------+------------+
; Slack ; From Node                   ; To Node                     ; Launch Clock ; Latch Clock ; Relationship ; Clock Skew ; Data Delay ;
+-------+-----------------------------+-----------------------------+--------------+-------------+--------------+------------+------------+
; 0.463 ; state_array[1][1][24]       ; state_array[1][1][24]       ; clk          ; clk         ; 0.000        ; 0.129      ; 0.592      ;
; 0.479 ; state_array[1][1][44]       ; state_array[1][1][44]       ; clk          ; clk         ; 0.000        ; 0.124      ; 0.603      ;
; 0.487 ; state_array[1][1][37]       ; state_array[1][1][37]       ; clk          ; clk         ; 0.000        ; 0.127      ; 0.614      ;
; 0.489 ; state_array[1][1][12]       ; state_array[1][1][12]       ; clk          ; clk         ; 0.000        ; 0.125      ; 0.614      ;
; 0.491 ; message_bytes_remaining[12] ; message_bytes_remaining[12] ; clk          ; clk         ; 0.000        ; 0.127      ; 0.618      ;
; 0.492 ; xof_bytes_remaining[11]     ; xof_bytes_remaining[11]     ; clk          ; clk         ; 0.000        ; 0.127      ; 0.619      ;
; 0.492 ; state_array[0][2][0]        ; state_array[0][2][0]        ; clk          ; clk         ; 0.000        ; 0.128      ; 0.620      ;
; 0.493 ; state_array[1][1][54]       ; state_array[1][1][54]       ; clk          ; clk         ; 0.000        ; 0.125      ; 0.618      ;
; 0.494 ; state_array[1][1][13]       ; state_array[1][1][13]       ; clk          ; clk         ; 0.000        ; 0.125      ; 0.619      ;
; 0.495 ; xof_bytes_remaining[6]      ; xof_bytes_remaining[6]      ; clk          ; clk         ; 0.000        ; 0.127      ; 0.622      ;
; 0.497 ; xof_bytes_remaining[9]      ; xof_bytes_remaining[9]      ; clk          ; clk         ; 0.000        ; 0.127      ; 0.624      ;
; 0.497 ; xof_bytes_remaining[15]     ; xof_bytes_remaining[15]     ; clk          ; clk         ; 0.000        ; 0.127      ; 0.624      ;
; 0.500 ; state_array[1][1][16]       ; state_array[1][1][16]       ; clk          ; clk         ; 0.000        ; 0.124      ; 0.624      ;
; 0.501 ; message_bytes_remaining[1]  ; message_bytes_remaining[1]  ; clk          ; clk         ; 0.000        ; 0.127      ; 0.628      ;
; 0.502 ; message_bytes_remaining[13] ; message_bytes_remaining[13] ; clk          ; clk         ; 0.000        ; 0.127      ; 0.629      ;
; 0.502 ; state_array[1][1][62]       ; state_array[1][1][62]       ; clk          ; clk         ; 0.000        ; 0.128      ; 0.630      ;
; 0.503 ; message_bytes_remaining[15] ; message_bytes_remaining[15] ; clk          ; clk         ; 0.000        ; 0.127      ; 0.630      ;
; 0.503 ; state_array[1][1][4]        ; state_array[1][1][4]        ; clk          ; clk         ; 0.000        ; 0.125      ; 0.628      ;
; 0.506 ; xof_bytes_remaining[3]      ; xof_bytes_remaining[3]      ; clk          ; clk         ; 0.000        ; 0.127      ; 0.633      ;
; 0.506 ; message_bytes_remaining[5]  ; message_bytes_remaining[5]  ; clk          ; clk         ; 0.000        ; 0.127      ; 0.633      ;
+-------+-----------------------------+-----------------------------+--------------+-------------+--------------+------------+------------+

Path #1: Hold slack is 0.463 
===============================================================================
+--------------------------------------------+
; Path Summary                               ;
+--------------------+-----------------------+
; Property           ; Value                 ;
+--------------------+-----------------------+
; From Node          ; state_array[1][1][24] ;
; To Node            ; state_array[1][1][24] ;
; Launch Clock       ; clk                   ;
; Latch Clock        ; clk                   ;
; Data Arrival Time  ; 4.940                 ;
; Data Required Time ; 4.477                 ;
; Slack              ; 0.463                 ;
+--------------------+-----------------------+

+------------------------------------------------------------------------------------+
; Statistics                                                                         ;
+------------------------+-------+-------+-------------+------------+--------+-------+
; Property               ; Value ; Count ; Total Delay ; % of Total ; Min    ; Max   ;
+------------------------+-------+-------+-------------+------------+--------+-------+
; Hold Relationship      ; 0.000 ;       ;             ;            ;        ;       ;
; Clock Skew             ; 0.129 ;       ;             ;            ;        ;       ;
; Data Delay             ; 0.592 ;       ;             ;            ;        ;       ;
; Number of Logic Levels ;       ; 1     ;             ;            ;        ;       ;
; Physical Delays        ;       ;       ;             ;            ;        ;       ;
;  Arrival Path          ;       ;       ;             ;            ;        ;       ;
;   Clock                ;       ;       ;             ;            ;        ;       ;
;    IC                  ;       ; 3     ; -0.001      ; 0          ; -0.001 ; 0.000 ;
;    Cell                ;       ; 3     ; 1.773       ; 41         ; 0.470  ; 0.739 ;
;    Routing Element     ;       ; 26    ; 2.576       ; 59         ; 0.000  ; 0.788 ;
;   Data                 ;       ;       ;             ;            ;        ;       ;
;    IC                  ;       ; 2     ; 0.001       ; 0          ; 0.000  ; 0.001 ;
;    Cell                ;       ; 3     ; 0.303       ; 51         ; 0.000  ; 0.221 ;
;    uTco                ;       ; 1     ; 0.000       ; 0          ; 0.000  ; 0.000 ;
;    Routing Element     ;       ; 4     ; 0.288       ; 49         ; 0.000  ; 0.136 ;
;  Required Path         ;       ;       ;             ;            ;        ;       ;
;   Clock                ;       ;       ;             ;            ;        ;       ;
;    IC                  ;       ; 3     ; 0.000       ; 0          ; 0.000  ; 0.000 ;
;    Cell                ;       ; 3     ; 1.901       ; 41         ; 0.507  ; 0.739 ;
;    Routing Element     ;       ; 26    ; 2.705       ; 59         ; 0.000  ; 0.833 ;
+------------------------+-------+-------+-------------+------------+--------+-------+
Note: Negative delays are omitted from totals when calculating percentages

+-------------------------------------------------------------------------------------------------------------+
; Data Arrival Path                                                                                           ;
+---------+----------+----+------+--------+---------------------------------------+---------------------------+
; Total   ; Incr     ; RF ; Type ; Fanout ; Location                              ; Element                   ;
+---------+----------+----+------+--------+---------------------------------------+---------------------------+
; 0.000   ; 0.000    ;    ;      ;        ;                                       ; launch edge time          ;
; 4.348   ; 4.348    ;    ;      ;        ;                                       ; clock path                ;
;   0.000 ;   0.000  ;    ;      ;        ;                                       ; source latency            ;
;   0.000 ;   0.000  ;    ;      ; 1      ; PIN_M16                               ; clk                       ;
;   0.000 ;   0.000  ;    ; RE   ; 1      ; IOPAD_X89_Y35_N60                     ; ARRIAV_IO_PAD             ;
;   0.000 ;   0.000  ;    ; RE   ; 1      ; IO_PAD_OUTPUT_X89_Y35_N60_I1          ; IO_PAD_OUTPUT             ;
;   0.000 ;   0.000  ;    ; RE   ; 1      ; IO_INPUT_BUFFER_INPUT_X89_Y35_N61_I0  ; IO_INPUT_BUFFER_INPUT     ;
;   0.000 ;   0.000  ; RR ; IC   ; 1      ; IOIBUF_X89_Y35_N61                    ; clk~input|i               ;
;   0.739 ;   0.739  ; RR ; CELL ; 1      ; IOIBUF_X89_Y35_N61                    ; clk~input|o               ;
;   0.739 ;   0.000  ;    ; RE   ; 1      ; IOIBUF_X89_Y35_N61                    ; ARRIAV_IO_IBUF            ;
;   0.739 ;   0.000  ;    ; RE   ; 1      ; IO_INPUT_BUFFER_OUTPUT_X89_Y35_N61_I2 ; IO_INPUT_BUFFER_OUTPUT    ;
;   0.739 ;   0.000  ;    ; RE   ; 1      ; IO_RE_X89_Y35_N60_I96                 ; IO_RE                     ;
;   0.827 ;   0.088  ;    ; RE   ; 1      ; IO_RE_X89_Y35_N60_I66                 ; IO_RE                     ;
;   1.102 ;   0.275  ;    ; RE   ; 1      ; CLKBUF_CLUSTER_RE_X89_Y39_N3_I421     ; CLKBUF_CLUSTER_RE         ;
;   1.102 ;   0.000  ;    ; RE   ; 1      ; CLKBUF_CLUSTER_RE_X89_Y39_N3_I756     ; CLKBUF_CLUSTER_RE         ;
;   1.102 ;   0.000  ;    ; RE   ; 1      ; CLKBUF_CLUSTER_RE_X89_Y39_N3_I493     ; CLKBUF_CLUSTER_RE         ;
;   1.102 ;   0.000  ;    ; RE   ; 1      ; GCLK_CLUSTER_RE_X89_Y39_N3_I10        ; GCLK_CLUSTER_RE           ;
;   1.102 ;   0.000  ;    ; RE   ; 1      ; CLKBUFBLOCK_INPUT_X89_Y39_N4_I0       ; CLKBUFBLOCK_INPUT         ;
;   1.102 ;   0.000  ; RR ; IC   ; 1      ; CLKCTRL_G8                            ; clk~inputCLKENA0|inclk    ;
;   1.572 ;   0.470  ; RR ; CELL ; 1674   ; CLKCTRL_G8                            ; clk~inputCLKENA0|outclk   ;
;   1.572 ;   0.000  ;    ; RE   ; 1      ; CLKCTRL_G8                            ; ARRIAV_CLKBUF             ;
;   1.572 ;   0.000  ;    ; RE   ; 1      ; CLKBUFBLOCK_OUTPUT_X89_Y39_N4_I2      ; CLKBUFBLOCK_OUTPUT        ;
;   1.572 ;   0.000  ;    ; RE   ; 1      ; GCLK_CLUSTER_RE_X89_Y39_N3_I12        ; GCLK_CLUSTER_RE           ;
;   1.572 ;   0.000  ;    ; RE   ; 1      ; CLKBUF_CLUSTER_RE_X89_Y39_N3_I415     ; CLKBUF_CLUSTER_RE         ;
;   2.360 ;   0.788  ;    ; RE   ; 5      ; GLOBAL_CLOCK_X0_Y36_N0_I8             ; GLOBAL_CLOCK              ;
;   2.522 ;   0.162  ;    ; RE   ; 19     ; SPINE_CLOCK_X15_Y37_N0_I6             ; SPINE_CLOCK               ;
;   2.951 ;   0.429  ;    ; RE   ; 1      ; SCLK_TO_ROWCLK_BUF_X15_Y41_N0_I37     ; SCLK_TO_ROWCLK_BUF        ;
;   3.044 ;   0.093  ;    ; RE   ; 2      ; SCLK_TO_ROWCLK_BUF_X15_Y41_N0_I40     ; SCLK_TO_ROWCLK_BUF        ;
;   3.523 ;   0.479  ;    ; RE   ; 4      ; LAB_CLK_X0_Y41_N0_I5                  ; LAB_CLK                   ;
;   3.673 ;   0.150  ;    ; RE   ; 1      ; BLK_CLK_BUF_X15_Y41_N0_I5             ; BLK_CLK_BUF               ;
;   3.730 ;   0.057  ;    ; RE   ; 1      ; ROWCLKSEL_PREBUF_X15_Y41_N0_I5        ; ROWCLKSEL_PREBUF          ;
;   3.785 ;   0.055  ;    ; RE   ; 1      ; ROWCLKSEL_X15_Y41_N0_I0               ; ROWCLKSEL                 ;
;   3.785 ;   0.000  ;    ; RE   ; 1      ; GLOBAL_LOCAL_SEL_X15_Y41_N0_I0        ; GLOBAL_LOCAL_SEL          ;
;   3.785 ;   0.000  ;    ; RE   ; 7      ; LAB_INPUT_X15_Y41_N0_I0               ; LAB_INPUT                 ;
;   3.784 ;   -0.001 ; RR ; IC   ; 1      ; FF_X15_Y41_N56                        ; state_array[1][1][24]|clk ;
;   4.348 ;   0.564  ; RR ; CELL ; 1      ; FF_X15_Y41_N56                        ; state_array[1][1][24]     ;
; 4.940   ; 0.592    ;    ;      ;        ;                                       ; data path                 ;
;   4.348 ;   0.000  ;    ; uTco ; 1      ; FF_X15_Y41_N56                        ; state_array[1][1][24]     ;
;   4.348 ;   0.000  ; RR ; CELL ; 8      ; FF_X15_Y41_N56                        ; state_array[1][1][24]|q   ;
;   4.407 ;   0.059  ;    ; RE   ; 2      ; FF_X15_Y41_N56                        ; ARRIAV_FF                 ;
;   4.500 ;   0.093  ;    ; RE   ; 1      ; LOCAL_LINE_X15_Y41_N0_I18             ; LOCAL_LINE                ;
;   4.636 ;   0.136  ;    ; RE   ; 1      ; BLOCK_INPUT_MUX_X15_Y41_N0_I78        ; LEIM_INPUT                ;
;   4.637 ;   0.001  ; RR ; IC   ; 1      ; MLABCELL_X15_Y41_N54                  ; state_array~3066|datag    ;
;   4.858 ;   0.221  ; RR ; CELL ; 1      ; MLABCELL_X15_Y41_N54                  ; state_array~3066|combout  ;
;   4.858 ;   0.000  ;    ; RE   ; 1      ; MLABCELL_X15_Y41_N54                  ; ARRIAV_LCELL_COMB         ;
;   4.858 ;   0.000  ; RR ; IC   ; 1      ; FF_X15_Y41_N56                        ; state_array[1][1][24]|d   ;
;   4.940 ;   0.082  ; RR ; CELL ; 1      ; FF_X15_Y41_N56                        ; state_array[1][1][24]     ;
+---------+----------+----+------+--------+---------------------------------------+---------------------------+

+-------------------------------------------------------------------------------------------------------------+
; Data Required Path                                                                                          ;
+---------+----------+----+------+--------+---------------------------------------+---------------------------+
; Total   ; Incr     ; RF ; Type ; Fanout ; Location                              ; Element                   ;
+---------+----------+----+------+--------+---------------------------------------+---------------------------+
; 0.000   ; 0.000    ;    ;      ;        ;                                       ; latch edge time           ;
; 4.477   ; 4.477    ;    ;      ;        ;                                       ; clock path                ;
;   0.000 ;   0.000  ;    ;      ;        ;                                       ; source latency            ;
;   0.000 ;   0.000  ;    ;      ; 1      ; PIN_M16                               ; clk                       ;
;   0.000 ;   0.000  ;    ; RE   ; 1      ; IOPAD_X89_Y35_N60                     ; ARRIAV_IO_PAD             ;
;   0.000 ;   0.000  ;    ; RE   ; 1      ; IO_PAD_OUTPUT_X89_Y35_N60_I1          ; IO_PAD_OUTPUT             ;
;   0.000 ;   0.000  ;    ; RE   ; 1      ; IO_INPUT_BUFFER_INPUT_X89_Y35_N61_I0  ; IO_INPUT_BUFFER_INPUT     ;
;   0.000 ;   0.000  ; RR ; IC   ; 1      ; IOIBUF_X89_Y35_N61                    ; clk~input|i               ;
;   0.739 ;   0.739  ; RR ; CELL ; 1      ; IOIBUF_X89_Y35_N61                    ; clk~input|o               ;
;   0.739 ;   0.000  ;    ; RE   ; 1      ; IOIBUF_X89_Y35_N61                    ; ARRIAV_IO_IBUF            ;
;   0.739 ;   0.000  ;    ; RE   ; 1      ; IO_INPUT_BUFFER_OUTPUT_X89_Y35_N61_I2 ; IO_INPUT_BUFFER_OUTPUT    ;
;   0.739 ;   0.000  ;    ; RE   ; 1      ; IO_RE_X89_Y35_N60_I96                 ; IO_RE                     ;
;   0.833 ;   0.094  ;    ; RE   ; 1      ; IO_RE_X89_Y35_N60_I66                 ; IO_RE                     ;
;   1.125 ;   0.292  ;    ; RE   ; 1      ; CLKBUF_CLUSTER_RE_X89_Y39_N3_I421     ; CLKBUF_CLUSTER_RE         ;
;   1.125 ;   0.000  ;    ; RE   ; 1      ; CLKBUF_CLUSTER_RE_X89_Y39_N3_I756     ; CLKBUF_CLUSTER_RE         ;
;   1.125 ;   0.000  ;    ; RE   ; 1      ; CLKBUF_CLUSTER_RE_X89_Y39_N3_I493     ; CLKBUF_CLUSTER_RE         ;
;   1.125 ;   0.000  ;    ; RE   ; 1      ; GCLK_CLUSTER_RE_X89_Y39_N3_I10        ; GCLK_CLUSTER_RE           ;
;   1.125 ;   0.000  ;    ; RE   ; 1      ; CLKBUFBLOCK_INPUT_X89_Y39_N4_I0       ; CLKBUFBLOCK_INPUT         ;
;   1.125 ;   0.000  ; RR ; IC   ; 1      ; CLKCTRL_G8                            ; clk~inputCLKENA0|inclk    ;
;   1.632 ;   0.507  ; RR ; CELL ; 1674   ; CLKCTRL_G8                            ; clk~inputCLKENA0|outclk   ;
;   1.632 ;   0.000  ;    ; RE   ; 1      ; CLKCTRL_G8                            ; ARRIAV_CLKBUF             ;
;   1.632 ;   0.000  ;    ; RE   ; 1      ; CLKBUFBLOCK_OUTPUT_X89_Y39_N4_I2      ; CLKBUFBLOCK_OUTPUT        ;
;   1.632 ;   0.000  ;    ; RE   ; 1      ; GCLK_CLUSTER_RE_X89_Y39_N3_I12        ; GCLK_CLUSTER_RE           ;
;   1.632 ;   0.000  ;    ; RE   ; 1      ; CLKBUF_CLUSTER_RE_X89_Y39_N3_I415     ; CLKBUF_CLUSTER_RE         ;
;   2.465 ;   0.833  ;    ; RE   ; 5      ; GLOBAL_CLOCK_X0_Y36_N0_I8             ; GLOBAL_CLOCK              ;
;   2.633 ;   0.168  ;    ; RE   ; 19     ; SPINE_CLOCK_X15_Y37_N0_I6             ; SPINE_CLOCK               ;
;   3.077 ;   0.444  ;    ; RE   ; 1      ; SCLK_TO_ROWCLK_BUF_X15_Y41_N0_I37     ; SCLK_TO_ROWCLK_BUF        ;
;   3.173 ;   0.096  ;    ; RE   ; 2      ; SCLK_TO_ROWCLK_BUF_X15_Y41_N0_I40     ; SCLK_TO_ROWCLK_BUF        ;
;   3.669 ;   0.496  ;    ; RE   ; 4      ; LAB_CLK_X0_Y41_N0_I5                  ; LAB_CLK                   ;
;   3.832 ;   0.163  ;    ; RE   ; 1      ; BLK_CLK_BUF_X15_Y41_N0_I5             ; BLK_CLK_BUF               ;
;   3.891 ;   0.059  ;    ; RE   ; 1      ; ROWCLKSEL_PREBUF_X15_Y41_N0_I5        ; ROWCLKSEL_PREBUF          ;
;   3.951 ;   0.060  ;    ; RE   ; 1      ; ROWCLKSEL_X15_Y41_N0_I0               ; ROWCLKSEL                 ;
;   3.951 ;   0.000  ;    ; RE   ; 1      ; GLOBAL_LOCAL_SEL_X15_Y41_N0_I0        ; GLOBAL_LOCAL_SEL          ;
;   3.951 ;   0.000  ;    ; RE   ; 7      ; LAB_INPUT_X15_Y41_N0_I0               ; LAB_INPUT                 ;
;   3.951 ;   0.000  ; RR ; IC   ; 1      ; FF_X15_Y41_N56                        ; state_array[1][1][24]|clk ;
;   4.606 ;   0.655  ; RR ; CELL ; 1      ; FF_X15_Y41_N56                        ; state_array[1][1][24]     ;
;   4.477 ;   -0.129 ;    ;      ;        ;                                       ; clock pessimism removed   ;
; 4.477   ; 0.000    ;    ;      ;        ;                                       ; clock uncertainty         ;
; 4.477   ; 0.000    ;    ; uTh  ; 1      ; FF_X15_Y41_N56                        ; state_array[1][1][24]     ;
+---------+----------+----+------+--------+---------------------------------------+---------------------------+

----------------------------
; Extra Fitter Information ;
----------------------------
HTML report is unavailable in plain text report export.


Path #2: Hold slack is 0.479 
===============================================================================
+--------------------------------------------+
; Path Summary                               ;
+--------------------+-----------------------+
; Property           ; Value                 ;
+--------------------+-----------------------+
; From Node          ; state_array[1][1][44] ;
; To Node            ; state_array[1][1][44] ;
; Launch Clock       ; clk                   ;
; Latch Clock        ; clk                   ;
; Data Arrival Time  ; 4.880                 ;
; Data Required Time ; 4.401                 ;
; Slack              ; 0.479                 ;
+--------------------+-----------------------+

+-----------------------------------------------------------------------------------+
; Statistics                                                                        ;
+------------------------+-------+-------+-------------+------------+-------+-------+
; Property               ; Value ; Count ; Total Delay ; % of Total ; Min   ; Max   ;
+------------------------+-------+-------+-------------+------------+-------+-------+
; Hold Relationship      ; 0.000 ;       ;             ;            ;       ;       ;
; Clock Skew             ; 0.124 ;       ;             ;            ;       ;       ;
; Data Delay             ; 0.603 ;       ;             ;            ;       ;       ;
; Number of Logic Levels ;       ; 1     ;             ;            ;       ;       ;
; Physical Delays        ;       ;       ;             ;            ;       ;       ;
;  Arrival Path          ;       ;       ;             ;            ;       ;       ;
;   Clock                ;       ;       ;             ;            ;       ;       ;
;    IC                  ;       ; 3     ; 0.000       ; 0          ; 0.000 ; 0.000 ;
;    Cell                ;       ; 3     ; 1.773       ; 41         ; 0.470 ; 0.739 ;
;    Routing Element     ;       ; 26    ; 2.504       ; 59         ; 0.000 ; 0.788 ;
;   Data                 ;       ;       ;             ;            ;       ;       ;
;    IC                  ;       ; 2     ; 0.000       ; 0          ; 0.000 ; 0.000 ;
;    Cell                ;       ; 3     ; 0.303       ; 50         ; 0.000 ; 0.221 ;
;    uTco                ;       ; 1     ; 0.000       ; 0          ; 0.000 ; 0.000 ;
;    Routing Element     ;       ; 4     ; 0.300       ; 50         ; 0.000 ; 0.139 ;
;  Required Path         ;       ;       ;             ;            ;       ;       ;
;   Clock                ;       ;       ;             ;            ;       ;       ;
;    IC                  ;       ; 3     ; 0.000       ; 0          ; 0.000 ; 0.000 ;
;    Cell                ;       ; 3     ; 1.901       ; 42         ; 0.507 ; 0.739 ;
;    Routing Element     ;       ; 26    ; 2.630       ; 58         ; 0.000 ; 0.833 ;
+------------------------+-------+-------+-------------+------------+-------+-------+
Note: Negative delays are omitted from totals when calculating percentages

+------------------------------------------------------------------------------------------------------------+
; Data Arrival Path                                                                                          ;
+---------+---------+----+------+--------+---------------------------------------+---------------------------+
; Total   ; Incr    ; RF ; Type ; Fanout ; Location                              ; Element                   ;
+---------+---------+----+------+--------+---------------------------------------+---------------------------+
; 0.000   ; 0.000   ;    ;      ;        ;                                       ; launch edge time          ;
; 4.277   ; 4.277   ;    ;      ;        ;                                       ; clock path                ;
;   0.000 ;   0.000 ;    ;      ;        ;                                       ; source latency            ;
;   0.000 ;   0.000 ;    ;      ; 1      ; PIN_M16                               ; clk                       ;
;   0.000 ;   0.000 ;    ; RE   ; 1      ; IOPAD_X89_Y35_N60                     ; ARRIAV_IO_PAD             ;
;   0.000 ;   0.000 ;    ; RE   ; 1      ; IO_PAD_OUTPUT_X89_Y35_N60_I1          ; IO_PAD_OUTPUT             ;
;   0.000 ;   0.000 ;    ; RE   ; 1      ; IO_INPUT_BUFFER_INPUT_X89_Y35_N61_I0  ; IO_INPUT_BUFFER_INPUT     ;
;   0.000 ;   0.000 ; RR ; IC   ; 1      ; IOIBUF_X89_Y35_N61                    ; clk~input|i               ;
;   0.739 ;   0.739 ; RR ; CELL ; 1      ; IOIBUF_X89_Y35_N61                    ; clk~input|o               ;
;   0.739 ;   0.000 ;    ; RE   ; 1      ; IOIBUF_X89_Y35_N61                    ; ARRIAV_IO_IBUF            ;
;   0.739 ;   0.000 ;    ; RE   ; 1      ; IO_INPUT_BUFFER_OUTPUT_X89_Y35_N61_I2 ; IO_INPUT_BUFFER_OUTPUT    ;
;   0.739 ;   0.000 ;    ; RE   ; 1      ; IO_RE_X89_Y35_N60_I96                 ; IO_RE                     ;
;   0.827 ;   0.088 ;    ; RE   ; 1      ; IO_RE_X89_Y35_N60_I66                 ; IO_RE                     ;
;   1.102 ;   0.275 ;    ; RE   ; 1      ; CLKBUF_CLUSTER_RE_X89_Y39_N3_I421     ; CLKBUF_CLUSTER_RE         ;
;   1.102 ;   0.000 ;    ; RE   ; 1      ; CLKBUF_CLUSTER_RE_X89_Y39_N3_I756     ; CLKBUF_CLUSTER_RE         ;
;   1.102 ;   0.000 ;    ; RE   ; 1      ; CLKBUF_CLUSTER_RE_X89_Y39_N3_I493     ; CLKBUF_CLUSTER_RE         ;
;   1.102 ;   0.000 ;    ; RE   ; 1      ; GCLK_CLUSTER_RE_X89_Y39_N3_I10        ; GCLK_CLUSTER_RE           ;
;   1.102 ;   0.000 ;    ; RE   ; 1      ; CLKBUFBLOCK_INPUT_X89_Y39_N4_I0       ; CLKBUFBLOCK_INPUT         ;
;   1.102 ;   0.000 ; RR ; IC   ; 1      ; CLKCTRL_G8                            ; clk~inputCLKENA0|inclk    ;
;   1.572 ;   0.470 ; RR ; CELL ; 1674   ; CLKCTRL_G8                            ; clk~inputCLKENA0|outclk   ;
;   1.572 ;   0.000 ;    ; RE   ; 1      ; CLKCTRL_G8                            ; ARRIAV_CLKBUF             ;
;   1.572 ;   0.000 ;    ; RE   ; 1      ; CLKBUFBLOCK_OUTPUT_X89_Y39_N4_I2      ; CLKBUFBLOCK_OUTPUT        ;
;   1.572 ;   0.000 ;    ; RE   ; 1      ; GCLK_CLUSTER_RE_X89_Y39_N3_I12        ; GCLK_CLUSTER_RE           ;
;   1.572 ;   0.000 ;    ; RE   ; 1      ; CLKBUF_CLUSTER_RE_X89_Y39_N3_I415     ; CLKBUF_CLUSTER_RE         ;
;   2.360 ;   0.788 ;    ; RE   ; 5      ; GLOBAL_CLOCK_X0_Y36_N0_I8             ; GLOBAL_CLOCK              ;
;   2.516 ;   0.156 ;    ; RE   ; 19     ; SPINE_CLOCK_X15_Y37_N0_I6             ; SPINE_CLOCK               ;
;   2.938 ;   0.422 ;    ; RE   ; 1      ; SCLK_TO_ROWCLK_BUF_X15_Y46_N0_I37     ; SCLK_TO_ROWCLK_BUF        ;
;   3.029 ;   0.091 ;    ; RE   ; 2      ; SCLK_TO_ROWCLK_BUF_X15_Y46_N0_I40     ; SCLK_TO_ROWCLK_BUF        ;
;   3.485 ;   0.456 ;    ; RE   ; 8      ; LAB_CLK_X16_Y46_N0_I5                 ; LAB_CLK                   ;
;   3.606 ;   0.121 ;    ; RE   ; 1      ; BLK_CLK_BUF_X16_Y46_N0_I5             ; BLK_CLK_BUF               ;
;   3.657 ;   0.051 ;    ; RE   ; 1      ; ROWCLKSEL_PREBUF_X16_Y46_N0_I5        ; ROWCLKSEL_PREBUF          ;
;   3.713 ;   0.056 ;    ; RE   ; 1      ; ROWCLKSEL_X16_Y46_N0_I0               ; ROWCLKSEL                 ;
;   3.713 ;   0.000 ;    ; RE   ; 1      ; GLOBAL_LOCAL_SEL_X16_Y46_N0_I0        ; GLOBAL_LOCAL_SEL          ;
;   3.713 ;   0.000 ;    ; RE   ; 6      ; LAB_INPUT_X16_Y46_N0_I0               ; LAB_INPUT                 ;
;   3.713 ;   0.000 ; RR ; IC   ; 1      ; FF_X16_Y46_N56                        ; state_array[1][1][44]|clk ;
;   4.277 ;   0.564 ; RR ; CELL ; 1      ; FF_X16_Y46_N56                        ; state_array[1][1][44]     ;
; 4.880   ; 0.603   ;    ;      ;        ;                                       ; data path                 ;
;   4.277 ;   0.000 ;    ; uTco ; 1      ; FF_X16_Y46_N56                        ; state_array[1][1][44]     ;
;   4.277 ;   0.000 ; RR ; CELL ; 4      ; FF_X16_Y46_N56                        ; state_array[1][1][44]|q   ;
;   4.336 ;   0.059 ;    ; RE   ; 2      ; FF_X16_Y46_N56                        ; ARRIAV_FF                 ;
;   4.438 ;   0.102 ;    ; RE   ; 1      ; LOCAL_LINE_X16_Y46_N0_I18             ; LOCAL_LINE                ;
;   4.577 ;   0.139 ;    ; RE   ; 1      ; BLOCK_INPUT_MUX_X16_Y46_N0_I78        ; LEIM_INPUT                ;
;   4.577 ;   0.000 ; RR ; IC   ; 1      ; LABCELL_X16_Y46_N54                   ; state_array~2958|datag    ;
;   4.798 ;   0.221 ; RR ; CELL ; 1      ; LABCELL_X16_Y46_N54                   ; state_array~2958|combout  ;
;   4.798 ;   0.000 ;    ; RE   ; 1      ; LABCELL_X16_Y46_N54                   ; ARRIAV_LCELL_COMB         ;
;   4.798 ;   0.000 ; RR ; IC   ; 1      ; FF_X16_Y46_N56                        ; state_array[1][1][44]|d   ;
;   4.880 ;   0.082 ; RR ; CELL ; 1      ; FF_X16_Y46_N56                        ; state_array[1][1][44]     ;
+---------+---------+----+------+--------+---------------------------------------+---------------------------+

+-------------------------------------------------------------------------------------------------------------+
; Data Required Path                                                                                          ;
+---------+----------+----+------+--------+---------------------------------------+---------------------------+
; Total   ; Incr     ; RF ; Type ; Fanout ; Location                              ; Element                   ;
+---------+----------+----+------+--------+---------------------------------------+---------------------------+
; 0.000   ; 0.000    ;    ;      ;        ;                                       ; latch edge time           ;
; 4.401   ; 4.401    ;    ;      ;        ;                                       ; clock path                ;
;   0.000 ;   0.000  ;    ;      ;        ;                                       ; source latency            ;
;   0.000 ;   0.000  ;    ;      ; 1      ; PIN_M16                               ; clk                       ;
;   0.000 ;   0.000  ;    ; RE   ; 1      ; IOPAD_X89_Y35_N60                     ; ARRIAV_IO_PAD             ;
;   0.000 ;   0.000  ;    ; RE   ; 1      ; IO_PAD_OUTPUT_X89_Y35_N60_I1          ; IO_PAD_OUTPUT             ;
;   0.000 ;   0.000  ;    ; RE   ; 1      ; IO_INPUT_BUFFER_INPUT_X89_Y35_N61_I0  ; IO_INPUT_BUFFER_INPUT     ;
;   0.000 ;   0.000  ; RR ; IC   ; 1      ; IOIBUF_X89_Y35_N61                    ; clk~input|i               ;
;   0.739 ;   0.739  ; RR ; CELL ; 1      ; IOIBUF_X89_Y35_N61                    ; clk~input|o               ;
;   0.739 ;   0.000  ;    ; RE   ; 1      ; IOIBUF_X89_Y35_N61                    ; ARRIAV_IO_IBUF            ;
;   0.739 ;   0.000  ;    ; RE   ; 1      ; IO_INPUT_BUFFER_OUTPUT_X89_Y35_N61_I2 ; IO_INPUT_BUFFER_OUTPUT    ;
;   0.739 ;   0.000  ;    ; RE   ; 1      ; IO_RE_X89_Y35_N60_I96                 ; IO_RE                     ;
;   0.833 ;   0.094  ;    ; RE   ; 1      ; IO_RE_X89_Y35_N60_I66                 ; IO_RE                     ;
;   1.125 ;   0.292  ;    ; RE   ; 1      ; CLKBUF_CLUSTER_RE_X89_Y39_N3_I421     ; CLKBUF_CLUSTER_RE         ;
;   1.125 ;   0.000  ;    ; RE   ; 1      ; CLKBUF_CLUSTER_RE_X89_Y39_N3_I756     ; CLKBUF_CLUSTER_RE         ;
;   1.125 ;   0.000  ;    ; RE   ; 1      ; CLKBUF_CLUSTER_RE_X89_Y39_N3_I493     ; CLKBUF_CLUSTER_RE         ;
;   1.125 ;   0.000  ;    ; RE   ; 1      ; GCLK_CLUSTER_RE_X89_Y39_N3_I10        ; GCLK_CLUSTER_RE           ;
;   1.125 ;   0.000  ;    ; RE   ; 1      ; CLKBUFBLOCK_INPUT_X89_Y39_N4_I0       ; CLKBUFBLOCK_INPUT         ;
;   1.125 ;   0.000  ; RR ; IC   ; 1      ; CLKCTRL_G8                            ; clk~inputCLKENA0|inclk    ;
;   1.632 ;   0.507  ; RR ; CELL ; 1674   ; CLKCTRL_G8                            ; clk~inputCLKENA0|outclk   ;
;   1.632 ;   0.000  ;    ; RE   ; 1      ; CLKCTRL_G8                            ; ARRIAV_CLKBUF             ;
;   1.632 ;   0.000  ;    ; RE   ; 1      ; CLKBUFBLOCK_OUTPUT_X89_Y39_N4_I2      ; CLKBUFBLOCK_OUTPUT        ;
;   1.632 ;   0.000  ;    ; RE   ; 1      ; GCLK_CLUSTER_RE_X89_Y39_N3_I12        ; GCLK_CLUSTER_RE           ;
;   1.632 ;   0.000  ;    ; RE   ; 1      ; CLKBUF_CLUSTER_RE_X89_Y39_N3_I415     ; CLKBUF_CLUSTER_RE         ;
;   2.465 ;   0.833  ;    ; RE   ; 5      ; GLOBAL_CLOCK_X0_Y36_N0_I8             ; GLOBAL_CLOCK              ;
;   2.627 ;   0.162  ;    ; RE   ; 19     ; SPINE_CLOCK_X15_Y37_N0_I6             ; SPINE_CLOCK               ;
;   3.064 ;   0.437  ;    ; RE   ; 1      ; SCLK_TO_ROWCLK_BUF_X15_Y46_N0_I37     ; SCLK_TO_ROWCLK_BUF        ;
;   3.159 ;   0.095  ;    ; RE   ; 2      ; SCLK_TO_ROWCLK_BUF_X15_Y46_N0_I40     ; SCLK_TO_ROWCLK_BUF        ;
;   3.632 ;   0.473  ;    ; RE   ; 8      ; LAB_CLK_X16_Y46_N0_I5                 ; LAB_CLK                   ;
;   3.763 ;   0.131  ;    ; RE   ; 1      ; BLK_CLK_BUF_X16_Y46_N0_I5             ; BLK_CLK_BUF               ;
;   3.816 ;   0.053  ;    ; RE   ; 1      ; ROWCLKSEL_PREBUF_X16_Y46_N0_I5        ; ROWCLKSEL_PREBUF          ;
;   3.876 ;   0.060  ;    ; RE   ; 1      ; ROWCLKSEL_X16_Y46_N0_I0               ; ROWCLKSEL                 ;
;   3.876 ;   0.000  ;    ; RE   ; 1      ; GLOBAL_LOCAL_SEL_X16_Y46_N0_I0        ; GLOBAL_LOCAL_SEL          ;
;   3.876 ;   0.000  ;    ; RE   ; 6      ; LAB_INPUT_X16_Y46_N0_I0               ; LAB_INPUT                 ;
;   3.876 ;   0.000  ; RR ; IC   ; 1      ; FF_X16_Y46_N56                        ; state_array[1][1][44]|clk ;
;   4.531 ;   0.655  ; RR ; CELL ; 1      ; FF_X16_Y46_N56                        ; state_array[1][1][44]     ;
;   4.401 ;   -0.130 ;    ;      ;        ;                                       ; clock pessimism removed   ;
; 4.401   ; 0.000    ;    ;      ;        ;                                       ; clock uncertainty         ;
; 4.401   ; 0.000    ;    ; uTh  ; 1      ; FF_X16_Y46_N56                        ; state_array[1][1][44]     ;
+---------+----------+----+------+--------+---------------------------------------+---------------------------+

----------------------------
; Extra Fitter Information ;
----------------------------
HTML report is unavailable in plain text report export.


Path #3: Hold slack is 0.487 
===============================================================================
+--------------------------------------------+
; Path Summary                               ;
+--------------------+-----------------------+
; Property           ; Value                 ;
+--------------------+-----------------------+
; From Node          ; state_array[1][1][37] ;
; To Node            ; state_array[1][1][37] ;
; Launch Clock       ; clk                   ;
; Latch Clock        ; clk                   ;
; Data Arrival Time  ; 4.914                 ;
; Data Required Time ; 4.427                 ;
; Slack              ; 0.487                 ;
+--------------------+-----------------------+

+------------------------------------------------------------------------------------+
; Statistics                                                                         ;
+------------------------+-------+-------+-------------+------------+--------+-------+
; Property               ; Value ; Count ; Total Delay ; % of Total ; Min    ; Max   ;
+------------------------+-------+-------+-------------+------------+--------+-------+
; Hold Relationship      ; 0.000 ;       ;             ;            ;        ;       ;
; Clock Skew             ; 0.127 ;       ;             ;            ;        ;       ;
; Data Delay             ; 0.614 ;       ;             ;            ;        ;       ;
; Number of Logic Levels ;       ; 1     ;             ;            ;        ;       ;
; Physical Delays        ;       ;       ;             ;            ;        ;       ;
;  Arrival Path          ;       ;       ;             ;            ;        ;       ;
;   Clock                ;       ;       ;             ;            ;        ;       ;
;    IC                  ;       ; 3     ; -0.002      ; 0          ; -0.002 ; 0.000 ;
;    Cell                ;       ; 3     ; 1.773       ; 41         ; 0.470  ; 0.739 ;
;    Routing Element     ;       ; 26    ; 2.529       ; 59         ; 0.000  ; 0.790 ;
;   Data                 ;       ;       ;             ;            ;        ;       ;
;    IC                  ;       ; 2     ; 0.000       ; 0          ; 0.000  ; 0.000 ;
;    Cell                ;       ; 3     ; 0.303       ; 49         ; 0.000  ; 0.221 ;
;    uTco                ;       ; 1     ; 0.000       ; 0          ; 0.000  ; 0.000 ;
;    Routing Element     ;       ; 4     ; 0.311       ; 51         ; 0.000  ; 0.140 ;
;  Required Path         ;       ;       ;             ;            ;        ;       ;
;   Clock                ;       ;       ;             ;            ;        ;       ;
;    IC                  ;       ; 3     ; 0.000       ; 0          ; 0.000  ; 0.000 ;
;    Cell                ;       ; 3     ; 1.901       ; 42         ; 0.507  ; 0.739 ;
;    Routing Element     ;       ; 26    ; 2.654       ; 58         ; 0.000  ; 0.835 ;
+------------------------+-------+-------+-------------+------------+--------+-------+
Note: Negative delays are omitted from totals when calculating percentages

+-------------------------------------------------------------------------------------------------------------+
; Data Arrival Path                                                                                           ;
+---------+----------+----+------+--------+---------------------------------------+---------------------------+
; Total   ; Incr     ; RF ; Type ; Fanout ; Location                              ; Element                   ;
+---------+----------+----+------+--------+---------------------------------------+---------------------------+
; 0.000   ; 0.000    ;    ;      ;        ;                                       ; launch edge time          ;
; 4.300   ; 4.300    ;    ;      ;        ;                                       ; clock path                ;
;   0.000 ;   0.000  ;    ;      ;        ;                                       ; source latency            ;
;   0.000 ;   0.000  ;    ;      ; 1      ; PIN_M16                               ; clk                       ;
;   0.000 ;   0.000  ;    ; RE   ; 1      ; IOPAD_X89_Y35_N60                     ; ARRIAV_IO_PAD             ;
;   0.000 ;   0.000  ;    ; RE   ; 1      ; IO_PAD_OUTPUT_X89_Y35_N60_I1          ; IO_PAD_OUTPUT             ;
;   0.000 ;   0.000  ;    ; RE   ; 1      ; IO_INPUT_BUFFER_INPUT_X89_Y35_N61_I0  ; IO_INPUT_BUFFER_INPUT     ;
;   0.000 ;   0.000  ; RR ; IC   ; 1      ; IOIBUF_X89_Y35_N61                    ; clk~input|i               ;
;   0.739 ;   0.739  ; RR ; CELL ; 1      ; IOIBUF_X89_Y35_N61                    ; clk~input|o               ;
;   0.739 ;   0.000  ;    ; RE   ; 1      ; IOIBUF_X89_Y35_N61                    ; ARRIAV_IO_IBUF            ;
;   0.739 ;   0.000  ;    ; RE   ; 1      ; IO_INPUT_BUFFER_OUTPUT_X89_Y35_N61_I2 ; IO_INPUT_BUFFER_OUTPUT    ;
;   0.739 ;   0.000  ;    ; RE   ; 1      ; IO_RE_X89_Y35_N60_I96                 ; IO_RE                     ;
;   0.827 ;   0.088  ;    ; RE   ; 1      ; IO_RE_X89_Y35_N60_I66                 ; IO_RE                     ;
;   1.102 ;   0.275  ;    ; RE   ; 1      ; CLKBUF_CLUSTER_RE_X89_Y39_N3_I421     ; CLKBUF_CLUSTER_RE         ;
;   1.102 ;   0.000  ;    ; RE   ; 1      ; CLKBUF_CLUSTER_RE_X89_Y39_N3_I756     ; CLKBUF_CLUSTER_RE         ;
;   1.102 ;   0.000  ;    ; RE   ; 1      ; CLKBUF_CLUSTER_RE_X89_Y39_N3_I493     ; CLKBUF_CLUSTER_RE         ;
;   1.102 ;   0.000  ;    ; RE   ; 1      ; GCLK_CLUSTER_RE_X89_Y39_N3_I10        ; GCLK_CLUSTER_RE           ;
;   1.102 ;   0.000  ;    ; RE   ; 1      ; CLKBUFBLOCK_INPUT_X89_Y39_N4_I0       ; CLKBUFBLOCK_INPUT         ;
;   1.102 ;   0.000  ; RR ; IC   ; 1      ; CLKCTRL_G8                            ; clk~inputCLKENA0|inclk    ;
;   1.572 ;   0.470  ; RR ; CELL ; 1674   ; CLKCTRL_G8                            ; clk~inputCLKENA0|outclk   ;
;   1.572 ;   0.000  ;    ; RE   ; 1      ; CLKCTRL_G8                            ; ARRIAV_CLKBUF             ;
;   1.572 ;   0.000  ;    ; RE   ; 1      ; CLKBUFBLOCK_OUTPUT_X89_Y39_N4_I2      ; CLKBUFBLOCK_OUTPUT        ;
;   1.572 ;   0.000  ;    ; RE   ; 1      ; GCLK_CLUSTER_RE_X89_Y39_N3_I12        ; GCLK_CLUSTER_RE           ;
;   1.572 ;   0.000  ;    ; RE   ; 1      ; CLKBUF_CLUSTER_RE_X89_Y39_N3_I415     ; CLKBUF_CLUSTER_RE         ;
;   2.362 ;   0.790  ;    ; RE   ; 5      ; GLOBAL_CLOCK_X0_Y36_N0_I8             ; GLOBAL_CLOCK              ;
;   2.514 ;   0.152  ;    ; RE   ; 20     ; SPINE_CLOCK_X33_Y37_N0_I6             ; SPINE_CLOCK               ;
;   2.937 ;   0.423  ;    ; RE   ; 1      ; SCLK_TO_ROWCLK_BUF_X33_Y49_N0_I37     ; SCLK_TO_ROWCLK_BUF        ;
;   3.029 ;   0.092  ;    ; RE   ; 2      ; SCLK_TO_ROWCLK_BUF_X33_Y49_N0_I40     ; SCLK_TO_ROWCLK_BUF        ;
;   3.495 ;   0.466  ;    ; RE   ; 5      ; LAB_CLK_X34_Y49_N0_I5                 ; LAB_CLK                   ;
;   3.628 ;   0.133  ;    ; RE   ; 1      ; BLK_CLK_BUF_X35_Y49_N0_I5             ; BLK_CLK_BUF               ;
;   3.683 ;   0.055  ;    ; RE   ; 1      ; ROWCLKSEL_PREBUF_X35_Y49_N0_I5        ; ROWCLKSEL_PREBUF          ;
;   3.738 ;   0.055  ;    ; RE   ; 1      ; ROWCLKSEL_X35_Y49_N0_I0               ; ROWCLKSEL                 ;
;   3.738 ;   0.000  ;    ; RE   ; 1      ; GLOBAL_LOCAL_SEL_X35_Y49_N0_I0        ; GLOBAL_LOCAL_SEL          ;
;   3.738 ;   0.000  ;    ; RE   ; 3      ; LAB_INPUT_X35_Y49_N0_I0               ; LAB_INPUT                 ;
;   3.736 ;   -0.002 ; RR ; IC   ; 1      ; FF_X35_Y49_N38                        ; state_array[1][1][37]|clk ;
;   4.300 ;   0.564  ; RR ; CELL ; 1      ; FF_X35_Y49_N38                        ; state_array[1][1][37]     ;
; 4.914   ; 0.614    ;    ;      ;        ;                                       ; data path                 ;
;   4.300 ;   0.000  ;    ; uTco ; 1      ; FF_X35_Y49_N38                        ; state_array[1][1][37]     ;
;   4.300 ;   0.000  ; RR ; CELL ; 6      ; FF_X35_Y49_N38                        ; state_array[1][1][37]|q   ;
;   4.377 ;   0.077  ;    ; RE   ; 2      ; FF_X35_Y49_N38                        ; ARRIAV_FF                 ;
;   4.471 ;   0.094  ;    ; RE   ; 1      ; LOCAL_LINE_X35_Y49_N0_I12             ; LOCAL_LINE                ;
;   4.611 ;   0.140  ;    ; RE   ; 1      ; BLOCK_INPUT_MUX_X35_Y49_N0_I54        ; LEIM_INPUT                ;
;   4.611 ;   0.000  ; RR ; IC   ; 1      ; LABCELL_X35_Y49_N36                   ; state_array~2994|datag    ;
;   4.832 ;   0.221  ; RR ; CELL ; 1      ; LABCELL_X35_Y49_N36                   ; state_array~2994|combout  ;
;   4.832 ;   0.000  ;    ; RE   ; 1      ; LABCELL_X35_Y49_N36                   ; ARRIAV_LCELL_COMB         ;
;   4.832 ;   0.000  ; RR ; IC   ; 1      ; FF_X35_Y49_N38                        ; state_array[1][1][37]|d   ;
;   4.914 ;   0.082  ; RR ; CELL ; 1      ; FF_X35_Y49_N38                        ; state_array[1][1][37]     ;
+---------+----------+----+------+--------+---------------------------------------+---------------------------+

+-------------------------------------------------------------------------------------------------------------+
; Data Required Path                                                                                          ;
+---------+----------+----+------+--------+---------------------------------------+---------------------------+
; Total   ; Incr     ; RF ; Type ; Fanout ; Location                              ; Element                   ;
+---------+----------+----+------+--------+---------------------------------------+---------------------------+
; 0.000   ; 0.000    ;    ;      ;        ;                                       ; latch edge time           ;
; 4.427   ; 4.427    ;    ;      ;        ;                                       ; clock path                ;
;   0.000 ;   0.000  ;    ;      ;        ;                                       ; source latency            ;
;   0.000 ;   0.000  ;    ;      ; 1      ; PIN_M16                               ; clk                       ;
;   0.000 ;   0.000  ;    ; RE   ; 1      ; IOPAD_X89_Y35_N60                     ; ARRIAV_IO_PAD             ;
;   0.000 ;   0.000  ;    ; RE   ; 1      ; IO_PAD_OUTPUT_X89_Y35_N60_I1          ; IO_PAD_OUTPUT             ;
;   0.000 ;   0.000  ;    ; RE   ; 1      ; IO_INPUT_BUFFER_INPUT_X89_Y35_N61_I0  ; IO_INPUT_BUFFER_INPUT     ;
;   0.000 ;   0.000  ; RR ; IC   ; 1      ; IOIBUF_X89_Y35_N61                    ; clk~input|i               ;
;   0.739 ;   0.739  ; RR ; CELL ; 1      ; IOIBUF_X89_Y35_N61                    ; clk~input|o               ;
;   0.739 ;   0.000  ;    ; RE   ; 1      ; IOIBUF_X89_Y35_N61                    ; ARRIAV_IO_IBUF            ;
;   0.739 ;   0.000  ;    ; RE   ; 1      ; IO_INPUT_BUFFER_OUTPUT_X89_Y35_N61_I2 ; IO_INPUT_BUFFER_OUTPUT    ;
;   0.739 ;   0.000  ;    ; RE   ; 1      ; IO_RE_X89_Y35_N60_I96                 ; IO_RE                     ;
;   0.833 ;   0.094  ;    ; RE   ; 1      ; IO_RE_X89_Y35_N60_I66                 ; IO_RE                     ;
;   1.125 ;   0.292  ;    ; RE   ; 1      ; CLKBUF_CLUSTER_RE_X89_Y39_N3_I421     ; CLKBUF_CLUSTER_RE         ;
;   1.125 ;   0.000  ;    ; RE   ; 1      ; CLKBUF_CLUSTER_RE_X89_Y39_N3_I756     ; CLKBUF_CLUSTER_RE         ;
;   1.125 ;   0.000  ;    ; RE   ; 1      ; CLKBUF_CLUSTER_RE_X89_Y39_N3_I493     ; CLKBUF_CLUSTER_RE         ;
;   1.125 ;   0.000  ;    ; RE   ; 1      ; GCLK_CLUSTER_RE_X89_Y39_N3_I10        ; GCLK_CLUSTER_RE           ;
;   1.125 ;   0.000  ;    ; RE   ; 1      ; CLKBUFBLOCK_INPUT_X89_Y39_N4_I0       ; CLKBUFBLOCK_INPUT         ;
;   1.125 ;   0.000  ; RR ; IC   ; 1      ; CLKCTRL_G8                            ; clk~inputCLKENA0|inclk    ;
;   1.632 ;   0.507  ; RR ; CELL ; 1674   ; CLKCTRL_G8                            ; clk~inputCLKENA0|outclk   ;
;   1.632 ;   0.000  ;    ; RE   ; 1      ; CLKCTRL_G8                            ; ARRIAV_CLKBUF             ;
;   1.632 ;   0.000  ;    ; RE   ; 1      ; CLKBUFBLOCK_OUTPUT_X89_Y39_N4_I2      ; CLKBUFBLOCK_OUTPUT        ;
;   1.632 ;   0.000  ;    ; RE   ; 1      ; GCLK_CLUSTER_RE_X89_Y39_N3_I12        ; GCLK_CLUSTER_RE           ;
;   1.632 ;   0.000  ;    ; RE   ; 1      ; CLKBUF_CLUSTER_RE_X89_Y39_N3_I415     ; CLKBUF_CLUSTER_RE         ;
;   2.467 ;   0.835  ;    ; RE   ; 5      ; GLOBAL_CLOCK_X0_Y36_N0_I8             ; GLOBAL_CLOCK              ;
;   2.624 ;   0.157  ;    ; RE   ; 20     ; SPINE_CLOCK_X33_Y37_N0_I6             ; SPINE_CLOCK               ;
;   3.062 ;   0.438  ;    ; RE   ; 1      ; SCLK_TO_ROWCLK_BUF_X33_Y49_N0_I37     ; SCLK_TO_ROWCLK_BUF        ;
;   3.157 ;   0.095  ;    ; RE   ; 2      ; SCLK_TO_ROWCLK_BUF_X33_Y49_N0_I40     ; SCLK_TO_ROWCLK_BUF        ;
;   3.640 ;   0.483  ;    ; RE   ; 5      ; LAB_CLK_X34_Y49_N0_I5                 ; LAB_CLK                   ;
;   3.784 ;   0.144  ;    ; RE   ; 1      ; BLK_CLK_BUF_X35_Y49_N0_I5             ; BLK_CLK_BUF               ;
;   3.841 ;   0.057  ;    ; RE   ; 1      ; ROWCLKSEL_PREBUF_X35_Y49_N0_I5        ; ROWCLKSEL_PREBUF          ;
;   3.900 ;   0.059  ;    ; RE   ; 1      ; ROWCLKSEL_X35_Y49_N0_I0               ; ROWCLKSEL                 ;
;   3.900 ;   0.000  ;    ; RE   ; 1      ; GLOBAL_LOCAL_SEL_X35_Y49_N0_I0        ; GLOBAL_LOCAL_SEL          ;
;   3.900 ;   0.000  ;    ; RE   ; 3      ; LAB_INPUT_X35_Y49_N0_I0               ; LAB_INPUT                 ;
;   3.900 ;   0.000  ; RR ; IC   ; 1      ; FF_X35_Y49_N38                        ; state_array[1][1][37]|clk ;
;   4.555 ;   0.655  ; RR ; CELL ; 1      ; FF_X35_Y49_N38                        ; state_array[1][1][37]     ;
;   4.427 ;   -0.128 ;    ;      ;        ;                                       ; clock pessimism removed   ;
; 4.427   ; 0.000    ;    ;      ;        ;                                       ; clock uncertainty         ;
; 4.427   ; 0.000    ;    ; uTh  ; 1      ; FF_X35_Y49_N38                        ; state_array[1][1][37]     ;
+---------+----------+----+------+--------+---------------------------------------+---------------------------+

----------------------------
; Extra Fitter Information ;
----------------------------
HTML report is unavailable in plain text report export.


Path #4: Hold slack is 0.489 
===============================================================================
+--------------------------------------------+
; Path Summary                               ;
+--------------------+-----------------------+
; Property           ; Value                 ;
+--------------------+-----------------------+
; From Node          ; state_array[1][1][12] ;
; To Node            ; state_array[1][1][12] ;
; Launch Clock       ; clk                   ;
; Latch Clock        ; clk                   ;
; Data Arrival Time  ; 4.918                 ;
; Data Required Time ; 4.429                 ;
; Slack              ; 0.489                 ;
+--------------------+-----------------------+

+------------------------------------------------------------------------------------+
; Statistics                                                                         ;
+------------------------+-------+-------+-------------+------------+--------+-------+
; Property               ; Value ; Count ; Total Delay ; % of Total ; Min    ; Max   ;
+------------------------+-------+-------+-------------+------------+--------+-------+
; Hold Relationship      ; 0.000 ;       ;             ;            ;        ;       ;
; Clock Skew             ; 0.125 ;       ;             ;            ;        ;       ;
; Data Delay             ; 0.614 ;       ;             ;            ;        ;       ;
; Number of Logic Levels ;       ; 1     ;             ;            ;        ;       ;
; Physical Delays        ;       ;       ;             ;            ;        ;       ;
;  Arrival Path          ;       ;       ;             ;            ;        ;       ;
;   Clock                ;       ;       ;             ;            ;        ;       ;
;    IC                  ;       ; 3     ; 0.000       ; 0          ; 0.000  ; 0.000 ;
;    Cell                ;       ; 3     ; 1.773       ; 41         ; 0.470  ; 0.739 ;
;    Routing Element     ;       ; 26    ; 2.531       ; 59         ; 0.000  ; 0.790 ;
;   Data                 ;       ;       ;             ;            ;        ;       ;
;    IC                  ;       ; 2     ; 0.000       ; 0          ; 0.000  ; 0.000 ;
;    Cell                ;       ; 3     ; 0.303       ; 49         ; 0.000  ; 0.221 ;
;    uTco                ;       ; 1     ; 0.000       ; 0          ; 0.000  ; 0.000 ;
;    Routing Element     ;       ; 4     ; 0.311       ; 51         ; 0.000  ; 0.140 ;
;  Required Path         ;       ;       ;             ;            ;        ;       ;
;   Clock                ;       ;       ;             ;            ;        ;       ;
;    IC                  ;       ; 3     ; -0.001      ; 0          ; -0.001 ; 0.000 ;
;    Cell                ;       ; 3     ; 1.901       ; 42         ; 0.507  ; 0.739 ;
;    Routing Element     ;       ; 26    ; 2.658       ; 58         ; 0.000  ; 0.835 ;
+------------------------+-------+-------+-------------+------------+--------+-------+
Note: Negative delays are omitted from totals when calculating percentages

+------------------------------------------------------------------------------------------------------------+
; Data Arrival Path                                                                                          ;
+---------+---------+----+------+--------+---------------------------------------+---------------------------+
; Total   ; Incr    ; RF ; Type ; Fanout ; Location                              ; Element                   ;
+---------+---------+----+------+--------+---------------------------------------+---------------------------+
; 0.000   ; 0.000   ;    ;      ;        ;                                       ; launch edge time          ;
; 4.304   ; 4.304   ;    ;      ;        ;                                       ; clock path                ;
;   0.000 ;   0.000 ;    ;      ;        ;                                       ; source latency            ;
;   0.000 ;   0.000 ;    ;      ; 1      ; PIN_M16                               ; clk                       ;
;   0.000 ;   0.000 ;    ; RE   ; 1      ; IOPAD_X89_Y35_N60                     ; ARRIAV_IO_PAD             ;
;   0.000 ;   0.000 ;    ; RE   ; 1      ; IO_PAD_OUTPUT_X89_Y35_N60_I1          ; IO_PAD_OUTPUT             ;
;   0.000 ;   0.000 ;    ; RE   ; 1      ; IO_INPUT_BUFFER_INPUT_X89_Y35_N61_I0  ; IO_INPUT_BUFFER_INPUT     ;
;   0.000 ;   0.000 ; RR ; IC   ; 1      ; IOIBUF_X89_Y35_N61                    ; clk~input|i               ;
;   0.739 ;   0.739 ; RR ; CELL ; 1      ; IOIBUF_X89_Y35_N61                    ; clk~input|o               ;
;   0.739 ;   0.000 ;    ; RE   ; 1      ; IOIBUF_X89_Y35_N61                    ; ARRIAV_IO_IBUF            ;
;   0.739 ;   0.000 ;    ; RE   ; 1      ; IO_INPUT_BUFFER_OUTPUT_X89_Y35_N61_I2 ; IO_INPUT_BUFFER_OUTPUT    ;
;   0.739 ;   0.000 ;    ; RE   ; 1      ; IO_RE_X89_Y35_N60_I96                 ; IO_RE                     ;
;   0.827 ;   0.088 ;    ; RE   ; 1      ; IO_RE_X89_Y35_N60_I66                 ; IO_RE                     ;
;   1.102 ;   0.275 ;    ; RE   ; 1      ; CLKBUF_CLUSTER_RE_X89_Y39_N3_I421     ; CLKBUF_CLUSTER_RE         ;
;   1.102 ;   0.000 ;    ; RE   ; 1      ; CLKBUF_CLUSTER_RE_X89_Y39_N3_I756     ; CLKBUF_CLUSTER_RE         ;
;   1.102 ;   0.000 ;    ; RE   ; 1      ; CLKBUF_CLUSTER_RE_X89_Y39_N3_I493     ; CLKBUF_CLUSTER_RE         ;
;   1.102 ;   0.000 ;    ; RE   ; 1      ; GCLK_CLUSTER_RE_X89_Y39_N3_I10        ; GCLK_CLUSTER_RE           ;
;   1.102 ;   0.000 ;    ; RE   ; 1      ; CLKBUFBLOCK_INPUT_X89_Y39_N4_I0       ; CLKBUFBLOCK_INPUT         ;
;   1.102 ;   0.000 ; RR ; IC   ; 1      ; CLKCTRL_G8                            ; clk~inputCLKENA0|inclk    ;
;   1.572 ;   0.470 ; RR ; CELL ; 1674   ; CLKCTRL_G8                            ; clk~inputCLKENA0|outclk   ;
;   1.572 ;   0.000 ;    ; RE   ; 1      ; CLKCTRL_G8                            ; ARRIAV_CLKBUF             ;
;   1.572 ;   0.000 ;    ; RE   ; 1      ; CLKBUFBLOCK_OUTPUT_X89_Y39_N4_I2      ; CLKBUFBLOCK_OUTPUT        ;
;   1.572 ;   0.000 ;    ; RE   ; 1      ; GCLK_CLUSTER_RE_X89_Y39_N3_I12        ; GCLK_CLUSTER_RE           ;
;   1.572 ;   0.000 ;    ; RE   ; 1      ; CLKBUF_CLUSTER_RE_X89_Y39_N3_I415     ; CLKBUF_CLUSTER_RE         ;
;   2.362 ;   0.790 ;    ; RE   ; 5      ; GLOBAL_CLOCK_X0_Y36_N0_I8             ; GLOBAL_CLOCK              ;
;   2.515 ;   0.153 ;    ; RE   ; 20     ; SPINE_CLOCK_X33_Y37_N0_I6             ; SPINE_CLOCK               ;
;   2.938 ;   0.423 ;    ; RE   ; 1      ; SCLK_TO_ROWCLK_BUF_X33_Y48_N0_I37     ; SCLK_TO_ROWCLK_BUF        ;
;   3.030 ;   0.092 ;    ; RE   ; 2      ; SCLK_TO_ROWCLK_BUF_X33_Y48_N0_I40     ; SCLK_TO_ROWCLK_BUF        ;
;   3.498 ;   0.468 ;    ; RE   ; 8      ; LAB_CLK_X34_Y48_N0_I5                 ; LAB_CLK                   ;
;   3.631 ;   0.133 ;    ; RE   ; 1      ; BLK_CLK_BUF_X36_Y48_N0_I5             ; BLK_CLK_BUF               ;
;   3.686 ;   0.055 ;    ; RE   ; 1      ; ROWCLKSEL_PREBUF_X36_Y48_N0_I5        ; ROWCLKSEL_PREBUF          ;
;   3.740 ;   0.054 ;    ; RE   ; 1      ; ROWCLKSEL_X36_Y48_N0_I0               ; ROWCLKSEL                 ;
;   3.740 ;   0.000 ;    ; RE   ; 1      ; GLOBAL_LOCAL_SEL_X36_Y48_N0_I0        ; GLOBAL_LOCAL_SEL          ;
;   3.740 ;   0.000 ;    ; RE   ; 7      ; LAB_INPUT_X36_Y48_N0_I0               ; LAB_INPUT                 ;
;   3.740 ;   0.000 ; RR ; IC   ; 1      ; FF_X36_Y48_N38                        ; state_array[1][1][12]|clk ;
;   4.304 ;   0.564 ; RR ; CELL ; 1      ; FF_X36_Y48_N38                        ; state_array[1][1][12]     ;
; 4.918   ; 0.614   ;    ;      ;        ;                                       ; data path                 ;
;   4.304 ;   0.000 ;    ; uTco ; 1      ; FF_X36_Y48_N38                        ; state_array[1][1][12]     ;
;   4.304 ;   0.000 ; RR ; CELL ; 6      ; FF_X36_Y48_N38                        ; state_array[1][1][12]|q   ;
;   4.381 ;   0.077 ;    ; RE   ; 2      ; FF_X36_Y48_N38                        ; ARRIAV_FF                 ;
;   4.475 ;   0.094 ;    ; RE   ; 1      ; LOCAL_LINE_X36_Y48_N0_I12             ; LOCAL_LINE                ;
;   4.615 ;   0.140 ;    ; RE   ; 1      ; BLOCK_INPUT_MUX_X36_Y48_N0_I54        ; LEIM_INPUT                ;
;   4.615 ;   0.000 ; RR ; IC   ; 1      ; LABCELL_X36_Y48_N36                   ; state_array~3182|datag    ;
;   4.836 ;   0.221 ; RR ; CELL ; 1      ; LABCELL_X36_Y48_N36                   ; state_array~3182|combout  ;
;   4.836 ;   0.000 ;    ; RE   ; 1      ; LABCELL_X36_Y48_N36                   ; ARRIAV_LCELL_COMB         ;
;   4.836 ;   0.000 ; RR ; IC   ; 1      ; FF_X36_Y48_N38                        ; state_array[1][1][12]|d   ;
;   4.918 ;   0.082 ; RR ; CELL ; 1      ; FF_X36_Y48_N38                        ; state_array[1][1][12]     ;
+---------+---------+----+------+--------+---------------------------------------+---------------------------+

+-------------------------------------------------------------------------------------------------------------+
; Data Required Path                                                                                          ;
+---------+----------+----+------+--------+---------------------------------------+---------------------------+
; Total   ; Incr     ; RF ; Type ; Fanout ; Location                              ; Element                   ;
+---------+----------+----+------+--------+---------------------------------------+---------------------------+
; 0.000   ; 0.000    ;    ;      ;        ;                                       ; latch edge time           ;
; 4.429   ; 4.429    ;    ;      ;        ;                                       ; clock path                ;
;   0.000 ;   0.000  ;    ;      ;        ;                                       ; source latency            ;
;   0.000 ;   0.000  ;    ;      ; 1      ; PIN_M16                               ; clk                       ;
;   0.000 ;   0.000  ;    ; RE   ; 1      ; IOPAD_X89_Y35_N60                     ; ARRIAV_IO_PAD             ;
;   0.000 ;   0.000  ;    ; RE   ; 1      ; IO_PAD_OUTPUT_X89_Y35_N60_I1          ; IO_PAD_OUTPUT             ;
;   0.000 ;   0.000  ;    ; RE   ; 1      ; IO_INPUT_BUFFER_INPUT_X89_Y35_N61_I0  ; IO_INPUT_BUFFER_INPUT     ;
;   0.000 ;   0.000  ; RR ; IC   ; 1      ; IOIBUF_X89_Y35_N61                    ; clk~input|i               ;
;   0.739 ;   0.739  ; RR ; CELL ; 1      ; IOIBUF_X89_Y35_N61                    ; clk~input|o               ;
;   0.739 ;   0.000  ;    ; RE   ; 1      ; IOIBUF_X89_Y35_N61                    ; ARRIAV_IO_IBUF            ;
;   0.739 ;   0.000  ;    ; RE   ; 1      ; IO_INPUT_BUFFER_OUTPUT_X89_Y35_N61_I2 ; IO_INPUT_BUFFER_OUTPUT    ;
;   0.739 ;   0.000  ;    ; RE   ; 1      ; IO_RE_X89_Y35_N60_I96                 ; IO_RE                     ;
;   0.833 ;   0.094  ;    ; RE   ; 1      ; IO_RE_X89_Y35_N60_I66                 ; IO_RE                     ;
;   1.125 ;   0.292  ;    ; RE   ; 1      ; CLKBUF_CLUSTER_RE_X89_Y39_N3_I421     ; CLKBUF_CLUSTER_RE         ;
;   1.125 ;   0.000  ;    ; RE   ; 1      ; CLKBUF_CLUSTER_RE_X89_Y39_N3_I756     ; CLKBUF_CLUSTER_RE         ;
;   1.125 ;   0.000  ;    ; RE   ; 1      ; CLKBUF_CLUSTER_RE_X89_Y39_N3_I493     ; CLKBUF_CLUSTER_RE         ;
;   1.125 ;   0.000  ;    ; RE   ; 1      ; GCLK_CLUSTER_RE_X89_Y39_N3_I10        ; GCLK_CLUSTER_RE           ;
;   1.125 ;   0.000  ;    ; RE   ; 1      ; CLKBUFBLOCK_INPUT_X89_Y39_N4_I0       ; CLKBUFBLOCK_INPUT         ;
;   1.125 ;   0.000  ; RR ; IC   ; 1      ; CLKCTRL_G8                            ; clk~inputCLKENA0|inclk    ;
;   1.632 ;   0.507  ; RR ; CELL ; 1674   ; CLKCTRL_G8                            ; clk~inputCLKENA0|outclk   ;
;   1.632 ;   0.000  ;    ; RE   ; 1      ; CLKCTRL_G8                            ; ARRIAV_CLKBUF             ;
;   1.632 ;   0.000  ;    ; RE   ; 1      ; CLKBUFBLOCK_OUTPUT_X89_Y39_N4_I2      ; CLKBUFBLOCK_OUTPUT        ;
;   1.632 ;   0.000  ;    ; RE   ; 1      ; GCLK_CLUSTER_RE_X89_Y39_N3_I12        ; GCLK_CLUSTER_RE           ;
;   1.632 ;   0.000  ;    ; RE   ; 1      ; CLKBUF_CLUSTER_RE_X89_Y39_N3_I415     ; CLKBUF_CLUSTER_RE         ;
;   2.467 ;   0.835  ;    ; RE   ; 5      ; GLOBAL_CLOCK_X0_Y36_N0_I8             ; GLOBAL_CLOCK              ;
;   2.626 ;   0.159  ;    ; RE   ; 20     ; SPINE_CLOCK_X33_Y37_N0_I6             ; SPINE_CLOCK               ;
;   3.064 ;   0.438  ;    ; RE   ; 1      ; SCLK_TO_ROWCLK_BUF_X33_Y48_N0_I37     ; SCLK_TO_ROWCLK_BUF        ;
;   3.159 ;   0.095  ;    ; RE   ; 2      ; SCLK_TO_ROWCLK_BUF_X33_Y48_N0_I40     ; SCLK_TO_ROWCLK_BUF        ;
;   3.644 ;   0.485  ;    ; RE   ; 8      ; LAB_CLK_X34_Y48_N0_I5                 ; LAB_CLK                   ;
;   3.788 ;   0.144  ;    ; RE   ; 1      ; BLK_CLK_BUF_X36_Y48_N0_I5             ; BLK_CLK_BUF               ;
;   3.845 ;   0.057  ;    ; RE   ; 1      ; ROWCLKSEL_PREBUF_X36_Y48_N0_I5        ; ROWCLKSEL_PREBUF          ;
;   3.904 ;   0.059  ;    ; RE   ; 1      ; ROWCLKSEL_X36_Y48_N0_I0               ; ROWCLKSEL                 ;
;   3.904 ;   0.000  ;    ; RE   ; 1      ; GLOBAL_LOCAL_SEL_X36_Y48_N0_I0        ; GLOBAL_LOCAL_SEL          ;
;   3.904 ;   0.000  ;    ; RE   ; 7      ; LAB_INPUT_X36_Y48_N0_I0               ; LAB_INPUT                 ;
;   3.903 ;   -0.001 ; RR ; IC   ; 1      ; FF_X36_Y48_N38                        ; state_array[1][1][12]|clk ;
;   4.558 ;   0.655  ; RR ; CELL ; 1      ; FF_X36_Y48_N38                        ; state_array[1][1][12]     ;
;   4.429 ;   -0.129 ;    ;      ;        ;                                       ; clock pessimism removed   ;
; 4.429   ; 0.000    ;    ;      ;        ;                                       ; clock uncertainty         ;
; 4.429   ; 0.000    ;    ; uTh  ; 1      ; FF_X36_Y48_N38                        ; state_array[1][1][12]     ;
+---------+----------+----+------+--------+---------------------------------------+---------------------------+

----------------------------
; Extra Fitter Information ;
----------------------------
HTML report is unavailable in plain text report export.


Path #5: Hold slack is 0.491 
===============================================================================
+--------------------------------------------------+
; Path Summary                                     ;
+--------------------+-----------------------------+
; Property           ; Value                       ;
+--------------------+-----------------------------+
; From Node          ; message_bytes_remaining[12] ;
; To Node            ; message_bytes_remaining[12] ;
; Launch Clock       ; clk                         ;
; Latch Clock        ; clk                         ;
; Data Arrival Time  ; 4.974                       ;
; Data Required Time ; 4.483                       ;
; Slack              ; 0.491                       ;
+--------------------+-----------------------------+

+-----------------------------------------------------------------------------------+
; Statistics                                                                        ;
+------------------------+-------+-------+-------------+------------+-------+-------+
; Property               ; Value ; Count ; Total Delay ; % of Total ; Min   ; Max   ;
+------------------------+-------+-------+-------------+------------+-------+-------+
; Hold Relationship      ; 0.000 ;       ;             ;            ;       ;       ;
; Clock Skew             ; 0.127 ;       ;             ;            ;       ;       ;
; Data Delay             ; 0.618 ;       ;             ;            ;       ;       ;
; Number of Logic Levels ;       ; 1     ;             ;            ;       ;       ;
; Physical Delays        ;       ;       ;             ;            ;       ;       ;
;  Arrival Path          ;       ;       ;             ;            ;       ;       ;
;   Clock                ;       ;       ;             ;            ;       ;       ;
;    IC                  ;       ; 3     ; 0.000       ; 0          ; 0.000 ; 0.000 ;
;    Cell                ;       ; 3     ; 1.768       ; 41         ; 0.470 ; 0.739 ;
;    Routing Element     ;       ; 26    ; 2.588       ; 59         ; 0.000 ; 0.788 ;
;   Data                 ;       ;       ;             ;            ;       ;       ;
;    IC                  ;       ; 2     ; 0.000       ; 0          ; 0.000 ; 0.000 ;
;    Cell                ;       ; 3     ; 0.347       ; 56         ; 0.000 ; 0.265 ;
;    uTco                ;       ; 1     ; 0.000       ; 0          ; 0.000 ; 0.000 ;
;    Routing Element     ;       ; 4     ; 0.271       ; 44         ; 0.000 ; 0.137 ;
;  Required Path         ;       ;       ;             ;            ;       ;       ;
;   Clock                ;       ;       ;             ;            ;       ;       ;
;    IC                  ;       ; 3     ; 0.000       ; 0          ; 0.000 ; 0.000 ;
;    Cell                ;       ; 3     ; 1.895       ; 41         ; 0.507 ; 0.739 ;
;    Routing Element     ;       ; 26    ; 2.717       ; 59         ; 0.000 ; 0.833 ;
+------------------------+-------+-------+-------------+------------+-------+-------+
Note: Negative delays are omitted from totals when calculating percentages

+------------------------------------------------------------------------------------------------------------------+
; Data Arrival Path                                                                                                ;
+---------+---------+----+------+--------+---------------------------------------+---------------------------------+
; Total   ; Incr    ; RF ; Type ; Fanout ; Location                              ; Element                         ;
+---------+---------+----+------+--------+---------------------------------------+---------------------------------+
; 0.000   ; 0.000   ;    ;      ;        ;                                       ; launch edge time                ;
; 4.356   ; 4.356   ;    ;      ;        ;                                       ; clock path                      ;
;   0.000 ;   0.000 ;    ;      ;        ;                                       ; source latency                  ;
;   0.000 ;   0.000 ;    ;      ; 1      ; PIN_M16                               ; clk                             ;
;   0.000 ;   0.000 ;    ; RE   ; 1      ; IOPAD_X89_Y35_N60                     ; ARRIAV_IO_PAD                   ;
;   0.000 ;   0.000 ;    ; RE   ; 1      ; IO_PAD_OUTPUT_X89_Y35_N60_I1          ; IO_PAD_OUTPUT                   ;
;   0.000 ;   0.000 ;    ; RE   ; 1      ; IO_INPUT_BUFFER_INPUT_X89_Y35_N61_I0  ; IO_INPUT_BUFFER_INPUT           ;
;   0.000 ;   0.000 ; RR ; IC   ; 1      ; IOIBUF_X89_Y35_N61                    ; clk~input|i                     ;
;   0.739 ;   0.739 ; RR ; CELL ; 1      ; IOIBUF_X89_Y35_N61                    ; clk~input|o                     ;
;   0.739 ;   0.000 ;    ; RE   ; 1      ; IOIBUF_X89_Y35_N61                    ; ARRIAV_IO_IBUF                  ;
;   0.739 ;   0.000 ;    ; RE   ; 1      ; IO_INPUT_BUFFER_OUTPUT_X89_Y35_N61_I2 ; IO_INPUT_BUFFER_OUTPUT          ;
;   0.739 ;   0.000 ;    ; RE   ; 1      ; IO_RE_X89_Y35_N60_I96                 ; IO_RE                           ;
;   0.827 ;   0.088 ;    ; RE   ; 1      ; IO_RE_X89_Y35_N60_I66                 ; IO_RE                           ;
;   1.102 ;   0.275 ;    ; RE   ; 1      ; CLKBUF_CLUSTER_RE_X89_Y39_N3_I421     ; CLKBUF_CLUSTER_RE               ;
;   1.102 ;   0.000 ;    ; RE   ; 1      ; CLKBUF_CLUSTER_RE_X89_Y39_N3_I756     ; CLKBUF_CLUSTER_RE               ;
;   1.102 ;   0.000 ;    ; RE   ; 1      ; CLKBUF_CLUSTER_RE_X89_Y39_N3_I493     ; CLKBUF_CLUSTER_RE               ;
;   1.102 ;   0.000 ;    ; RE   ; 1      ; GCLK_CLUSTER_RE_X89_Y39_N3_I10        ; GCLK_CLUSTER_RE                 ;
;   1.102 ;   0.000 ;    ; RE   ; 1      ; CLKBUFBLOCK_INPUT_X89_Y39_N4_I0       ; CLKBUFBLOCK_INPUT               ;
;   1.102 ;   0.000 ; RR ; IC   ; 1      ; CLKCTRL_G8                            ; clk~inputCLKENA0|inclk          ;
;   1.572 ;   0.470 ; RR ; CELL ; 1674   ; CLKCTRL_G8                            ; clk~inputCLKENA0|outclk         ;
;   1.572 ;   0.000 ;    ; RE   ; 1      ; CLKCTRL_G8                            ; ARRIAV_CLKBUF                   ;
;   1.572 ;   0.000 ;    ; RE   ; 1      ; CLKBUFBLOCK_OUTPUT_X89_Y39_N4_I2      ; CLKBUFBLOCK_OUTPUT              ;
;   1.572 ;   0.000 ;    ; RE   ; 1      ; GCLK_CLUSTER_RE_X89_Y39_N3_I12        ; GCLK_CLUSTER_RE                 ;
;   1.572 ;   0.000 ;    ; RE   ; 1      ; CLKBUF_CLUSTER_RE_X89_Y39_N3_I415     ; CLKBUF_CLUSTER_RE               ;
;   2.360 ;   0.788 ;    ; RE   ; 5      ; GLOBAL_CLOCK_X0_Y36_N0_I8             ; GLOBAL_CLOCK                    ;
;   2.522 ;   0.162 ;    ; RE   ; 19     ; SPINE_CLOCK_X15_Y37_N0_I6             ; SPINE_CLOCK                     ;
;   2.951 ;   0.429 ;    ; RE   ; 1      ; SCLK_TO_ROWCLK_BUF_X15_Y40_N0_I37     ; SCLK_TO_ROWCLK_BUF              ;
;   3.044 ;   0.093 ;    ; RE   ; 2      ; SCLK_TO_ROWCLK_BUF_X15_Y40_N0_I40     ; SCLK_TO_ROWCLK_BUF              ;
;   3.534 ;   0.490 ;    ; RE   ; 5      ; LAB_CLK_X0_Y40_N0_I5                  ; LAB_CLK                         ;
;   3.685 ;   0.151 ;    ; RE   ; 1      ; BLK_CLK_BUF_X8_Y40_N0_I5              ; BLK_CLK_BUF                     ;
;   3.742 ;   0.057 ;    ; RE   ; 1      ; ROWCLKSEL_PREBUF_X8_Y40_N0_I5         ; ROWCLKSEL_PREBUF                ;
;   3.797 ;   0.055 ;    ; RE   ; 1      ; ROWCLKSEL_X8_Y40_N0_I0                ; ROWCLKSEL                       ;
;   3.797 ;   0.000 ;    ; RE   ; 1      ; GLOBAL_LOCAL_SEL_X8_Y40_N0_I0         ; GLOBAL_LOCAL_SEL                ;
;   3.797 ;   0.000 ;    ; RE   ; 16     ; LAB_INPUT_X8_Y40_N0_I1                ; LAB_INPUT                       ;
;   3.797 ;   0.000 ; RR ; IC   ; 1      ; FF_X8_Y40_N38                         ; message_bytes_remaining[12]|clk ;
;   4.356 ;   0.559 ; RR ; CELL ; 1      ; FF_X8_Y40_N38                         ; message_bytes_remaining[12]     ;
; 4.974   ; 0.618   ;    ;      ;        ;                                       ; data path                       ;
;   4.356 ;   0.000 ;    ; uTco ; 1      ; FF_X8_Y40_N38                         ; message_bytes_remaining[12]     ;
;   4.356 ;   0.000 ; FF ; CELL ; 3      ; FF_X8_Y40_N38                         ; message_bytes_remaining[12]|q   ;
;   4.413 ;   0.057 ;    ; RE   ; 2      ; FF_X8_Y40_N38                         ; ARRIAV_FF                       ;
;   4.490 ;   0.077 ;    ; RE   ; 1      ; LOCAL_LINE_X8_Y40_N0_I12              ; LOCAL_LINE                      ;
;   4.627 ;   0.137 ;    ; RE   ; 1      ; BLOCK_INPUT_MUX_X8_Y40_N0_I52         ; LEIM_INPUT                      ;
;   4.627 ;   0.000 ; FF ; IC   ; 3      ; MLABCELL_X8_Y40_N36                   ; Add1~49|datac                   ;
;   4.892 ;   0.265 ; FR ; CELL ; 1      ; MLABCELL_X8_Y40_N36                   ; Add1~49|sumout                  ;
;   4.892 ;   0.000 ;    ; RE   ; 3      ; MLABCELL_X8_Y40_N36                   ; ARRIAV_LCELL_COMB               ;
;   4.892 ;   0.000 ; RR ; IC   ; 1      ; FF_X8_Y40_N38                         ; message_bytes_remaining[12]|d   ;
;   4.974 ;   0.082 ; RR ; CELL ; 1      ; FF_X8_Y40_N38                         ; message_bytes_remaining[12]     ;
+---------+---------+----+------+--------+---------------------------------------+---------------------------------+

+-------------------------------------------------------------------------------------------------------------------+
; Data Required Path                                                                                                ;
+---------+----------+----+------+--------+---------------------------------------+---------------------------------+
; Total   ; Incr     ; RF ; Type ; Fanout ; Location                              ; Element                         ;
+---------+----------+----+------+--------+---------------------------------------+---------------------------------+
; 0.000   ; 0.000    ;    ;      ;        ;                                       ; latch edge time                 ;
; 4.483   ; 4.483    ;    ;      ;        ;                                       ; clock path                      ;
;   0.000 ;   0.000  ;    ;      ;        ;                                       ; source latency                  ;
;   0.000 ;   0.000  ;    ;      ; 1      ; PIN_M16                               ; clk                             ;
;   0.000 ;   0.000  ;    ; RE   ; 1      ; IOPAD_X89_Y35_N60                     ; ARRIAV_IO_PAD                   ;
;   0.000 ;   0.000  ;    ; RE   ; 1      ; IO_PAD_OUTPUT_X89_Y35_N60_I1          ; IO_PAD_OUTPUT                   ;
;   0.000 ;   0.000  ;    ; RE   ; 1      ; IO_INPUT_BUFFER_INPUT_X89_Y35_N61_I0  ; IO_INPUT_BUFFER_INPUT           ;
;   0.000 ;   0.000  ; RR ; IC   ; 1      ; IOIBUF_X89_Y35_N61                    ; clk~input|i                     ;
;   0.739 ;   0.739  ; RR ; CELL ; 1      ; IOIBUF_X89_Y35_N61                    ; clk~input|o                     ;
;   0.739 ;   0.000  ;    ; RE   ; 1      ; IOIBUF_X89_Y35_N61                    ; ARRIAV_IO_IBUF                  ;
;   0.739 ;   0.000  ;    ; RE   ; 1      ; IO_INPUT_BUFFER_OUTPUT_X89_Y35_N61_I2 ; IO_INPUT_BUFFER_OUTPUT          ;
;   0.739 ;   0.000  ;    ; RE   ; 1      ; IO_RE_X89_Y35_N60_I96                 ; IO_RE                           ;
;   0.833 ;   0.094  ;    ; RE   ; 1      ; IO_RE_X89_Y35_N60_I66                 ; IO_RE                           ;
;   1.125 ;   0.292  ;    ; RE   ; 1      ; CLKBUF_CLUSTER_RE_X89_Y39_N3_I421     ; CLKBUF_CLUSTER_RE               ;
;   1.125 ;   0.000  ;    ; RE   ; 1      ; CLKBUF_CLUSTER_RE_X89_Y39_N3_I756     ; CLKBUF_CLUSTER_RE               ;
;   1.125 ;   0.000  ;    ; RE   ; 1      ; CLKBUF_CLUSTER_RE_X89_Y39_N3_I493     ; CLKBUF_CLUSTER_RE               ;
;   1.125 ;   0.000  ;    ; RE   ; 1      ; GCLK_CLUSTER_RE_X89_Y39_N3_I10        ; GCLK_CLUSTER_RE                 ;
;   1.125 ;   0.000  ;    ; RE   ; 1      ; CLKBUFBLOCK_INPUT_X89_Y39_N4_I0       ; CLKBUFBLOCK_INPUT               ;
;   1.125 ;   0.000  ; RR ; IC   ; 1      ; CLKCTRL_G8                            ; clk~inputCLKENA0|inclk          ;
;   1.632 ;   0.507  ; RR ; CELL ; 1674   ; CLKCTRL_G8                            ; clk~inputCLKENA0|outclk         ;
;   1.632 ;   0.000  ;    ; RE   ; 1      ; CLKCTRL_G8                            ; ARRIAV_CLKBUF                   ;
;   1.632 ;   0.000  ;    ; RE   ; 1      ; CLKBUFBLOCK_OUTPUT_X89_Y39_N4_I2      ; CLKBUFBLOCK_OUTPUT              ;
;   1.632 ;   0.000  ;    ; RE   ; 1      ; GCLK_CLUSTER_RE_X89_Y39_N3_I12        ; GCLK_CLUSTER_RE                 ;
;   1.632 ;   0.000  ;    ; RE   ; 1      ; CLKBUF_CLUSTER_RE_X89_Y39_N3_I415     ; CLKBUF_CLUSTER_RE               ;
;   2.465 ;   0.833  ;    ; RE   ; 5      ; GLOBAL_CLOCK_X0_Y36_N0_I8             ; GLOBAL_CLOCK                    ;
;   2.633 ;   0.168  ;    ; RE   ; 19     ; SPINE_CLOCK_X15_Y37_N0_I6             ; SPINE_CLOCK                     ;
;   3.077 ;   0.444  ;    ; RE   ; 1      ; SCLK_TO_ROWCLK_BUF_X15_Y40_N0_I37     ; SCLK_TO_ROWCLK_BUF              ;
;   3.173 ;   0.096  ;    ; RE   ; 2      ; SCLK_TO_ROWCLK_BUF_X15_Y40_N0_I40     ; SCLK_TO_ROWCLK_BUF              ;
;   3.680 ;   0.507  ;    ; RE   ; 5      ; LAB_CLK_X0_Y40_N0_I5                  ; LAB_CLK                         ;
;   3.844 ;   0.164  ;    ; RE   ; 1      ; BLK_CLK_BUF_X8_Y40_N0_I5              ; BLK_CLK_BUF                     ;
;   3.903 ;   0.059  ;    ; RE   ; 1      ; ROWCLKSEL_PREBUF_X8_Y40_N0_I5         ; ROWCLKSEL_PREBUF                ;
;   3.963 ;   0.060  ;    ; RE   ; 1      ; ROWCLKSEL_X8_Y40_N0_I0                ; ROWCLKSEL                       ;
;   3.963 ;   0.000  ;    ; RE   ; 1      ; GLOBAL_LOCAL_SEL_X8_Y40_N0_I0         ; GLOBAL_LOCAL_SEL                ;
;   3.963 ;   0.000  ;    ; RE   ; 16     ; LAB_INPUT_X8_Y40_N0_I1                ; LAB_INPUT                       ;
;   3.963 ;   0.000  ; RR ; IC   ; 1      ; FF_X8_Y40_N38                         ; message_bytes_remaining[12]|clk ;
;   4.612 ;   0.649  ; RR ; CELL ; 1      ; FF_X8_Y40_N38                         ; message_bytes_remaining[12]     ;
;   4.483 ;   -0.129 ;    ;      ;        ;                                       ; clock pessimism removed         ;
; 4.483   ; 0.000    ;    ;      ;        ;                                       ; clock uncertainty               ;
; 4.483   ; 0.000    ;    ; uTh  ; 1      ; FF_X8_Y40_N38                         ; message_bytes_remaining[12]     ;
+---------+----------+----+------+--------+---------------------------------------+---------------------------------+

----------------------------
; Extra Fitter Information ;
----------------------------
HTML report is unavailable in plain text report export.


Path #6: Hold slack is 0.492 
===============================================================================
+----------------------------------------------+
; Path Summary                                 ;
+--------------------+-------------------------+
; Property           ; Value                   ;
+--------------------+-------------------------+
; From Node          ; xof_bytes_remaining[11] ;
; To Node            ; xof_bytes_remaining[11] ;
; Launch Clock       ; clk                     ;
; Latch Clock        ; clk                     ;
; Data Arrival Time  ; 4.946                   ;
; Data Required Time ; 4.454                   ;
; Slack              ; 0.492                   ;
+--------------------+-------------------------+

+------------------------------------------------------------------------------------+
; Statistics                                                                         ;
+------------------------+-------+-------+-------------+------------+--------+-------+
; Property               ; Value ; Count ; Total Delay ; % of Total ; Min    ; Max   ;
+------------------------+-------+-------+-------------+------------+--------+-------+
; Hold Relationship      ; 0.000 ;       ;             ;            ;        ;       ;
; Clock Skew             ; 0.127 ;       ;             ;            ;        ;       ;
; Data Delay             ; 0.619 ;       ;             ;            ;        ;       ;
; Number of Logic Levels ;       ; 1     ;             ;            ;        ;       ;
; Physical Delays        ;       ;       ;             ;            ;        ;       ;
;  Arrival Path          ;       ;       ;             ;            ;        ;       ;
;   Clock                ;       ;       ;             ;            ;        ;       ;
;    IC                  ;       ; 3     ; -0.001      ; 0          ; -0.001 ; 0.000 ;
;    Cell                ;       ; 3     ; 1.759       ; 41         ; 0.470  ; 0.739 ;
;    Routing Element     ;       ; 26    ; 2.569       ; 59         ; 0.000  ; 0.788 ;
;   Data                 ;       ;       ;             ;            ;        ;       ;
;    IC                  ;       ; 2     ; 0.001       ; 0          ; 0.000  ; 0.001 ;
;    Cell                ;       ; 3     ; 0.348       ; 56         ; 0.000  ; 0.266 ;
;    uTco                ;       ; 1     ; 0.000       ; 0          ; 0.000  ; 0.000 ;
;    Routing Element     ;       ; 4     ; 0.270       ; 44         ; 0.000  ; 0.137 ;
;  Required Path         ;       ;       ;             ;            ;        ;       ;
;   Clock                ;       ;       ;             ;            ;        ;       ;
;    IC                  ;       ; 3     ; 0.000       ; 0          ; 0.000  ; 0.000 ;
;    Cell                ;       ; 3     ; 1.885       ; 41         ; 0.507  ; 0.739 ;
;    Routing Element     ;       ; 26    ; 2.697       ; 59         ; 0.000  ; 0.833 ;
+------------------------+-------+-------+-------------+------------+--------+-------+
Note: Negative delays are omitted from totals when calculating percentages

+---------------------------------------------------------------------------------------------------------------+
; Data Arrival Path                                                                                             ;
+---------+----------+----+------+--------+---------------------------------------+-----------------------------+
; Total   ; Incr     ; RF ; Type ; Fanout ; Location                              ; Element                     ;
+---------+----------+----+------+--------+---------------------------------------+-----------------------------+
; 0.000   ; 0.000    ;    ;      ;        ;                                       ; launch edge time            ;
; 4.327   ; 4.327    ;    ;      ;        ;                                       ; clock path                  ;
;   0.000 ;   0.000  ;    ;      ;        ;                                       ; source latency              ;
;   0.000 ;   0.000  ;    ;      ; 1      ; PIN_M16                               ; clk                         ;
;   0.000 ;   0.000  ;    ; RE   ; 1      ; IOPAD_X89_Y35_N60                     ; ARRIAV_IO_PAD               ;
;   0.000 ;   0.000  ;    ; RE   ; 1      ; IO_PAD_OUTPUT_X89_Y35_N60_I1          ; IO_PAD_OUTPUT               ;
;   0.000 ;   0.000  ;    ; RE   ; 1      ; IO_INPUT_BUFFER_INPUT_X89_Y35_N61_I0  ; IO_INPUT_BUFFER_INPUT       ;
;   0.000 ;   0.000  ; RR ; IC   ; 1      ; IOIBUF_X89_Y35_N61                    ; clk~input|i                 ;
;   0.739 ;   0.739  ; RR ; CELL ; 1      ; IOIBUF_X89_Y35_N61                    ; clk~input|o                 ;
;   0.739 ;   0.000  ;    ; RE   ; 1      ; IOIBUF_X89_Y35_N61                    ; ARRIAV_IO_IBUF              ;
;   0.739 ;   0.000  ;    ; RE   ; 1      ; IO_INPUT_BUFFER_OUTPUT_X89_Y35_N61_I2 ; IO_INPUT_BUFFER_OUTPUT      ;
;   0.739 ;   0.000  ;    ; RE   ; 1      ; IO_RE_X89_Y35_N60_I96                 ; IO_RE                       ;
;   0.827 ;   0.088  ;    ; RE   ; 1      ; IO_RE_X89_Y35_N60_I66                 ; IO_RE                       ;
;   1.102 ;   0.275  ;    ; RE   ; 1      ; CLKBUF_CLUSTER_RE_X89_Y39_N3_I421     ; CLKBUF_CLUSTER_RE           ;
;   1.102 ;   0.000  ;    ; RE   ; 1      ; CLKBUF_CLUSTER_RE_X89_Y39_N3_I756     ; CLKBUF_CLUSTER_RE           ;
;   1.102 ;   0.000  ;    ; RE   ; 1      ; CLKBUF_CLUSTER_RE_X89_Y39_N3_I493     ; CLKBUF_CLUSTER_RE           ;
;   1.102 ;   0.000  ;    ; RE   ; 1      ; GCLK_CLUSTER_RE_X89_Y39_N3_I10        ; GCLK_CLUSTER_RE             ;
;   1.102 ;   0.000  ;    ; RE   ; 1      ; CLKBUFBLOCK_INPUT_X89_Y39_N4_I0       ; CLKBUFBLOCK_INPUT           ;
;   1.102 ;   0.000  ; RR ; IC   ; 1      ; CLKCTRL_G8                            ; clk~inputCLKENA0|inclk      ;
;   1.572 ;   0.470  ; RR ; CELL ; 1674   ; CLKCTRL_G8                            ; clk~inputCLKENA0|outclk     ;
;   1.572 ;   0.000  ;    ; RE   ; 1      ; CLKCTRL_G8                            ; ARRIAV_CLKBUF               ;
;   1.572 ;   0.000  ;    ; RE   ; 1      ; CLKBUFBLOCK_OUTPUT_X89_Y39_N4_I2      ; CLKBUFBLOCK_OUTPUT          ;
;   1.572 ;   0.000  ;    ; RE   ; 1      ; GCLK_CLUSTER_RE_X89_Y39_N3_I12        ; GCLK_CLUSTER_RE             ;
;   1.572 ;   0.000  ;    ; RE   ; 1      ; CLKBUF_CLUSTER_RE_X89_Y39_N3_I415     ; CLKBUF_CLUSTER_RE           ;
;   2.360 ;   0.788  ;    ; RE   ; 5      ; GLOBAL_CLOCK_X0_Y36_N0_I8             ; GLOBAL_CLOCK                ;
;   2.510 ;   0.150  ;    ; RE   ; 19     ; SPINE_CLOCK_X15_Y37_N0_I6             ; SPINE_CLOCK                 ;
;   2.933 ;   0.423  ;    ; RE   ; 1      ; SCLK_TO_ROWCLK_BUF_X15_Y50_N0_I37     ; SCLK_TO_ROWCLK_BUF          ;
;   3.025 ;   0.092  ;    ; RE   ; 2      ; SCLK_TO_ROWCLK_BUF_X15_Y50_N0_I40     ; SCLK_TO_ROWCLK_BUF          ;
;   3.515 ;   0.490  ;    ; RE   ; 5      ; LAB_CLK_X0_Y50_N0_I5                  ; LAB_CLK                     ;
;   3.666 ;   0.151  ;    ; RE   ; 1      ; BLK_CLK_BUF_X8_Y50_N0_I5              ; BLK_CLK_BUF                 ;
;   3.724 ;   0.058  ;    ; RE   ; 1      ; ROWCLKSEL_PREBUF_X8_Y50_N0_I5         ; ROWCLKSEL_PREBUF            ;
;   3.778 ;   0.054  ;    ; RE   ; 1      ; ROWCLKSEL_X8_Y50_N0_I1                ; ROWCLKSEL                   ;
;   3.778 ;   0.000  ;    ; RE   ; 1      ; GLOBAL_LOCAL_SEL_X8_Y50_N0_I1         ; GLOBAL_LOCAL_SEL            ;
;   3.778 ;   0.000  ;    ; RE   ; 13     ; LAB_INPUT_X8_Y50_N0_I2                ; LAB_INPUT                   ;
;   3.777 ;   -0.001 ; RR ; IC   ; 1      ; FF_X8_Y50_N26                         ; xof_bytes_remaining[11]|clk ;
;   4.327 ;   0.550  ; RR ; CELL ; 1      ; FF_X8_Y50_N26                         ; xof_bytes_remaining[11]     ;
; 4.946   ; 0.619    ;    ;      ;        ;                                       ; data path                   ;
;   4.327 ;   0.000  ;    ; uTco ; 1      ; FF_X8_Y50_N26                         ; xof_bytes_remaining[11]     ;
;   4.327 ;   0.000  ; FF ; CELL ; 2      ; FF_X8_Y50_N26                         ; xof_bytes_remaining[11]|q   ;
;   4.381 ;   0.054  ;    ; RE   ; 2      ; FF_X8_Y50_N26                         ; ARRIAV_FF                   ;
;   4.460 ;   0.079  ;    ; RE   ; 1      ; LOCAL_LINE_X8_Y50_N0_I8               ; LOCAL_LINE                  ;
;   4.597 ;   0.137  ;    ; RE   ; 1      ; BLOCK_INPUT_MUX_X8_Y50_N0_I36         ; LEIM_INPUT                  ;
;   4.598 ;   0.001  ; FF ; IC   ; 2      ; MLABCELL_X8_Y50_N24                   ; Add5~17|datac               ;
;   4.864 ;   0.266  ; FR ; CELL ; 1      ; MLABCELL_X8_Y50_N24                   ; Add5~17|sumout              ;
;   4.864 ;   0.000  ;    ; RE   ; 2      ; MLABCELL_X8_Y50_N24                   ; ARRIAV_LCELL_COMB           ;
;   4.864 ;   0.000  ; RR ; IC   ; 1      ; FF_X8_Y50_N26                         ; xof_bytes_remaining[11]|d   ;
;   4.946 ;   0.082  ; RR ; CELL ; 1      ; FF_X8_Y50_N26                         ; xof_bytes_remaining[11]     ;
+---------+----------+----+------+--------+---------------------------------------+-----------------------------+

+---------------------------------------------------------------------------------------------------------------+
; Data Required Path                                                                                            ;
+---------+----------+----+------+--------+---------------------------------------+-----------------------------+
; Total   ; Incr     ; RF ; Type ; Fanout ; Location                              ; Element                     ;
+---------+----------+----+------+--------+---------------------------------------+-----------------------------+
; 0.000   ; 0.000    ;    ;      ;        ;                                       ; latch edge time             ;
; 4.454   ; 4.454    ;    ;      ;        ;                                       ; clock path                  ;
;   0.000 ;   0.000  ;    ;      ;        ;                                       ; source latency              ;
;   0.000 ;   0.000  ;    ;      ; 1      ; PIN_M16                               ; clk                         ;
;   0.000 ;   0.000  ;    ; RE   ; 1      ; IOPAD_X89_Y35_N60                     ; ARRIAV_IO_PAD               ;
;   0.000 ;   0.000  ;    ; RE   ; 1      ; IO_PAD_OUTPUT_X89_Y35_N60_I1          ; IO_PAD_OUTPUT               ;
;   0.000 ;   0.000  ;    ; RE   ; 1      ; IO_INPUT_BUFFER_INPUT_X89_Y35_N61_I0  ; IO_INPUT_BUFFER_INPUT       ;
;   0.000 ;   0.000  ; RR ; IC   ; 1      ; IOIBUF_X89_Y35_N61                    ; clk~input|i                 ;
;   0.739 ;   0.739  ; RR ; CELL ; 1      ; IOIBUF_X89_Y35_N61                    ; clk~input|o                 ;
;   0.739 ;   0.000  ;    ; RE   ; 1      ; IOIBUF_X89_Y35_N61                    ; ARRIAV_IO_IBUF              ;
;   0.739 ;   0.000  ;    ; RE   ; 1      ; IO_INPUT_BUFFER_OUTPUT_X89_Y35_N61_I2 ; IO_INPUT_BUFFER_OUTPUT      ;
;   0.739 ;   0.000  ;    ; RE   ; 1      ; IO_RE_X89_Y35_N60_I96                 ; IO_RE                       ;
;   0.833 ;   0.094  ;    ; RE   ; 1      ; IO_RE_X89_Y35_N60_I66                 ; IO_RE                       ;
;   1.125 ;   0.292  ;    ; RE   ; 1      ; CLKBUF_CLUSTER_RE_X89_Y39_N3_I421     ; CLKBUF_CLUSTER_RE           ;
;   1.125 ;   0.000  ;    ; RE   ; 1      ; CLKBUF_CLUSTER_RE_X89_Y39_N3_I756     ; CLKBUF_CLUSTER_RE           ;
;   1.125 ;   0.000  ;    ; RE   ; 1      ; CLKBUF_CLUSTER_RE_X89_Y39_N3_I493     ; CLKBUF_CLUSTER_RE           ;
;   1.125 ;   0.000  ;    ; RE   ; 1      ; GCLK_CLUSTER_RE_X89_Y39_N3_I10        ; GCLK_CLUSTER_RE             ;
;   1.125 ;   0.000  ;    ; RE   ; 1      ; CLKBUFBLOCK_INPUT_X89_Y39_N4_I0       ; CLKBUFBLOCK_INPUT           ;
;   1.125 ;   0.000  ; RR ; IC   ; 1      ; CLKCTRL_G8                            ; clk~inputCLKENA0|inclk      ;
;   1.632 ;   0.507  ; RR ; CELL ; 1674   ; CLKCTRL_G8                            ; clk~inputCLKENA0|outclk     ;
;   1.632 ;   0.000  ;    ; RE   ; 1      ; CLKCTRL_G8                            ; ARRIAV_CLKBUF               ;
;   1.632 ;   0.000  ;    ; RE   ; 1      ; CLKBUFBLOCK_OUTPUT_X89_Y39_N4_I2      ; CLKBUFBLOCK_OUTPUT          ;
;   1.632 ;   0.000  ;    ; RE   ; 1      ; GCLK_CLUSTER_RE_X89_Y39_N3_I12        ; GCLK_CLUSTER_RE             ;
;   1.632 ;   0.000  ;    ; RE   ; 1      ; CLKBUF_CLUSTER_RE_X89_Y39_N3_I415     ; CLKBUF_CLUSTER_RE           ;
;   2.465 ;   0.833  ;    ; RE   ; 5      ; GLOBAL_CLOCK_X0_Y36_N0_I8             ; GLOBAL_CLOCK                ;
;   2.620 ;   0.155  ;    ; RE   ; 19     ; SPINE_CLOCK_X15_Y37_N0_I6             ; SPINE_CLOCK                 ;
;   3.058 ;   0.438  ;    ; RE   ; 1      ; SCLK_TO_ROWCLK_BUF_X15_Y50_N0_I37     ; SCLK_TO_ROWCLK_BUF          ;
;   3.153 ;   0.095  ;    ; RE   ; 2      ; SCLK_TO_ROWCLK_BUF_X15_Y50_N0_I40     ; SCLK_TO_ROWCLK_BUF          ;
;   3.660 ;   0.507  ;    ; RE   ; 5      ; LAB_CLK_X0_Y50_N0_I5                  ; LAB_CLK                     ;
;   3.824 ;   0.164  ;    ; RE   ; 1      ; BLK_CLK_BUF_X8_Y50_N0_I5              ; BLK_CLK_BUF                 ;
;   3.884 ;   0.060  ;    ; RE   ; 1      ; ROWCLKSEL_PREBUF_X8_Y50_N0_I5         ; ROWCLKSEL_PREBUF            ;
;   3.943 ;   0.059  ;    ; RE   ; 1      ; ROWCLKSEL_X8_Y50_N0_I1                ; ROWCLKSEL                   ;
;   3.943 ;   0.000  ;    ; RE   ; 1      ; GLOBAL_LOCAL_SEL_X8_Y50_N0_I1         ; GLOBAL_LOCAL_SEL            ;
;   3.943 ;   0.000  ;    ; RE   ; 13     ; LAB_INPUT_X8_Y50_N0_I2                ; LAB_INPUT                   ;
;   3.943 ;   0.000  ; RR ; IC   ; 1      ; FF_X8_Y50_N26                         ; xof_bytes_remaining[11]|clk ;
;   4.582 ;   0.639  ; RR ; CELL ; 1      ; FF_X8_Y50_N26                         ; xof_bytes_remaining[11]     ;
;   4.454 ;   -0.128 ;    ;      ;        ;                                       ; clock pessimism removed     ;
; 4.454   ; 0.000    ;    ;      ;        ;                                       ; clock uncertainty           ;
; 4.454   ; 0.000    ;    ; uTh  ; 1      ; FF_X8_Y50_N26                         ; xof_bytes_remaining[11]     ;
+---------+----------+----+------+--------+---------------------------------------+-----------------------------+

----------------------------
; Extra Fitter Information ;
----------------------------
HTML report is unavailable in plain text report export.


Path #7: Hold slack is 0.492 
===============================================================================
+-------------------------------------------+
; Path Summary                              ;
+--------------------+----------------------+
; Property           ; Value                ;
+--------------------+----------------------+
; From Node          ; state_array[0][2][0] ;
; To Node            ; state_array[0][2][0] ;
; Launch Clock       ; clk                  ;
; Latch Clock        ; clk                  ;
; Data Arrival Time  ; 4.966                ;
; Data Required Time ; 4.474                ;
; Slack              ; 0.492                ;
+--------------------+----------------------+

+------------------------------------------------------------------------------------+
; Statistics                                                                         ;
+------------------------+-------+-------+-------------+------------+--------+-------+
; Property               ; Value ; Count ; Total Delay ; % of Total ; Min    ; Max   ;
+------------------------+-------+-------+-------------+------------+--------+-------+
; Hold Relationship      ; 0.000 ;       ;             ;            ;        ;       ;
; Clock Skew             ; 0.128 ;       ;             ;            ;        ;       ;
; Data Delay             ; 0.620 ;       ;             ;            ;        ;       ;
; Number of Logic Levels ;       ; 1     ;             ;            ;        ;       ;
; Physical Delays        ;       ;       ;             ;            ;        ;       ;
;  Arrival Path          ;       ;       ;             ;            ;        ;       ;
;   Clock                ;       ;       ;             ;            ;        ;       ;
;    IC                  ;       ; 3     ; -0.001      ; 0          ; -0.001 ; 0.000 ;
;    Cell                ;       ; 3     ; 1.773       ; 41         ; 0.470  ; 0.739 ;
;    Routing Element     ;       ; 26    ; 2.574       ; 59         ; 0.000  ; 0.788 ;
;   Data                 ;       ;       ;             ;            ;        ;       ;
;    IC                  ;       ; 2     ; 0.001       ; 0          ; 0.000  ; 0.001 ;
;    Cell                ;       ; 3     ; 0.303       ; 49         ; 0.000  ; 0.221 ;
;    uTco                ;       ; 1     ; 0.000       ; 0          ; 0.000  ; 0.000 ;
;    Routing Element     ;       ; 4     ; 0.316       ; 51         ; 0.000  ; 0.141 ;
;  Required Path         ;       ;       ;             ;            ;        ;       ;
;   Clock                ;       ;       ;             ;            ;        ;       ;
;    IC                  ;       ; 3     ; -0.001      ; 0          ; -0.001 ; 0.000 ;
;    Cell                ;       ; 3     ; 1.901       ; 41         ; 0.507  ; 0.739 ;
;    Routing Element     ;       ; 26    ; 2.703       ; 59         ; 0.000  ; 0.833 ;
+------------------------+-------+-------+-------------+------------+--------+-------+
Note: Negative delays are omitted from totals when calculating percentages

+------------------------------------------------------------------------------------------------------------+
; Data Arrival Path                                                                                          ;
+---------+----------+----+------+--------+---------------------------------------+--------------------------+
; Total   ; Incr     ; RF ; Type ; Fanout ; Location                              ; Element                  ;
+---------+----------+----+------+--------+---------------------------------------+--------------------------+
; 0.000   ; 0.000    ;    ;      ;        ;                                       ; launch edge time         ;
; 4.346   ; 4.346    ;    ;      ;        ;                                       ; clock path               ;
;   0.000 ;   0.000  ;    ;      ;        ;                                       ; source latency           ;
;   0.000 ;   0.000  ;    ;      ; 1      ; PIN_M16                               ; clk                      ;
;   0.000 ;   0.000  ;    ; RE   ; 1      ; IOPAD_X89_Y35_N60                     ; ARRIAV_IO_PAD            ;
;   0.000 ;   0.000  ;    ; RE   ; 1      ; IO_PAD_OUTPUT_X89_Y35_N60_I1          ; IO_PAD_OUTPUT            ;
;   0.000 ;   0.000  ;    ; RE   ; 1      ; IO_INPUT_BUFFER_INPUT_X89_Y35_N61_I0  ; IO_INPUT_BUFFER_INPUT    ;
;   0.000 ;   0.000  ; RR ; IC   ; 1      ; IOIBUF_X89_Y35_N61                    ; clk~input|i              ;
;   0.739 ;   0.739  ; RR ; CELL ; 1      ; IOIBUF_X89_Y35_N61                    ; clk~input|o              ;
;   0.739 ;   0.000  ;    ; RE   ; 1      ; IOIBUF_X89_Y35_N61                    ; ARRIAV_IO_IBUF           ;
;   0.739 ;   0.000  ;    ; RE   ; 1      ; IO_INPUT_BUFFER_OUTPUT_X89_Y35_N61_I2 ; IO_INPUT_BUFFER_OUTPUT   ;
;   0.739 ;   0.000  ;    ; RE   ; 1      ; IO_RE_X89_Y35_N60_I96                 ; IO_RE                    ;
;   0.827 ;   0.088  ;    ; RE   ; 1      ; IO_RE_X89_Y35_N60_I66                 ; IO_RE                    ;
;   1.102 ;   0.275  ;    ; RE   ; 1      ; CLKBUF_CLUSTER_RE_X89_Y39_N3_I421     ; CLKBUF_CLUSTER_RE        ;
;   1.102 ;   0.000  ;    ; RE   ; 1      ; CLKBUF_CLUSTER_RE_X89_Y39_N3_I756     ; CLKBUF_CLUSTER_RE        ;
;   1.102 ;   0.000  ;    ; RE   ; 1      ; CLKBUF_CLUSTER_RE_X89_Y39_N3_I493     ; CLKBUF_CLUSTER_RE        ;
;   1.102 ;   0.000  ;    ; RE   ; 1      ; GCLK_CLUSTER_RE_X89_Y39_N3_I10        ; GCLK_CLUSTER_RE          ;
;   1.102 ;   0.000  ;    ; RE   ; 1      ; CLKBUFBLOCK_INPUT_X89_Y39_N4_I0       ; CLKBUFBLOCK_INPUT        ;
;   1.102 ;   0.000  ; RR ; IC   ; 1      ; CLKCTRL_G8                            ; clk~inputCLKENA0|inclk   ;
;   1.572 ;   0.470  ; RR ; CELL ; 1674   ; CLKCTRL_G8                            ; clk~inputCLKENA0|outclk  ;
;   1.572 ;   0.000  ;    ; RE   ; 1      ; CLKCTRL_G8                            ; ARRIAV_CLKBUF            ;
;   1.572 ;   0.000  ;    ; RE   ; 1      ; CLKBUFBLOCK_OUTPUT_X89_Y39_N4_I2      ; CLKBUFBLOCK_OUTPUT       ;
;   1.572 ;   0.000  ;    ; RE   ; 1      ; GCLK_CLUSTER_RE_X89_Y39_N3_I12        ; GCLK_CLUSTER_RE          ;
;   1.572 ;   0.000  ;    ; RE   ; 1      ; CLKBUF_CLUSTER_RE_X89_Y39_N3_I415     ; CLKBUF_CLUSTER_RE        ;
;   2.360 ;   0.788  ;    ; RE   ; 5      ; GLOBAL_CLOCK_X0_Y36_N0_I8             ; GLOBAL_CLOCK             ;
;   2.518 ;   0.158  ;    ; RE   ; 19     ; SPINE_CLOCK_X15_Y37_N0_I6             ; SPINE_CLOCK              ;
;   2.940 ;   0.422  ;    ; RE   ; 1      ; SCLK_TO_ROWCLK_BUF_X15_Y45_N0_I37     ; SCLK_TO_ROWCLK_BUF       ;
;   3.031 ;   0.091  ;    ; RE   ; 2      ; SCLK_TO_ROWCLK_BUF_X15_Y45_N0_I40     ; SCLK_TO_ROWCLK_BUF       ;
;   3.519 ;   0.488  ;    ; RE   ; 6      ; LAB_CLK_X0_Y45_N0_I5                  ; LAB_CLK                  ;
;   3.670 ;   0.151  ;    ; RE   ; 1      ; BLK_CLK_BUF_X10_Y45_N0_I5             ; BLK_CLK_BUF              ;
;   3.728 ;   0.058  ;    ; RE   ; 1      ; ROWCLKSEL_PREBUF_X10_Y45_N0_I5        ; ROWCLKSEL_PREBUF         ;
;   3.783 ;   0.055  ;    ; RE   ; 1      ; ROWCLKSEL_X10_Y45_N0_I0               ; ROWCLKSEL                ;
;   3.783 ;   0.000  ;    ; RE   ; 1      ; GLOBAL_LOCAL_SEL_X10_Y45_N0_I0        ; GLOBAL_LOCAL_SEL         ;
;   3.783 ;   0.000  ;    ; RE   ; 6      ; LAB_INPUT_X10_Y45_N0_I0               ; LAB_INPUT                ;
;   3.782 ;   -0.001 ; RR ; IC   ; 1      ; FF_X10_Y45_N2                         ; state_array[0][2][0]|clk ;
;   4.346 ;   0.564  ; RR ; CELL ; 1      ; FF_X10_Y45_N2                         ; state_array[0][2][0]     ;
; 4.966   ; 0.620    ;    ;      ;        ;                                       ; data path                ;
;   4.346 ;   0.000  ;    ; uTco ; 1      ; FF_X10_Y45_N2                         ; state_array[0][2][0]     ;
;   4.346 ;   0.000  ; RR ; CELL ; 6      ; FF_X10_Y45_N2                         ; state_array[0][2][0]|q   ;
;   4.423 ;   0.077  ;    ; RE   ; 2      ; FF_X10_Y45_N2                         ; ARRIAV_FF                ;
;   4.521 ;   0.098  ;    ; RE   ; 1      ; LOCAL_LINE_X10_Y45_N0_I0              ; LOCAL_LINE               ;
;   4.662 ;   0.141  ;    ; RE   ; 1      ; BLOCK_INPUT_MUX_X10_Y45_N0_I6         ; LEIM_INPUT               ;
;   4.663 ;   0.001  ; RR ; IC   ; 1      ; LABCELL_X10_Y45_N0                    ; state_array~3286|datag   ;
;   4.884 ;   0.221  ; RR ; CELL ; 1      ; LABCELL_X10_Y45_N0                    ; state_array~3286|combout ;
;   4.884 ;   0.000  ;    ; RE   ; 1      ; LABCELL_X10_Y45_N0                    ; ARRIAV_LCELL_COMB        ;
;   4.884 ;   0.000  ; RR ; IC   ; 1      ; FF_X10_Y45_N2                         ; state_array[0][2][0]|d   ;
;   4.966 ;   0.082  ; RR ; CELL ; 1      ; FF_X10_Y45_N2                         ; state_array[0][2][0]     ;
+---------+----------+----+------+--------+---------------------------------------+--------------------------+

+------------------------------------------------------------------------------------------------------------+
; Data Required Path                                                                                         ;
+---------+----------+----+------+--------+---------------------------------------+--------------------------+
; Total   ; Incr     ; RF ; Type ; Fanout ; Location                              ; Element                  ;
+---------+----------+----+------+--------+---------------------------------------+--------------------------+
; 0.000   ; 0.000    ;    ;      ;        ;                                       ; latch edge time          ;
; 4.474   ; 4.474    ;    ;      ;        ;                                       ; clock path               ;
;   0.000 ;   0.000  ;    ;      ;        ;                                       ; source latency           ;
;   0.000 ;   0.000  ;    ;      ; 1      ; PIN_M16                               ; clk                      ;
;   0.000 ;   0.000  ;    ; RE   ; 1      ; IOPAD_X89_Y35_N60                     ; ARRIAV_IO_PAD            ;
;   0.000 ;   0.000  ;    ; RE   ; 1      ; IO_PAD_OUTPUT_X89_Y35_N60_I1          ; IO_PAD_OUTPUT            ;
;   0.000 ;   0.000  ;    ; RE   ; 1      ; IO_INPUT_BUFFER_INPUT_X89_Y35_N61_I0  ; IO_INPUT_BUFFER_INPUT    ;
;   0.000 ;   0.000  ; RR ; IC   ; 1      ; IOIBUF_X89_Y35_N61                    ; clk~input|i              ;
;   0.739 ;   0.739  ; RR ; CELL ; 1      ; IOIBUF_X89_Y35_N61                    ; clk~input|o              ;
;   0.739 ;   0.000  ;    ; RE   ; 1      ; IOIBUF_X89_Y35_N61                    ; ARRIAV_IO_IBUF           ;
;   0.739 ;   0.000  ;    ; RE   ; 1      ; IO_INPUT_BUFFER_OUTPUT_X89_Y35_N61_I2 ; IO_INPUT_BUFFER_OUTPUT   ;
;   0.739 ;   0.000  ;    ; RE   ; 1      ; IO_RE_X89_Y35_N60_I96                 ; IO_RE                    ;
;   0.833 ;   0.094  ;    ; RE   ; 1      ; IO_RE_X89_Y35_N60_I66                 ; IO_RE                    ;
;   1.125 ;   0.292  ;    ; RE   ; 1      ; CLKBUF_CLUSTER_RE_X89_Y39_N3_I421     ; CLKBUF_CLUSTER_RE        ;
;   1.125 ;   0.000  ;    ; RE   ; 1      ; CLKBUF_CLUSTER_RE_X89_Y39_N3_I756     ; CLKBUF_CLUSTER_RE        ;
;   1.125 ;   0.000  ;    ; RE   ; 1      ; CLKBUF_CLUSTER_RE_X89_Y39_N3_I493     ; CLKBUF_CLUSTER_RE        ;
;   1.125 ;   0.000  ;    ; RE   ; 1      ; GCLK_CLUSTER_RE_X89_Y39_N3_I10        ; GCLK_CLUSTER_RE          ;
;   1.125 ;   0.000  ;    ; RE   ; 1      ; CLKBUFBLOCK_INPUT_X89_Y39_N4_I0       ; CLKBUFBLOCK_INPUT        ;
;   1.125 ;   0.000  ; RR ; IC   ; 1      ; CLKCTRL_G8                            ; clk~inputCLKENA0|inclk   ;
;   1.632 ;   0.507  ; RR ; CELL ; 1674   ; CLKCTRL_G8                            ; clk~inputCLKENA0|outclk  ;
;   1.632 ;   0.000  ;    ; RE   ; 1      ; CLKCTRL_G8                            ; ARRIAV_CLKBUF            ;
;   1.632 ;   0.000  ;    ; RE   ; 1      ; CLKBUFBLOCK_OUTPUT_X89_Y39_N4_I2      ; CLKBUFBLOCK_OUTPUT       ;
;   1.632 ;   0.000  ;    ; RE   ; 1      ; GCLK_CLUSTER_RE_X89_Y39_N3_I12        ; GCLK_CLUSTER_RE          ;
;   1.632 ;   0.000  ;    ; RE   ; 1      ; CLKBUF_CLUSTER_RE_X89_Y39_N3_I415     ; CLKBUF_CLUSTER_RE        ;
;   2.465 ;   0.833  ;    ; RE   ; 5      ; GLOBAL_CLOCK_X0_Y36_N0_I8             ; GLOBAL_CLOCK             ;
;   2.628 ;   0.163  ;    ; RE   ; 19     ; SPINE_CLOCK_X15_Y37_N0_I6             ; SPINE_CLOCK              ;
;   3.065 ;   0.437  ;    ; RE   ; 1      ; SCLK_TO_ROWCLK_BUF_X15_Y45_N0_I37     ; SCLK_TO_ROWCLK_BUF       ;
;   3.160 ;   0.095  ;    ; RE   ; 2      ; SCLK_TO_ROWCLK_BUF_X15_Y45_N0_I40     ; SCLK_TO_ROWCLK_BUF       ;
;   3.665 ;   0.505  ;    ; RE   ; 6      ; LAB_CLK_X0_Y45_N0_I5                  ; LAB_CLK                  ;
;   3.829 ;   0.164  ;    ; RE   ; 1      ; BLK_CLK_BUF_X10_Y45_N0_I5             ; BLK_CLK_BUF              ;
;   3.889 ;   0.060  ;    ; RE   ; 1      ; ROWCLKSEL_PREBUF_X10_Y45_N0_I5        ; ROWCLKSEL_PREBUF         ;
;   3.949 ;   0.060  ;    ; RE   ; 1      ; ROWCLKSEL_X10_Y45_N0_I0               ; ROWCLKSEL                ;
;   3.949 ;   0.000  ;    ; RE   ; 1      ; GLOBAL_LOCAL_SEL_X10_Y45_N0_I0        ; GLOBAL_LOCAL_SEL         ;
;   3.949 ;   0.000  ;    ; RE   ; 6      ; LAB_INPUT_X10_Y45_N0_I0               ; LAB_INPUT                ;
;   3.948 ;   -0.001 ; RR ; IC   ; 1      ; FF_X10_Y45_N2                         ; state_array[0][2][0]|clk ;
;   4.603 ;   0.655  ; RR ; CELL ; 1      ; FF_X10_Y45_N2                         ; state_array[0][2][0]     ;
;   4.474 ;   -0.129 ;    ;      ;        ;                                       ; clock pessimism removed  ;
; 4.474   ; 0.000    ;    ;      ;        ;                                       ; clock uncertainty        ;
; 4.474   ; 0.000    ;    ; uTh  ; 1      ; FF_X10_Y45_N2                         ; state_array[0][2][0]     ;
+---------+----------+----+------+--------+---------------------------------------+--------------------------+

----------------------------
; Extra Fitter Information ;
----------------------------
HTML report is unavailable in plain text report export.


Path #8: Hold slack is 0.493 
===============================================================================
+--------------------------------------------+
; Path Summary                               ;
+--------------------+-----------------------+
; Property           ; Value                 ;
+--------------------+-----------------------+
; From Node          ; state_array[1][1][54] ;
; To Node            ; state_array[1][1][54] ;
; Launch Clock       ; clk                   ;
; Latch Clock        ; clk                   ;
; Data Arrival Time  ; 4.930                 ;
; Data Required Time ; 4.437                 ;
; Slack              ; 0.493                 ;
+--------------------+-----------------------+

+------------------------------------------------------------------------------------+
; Statistics                                                                         ;
+------------------------+-------+-------+-------------+------------+--------+-------+
; Property               ; Value ; Count ; Total Delay ; % of Total ; Min    ; Max   ;
+------------------------+-------+-------+-------------+------------+--------+-------+
; Hold Relationship      ; 0.000 ;       ;             ;            ;        ;       ;
; Clock Skew             ; 0.125 ;       ;             ;            ;        ;       ;
; Data Delay             ; 0.618 ;       ;             ;            ;        ;       ;
; Number of Logic Levels ;       ; 1     ;             ;            ;        ;       ;
; Physical Delays        ;       ;       ;             ;            ;        ;       ;
;  Arrival Path          ;       ;       ;             ;            ;        ;       ;
;   Clock                ;       ;       ;             ;            ;        ;       ;
;    IC                  ;       ; 3     ; 0.000       ; 0          ; 0.000  ; 0.000 ;
;    Cell                ;       ; 3     ; 1.773       ; 41         ; 0.470  ; 0.739 ;
;    Routing Element     ;       ; 26    ; 2.539       ; 59         ; 0.000  ; 0.790 ;
;   Data                 ;       ;       ;             ;            ;        ;       ;
;    IC                  ;       ; 2     ; 0.000       ; 0          ; 0.000  ; 0.000 ;
;    Cell                ;       ; 3     ; 0.303       ; 49         ; 0.000  ; 0.221 ;
;    uTco                ;       ; 1     ; 0.000       ; 0          ; 0.000  ; 0.000 ;
;    Routing Element     ;       ; 4     ; 0.315       ; 51         ; 0.000  ; 0.139 ;
;  Required Path         ;       ;       ;             ;            ;        ;       ;
;   Clock                ;       ;       ;             ;            ;        ;       ;
;    IC                  ;       ; 3     ; -0.001      ; 0          ; -0.001 ; 0.000 ;
;    Cell                ;       ; 3     ; 1.901       ; 42         ; 0.507  ; 0.739 ;
;    Routing Element     ;       ; 26    ; 2.667       ; 58         ; 0.000  ; 0.835 ;
+------------------------+-------+-------+-------------+------------+--------+-------+
Note: Negative delays are omitted from totals when calculating percentages

+------------------------------------------------------------------------------------------------------------+
; Data Arrival Path                                                                                          ;
+---------+---------+----+------+--------+---------------------------------------+---------------------------+
; Total   ; Incr    ; RF ; Type ; Fanout ; Location                              ; Element                   ;
+---------+---------+----+------+--------+---------------------------------------+---------------------------+
; 0.000   ; 0.000   ;    ;      ;        ;                                       ; launch edge time          ;
; 4.312   ; 4.312   ;    ;      ;        ;                                       ; clock path                ;
;   0.000 ;   0.000 ;    ;      ;        ;                                       ; source latency            ;
;   0.000 ;   0.000 ;    ;      ; 1      ; PIN_M16                               ; clk                       ;
;   0.000 ;   0.000 ;    ; RE   ; 1      ; IOPAD_X89_Y35_N60                     ; ARRIAV_IO_PAD             ;
;   0.000 ;   0.000 ;    ; RE   ; 1      ; IO_PAD_OUTPUT_X89_Y35_N60_I1          ; IO_PAD_OUTPUT             ;
;   0.000 ;   0.000 ;    ; RE   ; 1      ; IO_INPUT_BUFFER_INPUT_X89_Y35_N61_I0  ; IO_INPUT_BUFFER_INPUT     ;
;   0.000 ;   0.000 ; RR ; IC   ; 1      ; IOIBUF_X89_Y35_N61                    ; clk~input|i               ;
;   0.739 ;   0.739 ; RR ; CELL ; 1      ; IOIBUF_X89_Y35_N61                    ; clk~input|o               ;
;   0.739 ;   0.000 ;    ; RE   ; 1      ; IOIBUF_X89_Y35_N61                    ; ARRIAV_IO_IBUF            ;
;   0.739 ;   0.000 ;    ; RE   ; 1      ; IO_INPUT_BUFFER_OUTPUT_X89_Y35_N61_I2 ; IO_INPUT_BUFFER_OUTPUT    ;
;   0.739 ;   0.000 ;    ; RE   ; 1      ; IO_RE_X89_Y35_N60_I96                 ; IO_RE                     ;
;   0.827 ;   0.088 ;    ; RE   ; 1      ; IO_RE_X89_Y35_N60_I66                 ; IO_RE                     ;
;   1.102 ;   0.275 ;    ; RE   ; 1      ; CLKBUF_CLUSTER_RE_X89_Y39_N3_I421     ; CLKBUF_CLUSTER_RE         ;
;   1.102 ;   0.000 ;    ; RE   ; 1      ; CLKBUF_CLUSTER_RE_X89_Y39_N3_I756     ; CLKBUF_CLUSTER_RE         ;
;   1.102 ;   0.000 ;    ; RE   ; 1      ; CLKBUF_CLUSTER_RE_X89_Y39_N3_I493     ; CLKBUF_CLUSTER_RE         ;
;   1.102 ;   0.000 ;    ; RE   ; 1      ; GCLK_CLUSTER_RE_X89_Y39_N3_I10        ; GCLK_CLUSTER_RE           ;
;   1.102 ;   0.000 ;    ; RE   ; 1      ; CLKBUFBLOCK_INPUT_X89_Y39_N4_I0       ; CLKBUFBLOCK_INPUT         ;
;   1.102 ;   0.000 ; RR ; IC   ; 1      ; CLKCTRL_G8                            ; clk~inputCLKENA0|inclk    ;
;   1.572 ;   0.470 ; RR ; CELL ; 1674   ; CLKCTRL_G8                            ; clk~inputCLKENA0|outclk   ;
;   1.572 ;   0.000 ;    ; RE   ; 1      ; CLKCTRL_G8                            ; ARRIAV_CLKBUF             ;
;   1.572 ;   0.000 ;    ; RE   ; 1      ; CLKBUFBLOCK_OUTPUT_X89_Y39_N4_I2      ; CLKBUFBLOCK_OUTPUT        ;
;   1.572 ;   0.000 ;    ; RE   ; 1      ; GCLK_CLUSTER_RE_X89_Y39_N3_I12        ; GCLK_CLUSTER_RE           ;
;   1.572 ;   0.000 ;    ; RE   ; 1      ; CLKBUF_CLUSTER_RE_X89_Y39_N3_I415     ; CLKBUF_CLUSTER_RE         ;
;   2.362 ;   0.790 ;    ; RE   ; 5      ; GLOBAL_CLOCK_X0_Y36_N0_I8             ; GLOBAL_CLOCK              ;
;   2.521 ;   0.159 ;    ; RE   ; 20     ; SPINE_CLOCK_X33_Y37_N0_I6             ; SPINE_CLOCK               ;
;   2.943 ;   0.422 ;    ; RE   ; 1      ; SCLK_TO_ROWCLK_BUF_X33_Y44_N0_I37     ; SCLK_TO_ROWCLK_BUF        ;
;   3.034 ;   0.091 ;    ; RE   ; 2      ; SCLK_TO_ROWCLK_BUF_X33_Y44_N0_I40     ; SCLK_TO_ROWCLK_BUF        ;
;   3.507 ;   0.473 ;    ; RE   ; 8      ; LAB_CLK_X34_Y44_N0_I5                 ; LAB_CLK                   ;
;   3.640 ;   0.133 ;    ; RE   ; 1      ; BLK_CLK_BUF_X43_Y44_N0_I5             ; BLK_CLK_BUF               ;
;   3.694 ;   0.054 ;    ; RE   ; 1      ; ROWCLKSEL_PREBUF_X43_Y44_N0_I5        ; ROWCLKSEL_PREBUF          ;
;   3.748 ;   0.054 ;    ; RE   ; 1      ; ROWCLKSEL_X43_Y44_N0_I0               ; ROWCLKSEL                 ;
;   3.748 ;   0.000 ;    ; RE   ; 1      ; GLOBAL_LOCAL_SEL_X43_Y44_N0_I0        ; GLOBAL_LOCAL_SEL          ;
;   3.748 ;   0.000 ;    ; RE   ; 5      ; LAB_INPUT_X43_Y44_N0_I0               ; LAB_INPUT                 ;
;   3.748 ;   0.000 ; RR ; IC   ; 1      ; FF_X43_Y44_N38                        ; state_array[1][1][54]|clk ;
;   4.312 ;   0.564 ; RR ; CELL ; 1      ; FF_X43_Y44_N38                        ; state_array[1][1][54]     ;
; 4.930   ; 0.618   ;    ;      ;        ;                                       ; data path                 ;
;   4.312 ;   0.000 ;    ; uTco ; 1      ; FF_X43_Y44_N38                        ; state_array[1][1][54]     ;
;   4.312 ;   0.000 ; RR ; CELL ; 6      ; FF_X43_Y44_N38                        ; state_array[1][1][54]|q   ;
;   4.389 ;   0.077 ;    ; RE   ; 2      ; FF_X43_Y44_N38                        ; ARRIAV_FF                 ;
;   4.488 ;   0.099 ;    ; RE   ; 1      ; LOCAL_LINE_X43_Y44_N0_I12             ; LOCAL_LINE                ;
;   4.627 ;   0.139 ;    ; RE   ; 1      ; BLOCK_INPUT_MUX_X43_Y44_N0_I54        ; LEIM_INPUT                ;
;   4.627 ;   0.000 ; RR ; IC   ; 1      ; LABCELL_X43_Y44_N36                   ; state_array~2934|datag    ;
;   4.848 ;   0.221 ; RR ; CELL ; 1      ; LABCELL_X43_Y44_N36                   ; state_array~2934|combout  ;
;   4.848 ;   0.000 ;    ; RE   ; 1      ; LABCELL_X43_Y44_N36                   ; ARRIAV_LCELL_COMB         ;
;   4.848 ;   0.000 ; RR ; IC   ; 1      ; FF_X43_Y44_N38                        ; state_array[1][1][54]|d   ;
;   4.930 ;   0.082 ; RR ; CELL ; 1      ; FF_X43_Y44_N38                        ; state_array[1][1][54]     ;
+---------+---------+----+------+--------+---------------------------------------+---------------------------+

+-------------------------------------------------------------------------------------------------------------+
; Data Required Path                                                                                          ;
+---------+----------+----+------+--------+---------------------------------------+---------------------------+
; Total   ; Incr     ; RF ; Type ; Fanout ; Location                              ; Element                   ;
+---------+----------+----+------+--------+---------------------------------------+---------------------------+
; 0.000   ; 0.000    ;    ;      ;        ;                                       ; latch edge time           ;
; 4.437   ; 4.437    ;    ;      ;        ;                                       ; clock path                ;
;   0.000 ;   0.000  ;    ;      ;        ;                                       ; source latency            ;
;   0.000 ;   0.000  ;    ;      ; 1      ; PIN_M16                               ; clk                       ;
;   0.000 ;   0.000  ;    ; RE   ; 1      ; IOPAD_X89_Y35_N60                     ; ARRIAV_IO_PAD             ;
;   0.000 ;   0.000  ;    ; RE   ; 1      ; IO_PAD_OUTPUT_X89_Y35_N60_I1          ; IO_PAD_OUTPUT             ;
;   0.000 ;   0.000  ;    ; RE   ; 1      ; IO_INPUT_BUFFER_INPUT_X89_Y35_N61_I0  ; IO_INPUT_BUFFER_INPUT     ;
;   0.000 ;   0.000  ; RR ; IC   ; 1      ; IOIBUF_X89_Y35_N61                    ; clk~input|i               ;
;   0.739 ;   0.739  ; RR ; CELL ; 1      ; IOIBUF_X89_Y35_N61                    ; clk~input|o               ;
;   0.739 ;   0.000  ;    ; RE   ; 1      ; IOIBUF_X89_Y35_N61                    ; ARRIAV_IO_IBUF            ;
;   0.739 ;   0.000  ;    ; RE   ; 1      ; IO_INPUT_BUFFER_OUTPUT_X89_Y35_N61_I2 ; IO_INPUT_BUFFER_OUTPUT    ;
;   0.739 ;   0.000  ;    ; RE   ; 1      ; IO_RE_X89_Y35_N60_I96                 ; IO_RE                     ;
;   0.833 ;   0.094  ;    ; RE   ; 1      ; IO_RE_X89_Y35_N60_I66                 ; IO_RE                     ;
;   1.125 ;   0.292  ;    ; RE   ; 1      ; CLKBUF_CLUSTER_RE_X89_Y39_N3_I421     ; CLKBUF_CLUSTER_RE         ;
;   1.125 ;   0.000  ;    ; RE   ; 1      ; CLKBUF_CLUSTER_RE_X89_Y39_N3_I756     ; CLKBUF_CLUSTER_RE         ;
;   1.125 ;   0.000  ;    ; RE   ; 1      ; CLKBUF_CLUSTER_RE_X89_Y39_N3_I493     ; CLKBUF_CLUSTER_RE         ;
;   1.125 ;   0.000  ;    ; RE   ; 1      ; GCLK_CLUSTER_RE_X89_Y39_N3_I10        ; GCLK_CLUSTER_RE           ;
;   1.125 ;   0.000  ;    ; RE   ; 1      ; CLKBUFBLOCK_INPUT_X89_Y39_N4_I0       ; CLKBUFBLOCK_INPUT         ;
;   1.125 ;   0.000  ; RR ; IC   ; 1      ; CLKCTRL_G8                            ; clk~inputCLKENA0|inclk    ;
;   1.632 ;   0.507  ; RR ; CELL ; 1674   ; CLKCTRL_G8                            ; clk~inputCLKENA0|outclk   ;
;   1.632 ;   0.000  ;    ; RE   ; 1      ; CLKCTRL_G8                            ; ARRIAV_CLKBUF             ;
;   1.632 ;   0.000  ;    ; RE   ; 1      ; CLKBUFBLOCK_OUTPUT_X89_Y39_N4_I2      ; CLKBUFBLOCK_OUTPUT        ;
;   1.632 ;   0.000  ;    ; RE   ; 1      ; GCLK_CLUSTER_RE_X89_Y39_N3_I12        ; GCLK_CLUSTER_RE           ;
;   1.632 ;   0.000  ;    ; RE   ; 1      ; CLKBUF_CLUSTER_RE_X89_Y39_N3_I415     ; CLKBUF_CLUSTER_RE         ;
;   2.467 ;   0.835  ;    ; RE   ; 5      ; GLOBAL_CLOCK_X0_Y36_N0_I8             ; GLOBAL_CLOCK              ;
;   2.632 ;   0.165  ;    ; RE   ; 20     ; SPINE_CLOCK_X33_Y37_N0_I6             ; SPINE_CLOCK               ;
;   3.069 ;   0.437  ;    ; RE   ; 1      ; SCLK_TO_ROWCLK_BUF_X33_Y44_N0_I37     ; SCLK_TO_ROWCLK_BUF        ;
;   3.164 ;   0.095  ;    ; RE   ; 2      ; SCLK_TO_ROWCLK_BUF_X33_Y44_N0_I40     ; SCLK_TO_ROWCLK_BUF        ;
;   3.654 ;   0.490  ;    ; RE   ; 8      ; LAB_CLK_X34_Y44_N0_I5                 ; LAB_CLK                   ;
;   3.799 ;   0.145  ;    ; RE   ; 1      ; BLK_CLK_BUF_X43_Y44_N0_I5             ; BLK_CLK_BUF               ;
;   3.855 ;   0.056  ;    ; RE   ; 1      ; ROWCLKSEL_PREBUF_X43_Y44_N0_I5        ; ROWCLKSEL_PREBUF          ;
;   3.913 ;   0.058  ;    ; RE   ; 1      ; ROWCLKSEL_X43_Y44_N0_I0               ; ROWCLKSEL                 ;
;   3.913 ;   0.000  ;    ; RE   ; 1      ; GLOBAL_LOCAL_SEL_X43_Y44_N0_I0        ; GLOBAL_LOCAL_SEL          ;
;   3.913 ;   0.000  ;    ; RE   ; 5      ; LAB_INPUT_X43_Y44_N0_I0               ; LAB_INPUT                 ;
;   3.912 ;   -0.001 ; RR ; IC   ; 1      ; FF_X43_Y44_N38                        ; state_array[1][1][54]|clk ;
;   4.567 ;   0.655  ; RR ; CELL ; 1      ; FF_X43_Y44_N38                        ; state_array[1][1][54]     ;
;   4.437 ;   -0.130 ;    ;      ;        ;                                       ; clock pessimism removed   ;
; 4.437   ; 0.000    ;    ;      ;        ;                                       ; clock uncertainty         ;
; 4.437   ; 0.000    ;    ; uTh  ; 1      ; FF_X43_Y44_N38                        ; state_array[1][1][54]     ;
+---------+----------+----+------+--------+---------------------------------------+---------------------------+

----------------------------
; Extra Fitter Information ;
----------------------------
HTML report is unavailable in plain text report export.


Path #9: Hold slack is 0.494 
===============================================================================
+--------------------------------------------+
; Path Summary                               ;
+--------------------+-----------------------+
; Property           ; Value                 ;
+--------------------+-----------------------+
; From Node          ; state_array[1][1][13] ;
; To Node            ; state_array[1][1][13] ;
; Launch Clock       ; clk                   ;
; Latch Clock        ; clk                   ;
; Data Arrival Time  ; 4.911                 ;
; Data Required Time ; 4.417                 ;
; Slack              ; 0.494                 ;
+--------------------+-----------------------+

+-----------------------------------------------------------------------------------+
; Statistics                                                                        ;
+------------------------+-------+-------+-------------+------------+-------+-------+
; Property               ; Value ; Count ; Total Delay ; % of Total ; Min   ; Max   ;
+------------------------+-------+-------+-------------+------------+-------+-------+
; Hold Relationship      ; 0.000 ;       ;             ;            ;       ;       ;
; Clock Skew             ; 0.125 ;       ;             ;            ;       ;       ;
; Data Delay             ; 0.619 ;       ;             ;            ;       ;       ;
; Number of Logic Levels ;       ; 1     ;             ;            ;       ;       ;
; Physical Delays        ;       ;       ;             ;            ;       ;       ;
;  Arrival Path          ;       ;       ;             ;            ;       ;       ;
;   Clock                ;       ;       ;             ;            ;       ;       ;
;    IC                  ;       ; 3     ; 0.000       ; 0          ; 0.000 ; 0.000 ;
;    Cell                ;       ; 3     ; 1.773       ; 41         ; 0.470 ; 0.739 ;
;    Routing Element     ;       ; 26    ; 2.519       ; 59         ; 0.000 ; 0.790 ;
;   Data                 ;       ;       ;             ;            ;       ;       ;
;    IC                  ;       ; 2     ; 0.000       ; 0          ; 0.000 ; 0.000 ;
;    Cell                ;       ; 3     ; 0.303       ; 49         ; 0.000 ; 0.221 ;
;    uTco                ;       ; 1     ; 0.000       ; 0          ; 0.000 ; 0.000 ;
;    Routing Element     ;       ; 4     ; 0.316       ; 51         ; 0.000 ; 0.142 ;
;  Required Path         ;       ;       ;             ;            ;       ;       ;
;   Clock                ;       ;       ;             ;            ;       ;       ;
;    IC                  ;       ; 3     ; 0.000       ; 0          ; 0.000 ; 0.000 ;
;    Cell                ;       ; 3     ; 1.901       ; 42         ; 0.507 ; 0.739 ;
;    Routing Element     ;       ; 26    ; 2.645       ; 58         ; 0.000 ; 0.835 ;
+------------------------+-------+-------+-------------+------------+-------+-------+
Note: Negative delays are omitted from totals when calculating percentages

+------------------------------------------------------------------------------------------------------------+
; Data Arrival Path                                                                                          ;
+---------+---------+----+------+--------+---------------------------------------+---------------------------+
; Total   ; Incr    ; RF ; Type ; Fanout ; Location                              ; Element                   ;
+---------+---------+----+------+--------+---------------------------------------+---------------------------+
; 0.000   ; 0.000   ;    ;      ;        ;                                       ; launch edge time          ;
; 4.292   ; 4.292   ;    ;      ;        ;                                       ; clock path                ;
;   0.000 ;   0.000 ;    ;      ;        ;                                       ; source latency            ;
;   0.000 ;   0.000 ;    ;      ; 1      ; PIN_M16                               ; clk                       ;
;   0.000 ;   0.000 ;    ; RE   ; 1      ; IOPAD_X89_Y35_N60                     ; ARRIAV_IO_PAD             ;
;   0.000 ;   0.000 ;    ; RE   ; 1      ; IO_PAD_OUTPUT_X89_Y35_N60_I1          ; IO_PAD_OUTPUT             ;
;   0.000 ;   0.000 ;    ; RE   ; 1      ; IO_INPUT_BUFFER_INPUT_X89_Y35_N61_I0  ; IO_INPUT_BUFFER_INPUT     ;
;   0.000 ;   0.000 ; RR ; IC   ; 1      ; IOIBUF_X89_Y35_N61                    ; clk~input|i               ;
;   0.739 ;   0.739 ; RR ; CELL ; 1      ; IOIBUF_X89_Y35_N61                    ; clk~input|o               ;
;   0.739 ;   0.000 ;    ; RE   ; 1      ; IOIBUF_X89_Y35_N61                    ; ARRIAV_IO_IBUF            ;
;   0.739 ;   0.000 ;    ; RE   ; 1      ; IO_INPUT_BUFFER_OUTPUT_X89_Y35_N61_I2 ; IO_INPUT_BUFFER_OUTPUT    ;
;   0.739 ;   0.000 ;    ; RE   ; 1      ; IO_RE_X89_Y35_N60_I96                 ; IO_RE                     ;
;   0.827 ;   0.088 ;    ; RE   ; 1      ; IO_RE_X89_Y35_N60_I66                 ; IO_RE                     ;
;   1.102 ;   0.275 ;    ; RE   ; 1      ; CLKBUF_CLUSTER_RE_X89_Y39_N3_I421     ; CLKBUF_CLUSTER_RE         ;
;   1.102 ;   0.000 ;    ; RE   ; 1      ; CLKBUF_CLUSTER_RE_X89_Y39_N3_I756     ; CLKBUF_CLUSTER_RE         ;
;   1.102 ;   0.000 ;    ; RE   ; 1      ; CLKBUF_CLUSTER_RE_X89_Y39_N3_I493     ; CLKBUF_CLUSTER_RE         ;
;   1.102 ;   0.000 ;    ; RE   ; 1      ; GCLK_CLUSTER_RE_X89_Y39_N3_I10        ; GCLK_CLUSTER_RE           ;
;   1.102 ;   0.000 ;    ; RE   ; 1      ; CLKBUFBLOCK_INPUT_X89_Y39_N4_I0       ; CLKBUFBLOCK_INPUT         ;
;   1.102 ;   0.000 ; RR ; IC   ; 1      ; CLKCTRL_G8                            ; clk~inputCLKENA0|inclk    ;
;   1.572 ;   0.470 ; RR ; CELL ; 1674   ; CLKCTRL_G8                            ; clk~inputCLKENA0|outclk   ;
;   1.572 ;   0.000 ;    ; RE   ; 1      ; CLKCTRL_G8                            ; ARRIAV_CLKBUF             ;
;   1.572 ;   0.000 ;    ; RE   ; 1      ; CLKBUFBLOCK_OUTPUT_X89_Y39_N4_I2      ; CLKBUFBLOCK_OUTPUT        ;
;   1.572 ;   0.000 ;    ; RE   ; 1      ; GCLK_CLUSTER_RE_X89_Y39_N3_I12        ; GCLK_CLUSTER_RE           ;
;   1.572 ;   0.000 ;    ; RE   ; 1      ; CLKBUF_CLUSTER_RE_X89_Y39_N3_I415     ; CLKBUF_CLUSTER_RE         ;
;   2.362 ;   0.790 ;    ; RE   ; 5      ; GLOBAL_CLOCK_X0_Y36_N0_I8             ; GLOBAL_CLOCK              ;
;   2.517 ;   0.155 ;    ; RE   ; 20     ; SPINE_CLOCK_X33_Y37_N0_I6             ; SPINE_CLOCK               ;
;   2.940 ;   0.423 ;    ; RE   ; 1      ; SCLK_TO_ROWCLK_BUF_X33_Y47_N0_I37     ; SCLK_TO_ROWCLK_BUF        ;
;   3.031 ;   0.091 ;    ; RE   ; 2      ; SCLK_TO_ROWCLK_BUF_X33_Y47_N0_I40     ; SCLK_TO_ROWCLK_BUF        ;
;   3.492 ;   0.461 ;    ; RE   ; 7      ; LAB_CLK_X25_Y47_N0_I5                 ; LAB_CLK                   ;
;   3.620 ;   0.128 ;    ; RE   ; 1      ; BLK_CLK_BUF_X33_Y47_N0_I5             ; BLK_CLK_BUF               ;
;   3.674 ;   0.054 ;    ; RE   ; 1      ; ROWCLKSEL_PREBUF_X33_Y47_N0_I5        ; ROWCLKSEL_PREBUF          ;
;   3.728 ;   0.054 ;    ; RE   ; 1      ; ROWCLKSEL_X33_Y47_N0_I0               ; ROWCLKSEL                 ;
;   3.728 ;   0.000 ;    ; RE   ; 1      ; GLOBAL_LOCAL_SEL_X33_Y47_N0_I0        ; GLOBAL_LOCAL_SEL          ;
;   3.728 ;   0.000 ;    ; RE   ; 2      ; LAB_INPUT_X33_Y47_N0_I0               ; LAB_INPUT                 ;
;   3.728 ;   0.000 ; RR ; IC   ; 1      ; FF_X33_Y47_N56                        ; state_array[1][1][13]|clk ;
;   4.292 ;   0.564 ; RR ; CELL ; 1      ; FF_X33_Y47_N56                        ; state_array[1][1][13]     ;
; 4.911   ; 0.619   ;    ;      ;        ;                                       ; data path                 ;
;   4.292 ;   0.000 ;    ; uTco ; 1      ; FF_X33_Y47_N56                        ; state_array[1][1][13]     ;
;   4.292 ;   0.000 ; RR ; CELL ; 6      ; FF_X33_Y47_N56                        ; state_array[1][1][13]|q   ;
;   4.351 ;   0.059 ;    ; RE   ; 2      ; FF_X33_Y47_N56                        ; ARRIAV_FF                 ;
;   4.466 ;   0.115 ;    ; RE   ; 3      ; LOCAL_LINE_X33_Y47_N0_I18             ; LOCAL_LINE                ;
;   4.608 ;   0.142 ;    ; RE   ; 1      ; BLOCK_INPUT_MUX_X33_Y47_N0_I78        ; LEIM_INPUT                ;
;   4.608 ;   0.000 ; RR ; IC   ; 1      ; LABCELL_X33_Y47_N54                   ; state_array~3174|datag    ;
;   4.829 ;   0.221 ; RR ; CELL ; 1      ; LABCELL_X33_Y47_N54                   ; state_array~3174|combout  ;
;   4.829 ;   0.000 ;    ; RE   ; 1      ; LABCELL_X33_Y47_N54                   ; ARRIAV_LCELL_COMB         ;
;   4.829 ;   0.000 ; RR ; IC   ; 1      ; FF_X33_Y47_N56                        ; state_array[1][1][13]|d   ;
;   4.911 ;   0.082 ; RR ; CELL ; 1      ; FF_X33_Y47_N56                        ; state_array[1][1][13]     ;
+---------+---------+----+------+--------+---------------------------------------+---------------------------+

+-------------------------------------------------------------------------------------------------------------+
; Data Required Path                                                                                          ;
+---------+----------+----+------+--------+---------------------------------------+---------------------------+
; Total   ; Incr     ; RF ; Type ; Fanout ; Location                              ; Element                   ;
+---------+----------+----+------+--------+---------------------------------------+---------------------------+
; 0.000   ; 0.000    ;    ;      ;        ;                                       ; latch edge time           ;
; 4.417   ; 4.417    ;    ;      ;        ;                                       ; clock path                ;
;   0.000 ;   0.000  ;    ;      ;        ;                                       ; source latency            ;
;   0.000 ;   0.000  ;    ;      ; 1      ; PIN_M16                               ; clk                       ;
;   0.000 ;   0.000  ;    ; RE   ; 1      ; IOPAD_X89_Y35_N60                     ; ARRIAV_IO_PAD             ;
;   0.000 ;   0.000  ;    ; RE   ; 1      ; IO_PAD_OUTPUT_X89_Y35_N60_I1          ; IO_PAD_OUTPUT             ;
;   0.000 ;   0.000  ;    ; RE   ; 1      ; IO_INPUT_BUFFER_INPUT_X89_Y35_N61_I0  ; IO_INPUT_BUFFER_INPUT     ;
;   0.000 ;   0.000  ; RR ; IC   ; 1      ; IOIBUF_X89_Y35_N61                    ; clk~input|i               ;
;   0.739 ;   0.739  ; RR ; CELL ; 1      ; IOIBUF_X89_Y35_N61                    ; clk~input|o               ;
;   0.739 ;   0.000  ;    ; RE   ; 1      ; IOIBUF_X89_Y35_N61                    ; ARRIAV_IO_IBUF            ;
;   0.739 ;   0.000  ;    ; RE   ; 1      ; IO_INPUT_BUFFER_OUTPUT_X89_Y35_N61_I2 ; IO_INPUT_BUFFER_OUTPUT    ;
;   0.739 ;   0.000  ;    ; RE   ; 1      ; IO_RE_X89_Y35_N60_I96                 ; IO_RE                     ;
;   0.833 ;   0.094  ;    ; RE   ; 1      ; IO_RE_X89_Y35_N60_I66                 ; IO_RE                     ;
;   1.125 ;   0.292  ;    ; RE   ; 1      ; CLKBUF_CLUSTER_RE_X89_Y39_N3_I421     ; CLKBUF_CLUSTER_RE         ;
;   1.125 ;   0.000  ;    ; RE   ; 1      ; CLKBUF_CLUSTER_RE_X89_Y39_N3_I756     ; CLKBUF_CLUSTER_RE         ;
;   1.125 ;   0.000  ;    ; RE   ; 1      ; CLKBUF_CLUSTER_RE_X89_Y39_N3_I493     ; CLKBUF_CLUSTER_RE         ;
;   1.125 ;   0.000  ;    ; RE   ; 1      ; GCLK_CLUSTER_RE_X89_Y39_N3_I10        ; GCLK_CLUSTER_RE           ;
;   1.125 ;   0.000  ;    ; RE   ; 1      ; CLKBUFBLOCK_INPUT_X89_Y39_N4_I0       ; CLKBUFBLOCK_INPUT         ;
;   1.125 ;   0.000  ; RR ; IC   ; 1      ; CLKCTRL_G8                            ; clk~inputCLKENA0|inclk    ;
;   1.632 ;   0.507  ; RR ; CELL ; 1674   ; CLKCTRL_G8                            ; clk~inputCLKENA0|outclk   ;
;   1.632 ;   0.000  ;    ; RE   ; 1      ; CLKCTRL_G8                            ; ARRIAV_CLKBUF             ;
;   1.632 ;   0.000  ;    ; RE   ; 1      ; CLKBUFBLOCK_OUTPUT_X89_Y39_N4_I2      ; CLKBUFBLOCK_OUTPUT        ;
;   1.632 ;   0.000  ;    ; RE   ; 1      ; GCLK_CLUSTER_RE_X89_Y39_N3_I12        ; GCLK_CLUSTER_RE           ;
;   1.632 ;   0.000  ;    ; RE   ; 1      ; CLKBUF_CLUSTER_RE_X89_Y39_N3_I415     ; CLKBUF_CLUSTER_RE         ;
;   2.467 ;   0.835  ;    ; RE   ; 5      ; GLOBAL_CLOCK_X0_Y36_N0_I8             ; GLOBAL_CLOCK              ;
;   2.627 ;   0.160  ;    ; RE   ; 20     ; SPINE_CLOCK_X33_Y37_N0_I6             ; SPINE_CLOCK               ;
;   3.065 ;   0.438  ;    ; RE   ; 1      ; SCLK_TO_ROWCLK_BUF_X33_Y47_N0_I37     ; SCLK_TO_ROWCLK_BUF        ;
;   3.160 ;   0.095  ;    ; RE   ; 2      ; SCLK_TO_ROWCLK_BUF_X33_Y47_N0_I40     ; SCLK_TO_ROWCLK_BUF        ;
;   3.637 ;   0.477  ;    ; RE   ; 7      ; LAB_CLK_X25_Y47_N0_I5                 ; LAB_CLK                   ;
;   3.776 ;   0.139  ;    ; RE   ; 1      ; BLK_CLK_BUF_X33_Y47_N0_I5             ; BLK_CLK_BUF               ;
;   3.832 ;   0.056  ;    ; RE   ; 1      ; ROWCLKSEL_PREBUF_X33_Y47_N0_I5        ; ROWCLKSEL_PREBUF          ;
;   3.891 ;   0.059  ;    ; RE   ; 1      ; ROWCLKSEL_X33_Y47_N0_I0               ; ROWCLKSEL                 ;
;   3.891 ;   0.000  ;    ; RE   ; 1      ; GLOBAL_LOCAL_SEL_X33_Y47_N0_I0        ; GLOBAL_LOCAL_SEL          ;
;   3.891 ;   0.000  ;    ; RE   ; 2      ; LAB_INPUT_X33_Y47_N0_I0               ; LAB_INPUT                 ;
;   3.891 ;   0.000  ; RR ; IC   ; 1      ; FF_X33_Y47_N56                        ; state_array[1][1][13]|clk ;
;   4.546 ;   0.655  ; RR ; CELL ; 1      ; FF_X33_Y47_N56                        ; state_array[1][1][13]     ;
;   4.417 ;   -0.129 ;    ;      ;        ;                                       ; clock pessimism removed   ;
; 4.417   ; 0.000    ;    ;      ;        ;                                       ; clock uncertainty         ;
; 4.417   ; 0.000    ;    ; uTh  ; 1      ; FF_X33_Y47_N56                        ; state_array[1][1][13]     ;
+---------+----------+----+------+--------+---------------------------------------+---------------------------+

----------------------------
; Extra Fitter Information ;
----------------------------
HTML report is unavailable in plain text report export.


Path #10: Hold slack is 0.495 
===============================================================================
+---------------------------------------------+
; Path Summary                                ;
+--------------------+------------------------+
; Property           ; Value                  ;
+--------------------+------------------------+
; From Node          ; xof_bytes_remaining[6] ;
; To Node            ; xof_bytes_remaining[6] ;
; Launch Clock       ; clk                    ;
; Latch Clock        ; clk                    ;
; Data Arrival Time  ; 4.955                  ;
; Data Required Time ; 4.460                  ;
; Slack              ; 0.495                  ;
+--------------------+------------------------+

+------------------------------------------------------------------------------------+
; Statistics                                                                         ;
+------------------------+-------+-------+-------------+------------+--------+-------+
; Property               ; Value ; Count ; Total Delay ; % of Total ; Min    ; Max   ;
+------------------------+-------+-------+-------------+------------+--------+-------+
; Hold Relationship      ; 0.000 ;       ;             ;            ;        ;       ;
; Clock Skew             ; 0.127 ;       ;             ;            ;        ;       ;
; Data Delay             ; 0.622 ;       ;             ;            ;        ;       ;
; Number of Logic Levels ;       ; 1     ;             ;            ;        ;       ;
; Physical Delays        ;       ;       ;             ;            ;        ;       ;
;  Arrival Path          ;       ;       ;             ;            ;        ;       ;
;   Clock                ;       ;       ;             ;            ;        ;       ;
;    IC                  ;       ; 3     ; -0.001      ; 0          ; -0.001 ; 0.000 ;
;    Cell                ;       ; 3     ; 1.765       ; 41         ; 0.470  ; 0.739 ;
;    Routing Element     ;       ; 26    ; 2.569       ; 59         ; 0.000  ; 0.788 ;
;   Data                 ;       ;       ;             ;            ;        ;       ;
;    IC                  ;       ; 2     ; 0.001       ; 0          ; 0.000  ; 0.001 ;
;    Cell                ;       ; 3     ; 0.353       ; 57         ; 0.000  ; 0.271 ;
;    uTco                ;       ; 1     ; 0.000       ; 0          ; 0.000  ; 0.000 ;
;    Routing Element     ;       ; 4     ; 0.268       ; 43         ; 0.000  ; 0.134 ;
;  Required Path         ;       ;       ;             ;            ;        ;       ;
;   Clock                ;       ;       ;             ;            ;        ;       ;
;    IC                  ;       ; 3     ; 0.000       ; 0          ; 0.000  ; 0.000 ;
;    Cell                ;       ; 3     ; 1.891       ; 41         ; 0.507  ; 0.739 ;
;    Routing Element     ;       ; 26    ; 2.697       ; 59         ; 0.000  ; 0.833 ;
+------------------------+-------+-------+-------------+------------+--------+-------+
Note: Negative delays are omitted from totals when calculating percentages

+--------------------------------------------------------------------------------------------------------------+
; Data Arrival Path                                                                                            ;
+---------+----------+----+------+--------+---------------------------------------+----------------------------+
; Total   ; Incr     ; RF ; Type ; Fanout ; Location                              ; Element                    ;
+---------+----------+----+------+--------+---------------------------------------+----------------------------+
; 0.000   ; 0.000    ;    ;      ;        ;                                       ; launch edge time           ;
; 4.333   ; 4.333    ;    ;      ;        ;                                       ; clock path                 ;
;   0.000 ;   0.000  ;    ;      ;        ;                                       ; source latency             ;
;   0.000 ;   0.000  ;    ;      ; 1      ; PIN_M16                               ; clk                        ;
;   0.000 ;   0.000  ;    ; RE   ; 1      ; IOPAD_X89_Y35_N60                     ; ARRIAV_IO_PAD              ;
;   0.000 ;   0.000  ;    ; RE   ; 1      ; IO_PAD_OUTPUT_X89_Y35_N60_I1          ; IO_PAD_OUTPUT              ;
;   0.000 ;   0.000  ;    ; RE   ; 1      ; IO_INPUT_BUFFER_INPUT_X89_Y35_N61_I0  ; IO_INPUT_BUFFER_INPUT      ;
;   0.000 ;   0.000  ; RR ; IC   ; 1      ; IOIBUF_X89_Y35_N61                    ; clk~input|i                ;
;   0.739 ;   0.739  ; RR ; CELL ; 1      ; IOIBUF_X89_Y35_N61                    ; clk~input|o                ;
;   0.739 ;   0.000  ;    ; RE   ; 1      ; IOIBUF_X89_Y35_N61                    ; ARRIAV_IO_IBUF             ;
;   0.739 ;   0.000  ;    ; RE   ; 1      ; IO_INPUT_BUFFER_OUTPUT_X89_Y35_N61_I2 ; IO_INPUT_BUFFER_OUTPUT     ;
;   0.739 ;   0.000  ;    ; RE   ; 1      ; IO_RE_X89_Y35_N60_I96                 ; IO_RE                      ;
;   0.827 ;   0.088  ;    ; RE   ; 1      ; IO_RE_X89_Y35_N60_I66                 ; IO_RE                      ;
;   1.102 ;   0.275  ;    ; RE   ; 1      ; CLKBUF_CLUSTER_RE_X89_Y39_N3_I421     ; CLKBUF_CLUSTER_RE          ;
;   1.102 ;   0.000  ;    ; RE   ; 1      ; CLKBUF_CLUSTER_RE_X89_Y39_N3_I756     ; CLKBUF_CLUSTER_RE          ;
;   1.102 ;   0.000  ;    ; RE   ; 1      ; CLKBUF_CLUSTER_RE_X89_Y39_N3_I493     ; CLKBUF_CLUSTER_RE          ;
;   1.102 ;   0.000  ;    ; RE   ; 1      ; GCLK_CLUSTER_RE_X89_Y39_N3_I10        ; GCLK_CLUSTER_RE            ;
;   1.102 ;   0.000  ;    ; RE   ; 1      ; CLKBUFBLOCK_INPUT_X89_Y39_N4_I0       ; CLKBUFBLOCK_INPUT          ;
;   1.102 ;   0.000  ; RR ; IC   ; 1      ; CLKCTRL_G8                            ; clk~inputCLKENA0|inclk     ;
;   1.572 ;   0.470  ; RR ; CELL ; 1674   ; CLKCTRL_G8                            ; clk~inputCLKENA0|outclk    ;
;   1.572 ;   0.000  ;    ; RE   ; 1      ; CLKCTRL_G8                            ; ARRIAV_CLKBUF              ;
;   1.572 ;   0.000  ;    ; RE   ; 1      ; CLKBUFBLOCK_OUTPUT_X89_Y39_N4_I2      ; CLKBUFBLOCK_OUTPUT         ;
;   1.572 ;   0.000  ;    ; RE   ; 1      ; GCLK_CLUSTER_RE_X89_Y39_N3_I12        ; GCLK_CLUSTER_RE            ;
;   1.572 ;   0.000  ;    ; RE   ; 1      ; CLKBUF_CLUSTER_RE_X89_Y39_N3_I415     ; CLKBUF_CLUSTER_RE          ;
;   2.360 ;   0.788  ;    ; RE   ; 5      ; GLOBAL_CLOCK_X0_Y36_N0_I8             ; GLOBAL_CLOCK               ;
;   2.510 ;   0.150  ;    ; RE   ; 19     ; SPINE_CLOCK_X15_Y37_N0_I6             ; SPINE_CLOCK                ;
;   2.933 ;   0.423  ;    ; RE   ; 1      ; SCLK_TO_ROWCLK_BUF_X15_Y50_N0_I37     ; SCLK_TO_ROWCLK_BUF         ;
;   3.025 ;   0.092  ;    ; RE   ; 2      ; SCLK_TO_ROWCLK_BUF_X15_Y50_N0_I40     ; SCLK_TO_ROWCLK_BUF         ;
;   3.515 ;   0.490  ;    ; RE   ; 5      ; LAB_CLK_X0_Y50_N0_I5                  ; LAB_CLK                    ;
;   3.666 ;   0.151  ;    ; RE   ; 1      ; BLK_CLK_BUF_X8_Y50_N0_I5              ; BLK_CLK_BUF                ;
;   3.724 ;   0.058  ;    ; RE   ; 1      ; ROWCLKSEL_PREBUF_X8_Y50_N0_I5         ; ROWCLKSEL_PREBUF           ;
;   3.778 ;   0.054  ;    ; RE   ; 1      ; ROWCLKSEL_X8_Y50_N0_I1                ; ROWCLKSEL                  ;
;   3.778 ;   0.000  ;    ; RE   ; 1      ; GLOBAL_LOCAL_SEL_X8_Y50_N0_I1         ; GLOBAL_LOCAL_SEL           ;
;   3.778 ;   0.000  ;    ; RE   ; 13     ; LAB_INPUT_X8_Y50_N0_I2                ; LAB_INPUT                  ;
;   3.777 ;   -0.001 ; RR ; IC   ; 1      ; FF_X8_Y50_N11                         ; xof_bytes_remaining[6]|clk ;
;   4.333 ;   0.556  ; RR ; CELL ; 1      ; FF_X8_Y50_N11                         ; xof_bytes_remaining[6]     ;
; 4.955   ; 0.622    ;    ;      ;        ;                                       ; data path                  ;
;   4.333 ;   0.000  ;    ; uTco ; 1      ; FF_X8_Y50_N11                         ; xof_bytes_remaining[6]     ;
;   4.333 ;   0.000  ; FF ; CELL ; 2      ; FF_X8_Y50_N11                         ; xof_bytes_remaining[6]|q   ;
;   4.390 ;   0.057  ;    ; RE   ; 2      ; FF_X8_Y50_N11                         ; ARRIAV_FF                  ;
;   4.467 ;   0.077  ;    ; RE   ; 1      ; LOCAL_LINE_X8_Y50_N0_I3               ; LOCAL_LINE                 ;
;   4.601 ;   0.134  ;    ; RE   ; 1      ; BLOCK_INPUT_MUX_X8_Y50_N0_I13         ; LEIM_INPUT                 ;
;   4.602 ;   0.001  ; FF ; IC   ; 2      ; MLABCELL_X8_Y50_N9                    ; Add5~37|datac              ;
;   4.873 ;   0.271  ; FR ; CELL ; 1      ; MLABCELL_X8_Y50_N9                    ; Add5~37|sumout             ;
;   4.873 ;   0.000  ;    ; RE   ; 2      ; MLABCELL_X8_Y50_N9                    ; ARRIAV_LCELL_COMB          ;
;   4.873 ;   0.000  ; RR ; IC   ; 1      ; FF_X8_Y50_N11                         ; xof_bytes_remaining[6]|d   ;
;   4.955 ;   0.082  ; RR ; CELL ; 1      ; FF_X8_Y50_N11                         ; xof_bytes_remaining[6]     ;
+---------+----------+----+------+--------+---------------------------------------+----------------------------+

+--------------------------------------------------------------------------------------------------------------+
; Data Required Path                                                                                           ;
+---------+----------+----+------+--------+---------------------------------------+----------------------------+
; Total   ; Incr     ; RF ; Type ; Fanout ; Location                              ; Element                    ;
+---------+----------+----+------+--------+---------------------------------------+----------------------------+
; 0.000   ; 0.000    ;    ;      ;        ;                                       ; latch edge time            ;
; 4.460   ; 4.460    ;    ;      ;        ;                                       ; clock path                 ;
;   0.000 ;   0.000  ;    ;      ;        ;                                       ; source latency             ;
;   0.000 ;   0.000  ;    ;      ; 1      ; PIN_M16                               ; clk                        ;
;   0.000 ;   0.000  ;    ; RE   ; 1      ; IOPAD_X89_Y35_N60                     ; ARRIAV_IO_PAD              ;
;   0.000 ;   0.000  ;    ; RE   ; 1      ; IO_PAD_OUTPUT_X89_Y35_N60_I1          ; IO_PAD_OUTPUT              ;
;   0.000 ;   0.000  ;    ; RE   ; 1      ; IO_INPUT_BUFFER_INPUT_X89_Y35_N61_I0  ; IO_INPUT_BUFFER_INPUT      ;
;   0.000 ;   0.000  ; RR ; IC   ; 1      ; IOIBUF_X89_Y35_N61                    ; clk~input|i                ;
;   0.739 ;   0.739  ; RR ; CELL ; 1      ; IOIBUF_X89_Y35_N61                    ; clk~input|o                ;
;   0.739 ;   0.000  ;    ; RE   ; 1      ; IOIBUF_X89_Y35_N61                    ; ARRIAV_IO_IBUF             ;
;   0.739 ;   0.000  ;    ; RE   ; 1      ; IO_INPUT_BUFFER_OUTPUT_X89_Y35_N61_I2 ; IO_INPUT_BUFFER_OUTPUT     ;
;   0.739 ;   0.000  ;    ; RE   ; 1      ; IO_RE_X89_Y35_N60_I96                 ; IO_RE                      ;
;   0.833 ;   0.094  ;    ; RE   ; 1      ; IO_RE_X89_Y35_N60_I66                 ; IO_RE                      ;
;   1.125 ;   0.292  ;    ; RE   ; 1      ; CLKBUF_CLUSTER_RE_X89_Y39_N3_I421     ; CLKBUF_CLUSTER_RE          ;
;   1.125 ;   0.000  ;    ; RE   ; 1      ; CLKBUF_CLUSTER_RE_X89_Y39_N3_I756     ; CLKBUF_CLUSTER_RE          ;
;   1.125 ;   0.000  ;    ; RE   ; 1      ; CLKBUF_CLUSTER_RE_X89_Y39_N3_I493     ; CLKBUF_CLUSTER_RE          ;
;   1.125 ;   0.000  ;    ; RE   ; 1      ; GCLK_CLUSTER_RE_X89_Y39_N3_I10        ; GCLK_CLUSTER_RE            ;
;   1.125 ;   0.000  ;    ; RE   ; 1      ; CLKBUFBLOCK_INPUT_X89_Y39_N4_I0       ; CLKBUFBLOCK_INPUT          ;
;   1.125 ;   0.000  ; RR ; IC   ; 1      ; CLKCTRL_G8                            ; clk~inputCLKENA0|inclk     ;
;   1.632 ;   0.507  ; RR ; CELL ; 1674   ; CLKCTRL_G8                            ; clk~inputCLKENA0|outclk    ;
;   1.632 ;   0.000  ;    ; RE   ; 1      ; CLKCTRL_G8                            ; ARRIAV_CLKBUF              ;
;   1.632 ;   0.000  ;    ; RE   ; 1      ; CLKBUFBLOCK_OUTPUT_X89_Y39_N4_I2      ; CLKBUFBLOCK_OUTPUT         ;
;   1.632 ;   0.000  ;    ; RE   ; 1      ; GCLK_CLUSTER_RE_X89_Y39_N3_I12        ; GCLK_CLUSTER_RE            ;
;   1.632 ;   0.000  ;    ; RE   ; 1      ; CLKBUF_CLUSTER_RE_X89_Y39_N3_I415     ; CLKBUF_CLUSTER_RE          ;
;   2.465 ;   0.833  ;    ; RE   ; 5      ; GLOBAL_CLOCK_X0_Y36_N0_I8             ; GLOBAL_CLOCK               ;
;   2.620 ;   0.155  ;    ; RE   ; 19     ; SPINE_CLOCK_X15_Y37_N0_I6             ; SPINE_CLOCK                ;
;   3.058 ;   0.438  ;    ; RE   ; 1      ; SCLK_TO_ROWCLK_BUF_X15_Y50_N0_I37     ; SCLK_TO_ROWCLK_BUF         ;
;   3.153 ;   0.095  ;    ; RE   ; 2      ; SCLK_TO_ROWCLK_BUF_X15_Y50_N0_I40     ; SCLK_TO_ROWCLK_BUF         ;
;   3.660 ;   0.507  ;    ; RE   ; 5      ; LAB_CLK_X0_Y50_N0_I5                  ; LAB_CLK                    ;
;   3.824 ;   0.164  ;    ; RE   ; 1      ; BLK_CLK_BUF_X8_Y50_N0_I5              ; BLK_CLK_BUF                ;
;   3.884 ;   0.060  ;    ; RE   ; 1      ; ROWCLKSEL_PREBUF_X8_Y50_N0_I5         ; ROWCLKSEL_PREBUF           ;
;   3.943 ;   0.059  ;    ; RE   ; 1      ; ROWCLKSEL_X8_Y50_N0_I1                ; ROWCLKSEL                  ;
;   3.943 ;   0.000  ;    ; RE   ; 1      ; GLOBAL_LOCAL_SEL_X8_Y50_N0_I1         ; GLOBAL_LOCAL_SEL           ;
;   3.943 ;   0.000  ;    ; RE   ; 13     ; LAB_INPUT_X8_Y50_N0_I2                ; LAB_INPUT                  ;
;   3.943 ;   0.000  ; RR ; IC   ; 1      ; FF_X8_Y50_N11                         ; xof_bytes_remaining[6]|clk ;
;   4.588 ;   0.645  ; RR ; CELL ; 1      ; FF_X8_Y50_N11                         ; xof_bytes_remaining[6]     ;
;   4.460 ;   -0.128 ;    ;      ;        ;                                       ; clock pessimism removed    ;
; 4.460   ; 0.000    ;    ;      ;        ;                                       ; clock uncertainty          ;
; 4.460   ; 0.000    ;    ; uTh  ; 1      ; FF_X8_Y50_N11                         ; xof_bytes_remaining[6]     ;
+---------+----------+----+------+--------+---------------------------------------+----------------------------+

----------------------------
; Extra Fitter Information ;
----------------------------
HTML report is unavailable in plain text report export.


Path #11: Hold slack is 0.497 
===============================================================================
+---------------------------------------------+
; Path Summary                                ;
+--------------------+------------------------+
; Property           ; Value                  ;
+--------------------+------------------------+
; From Node          ; xof_bytes_remaining[9] ;
; To Node            ; xof_bytes_remaining[9] ;
; Launch Clock       ; clk                    ;
; Latch Clock        ; clk                    ;
; Data Arrival Time  ; 4.951                  ;
; Data Required Time ; 4.454                  ;
; Slack              ; 0.497                  ;
+--------------------+------------------------+

+------------------------------------------------------------------------------------+
; Statistics                                                                         ;
+------------------------+-------+-------+-------------+------------+--------+-------+
; Property               ; Value ; Count ; Total Delay ; % of Total ; Min    ; Max   ;
+------------------------+-------+-------+-------------+------------+--------+-------+
; Hold Relationship      ; 0.000 ;       ;             ;            ;        ;       ;
; Clock Skew             ; 0.127 ;       ;             ;            ;        ;       ;
; Data Delay             ; 0.624 ;       ;             ;            ;        ;       ;
; Number of Logic Levels ;       ; 1     ;             ;            ;        ;       ;
; Physical Delays        ;       ;       ;             ;            ;        ;       ;
;  Arrival Path          ;       ;       ;             ;            ;        ;       ;
;   Clock                ;       ;       ;             ;            ;        ;       ;
;    IC                  ;       ; 3     ; -0.001      ; 0          ; -0.001 ; 0.000 ;
;    Cell                ;       ; 3     ; 1.759       ; 41         ; 0.470  ; 0.739 ;
;    Routing Element     ;       ; 26    ; 2.569       ; 59         ; 0.000  ; 0.788 ;
;   Data                 ;       ;       ;             ;            ;        ;       ;
;    IC                  ;       ; 2     ; 0.000       ; 0          ; 0.000  ; 0.000 ;
;    Cell                ;       ; 3     ; 0.349       ; 56         ; 0.000  ; 0.266 ;
;    uTco                ;       ; 1     ; 0.000       ; 0          ; 0.000  ; 0.000 ;
;    Routing Element     ;       ; 4     ; 0.275       ; 44         ; 0.000  ; 0.139 ;
;  Required Path         ;       ;       ;             ;            ;        ;       ;
;   Clock                ;       ;       ;             ;            ;        ;       ;
;    IC                  ;       ; 3     ; 0.000       ; 0          ; 0.000  ; 0.000 ;
;    Cell                ;       ; 3     ; 1.885       ; 41         ; 0.507  ; 0.739 ;
;    Routing Element     ;       ; 26    ; 2.697       ; 59         ; 0.000  ; 0.833 ;
+------------------------+-------+-------+-------------+------------+--------+-------+
Note: Negative delays are omitted from totals when calculating percentages

+--------------------------------------------------------------------------------------------------------------+
; Data Arrival Path                                                                                            ;
+---------+----------+----+------+--------+---------------------------------------+----------------------------+
; Total   ; Incr     ; RF ; Type ; Fanout ; Location                              ; Element                    ;
+---------+----------+----+------+--------+---------------------------------------+----------------------------+
; 0.000   ; 0.000    ;    ;      ;        ;                                       ; launch edge time           ;
; 4.327   ; 4.327    ;    ;      ;        ;                                       ; clock path                 ;
;   0.000 ;   0.000  ;    ;      ;        ;                                       ; source latency             ;
;   0.000 ;   0.000  ;    ;      ; 1      ; PIN_M16                               ; clk                        ;
;   0.000 ;   0.000  ;    ; RE   ; 1      ; IOPAD_X89_Y35_N60                     ; ARRIAV_IO_PAD              ;
;   0.000 ;   0.000  ;    ; RE   ; 1      ; IO_PAD_OUTPUT_X89_Y35_N60_I1          ; IO_PAD_OUTPUT              ;
;   0.000 ;   0.000  ;    ; RE   ; 1      ; IO_INPUT_BUFFER_INPUT_X89_Y35_N61_I0  ; IO_INPUT_BUFFER_INPUT      ;
;   0.000 ;   0.000  ; RR ; IC   ; 1      ; IOIBUF_X89_Y35_N61                    ; clk~input|i                ;
;   0.739 ;   0.739  ; RR ; CELL ; 1      ; IOIBUF_X89_Y35_N61                    ; clk~input|o                ;
;   0.739 ;   0.000  ;    ; RE   ; 1      ; IOIBUF_X89_Y35_N61                    ; ARRIAV_IO_IBUF             ;
;   0.739 ;   0.000  ;    ; RE   ; 1      ; IO_INPUT_BUFFER_OUTPUT_X89_Y35_N61_I2 ; IO_INPUT_BUFFER_OUTPUT     ;
;   0.739 ;   0.000  ;    ; RE   ; 1      ; IO_RE_X89_Y35_N60_I96                 ; IO_RE                      ;
;   0.827 ;   0.088  ;    ; RE   ; 1      ; IO_RE_X89_Y35_N60_I66                 ; IO_RE                      ;
;   1.102 ;   0.275  ;    ; RE   ; 1      ; CLKBUF_CLUSTER_RE_X89_Y39_N3_I421     ; CLKBUF_CLUSTER_RE          ;
;   1.102 ;   0.000  ;    ; RE   ; 1      ; CLKBUF_CLUSTER_RE_X89_Y39_N3_I756     ; CLKBUF_CLUSTER_RE          ;
;   1.102 ;   0.000  ;    ; RE   ; 1      ; CLKBUF_CLUSTER_RE_X89_Y39_N3_I493     ; CLKBUF_CLUSTER_RE          ;
;   1.102 ;   0.000  ;    ; RE   ; 1      ; GCLK_CLUSTER_RE_X89_Y39_N3_I10        ; GCLK_CLUSTER_RE            ;
;   1.102 ;   0.000  ;    ; RE   ; 1      ; CLKBUFBLOCK_INPUT_X89_Y39_N4_I0       ; CLKBUFBLOCK_INPUT          ;
;   1.102 ;   0.000  ; RR ; IC   ; 1      ; CLKCTRL_G8                            ; clk~inputCLKENA0|inclk     ;
;   1.572 ;   0.470  ; RR ; CELL ; 1674   ; CLKCTRL_G8                            ; clk~inputCLKENA0|outclk    ;
;   1.572 ;   0.000  ;    ; RE   ; 1      ; CLKCTRL_G8                            ; ARRIAV_CLKBUF              ;
;   1.572 ;   0.000  ;    ; RE   ; 1      ; CLKBUFBLOCK_OUTPUT_X89_Y39_N4_I2      ; CLKBUFBLOCK_OUTPUT         ;
;   1.572 ;   0.000  ;    ; RE   ; 1      ; GCLK_CLUSTER_RE_X89_Y39_N3_I12        ; GCLK_CLUSTER_RE            ;
;   1.572 ;   0.000  ;    ; RE   ; 1      ; CLKBUF_CLUSTER_RE_X89_Y39_N3_I415     ; CLKBUF_CLUSTER_RE          ;
;   2.360 ;   0.788  ;    ; RE   ; 5      ; GLOBAL_CLOCK_X0_Y36_N0_I8             ; GLOBAL_CLOCK               ;
;   2.510 ;   0.150  ;    ; RE   ; 19     ; SPINE_CLOCK_X15_Y37_N0_I6             ; SPINE_CLOCK                ;
;   2.933 ;   0.423  ;    ; RE   ; 1      ; SCLK_TO_ROWCLK_BUF_X15_Y50_N0_I37     ; SCLK_TO_ROWCLK_BUF         ;
;   3.025 ;   0.092  ;    ; RE   ; 2      ; SCLK_TO_ROWCLK_BUF_X15_Y50_N0_I40     ; SCLK_TO_ROWCLK_BUF         ;
;   3.515 ;   0.490  ;    ; RE   ; 5      ; LAB_CLK_X0_Y50_N0_I5                  ; LAB_CLK                    ;
;   3.666 ;   0.151  ;    ; RE   ; 1      ; BLK_CLK_BUF_X8_Y50_N0_I5              ; BLK_CLK_BUF                ;
;   3.724 ;   0.058  ;    ; RE   ; 1      ; ROWCLKSEL_PREBUF_X8_Y50_N0_I5         ; ROWCLKSEL_PREBUF           ;
;   3.778 ;   0.054  ;    ; RE   ; 1      ; ROWCLKSEL_X8_Y50_N0_I1                ; ROWCLKSEL                  ;
;   3.778 ;   0.000  ;    ; RE   ; 1      ; GLOBAL_LOCAL_SEL_X8_Y50_N0_I1         ; GLOBAL_LOCAL_SEL           ;
;   3.778 ;   0.000  ;    ; RE   ; 13     ; LAB_INPUT_X8_Y50_N0_I2                ; LAB_INPUT                  ;
;   3.777 ;   -0.001 ; RR ; IC   ; 1      ; FF_X8_Y50_N20                         ; xof_bytes_remaining[9]|clk ;
;   4.327 ;   0.550  ; RR ; CELL ; 1      ; FF_X8_Y50_N20                         ; xof_bytes_remaining[9]     ;
; 4.951   ; 0.624    ;    ;      ;        ;                                       ; data path                  ;
;   4.327 ;   0.000  ;    ; uTco ; 1      ; FF_X8_Y50_N20                         ; xof_bytes_remaining[9]     ;
;   4.327 ;   0.000  ; FF ; CELL ; 2      ; FF_X8_Y50_N20                         ; xof_bytes_remaining[9]|q   ;
;   4.381 ;   0.054  ;    ; RE   ; 2      ; FF_X8_Y50_N20                         ; ARRIAV_FF                  ;
;   4.463 ;   0.082  ;    ; RE   ; 1      ; LOCAL_LINE_X8_Y50_N0_I6               ; LOCAL_LINE                 ;
;   4.602 ;   0.139  ;    ; RE   ; 1      ; BLOCK_INPUT_MUX_X8_Y50_N0_I28         ; LEIM_INPUT                 ;
;   4.602 ;   0.000  ; FF ; IC   ; 2      ; MLABCELL_X8_Y50_N18                   ; Add5~25|datac              ;
;   4.868 ;   0.266  ; FR ; CELL ; 1      ; MLABCELL_X8_Y50_N18                   ; Add5~25|sumout             ;
;   4.868 ;   0.000  ;    ; RE   ; 2      ; MLABCELL_X8_Y50_N18                   ; ARRIAV_LCELL_COMB          ;
;   4.868 ;   0.000  ; RR ; IC   ; 1      ; FF_X8_Y50_N20                         ; xof_bytes_remaining[9]|d   ;
;   4.951 ;   0.083  ; RR ; CELL ; 1      ; FF_X8_Y50_N20                         ; xof_bytes_remaining[9]     ;
+---------+----------+----+------+--------+---------------------------------------+----------------------------+

+--------------------------------------------------------------------------------------------------------------+
; Data Required Path                                                                                           ;
+---------+----------+----+------+--------+---------------------------------------+----------------------------+
; Total   ; Incr     ; RF ; Type ; Fanout ; Location                              ; Element                    ;
+---------+----------+----+------+--------+---------------------------------------+----------------------------+
; 0.000   ; 0.000    ;    ;      ;        ;                                       ; latch edge time            ;
; 4.454   ; 4.454    ;    ;      ;        ;                                       ; clock path                 ;
;   0.000 ;   0.000  ;    ;      ;        ;                                       ; source latency             ;
;   0.000 ;   0.000  ;    ;      ; 1      ; PIN_M16                               ; clk                        ;
;   0.000 ;   0.000  ;    ; RE   ; 1      ; IOPAD_X89_Y35_N60                     ; ARRIAV_IO_PAD              ;
;   0.000 ;   0.000  ;    ; RE   ; 1      ; IO_PAD_OUTPUT_X89_Y35_N60_I1          ; IO_PAD_OUTPUT              ;
;   0.000 ;   0.000  ;    ; RE   ; 1      ; IO_INPUT_BUFFER_INPUT_X89_Y35_N61_I0  ; IO_INPUT_BUFFER_INPUT      ;
;   0.000 ;   0.000  ; RR ; IC   ; 1      ; IOIBUF_X89_Y35_N61                    ; clk~input|i                ;
;   0.739 ;   0.739  ; RR ; CELL ; 1      ; IOIBUF_X89_Y35_N61                    ; clk~input|o                ;
;   0.739 ;   0.000  ;    ; RE   ; 1      ; IOIBUF_X89_Y35_N61                    ; ARRIAV_IO_IBUF             ;
;   0.739 ;   0.000  ;    ; RE   ; 1      ; IO_INPUT_BUFFER_OUTPUT_X89_Y35_N61_I2 ; IO_INPUT_BUFFER_OUTPUT     ;
;   0.739 ;   0.000  ;    ; RE   ; 1      ; IO_RE_X89_Y35_N60_I96                 ; IO_RE                      ;
;   0.833 ;   0.094  ;    ; RE   ; 1      ; IO_RE_X89_Y35_N60_I66                 ; IO_RE                      ;
;   1.125 ;   0.292  ;    ; RE   ; 1      ; CLKBUF_CLUSTER_RE_X89_Y39_N3_I421     ; CLKBUF_CLUSTER_RE          ;
;   1.125 ;   0.000  ;    ; RE   ; 1      ; CLKBUF_CLUSTER_RE_X89_Y39_N3_I756     ; CLKBUF_CLUSTER_RE          ;
;   1.125 ;   0.000  ;    ; RE   ; 1      ; CLKBUF_CLUSTER_RE_X89_Y39_N3_I493     ; CLKBUF_CLUSTER_RE          ;
;   1.125 ;   0.000  ;    ; RE   ; 1      ; GCLK_CLUSTER_RE_X89_Y39_N3_I10        ; GCLK_CLUSTER_RE            ;
;   1.125 ;   0.000  ;    ; RE   ; 1      ; CLKBUFBLOCK_INPUT_X89_Y39_N4_I0       ; CLKBUFBLOCK_INPUT          ;
;   1.125 ;   0.000  ; RR ; IC   ; 1      ; CLKCTRL_G8                            ; clk~inputCLKENA0|inclk     ;
;   1.632 ;   0.507  ; RR ; CELL ; 1674   ; CLKCTRL_G8                            ; clk~inputCLKENA0|outclk    ;
;   1.632 ;   0.000  ;    ; RE   ; 1      ; CLKCTRL_G8                            ; ARRIAV_CLKBUF              ;
;   1.632 ;   0.000  ;    ; RE   ; 1      ; CLKBUFBLOCK_OUTPUT_X89_Y39_N4_I2      ; CLKBUFBLOCK_OUTPUT         ;
;   1.632 ;   0.000  ;    ; RE   ; 1      ; GCLK_CLUSTER_RE_X89_Y39_N3_I12        ; GCLK_CLUSTER_RE            ;
;   1.632 ;   0.000  ;    ; RE   ; 1      ; CLKBUF_CLUSTER_RE_X89_Y39_N3_I415     ; CLKBUF_CLUSTER_RE          ;
;   2.465 ;   0.833  ;    ; RE   ; 5      ; GLOBAL_CLOCK_X0_Y36_N0_I8             ; GLOBAL_CLOCK               ;
;   2.620 ;   0.155  ;    ; RE   ; 19     ; SPINE_CLOCK_X15_Y37_N0_I6             ; SPINE_CLOCK                ;
;   3.058 ;   0.438  ;    ; RE   ; 1      ; SCLK_TO_ROWCLK_BUF_X15_Y50_N0_I37     ; SCLK_TO_ROWCLK_BUF         ;
;   3.153 ;   0.095  ;    ; RE   ; 2      ; SCLK_TO_ROWCLK_BUF_X15_Y50_N0_I40     ; SCLK_TO_ROWCLK_BUF         ;
;   3.660 ;   0.507  ;    ; RE   ; 5      ; LAB_CLK_X0_Y50_N0_I5                  ; LAB_CLK                    ;
;   3.824 ;   0.164  ;    ; RE   ; 1      ; BLK_CLK_BUF_X8_Y50_N0_I5              ; BLK_CLK_BUF                ;
;   3.884 ;   0.060  ;    ; RE   ; 1      ; ROWCLKSEL_PREBUF_X8_Y50_N0_I5         ; ROWCLKSEL_PREBUF           ;
;   3.943 ;   0.059  ;    ; RE   ; 1      ; ROWCLKSEL_X8_Y50_N0_I1                ; ROWCLKSEL                  ;
;   3.943 ;   0.000  ;    ; RE   ; 1      ; GLOBAL_LOCAL_SEL_X8_Y50_N0_I1         ; GLOBAL_LOCAL_SEL           ;
;   3.943 ;   0.000  ;    ; RE   ; 13     ; LAB_INPUT_X8_Y50_N0_I2                ; LAB_INPUT                  ;
;   3.943 ;   0.000  ; RR ; IC   ; 1      ; FF_X8_Y50_N20                         ; xof_bytes_remaining[9]|clk ;
;   4.582 ;   0.639  ; RR ; CELL ; 1      ; FF_X8_Y50_N20                         ; xof_bytes_remaining[9]     ;
;   4.454 ;   -0.128 ;    ;      ;        ;                                       ; clock pessimism removed    ;
; 4.454   ; 0.000    ;    ;      ;        ;                                       ; clock uncertainty          ;
; 4.454   ; 0.000    ;    ; uTh  ; 1      ; FF_X8_Y50_N20                         ; xof_bytes_remaining[9]     ;
+---------+----------+----+------+--------+---------------------------------------+----------------------------+

----------------------------
; Extra Fitter Information ;
----------------------------
HTML report is unavailable in plain text report export.


Path #12: Hold slack is 0.497 
===============================================================================
+----------------------------------------------+
; Path Summary                                 ;
+--------------------+-------------------------+
; Property           ; Value                   ;
+--------------------+-------------------------+
; From Node          ; xof_bytes_remaining[15] ;
; To Node            ; xof_bytes_remaining[15] ;
; Launch Clock       ; clk                     ;
; Latch Clock        ; clk                     ;
; Data Arrival Time  ; 4.951                   ;
; Data Required Time ; 4.454                   ;
; Slack              ; 0.497                   ;
+--------------------+-------------------------+

+------------------------------------------------------------------------------------+
; Statistics                                                                         ;
+------------------------+-------+-------+-------------+------------+--------+-------+
; Property               ; Value ; Count ; Total Delay ; % of Total ; Min    ; Max   ;
+------------------------+-------+-------+-------------+------------+--------+-------+
; Hold Relationship      ; 0.000 ;       ;             ;            ;        ;       ;
; Clock Skew             ; 0.127 ;       ;             ;            ;        ;       ;
; Data Delay             ; 0.624 ;       ;             ;            ;        ;       ;
; Number of Logic Levels ;       ; 1     ;             ;            ;        ;       ;
; Physical Delays        ;       ;       ;             ;            ;        ;       ;
;  Arrival Path          ;       ;       ;             ;            ;        ;       ;
;   Clock                ;       ;       ;             ;            ;        ;       ;
;    IC                  ;       ; 3     ; -0.001      ; 0          ; -0.001 ; 0.000 ;
;    Cell                ;       ; 3     ; 1.759       ; 41         ; 0.470  ; 0.739 ;
;    Routing Element     ;       ; 26    ; 2.569       ; 59         ; 0.000  ; 0.788 ;
;   Data                 ;       ;       ;             ;            ;        ;       ;
;    IC                  ;       ; 2     ; 0.000       ; 0          ; 0.000  ; 0.000 ;
;    Cell                ;       ; 3     ; 0.349       ; 56         ; 0.000  ; 0.266 ;
;    uTco                ;       ; 1     ; 0.000       ; 0          ; 0.000  ; 0.000 ;
;    Routing Element     ;       ; 4     ; 0.275       ; 44         ; 0.000  ; 0.140 ;
;  Required Path         ;       ;       ;             ;            ;        ;       ;
;   Clock                ;       ;       ;             ;            ;        ;       ;
;    IC                  ;       ; 3     ; 0.000       ; 0          ; 0.000  ; 0.000 ;
;    Cell                ;       ; 3     ; 1.885       ; 41         ; 0.507  ; 0.739 ;
;    Routing Element     ;       ; 26    ; 2.697       ; 59         ; 0.000  ; 0.833 ;
+------------------------+-------+-------+-------------+------------+--------+-------+
Note: Negative delays are omitted from totals when calculating percentages

+---------------------------------------------------------------------------------------------------------------+
; Data Arrival Path                                                                                             ;
+---------+----------+----+------+--------+---------------------------------------+-----------------------------+
; Total   ; Incr     ; RF ; Type ; Fanout ; Location                              ; Element                     ;
+---------+----------+----+------+--------+---------------------------------------+-----------------------------+
; 0.000   ; 0.000    ;    ;      ;        ;                                       ; launch edge time            ;
; 4.327   ; 4.327    ;    ;      ;        ;                                       ; clock path                  ;
;   0.000 ;   0.000  ;    ;      ;        ;                                       ; source latency              ;
;   0.000 ;   0.000  ;    ;      ; 1      ; PIN_M16                               ; clk                         ;
;   0.000 ;   0.000  ;    ; RE   ; 1      ; IOPAD_X89_Y35_N60                     ; ARRIAV_IO_PAD               ;
;   0.000 ;   0.000  ;    ; RE   ; 1      ; IO_PAD_OUTPUT_X89_Y35_N60_I1          ; IO_PAD_OUTPUT               ;
;   0.000 ;   0.000  ;    ; RE   ; 1      ; IO_INPUT_BUFFER_INPUT_X89_Y35_N61_I0  ; IO_INPUT_BUFFER_INPUT       ;
;   0.000 ;   0.000  ; RR ; IC   ; 1      ; IOIBUF_X89_Y35_N61                    ; clk~input|i                 ;
;   0.739 ;   0.739  ; RR ; CELL ; 1      ; IOIBUF_X89_Y35_N61                    ; clk~input|o                 ;
;   0.739 ;   0.000  ;    ; RE   ; 1      ; IOIBUF_X89_Y35_N61                    ; ARRIAV_IO_IBUF              ;
;   0.739 ;   0.000  ;    ; RE   ; 1      ; IO_INPUT_BUFFER_OUTPUT_X89_Y35_N61_I2 ; IO_INPUT_BUFFER_OUTPUT      ;
;   0.739 ;   0.000  ;    ; RE   ; 1      ; IO_RE_X89_Y35_N60_I96                 ; IO_RE                       ;
;   0.827 ;   0.088  ;    ; RE   ; 1      ; IO_RE_X89_Y35_N60_I66                 ; IO_RE                       ;
;   1.102 ;   0.275  ;    ; RE   ; 1      ; CLKBUF_CLUSTER_RE_X89_Y39_N3_I421     ; CLKBUF_CLUSTER_RE           ;
;   1.102 ;   0.000  ;    ; RE   ; 1      ; CLKBUF_CLUSTER_RE_X89_Y39_N3_I756     ; CLKBUF_CLUSTER_RE           ;
;   1.102 ;   0.000  ;    ; RE   ; 1      ; CLKBUF_CLUSTER_RE_X89_Y39_N3_I493     ; CLKBUF_CLUSTER_RE           ;
;   1.102 ;   0.000  ;    ; RE   ; 1      ; GCLK_CLUSTER_RE_X89_Y39_N3_I10        ; GCLK_CLUSTER_RE             ;
;   1.102 ;   0.000  ;    ; RE   ; 1      ; CLKBUFBLOCK_INPUT_X89_Y39_N4_I0       ; CLKBUFBLOCK_INPUT           ;
;   1.102 ;   0.000  ; RR ; IC   ; 1      ; CLKCTRL_G8                            ; clk~inputCLKENA0|inclk      ;
;   1.572 ;   0.470  ; RR ; CELL ; 1674   ; CLKCTRL_G8                            ; clk~inputCLKENA0|outclk     ;
;   1.572 ;   0.000  ;    ; RE   ; 1      ; CLKCTRL_G8                            ; ARRIAV_CLKBUF               ;
;   1.572 ;   0.000  ;    ; RE   ; 1      ; CLKBUFBLOCK_OUTPUT_X89_Y39_N4_I2      ; CLKBUFBLOCK_OUTPUT          ;
;   1.572 ;   0.000  ;    ; RE   ; 1      ; GCLK_CLUSTER_RE_X89_Y39_N3_I12        ; GCLK_CLUSTER_RE             ;
;   1.572 ;   0.000  ;    ; RE   ; 1      ; CLKBUF_CLUSTER_RE_X89_Y39_N3_I415     ; CLKBUF_CLUSTER_RE           ;
;   2.360 ;   0.788  ;    ; RE   ; 5      ; GLOBAL_CLOCK_X0_Y36_N0_I8             ; GLOBAL_CLOCK                ;
;   2.510 ;   0.150  ;    ; RE   ; 19     ; SPINE_CLOCK_X15_Y37_N0_I6             ; SPINE_CLOCK                 ;
;   2.933 ;   0.423  ;    ; RE   ; 1      ; SCLK_TO_ROWCLK_BUF_X15_Y50_N0_I37     ; SCLK_TO_ROWCLK_BUF          ;
;   3.025 ;   0.092  ;    ; RE   ; 2      ; SCLK_TO_ROWCLK_BUF_X15_Y50_N0_I40     ; SCLK_TO_ROWCLK_BUF          ;
;   3.515 ;   0.490  ;    ; RE   ; 5      ; LAB_CLK_X0_Y50_N0_I5                  ; LAB_CLK                     ;
;   3.666 ;   0.151  ;    ; RE   ; 1      ; BLK_CLK_BUF_X8_Y50_N0_I5              ; BLK_CLK_BUF                 ;
;   3.724 ;   0.058  ;    ; RE   ; 1      ; ROWCLKSEL_PREBUF_X8_Y50_N0_I5         ; ROWCLKSEL_PREBUF            ;
;   3.778 ;   0.054  ;    ; RE   ; 1      ; ROWCLKSEL_X8_Y50_N0_I1                ; ROWCLKSEL                   ;
;   3.778 ;   0.000  ;    ; RE   ; 1      ; GLOBAL_LOCAL_SEL_X8_Y50_N0_I1         ; GLOBAL_LOCAL_SEL            ;
;   3.778 ;   0.000  ;    ; RE   ; 13     ; LAB_INPUT_X8_Y50_N0_I2                ; LAB_INPUT                   ;
;   3.777 ;   -0.001 ; RR ; IC   ; 1      ; FF_X8_Y50_N38                         ; xof_bytes_remaining[15]|clk ;
;   4.327 ;   0.550  ; RR ; CELL ; 1      ; FF_X8_Y50_N38                         ; xof_bytes_remaining[15]     ;
; 4.951   ; 0.624    ;    ;      ;        ;                                       ; data path                   ;
;   4.327 ;   0.000  ;    ; uTco ; 1      ; FF_X8_Y50_N38                         ; xof_bytes_remaining[15]     ;
;   4.327 ;   0.000  ; FF ; CELL ; 2      ; FF_X8_Y50_N38                         ; xof_bytes_remaining[15]|q   ;
;   4.381 ;   0.054  ;    ; RE   ; 2      ; FF_X8_Y50_N38                         ; ARRIAV_FF                   ;
;   4.462 ;   0.081  ;    ; RE   ; 1      ; LOCAL_LINE_X8_Y50_N0_I12              ; LOCAL_LINE                  ;
;   4.602 ;   0.140  ;    ; RE   ; 1      ; BLOCK_INPUT_MUX_X8_Y50_N0_I52         ; LEIM_INPUT                  ;
;   4.602 ;   0.000  ; FF ; IC   ; 1      ; MLABCELL_X8_Y50_N36                   ; Add5~9|datac                ;
;   4.868 ;   0.266  ; FR ; CELL ; 1      ; MLABCELL_X8_Y50_N36                   ; Add5~9|sumout               ;
;   4.868 ;   0.000  ;    ; RE   ; 1      ; MLABCELL_X8_Y50_N36                   ; ARRIAV_LCELL_COMB           ;
;   4.868 ;   0.000  ; RR ; IC   ; 1      ; FF_X8_Y50_N38                         ; xof_bytes_remaining[15]|d   ;
;   4.951 ;   0.083  ; RR ; CELL ; 1      ; FF_X8_Y50_N38                         ; xof_bytes_remaining[15]     ;
+---------+----------+----+------+--------+---------------------------------------+-----------------------------+

+---------------------------------------------------------------------------------------------------------------+
; Data Required Path                                                                                            ;
+---------+----------+----+------+--------+---------------------------------------+-----------------------------+
; Total   ; Incr     ; RF ; Type ; Fanout ; Location                              ; Element                     ;
+---------+----------+----+------+--------+---------------------------------------+-----------------------------+
; 0.000   ; 0.000    ;    ;      ;        ;                                       ; latch edge time             ;
; 4.454   ; 4.454    ;    ;      ;        ;                                       ; clock path                  ;
;   0.000 ;   0.000  ;    ;      ;        ;                                       ; source latency              ;
;   0.000 ;   0.000  ;    ;      ; 1      ; PIN_M16                               ; clk                         ;
;   0.000 ;   0.000  ;    ; RE   ; 1      ; IOPAD_X89_Y35_N60                     ; ARRIAV_IO_PAD               ;
;   0.000 ;   0.000  ;    ; RE   ; 1      ; IO_PAD_OUTPUT_X89_Y35_N60_I1          ; IO_PAD_OUTPUT               ;
;   0.000 ;   0.000  ;    ; RE   ; 1      ; IO_INPUT_BUFFER_INPUT_X89_Y35_N61_I0  ; IO_INPUT_BUFFER_INPUT       ;
;   0.000 ;   0.000  ; RR ; IC   ; 1      ; IOIBUF_X89_Y35_N61                    ; clk~input|i                 ;
;   0.739 ;   0.739  ; RR ; CELL ; 1      ; IOIBUF_X89_Y35_N61                    ; clk~input|o                 ;
;   0.739 ;   0.000  ;    ; RE   ; 1      ; IOIBUF_X89_Y35_N61                    ; ARRIAV_IO_IBUF              ;
;   0.739 ;   0.000  ;    ; RE   ; 1      ; IO_INPUT_BUFFER_OUTPUT_X89_Y35_N61_I2 ; IO_INPUT_BUFFER_OUTPUT      ;
;   0.739 ;   0.000  ;    ; RE   ; 1      ; IO_RE_X89_Y35_N60_I96                 ; IO_RE                       ;
;   0.833 ;   0.094  ;    ; RE   ; 1      ; IO_RE_X89_Y35_N60_I66                 ; IO_RE                       ;
;   1.125 ;   0.292  ;    ; RE   ; 1      ; CLKBUF_CLUSTER_RE_X89_Y39_N3_I421     ; CLKBUF_CLUSTER_RE           ;
;   1.125 ;   0.000  ;    ; RE   ; 1      ; CLKBUF_CLUSTER_RE_X89_Y39_N3_I756     ; CLKBUF_CLUSTER_RE           ;
;   1.125 ;   0.000  ;    ; RE   ; 1      ; CLKBUF_CLUSTER_RE_X89_Y39_N3_I493     ; CLKBUF_CLUSTER_RE           ;
;   1.125 ;   0.000  ;    ; RE   ; 1      ; GCLK_CLUSTER_RE_X89_Y39_N3_I10        ; GCLK_CLUSTER_RE             ;
;   1.125 ;   0.000  ;    ; RE   ; 1      ; CLKBUFBLOCK_INPUT_X89_Y39_N4_I0       ; CLKBUFBLOCK_INPUT           ;
;   1.125 ;   0.000  ; RR ; IC   ; 1      ; CLKCTRL_G8                            ; clk~inputCLKENA0|inclk      ;
;   1.632 ;   0.507  ; RR ; CELL ; 1674   ; CLKCTRL_G8                            ; clk~inputCLKENA0|outclk     ;
;   1.632 ;   0.000  ;    ; RE   ; 1      ; CLKCTRL_G8                            ; ARRIAV_CLKBUF               ;
;   1.632 ;   0.000  ;    ; RE   ; 1      ; CLKBUFBLOCK_OUTPUT_X89_Y39_N4_I2      ; CLKBUFBLOCK_OUTPUT          ;
;   1.632 ;   0.000  ;    ; RE   ; 1      ; GCLK_CLUSTER_RE_X89_Y39_N3_I12        ; GCLK_CLUSTER_RE             ;
;   1.632 ;   0.000  ;    ; RE   ; 1      ; CLKBUF_CLUSTER_RE_X89_Y39_N3_I415     ; CLKBUF_CLUSTER_RE           ;
;   2.465 ;   0.833  ;    ; RE   ; 5      ; GLOBAL_CLOCK_X0_Y36_N0_I8             ; GLOBAL_CLOCK                ;
;   2.620 ;   0.155  ;    ; RE   ; 19     ; SPINE_CLOCK_X15_Y37_N0_I6             ; SPINE_CLOCK                 ;
;   3.058 ;   0.438  ;    ; RE   ; 1      ; SCLK_TO_ROWCLK_BUF_X15_Y50_N0_I37     ; SCLK_TO_ROWCLK_BUF          ;
;   3.153 ;   0.095  ;    ; RE   ; 2      ; SCLK_TO_ROWCLK_BUF_X15_Y50_N0_I40     ; SCLK_TO_ROWCLK_BUF          ;
;   3.660 ;   0.507  ;    ; RE   ; 5      ; LAB_CLK_X0_Y50_N0_I5                  ; LAB_CLK                     ;
;   3.824 ;   0.164  ;    ; RE   ; 1      ; BLK_CLK_BUF_X8_Y50_N0_I5              ; BLK_CLK_BUF                 ;
;   3.884 ;   0.060  ;    ; RE   ; 1      ; ROWCLKSEL_PREBUF_X8_Y50_N0_I5         ; ROWCLKSEL_PREBUF            ;
;   3.943 ;   0.059  ;    ; RE   ; 1      ; ROWCLKSEL_X8_Y50_N0_I1                ; ROWCLKSEL                   ;
;   3.943 ;   0.000  ;    ; RE   ; 1      ; GLOBAL_LOCAL_SEL_X8_Y50_N0_I1         ; GLOBAL_LOCAL_SEL            ;
;   3.943 ;   0.000  ;    ; RE   ; 13     ; LAB_INPUT_X8_Y50_N0_I2                ; LAB_INPUT                   ;
;   3.943 ;   0.000  ; RR ; IC   ; 1      ; FF_X8_Y50_N38                         ; xof_bytes_remaining[15]|clk ;
;   4.582 ;   0.639  ; RR ; CELL ; 1      ; FF_X8_Y50_N38                         ; xof_bytes_remaining[15]     ;
;   4.454 ;   -0.128 ;    ;      ;        ;                                       ; clock pessimism removed     ;
; 4.454   ; 0.000    ;    ;      ;        ;                                       ; clock uncertainty           ;
; 4.454   ; 0.000    ;    ; uTh  ; 1      ; FF_X8_Y50_N38                         ; xof_bytes_remaining[15]     ;
+---------+----------+----+------+--------+---------------------------------------+-----------------------------+

----------------------------
; Extra Fitter Information ;
----------------------------
HTML report is unavailable in plain text report export.


Path #13: Hold slack is 0.500 
===============================================================================
+--------------------------------------------+
; Path Summary                               ;
+--------------------+-----------------------+
; Property           ; Value                 ;
+--------------------+-----------------------+
; From Node          ; state_array[1][1][16] ;
; To Node            ; state_array[1][1][16] ;
; Launch Clock       ; clk                   ;
; Latch Clock        ; clk                   ;
; Data Arrival Time  ; 4.909                 ;
; Data Required Time ; 4.409                 ;
; Slack              ; 0.500                 ;
+--------------------+-----------------------+

+------------------------------------------------------------------------------------+
; Statistics                                                                         ;
+------------------------+-------+-------+-------------+------------+--------+-------+
; Property               ; Value ; Count ; Total Delay ; % of Total ; Min    ; Max   ;
+------------------------+-------+-------+-------------+------------+--------+-------+
; Hold Relationship      ; 0.000 ;       ;             ;            ;        ;       ;
; Clock Skew             ; 0.124 ;       ;             ;            ;        ;       ;
; Data Delay             ; 0.624 ;       ;             ;            ;        ;       ;
; Number of Logic Levels ;       ; 1     ;             ;            ;        ;       ;
; Physical Delays        ;       ;       ;             ;            ;        ;       ;
;  Arrival Path          ;       ;       ;             ;            ;        ;       ;
;   Clock                ;       ;       ;             ;            ;        ;       ;
;    IC                  ;       ; 3     ; -0.001      ; 0          ; -0.001 ; 0.000 ;
;    Cell                ;       ; 3     ; 1.773       ; 41         ; 0.470  ; 0.739 ;
;    Routing Element     ;       ; 26    ; 2.513       ; 59         ; 0.000  ; 0.788 ;
;   Data                 ;       ;       ;             ;            ;        ;       ;
;    IC                  ;       ; 2     ; 0.001       ; 0          ; 0.000  ; 0.001 ;
;    Cell                ;       ; 3     ; 0.303       ; 49         ; 0.000  ; 0.221 ;
;    uTco                ;       ; 1     ; 0.000       ; 0          ; 0.000  ; 0.000 ;
;    Routing Element     ;       ; 4     ; 0.320       ; 51         ; 0.000  ; 0.141 ;
;  Required Path         ;       ;       ;             ;            ;        ;       ;
;   Clock                ;       ;       ;             ;            ;        ;       ;
;    IC                  ;       ; 3     ; -0.001      ; 0          ; -0.001 ; 0.000 ;
;    Cell                ;       ; 3     ; 1.901       ; 42         ; 0.507  ; 0.739 ;
;    Routing Element     ;       ; 26    ; 2.638       ; 58         ; 0.000  ; 0.833 ;
+------------------------+-------+-------+-------------+------------+--------+-------+
Note: Negative delays are omitted from totals when calculating percentages

+-------------------------------------------------------------------------------------------------------------+
; Data Arrival Path                                                                                           ;
+---------+----------+----+------+--------+---------------------------------------+---------------------------+
; Total   ; Incr     ; RF ; Type ; Fanout ; Location                              ; Element                   ;
+---------+----------+----+------+--------+---------------------------------------+---------------------------+
; 0.000   ; 0.000    ;    ;      ;        ;                                       ; launch edge time          ;
; 4.285   ; 4.285    ;    ;      ;        ;                                       ; clock path                ;
;   0.000 ;   0.000  ;    ;      ;        ;                                       ; source latency            ;
;   0.000 ;   0.000  ;    ;      ; 1      ; PIN_M16                               ; clk                       ;
;   0.000 ;   0.000  ;    ; RE   ; 1      ; IOPAD_X89_Y35_N60                     ; ARRIAV_IO_PAD             ;
;   0.000 ;   0.000  ;    ; RE   ; 1      ; IO_PAD_OUTPUT_X89_Y35_N60_I1          ; IO_PAD_OUTPUT             ;
;   0.000 ;   0.000  ;    ; RE   ; 1      ; IO_INPUT_BUFFER_INPUT_X89_Y35_N61_I0  ; IO_INPUT_BUFFER_INPUT     ;
;   0.000 ;   0.000  ; RR ; IC   ; 1      ; IOIBUF_X89_Y35_N61                    ; clk~input|i               ;
;   0.739 ;   0.739  ; RR ; CELL ; 1      ; IOIBUF_X89_Y35_N61                    ; clk~input|o               ;
;   0.739 ;   0.000  ;    ; RE   ; 1      ; IOIBUF_X89_Y35_N61                    ; ARRIAV_IO_IBUF            ;
;   0.739 ;   0.000  ;    ; RE   ; 1      ; IO_INPUT_BUFFER_OUTPUT_X89_Y35_N61_I2 ; IO_INPUT_BUFFER_OUTPUT    ;
;   0.739 ;   0.000  ;    ; RE   ; 1      ; IO_RE_X89_Y35_N60_I96                 ; IO_RE                     ;
;   0.827 ;   0.088  ;    ; RE   ; 1      ; IO_RE_X89_Y35_N60_I66                 ; IO_RE                     ;
;   1.102 ;   0.275  ;    ; RE   ; 1      ; CLKBUF_CLUSTER_RE_X89_Y39_N3_I421     ; CLKBUF_CLUSTER_RE         ;
;   1.102 ;   0.000  ;    ; RE   ; 1      ; CLKBUF_CLUSTER_RE_X89_Y39_N3_I756     ; CLKBUF_CLUSTER_RE         ;
;   1.102 ;   0.000  ;    ; RE   ; 1      ; CLKBUF_CLUSTER_RE_X89_Y39_N3_I493     ; CLKBUF_CLUSTER_RE         ;
;   1.102 ;   0.000  ;    ; RE   ; 1      ; GCLK_CLUSTER_RE_X89_Y39_N3_I10        ; GCLK_CLUSTER_RE           ;
;   1.102 ;   0.000  ;    ; RE   ; 1      ; CLKBUFBLOCK_INPUT_X89_Y39_N4_I0       ; CLKBUFBLOCK_INPUT         ;
;   1.102 ;   0.000  ; RR ; IC   ; 1      ; CLKCTRL_G8                            ; clk~inputCLKENA0|inclk    ;
;   1.572 ;   0.470  ; RR ; CELL ; 1674   ; CLKCTRL_G8                            ; clk~inputCLKENA0|outclk   ;
;   1.572 ;   0.000  ;    ; RE   ; 1      ; CLKCTRL_G8                            ; ARRIAV_CLKBUF             ;
;   1.572 ;   0.000  ;    ; RE   ; 1      ; CLKBUFBLOCK_OUTPUT_X89_Y39_N4_I2      ; CLKBUFBLOCK_OUTPUT        ;
;   1.572 ;   0.000  ;    ; RE   ; 1      ; GCLK_CLUSTER_RE_X89_Y39_N3_I12        ; GCLK_CLUSTER_RE           ;
;   1.572 ;   0.000  ;    ; RE   ; 1      ; CLKBUF_CLUSTER_RE_X89_Y39_N3_I415     ; CLKBUF_CLUSTER_RE         ;
;   2.360 ;   0.788  ;    ; RE   ; 5      ; GLOBAL_CLOCK_X0_Y36_N0_I8             ; GLOBAL_CLOCK              ;
;   2.523 ;   0.163  ;    ; RE   ; 19     ; SPINE_CLOCK_X15_Y37_N0_I6             ; SPINE_CLOCK               ;
;   2.952 ;   0.429  ;    ; RE   ; 1      ; SCLK_TO_ROWCLK_BUF_X15_Y37_N0_I37     ; SCLK_TO_ROWCLK_BUF        ;
;   3.035 ;   0.083  ;    ; RE   ; 1      ; SCLK_TO_ROWCLK_BUF_X15_Y37_N0_I40     ; SCLK_TO_ROWCLK_BUF        ;
;   3.490 ;   0.455  ;    ; RE   ; 7      ; LAB_CLK_X16_Y37_N0_I5                 ; LAB_CLK                   ;
;   3.614 ;   0.124  ;    ; RE   ; 1      ; BLK_CLK_BUF_X24_Y37_N0_I5             ; BLK_CLK_BUF               ;
;   3.667 ;   0.053  ;    ; RE   ; 1      ; ROWCLKSEL_PREBUF_X24_Y37_N0_I5        ; ROWCLKSEL_PREBUF          ;
;   3.722 ;   0.055  ;    ; RE   ; 1      ; ROWCLKSEL_X24_Y37_N0_I0               ; ROWCLKSEL                 ;
;   3.722 ;   0.000  ;    ; RE   ; 1      ; GLOBAL_LOCAL_SEL_X24_Y37_N0_I0        ; GLOBAL_LOCAL_SEL          ;
;   3.722 ;   0.000  ;    ; RE   ; 6      ; LAB_INPUT_X24_Y37_N0_I0               ; LAB_INPUT                 ;
;   3.721 ;   -0.001 ; RR ; IC   ; 1      ; FF_X24_Y37_N2                         ; state_array[1][1][16]|clk ;
;   4.285 ;   0.564  ; RR ; CELL ; 1      ; FF_X24_Y37_N2                         ; state_array[1][1][16]     ;
; 4.909   ; 0.624    ;    ;      ;        ;                                       ; data path                 ;
;   4.285 ;   0.000  ;    ; uTco ; 1      ; FF_X24_Y37_N2                         ; state_array[1][1][16]     ;
;   4.285 ;   0.000  ; RR ; CELL ; 6      ; FF_X24_Y37_N2                         ; state_array[1][1][16]|q   ;
;   4.362 ;   0.077  ;    ; RE   ; 2      ; FF_X24_Y37_N2                         ; ARRIAV_FF                 ;
;   4.464 ;   0.102  ;    ; RE   ; 1      ; LOCAL_LINE_X24_Y37_N0_I0              ; LOCAL_LINE                ;
;   4.605 ;   0.141  ;    ; RE   ; 1      ; BLOCK_INPUT_MUX_X24_Y37_N0_I6         ; LEIM_INPUT                ;
;   4.606 ;   0.001  ; RR ; IC   ; 1      ; LABCELL_X24_Y37_N0                    ; state_array~3134|datag    ;
;   4.827 ;   0.221  ; RR ; CELL ; 1      ; LABCELL_X24_Y37_N0                    ; state_array~3134|combout  ;
;   4.827 ;   0.000  ;    ; RE   ; 1      ; LABCELL_X24_Y37_N0                    ; ARRIAV_LCELL_COMB         ;
;   4.827 ;   0.000  ; RR ; IC   ; 1      ; FF_X24_Y37_N2                         ; state_array[1][1][16]|d   ;
;   4.909 ;   0.082  ; RR ; CELL ; 1      ; FF_X24_Y37_N2                         ; state_array[1][1][16]     ;
+---------+----------+----+------+--------+---------------------------------------+---------------------------+

+-------------------------------------------------------------------------------------------------------------+
; Data Required Path                                                                                          ;
+---------+----------+----+------+--------+---------------------------------------+---------------------------+
; Total   ; Incr     ; RF ; Type ; Fanout ; Location                              ; Element                   ;
+---------+----------+----+------+--------+---------------------------------------+---------------------------+
; 0.000   ; 0.000    ;    ;      ;        ;                                       ; latch edge time           ;
; 4.409   ; 4.409    ;    ;      ;        ;                                       ; clock path                ;
;   0.000 ;   0.000  ;    ;      ;        ;                                       ; source latency            ;
;   0.000 ;   0.000  ;    ;      ; 1      ; PIN_M16                               ; clk                       ;
;   0.000 ;   0.000  ;    ; RE   ; 1      ; IOPAD_X89_Y35_N60                     ; ARRIAV_IO_PAD             ;
;   0.000 ;   0.000  ;    ; RE   ; 1      ; IO_PAD_OUTPUT_X89_Y35_N60_I1          ; IO_PAD_OUTPUT             ;
;   0.000 ;   0.000  ;    ; RE   ; 1      ; IO_INPUT_BUFFER_INPUT_X89_Y35_N61_I0  ; IO_INPUT_BUFFER_INPUT     ;
;   0.000 ;   0.000  ; RR ; IC   ; 1      ; IOIBUF_X89_Y35_N61                    ; clk~input|i               ;
;   0.739 ;   0.739  ; RR ; CELL ; 1      ; IOIBUF_X89_Y35_N61                    ; clk~input|o               ;
;   0.739 ;   0.000  ;    ; RE   ; 1      ; IOIBUF_X89_Y35_N61                    ; ARRIAV_IO_IBUF            ;
;   0.739 ;   0.000  ;    ; RE   ; 1      ; IO_INPUT_BUFFER_OUTPUT_X89_Y35_N61_I2 ; IO_INPUT_BUFFER_OUTPUT    ;
;   0.739 ;   0.000  ;    ; RE   ; 1      ; IO_RE_X89_Y35_N60_I96                 ; IO_RE                     ;
;   0.833 ;   0.094  ;    ; RE   ; 1      ; IO_RE_X89_Y35_N60_I66                 ; IO_RE                     ;
;   1.125 ;   0.292  ;    ; RE   ; 1      ; CLKBUF_CLUSTER_RE_X89_Y39_N3_I421     ; CLKBUF_CLUSTER_RE         ;
;   1.125 ;   0.000  ;    ; RE   ; 1      ; CLKBUF_CLUSTER_RE_X89_Y39_N3_I756     ; CLKBUF_CLUSTER_RE         ;
;   1.125 ;   0.000  ;    ; RE   ; 1      ; CLKBUF_CLUSTER_RE_X89_Y39_N3_I493     ; CLKBUF_CLUSTER_RE         ;
;   1.125 ;   0.000  ;    ; RE   ; 1      ; GCLK_CLUSTER_RE_X89_Y39_N3_I10        ; GCLK_CLUSTER_RE           ;
;   1.125 ;   0.000  ;    ; RE   ; 1      ; CLKBUFBLOCK_INPUT_X89_Y39_N4_I0       ; CLKBUFBLOCK_INPUT         ;
;   1.125 ;   0.000  ; RR ; IC   ; 1      ; CLKCTRL_G8                            ; clk~inputCLKENA0|inclk    ;
;   1.632 ;   0.507  ; RR ; CELL ; 1674   ; CLKCTRL_G8                            ; clk~inputCLKENA0|outclk   ;
;   1.632 ;   0.000  ;    ; RE   ; 1      ; CLKCTRL_G8                            ; ARRIAV_CLKBUF             ;
;   1.632 ;   0.000  ;    ; RE   ; 1      ; CLKBUFBLOCK_OUTPUT_X89_Y39_N4_I2      ; CLKBUFBLOCK_OUTPUT        ;
;   1.632 ;   0.000  ;    ; RE   ; 1      ; GCLK_CLUSTER_RE_X89_Y39_N3_I12        ; GCLK_CLUSTER_RE           ;
;   1.632 ;   0.000  ;    ; RE   ; 1      ; CLKBUF_CLUSTER_RE_X89_Y39_N3_I415     ; CLKBUF_CLUSTER_RE         ;
;   2.465 ;   0.833  ;    ; RE   ; 5      ; GLOBAL_CLOCK_X0_Y36_N0_I8             ; GLOBAL_CLOCK              ;
;   2.634 ;   0.169  ;    ; RE   ; 19     ; SPINE_CLOCK_X15_Y37_N0_I6             ; SPINE_CLOCK               ;
;   3.078 ;   0.444  ;    ; RE   ; 1      ; SCLK_TO_ROWCLK_BUF_X15_Y37_N0_I37     ; SCLK_TO_ROWCLK_BUF        ;
;   3.164 ;   0.086  ;    ; RE   ; 1      ; SCLK_TO_ROWCLK_BUF_X15_Y37_N0_I40     ; SCLK_TO_ROWCLK_BUF        ;
;   3.635 ;   0.471  ;    ; RE   ; 7      ; LAB_CLK_X16_Y37_N0_I5                 ; LAB_CLK                   ;
;   3.769 ;   0.134  ;    ; RE   ; 1      ; BLK_CLK_BUF_X24_Y37_N0_I5             ; BLK_CLK_BUF               ;
;   3.824 ;   0.055  ;    ; RE   ; 1      ; ROWCLKSEL_PREBUF_X24_Y37_N0_I5        ; ROWCLKSEL_PREBUF          ;
;   3.884 ;   0.060  ;    ; RE   ; 1      ; ROWCLKSEL_X24_Y37_N0_I0               ; ROWCLKSEL                 ;
;   3.884 ;   0.000  ;    ; RE   ; 1      ; GLOBAL_LOCAL_SEL_X24_Y37_N0_I0        ; GLOBAL_LOCAL_SEL          ;
;   3.884 ;   0.000  ;    ; RE   ; 6      ; LAB_INPUT_X24_Y37_N0_I0               ; LAB_INPUT                 ;
;   3.883 ;   -0.001 ; RR ; IC   ; 1      ; FF_X24_Y37_N2                         ; state_array[1][1][16]|clk ;
;   4.538 ;   0.655  ; RR ; CELL ; 1      ; FF_X24_Y37_N2                         ; state_array[1][1][16]     ;
;   4.409 ;   -0.129 ;    ;      ;        ;                                       ; clock pessimism removed   ;
; 4.409   ; 0.000    ;    ;      ;        ;                                       ; clock uncertainty         ;
; 4.409   ; 0.000    ;    ; uTh  ; 1      ; FF_X24_Y37_N2                         ; state_array[1][1][16]     ;
+---------+----------+----+------+--------+---------------------------------------+---------------------------+

----------------------------
; Extra Fitter Information ;
----------------------------
HTML report is unavailable in plain text report export.


Path #14: Hold slack is 0.501 
===============================================================================
+-------------------------------------------------+
; Path Summary                                    ;
+--------------------+----------------------------+
; Property           ; Value                      ;
+--------------------+----------------------------+
; From Node          ; message_bytes_remaining[1] ;
; To Node            ; message_bytes_remaining[1] ;
; Launch Clock       ; clk                        ;
; Latch Clock        ; clk                        ;
; Data Arrival Time  ; 4.990                      ;
; Data Required Time ; 4.489                      ;
; Slack              ; 0.501                      ;
+--------------------+----------------------------+

+-----------------------------------------------------------------------------------+
; Statistics                                                                        ;
+------------------------+-------+-------+-------------+------------+-------+-------+
; Property               ; Value ; Count ; Total Delay ; % of Total ; Min   ; Max   ;
+------------------------+-------+-------+-------------+------------+-------+-------+
; Hold Relationship      ; 0.000 ;       ;             ;            ;       ;       ;
; Clock Skew             ; 0.127 ;       ;             ;            ;       ;       ;
; Data Delay             ; 0.628 ;       ;             ;            ;       ;       ;
; Number of Logic Levels ;       ; 1     ;             ;            ;       ;       ;
; Physical Delays        ;       ;       ;             ;            ;       ;       ;
;  Arrival Path          ;       ;       ;             ;            ;       ;       ;
;   Clock                ;       ;       ;             ;            ;       ;       ;
;    IC                  ;       ; 3     ; 0.000       ; 0          ; 0.000 ; 0.000 ;
;    Cell                ;       ; 3     ; 1.774       ; 41         ; 0.470 ; 0.739 ;
;    Routing Element     ;       ; 26    ; 2.588       ; 59         ; 0.000 ; 0.788 ;
;   Data                 ;       ;       ;             ;            ;       ;       ;
;    IC                  ;       ; 2     ; 0.000       ; 0          ; 0.000 ; 0.000 ;
;    Cell                ;       ; 3     ; 0.330       ; 53         ; 0.000 ; 0.248 ;
;    uTco                ;       ; 1     ; 0.000       ; 0          ; 0.000 ; 0.000 ;
;    Routing Element     ;       ; 4     ; 0.298       ; 47         ; 0.000 ; 0.139 ;
;  Required Path         ;       ;       ;             ;            ;       ;       ;
;   Clock                ;       ;       ;             ;            ;       ;       ;
;    IC                  ;       ; 3     ; 0.000       ; 0          ; 0.000 ; 0.000 ;
;    Cell                ;       ; 3     ; 1.901       ; 41         ; 0.507 ; 0.739 ;
;    Routing Element     ;       ; 26    ; 2.717       ; 59         ; 0.000 ; 0.833 ;
+------------------------+-------+-------+-------------+------------+-------+-------+
Note: Negative delays are omitted from totals when calculating percentages

+-----------------------------------------------------------------------------------------------------------------+
; Data Arrival Path                                                                                               ;
+---------+---------+----+------+--------+---------------------------------------+--------------------------------+
; Total   ; Incr    ; RF ; Type ; Fanout ; Location                              ; Element                        ;
+---------+---------+----+------+--------+---------------------------------------+--------------------------------+
; 0.000   ; 0.000   ;    ;      ;        ;                                       ; launch edge time               ;
; 4.362   ; 4.362   ;    ;      ;        ;                                       ; clock path                     ;
;   0.000 ;   0.000 ;    ;      ;        ;                                       ; source latency                 ;
;   0.000 ;   0.000 ;    ;      ; 1      ; PIN_M16                               ; clk                            ;
;   0.000 ;   0.000 ;    ; RE   ; 1      ; IOPAD_X89_Y35_N60                     ; ARRIAV_IO_PAD                  ;
;   0.000 ;   0.000 ;    ; RE   ; 1      ; IO_PAD_OUTPUT_X89_Y35_N60_I1          ; IO_PAD_OUTPUT                  ;
;   0.000 ;   0.000 ;    ; RE   ; 1      ; IO_INPUT_BUFFER_INPUT_X89_Y35_N61_I0  ; IO_INPUT_BUFFER_INPUT          ;
;   0.000 ;   0.000 ; RR ; IC   ; 1      ; IOIBUF_X89_Y35_N61                    ; clk~input|i                    ;
;   0.739 ;   0.739 ; RR ; CELL ; 1      ; IOIBUF_X89_Y35_N61                    ; clk~input|o                    ;
;   0.739 ;   0.000 ;    ; RE   ; 1      ; IOIBUF_X89_Y35_N61                    ; ARRIAV_IO_IBUF                 ;
;   0.739 ;   0.000 ;    ; RE   ; 1      ; IO_INPUT_BUFFER_OUTPUT_X89_Y35_N61_I2 ; IO_INPUT_BUFFER_OUTPUT         ;
;   0.739 ;   0.000 ;    ; RE   ; 1      ; IO_RE_X89_Y35_N60_I96                 ; IO_RE                          ;
;   0.827 ;   0.088 ;    ; RE   ; 1      ; IO_RE_X89_Y35_N60_I66                 ; IO_RE                          ;
;   1.102 ;   0.275 ;    ; RE   ; 1      ; CLKBUF_CLUSTER_RE_X89_Y39_N3_I421     ; CLKBUF_CLUSTER_RE              ;
;   1.102 ;   0.000 ;    ; RE   ; 1      ; CLKBUF_CLUSTER_RE_X89_Y39_N3_I756     ; CLKBUF_CLUSTER_RE              ;
;   1.102 ;   0.000 ;    ; RE   ; 1      ; CLKBUF_CLUSTER_RE_X89_Y39_N3_I493     ; CLKBUF_CLUSTER_RE              ;
;   1.102 ;   0.000 ;    ; RE   ; 1      ; GCLK_CLUSTER_RE_X89_Y39_N3_I10        ; GCLK_CLUSTER_RE                ;
;   1.102 ;   0.000 ;    ; RE   ; 1      ; CLKBUFBLOCK_INPUT_X89_Y39_N4_I0       ; CLKBUFBLOCK_INPUT              ;
;   1.102 ;   0.000 ; RR ; IC   ; 1      ; CLKCTRL_G8                            ; clk~inputCLKENA0|inclk         ;
;   1.572 ;   0.470 ; RR ; CELL ; 1674   ; CLKCTRL_G8                            ; clk~inputCLKENA0|outclk        ;
;   1.572 ;   0.000 ;    ; RE   ; 1      ; CLKCTRL_G8                            ; ARRIAV_CLKBUF                  ;
;   1.572 ;   0.000 ;    ; RE   ; 1      ; CLKBUFBLOCK_OUTPUT_X89_Y39_N4_I2      ; CLKBUFBLOCK_OUTPUT             ;
;   1.572 ;   0.000 ;    ; RE   ; 1      ; GCLK_CLUSTER_RE_X89_Y39_N3_I12        ; GCLK_CLUSTER_RE                ;
;   1.572 ;   0.000 ;    ; RE   ; 1      ; CLKBUF_CLUSTER_RE_X89_Y39_N3_I415     ; CLKBUF_CLUSTER_RE              ;
;   2.360 ;   0.788 ;    ; RE   ; 5      ; GLOBAL_CLOCK_X0_Y36_N0_I8             ; GLOBAL_CLOCK                   ;
;   2.522 ;   0.162 ;    ; RE   ; 19     ; SPINE_CLOCK_X15_Y37_N0_I6             ; SPINE_CLOCK                    ;
;   2.951 ;   0.429 ;    ; RE   ; 1      ; SCLK_TO_ROWCLK_BUF_X15_Y40_N0_I37     ; SCLK_TO_ROWCLK_BUF             ;
;   3.044 ;   0.093 ;    ; RE   ; 2      ; SCLK_TO_ROWCLK_BUF_X15_Y40_N0_I40     ; SCLK_TO_ROWCLK_BUF             ;
;   3.534 ;   0.490 ;    ; RE   ; 5      ; LAB_CLK_X0_Y40_N0_I5                  ; LAB_CLK                        ;
;   3.685 ;   0.151 ;    ; RE   ; 1      ; BLK_CLK_BUF_X8_Y40_N0_I5              ; BLK_CLK_BUF                    ;
;   3.742 ;   0.057 ;    ; RE   ; 1      ; ROWCLKSEL_PREBUF_X8_Y40_N0_I5         ; ROWCLKSEL_PREBUF               ;
;   3.797 ;   0.055 ;    ; RE   ; 1      ; ROWCLKSEL_X8_Y40_N0_I0                ; ROWCLKSEL                      ;
;   3.797 ;   0.000 ;    ; RE   ; 1      ; GLOBAL_LOCAL_SEL_X8_Y40_N0_I0         ; GLOBAL_LOCAL_SEL               ;
;   3.797 ;   0.000 ;    ; RE   ; 16     ; LAB_INPUT_X8_Y40_N0_I1                ; LAB_INPUT                      ;
;   3.797 ;   0.000 ; RR ; IC   ; 1      ; FF_X8_Y40_N5                          ; message_bytes_remaining[1]|clk ;
;   4.362 ;   0.565 ; RR ; CELL ; 1      ; FF_X8_Y40_N5                          ; message_bytes_remaining[1]     ;
; 4.990   ; 0.628   ;    ;      ;        ;                                       ; data path                      ;
;   4.362 ;   0.000 ;    ; uTco ; 1      ; FF_X8_Y40_N5                          ; message_bytes_remaining[1]     ;
;   4.362 ;   0.000 ; RR ; CELL ; 9      ; FF_X8_Y40_N5                          ; message_bytes_remaining[1]|q   ;
;   4.421 ;   0.059 ;    ; RE   ; 2      ; FF_X8_Y40_N5                          ; ARRIAV_FF                      ;
;   4.521 ;   0.100 ;    ; RE   ; 1      ; LOCAL_LINE_X8_Y40_N0_I1               ; LOCAL_LINE                     ;
;   4.660 ;   0.139 ;    ; RE   ; 1      ; BLOCK_INPUT_MUX_X8_Y40_N0_I6          ; LEIM_INPUT                     ;
;   4.660 ;   0.000 ; RR ; IC   ; 3      ; MLABCELL_X8_Y40_N3                    ; Add1~41|datad                  ;
;   4.908 ;   0.248 ; RR ; CELL ; 1      ; MLABCELL_X8_Y40_N3                    ; Add1~41|sumout                 ;
;   4.908 ;   0.000 ;    ; RE   ; 3      ; MLABCELL_X8_Y40_N3                    ; ARRIAV_LCELL_COMB              ;
;   4.908 ;   0.000 ; RR ; IC   ; 1      ; FF_X8_Y40_N5                          ; message_bytes_remaining[1]|d   ;
;   4.990 ;   0.082 ; RR ; CELL ; 1      ; FF_X8_Y40_N5                          ; message_bytes_remaining[1]     ;
+---------+---------+----+------+--------+---------------------------------------+--------------------------------+

+------------------------------------------------------------------------------------------------------------------+
; Data Required Path                                                                                               ;
+---------+----------+----+------+--------+---------------------------------------+--------------------------------+
; Total   ; Incr     ; RF ; Type ; Fanout ; Location                              ; Element                        ;
+---------+----------+----+------+--------+---------------------------------------+--------------------------------+
; 0.000   ; 0.000    ;    ;      ;        ;                                       ; latch edge time                ;
; 4.489   ; 4.489    ;    ;      ;        ;                                       ; clock path                     ;
;   0.000 ;   0.000  ;    ;      ;        ;                                       ; source latency                 ;
;   0.000 ;   0.000  ;    ;      ; 1      ; PIN_M16                               ; clk                            ;
;   0.000 ;   0.000  ;    ; RE   ; 1      ; IOPAD_X89_Y35_N60                     ; ARRIAV_IO_PAD                  ;
;   0.000 ;   0.000  ;    ; RE   ; 1      ; IO_PAD_OUTPUT_X89_Y35_N60_I1          ; IO_PAD_OUTPUT                  ;
;   0.000 ;   0.000  ;    ; RE   ; 1      ; IO_INPUT_BUFFER_INPUT_X89_Y35_N61_I0  ; IO_INPUT_BUFFER_INPUT          ;
;   0.000 ;   0.000  ; RR ; IC   ; 1      ; IOIBUF_X89_Y35_N61                    ; clk~input|i                    ;
;   0.739 ;   0.739  ; RR ; CELL ; 1      ; IOIBUF_X89_Y35_N61                    ; clk~input|o                    ;
;   0.739 ;   0.000  ;    ; RE   ; 1      ; IOIBUF_X89_Y35_N61                    ; ARRIAV_IO_IBUF                 ;
;   0.739 ;   0.000  ;    ; RE   ; 1      ; IO_INPUT_BUFFER_OUTPUT_X89_Y35_N61_I2 ; IO_INPUT_BUFFER_OUTPUT         ;
;   0.739 ;   0.000  ;    ; RE   ; 1      ; IO_RE_X89_Y35_N60_I96                 ; IO_RE                          ;
;   0.833 ;   0.094  ;    ; RE   ; 1      ; IO_RE_X89_Y35_N60_I66                 ; IO_RE                          ;
;   1.125 ;   0.292  ;    ; RE   ; 1      ; CLKBUF_CLUSTER_RE_X89_Y39_N3_I421     ; CLKBUF_CLUSTER_RE              ;
;   1.125 ;   0.000  ;    ; RE   ; 1      ; CLKBUF_CLUSTER_RE_X89_Y39_N3_I756     ; CLKBUF_CLUSTER_RE              ;
;   1.125 ;   0.000  ;    ; RE   ; 1      ; CLKBUF_CLUSTER_RE_X89_Y39_N3_I493     ; CLKBUF_CLUSTER_RE              ;
;   1.125 ;   0.000  ;    ; RE   ; 1      ; GCLK_CLUSTER_RE_X89_Y39_N3_I10        ; GCLK_CLUSTER_RE                ;
;   1.125 ;   0.000  ;    ; RE   ; 1      ; CLKBUFBLOCK_INPUT_X89_Y39_N4_I0       ; CLKBUFBLOCK_INPUT              ;
;   1.125 ;   0.000  ; RR ; IC   ; 1      ; CLKCTRL_G8                            ; clk~inputCLKENA0|inclk         ;
;   1.632 ;   0.507  ; RR ; CELL ; 1674   ; CLKCTRL_G8                            ; clk~inputCLKENA0|outclk        ;
;   1.632 ;   0.000  ;    ; RE   ; 1      ; CLKCTRL_G8                            ; ARRIAV_CLKBUF                  ;
;   1.632 ;   0.000  ;    ; RE   ; 1      ; CLKBUFBLOCK_OUTPUT_X89_Y39_N4_I2      ; CLKBUFBLOCK_OUTPUT             ;
;   1.632 ;   0.000  ;    ; RE   ; 1      ; GCLK_CLUSTER_RE_X89_Y39_N3_I12        ; GCLK_CLUSTER_RE                ;
;   1.632 ;   0.000  ;    ; RE   ; 1      ; CLKBUF_CLUSTER_RE_X89_Y39_N3_I415     ; CLKBUF_CLUSTER_RE              ;
;   2.465 ;   0.833  ;    ; RE   ; 5      ; GLOBAL_CLOCK_X0_Y36_N0_I8             ; GLOBAL_CLOCK                   ;
;   2.633 ;   0.168  ;    ; RE   ; 19     ; SPINE_CLOCK_X15_Y37_N0_I6             ; SPINE_CLOCK                    ;
;   3.077 ;   0.444  ;    ; RE   ; 1      ; SCLK_TO_ROWCLK_BUF_X15_Y40_N0_I37     ; SCLK_TO_ROWCLK_BUF             ;
;   3.173 ;   0.096  ;    ; RE   ; 2      ; SCLK_TO_ROWCLK_BUF_X15_Y40_N0_I40     ; SCLK_TO_ROWCLK_BUF             ;
;   3.680 ;   0.507  ;    ; RE   ; 5      ; LAB_CLK_X0_Y40_N0_I5                  ; LAB_CLK                        ;
;   3.844 ;   0.164  ;    ; RE   ; 1      ; BLK_CLK_BUF_X8_Y40_N0_I5              ; BLK_CLK_BUF                    ;
;   3.903 ;   0.059  ;    ; RE   ; 1      ; ROWCLKSEL_PREBUF_X8_Y40_N0_I5         ; ROWCLKSEL_PREBUF               ;
;   3.963 ;   0.060  ;    ; RE   ; 1      ; ROWCLKSEL_X8_Y40_N0_I0                ; ROWCLKSEL                      ;
;   3.963 ;   0.000  ;    ; RE   ; 1      ; GLOBAL_LOCAL_SEL_X8_Y40_N0_I0         ; GLOBAL_LOCAL_SEL               ;
;   3.963 ;   0.000  ;    ; RE   ; 16     ; LAB_INPUT_X8_Y40_N0_I1                ; LAB_INPUT                      ;
;   3.963 ;   0.000  ; RR ; IC   ; 1      ; FF_X8_Y40_N5                          ; message_bytes_remaining[1]|clk ;
;   4.618 ;   0.655  ; RR ; CELL ; 1      ; FF_X8_Y40_N5                          ; message_bytes_remaining[1]     ;
;   4.489 ;   -0.129 ;    ;      ;        ;                                       ; clock pessimism removed        ;
; 4.489   ; 0.000    ;    ;      ;        ;                                       ; clock uncertainty              ;
; 4.489   ; 0.000    ;    ; uTh  ; 1      ; FF_X8_Y40_N5                          ; message_bytes_remaining[1]     ;
+---------+----------+----+------+--------+---------------------------------------+--------------------------------+

----------------------------
; Extra Fitter Information ;
----------------------------
HTML report is unavailable in plain text report export.


Path #15: Hold slack is 0.502 
===============================================================================
+--------------------------------------------------+
; Path Summary                                     ;
+--------------------+-----------------------------+
; Property           ; Value                       ;
+--------------------+-----------------------------+
; From Node          ; message_bytes_remaining[13] ;
; To Node            ; message_bytes_remaining[13] ;
; Launch Clock       ; clk                         ;
; Latch Clock        ; clk                         ;
; Data Arrival Time  ; 4.991                       ;
; Data Required Time ; 4.489                       ;
; Slack              ; 0.502                       ;
+--------------------+-----------------------------+

+-----------------------------------------------------------------------------------+
; Statistics                                                                        ;
+------------------------+-------+-------+-------------+------------+-------+-------+
; Property               ; Value ; Count ; Total Delay ; % of Total ; Min   ; Max   ;
+------------------------+-------+-------+-------------+------------+-------+-------+
; Hold Relationship      ; 0.000 ;       ;             ;            ;       ;       ;
; Clock Skew             ; 0.127 ;       ;             ;            ;       ;       ;
; Data Delay             ; 0.629 ;       ;             ;            ;       ;       ;
; Number of Logic Levels ;       ; 1     ;             ;            ;       ;       ;
; Physical Delays        ;       ;       ;             ;            ;       ;       ;
;  Arrival Path          ;       ;       ;             ;            ;       ;       ;
;   Clock                ;       ;       ;             ;            ;       ;       ;
;    IC                  ;       ; 3     ; 0.000       ; 0          ; 0.000 ; 0.000 ;
;    Cell                ;       ; 3     ; 1.774       ; 41         ; 0.470 ; 0.739 ;
;    Routing Element     ;       ; 26    ; 2.588       ; 59         ; 0.000 ; 0.788 ;
;   Data                 ;       ;       ;             ;            ;       ;       ;
;    IC                  ;       ; 2     ; 0.000       ; 0          ; 0.000 ; 0.000 ;
;    Cell                ;       ; 3     ; 0.353       ; 56         ; 0.000 ; 0.271 ;
;    uTco                ;       ; 1     ; 0.000       ; 0          ; 0.000 ; 0.000 ;
;    Routing Element     ;       ; 4     ; 0.276       ; 44         ; 0.000 ; 0.138 ;
;  Required Path         ;       ;       ;             ;            ;       ;       ;
;   Clock                ;       ;       ;             ;            ;       ;       ;
;    IC                  ;       ; 3     ; 0.000       ; 0          ; 0.000 ; 0.000 ;
;    Cell                ;       ; 3     ; 1.901       ; 41         ; 0.507 ; 0.739 ;
;    Routing Element     ;       ; 26    ; 2.717       ; 59         ; 0.000 ; 0.833 ;
+------------------------+-------+-------+-------------+------------+-------+-------+
Note: Negative delays are omitted from totals when calculating percentages

+------------------------------------------------------------------------------------------------------------------+
; Data Arrival Path                                                                                                ;
+---------+---------+----+------+--------+---------------------------------------+---------------------------------+
; Total   ; Incr    ; RF ; Type ; Fanout ; Location                              ; Element                         ;
+---------+---------+----+------+--------+---------------------------------------+---------------------------------+
; 0.000   ; 0.000   ;    ;      ;        ;                                       ; launch edge time                ;
; 4.362   ; 4.362   ;    ;      ;        ;                                       ; clock path                      ;
;   0.000 ;   0.000 ;    ;      ;        ;                                       ; source latency                  ;
;   0.000 ;   0.000 ;    ;      ; 1      ; PIN_M16                               ; clk                             ;
;   0.000 ;   0.000 ;    ; RE   ; 1      ; IOPAD_X89_Y35_N60                     ; ARRIAV_IO_PAD                   ;
;   0.000 ;   0.000 ;    ; RE   ; 1      ; IO_PAD_OUTPUT_X89_Y35_N60_I1          ; IO_PAD_OUTPUT                   ;
;   0.000 ;   0.000 ;    ; RE   ; 1      ; IO_INPUT_BUFFER_INPUT_X89_Y35_N61_I0  ; IO_INPUT_BUFFER_INPUT           ;
;   0.000 ;   0.000 ; RR ; IC   ; 1      ; IOIBUF_X89_Y35_N61                    ; clk~input|i                     ;
;   0.739 ;   0.739 ; RR ; CELL ; 1      ; IOIBUF_X89_Y35_N61                    ; clk~input|o                     ;
;   0.739 ;   0.000 ;    ; RE   ; 1      ; IOIBUF_X89_Y35_N61                    ; ARRIAV_IO_IBUF                  ;
;   0.739 ;   0.000 ;    ; RE   ; 1      ; IO_INPUT_BUFFER_OUTPUT_X89_Y35_N61_I2 ; IO_INPUT_BUFFER_OUTPUT          ;
;   0.739 ;   0.000 ;    ; RE   ; 1      ; IO_RE_X89_Y35_N60_I96                 ; IO_RE                           ;
;   0.827 ;   0.088 ;    ; RE   ; 1      ; IO_RE_X89_Y35_N60_I66                 ; IO_RE                           ;
;   1.102 ;   0.275 ;    ; RE   ; 1      ; CLKBUF_CLUSTER_RE_X89_Y39_N3_I421     ; CLKBUF_CLUSTER_RE               ;
;   1.102 ;   0.000 ;    ; RE   ; 1      ; CLKBUF_CLUSTER_RE_X89_Y39_N3_I756     ; CLKBUF_CLUSTER_RE               ;
;   1.102 ;   0.000 ;    ; RE   ; 1      ; CLKBUF_CLUSTER_RE_X89_Y39_N3_I493     ; CLKBUF_CLUSTER_RE               ;
;   1.102 ;   0.000 ;    ; RE   ; 1      ; GCLK_CLUSTER_RE_X89_Y39_N3_I10        ; GCLK_CLUSTER_RE                 ;
;   1.102 ;   0.000 ;    ; RE   ; 1      ; CLKBUFBLOCK_INPUT_X89_Y39_N4_I0       ; CLKBUFBLOCK_INPUT               ;
;   1.102 ;   0.000 ; RR ; IC   ; 1      ; CLKCTRL_G8                            ; clk~inputCLKENA0|inclk          ;
;   1.572 ;   0.470 ; RR ; CELL ; 1674   ; CLKCTRL_G8                            ; clk~inputCLKENA0|outclk         ;
;   1.572 ;   0.000 ;    ; RE   ; 1      ; CLKCTRL_G8                            ; ARRIAV_CLKBUF                   ;
;   1.572 ;   0.000 ;    ; RE   ; 1      ; CLKBUFBLOCK_OUTPUT_X89_Y39_N4_I2      ; CLKBUFBLOCK_OUTPUT              ;
;   1.572 ;   0.000 ;    ; RE   ; 1      ; GCLK_CLUSTER_RE_X89_Y39_N3_I12        ; GCLK_CLUSTER_RE                 ;
;   1.572 ;   0.000 ;    ; RE   ; 1      ; CLKBUF_CLUSTER_RE_X89_Y39_N3_I415     ; CLKBUF_CLUSTER_RE               ;
;   2.360 ;   0.788 ;    ; RE   ; 5      ; GLOBAL_CLOCK_X0_Y36_N0_I8             ; GLOBAL_CLOCK                    ;
;   2.522 ;   0.162 ;    ; RE   ; 19     ; SPINE_CLOCK_X15_Y37_N0_I6             ; SPINE_CLOCK                     ;
;   2.951 ;   0.429 ;    ; RE   ; 1      ; SCLK_TO_ROWCLK_BUF_X15_Y40_N0_I37     ; SCLK_TO_ROWCLK_BUF              ;
;   3.044 ;   0.093 ;    ; RE   ; 2      ; SCLK_TO_ROWCLK_BUF_X15_Y40_N0_I40     ; SCLK_TO_ROWCLK_BUF              ;
;   3.534 ;   0.490 ;    ; RE   ; 5      ; LAB_CLK_X0_Y40_N0_I5                  ; LAB_CLK                         ;
;   3.685 ;   0.151 ;    ; RE   ; 1      ; BLK_CLK_BUF_X8_Y40_N0_I5              ; BLK_CLK_BUF                     ;
;   3.742 ;   0.057 ;    ; RE   ; 1      ; ROWCLKSEL_PREBUF_X8_Y40_N0_I5         ; ROWCLKSEL_PREBUF                ;
;   3.797 ;   0.055 ;    ; RE   ; 1      ; ROWCLKSEL_X8_Y40_N0_I0                ; ROWCLKSEL                       ;
;   3.797 ;   0.000 ;    ; RE   ; 1      ; GLOBAL_LOCAL_SEL_X8_Y40_N0_I0         ; GLOBAL_LOCAL_SEL                ;
;   3.797 ;   0.000 ;    ; RE   ; 16     ; LAB_INPUT_X8_Y40_N0_I1                ; LAB_INPUT                       ;
;   3.797 ;   0.000 ; RR ; IC   ; 1      ; FF_X8_Y40_N41                         ; message_bytes_remaining[13]|clk ;
;   4.362 ;   0.565 ; RR ; CELL ; 1      ; FF_X8_Y40_N41                         ; message_bytes_remaining[13]     ;
; 4.991   ; 0.629   ;    ;      ;        ;                                       ; data path                       ;
;   4.362 ;   0.000 ;    ; uTco ; 1      ; FF_X8_Y40_N41                         ; message_bytes_remaining[13]     ;
;   4.362 ;   0.000 ; FF ; CELL ; 3      ; FF_X8_Y40_N41                         ; message_bytes_remaining[13]|q   ;
;   4.419 ;   0.057 ;    ; RE   ; 2      ; FF_X8_Y40_N41                         ; ARRIAV_FF                       ;
;   4.500 ;   0.081 ;    ; RE   ; 1      ; LOCAL_LINE_X8_Y40_N0_I13              ; LOCAL_LINE                      ;
;   4.638 ;   0.138 ;    ; RE   ; 1      ; BLOCK_INPUT_MUX_X8_Y40_N0_I53         ; LEIM_INPUT                      ;
;   4.638 ;   0.000 ; FF ; IC   ; 3      ; MLABCELL_X8_Y40_N39                   ; Add1~53|datac                   ;
;   4.909 ;   0.271 ; FR ; CELL ; 1      ; MLABCELL_X8_Y40_N39                   ; Add1~53|sumout                  ;
;   4.909 ;   0.000 ;    ; RE   ; 3      ; MLABCELL_X8_Y40_N39                   ; ARRIAV_LCELL_COMB               ;
;   4.909 ;   0.000 ; RR ; IC   ; 1      ; FF_X8_Y40_N41                         ; message_bytes_remaining[13]|d   ;
;   4.991 ;   0.082 ; RR ; CELL ; 1      ; FF_X8_Y40_N41                         ; message_bytes_remaining[13]     ;
+---------+---------+----+------+--------+---------------------------------------+---------------------------------+

+-------------------------------------------------------------------------------------------------------------------+
; Data Required Path                                                                                                ;
+---------+----------+----+------+--------+---------------------------------------+---------------------------------+
; Total   ; Incr     ; RF ; Type ; Fanout ; Location                              ; Element                         ;
+---------+----------+----+------+--------+---------------------------------------+---------------------------------+
; 0.000   ; 0.000    ;    ;      ;        ;                                       ; latch edge time                 ;
; 4.489   ; 4.489    ;    ;      ;        ;                                       ; clock path                      ;
;   0.000 ;   0.000  ;    ;      ;        ;                                       ; source latency                  ;
;   0.000 ;   0.000  ;    ;      ; 1      ; PIN_M16                               ; clk                             ;
;   0.000 ;   0.000  ;    ; RE   ; 1      ; IOPAD_X89_Y35_N60                     ; ARRIAV_IO_PAD                   ;
;   0.000 ;   0.000  ;    ; RE   ; 1      ; IO_PAD_OUTPUT_X89_Y35_N60_I1          ; IO_PAD_OUTPUT                   ;
;   0.000 ;   0.000  ;    ; RE   ; 1      ; IO_INPUT_BUFFER_INPUT_X89_Y35_N61_I0  ; IO_INPUT_BUFFER_INPUT           ;
;   0.000 ;   0.000  ; RR ; IC   ; 1      ; IOIBUF_X89_Y35_N61                    ; clk~input|i                     ;
;   0.739 ;   0.739  ; RR ; CELL ; 1      ; IOIBUF_X89_Y35_N61                    ; clk~input|o                     ;
;   0.739 ;   0.000  ;    ; RE   ; 1      ; IOIBUF_X89_Y35_N61                    ; ARRIAV_IO_IBUF                  ;
;   0.739 ;   0.000  ;    ; RE   ; 1      ; IO_INPUT_BUFFER_OUTPUT_X89_Y35_N61_I2 ; IO_INPUT_BUFFER_OUTPUT          ;
;   0.739 ;   0.000  ;    ; RE   ; 1      ; IO_RE_X89_Y35_N60_I96                 ; IO_RE                           ;
;   0.833 ;   0.094  ;    ; RE   ; 1      ; IO_RE_X89_Y35_N60_I66                 ; IO_RE                           ;
;   1.125 ;   0.292  ;    ; RE   ; 1      ; CLKBUF_CLUSTER_RE_X89_Y39_N3_I421     ; CLKBUF_CLUSTER_RE               ;
;   1.125 ;   0.000  ;    ; RE   ; 1      ; CLKBUF_CLUSTER_RE_X89_Y39_N3_I756     ; CLKBUF_CLUSTER_RE               ;
;   1.125 ;   0.000  ;    ; RE   ; 1      ; CLKBUF_CLUSTER_RE_X89_Y39_N3_I493     ; CLKBUF_CLUSTER_RE               ;
;   1.125 ;   0.000  ;    ; RE   ; 1      ; GCLK_CLUSTER_RE_X89_Y39_N3_I10        ; GCLK_CLUSTER_RE                 ;
;   1.125 ;   0.000  ;    ; RE   ; 1      ; CLKBUFBLOCK_INPUT_X89_Y39_N4_I0       ; CLKBUFBLOCK_INPUT               ;
;   1.125 ;   0.000  ; RR ; IC   ; 1      ; CLKCTRL_G8                            ; clk~inputCLKENA0|inclk          ;
;   1.632 ;   0.507  ; RR ; CELL ; 1674   ; CLKCTRL_G8                            ; clk~inputCLKENA0|outclk         ;
;   1.632 ;   0.000  ;    ; RE   ; 1      ; CLKCTRL_G8                            ; ARRIAV_CLKBUF                   ;
;   1.632 ;   0.000  ;    ; RE   ; 1      ; CLKBUFBLOCK_OUTPUT_X89_Y39_N4_I2      ; CLKBUFBLOCK_OUTPUT              ;
;   1.632 ;   0.000  ;    ; RE   ; 1      ; GCLK_CLUSTER_RE_X89_Y39_N3_I12        ; GCLK_CLUSTER_RE                 ;
;   1.632 ;   0.000  ;    ; RE   ; 1      ; CLKBUF_CLUSTER_RE_X89_Y39_N3_I415     ; CLKBUF_CLUSTER_RE               ;
;   2.465 ;   0.833  ;    ; RE   ; 5      ; GLOBAL_CLOCK_X0_Y36_N0_I8             ; GLOBAL_CLOCK                    ;
;   2.633 ;   0.168  ;    ; RE   ; 19     ; SPINE_CLOCK_X15_Y37_N0_I6             ; SPINE_CLOCK                     ;
;   3.077 ;   0.444  ;    ; RE   ; 1      ; SCLK_TO_ROWCLK_BUF_X15_Y40_N0_I37     ; SCLK_TO_ROWCLK_BUF              ;
;   3.173 ;   0.096  ;    ; RE   ; 2      ; SCLK_TO_ROWCLK_BUF_X15_Y40_N0_I40     ; SCLK_TO_ROWCLK_BUF              ;
;   3.680 ;   0.507  ;    ; RE   ; 5      ; LAB_CLK_X0_Y40_N0_I5                  ; LAB_CLK                         ;
;   3.844 ;   0.164  ;    ; RE   ; 1      ; BLK_CLK_BUF_X8_Y40_N0_I5              ; BLK_CLK_BUF                     ;
;   3.903 ;   0.059  ;    ; RE   ; 1      ; ROWCLKSEL_PREBUF_X8_Y40_N0_I5         ; ROWCLKSEL_PREBUF                ;
;   3.963 ;   0.060  ;    ; RE   ; 1      ; ROWCLKSEL_X8_Y40_N0_I0                ; ROWCLKSEL                       ;
;   3.963 ;   0.000  ;    ; RE   ; 1      ; GLOBAL_LOCAL_SEL_X8_Y40_N0_I0         ; GLOBAL_LOCAL_SEL                ;
;   3.963 ;   0.000  ;    ; RE   ; 16     ; LAB_INPUT_X8_Y40_N0_I1                ; LAB_INPUT                       ;
;   3.963 ;   0.000  ; RR ; IC   ; 1      ; FF_X8_Y40_N41                         ; message_bytes_remaining[13]|clk ;
;   4.618 ;   0.655  ; RR ; CELL ; 1      ; FF_X8_Y40_N41                         ; message_bytes_remaining[13]     ;
;   4.489 ;   -0.129 ;    ;      ;        ;                                       ; clock pessimism removed         ;
; 4.489   ; 0.000    ;    ;      ;        ;                                       ; clock uncertainty               ;
; 4.489   ; 0.000    ;    ; uTh  ; 1      ; FF_X8_Y40_N41                         ; message_bytes_remaining[13]     ;
+---------+----------+----+------+--------+---------------------------------------+---------------------------------+

----------------------------
; Extra Fitter Information ;
----------------------------
HTML report is unavailable in plain text report export.


Path #16: Hold slack is 0.502 
===============================================================================
+--------------------------------------------+
; Path Summary                               ;
+--------------------+-----------------------+
; Property           ; Value                 ;
+--------------------+-----------------------+
; From Node          ; state_array[1][1][62] ;
; To Node            ; state_array[1][1][62] ;
; Launch Clock       ; clk                   ;
; Latch Clock        ; clk                   ;
; Data Arrival Time  ; 4.959                 ;
; Data Required Time ; 4.457                 ;
; Slack              ; 0.502                 ;
+--------------------+-----------------------+

+-----------------------------------------------------------------------------------+
; Statistics                                                                        ;
+------------------------+-------+-------+-------------+------------+-------+-------+
; Property               ; Value ; Count ; Total Delay ; % of Total ; Min   ; Max   ;
+------------------------+-------+-------+-------------+------------+-------+-------+
; Hold Relationship      ; 0.000 ;       ;             ;            ;       ;       ;
; Clock Skew             ; 0.128 ;       ;             ;            ;       ;       ;
; Data Delay             ; 0.630 ;       ;             ;            ;       ;       ;
; Number of Logic Levels ;       ; 1     ;             ;            ;       ;       ;
; Physical Delays        ;       ;       ;             ;            ;       ;       ;
;  Arrival Path          ;       ;       ;             ;            ;       ;       ;
;   Clock                ;       ;       ;             ;            ;       ;       ;
;    IC                  ;       ; 3     ; 0.000       ; 0          ; 0.000 ; 0.000 ;
;    Cell                ;       ; 3     ; 1.773       ; 41         ; 0.470 ; 0.739 ;
;    Routing Element     ;       ; 26    ; 2.556       ; 59         ; 0.000 ; 0.788 ;
;   Data                 ;       ;       ;             ;            ;       ;       ;
;    IC                  ;       ; 2     ; 0.000       ; 0          ; 0.000 ; 0.000 ;
;    Cell                ;       ; 3     ; 0.303       ; 48         ; 0.000 ; 0.221 ;
;    uTco                ;       ; 1     ; 0.000       ; 0          ; 0.000 ; 0.000 ;
;    Routing Element     ;       ; 4     ; 0.327       ; 52         ; 0.000 ; 0.143 ;
;  Required Path         ;       ;       ;             ;            ;       ;       ;
;   Clock                ;       ;       ;             ;            ;       ;       ;
;    IC                  ;       ; 3     ; 0.000       ; 0          ; 0.000 ; 0.000 ;
;    Cell                ;       ; 3     ; 1.901       ; 41         ; 0.507 ; 0.739 ;
;    Routing Element     ;       ; 26    ; 2.684       ; 59         ; 0.000 ; 0.833 ;
+------------------------+-------+-------+-------------+------------+-------+-------+
Note: Negative delays are omitted from totals when calculating percentages

+------------------------------------------------------------------------------------------------------------+
; Data Arrival Path                                                                                          ;
+---------+---------+----+------+--------+---------------------------------------+---------------------------+
; Total   ; Incr    ; RF ; Type ; Fanout ; Location                              ; Element                   ;
+---------+---------+----+------+--------+---------------------------------------+---------------------------+
; 0.000   ; 0.000   ;    ;      ;        ;                                       ; launch edge time          ;
; 4.329   ; 4.329   ;    ;      ;        ;                                       ; clock path                ;
;   0.000 ;   0.000 ;    ;      ;        ;                                       ; source latency            ;
;   0.000 ;   0.000 ;    ;      ; 1      ; PIN_M16                               ; clk                       ;
;   0.000 ;   0.000 ;    ; RE   ; 1      ; IOPAD_X89_Y35_N60                     ; ARRIAV_IO_PAD             ;
;   0.000 ;   0.000 ;    ; RE   ; 1      ; IO_PAD_OUTPUT_X89_Y35_N60_I1          ; IO_PAD_OUTPUT             ;
;   0.000 ;   0.000 ;    ; RE   ; 1      ; IO_INPUT_BUFFER_INPUT_X89_Y35_N61_I0  ; IO_INPUT_BUFFER_INPUT     ;
;   0.000 ;   0.000 ; RR ; IC   ; 1      ; IOIBUF_X89_Y35_N61                    ; clk~input|i               ;
;   0.739 ;   0.739 ; RR ; CELL ; 1      ; IOIBUF_X89_Y35_N61                    ; clk~input|o               ;
;   0.739 ;   0.000 ;    ; RE   ; 1      ; IOIBUF_X89_Y35_N61                    ; ARRIAV_IO_IBUF            ;
;   0.739 ;   0.000 ;    ; RE   ; 1      ; IO_INPUT_BUFFER_OUTPUT_X89_Y35_N61_I2 ; IO_INPUT_BUFFER_OUTPUT    ;
;   0.739 ;   0.000 ;    ; RE   ; 1      ; IO_RE_X89_Y35_N60_I96                 ; IO_RE                     ;
;   0.827 ;   0.088 ;    ; RE   ; 1      ; IO_RE_X89_Y35_N60_I66                 ; IO_RE                     ;
;   1.102 ;   0.275 ;    ; RE   ; 1      ; CLKBUF_CLUSTER_RE_X89_Y39_N3_I421     ; CLKBUF_CLUSTER_RE         ;
;   1.102 ;   0.000 ;    ; RE   ; 1      ; CLKBUF_CLUSTER_RE_X89_Y39_N3_I756     ; CLKBUF_CLUSTER_RE         ;
;   1.102 ;   0.000 ;    ; RE   ; 1      ; CLKBUF_CLUSTER_RE_X89_Y39_N3_I493     ; CLKBUF_CLUSTER_RE         ;
;   1.102 ;   0.000 ;    ; RE   ; 1      ; GCLK_CLUSTER_RE_X89_Y39_N3_I10        ; GCLK_CLUSTER_RE           ;
;   1.102 ;   0.000 ;    ; RE   ; 1      ; CLKBUFBLOCK_INPUT_X89_Y39_N4_I0       ; CLKBUFBLOCK_INPUT         ;
;   1.102 ;   0.000 ; RR ; IC   ; 1      ; CLKCTRL_G8                            ; clk~inputCLKENA0|inclk    ;
;   1.572 ;   0.470 ; RR ; CELL ; 1674   ; CLKCTRL_G8                            ; clk~inputCLKENA0|outclk   ;
;   1.572 ;   0.000 ;    ; RE   ; 1      ; CLKCTRL_G8                            ; ARRIAV_CLKBUF             ;
;   1.572 ;   0.000 ;    ; RE   ; 1      ; CLKBUFBLOCK_OUTPUT_X89_Y39_N4_I2      ; CLKBUFBLOCK_OUTPUT        ;
;   1.572 ;   0.000 ;    ; RE   ; 1      ; GCLK_CLUSTER_RE_X89_Y39_N3_I12        ; GCLK_CLUSTER_RE           ;
;   1.572 ;   0.000 ;    ; RE   ; 1      ; CLKBUF_CLUSTER_RE_X89_Y39_N3_I415     ; CLKBUF_CLUSTER_RE         ;
;   2.360 ;   0.788 ;    ; RE   ; 5      ; GLOBAL_CLOCK_X0_Y36_N0_I8             ; GLOBAL_CLOCK              ;
;   2.510 ;   0.150 ;    ; RE   ; 19     ; SPINE_CLOCK_X15_Y37_N0_I6             ; SPINE_CLOCK               ;
;   2.933 ;   0.423 ;    ; RE   ; 1      ; SCLK_TO_ROWCLK_BUF_X15_Y50_N0_I37     ; SCLK_TO_ROWCLK_BUF        ;
;   3.025 ;   0.092 ;    ; RE   ; 2      ; SCLK_TO_ROWCLK_BUF_X15_Y50_N0_I40     ; SCLK_TO_ROWCLK_BUF        ;
;   3.504 ;   0.479 ;    ; RE   ; 5      ; LAB_CLK_X0_Y50_N0_I5                  ; LAB_CLK                   ;
;   3.654 ;   0.150 ;    ; RE   ; 1      ; BLK_CLK_BUF_X15_Y50_N0_I5             ; BLK_CLK_BUF               ;
;   3.711 ;   0.057 ;    ; RE   ; 1      ; ROWCLKSEL_PREBUF_X15_Y50_N0_I5        ; ROWCLKSEL_PREBUF          ;
;   3.765 ;   0.054 ;    ; RE   ; 1      ; ROWCLKSEL_X15_Y50_N0_I0               ; ROWCLKSEL                 ;
;   3.765 ;   0.000 ;    ; RE   ; 1      ; GLOBAL_LOCAL_SEL_X15_Y50_N0_I0        ; GLOBAL_LOCAL_SEL          ;
;   3.765 ;   0.000 ;    ; RE   ; 5      ; LAB_INPUT_X15_Y50_N0_I0               ; LAB_INPUT                 ;
;   3.765 ;   0.000 ; RR ; IC   ; 1      ; FF_X15_Y50_N2                         ; state_array[1][1][62]|clk ;
;   4.329 ;   0.564 ; RR ; CELL ; 1      ; FF_X15_Y50_N2                         ; state_array[1][1][62]     ;
; 4.959   ; 0.630   ;    ;      ;        ;                                       ; data path                 ;
;   4.329 ;   0.000 ;    ; uTco ; 1      ; FF_X15_Y50_N2                         ; state_array[1][1][62]     ;
;   4.329 ;   0.000 ; RR ; CELL ; 9      ; FF_X15_Y50_N2                         ; state_array[1][1][62]|q   ;
;   4.406 ;   0.077 ;    ; RE   ; 2      ; FF_X15_Y50_N2                         ; ARRIAV_FF                 ;
;   4.513 ;   0.107 ;    ; RE   ; 2      ; LOCAL_LINE_X15_Y50_N0_I0              ; LOCAL_LINE                ;
;   4.656 ;   0.143 ;    ; RE   ; 1      ; BLOCK_INPUT_MUX_X15_Y50_N0_I6         ; LEIM_INPUT                ;
;   4.656 ;   0.000 ; RR ; IC   ; 1      ; MLABCELL_X15_Y50_N0                   ; state_array~2914|datag    ;
;   4.877 ;   0.221 ; RR ; CELL ; 1      ; MLABCELL_X15_Y50_N0                   ; state_array~2914|combout  ;
;   4.877 ;   0.000 ;    ; RE   ; 1      ; MLABCELL_X15_Y50_N0                   ; ARRIAV_LCELL_COMB         ;
;   4.877 ;   0.000 ; RR ; IC   ; 1      ; FF_X15_Y50_N2                         ; state_array[1][1][62]|d   ;
;   4.959 ;   0.082 ; RR ; CELL ; 1      ; FF_X15_Y50_N2                         ; state_array[1][1][62]     ;
+---------+---------+----+------+--------+---------------------------------------+---------------------------+

+-------------------------------------------------------------------------------------------------------------+
; Data Required Path                                                                                          ;
+---------+----------+----+------+--------+---------------------------------------+---------------------------+
; Total   ; Incr     ; RF ; Type ; Fanout ; Location                              ; Element                   ;
+---------+----------+----+------+--------+---------------------------------------+---------------------------+
; 0.000   ; 0.000    ;    ;      ;        ;                                       ; latch edge time           ;
; 4.457   ; 4.457    ;    ;      ;        ;                                       ; clock path                ;
;   0.000 ;   0.000  ;    ;      ;        ;                                       ; source latency            ;
;   0.000 ;   0.000  ;    ;      ; 1      ; PIN_M16                               ; clk                       ;
;   0.000 ;   0.000  ;    ; RE   ; 1      ; IOPAD_X89_Y35_N60                     ; ARRIAV_IO_PAD             ;
;   0.000 ;   0.000  ;    ; RE   ; 1      ; IO_PAD_OUTPUT_X89_Y35_N60_I1          ; IO_PAD_OUTPUT             ;
;   0.000 ;   0.000  ;    ; RE   ; 1      ; IO_INPUT_BUFFER_INPUT_X89_Y35_N61_I0  ; IO_INPUT_BUFFER_INPUT     ;
;   0.000 ;   0.000  ; RR ; IC   ; 1      ; IOIBUF_X89_Y35_N61                    ; clk~input|i               ;
;   0.739 ;   0.739  ; RR ; CELL ; 1      ; IOIBUF_X89_Y35_N61                    ; clk~input|o               ;
;   0.739 ;   0.000  ;    ; RE   ; 1      ; IOIBUF_X89_Y35_N61                    ; ARRIAV_IO_IBUF            ;
;   0.739 ;   0.000  ;    ; RE   ; 1      ; IO_INPUT_BUFFER_OUTPUT_X89_Y35_N61_I2 ; IO_INPUT_BUFFER_OUTPUT    ;
;   0.739 ;   0.000  ;    ; RE   ; 1      ; IO_RE_X89_Y35_N60_I96                 ; IO_RE                     ;
;   0.833 ;   0.094  ;    ; RE   ; 1      ; IO_RE_X89_Y35_N60_I66                 ; IO_RE                     ;
;   1.125 ;   0.292  ;    ; RE   ; 1      ; CLKBUF_CLUSTER_RE_X89_Y39_N3_I421     ; CLKBUF_CLUSTER_RE         ;
;   1.125 ;   0.000  ;    ; RE   ; 1      ; CLKBUF_CLUSTER_RE_X89_Y39_N3_I756     ; CLKBUF_CLUSTER_RE         ;
;   1.125 ;   0.000  ;    ; RE   ; 1      ; CLKBUF_CLUSTER_RE_X89_Y39_N3_I493     ; CLKBUF_CLUSTER_RE         ;
;   1.125 ;   0.000  ;    ; RE   ; 1      ; GCLK_CLUSTER_RE_X89_Y39_N3_I10        ; GCLK_CLUSTER_RE           ;
;   1.125 ;   0.000  ;    ; RE   ; 1      ; CLKBUFBLOCK_INPUT_X89_Y39_N4_I0       ; CLKBUFBLOCK_INPUT         ;
;   1.125 ;   0.000  ; RR ; IC   ; 1      ; CLKCTRL_G8                            ; clk~inputCLKENA0|inclk    ;
;   1.632 ;   0.507  ; RR ; CELL ; 1674   ; CLKCTRL_G8                            ; clk~inputCLKENA0|outclk   ;
;   1.632 ;   0.000  ;    ; RE   ; 1      ; CLKCTRL_G8                            ; ARRIAV_CLKBUF             ;
;   1.632 ;   0.000  ;    ; RE   ; 1      ; CLKBUFBLOCK_OUTPUT_X89_Y39_N4_I2      ; CLKBUFBLOCK_OUTPUT        ;
;   1.632 ;   0.000  ;    ; RE   ; 1      ; GCLK_CLUSTER_RE_X89_Y39_N3_I12        ; GCLK_CLUSTER_RE           ;
;   1.632 ;   0.000  ;    ; RE   ; 1      ; CLKBUF_CLUSTER_RE_X89_Y39_N3_I415     ; CLKBUF_CLUSTER_RE         ;
;   2.465 ;   0.833  ;    ; RE   ; 5      ; GLOBAL_CLOCK_X0_Y36_N0_I8             ; GLOBAL_CLOCK              ;
;   2.620 ;   0.155  ;    ; RE   ; 19     ; SPINE_CLOCK_X15_Y37_N0_I6             ; SPINE_CLOCK               ;
;   3.058 ;   0.438  ;    ; RE   ; 1      ; SCLK_TO_ROWCLK_BUF_X15_Y50_N0_I37     ; SCLK_TO_ROWCLK_BUF        ;
;   3.153 ;   0.095  ;    ; RE   ; 2      ; SCLK_TO_ROWCLK_BUF_X15_Y50_N0_I40     ; SCLK_TO_ROWCLK_BUF        ;
;   3.649 ;   0.496  ;    ; RE   ; 5      ; LAB_CLK_X0_Y50_N0_I5                  ; LAB_CLK                   ;
;   3.812 ;   0.163  ;    ; RE   ; 1      ; BLK_CLK_BUF_X15_Y50_N0_I5             ; BLK_CLK_BUF               ;
;   3.871 ;   0.059  ;    ; RE   ; 1      ; ROWCLKSEL_PREBUF_X15_Y50_N0_I5        ; ROWCLKSEL_PREBUF          ;
;   3.930 ;   0.059  ;    ; RE   ; 1      ; ROWCLKSEL_X15_Y50_N0_I0               ; ROWCLKSEL                 ;
;   3.930 ;   0.000  ;    ; RE   ; 1      ; GLOBAL_LOCAL_SEL_X15_Y50_N0_I0        ; GLOBAL_LOCAL_SEL          ;
;   3.930 ;   0.000  ;    ; RE   ; 5      ; LAB_INPUT_X15_Y50_N0_I0               ; LAB_INPUT                 ;
;   3.930 ;   0.000  ; RR ; IC   ; 1      ; FF_X15_Y50_N2                         ; state_array[1][1][62]|clk ;
;   4.585 ;   0.655  ; RR ; CELL ; 1      ; FF_X15_Y50_N2                         ; state_array[1][1][62]     ;
;   4.457 ;   -0.128 ;    ;      ;        ;                                       ; clock pessimism removed   ;
; 4.457   ; 0.000    ;    ;      ;        ;                                       ; clock uncertainty         ;
; 4.457   ; 0.000    ;    ; uTh  ; 1      ; FF_X15_Y50_N2                         ; state_array[1][1][62]     ;
+---------+----------+----+------+--------+---------------------------------------+---------------------------+

----------------------------
; Extra Fitter Information ;
----------------------------
HTML report is unavailable in plain text report export.


Path #17: Hold slack is 0.503 
===============================================================================
+--------------------------------------------------+
; Path Summary                                     ;
+--------------------+-----------------------------+
; Property           ; Value                       ;
+--------------------+-----------------------------+
; From Node          ; message_bytes_remaining[15] ;
; To Node            ; message_bytes_remaining[15] ;
; Launch Clock       ; clk                         ;
; Latch Clock        ; clk                         ;
; Data Arrival Time  ; 4.992                       ;
; Data Required Time ; 4.489                       ;
; Slack              ; 0.503                       ;
+--------------------+-----------------------------+

+-----------------------------------------------------------------------------------+
; Statistics                                                                        ;
+------------------------+-------+-------+-------------+------------+-------+-------+
; Property               ; Value ; Count ; Total Delay ; % of Total ; Min   ; Max   ;
+------------------------+-------+-------+-------------+------------+-------+-------+
; Hold Relationship      ; 0.000 ;       ;             ;            ;       ;       ;
; Clock Skew             ; 0.127 ;       ;             ;            ;       ;       ;
; Data Delay             ; 0.630 ;       ;             ;            ;       ;       ;
; Number of Logic Levels ;       ; 1     ;             ;            ;       ;       ;
; Physical Delays        ;       ;       ;             ;            ;       ;       ;
;  Arrival Path          ;       ;       ;             ;            ;       ;       ;
;   Clock                ;       ;       ;             ;            ;       ;       ;
;    IC                  ;       ; 3     ; 0.000       ; 0          ; 0.000 ; 0.000 ;
;    Cell                ;       ; 3     ; 1.774       ; 41         ; 0.470 ; 0.739 ;
;    Routing Element     ;       ; 26    ; 2.588       ; 59         ; 0.000 ; 0.788 ;
;   Data                 ;       ;       ;             ;            ;       ;       ;
;    IC                  ;       ; 2     ; 0.001       ; 0          ; 0.000 ; 0.001 ;
;    Cell                ;       ; 3     ; 0.353       ; 56         ; 0.000 ; 0.271 ;
;    uTco                ;       ; 1     ; 0.000       ; 0          ; 0.000 ; 0.000 ;
;    Routing Element     ;       ; 4     ; 0.276       ; 44         ; 0.000 ; 0.137 ;
;  Required Path         ;       ;       ;             ;            ;       ;       ;
;   Clock                ;       ;       ;             ;            ;       ;       ;
;    IC                  ;       ; 3     ; 0.000       ; 0          ; 0.000 ; 0.000 ;
;    Cell                ;       ; 3     ; 1.901       ; 41         ; 0.507 ; 0.739 ;
;    Routing Element     ;       ; 26    ; 2.717       ; 59         ; 0.000 ; 0.833 ;
+------------------------+-------+-------+-------------+------------+-------+-------+
Note: Negative delays are omitted from totals when calculating percentages

+------------------------------------------------------------------------------------------------------------------+
; Data Arrival Path                                                                                                ;
+---------+---------+----+------+--------+---------------------------------------+---------------------------------+
; Total   ; Incr    ; RF ; Type ; Fanout ; Location                              ; Element                         ;
+---------+---------+----+------+--------+---------------------------------------+---------------------------------+
; 0.000   ; 0.000   ;    ;      ;        ;                                       ; launch edge time                ;
; 4.362   ; 4.362   ;    ;      ;        ;                                       ; clock path                      ;
;   0.000 ;   0.000 ;    ;      ;        ;                                       ; source latency                  ;
;   0.000 ;   0.000 ;    ;      ; 1      ; PIN_M16                               ; clk                             ;
;   0.000 ;   0.000 ;    ; RE   ; 1      ; IOPAD_X89_Y35_N60                     ; ARRIAV_IO_PAD                   ;
;   0.000 ;   0.000 ;    ; RE   ; 1      ; IO_PAD_OUTPUT_X89_Y35_N60_I1          ; IO_PAD_OUTPUT                   ;
;   0.000 ;   0.000 ;    ; RE   ; 1      ; IO_INPUT_BUFFER_INPUT_X89_Y35_N61_I0  ; IO_INPUT_BUFFER_INPUT           ;
;   0.000 ;   0.000 ; RR ; IC   ; 1      ; IOIBUF_X89_Y35_N61                    ; clk~input|i                     ;
;   0.739 ;   0.739 ; RR ; CELL ; 1      ; IOIBUF_X89_Y35_N61                    ; clk~input|o                     ;
;   0.739 ;   0.000 ;    ; RE   ; 1      ; IOIBUF_X89_Y35_N61                    ; ARRIAV_IO_IBUF                  ;
;   0.739 ;   0.000 ;    ; RE   ; 1      ; IO_INPUT_BUFFER_OUTPUT_X89_Y35_N61_I2 ; IO_INPUT_BUFFER_OUTPUT          ;
;   0.739 ;   0.000 ;    ; RE   ; 1      ; IO_RE_X89_Y35_N60_I96                 ; IO_RE                           ;
;   0.827 ;   0.088 ;    ; RE   ; 1      ; IO_RE_X89_Y35_N60_I66                 ; IO_RE                           ;
;   1.102 ;   0.275 ;    ; RE   ; 1      ; CLKBUF_CLUSTER_RE_X89_Y39_N3_I421     ; CLKBUF_CLUSTER_RE               ;
;   1.102 ;   0.000 ;    ; RE   ; 1      ; CLKBUF_CLUSTER_RE_X89_Y39_N3_I756     ; CLKBUF_CLUSTER_RE               ;
;   1.102 ;   0.000 ;    ; RE   ; 1      ; CLKBUF_CLUSTER_RE_X89_Y39_N3_I493     ; CLKBUF_CLUSTER_RE               ;
;   1.102 ;   0.000 ;    ; RE   ; 1      ; GCLK_CLUSTER_RE_X89_Y39_N3_I10        ; GCLK_CLUSTER_RE                 ;
;   1.102 ;   0.000 ;    ; RE   ; 1      ; CLKBUFBLOCK_INPUT_X89_Y39_N4_I0       ; CLKBUFBLOCK_INPUT               ;
;   1.102 ;   0.000 ; RR ; IC   ; 1      ; CLKCTRL_G8                            ; clk~inputCLKENA0|inclk          ;
;   1.572 ;   0.470 ; RR ; CELL ; 1674   ; CLKCTRL_G8                            ; clk~inputCLKENA0|outclk         ;
;   1.572 ;   0.000 ;    ; RE   ; 1      ; CLKCTRL_G8                            ; ARRIAV_CLKBUF                   ;
;   1.572 ;   0.000 ;    ; RE   ; 1      ; CLKBUFBLOCK_OUTPUT_X89_Y39_N4_I2      ; CLKBUFBLOCK_OUTPUT              ;
;   1.572 ;   0.000 ;    ; RE   ; 1      ; GCLK_CLUSTER_RE_X89_Y39_N3_I12        ; GCLK_CLUSTER_RE                 ;
;   1.572 ;   0.000 ;    ; RE   ; 1      ; CLKBUF_CLUSTER_RE_X89_Y39_N3_I415     ; CLKBUF_CLUSTER_RE               ;
;   2.360 ;   0.788 ;    ; RE   ; 5      ; GLOBAL_CLOCK_X0_Y36_N0_I8             ; GLOBAL_CLOCK                    ;
;   2.522 ;   0.162 ;    ; RE   ; 19     ; SPINE_CLOCK_X15_Y37_N0_I6             ; SPINE_CLOCK                     ;
;   2.951 ;   0.429 ;    ; RE   ; 1      ; SCLK_TO_ROWCLK_BUF_X15_Y40_N0_I37     ; SCLK_TO_ROWCLK_BUF              ;
;   3.044 ;   0.093 ;    ; RE   ; 2      ; SCLK_TO_ROWCLK_BUF_X15_Y40_N0_I40     ; SCLK_TO_ROWCLK_BUF              ;
;   3.534 ;   0.490 ;    ; RE   ; 5      ; LAB_CLK_X0_Y40_N0_I5                  ; LAB_CLK                         ;
;   3.685 ;   0.151 ;    ; RE   ; 1      ; BLK_CLK_BUF_X8_Y40_N0_I5              ; BLK_CLK_BUF                     ;
;   3.742 ;   0.057 ;    ; RE   ; 1      ; ROWCLKSEL_PREBUF_X8_Y40_N0_I5         ; ROWCLKSEL_PREBUF                ;
;   3.797 ;   0.055 ;    ; RE   ; 1      ; ROWCLKSEL_X8_Y40_N0_I0                ; ROWCLKSEL                       ;
;   3.797 ;   0.000 ;    ; RE   ; 1      ; GLOBAL_LOCAL_SEL_X8_Y40_N0_I0         ; GLOBAL_LOCAL_SEL                ;
;   3.797 ;   0.000 ;    ; RE   ; 16     ; LAB_INPUT_X8_Y40_N0_I1                ; LAB_INPUT                       ;
;   3.797 ;   0.000 ; RR ; IC   ; 1      ; FF_X8_Y40_N47                         ; message_bytes_remaining[15]|clk ;
;   4.362 ;   0.565 ; RR ; CELL ; 1      ; FF_X8_Y40_N47                         ; message_bytes_remaining[15]     ;
; 4.992   ; 0.630   ;    ;      ;        ;                                       ; data path                       ;
;   4.362 ;   0.000 ;    ; uTco ; 1      ; FF_X8_Y40_N47                         ; message_bytes_remaining[15]     ;
;   4.362 ;   0.000 ; FF ; CELL ; 3      ; FF_X8_Y40_N47                         ; message_bytes_remaining[15]|q   ;
;   4.419 ;   0.057 ;    ; RE   ; 2      ; FF_X8_Y40_N47                         ; ARRIAV_FF                       ;
;   4.501 ;   0.082 ;    ; RE   ; 1      ; LOCAL_LINE_X8_Y40_N0_I15              ; LOCAL_LINE                      ;
;   4.638 ;   0.137 ;    ; RE   ; 1      ; BLOCK_INPUT_MUX_X8_Y40_N0_I61         ; LEIM_INPUT                      ;
;   4.639 ;   0.001 ; FF ; IC   ; 1      ; MLABCELL_X8_Y40_N45                   ; Add1~61|datac                   ;
;   4.910 ;   0.271 ; FR ; CELL ; 1      ; MLABCELL_X8_Y40_N45                   ; Add1~61|sumout                  ;
;   4.910 ;   0.000 ;    ; RE   ; 1      ; MLABCELL_X8_Y40_N45                   ; ARRIAV_LCELL_COMB               ;
;   4.910 ;   0.000 ; RR ; IC   ; 1      ; FF_X8_Y40_N47                         ; message_bytes_remaining[15]|d   ;
;   4.992 ;   0.082 ; RR ; CELL ; 1      ; FF_X8_Y40_N47                         ; message_bytes_remaining[15]     ;
+---------+---------+----+------+--------+---------------------------------------+---------------------------------+

+-------------------------------------------------------------------------------------------------------------------+
; Data Required Path                                                                                                ;
+---------+----------+----+------+--------+---------------------------------------+---------------------------------+
; Total   ; Incr     ; RF ; Type ; Fanout ; Location                              ; Element                         ;
+---------+----------+----+------+--------+---------------------------------------+---------------------------------+
; 0.000   ; 0.000    ;    ;      ;        ;                                       ; latch edge time                 ;
; 4.489   ; 4.489    ;    ;      ;        ;                                       ; clock path                      ;
;   0.000 ;   0.000  ;    ;      ;        ;                                       ; source latency                  ;
;   0.000 ;   0.000  ;    ;      ; 1      ; PIN_M16                               ; clk                             ;
;   0.000 ;   0.000  ;    ; RE   ; 1      ; IOPAD_X89_Y35_N60                     ; ARRIAV_IO_PAD                   ;
;   0.000 ;   0.000  ;    ; RE   ; 1      ; IO_PAD_OUTPUT_X89_Y35_N60_I1          ; IO_PAD_OUTPUT                   ;
;   0.000 ;   0.000  ;    ; RE   ; 1      ; IO_INPUT_BUFFER_INPUT_X89_Y35_N61_I0  ; IO_INPUT_BUFFER_INPUT           ;
;   0.000 ;   0.000  ; RR ; IC   ; 1      ; IOIBUF_X89_Y35_N61                    ; clk~input|i                     ;
;   0.739 ;   0.739  ; RR ; CELL ; 1      ; IOIBUF_X89_Y35_N61                    ; clk~input|o                     ;
;   0.739 ;   0.000  ;    ; RE   ; 1      ; IOIBUF_X89_Y35_N61                    ; ARRIAV_IO_IBUF                  ;
;   0.739 ;   0.000  ;    ; RE   ; 1      ; IO_INPUT_BUFFER_OUTPUT_X89_Y35_N61_I2 ; IO_INPUT_BUFFER_OUTPUT          ;
;   0.739 ;   0.000  ;    ; RE   ; 1      ; IO_RE_X89_Y35_N60_I96                 ; IO_RE                           ;
;   0.833 ;   0.094  ;    ; RE   ; 1      ; IO_RE_X89_Y35_N60_I66                 ; IO_RE                           ;
;   1.125 ;   0.292  ;    ; RE   ; 1      ; CLKBUF_CLUSTER_RE_X89_Y39_N3_I421     ; CLKBUF_CLUSTER_RE               ;
;   1.125 ;   0.000  ;    ; RE   ; 1      ; CLKBUF_CLUSTER_RE_X89_Y39_N3_I756     ; CLKBUF_CLUSTER_RE               ;
;   1.125 ;   0.000  ;    ; RE   ; 1      ; CLKBUF_CLUSTER_RE_X89_Y39_N3_I493     ; CLKBUF_CLUSTER_RE               ;
;   1.125 ;   0.000  ;    ; RE   ; 1      ; GCLK_CLUSTER_RE_X89_Y39_N3_I10        ; GCLK_CLUSTER_RE                 ;
;   1.125 ;   0.000  ;    ; RE   ; 1      ; CLKBUFBLOCK_INPUT_X89_Y39_N4_I0       ; CLKBUFBLOCK_INPUT               ;
;   1.125 ;   0.000  ; RR ; IC   ; 1      ; CLKCTRL_G8                            ; clk~inputCLKENA0|inclk          ;
;   1.632 ;   0.507  ; RR ; CELL ; 1674   ; CLKCTRL_G8                            ; clk~inputCLKENA0|outclk         ;
;   1.632 ;   0.000  ;    ; RE   ; 1      ; CLKCTRL_G8                            ; ARRIAV_CLKBUF                   ;
;   1.632 ;   0.000  ;    ; RE   ; 1      ; CLKBUFBLOCK_OUTPUT_X89_Y39_N4_I2      ; CLKBUFBLOCK_OUTPUT              ;
;   1.632 ;   0.000  ;    ; RE   ; 1      ; GCLK_CLUSTER_RE_X89_Y39_N3_I12        ; GCLK_CLUSTER_RE                 ;
;   1.632 ;   0.000  ;    ; RE   ; 1      ; CLKBUF_CLUSTER_RE_X89_Y39_N3_I415     ; CLKBUF_CLUSTER_RE               ;
;   2.465 ;   0.833  ;    ; RE   ; 5      ; GLOBAL_CLOCK_X0_Y36_N0_I8             ; GLOBAL_CLOCK                    ;
;   2.633 ;   0.168  ;    ; RE   ; 19     ; SPINE_CLOCK_X15_Y37_N0_I6             ; SPINE_CLOCK                     ;
;   3.077 ;   0.444  ;    ; RE   ; 1      ; SCLK_TO_ROWCLK_BUF_X15_Y40_N0_I37     ; SCLK_TO_ROWCLK_BUF              ;
;   3.173 ;   0.096  ;    ; RE   ; 2      ; SCLK_TO_ROWCLK_BUF_X15_Y40_N0_I40     ; SCLK_TO_ROWCLK_BUF              ;
;   3.680 ;   0.507  ;    ; RE   ; 5      ; LAB_CLK_X0_Y40_N0_I5                  ; LAB_CLK                         ;
;   3.844 ;   0.164  ;    ; RE   ; 1      ; BLK_CLK_BUF_X8_Y40_N0_I5              ; BLK_CLK_BUF                     ;
;   3.903 ;   0.059  ;    ; RE   ; 1      ; ROWCLKSEL_PREBUF_X8_Y40_N0_I5         ; ROWCLKSEL_PREBUF                ;
;   3.963 ;   0.060  ;    ; RE   ; 1      ; ROWCLKSEL_X8_Y40_N0_I0                ; ROWCLKSEL                       ;
;   3.963 ;   0.000  ;    ; RE   ; 1      ; GLOBAL_LOCAL_SEL_X8_Y40_N0_I0         ; GLOBAL_LOCAL_SEL                ;
;   3.963 ;   0.000  ;    ; RE   ; 16     ; LAB_INPUT_X8_Y40_N0_I1                ; LAB_INPUT                       ;
;   3.963 ;   0.000  ; RR ; IC   ; 1      ; FF_X8_Y40_N47                         ; message_bytes_remaining[15]|clk ;
;   4.618 ;   0.655  ; RR ; CELL ; 1      ; FF_X8_Y40_N47                         ; message_bytes_remaining[15]     ;
;   4.489 ;   -0.129 ;    ;      ;        ;                                       ; clock pessimism removed         ;
; 4.489   ; 0.000    ;    ;      ;        ;                                       ; clock uncertainty               ;
; 4.489   ; 0.000    ;    ; uTh  ; 1      ; FF_X8_Y40_N47                         ; message_bytes_remaining[15]     ;
+---------+----------+----+------+--------+---------------------------------------+---------------------------------+

----------------------------
; Extra Fitter Information ;
----------------------------
HTML report is unavailable in plain text report export.


Path #18: Hold slack is 0.503 
===============================================================================
+-------------------------------------------+
; Path Summary                              ;
+--------------------+----------------------+
; Property           ; Value                ;
+--------------------+----------------------+
; From Node          ; state_array[1][1][4] ;
; To Node            ; state_array[1][1][4] ;
; Launch Clock       ; clk                  ;
; Latch Clock        ; clk                  ;
; Data Arrival Time  ; 4.907                ;
; Data Required Time ; 4.404                ;
; Slack              ; 0.503                ;
+--------------------+----------------------+

+------------------------------------------------------------------------------------+
; Statistics                                                                         ;
+------------------------+-------+-------+-------------+------------+--------+-------+
; Property               ; Value ; Count ; Total Delay ; % of Total ; Min    ; Max   ;
+------------------------+-------+-------+-------------+------------+--------+-------+
; Hold Relationship      ; 0.000 ;       ;             ;            ;        ;       ;
; Clock Skew             ; 0.125 ;       ;             ;            ;        ;       ;
; Data Delay             ; 0.628 ;       ;             ;            ;        ;       ;
; Number of Logic Levels ;       ; 1     ;             ;            ;        ;       ;
; Physical Delays        ;       ;       ;             ;            ;        ;       ;
;  Arrival Path          ;       ;       ;             ;            ;        ;       ;
;   Clock                ;       ;       ;             ;            ;        ;       ;
;    IC                  ;       ; 3     ; 0.000       ; 0          ; 0.000  ; 0.000 ;
;    Cell                ;       ; 3     ; 1.773       ; 41         ; 0.470  ; 0.739 ;
;    Routing Element     ;       ; 26    ; 2.506       ; 59         ; 0.000  ; 0.788 ;
;   Data                 ;       ;       ;             ;            ;        ;       ;
;    IC                  ;       ; 2     ; 0.001       ; 0          ; 0.000  ; 0.001 ;
;    Cell                ;       ; 3     ; 0.303       ; 48         ; 0.000  ; 0.221 ;
;    uTco                ;       ; 1     ; 0.000       ; 0          ; 0.000  ; 0.000 ;
;    Routing Element     ;       ; 4     ; 0.324       ; 52         ; 0.000  ; 0.143 ;
;  Required Path         ;       ;       ;             ;            ;        ;       ;
;   Clock                ;       ;       ;             ;            ;        ;       ;
;    IC                  ;       ; 3     ; -0.001      ; 0          ; -0.001 ; 0.000 ;
;    Cell                ;       ; 3     ; 1.901       ; 42         ; 0.507  ; 0.739 ;
;    Routing Element     ;       ; 26    ; 2.632       ; 58         ; 0.000  ; 0.833 ;
+------------------------+-------+-------+-------------+------------+--------+-------+
Note: Negative delays are omitted from totals when calculating percentages

+-----------------------------------------------------------------------------------------------------------+
; Data Arrival Path                                                                                         ;
+---------+---------+----+------+--------+---------------------------------------+--------------------------+
; Total   ; Incr    ; RF ; Type ; Fanout ; Location                              ; Element                  ;
+---------+---------+----+------+--------+---------------------------------------+--------------------------+
; 0.000   ; 0.000   ;    ;      ;        ;                                       ; launch edge time         ;
; 4.279   ; 4.279   ;    ;      ;        ;                                       ; clock path               ;
;   0.000 ;   0.000 ;    ;      ;        ;                                       ; source latency           ;
;   0.000 ;   0.000 ;    ;      ; 1      ; PIN_M16                               ; clk                      ;
;   0.000 ;   0.000 ;    ; RE   ; 1      ; IOPAD_X89_Y35_N60                     ; ARRIAV_IO_PAD            ;
;   0.000 ;   0.000 ;    ; RE   ; 1      ; IO_PAD_OUTPUT_X89_Y35_N60_I1          ; IO_PAD_OUTPUT            ;
;   0.000 ;   0.000 ;    ; RE   ; 1      ; IO_INPUT_BUFFER_INPUT_X89_Y35_N61_I0  ; IO_INPUT_BUFFER_INPUT    ;
;   0.000 ;   0.000 ; RR ; IC   ; 1      ; IOIBUF_X89_Y35_N61                    ; clk~input|i              ;
;   0.739 ;   0.739 ; RR ; CELL ; 1      ; IOIBUF_X89_Y35_N61                    ; clk~input|o              ;
;   0.739 ;   0.000 ;    ; RE   ; 1      ; IOIBUF_X89_Y35_N61                    ; ARRIAV_IO_IBUF           ;
;   0.739 ;   0.000 ;    ; RE   ; 1      ; IO_INPUT_BUFFER_OUTPUT_X89_Y35_N61_I2 ; IO_INPUT_BUFFER_OUTPUT   ;
;   0.739 ;   0.000 ;    ; RE   ; 1      ; IO_RE_X89_Y35_N60_I96                 ; IO_RE                    ;
;   0.827 ;   0.088 ;    ; RE   ; 1      ; IO_RE_X89_Y35_N60_I66                 ; IO_RE                    ;
;   1.102 ;   0.275 ;    ; RE   ; 1      ; CLKBUF_CLUSTER_RE_X89_Y39_N3_I421     ; CLKBUF_CLUSTER_RE        ;
;   1.102 ;   0.000 ;    ; RE   ; 1      ; CLKBUF_CLUSTER_RE_X89_Y39_N3_I756     ; CLKBUF_CLUSTER_RE        ;
;   1.102 ;   0.000 ;    ; RE   ; 1      ; CLKBUF_CLUSTER_RE_X89_Y39_N3_I493     ; CLKBUF_CLUSTER_RE        ;
;   1.102 ;   0.000 ;    ; RE   ; 1      ; GCLK_CLUSTER_RE_X89_Y39_N3_I10        ; GCLK_CLUSTER_RE          ;
;   1.102 ;   0.000 ;    ; RE   ; 1      ; CLKBUFBLOCK_INPUT_X89_Y39_N4_I0       ; CLKBUFBLOCK_INPUT        ;
;   1.102 ;   0.000 ; RR ; IC   ; 1      ; CLKCTRL_G8                            ; clk~inputCLKENA0|inclk   ;
;   1.572 ;   0.470 ; RR ; CELL ; 1674   ; CLKCTRL_G8                            ; clk~inputCLKENA0|outclk  ;
;   1.572 ;   0.000 ;    ; RE   ; 1      ; CLKCTRL_G8                            ; ARRIAV_CLKBUF            ;
;   1.572 ;   0.000 ;    ; RE   ; 1      ; CLKBUFBLOCK_OUTPUT_X89_Y39_N4_I2      ; CLKBUFBLOCK_OUTPUT       ;
;   1.572 ;   0.000 ;    ; RE   ; 1      ; GCLK_CLUSTER_RE_X89_Y39_N3_I12        ; GCLK_CLUSTER_RE          ;
;   1.572 ;   0.000 ;    ; RE   ; 1      ; CLKBUF_CLUSTER_RE_X89_Y39_N3_I415     ; CLKBUF_CLUSTER_RE        ;
;   2.360 ;   0.788 ;    ; RE   ; 5      ; GLOBAL_CLOCK_X0_Y36_N0_I8             ; GLOBAL_CLOCK             ;
;   2.510 ;   0.150 ;    ; RE   ; 19     ; SPINE_CLOCK_X15_Y37_N0_I6             ; SPINE_CLOCK              ;
;   2.933 ;   0.423 ;    ; RE   ; 1      ; SCLK_TO_ROWCLK_BUF_X15_Y50_N0_I37     ; SCLK_TO_ROWCLK_BUF       ;
;   3.025 ;   0.092 ;    ; RE   ; 2      ; SCLK_TO_ROWCLK_BUF_X15_Y50_N0_I40     ; SCLK_TO_ROWCLK_BUF       ;
;   3.484 ;   0.459 ;    ; RE   ; 8      ; LAB_CLK_X16_Y50_N0_I5                 ; LAB_CLK                  ;
;   3.608 ;   0.124 ;    ; RE   ; 1      ; BLK_CLK_BUF_X19_Y50_N0_I5             ; BLK_CLK_BUF              ;
;   3.661 ;   0.053 ;    ; RE   ; 1      ; ROWCLKSEL_PREBUF_X19_Y50_N0_I5        ; ROWCLKSEL_PREBUF         ;
;   3.715 ;   0.054 ;    ; RE   ; 1      ; ROWCLKSEL_X19_Y50_N0_I0               ; ROWCLKSEL                ;
;   3.715 ;   0.000 ;    ; RE   ; 1      ; GLOBAL_LOCAL_SEL_X19_Y50_N0_I0        ; GLOBAL_LOCAL_SEL         ;
;   3.715 ;   0.000 ;    ; RE   ; 7      ; LAB_INPUT_X19_Y50_N0_I0               ; LAB_INPUT                ;
;   3.715 ;   0.000 ; RR ; IC   ; 1      ; FF_X19_Y50_N2                         ; state_array[1][1][4]|clk ;
;   4.279 ;   0.564 ; RR ; CELL ; 1      ; FF_X19_Y50_N2                         ; state_array[1][1][4]     ;
; 4.907   ; 0.628   ;    ;      ;        ;                                       ; data path                ;
;   4.279 ;   0.000 ;    ; uTco ; 1      ; FF_X19_Y50_N2                         ; state_array[1][1][4]     ;
;   4.279 ;   0.000 ; RR ; CELL ; 8      ; FF_X19_Y50_N2                         ; state_array[1][1][4]|q   ;
;   4.356 ;   0.077 ;    ; RE   ; 2      ; FF_X19_Y50_N2                         ; ARRIAV_FF                ;
;   4.460 ;   0.104 ;    ; RE   ; 2      ; LOCAL_LINE_X19_Y50_N0_I0              ; LOCAL_LINE               ;
;   4.603 ;   0.143 ;    ; RE   ; 1      ; BLOCK_INPUT_MUX_X19_Y50_N0_I6         ; LEIM_INPUT               ;
;   4.604 ;   0.001 ; RR ; IC   ; 1      ; LABCELL_X19_Y50_N0                    ; state_array~3262|datag   ;
;   4.825 ;   0.221 ; RR ; CELL ; 1      ; LABCELL_X19_Y50_N0                    ; state_array~3262|combout ;
;   4.825 ;   0.000 ;    ; RE   ; 1      ; LABCELL_X19_Y50_N0                    ; ARRIAV_LCELL_COMB        ;
;   4.825 ;   0.000 ; RR ; IC   ; 1      ; FF_X19_Y50_N2                         ; state_array[1][1][4]|d   ;
;   4.907 ;   0.082 ; RR ; CELL ; 1      ; FF_X19_Y50_N2                         ; state_array[1][1][4]     ;
+---------+---------+----+------+--------+---------------------------------------+--------------------------+

+------------------------------------------------------------------------------------------------------------+
; Data Required Path                                                                                         ;
+---------+----------+----+------+--------+---------------------------------------+--------------------------+
; Total   ; Incr     ; RF ; Type ; Fanout ; Location                              ; Element                  ;
+---------+----------+----+------+--------+---------------------------------------+--------------------------+
; 0.000   ; 0.000    ;    ;      ;        ;                                       ; latch edge time          ;
; 4.404   ; 4.404    ;    ;      ;        ;                                       ; clock path               ;
;   0.000 ;   0.000  ;    ;      ;        ;                                       ; source latency           ;
;   0.000 ;   0.000  ;    ;      ; 1      ; PIN_M16                               ; clk                      ;
;   0.000 ;   0.000  ;    ; RE   ; 1      ; IOPAD_X89_Y35_N60                     ; ARRIAV_IO_PAD            ;
;   0.000 ;   0.000  ;    ; RE   ; 1      ; IO_PAD_OUTPUT_X89_Y35_N60_I1          ; IO_PAD_OUTPUT            ;
;   0.000 ;   0.000  ;    ; RE   ; 1      ; IO_INPUT_BUFFER_INPUT_X89_Y35_N61_I0  ; IO_INPUT_BUFFER_INPUT    ;
;   0.000 ;   0.000  ; RR ; IC   ; 1      ; IOIBUF_X89_Y35_N61                    ; clk~input|i              ;
;   0.739 ;   0.739  ; RR ; CELL ; 1      ; IOIBUF_X89_Y35_N61                    ; clk~input|o              ;
;   0.739 ;   0.000  ;    ; RE   ; 1      ; IOIBUF_X89_Y35_N61                    ; ARRIAV_IO_IBUF           ;
;   0.739 ;   0.000  ;    ; RE   ; 1      ; IO_INPUT_BUFFER_OUTPUT_X89_Y35_N61_I2 ; IO_INPUT_BUFFER_OUTPUT   ;
;   0.739 ;   0.000  ;    ; RE   ; 1      ; IO_RE_X89_Y35_N60_I96                 ; IO_RE                    ;
;   0.833 ;   0.094  ;    ; RE   ; 1      ; IO_RE_X89_Y35_N60_I66                 ; IO_RE                    ;
;   1.125 ;   0.292  ;    ; RE   ; 1      ; CLKBUF_CLUSTER_RE_X89_Y39_N3_I421     ; CLKBUF_CLUSTER_RE        ;
;   1.125 ;   0.000  ;    ; RE   ; 1      ; CLKBUF_CLUSTER_RE_X89_Y39_N3_I756     ; CLKBUF_CLUSTER_RE        ;
;   1.125 ;   0.000  ;    ; RE   ; 1      ; CLKBUF_CLUSTER_RE_X89_Y39_N3_I493     ; CLKBUF_CLUSTER_RE        ;
;   1.125 ;   0.000  ;    ; RE   ; 1      ; GCLK_CLUSTER_RE_X89_Y39_N3_I10        ; GCLK_CLUSTER_RE          ;
;   1.125 ;   0.000  ;    ; RE   ; 1      ; CLKBUFBLOCK_INPUT_X89_Y39_N4_I0       ; CLKBUFBLOCK_INPUT        ;
;   1.125 ;   0.000  ; RR ; IC   ; 1      ; CLKCTRL_G8                            ; clk~inputCLKENA0|inclk   ;
;   1.632 ;   0.507  ; RR ; CELL ; 1674   ; CLKCTRL_G8                            ; clk~inputCLKENA0|outclk  ;
;   1.632 ;   0.000  ;    ; RE   ; 1      ; CLKCTRL_G8                            ; ARRIAV_CLKBUF            ;
;   1.632 ;   0.000  ;    ; RE   ; 1      ; CLKBUFBLOCK_OUTPUT_X89_Y39_N4_I2      ; CLKBUFBLOCK_OUTPUT       ;
;   1.632 ;   0.000  ;    ; RE   ; 1      ; GCLK_CLUSTER_RE_X89_Y39_N3_I12        ; GCLK_CLUSTER_RE          ;
;   1.632 ;   0.000  ;    ; RE   ; 1      ; CLKBUF_CLUSTER_RE_X89_Y39_N3_I415     ; CLKBUF_CLUSTER_RE        ;
;   2.465 ;   0.833  ;    ; RE   ; 5      ; GLOBAL_CLOCK_X0_Y36_N0_I8             ; GLOBAL_CLOCK             ;
;   2.620 ;   0.155  ;    ; RE   ; 19     ; SPINE_CLOCK_X15_Y37_N0_I6             ; SPINE_CLOCK              ;
;   3.058 ;   0.438  ;    ; RE   ; 1      ; SCLK_TO_ROWCLK_BUF_X15_Y50_N0_I37     ; SCLK_TO_ROWCLK_BUF       ;
;   3.153 ;   0.095  ;    ; RE   ; 2      ; SCLK_TO_ROWCLK_BUF_X15_Y50_N0_I40     ; SCLK_TO_ROWCLK_BUF       ;
;   3.629 ;   0.476  ;    ; RE   ; 8      ; LAB_CLK_X16_Y50_N0_I5                 ; LAB_CLK                  ;
;   3.764 ;   0.135  ;    ; RE   ; 1      ; BLK_CLK_BUF_X19_Y50_N0_I5             ; BLK_CLK_BUF              ;
;   3.819 ;   0.055  ;    ; RE   ; 1      ; ROWCLKSEL_PREBUF_X19_Y50_N0_I5        ; ROWCLKSEL_PREBUF         ;
;   3.878 ;   0.059  ;    ; RE   ; 1      ; ROWCLKSEL_X19_Y50_N0_I0               ; ROWCLKSEL                ;
;   3.878 ;   0.000  ;    ; RE   ; 1      ; GLOBAL_LOCAL_SEL_X19_Y50_N0_I0        ; GLOBAL_LOCAL_SEL         ;
;   3.878 ;   0.000  ;    ; RE   ; 7      ; LAB_INPUT_X19_Y50_N0_I0               ; LAB_INPUT                ;
;   3.877 ;   -0.001 ; RR ; IC   ; 1      ; FF_X19_Y50_N2                         ; state_array[1][1][4]|clk ;
;   4.532 ;   0.655  ; RR ; CELL ; 1      ; FF_X19_Y50_N2                         ; state_array[1][1][4]     ;
;   4.404 ;   -0.128 ;    ;      ;        ;                                       ; clock pessimism removed  ;
; 4.404   ; 0.000    ;    ;      ;        ;                                       ; clock uncertainty        ;
; 4.404   ; 0.000    ;    ; uTh  ; 1      ; FF_X19_Y50_N2                         ; state_array[1][1][4]     ;
+---------+----------+----+------+--------+---------------------------------------+--------------------------+

----------------------------
; Extra Fitter Information ;
----------------------------
HTML report is unavailable in plain text report export.


Path #19: Hold slack is 0.506 
===============================================================================
+---------------------------------------------+
; Path Summary                                ;
+--------------------+------------------------+
; Property           ; Value                  ;
+--------------------+------------------------+
; From Node          ; xof_bytes_remaining[3] ;
; To Node            ; xof_bytes_remaining[3] ;
; Launch Clock       ; clk                    ;
; Latch Clock        ; clk                    ;
; Data Arrival Time  ; 4.960                  ;
; Data Required Time ; 4.454                  ;
; Slack              ; 0.506                  ;
+--------------------+------------------------+

+------------------------------------------------------------------------------------+
; Statistics                                                                         ;
+------------------------+-------+-------+-------------+------------+--------+-------+
; Property               ; Value ; Count ; Total Delay ; % of Total ; Min    ; Max   ;
+------------------------+-------+-------+-------------+------------+--------+-------+
; Hold Relationship      ; 0.000 ;       ;             ;            ;        ;       ;
; Clock Skew             ; 0.127 ;       ;             ;            ;        ;       ;
; Data Delay             ; 0.633 ;       ;             ;            ;        ;       ;
; Number of Logic Levels ;       ; 1     ;             ;            ;        ;       ;
; Physical Delays        ;       ;       ;             ;            ;        ;       ;
;  Arrival Path          ;       ;       ;             ;            ;        ;       ;
;   Clock                ;       ;       ;             ;            ;        ;       ;
;    IC                  ;       ; 3     ; -0.001      ; 0          ; -0.001 ; 0.000 ;
;    Cell                ;       ; 3     ; 1.759       ; 41         ; 0.470  ; 0.739 ;
;    Routing Element     ;       ; 26    ; 2.569       ; 59         ; 0.000  ; 0.788 ;
;   Data                 ;       ;       ;             ;            ;        ;       ;
;    IC                  ;       ; 2     ; 0.000       ; 0          ; 0.000  ; 0.000 ;
;    Cell                ;       ; 3     ; 0.349       ; 55         ; 0.000  ; 0.266 ;
;    uTco                ;       ; 1     ; 0.000       ; 0          ; 0.000  ; 0.000 ;
;    Routing Element     ;       ; 4     ; 0.284       ; 45         ; 0.000  ; 0.146 ;
;  Required Path         ;       ;       ;             ;            ;        ;       ;
;   Clock                ;       ;       ;             ;            ;        ;       ;
;    IC                  ;       ; 3     ; 0.000       ; 0          ; 0.000  ; 0.000 ;
;    Cell                ;       ; 3     ; 1.885       ; 41         ; 0.507  ; 0.739 ;
;    Routing Element     ;       ; 26    ; 2.697       ; 59         ; 0.000  ; 0.833 ;
+------------------------+-------+-------+-------------+------------+--------+-------+
Note: Negative delays are omitted from totals when calculating percentages

+--------------------------------------------------------------------------------------------------------------+
; Data Arrival Path                                                                                            ;
+---------+----------+----+------+--------+---------------------------------------+----------------------------+
; Total   ; Incr     ; RF ; Type ; Fanout ; Location                              ; Element                    ;
+---------+----------+----+------+--------+---------------------------------------+----------------------------+
; 0.000   ; 0.000    ;    ;      ;        ;                                       ; launch edge time           ;
; 4.327   ; 4.327    ;    ;      ;        ;                                       ; clock path                 ;
;   0.000 ;   0.000  ;    ;      ;        ;                                       ; source latency             ;
;   0.000 ;   0.000  ;    ;      ; 1      ; PIN_M16                               ; clk                        ;
;   0.000 ;   0.000  ;    ; RE   ; 1      ; IOPAD_X89_Y35_N60                     ; ARRIAV_IO_PAD              ;
;   0.000 ;   0.000  ;    ; RE   ; 1      ; IO_PAD_OUTPUT_X89_Y35_N60_I1          ; IO_PAD_OUTPUT              ;
;   0.000 ;   0.000  ;    ; RE   ; 1      ; IO_INPUT_BUFFER_INPUT_X89_Y35_N61_I0  ; IO_INPUT_BUFFER_INPUT      ;
;   0.000 ;   0.000  ; RR ; IC   ; 1      ; IOIBUF_X89_Y35_N61                    ; clk~input|i                ;
;   0.739 ;   0.739  ; RR ; CELL ; 1      ; IOIBUF_X89_Y35_N61                    ; clk~input|o                ;
;   0.739 ;   0.000  ;    ; RE   ; 1      ; IOIBUF_X89_Y35_N61                    ; ARRIAV_IO_IBUF             ;
;   0.739 ;   0.000  ;    ; RE   ; 1      ; IO_INPUT_BUFFER_OUTPUT_X89_Y35_N61_I2 ; IO_INPUT_BUFFER_OUTPUT     ;
;   0.739 ;   0.000  ;    ; RE   ; 1      ; IO_RE_X89_Y35_N60_I96                 ; IO_RE                      ;
;   0.827 ;   0.088  ;    ; RE   ; 1      ; IO_RE_X89_Y35_N60_I66                 ; IO_RE                      ;
;   1.102 ;   0.275  ;    ; RE   ; 1      ; CLKBUF_CLUSTER_RE_X89_Y39_N3_I421     ; CLKBUF_CLUSTER_RE          ;
;   1.102 ;   0.000  ;    ; RE   ; 1      ; CLKBUF_CLUSTER_RE_X89_Y39_N3_I756     ; CLKBUF_CLUSTER_RE          ;
;   1.102 ;   0.000  ;    ; RE   ; 1      ; CLKBUF_CLUSTER_RE_X89_Y39_N3_I493     ; CLKBUF_CLUSTER_RE          ;
;   1.102 ;   0.000  ;    ; RE   ; 1      ; GCLK_CLUSTER_RE_X89_Y39_N3_I10        ; GCLK_CLUSTER_RE            ;
;   1.102 ;   0.000  ;    ; RE   ; 1      ; CLKBUFBLOCK_INPUT_X89_Y39_N4_I0       ; CLKBUFBLOCK_INPUT          ;
;   1.102 ;   0.000  ; RR ; IC   ; 1      ; CLKCTRL_G8                            ; clk~inputCLKENA0|inclk     ;
;   1.572 ;   0.470  ; RR ; CELL ; 1674   ; CLKCTRL_G8                            ; clk~inputCLKENA0|outclk    ;
;   1.572 ;   0.000  ;    ; RE   ; 1      ; CLKCTRL_G8                            ; ARRIAV_CLKBUF              ;
;   1.572 ;   0.000  ;    ; RE   ; 1      ; CLKBUFBLOCK_OUTPUT_X89_Y39_N4_I2      ; CLKBUFBLOCK_OUTPUT         ;
;   1.572 ;   0.000  ;    ; RE   ; 1      ; GCLK_CLUSTER_RE_X89_Y39_N3_I12        ; GCLK_CLUSTER_RE            ;
;   1.572 ;   0.000  ;    ; RE   ; 1      ; CLKBUF_CLUSTER_RE_X89_Y39_N3_I415     ; CLKBUF_CLUSTER_RE          ;
;   2.360 ;   0.788  ;    ; RE   ; 5      ; GLOBAL_CLOCK_X0_Y36_N0_I8             ; GLOBAL_CLOCK               ;
;   2.510 ;   0.150  ;    ; RE   ; 19     ; SPINE_CLOCK_X15_Y37_N0_I6             ; SPINE_CLOCK                ;
;   2.933 ;   0.423  ;    ; RE   ; 1      ; SCLK_TO_ROWCLK_BUF_X15_Y50_N0_I37     ; SCLK_TO_ROWCLK_BUF         ;
;   3.025 ;   0.092  ;    ; RE   ; 2      ; SCLK_TO_ROWCLK_BUF_X15_Y50_N0_I40     ; SCLK_TO_ROWCLK_BUF         ;
;   3.515 ;   0.490  ;    ; RE   ; 5      ; LAB_CLK_X0_Y50_N0_I5                  ; LAB_CLK                    ;
;   3.666 ;   0.151  ;    ; RE   ; 1      ; BLK_CLK_BUF_X8_Y50_N0_I5              ; BLK_CLK_BUF                ;
;   3.724 ;   0.058  ;    ; RE   ; 1      ; ROWCLKSEL_PREBUF_X8_Y50_N0_I5         ; ROWCLKSEL_PREBUF           ;
;   3.778 ;   0.054  ;    ; RE   ; 1      ; ROWCLKSEL_X8_Y50_N0_I1                ; ROWCLKSEL                  ;
;   3.778 ;   0.000  ;    ; RE   ; 1      ; GLOBAL_LOCAL_SEL_X8_Y50_N0_I1         ; GLOBAL_LOCAL_SEL           ;
;   3.778 ;   0.000  ;    ; RE   ; 13     ; LAB_INPUT_X8_Y50_N0_I2                ; LAB_INPUT                  ;
;   3.777 ;   -0.001 ; RR ; IC   ; 1      ; FF_X8_Y50_N2                          ; xof_bytes_remaining[3]|clk ;
;   4.327 ;   0.550  ; RR ; CELL ; 1      ; FF_X8_Y50_N2                          ; xof_bytes_remaining[3]     ;
; 4.960   ; 0.633    ;    ;      ;        ;                                       ; data path                  ;
;   4.327 ;   0.000  ;    ; uTco ; 1      ; FF_X8_Y50_N2                          ; xof_bytes_remaining[3]     ;
;   4.327 ;   0.000  ; FF ; CELL ; 6      ; FF_X8_Y50_N2                          ; xof_bytes_remaining[3]|q   ;
;   4.381 ;   0.054  ;    ; RE   ; 2      ; FF_X8_Y50_N2                          ; ARRIAV_FF                  ;
;   4.465 ;   0.084  ;    ; RE   ; 1      ; LOCAL_LINE_X8_Y50_N0_I0               ; LOCAL_LINE                 ;
;   4.611 ;   0.146  ;    ; RE   ; 1      ; BLOCK_INPUT_MUX_X8_Y50_N0_I4          ; LEIM_INPUT                 ;
;   4.611 ;   0.000  ; FF ; IC   ; 2      ; MLABCELL_X8_Y50_N0                    ; Add5~1|datac               ;
;   4.877 ;   0.266  ; FR ; CELL ; 1      ; MLABCELL_X8_Y50_N0                    ; Add5~1|sumout              ;
;   4.877 ;   0.000  ;    ; RE   ; 2      ; MLABCELL_X8_Y50_N0                    ; ARRIAV_LCELL_COMB          ;
;   4.877 ;   0.000  ; RR ; IC   ; 1      ; FF_X8_Y50_N2                          ; xof_bytes_remaining[3]|d   ;
;   4.960 ;   0.083  ; RR ; CELL ; 1      ; FF_X8_Y50_N2                          ; xof_bytes_remaining[3]     ;
+---------+----------+----+------+--------+---------------------------------------+----------------------------+

+--------------------------------------------------------------------------------------------------------------+
; Data Required Path                                                                                           ;
+---------+----------+----+------+--------+---------------------------------------+----------------------------+
; Total   ; Incr     ; RF ; Type ; Fanout ; Location                              ; Element                    ;
+---------+----------+----+------+--------+---------------------------------------+----------------------------+
; 0.000   ; 0.000    ;    ;      ;        ;                                       ; latch edge time            ;
; 4.454   ; 4.454    ;    ;      ;        ;                                       ; clock path                 ;
;   0.000 ;   0.000  ;    ;      ;        ;                                       ; source latency             ;
;   0.000 ;   0.000  ;    ;      ; 1      ; PIN_M16                               ; clk                        ;
;   0.000 ;   0.000  ;    ; RE   ; 1      ; IOPAD_X89_Y35_N60                     ; ARRIAV_IO_PAD              ;
;   0.000 ;   0.000  ;    ; RE   ; 1      ; IO_PAD_OUTPUT_X89_Y35_N60_I1          ; IO_PAD_OUTPUT              ;
;   0.000 ;   0.000  ;    ; RE   ; 1      ; IO_INPUT_BUFFER_INPUT_X89_Y35_N61_I0  ; IO_INPUT_BUFFER_INPUT      ;
;   0.000 ;   0.000  ; RR ; IC   ; 1      ; IOIBUF_X89_Y35_N61                    ; clk~input|i                ;
;   0.739 ;   0.739  ; RR ; CELL ; 1      ; IOIBUF_X89_Y35_N61                    ; clk~input|o                ;
;   0.739 ;   0.000  ;    ; RE   ; 1      ; IOIBUF_X89_Y35_N61                    ; ARRIAV_IO_IBUF             ;
;   0.739 ;   0.000  ;    ; RE   ; 1      ; IO_INPUT_BUFFER_OUTPUT_X89_Y35_N61_I2 ; IO_INPUT_BUFFER_OUTPUT     ;
;   0.739 ;   0.000  ;    ; RE   ; 1      ; IO_RE_X89_Y35_N60_I96                 ; IO_RE                      ;
;   0.833 ;   0.094  ;    ; RE   ; 1      ; IO_RE_X89_Y35_N60_I66                 ; IO_RE                      ;
;   1.125 ;   0.292  ;    ; RE   ; 1      ; CLKBUF_CLUSTER_RE_X89_Y39_N3_I421     ; CLKBUF_CLUSTER_RE          ;
;   1.125 ;   0.000  ;    ; RE   ; 1      ; CLKBUF_CLUSTER_RE_X89_Y39_N3_I756     ; CLKBUF_CLUSTER_RE          ;
;   1.125 ;   0.000  ;    ; RE   ; 1      ; CLKBUF_CLUSTER_RE_X89_Y39_N3_I493     ; CLKBUF_CLUSTER_RE          ;
;   1.125 ;   0.000  ;    ; RE   ; 1      ; GCLK_CLUSTER_RE_X89_Y39_N3_I10        ; GCLK_CLUSTER_RE            ;
;   1.125 ;   0.000  ;    ; RE   ; 1      ; CLKBUFBLOCK_INPUT_X89_Y39_N4_I0       ; CLKBUFBLOCK_INPUT          ;
;   1.125 ;   0.000  ; RR ; IC   ; 1      ; CLKCTRL_G8                            ; clk~inputCLKENA0|inclk     ;
;   1.632 ;   0.507  ; RR ; CELL ; 1674   ; CLKCTRL_G8                            ; clk~inputCLKENA0|outclk    ;
;   1.632 ;   0.000  ;    ; RE   ; 1      ; CLKCTRL_G8                            ; ARRIAV_CLKBUF              ;
;   1.632 ;   0.000  ;    ; RE   ; 1      ; CLKBUFBLOCK_OUTPUT_X89_Y39_N4_I2      ; CLKBUFBLOCK_OUTPUT         ;
;   1.632 ;   0.000  ;    ; RE   ; 1      ; GCLK_CLUSTER_RE_X89_Y39_N3_I12        ; GCLK_CLUSTER_RE            ;
;   1.632 ;   0.000  ;    ; RE   ; 1      ; CLKBUF_CLUSTER_RE_X89_Y39_N3_I415     ; CLKBUF_CLUSTER_RE          ;
;   2.465 ;   0.833  ;    ; RE   ; 5      ; GLOBAL_CLOCK_X0_Y36_N0_I8             ; GLOBAL_CLOCK               ;
;   2.620 ;   0.155  ;    ; RE   ; 19     ; SPINE_CLOCK_X15_Y37_N0_I6             ; SPINE_CLOCK                ;
;   3.058 ;   0.438  ;    ; RE   ; 1      ; SCLK_TO_ROWCLK_BUF_X15_Y50_N0_I37     ; SCLK_TO_ROWCLK_BUF         ;
;   3.153 ;   0.095  ;    ; RE   ; 2      ; SCLK_TO_ROWCLK_BUF_X15_Y50_N0_I40     ; SCLK_TO_ROWCLK_BUF         ;
;   3.660 ;   0.507  ;    ; RE   ; 5      ; LAB_CLK_X0_Y50_N0_I5                  ; LAB_CLK                    ;
;   3.824 ;   0.164  ;    ; RE   ; 1      ; BLK_CLK_BUF_X8_Y50_N0_I5              ; BLK_CLK_BUF                ;
;   3.884 ;   0.060  ;    ; RE   ; 1      ; ROWCLKSEL_PREBUF_X8_Y50_N0_I5         ; ROWCLKSEL_PREBUF           ;
;   3.943 ;   0.059  ;    ; RE   ; 1      ; ROWCLKSEL_X8_Y50_N0_I1                ; ROWCLKSEL                  ;
;   3.943 ;   0.000  ;    ; RE   ; 1      ; GLOBAL_LOCAL_SEL_X8_Y50_N0_I1         ; GLOBAL_LOCAL_SEL           ;
;   3.943 ;   0.000  ;    ; RE   ; 13     ; LAB_INPUT_X8_Y50_N0_I2                ; LAB_INPUT                  ;
;   3.943 ;   0.000  ; RR ; IC   ; 1      ; FF_X8_Y50_N2                          ; xof_bytes_remaining[3]|clk ;
;   4.582 ;   0.639  ; RR ; CELL ; 1      ; FF_X8_Y50_N2                          ; xof_bytes_remaining[3]     ;
;   4.454 ;   -0.128 ;    ;      ;        ;                                       ; clock pessimism removed    ;
; 4.454   ; 0.000    ;    ;      ;        ;                                       ; clock uncertainty          ;
; 4.454   ; 0.000    ;    ; uTh  ; 1      ; FF_X8_Y50_N2                          ; xof_bytes_remaining[3]     ;
+---------+----------+----+------+--------+---------------------------------------+----------------------------+

----------------------------
; Extra Fitter Information ;
----------------------------
HTML report is unavailable in plain text report export.


Path #20: Hold slack is 0.506 
===============================================================================
+-------------------------------------------------+
; Path Summary                                    ;
+--------------------+----------------------------+
; Property           ; Value                      ;
+--------------------+----------------------------+
; From Node          ; message_bytes_remaining[5] ;
; To Node            ; message_bytes_remaining[5] ;
; Launch Clock       ; clk                        ;
; Latch Clock        ; clk                        ;
; Data Arrival Time  ; 4.995                      ;
; Data Required Time ; 4.489                      ;
; Slack              ; 0.506                      ;
+--------------------+----------------------------+

+-----------------------------------------------------------------------------------+
; Statistics                                                                        ;
+------------------------+-------+-------+-------------+------------+-------+-------+
; Property               ; Value ; Count ; Total Delay ; % of Total ; Min   ; Max   ;
+------------------------+-------+-------+-------------+------------+-------+-------+
; Hold Relationship      ; 0.000 ;       ;             ;            ;       ;       ;
; Clock Skew             ; 0.127 ;       ;             ;            ;       ;       ;
; Data Delay             ; 0.633 ;       ;             ;            ;       ;       ;
; Number of Logic Levels ;       ; 1     ;             ;            ;       ;       ;
; Physical Delays        ;       ;       ;             ;            ;       ;       ;
;  Arrival Path          ;       ;       ;             ;            ;       ;       ;
;   Clock                ;       ;       ;             ;            ;       ;       ;
;    IC                  ;       ; 3     ; 0.000       ; 0          ; 0.000 ; 0.000 ;
;    Cell                ;       ; 3     ; 1.774       ; 41         ; 0.470 ; 0.739 ;
;    Routing Element     ;       ; 26    ; 2.588       ; 59         ; 0.000 ; 0.788 ;
;   Data                 ;       ;       ;             ;            ;       ;       ;
;    IC                  ;       ; 2     ; 0.000       ; 0          ; 0.000 ; 0.000 ;
;    Cell                ;       ; 3     ; 0.353       ; 56         ; 0.000 ; 0.271 ;
;    uTco                ;       ; 1     ; 0.000       ; 0          ; 0.000 ; 0.000 ;
;    Routing Element     ;       ; 4     ; 0.280       ; 44         ; 0.000 ; 0.139 ;
;  Required Path         ;       ;       ;             ;            ;       ;       ;
;   Clock                ;       ;       ;             ;            ;       ;       ;
;    IC                  ;       ; 3     ; 0.000       ; 0          ; 0.000 ; 0.000 ;
;    Cell                ;       ; 3     ; 1.901       ; 41         ; 0.507 ; 0.739 ;
;    Routing Element     ;       ; 26    ; 2.717       ; 59         ; 0.000 ; 0.833 ;
+------------------------+-------+-------+-------------+------------+-------+-------+
Note: Negative delays are omitted from totals when calculating percentages

+-----------------------------------------------------------------------------------------------------------------+
; Data Arrival Path                                                                                               ;
+---------+---------+----+------+--------+---------------------------------------+--------------------------------+
; Total   ; Incr    ; RF ; Type ; Fanout ; Location                              ; Element                        ;
+---------+---------+----+------+--------+---------------------------------------+--------------------------------+
; 0.000   ; 0.000   ;    ;      ;        ;                                       ; launch edge time               ;
; 4.362   ; 4.362   ;    ;      ;        ;                                       ; clock path                     ;
;   0.000 ;   0.000 ;    ;      ;        ;                                       ; source latency                 ;
;   0.000 ;   0.000 ;    ;      ; 1      ; PIN_M16                               ; clk                            ;
;   0.000 ;   0.000 ;    ; RE   ; 1      ; IOPAD_X89_Y35_N60                     ; ARRIAV_IO_PAD                  ;
;   0.000 ;   0.000 ;    ; RE   ; 1      ; IO_PAD_OUTPUT_X89_Y35_N60_I1          ; IO_PAD_OUTPUT                  ;
;   0.000 ;   0.000 ;    ; RE   ; 1      ; IO_INPUT_BUFFER_INPUT_X89_Y35_N61_I0  ; IO_INPUT_BUFFER_INPUT          ;
;   0.000 ;   0.000 ; RR ; IC   ; 1      ; IOIBUF_X89_Y35_N61                    ; clk~input|i                    ;
;   0.739 ;   0.739 ; RR ; CELL ; 1      ; IOIBUF_X89_Y35_N61                    ; clk~input|o                    ;
;   0.739 ;   0.000 ;    ; RE   ; 1      ; IOIBUF_X89_Y35_N61                    ; ARRIAV_IO_IBUF                 ;
;   0.739 ;   0.000 ;    ; RE   ; 1      ; IO_INPUT_BUFFER_OUTPUT_X89_Y35_N61_I2 ; IO_INPUT_BUFFER_OUTPUT         ;
;   0.739 ;   0.000 ;    ; RE   ; 1      ; IO_RE_X89_Y35_N60_I96                 ; IO_RE                          ;
;   0.827 ;   0.088 ;    ; RE   ; 1      ; IO_RE_X89_Y35_N60_I66                 ; IO_RE                          ;
;   1.102 ;   0.275 ;    ; RE   ; 1      ; CLKBUF_CLUSTER_RE_X89_Y39_N3_I421     ; CLKBUF_CLUSTER_RE              ;
;   1.102 ;   0.000 ;    ; RE   ; 1      ; CLKBUF_CLUSTER_RE_X89_Y39_N3_I756     ; CLKBUF_CLUSTER_RE              ;
;   1.102 ;   0.000 ;    ; RE   ; 1      ; CLKBUF_CLUSTER_RE_X89_Y39_N3_I493     ; CLKBUF_CLUSTER_RE              ;
;   1.102 ;   0.000 ;    ; RE   ; 1      ; GCLK_CLUSTER_RE_X89_Y39_N3_I10        ; GCLK_CLUSTER_RE                ;
;   1.102 ;   0.000 ;    ; RE   ; 1      ; CLKBUFBLOCK_INPUT_X89_Y39_N4_I0       ; CLKBUFBLOCK_INPUT              ;
;   1.102 ;   0.000 ; RR ; IC   ; 1      ; CLKCTRL_G8                            ; clk~inputCLKENA0|inclk         ;
;   1.572 ;   0.470 ; RR ; CELL ; 1674   ; CLKCTRL_G8                            ; clk~inputCLKENA0|outclk        ;
;   1.572 ;   0.000 ;    ; RE   ; 1      ; CLKCTRL_G8                            ; ARRIAV_CLKBUF                  ;
;   1.572 ;   0.000 ;    ; RE   ; 1      ; CLKBUFBLOCK_OUTPUT_X89_Y39_N4_I2      ; CLKBUFBLOCK_OUTPUT             ;
;   1.572 ;   0.000 ;    ; RE   ; 1      ; GCLK_CLUSTER_RE_X89_Y39_N3_I12        ; GCLK_CLUSTER_RE                ;
;   1.572 ;   0.000 ;    ; RE   ; 1      ; CLKBUF_CLUSTER_RE_X89_Y39_N3_I415     ; CLKBUF_CLUSTER_RE              ;
;   2.360 ;   0.788 ;    ; RE   ; 5      ; GLOBAL_CLOCK_X0_Y36_N0_I8             ; GLOBAL_CLOCK                   ;
;   2.522 ;   0.162 ;    ; RE   ; 19     ; SPINE_CLOCK_X15_Y37_N0_I6             ; SPINE_CLOCK                    ;
;   2.951 ;   0.429 ;    ; RE   ; 1      ; SCLK_TO_ROWCLK_BUF_X15_Y40_N0_I37     ; SCLK_TO_ROWCLK_BUF             ;
;   3.044 ;   0.093 ;    ; RE   ; 2      ; SCLK_TO_ROWCLK_BUF_X15_Y40_N0_I40     ; SCLK_TO_ROWCLK_BUF             ;
;   3.534 ;   0.490 ;    ; RE   ; 5      ; LAB_CLK_X0_Y40_N0_I5                  ; LAB_CLK                        ;
;   3.685 ;   0.151 ;    ; RE   ; 1      ; BLK_CLK_BUF_X8_Y40_N0_I5              ; BLK_CLK_BUF                    ;
;   3.742 ;   0.057 ;    ; RE   ; 1      ; ROWCLKSEL_PREBUF_X8_Y40_N0_I5         ; ROWCLKSEL_PREBUF               ;
;   3.797 ;   0.055 ;    ; RE   ; 1      ; ROWCLKSEL_X8_Y40_N0_I0                ; ROWCLKSEL                      ;
;   3.797 ;   0.000 ;    ; RE   ; 1      ; GLOBAL_LOCAL_SEL_X8_Y40_N0_I0         ; GLOBAL_LOCAL_SEL               ;
;   3.797 ;   0.000 ;    ; RE   ; 16     ; LAB_INPUT_X8_Y40_N0_I1                ; LAB_INPUT                      ;
;   3.797 ;   0.000 ; RR ; IC   ; 1      ; FF_X8_Y40_N17                         ; message_bytes_remaining[5]|clk ;
;   4.362 ;   0.565 ; RR ; CELL ; 1      ; FF_X8_Y40_N17                         ; message_bytes_remaining[5]     ;
; 4.995   ; 0.633   ;    ;      ;        ;                                       ; data path                      ;
;   4.362 ;   0.000 ;    ; uTco ; 1      ; FF_X8_Y40_N17                         ; message_bytes_remaining[5]     ;
;   4.362 ;   0.000 ; FF ; CELL ; 3      ; FF_X8_Y40_N17                         ; message_bytes_remaining[5]|q   ;
;   4.417 ;   0.055 ;    ; RE   ; 2      ; FF_X8_Y40_N17                         ; ARRIAV_FF                      ;
;   4.503 ;   0.086 ;    ; RE   ; 2      ; LOCAL_LINE_X8_Y40_N0_I5               ; LOCAL_LINE                     ;
;   4.642 ;   0.139 ;    ; RE   ; 1      ; BLOCK_INPUT_MUX_X8_Y40_N0_I21         ; LEIM_INPUT                     ;
;   4.642 ;   0.000 ; FF ; IC   ; 3      ; MLABCELL_X8_Y40_N15                   ; Add1~1|datac                   ;
;   4.913 ;   0.271 ; FR ; CELL ; 1      ; MLABCELL_X8_Y40_N15                   ; Add1~1|sumout                  ;
;   4.913 ;   0.000 ;    ; RE   ; 3      ; MLABCELL_X8_Y40_N15                   ; ARRIAV_LCELL_COMB              ;
;   4.913 ;   0.000 ; RR ; IC   ; 1      ; FF_X8_Y40_N17                         ; message_bytes_remaining[5]|d   ;
;   4.995 ;   0.082 ; RR ; CELL ; 1      ; FF_X8_Y40_N17                         ; message_bytes_remaining[5]     ;
+---------+---------+----+------+--------+---------------------------------------+--------------------------------+

+------------------------------------------------------------------------------------------------------------------+
; Data Required Path                                                                                               ;
+---------+----------+----+------+--------+---------------------------------------+--------------------------------+
; Total   ; Incr     ; RF ; Type ; Fanout ; Location                              ; Element                        ;
+---------+----------+----+------+--------+---------------------------------------+--------------------------------+
; 0.000   ; 0.000    ;    ;      ;        ;                                       ; latch edge time                ;
; 4.489   ; 4.489    ;    ;      ;        ;                                       ; clock path                     ;
;   0.000 ;   0.000  ;    ;      ;        ;                                       ; source latency                 ;
;   0.000 ;   0.000  ;    ;      ; 1      ; PIN_M16                               ; clk                            ;
;   0.000 ;   0.000  ;    ; RE   ; 1      ; IOPAD_X89_Y35_N60                     ; ARRIAV_IO_PAD                  ;
;   0.000 ;   0.000  ;    ; RE   ; 1      ; IO_PAD_OUTPUT_X89_Y35_N60_I1          ; IO_PAD_OUTPUT                  ;
;   0.000 ;   0.000  ;    ; RE   ; 1      ; IO_INPUT_BUFFER_INPUT_X89_Y35_N61_I0  ; IO_INPUT_BUFFER_INPUT          ;
;   0.000 ;   0.000  ; RR ; IC   ; 1      ; IOIBUF_X89_Y35_N61                    ; clk~input|i                    ;
;   0.739 ;   0.739  ; RR ; CELL ; 1      ; IOIBUF_X89_Y35_N61                    ; clk~input|o                    ;
;   0.739 ;   0.000  ;    ; RE   ; 1      ; IOIBUF_X89_Y35_N61                    ; ARRIAV_IO_IBUF                 ;
;   0.739 ;   0.000  ;    ; RE   ; 1      ; IO_INPUT_BUFFER_OUTPUT_X89_Y35_N61_I2 ; IO_INPUT_BUFFER_OUTPUT         ;
;   0.739 ;   0.000  ;    ; RE   ; 1      ; IO_RE_X89_Y35_N60_I96                 ; IO_RE                          ;
;   0.833 ;   0.094  ;    ; RE   ; 1      ; IO_RE_X89_Y35_N60_I66                 ; IO_RE                          ;
;   1.125 ;   0.292  ;    ; RE   ; 1      ; CLKBUF_CLUSTER_RE_X89_Y39_N3_I421     ; CLKBUF_CLUSTER_RE              ;
;   1.125 ;   0.000  ;    ; RE   ; 1      ; CLKBUF_CLUSTER_RE_X89_Y39_N3_I756     ; CLKBUF_CLUSTER_RE              ;
;   1.125 ;   0.000  ;    ; RE   ; 1      ; CLKBUF_CLUSTER_RE_X89_Y39_N3_I493     ; CLKBUF_CLUSTER_RE              ;
;   1.125 ;   0.000  ;    ; RE   ; 1      ; GCLK_CLUSTER_RE_X89_Y39_N3_I10        ; GCLK_CLUSTER_RE                ;
;   1.125 ;   0.000  ;    ; RE   ; 1      ; CLKBUFBLOCK_INPUT_X89_Y39_N4_I0       ; CLKBUFBLOCK_INPUT              ;
;   1.125 ;   0.000  ; RR ; IC   ; 1      ; CLKCTRL_G8                            ; clk~inputCLKENA0|inclk         ;
;   1.632 ;   0.507  ; RR ; CELL ; 1674   ; CLKCTRL_G8                            ; clk~inputCLKENA0|outclk        ;
;   1.632 ;   0.000  ;    ; RE   ; 1      ; CLKCTRL_G8                            ; ARRIAV_CLKBUF                  ;
;   1.632 ;   0.000  ;    ; RE   ; 1      ; CLKBUFBLOCK_OUTPUT_X89_Y39_N4_I2      ; CLKBUFBLOCK_OUTPUT             ;
;   1.632 ;   0.000  ;    ; RE   ; 1      ; GCLK_CLUSTER_RE_X89_Y39_N3_I12        ; GCLK_CLUSTER_RE                ;
;   1.632 ;   0.000  ;    ; RE   ; 1      ; CLKBUF_CLUSTER_RE_X89_Y39_N3_I415     ; CLKBUF_CLUSTER_RE              ;
;   2.465 ;   0.833  ;    ; RE   ; 5      ; GLOBAL_CLOCK_X0_Y36_N0_I8             ; GLOBAL_CLOCK                   ;
;   2.633 ;   0.168  ;    ; RE   ; 19     ; SPINE_CLOCK_X15_Y37_N0_I6             ; SPINE_CLOCK                    ;
;   3.077 ;   0.444  ;    ; RE   ; 1      ; SCLK_TO_ROWCLK_BUF_X15_Y40_N0_I37     ; SCLK_TO_ROWCLK_BUF             ;
;   3.173 ;   0.096  ;    ; RE   ; 2      ; SCLK_TO_ROWCLK_BUF_X15_Y40_N0_I40     ; SCLK_TO_ROWCLK_BUF             ;
;   3.680 ;   0.507  ;    ; RE   ; 5      ; LAB_CLK_X0_Y40_N0_I5                  ; LAB_CLK                        ;
;   3.844 ;   0.164  ;    ; RE   ; 1      ; BLK_CLK_BUF_X8_Y40_N0_I5              ; BLK_CLK_BUF                    ;
;   3.903 ;   0.059  ;    ; RE   ; 1      ; ROWCLKSEL_PREBUF_X8_Y40_N0_I5         ; ROWCLKSEL_PREBUF               ;
;   3.963 ;   0.060  ;    ; RE   ; 1      ; ROWCLKSEL_X8_Y40_N0_I0                ; ROWCLKSEL                      ;
;   3.963 ;   0.000  ;    ; RE   ; 1      ; GLOBAL_LOCAL_SEL_X8_Y40_N0_I0         ; GLOBAL_LOCAL_SEL               ;
;   3.963 ;   0.000  ;    ; RE   ; 16     ; LAB_INPUT_X8_Y40_N0_I1                ; LAB_INPUT                      ;
;   3.963 ;   0.000  ; RR ; IC   ; 1      ; FF_X8_Y40_N17                         ; message_bytes_remaining[5]|clk ;
;   4.618 ;   0.655  ; RR ; CELL ; 1      ; FF_X8_Y40_N17                         ; message_bytes_remaining[5]     ;
;   4.489 ;   -0.129 ;    ;      ;        ;                                       ; clock pessimism removed        ;
; 4.489   ; 0.000    ;    ;      ;        ;                                       ; clock uncertainty              ;
; 4.489   ; 0.000    ;    ; uTh  ; 1      ; FF_X8_Y40_N17                         ; message_bytes_remaining[5]     ;
+---------+----------+----+------+--------+---------------------------------------+--------------------------------+

----------------------------
; Extra Fitter Information ;
----------------------------
HTML report is unavailable in plain text report export.


