----------------
; Command Info ;
----------------
Report Timing: Found 20 setup paths (0 violated).  Worst case slack is 0.409 

Tcl Command:
    report_timing -setup -show_routing -multi_corner -file critical_paths/worst_setup_paths.rpt -panel_name {LightHD challenge: worst setup paths} -npaths 20 -detail full_path

Options:
    -setup 
    -npaths 20 
    -show_routing 
    -detail full_path 
    -panel_name {LightHD challenge: worst setup paths} 
    -file {critical_paths/worst_setup_paths.rpt} 
    -multi_corner 

Delay Model:
    Slow 1100mV 85C Model

+-----------------------------------------------------------------------------------------------------------------------------+
; Summary of Paths                                                                                                            ;
+-------+-----------------------+-----------------------+--------------+-------------+--------------+------------+------------+
; Slack ; From Node             ; To Node               ; Launch Clock ; Latch Clock ; Relationship ; Clock Skew ; Data Delay ;
+-------+-----------------------+-----------------------+--------------+-------------+--------------+------------+------------+
; 0.409 ; state_array[1][1][20] ; state_array[0][2][26] ; clk          ; clk         ; 7.407        ; -0.196     ; 6.702      ;
; 0.420 ; state_array[4][4][4]  ; state_array[1][0][26] ; clk          ; clk         ; 7.407        ; -0.191     ; 6.696      ;
; 0.423 ; state_array[3][4][39] ; state_array[4][3][2]  ; clk          ; clk         ; 7.407        ; -0.122     ; 6.762      ;
; 0.427 ; state_array[0][3][38] ; state_array[4][3][2]  ; clk          ; clk         ; 7.407        ; -0.109     ; 6.771      ;
; 0.457 ; state_array[1][3][51] ; state_array[0][1][55] ; clk          ; clk         ; 7.407        ; -0.170     ; 6.680      ;
; 0.464 ; state_array[3][0][39] ; state_array[4][3][2]  ; clk          ; clk         ; 7.407        ; -0.121     ; 6.722      ;
; 0.475 ; state_array[2][2][37] ; state_array[3][1][1]  ; clk          ; clk         ; 7.407        ; -0.121     ; 6.711      ;
; 0.479 ; state_array[1][4][20] ; state_array[0][2][26] ; clk          ; clk         ; 7.407        ; -0.197     ; 6.631      ;
; 0.491 ; state_array[2][3][17] ; state_array[0][3][28] ; clk          ; clk         ; 7.407        ; -0.140     ; 6.676      ;
; 0.494 ; state_array[2][0][4]  ; state_array[0][3][15] ; clk          ; clk         ; 7.407        ; -0.166     ; 6.647      ;
; 0.495 ; state_array[0][0][3]  ; state_array[0][3][13] ; clk          ; clk         ; 7.407        ; -0.144     ; 6.668      ;
; 0.502 ; state_array[1][1][18] ; state_array[0][2][24] ; clk          ; clk         ; 7.407        ; -0.141     ; 6.664      ;
; 0.503 ; state_array[2][3][35] ; state_array[0][4][26] ; clk          ; clk         ; 7.407        ; -0.202     ; 6.602      ;
; 0.505 ; state_array[1][4][55] ; state_array[0][3][28] ; clk          ; clk         ; 7.407        ; -0.130     ; 6.672      ;
; 0.513 ; state_array[2][2][37] ; state_array[1][2][62] ; clk          ; clk         ; 7.407        ; -0.214     ; 6.580      ;
; 0.516 ; state_array[1][4][51] ; state_array[0][1][55] ; clk          ; clk         ; 7.407        ; -0.152     ; 6.639      ;
; 0.525 ; state_array[1][1][29] ; state_array[4][3][2]  ; clk          ; clk         ; 7.407        ; -0.118     ; 6.664      ;
; 0.529 ; state_array[3][3][24] ; state_array[4][0][38] ; clk          ; clk         ; 7.407        ; -0.170     ; 6.608      ;
; 0.535 ; state_array[1][0][14] ; state_array[0][1][18] ; clk          ; clk         ; 7.407        ; -0.157     ; 6.615      ;
; 0.541 ; state_array[2][2][37] ; state_array[0][4][28] ; clk          ; clk         ; 7.407        ; -0.137     ; 6.629      ;
+-------+-----------------------+-----------------------+--------------+-------------+--------------+------------+------------+

Path #1: Setup slack is 0.409 
===============================================================================
+--------------------------------------------+
; Path Summary                               ;
+--------------------+-----------------------+
; Property           ; Value                 ;
+--------------------+-----------------------+
; From Node          ; state_array[1][1][20] ;
; To Node            ; state_array[0][2][26] ;
; Launch Clock       ; clk                   ;
; Latch Clock        ; clk                   ;
; Data Arrival Time  ; 11.175                ;
; Data Required Time ; 11.584                ;
; Slack              ; 0.409                 ;
+--------------------+-----------------------+

+-------------------------------------------------------------------------------------+
; Statistics                                                                          ;
+------------------------+--------+-------+-------------+------------+--------+-------+
; Property               ; Value  ; Count ; Total Delay ; % of Total ; Min    ; Max   ;
+------------------------+--------+-------+-------------+------------+--------+-------+
; Setup Relationship     ; 7.407  ;       ;             ;            ;        ;       ;
; Clock Skew             ; -0.196 ;       ;             ;            ;        ;       ;
; Data Delay             ; 6.702  ;       ;             ;            ;        ;       ;
; Number of Logic Levels ;        ; 5     ;             ;            ;        ;       ;
; Physical Delays        ;        ;       ;             ;            ;        ;       ;
;  Arrival Path          ;        ;       ;             ;            ;        ;       ;
;   Clock                ;        ;       ;             ;            ;        ;       ;
;    IC                  ;        ; 3     ; 0.001       ; 0          ; 0.000  ; 0.001 ;
;    Cell                ;        ; 3     ; 1.901       ; 42         ; 0.507  ; 0.739 ;
;    Routing Element     ;        ; 26    ; 2.571       ; 57         ; 0.000  ; 0.821 ;
;   Data                 ;        ;       ;             ;            ;        ;       ;
;    IC                  ;        ; 6     ; 0.002       ; 0          ; 0.000  ; 0.001 ;
;    Cell                ;        ; 7     ; 1.725       ; 26         ; 0.000  ; 0.564 ;
;    uTco                ;        ; 1     ; 0.000       ; 0          ; 0.000  ; 0.000 ;
;    Routing Element     ;        ; 29    ; 4.975       ; 74         ; 0.000  ; 0.458 ;
;  Required Path         ;        ;       ;             ;            ;        ;       ;
;   Clock                ;        ;       ;             ;            ;        ;       ;
;    IC                  ;        ; 3     ; -0.001      ; 0          ; -0.001 ; 0.000 ;
;    Cell                ;        ; 3     ; 1.780       ; 42         ; 0.470  ; 0.739 ;
;    Routing Element     ;        ; 26    ; 2.438       ; 58         ; 0.000  ; 0.782 ;
+------------------------+--------+-------+-------------+------------+--------+-------+
Note: Negative delays are omitted from totals when calculating percentages

+-------------------------------------------------------------------------------------------------------------------------------------+
; Data Arrival Path                                                                                                                   ;
+----------+---------+----+------+--------+-------------------------------------------+-----------------------------------------------+
; Total    ; Incr    ; RF ; Type ; Fanout ; Location                                  ; Element                                       ;
+----------+---------+----+------+--------+-------------------------------------------+-----------------------------------------------+
; 0.000    ; 0.000   ;    ;      ;        ;                                           ; launch edge time                              ;
; 4.473    ; 4.473   ;    ;      ;        ;                                           ; clock path                                    ;
;   0.000  ;   0.000 ;    ;      ;        ;                                           ; source latency                                ;
;   0.000  ;   0.000 ;    ;      ; 1      ; PIN_M16                                   ; clk                                           ;
;   0.000  ;   0.000 ;    ; RE   ; 1      ; IOPAD_X89_Y35_N60                         ; ARRIAV_IO_PAD                                 ;
;   0.000  ;   0.000 ;    ; RE   ; 1      ; IO_PAD_OUTPUT_X89_Y35_N60_I1              ; IO_PAD_OUTPUT                                 ;
;   0.000  ;   0.000 ;    ; RE   ; 1      ; IO_INPUT_BUFFER_INPUT_X89_Y35_N61_I0      ; IO_INPUT_BUFFER_INPUT                         ;
;   0.000  ;   0.000 ; RR ; IC   ; 1      ; IOIBUF_X89_Y35_N61                        ; clk~input|i                                   ;
;   0.739  ;   0.739 ; RR ; CELL ; 1      ; IOIBUF_X89_Y35_N61                        ; clk~input|o                                   ;
;   0.739  ;   0.000 ;    ; RE   ; 1      ; IOIBUF_X89_Y35_N61                        ; ARRIAV_IO_IBUF                                ;
;   0.739  ;   0.000 ;    ; RE   ; 1      ; IO_INPUT_BUFFER_OUTPUT_X89_Y35_N61_I2     ; IO_INPUT_BUFFER_OUTPUT                        ;
;   0.739  ;   0.000 ;    ; RE   ; 1      ; IO_RE_X89_Y35_N60_I96                     ; IO_RE                                         ;
;   0.833  ;   0.094 ;    ; RE   ; 1      ; IO_RE_X89_Y35_N60_I66                     ; IO_RE                                         ;
;   1.125  ;   0.292 ;    ; RE   ; 1      ; CLKBUF_CLUSTER_RE_X89_Y39_N3_I421         ; CLKBUF_CLUSTER_RE                             ;
;   1.125  ;   0.000 ;    ; RE   ; 1      ; CLKBUF_CLUSTER_RE_X89_Y39_N3_I772         ; CLKBUF_CLUSTER_RE                             ;
;   1.125  ;   0.000 ;    ; RE   ; 1      ; CLKBUF_CLUSTER_RE_X89_Y39_N3_I557         ; CLKBUF_CLUSTER_RE                             ;
;   1.125  ;   0.000 ;    ; RE   ; 1      ; GCLK_CLUSTER_RE_X89_Y39_N6_I10            ; GCLK_CLUSTER_RE                               ;
;   1.125  ;   0.000 ;    ; RE   ; 1      ; CLKBUFBLOCK_INPUT_X89_Y39_N7_I0           ; CLKBUFBLOCK_INPUT                             ;
;   1.125  ;   0.000 ; RR ; IC   ; 1      ; CLKCTRL_G9                                ; clk~inputCLKENA0|inclk                        ;
;   1.632  ;   0.507 ; RR ; CELL ; 1674   ; CLKCTRL_G9                                ; clk~inputCLKENA0|outclk                       ;
;   1.632  ;   0.000 ;    ; RE   ; 1      ; CLKCTRL_G9                                ; ARRIAV_CLKBUF                                 ;
;   1.632  ;   0.000 ;    ; RE   ; 1      ; CLKBUFBLOCK_OUTPUT_X89_Y39_N7_I2          ; CLKBUFBLOCK_OUTPUT                            ;
;   1.632  ;   0.000 ;    ; RE   ; 1      ; GCLK_CLUSTER_RE_X89_Y39_N6_I12            ; GCLK_CLUSTER_RE                               ;
;   1.632  ;   0.000 ;    ; RE   ; 1      ; CLKBUF_CLUSTER_RE_X89_Y39_N3_I416         ; CLKBUF_CLUSTER_RE                             ;
;   2.453  ;   0.821 ;    ; RE   ; 5      ; GLOBAL_CLOCK_X0_Y36_N0_I9                 ; GLOBAL_CLOCK                                  ;
;   2.594  ;   0.141 ;    ; RE   ; 16     ; SPINE_CLOCK_X55_Y19_N0_I22                ; SPINE_CLOCK                                   ;
;   2.997  ;   0.403 ;    ; RE   ; 1      ; SCLK_TO_ROWCLK_BUF_X55_Y31_N0_I133        ; SCLK_TO_ROWCLK_BUF                            ;
;   3.091  ;   0.094 ;    ; RE   ; 2      ; SCLK_TO_ROWCLK_BUF_X55_Y31_N0_I136        ; SCLK_TO_ROWCLK_BUF                            ;
;   3.567  ;   0.476 ;    ; RE   ; 6      ; LAB_CLK_X45_Y31_N0_I5                     ; LAB_CLK                                       ;
;   3.703  ;   0.136 ;    ; RE   ; 1      ; BLK_CLK_BUF_X51_Y31_N0_I5                 ; BLK_CLK_BUF                                   ;
;   3.758  ;   0.055 ;    ; RE   ; 1      ; ROWCLKSEL_PREBUF_X51_Y31_N0_I5            ; ROWCLKSEL_PREBUF                              ;
;   3.817  ;   0.059 ;    ; RE   ; 1      ; ROWCLKSEL_X51_Y31_N0_I0                   ; ROWCLKSEL                                     ;
;   3.817  ;   0.000 ;    ; RE   ; 1      ; GLOBAL_LOCAL_SEL_X51_Y31_N0_I0            ; GLOBAL_LOCAL_SEL                              ;
;   3.817  ;   0.000 ;    ; RE   ; 6      ; LAB_INPUT_X51_Y31_N0_I0                   ; LAB_INPUT                                     ;
;   3.818  ;   0.001 ; RR ; IC   ; 1      ; FF_X51_Y31_N38                            ; state_array[1][1][20]|clk                     ;
;   4.473  ;   0.655 ; RR ; CELL ; 1      ; FF_X51_Y31_N38                            ; state_array[1][1][20]                         ;
; 11.175   ; 6.702   ;    ;      ;        ;                                           ; data path                                     ;
;   4.473  ;   0.000 ;    ; uTco ; 1      ; FF_X51_Y31_N38                            ; state_array[1][1][20]                         ;
;   4.473  ;   0.000 ; FF ; CELL ; 6      ; FF_X51_Y31_N38                            ; state_array[1][1][20]|q                       ;
;   4.532  ;   0.059 ;    ; RE   ; 2      ; FF_X51_Y31_N38                            ; ARRIAV_FF                                     ;
;   4.640  ;   0.108 ;    ; RE   ; 3      ; LE_BUFFER_X51_Y31_N0_I25                  ; LE_BUFFER                                     ;
;   4.890  ;   0.250 ;    ; RE   ; 1      ; R6_X45_Y31_N0_I28                         ; H_SEG6                                        ;
;   4.890  ;   0.000 ;    ; RE   ; 1      ; R14_C12_INTERCONNECT_DRIVER_X49_Y31_N0_I3 ; WIRE_MUX                                      ;
;   5.231  ;   0.341 ;    ; RE   ; 1      ; R14_X50_Y31_N0_I0                         ; H_SEG14                                       ;
;   5.514  ;   0.283 ;    ; RE   ; 1      ; C2_X63_Y32_N0_I4                          ; V_SEG2                                        ;
;   5.729  ;   0.215 ;    ; RE   ; 1      ; R3_X61_Y32_N0_I14                         ; H_SEG3                                        ;
;   5.902  ;   0.173 ;    ; RE   ; 1      ; LOCAL_INTERCONNECT_X63_Y32_N0_I34         ; LAB_LINE                                      ;
;   6.051  ;   0.149 ;    ; RE   ; 1      ; BLOCK_INPUT_MUX_X63_Y32_N0_I36            ; LEIM_INPUT                                    ;
;   6.051  ;   0.000 ; FF ; IC   ; 1      ; LABCELL_X63_Y32_N24                       ; KSU|u_theta|C[1][20]|datac                    ;
;   6.615  ;   0.564 ; FF ; CELL ; 2      ; LABCELL_X63_Y32_N24                       ; KSU|u_theta|C[1][20]|combout                  ;
;   6.615  ;   0.000 ;    ; RE   ; 1      ; LABCELL_X63_Y32_N24                       ; ARRIAV_LCELL_COMB                             ;
;   6.734  ;   0.119 ;    ; RE   ; 2      ; LOCAL_LINE_X63_Y32_N0_I8                  ; LOCAL_LINE                                    ;
;   6.901  ;   0.167 ;    ; RE   ; 1      ; BLOCK_INPUT_MUX_X63_Y32_N0_I52            ; LEIM_INPUT                                    ;
;   6.901  ;   0.000 ; FF ; IC   ; 1      ; LABCELL_X63_Y32_N36                       ; KSU|u_theta|state_array_o[2][0][20]~0|datac   ;
;   7.463  ;   0.562 ; FF ; CELL ; 5      ; LABCELL_X63_Y32_N36                       ; KSU|u_theta|state_array_o[2][0][20]~0|combout ;
;   7.463  ;   0.000 ;    ; RE   ; 1      ; LABCELL_X63_Y32_N36                       ; ARRIAV_LCELL_COMB                             ;
;   7.565  ;   0.102 ;    ; RE   ; 2      ; LE_BUFFER_X63_Y32_N0_I25                  ; LE_BUFFER                                     ;
;   7.788  ;   0.223 ;    ; RE   ; 2      ; C2_X62_Y33_N0_I10                         ; V_SEG2                                        ;
;   8.049  ;   0.261 ;    ; RE   ; 2      ; R3_X63_Y33_N0_I2                          ; H_SEG3                                        ;
;   8.474  ;   0.425 ;    ; RE   ; 1      ; C4_X64_Y34_N0_I1                          ; V_SEG4                                        ;
;   8.932  ;   0.458 ;    ; RE   ; 1      ; R6_X65_Y37_N0_I10                         ; H_SEG6                                        ;
;   9.172  ;   0.240 ;    ; RE   ; 1      ; LOCAL_INTERCONNECT_X70_Y37_N0_I22         ; LAB_LINE                                      ;
;   9.292  ;   0.120 ;    ; RE   ; 1      ; BLOCK_INPUT_MUX_X70_Y37_N0_I57            ; LEIM_INPUT                                    ;
;   9.293  ;   0.001 ; FF ; IC   ; 1      ; LABCELL_X70_Y37_N42                       ; KSU|u_theta|state_array_o[2][1][20]|dataf     ;
;   9.399  ;   0.106 ; FR ; CELL ; 3      ; LABCELL_X70_Y37_N42                       ; KSU|u_theta|state_array_o[2][1][20]|combout   ;
;   9.399  ;   0.000 ;    ; RE   ; 2      ; LABCELL_X70_Y37_N42                       ; ARRIAV_LCELL_COMB                             ;
;   9.524  ;   0.125 ;    ; RE   ; 2      ; LOCAL_LINE_X70_Y37_N0_I14                 ; LOCAL_LINE                                    ;
;   9.691  ;   0.167 ;    ; RE   ; 1      ; BLOCK_INPUT_MUX_X70_Y37_N0_I73            ; LEIM_INPUT                                    ;
;   9.691  ;   0.000 ; RR ; IC   ; 1      ; LABCELL_X70_Y37_N54                       ; KSU|u_chi|state_array_o[0][2][26]|dataf       ;
;   9.794  ;   0.103 ; RF ; CELL ; 1      ; LABCELL_X70_Y37_N54                       ; KSU|u_chi|state_array_o[0][2][26]|combout     ;
;   9.794  ;   0.000 ;    ; RE   ; 1      ; LABCELL_X70_Y37_N54                       ; ARRIAV_LCELL_COMB                             ;
;   9.896  ;   0.102 ;    ; RE   ; 1      ; LE_BUFFER_X70_Y37_N0_I37                  ; LE_BUFFER                                     ;
;   10.282 ;   0.386 ;    ; RE   ; 1      ; C4_X69_Y33_N0_I9                          ; V_SEG4                                        ;
;   10.643 ;   0.361 ;    ; RE   ; 1      ; LOCAL_INTERCONNECT_X70_Y35_N0_I33         ; LAB_LINE                                      ;
;   10.784 ;   0.141 ;    ; RE   ; 1      ; BLOCK_INPUT_MUX_X70_Y35_N0_I71            ; LEIM_INPUT                                    ;
;   10.785 ;   0.001 ; FF ; IC   ; 1      ; LABCELL_X70_Y35_N51                       ; state_array~884|dataf                         ;
;   10.869 ;   0.084 ; FF ; CELL ; 1      ; LABCELL_X70_Y35_N51                       ; state_array~884|combout                       ;
;   10.869 ;   0.000 ;    ; RE   ; 1      ; LABCELL_X70_Y35_N51                       ; ARRIAV_LCELL_COMB                             ;
;   10.869 ;   0.000 ; FF ; IC   ; 1      ; FF_X70_Y35_N53                            ; state_array[0][2][26]|d                       ;
;   11.175 ;   0.306 ; FF ; CELL ; 1      ; FF_X70_Y35_N53                            ; state_array[0][2][26]                         ;
+----------+---------+----+------+--------+-------------------------------------------+-----------------------------------------------+

+--------------------------------------------------------------------------------------------------------------+
; Data Required Path                                                                                           ;
+----------+----------+----+------+--------+---------------------------------------+---------------------------+
; Total    ; Incr     ; RF ; Type ; Fanout ; Location                              ; Element                   ;
+----------+----------+----+------+--------+---------------------------------------+---------------------------+
; 7.407    ; 7.407    ;    ;      ;        ;                                       ; latch edge time           ;
; 11.684   ; 4.277    ;    ;      ;        ;                                       ; clock path                ;
;   7.407  ;   0.000  ;    ;      ;        ;                                       ; source latency            ;
;   7.407  ;   0.000  ;    ;      ; 1      ; PIN_M16                               ; clk                       ;
;   7.407  ;   0.000  ;    ; RE   ; 1      ; IOPAD_X89_Y35_N60                     ; ARRIAV_IO_PAD             ;
;   7.407  ;   0.000  ;    ; RE   ; 1      ; IO_PAD_OUTPUT_X89_Y35_N60_I1          ; IO_PAD_OUTPUT             ;
;   7.407  ;   0.000  ;    ; RE   ; 1      ; IO_INPUT_BUFFER_INPUT_X89_Y35_N61_I0  ; IO_INPUT_BUFFER_INPUT     ;
;   7.407  ;   0.000  ; RR ; IC   ; 1      ; IOIBUF_X89_Y35_N61                    ; clk~input|i               ;
;   8.146  ;   0.739  ; RR ; CELL ; 1      ; IOIBUF_X89_Y35_N61                    ; clk~input|o               ;
;   8.146  ;   0.000  ;    ; RE   ; 1      ; IOIBUF_X89_Y35_N61                    ; ARRIAV_IO_IBUF            ;
;   8.146  ;   0.000  ;    ; RE   ; 1      ; IO_INPUT_BUFFER_OUTPUT_X89_Y35_N61_I2 ; IO_INPUT_BUFFER_OUTPUT    ;
;   8.146  ;   0.000  ;    ; RE   ; 1      ; IO_RE_X89_Y35_N60_I96                 ; IO_RE                     ;
;   8.234  ;   0.088  ;    ; RE   ; 1      ; IO_RE_X89_Y35_N60_I66                 ; IO_RE                     ;
;   8.509  ;   0.275  ;    ; RE   ; 1      ; CLKBUF_CLUSTER_RE_X89_Y39_N3_I421     ; CLKBUF_CLUSTER_RE         ;
;   8.509  ;   0.000  ;    ; RE   ; 1      ; CLKBUF_CLUSTER_RE_X89_Y39_N3_I772     ; CLKBUF_CLUSTER_RE         ;
;   8.509  ;   0.000  ;    ; RE   ; 1      ; CLKBUF_CLUSTER_RE_X89_Y39_N3_I557     ; CLKBUF_CLUSTER_RE         ;
;   8.509  ;   0.000  ;    ; RE   ; 1      ; GCLK_CLUSTER_RE_X89_Y39_N6_I10        ; GCLK_CLUSTER_RE           ;
;   8.509  ;   0.000  ;    ; RE   ; 1      ; CLKBUFBLOCK_INPUT_X89_Y39_N7_I0       ; CLKBUFBLOCK_INPUT         ;
;   8.509  ;   0.000  ; RR ; IC   ; 1      ; CLKCTRL_G9                            ; clk~inputCLKENA0|inclk    ;
;   8.979  ;   0.470  ; RR ; CELL ; 1674   ; CLKCTRL_G9                            ; clk~inputCLKENA0|outclk   ;
;   8.979  ;   0.000  ;    ; RE   ; 1      ; CLKCTRL_G9                            ; ARRIAV_CLKBUF             ;
;   8.979  ;   0.000  ;    ; RE   ; 1      ; CLKBUFBLOCK_OUTPUT_X89_Y39_N7_I2      ; CLKBUFBLOCK_OUTPUT        ;
;   8.979  ;   0.000  ;    ; RE   ; 1      ; GCLK_CLUSTER_RE_X89_Y39_N6_I12        ; GCLK_CLUSTER_RE           ;
;   8.979  ;   0.000  ;    ; RE   ; 1      ; CLKBUF_CLUSTER_RE_X89_Y39_N3_I416     ; CLKBUF_CLUSTER_RE         ;
;   9.761  ;   0.782  ;    ; RE   ; 5      ; GLOBAL_CLOCK_X0_Y36_N0_I9             ; GLOBAL_CLOCK              ;
;   9.899  ;   0.138  ;    ; RE   ; 15     ; SPINE_CLOCK_X77_Y19_N0_I7             ; SPINE_CLOCK               ;
;   10.288 ;   0.389  ;    ; RE   ; 1      ; SCLK_TO_ROWCLK_BUF_X77_Y35_N0_I43     ; SCLK_TO_ROWCLK_BUF        ;
;   10.369 ;   0.081  ;    ; RE   ; 1      ; SCLK_TO_ROWCLK_BUF_X77_Y35_N0_I46     ; SCLK_TO_ROWCLK_BUF        ;
;   10.822 ;   0.453  ;    ; RE   ; 5      ; LAB_CLK_X67_Y35_N0_I5                 ; LAB_CLK                   ;
;   10.946 ;   0.124  ;    ; RE   ; 1      ; BLK_CLK_BUF_X70_Y35_N0_I5             ; BLK_CLK_BUF               ;
;   10.999 ;   0.053  ;    ; RE   ; 1      ; ROWCLKSEL_PREBUF_X70_Y35_N0_I5        ; ROWCLKSEL_PREBUF          ;
;   11.054 ;   0.055  ;    ; RE   ; 1      ; ROWCLKSEL_X70_Y35_N0_I0               ; ROWCLKSEL                 ;
;   11.054 ;   0.000  ;    ; RE   ; 1      ; GLOBAL_LOCAL_SEL_X70_Y35_N0_I0        ; GLOBAL_LOCAL_SEL          ;
;   11.054 ;   0.000  ;    ; RE   ; 8      ; LAB_INPUT_X70_Y35_N0_I0               ; LAB_INPUT                 ;
;   11.053 ;   -0.001 ; RR ; IC   ; 1      ; FF_X70_Y35_N53                        ; state_array[0][2][26]|clk ;
;   11.624 ;   0.571  ; RR ; CELL ; 1      ; FF_X70_Y35_N53                        ; state_array[0][2][26]     ;
;   11.684 ;   0.060  ;    ;      ;        ;                                       ; clock pessimism removed   ;
; 11.584   ; -0.100   ;    ;      ;        ;                                       ; clock uncertainty         ;
; 11.584   ; 0.000    ;    ; uTsu ; 1      ; FF_X70_Y35_N53                        ; state_array[0][2][26]     ;
+----------+----------+----+------+--------+---------------------------------------+---------------------------+

----------------------------
; Extra Fitter Information ;
----------------------------
HTML report is unavailable in plain text report export.


Path #2: Setup slack is 0.420 
===============================================================================
+--------------------------------------------+
; Path Summary                               ;
+--------------------+-----------------------+
; Property           ; Value                 ;
+--------------------+-----------------------+
; From Node          ; state_array[4][4][4]  ;
; To Node            ; state_array[1][0][26] ;
; Launch Clock       ; clk                   ;
; Latch Clock        ; clk                   ;
; Data Arrival Time  ; 11.163                ;
; Data Required Time ; 11.583                ;
; Slack              ; 0.420                 ;
+--------------------+-----------------------+

+-------------------------------------------------------------------------------------+
; Statistics                                                                          ;
+------------------------+--------+-------+-------------+------------+--------+-------+
; Property               ; Value  ; Count ; Total Delay ; % of Total ; Min    ; Max   ;
+------------------------+--------+-------+-------------+------------+--------+-------+
; Setup Relationship     ; 7.407  ;       ;             ;            ;        ;       ;
; Clock Skew             ; -0.191 ;       ;             ;            ;        ;       ;
; Data Delay             ; 6.696  ;       ;             ;            ;        ;       ;
; Number of Logic Levels ;        ; 4     ;             ;            ;        ;       ;
; Physical Delays        ;        ;       ;             ;            ;        ;       ;
;  Arrival Path          ;        ;       ;             ;            ;        ;       ;
;   Clock                ;        ;       ;             ;            ;        ;       ;
;    IC                  ;        ; 3     ; 0.001       ; 0          ; 0.000  ; 0.001 ;
;    Cell                ;        ; 3     ; 1.901       ; 43         ; 0.507  ; 0.739 ;
;    Routing Element     ;        ; 26    ; 2.565       ; 57         ; 0.000  ; 0.821 ;
;   Data                 ;        ;       ;             ;            ;        ;       ;
;    IC                  ;        ; 5     ; 0.001       ; 0          ; -0.001 ; 0.001 ;
;    Cell                ;        ; 6     ; 1.178       ; 18         ; 0.000  ; 0.602 ;
;    uTco                ;        ; 1     ; 0.000       ; 0          ; 0.000  ; 0.000 ;
;    Routing Element     ;        ; 29    ; 5.517       ; 82         ; 0.000  ; 0.428 ;
;  Required Path         ;        ;       ;             ;            ;        ;       ;
;   Clock                ;        ;       ;             ;            ;        ;       ;
;    IC                  ;        ; 3     ; -0.001      ; 0          ; -0.001 ; 0.000 ;
;    Cell                ;        ; 3     ; 1.780       ; 42         ; 0.470  ; 0.739 ;
;    Routing Element     ;        ; 26    ; 2.437       ; 58         ; 0.000  ; 0.782 ;
+------------------------+--------+-------+-------------+------------+--------+-------+
Note: Negative delays are omitted from totals when calculating percentages

+-------------------------------------------------------------------------------------------------------------------------------------+
; Data Arrival Path                                                                                                                   ;
+----------+----------+----+------+--------+-------------------------------------------+----------------------------------------------+
; Total    ; Incr     ; RF ; Type ; Fanout ; Location                                  ; Element                                      ;
+----------+----------+----+------+--------+-------------------------------------------+----------------------------------------------+
; 0.000    ; 0.000    ;    ;      ;        ;                                           ; launch edge time                             ;
; 4.467    ; 4.467    ;    ;      ;        ;                                           ; clock path                                   ;
;   0.000  ;   0.000  ;    ;      ;        ;                                           ; source latency                               ;
;   0.000  ;   0.000  ;    ;      ; 1      ; PIN_M16                                   ; clk                                          ;
;   0.000  ;   0.000  ;    ; RE   ; 1      ; IOPAD_X89_Y35_N60                         ; ARRIAV_IO_PAD                                ;
;   0.000  ;   0.000  ;    ; RE   ; 1      ; IO_PAD_OUTPUT_X89_Y35_N60_I1              ; IO_PAD_OUTPUT                                ;
;   0.000  ;   0.000  ;    ; RE   ; 1      ; IO_INPUT_BUFFER_INPUT_X89_Y35_N61_I0      ; IO_INPUT_BUFFER_INPUT                        ;
;   0.000  ;   0.000  ; RR ; IC   ; 1      ; IOIBUF_X89_Y35_N61                        ; clk~input|i                                  ;
;   0.739  ;   0.739  ; RR ; CELL ; 1      ; IOIBUF_X89_Y35_N61                        ; clk~input|o                                  ;
;   0.739  ;   0.000  ;    ; RE   ; 1      ; IOIBUF_X89_Y35_N61                        ; ARRIAV_IO_IBUF                               ;
;   0.739  ;   0.000  ;    ; RE   ; 1      ; IO_INPUT_BUFFER_OUTPUT_X89_Y35_N61_I2     ; IO_INPUT_BUFFER_OUTPUT                       ;
;   0.739  ;   0.000  ;    ; RE   ; 1      ; IO_RE_X89_Y35_N60_I96                     ; IO_RE                                        ;
;   0.833  ;   0.094  ;    ; RE   ; 1      ; IO_RE_X89_Y35_N60_I66                     ; IO_RE                                        ;
;   1.125  ;   0.292  ;    ; RE   ; 1      ; CLKBUF_CLUSTER_RE_X89_Y39_N3_I421         ; CLKBUF_CLUSTER_RE                            ;
;   1.125  ;   0.000  ;    ; RE   ; 1      ; CLKBUF_CLUSTER_RE_X89_Y39_N3_I772         ; CLKBUF_CLUSTER_RE                            ;
;   1.125  ;   0.000  ;    ; RE   ; 1      ; CLKBUF_CLUSTER_RE_X89_Y39_N3_I557         ; CLKBUF_CLUSTER_RE                            ;
;   1.125  ;   0.000  ;    ; RE   ; 1      ; GCLK_CLUSTER_RE_X89_Y39_N6_I10            ; GCLK_CLUSTER_RE                              ;
;   1.125  ;   0.000  ;    ; RE   ; 1      ; CLKBUFBLOCK_INPUT_X89_Y39_N7_I0           ; CLKBUFBLOCK_INPUT                            ;
;   1.125  ;   0.000  ; RR ; IC   ; 1      ; CLKCTRL_G9                                ; clk~inputCLKENA0|inclk                       ;
;   1.632  ;   0.507  ; RR ; CELL ; 1674   ; CLKCTRL_G9                                ; clk~inputCLKENA0|outclk                      ;
;   1.632  ;   0.000  ;    ; RE   ; 1      ; CLKCTRL_G9                                ; ARRIAV_CLKBUF                                ;
;   1.632  ;   0.000  ;    ; RE   ; 1      ; CLKBUFBLOCK_OUTPUT_X89_Y39_N7_I2          ; CLKBUFBLOCK_OUTPUT                           ;
;   1.632  ;   0.000  ;    ; RE   ; 1      ; GCLK_CLUSTER_RE_X89_Y39_N6_I12            ; GCLK_CLUSTER_RE                              ;
;   1.632  ;   0.000  ;    ; RE   ; 1      ; CLKBUF_CLUSTER_RE_X89_Y39_N3_I416         ; CLKBUF_CLUSTER_RE                            ;
;   2.453  ;   0.821  ;    ; RE   ; 5      ; GLOBAL_CLOCK_X0_Y36_N0_I9                 ; GLOBAL_CLOCK                                 ;
;   2.596  ;   0.143  ;    ; RE   ; 16     ; SPINE_CLOCK_X55_Y19_N0_I22                ; SPINE_CLOCK                                  ;
;   2.999  ;   0.403  ;    ; RE   ; 1      ; SCLK_TO_ROWCLK_BUF_X55_Y35_N0_I133        ; SCLK_TO_ROWCLK_BUF                           ;
;   3.093  ;   0.094  ;    ; RE   ; 2      ; SCLK_TO_ROWCLK_BUF_X55_Y35_N0_I136        ; SCLK_TO_ROWCLK_BUF                           ;
;   3.566  ;   0.473  ;    ; RE   ; 5      ; LAB_CLK_X45_Y35_N0_I5                     ; LAB_CLK                                      ;
;   3.698  ;   0.132  ;    ; RE   ; 1      ; BLK_CLK_BUF_X55_Y35_N0_I5                 ; BLK_CLK_BUF                                  ;
;   3.751  ;   0.053  ;    ; RE   ; 1      ; ROWCLKSEL_PREBUF_X55_Y35_N0_I5            ; ROWCLKSEL_PREBUF                             ;
;   3.811  ;   0.060  ;    ; RE   ; 1      ; ROWCLKSEL_X55_Y35_N0_I0                   ; ROWCLKSEL                                    ;
;   3.811  ;   0.000  ;    ; RE   ; 1      ; GLOBAL_LOCAL_SEL_X55_Y35_N0_I0            ; GLOBAL_LOCAL_SEL                             ;
;   3.811  ;   0.000  ;    ; RE   ; 6      ; LAB_INPUT_X55_Y35_N0_I0                   ; LAB_INPUT                                    ;
;   3.812  ;   0.001  ; RR ; IC   ; 1      ; FF_X55_Y35_N38                            ; state_array[4][4][4]|clk                     ;
;   4.467  ;   0.655  ; RR ; CELL ; 1      ; FF_X55_Y35_N38                            ; state_array[4][4][4]                         ;
; 11.163   ; 6.696    ;    ;      ;        ;                                           ; data path                                    ;
;   4.467  ;   0.000  ;    ; uTco ; 1      ; FF_X55_Y35_N38                            ; state_array[4][4][4]                         ;
;   4.467  ;   0.000  ; FF ; CELL ; 6      ; FF_X55_Y35_N38                            ; state_array[4][4][4]|q                       ;
;   4.526  ;   0.059  ;    ; RE   ; 2      ; FF_X55_Y35_N38                            ; ARRIAV_FF                                    ;
;   4.622  ;   0.096  ;    ; RE   ; 2      ; LE_BUFFER_X55_Y35_N0_I25                  ; LE_BUFFER                                    ;
;   5.050  ;   0.428  ;    ; RE   ; 2      ; R6_X55_Y35_N0_I14                         ; H_SEG6                                       ;
;   5.353  ;   0.303  ;    ; RE   ; 1      ; LOCAL_INTERCONNECT_X60_Y35_N0_I27         ; LAB_LINE                                     ;
;   5.490  ;   0.137  ;    ; RE   ; 1      ; BLOCK_INPUT_MUX_X60_Y35_N0_I61            ; LEIM_INPUT                                   ;
;   5.491  ;   0.001  ; FF ; IC   ; 1      ; LABCELL_X60_Y35_N42                       ; KSU|u_theta|C[4][4]|datad                    ;
;   6.093  ;   0.602  ; FF ; CELL ; 2      ; LABCELL_X60_Y35_N42                       ; KSU|u_theta|C[4][4]|combout                  ;
;   6.093  ;   0.000  ;    ; RE   ; 2      ; LABCELL_X60_Y35_N42                       ; ARRIAV_LCELL_COMB                            ;
;   6.191  ;   0.098  ;    ; RE   ; 1      ; LE_BUFFER_X60_Y35_N0_I29                  ; LE_BUFFER                                    ;
;   6.423  ;   0.232  ;    ; RE   ; 1      ; C2_X59_Y33_N0_I15                         ; V_SEG2                                       ;
;   6.694  ;   0.271  ;    ; RE   ; 1      ; C2_X59_Y31_N0_I15                         ; V_SEG2                                       ;
;   6.961  ;   0.267  ;    ; RE   ; 1      ; C2_X59_Y29_N0_I15                         ; V_SEG2                                       ;
;   7.306  ;   0.345  ;    ; RE   ; 1      ; R6_X60_Y29_N0_I9                          ; H_SEG6                                       ;
;   7.569  ;   0.263  ;    ; RE   ; 1      ; LOCAL_INTERCONNECT_X65_Y29_N0_I45         ; LAB_LINE                                     ;
;   7.709  ;   0.140  ;    ; RE   ; 1      ; BLOCK_INPUT_MUX_X65_Y29_N0_I17            ; LEIM_INPUT                                   ;
;   7.709  ;   0.000  ; FF ; IC   ; 1      ; MLABCELL_X65_Y29_N12                      ; KSU|u_theta|state_array_o[3][0][5]~0|dataf   ;
;   7.806  ;   0.097  ; FF ; CELL ; 15     ; MLABCELL_X65_Y29_N12                      ; KSU|u_theta|state_array_o[3][0][5]~0|combout ;
;   7.806  ;   0.000  ;    ; RE   ; 3      ; MLABCELL_X65_Y29_N12                      ; ARRIAV_LCELL_COMB                            ;
;   7.889  ;   0.083  ;    ; RE   ; 2      ; LE_BUFFER_X65_Y29_N0_I8                   ; LE_BUFFER                                    ;
;   8.110  ;   0.221  ;    ; RE   ; 2      ; R3_X66_Y29_N0_I0                          ; H_SEG3                                       ;
;   8.110  ;   0.000  ;    ; RE   ; 1      ; R14_C12_INTERCONNECT_DRIVER_X68_Y29_N0_I1 ; WIRE_MUX                                     ;
;   8.534  ;   0.424  ;    ; RE   ; 2      ; C12_X68_Y30_N0_I0                         ; V_SEG12                                      ;
;   8.916  ;   0.382  ;    ; RE   ; 1      ; C2_X68_Y37_N0_I20                         ; V_SEG2                                       ;
;   9.199  ;   0.283  ;    ; RE   ; 1      ; R6_X69_Y37_N0_I2                          ; H_SEG6                                       ;
;   9.438  ;   0.239  ;    ; RE   ; 2      ; LOCAL_INTERCONNECT_X71_Y37_N0_I20         ; LAB_LINE                                     ;
;   9.572  ;   0.134  ;    ; RE   ; 1      ; BLOCK_INPUT_MUX_X71_Y37_N0_I15            ; LEIM_INPUT                                   ;
;   9.573  ;   0.001  ; FF ; IC   ; 1      ; LABCELL_X71_Y37_N9                        ; KSU|u_chi|state_array_o[1][0][26]|dataf      ;
;   9.661  ;   0.088  ; FF ; CELL ; 1      ; LABCELL_X71_Y37_N9                        ; KSU|u_chi|state_array_o[1][0][26]|combout    ;
;   9.661  ;   0.000  ;    ; RE   ; 1      ; LABCELL_X71_Y37_N9                        ; ARRIAV_LCELL_COMB                            ;
;   9.757  ;   0.096  ;    ; RE   ; 1      ; LE_BUFFER_X71_Y37_N0_I7                   ; LE_BUFFER                                    ;
;   10.099 ;   0.342  ;    ; RE   ; 1      ; C2_X70_Y35_N0_I20                         ; V_SEG2                                       ;
;   10.420 ;   0.321  ;    ; RE   ; 1      ; C2_X70_Y33_N0_I20                         ; V_SEG2                                       ;
;   10.631 ;   0.211  ;    ; RE   ; 1      ; LOCAL_INTERCONNECT_X71_Y34_N0_I12         ; LAB_LINE                                     ;
;   10.773 ;   0.142  ;    ; RE   ; 1      ; BLOCK_INPUT_MUX_X71_Y34_N0_I7             ; LEIM_INPUT                                   ;
;   10.772 ;   -0.001 ; FF ; IC   ; 1      ; LABCELL_X71_Y34_N3                        ; state_array~886|dataf                        ;
;   10.856 ;   0.084  ; FF ; CELL ; 1      ; LABCELL_X71_Y34_N3                        ; state_array~886|combout                      ;
;   10.856 ;   0.000  ;    ; RE   ; 1      ; LABCELL_X71_Y34_N3                        ; ARRIAV_LCELL_COMB                            ;
;   10.856 ;   0.000  ; FF ; IC   ; 1      ; FF_X71_Y34_N5                             ; state_array[1][0][26]|d                      ;
;   11.163 ;   0.307  ; FF ; CELL ; 1      ; FF_X71_Y34_N5                             ; state_array[1][0][26]                        ;
+----------+----------+----+------+--------+-------------------------------------------+----------------------------------------------+

+--------------------------------------------------------------------------------------------------------------+
; Data Required Path                                                                                           ;
+----------+----------+----+------+--------+---------------------------------------+---------------------------+
; Total    ; Incr     ; RF ; Type ; Fanout ; Location                              ; Element                   ;
+----------+----------+----+------+--------+---------------------------------------+---------------------------+
; 7.407    ; 7.407    ;    ;      ;        ;                                       ; latch edge time           ;
; 11.683   ; 4.276    ;    ;      ;        ;                                       ; clock path                ;
;   7.407  ;   0.000  ;    ;      ;        ;                                       ; source latency            ;
;   7.407  ;   0.000  ;    ;      ; 1      ; PIN_M16                               ; clk                       ;
;   7.407  ;   0.000  ;    ; RE   ; 1      ; IOPAD_X89_Y35_N60                     ; ARRIAV_IO_PAD             ;
;   7.407  ;   0.000  ;    ; RE   ; 1      ; IO_PAD_OUTPUT_X89_Y35_N60_I1          ; IO_PAD_OUTPUT             ;
;   7.407  ;   0.000  ;    ; RE   ; 1      ; IO_INPUT_BUFFER_INPUT_X89_Y35_N61_I0  ; IO_INPUT_BUFFER_INPUT     ;
;   7.407  ;   0.000  ; RR ; IC   ; 1      ; IOIBUF_X89_Y35_N61                    ; clk~input|i               ;
;   8.146  ;   0.739  ; RR ; CELL ; 1      ; IOIBUF_X89_Y35_N61                    ; clk~input|o               ;
;   8.146  ;   0.000  ;    ; RE   ; 1      ; IOIBUF_X89_Y35_N61                    ; ARRIAV_IO_IBUF            ;
;   8.146  ;   0.000  ;    ; RE   ; 1      ; IO_INPUT_BUFFER_OUTPUT_X89_Y35_N61_I2 ; IO_INPUT_BUFFER_OUTPUT    ;
;   8.146  ;   0.000  ;    ; RE   ; 1      ; IO_RE_X89_Y35_N60_I96                 ; IO_RE                     ;
;   8.234  ;   0.088  ;    ; RE   ; 1      ; IO_RE_X89_Y35_N60_I66                 ; IO_RE                     ;
;   8.509  ;   0.275  ;    ; RE   ; 1      ; CLKBUF_CLUSTER_RE_X89_Y39_N3_I421     ; CLKBUF_CLUSTER_RE         ;
;   8.509  ;   0.000  ;    ; RE   ; 1      ; CLKBUF_CLUSTER_RE_X89_Y39_N3_I772     ; CLKBUF_CLUSTER_RE         ;
;   8.509  ;   0.000  ;    ; RE   ; 1      ; CLKBUF_CLUSTER_RE_X89_Y39_N3_I557     ; CLKBUF_CLUSTER_RE         ;
;   8.509  ;   0.000  ;    ; RE   ; 1      ; GCLK_CLUSTER_RE_X89_Y39_N6_I10        ; GCLK_CLUSTER_RE           ;
;   8.509  ;   0.000  ;    ; RE   ; 1      ; CLKBUFBLOCK_INPUT_X89_Y39_N7_I0       ; CLKBUFBLOCK_INPUT         ;
;   8.509  ;   0.000  ; RR ; IC   ; 1      ; CLKCTRL_G9                            ; clk~inputCLKENA0|inclk    ;
;   8.979  ;   0.470  ; RR ; CELL ; 1674   ; CLKCTRL_G9                            ; clk~inputCLKENA0|outclk   ;
;   8.979  ;   0.000  ;    ; RE   ; 1      ; CLKCTRL_G9                            ; ARRIAV_CLKBUF             ;
;   8.979  ;   0.000  ;    ; RE   ; 1      ; CLKBUFBLOCK_OUTPUT_X89_Y39_N7_I2      ; CLKBUFBLOCK_OUTPUT        ;
;   8.979  ;   0.000  ;    ; RE   ; 1      ; GCLK_CLUSTER_RE_X89_Y39_N6_I12        ; GCLK_CLUSTER_RE           ;
;   8.979  ;   0.000  ;    ; RE   ; 1      ; CLKBUF_CLUSTER_RE_X89_Y39_N3_I416     ; CLKBUF_CLUSTER_RE         ;
;   9.761  ;   0.782  ;    ; RE   ; 5      ; GLOBAL_CLOCK_X0_Y36_N0_I9             ; GLOBAL_CLOCK              ;
;   9.899  ;   0.138  ;    ; RE   ; 15     ; SPINE_CLOCK_X77_Y19_N0_I7             ; SPINE_CLOCK               ;
;   10.288 ;   0.389  ;    ; RE   ; 1      ; SCLK_TO_ROWCLK_BUF_X77_Y34_N0_I43     ; SCLK_TO_ROWCLK_BUF        ;
;   10.369 ;   0.081  ;    ; RE   ; 1      ; SCLK_TO_ROWCLK_BUF_X77_Y34_N0_I46     ; SCLK_TO_ROWCLK_BUF        ;
;   10.822 ;   0.453  ;    ; RE   ; 5      ; LAB_CLK_X67_Y34_N0_I5                 ; LAB_CLK                   ;
;   10.946 ;   0.124  ;    ; RE   ; 1      ; BLK_CLK_BUF_X71_Y34_N0_I5             ; BLK_CLK_BUF               ;
;   10.999 ;   0.053  ;    ; RE   ; 1      ; ROWCLKSEL_PREBUF_X71_Y34_N0_I5        ; ROWCLKSEL_PREBUF          ;
;   11.053 ;   0.054  ;    ; RE   ; 1      ; ROWCLKSEL_X71_Y34_N0_I0               ; ROWCLKSEL                 ;
;   11.053 ;   0.000  ;    ; RE   ; 1      ; GLOBAL_LOCAL_SEL_X71_Y34_N0_I0        ; GLOBAL_LOCAL_SEL          ;
;   11.053 ;   0.000  ;    ; RE   ; 5      ; LAB_INPUT_X71_Y34_N0_I0               ; LAB_INPUT                 ;
;   11.052 ;   -0.001 ; RR ; IC   ; 1      ; FF_X71_Y34_N5                         ; state_array[1][0][26]|clk ;
;   11.623 ;   0.571  ; RR ; CELL ; 1      ; FF_X71_Y34_N5                         ; state_array[1][0][26]     ;
;   11.683 ;   0.060  ;    ;      ;        ;                                       ; clock pessimism removed   ;
; 11.583   ; -0.100   ;    ;      ;        ;                                       ; clock uncertainty         ;
; 11.583   ; 0.000    ;    ; uTsu ; 1      ; FF_X71_Y34_N5                         ; state_array[1][0][26]     ;
+----------+----------+----+------+--------+---------------------------------------+---------------------------+

----------------------------
; Extra Fitter Information ;
----------------------------
HTML report is unavailable in plain text report export.


Path #3: Setup slack is 0.423 
===============================================================================
+--------------------------------------------+
; Path Summary                               ;
+--------------------+-----------------------+
; Property           ; Value                 ;
+--------------------+-----------------------+
; From Node          ; state_array[3][4][39] ;
; To Node            ; state_array[4][3][2]  ;
; Launch Clock       ; clk                   ;
; Latch Clock        ; clk                   ;
; Data Arrival Time  ; 11.247                ;
; Data Required Time ; 11.670                ;
; Slack              ; 0.423                 ;
+--------------------+-----------------------+

+-------------------------------------------------------------------------------------+
; Statistics                                                                          ;
+------------------------+--------+-------+-------------+------------+--------+-------+
; Property               ; Value  ; Count ; Total Delay ; % of Total ; Min    ; Max   ;
+------------------------+--------+-------+-------------+------------+--------+-------+
; Setup Relationship     ; 7.407  ;       ;             ;            ;        ;       ;
; Clock Skew             ; -0.122 ;       ;             ;            ;        ;       ;
; Data Delay             ; 6.762  ;       ;             ;            ;        ;       ;
; Number of Logic Levels ;        ; 4     ;             ;            ;        ;       ;
; Physical Delays        ;        ;       ;             ;            ;        ;       ;
;  Arrival Path          ;        ;       ;             ;            ;        ;       ;
;   Clock                ;        ;       ;             ;            ;        ;       ;
;    IC                  ;        ; 3     ; 0.001       ; 0          ; 0.000  ; 0.001 ;
;    Cell                ;        ; 3     ; 1.901       ; 42         ; 0.507  ; 0.739 ;
;    Routing Element     ;        ; 26    ; 2.583       ; 58         ; 0.000  ; 0.821 ;
;   Data                 ;        ;       ;             ;            ;        ;       ;
;    IC                  ;        ; 5     ; 0.001       ; 0          ; -0.001 ; 0.001 ;
;    Cell                ;        ; 6     ; 1.773       ; 26         ; 0.000  ; 0.653 ;
;    uTco                ;        ; 1     ; 0.000       ; 0          ; 0.000  ; 0.000 ;
;    Routing Element     ;        ; 24    ; 4.988       ; 74         ; 0.000  ; 0.485 ;
;  Required Path         ;        ;       ;             ;            ;        ;       ;
;   Clock                ;        ;       ;             ;            ;        ;       ;
;    IC                  ;        ; 3     ; 0.000       ; 0          ; 0.000  ; 0.000 ;
;    Cell                ;        ; 3     ; 1.773       ; 41         ; 0.470  ; 0.739 ;
;    Routing Element     ;        ; 26    ; 2.530       ; 59         ; 0.000  ; 0.792 ;
+------------------------+--------+-------+-------------+------------+--------+-------+
Note: Negative delays are omitted from totals when calculating percentages

+----------------------------------------------------------------------------------------------------------------------------------+
; Data Arrival Path                                                                                                                ;
+----------+----------+----+------+--------+---------------------------------------+-----------------------------------------------+
; Total    ; Incr     ; RF ; Type ; Fanout ; Location                              ; Element                                       ;
+----------+----------+----+------+--------+---------------------------------------+-----------------------------------------------+
; 0.000    ; 0.000    ;    ;      ;        ;                                       ; launch edge time                              ;
; 4.485    ; 4.485    ;    ;      ;        ;                                       ; clock path                                    ;
;   0.000  ;   0.000  ;    ;      ;        ;                                       ; source latency                                ;
;   0.000  ;   0.000  ;    ;      ; 1      ; PIN_M16                               ; clk                                           ;
;   0.000  ;   0.000  ;    ; RE   ; 1      ; IOPAD_X89_Y35_N60                     ; ARRIAV_IO_PAD                                 ;
;   0.000  ;   0.000  ;    ; RE   ; 1      ; IO_PAD_OUTPUT_X89_Y35_N60_I1          ; IO_PAD_OUTPUT                                 ;
;   0.000  ;   0.000  ;    ; RE   ; 1      ; IO_INPUT_BUFFER_INPUT_X89_Y35_N61_I0  ; IO_INPUT_BUFFER_INPUT                         ;
;   0.000  ;   0.000  ; RR ; IC   ; 1      ; IOIBUF_X89_Y35_N61                    ; clk~input|i                                   ;
;   0.739  ;   0.739  ; RR ; CELL ; 1      ; IOIBUF_X89_Y35_N61                    ; clk~input|o                                   ;
;   0.739  ;   0.000  ;    ; RE   ; 1      ; IOIBUF_X89_Y35_N61                    ; ARRIAV_IO_IBUF                                ;
;   0.739  ;   0.000  ;    ; RE   ; 1      ; IO_INPUT_BUFFER_OUTPUT_X89_Y35_N61_I2 ; IO_INPUT_BUFFER_OUTPUT                        ;
;   0.739  ;   0.000  ;    ; RE   ; 1      ; IO_RE_X89_Y35_N60_I96                 ; IO_RE                                         ;
;   0.833  ;   0.094  ;    ; RE   ; 1      ; IO_RE_X89_Y35_N60_I66                 ; IO_RE                                         ;
;   1.125  ;   0.292  ;    ; RE   ; 1      ; CLKBUF_CLUSTER_RE_X89_Y39_N3_I421     ; CLKBUF_CLUSTER_RE                             ;
;   1.125  ;   0.000  ;    ; RE   ; 1      ; CLKBUF_CLUSTER_RE_X89_Y39_N3_I772     ; CLKBUF_CLUSTER_RE                             ;
;   1.125  ;   0.000  ;    ; RE   ; 1      ; CLKBUF_CLUSTER_RE_X89_Y39_N3_I557     ; CLKBUF_CLUSTER_RE                             ;
;   1.125  ;   0.000  ;    ; RE   ; 1      ; GCLK_CLUSTER_RE_X89_Y39_N6_I10        ; GCLK_CLUSTER_RE                               ;
;   1.125  ;   0.000  ;    ; RE   ; 1      ; CLKBUFBLOCK_INPUT_X89_Y39_N7_I0       ; CLKBUFBLOCK_INPUT                             ;
;   1.125  ;   0.000  ; RR ; IC   ; 1      ; CLKCTRL_G9                            ; clk~inputCLKENA0|inclk                        ;
;   1.632  ;   0.507  ; RR ; CELL ; 1674   ; CLKCTRL_G9                            ; clk~inputCLKENA0|outclk                       ;
;   1.632  ;   0.000  ;    ; RE   ; 1      ; CLKCTRL_G9                            ; ARRIAV_CLKBUF                                 ;
;   1.632  ;   0.000  ;    ; RE   ; 1      ; CLKBUFBLOCK_OUTPUT_X89_Y39_N7_I2      ; CLKBUFBLOCK_OUTPUT                            ;
;   1.632  ;   0.000  ;    ; RE   ; 1      ; GCLK_CLUSTER_RE_X89_Y39_N6_I12        ; GCLK_CLUSTER_RE                               ;
;   1.632  ;   0.000  ;    ; RE   ; 1      ; CLKBUF_CLUSTER_RE_X89_Y39_N3_I416     ; CLKBUF_CLUSTER_RE                             ;
;   2.453  ;   0.821  ;    ; RE   ; 5      ; GLOBAL_CLOCK_X0_Y36_N0_I9             ; GLOBAL_CLOCK                                  ;
;   2.595  ;   0.142  ;    ; RE   ; 16     ; SPINE_CLOCK_X55_Y19_N0_I22            ; SPINE_CLOCK                                   ;
;   2.998  ;   0.403  ;    ; RE   ; 1      ; SCLK_TO_ROWCLK_BUF_X55_Y24_N0_I133    ; SCLK_TO_ROWCLK_BUF                            ;
;   3.092  ;   0.094  ;    ; RE   ; 2      ; SCLK_TO_ROWCLK_BUF_X55_Y24_N0_I136    ; SCLK_TO_ROWCLK_BUF                            ;
;   3.574  ;   0.482  ;    ; RE   ; 9      ; LAB_CLK_X56_Y24_N0_I5                 ; LAB_CLK                                       ;
;   3.714  ;   0.140  ;    ; RE   ; 1      ; BLK_CLK_BUF_X62_Y24_N0_I5             ; BLK_CLK_BUF                                   ;
;   3.770  ;   0.056  ;    ; RE   ; 1      ; ROWCLKSEL_PREBUF_X62_Y24_N0_I5        ; ROWCLKSEL_PREBUF                              ;
;   3.829  ;   0.059  ;    ; RE   ; 1      ; ROWCLKSEL_X62_Y24_N0_I0               ; ROWCLKSEL                                     ;
;   3.829  ;   0.000  ;    ; RE   ; 1      ; GLOBAL_LOCAL_SEL_X62_Y24_N0_I0        ; GLOBAL_LOCAL_SEL                              ;
;   3.829  ;   0.000  ;    ; RE   ; 6      ; LAB_INPUT_X62_Y24_N0_I0               ; LAB_INPUT                                     ;
;   3.830  ;   0.001  ; RR ; IC   ; 1      ; FF_X62_Y24_N2                         ; state_array[3][4][39]|clk                     ;
;   4.485  ;   0.655  ; RR ; CELL ; 1      ; FF_X62_Y24_N2                         ; state_array[3][4][39]                         ;
; 11.247   ; 6.762    ;    ;      ;        ;                                       ; data path                                     ;
;   4.485  ;   0.000  ;    ; uTco ; 1      ; FF_X62_Y24_N2                         ; state_array[3][4][39]                         ;
;   4.485  ;   0.000  ; FF ; CELL ; 7      ; FF_X62_Y24_N2                         ; state_array[3][4][39]|q                       ;
;   4.544  ;   0.059  ;    ; RE   ; 2      ; FF_X62_Y24_N2                         ; ARRIAV_FF                                     ;
;   4.632  ;   0.088  ;    ; RE   ; 2      ; LE_BUFFER_X62_Y24_N0_I1               ; LE_BUFFER                                     ;
;   4.969  ;   0.337  ;    ; RE   ; 1      ; R6_X56_Y24_N0_I22                     ; H_SEG6                                        ;
;   5.444  ;   0.475  ;    ; RE   ; 1      ; R6_X50_Y24_N0_I24                     ; H_SEG6                                        ;
;   5.745  ;   0.301  ;    ; RE   ; 1      ; LOCAL_INTERCONNECT_X52_Y24_N0_I37     ; LAB_LINE                                      ;
;   5.871  ;   0.126  ;    ; RE   ; 1      ; BLOCK_INPUT_MUX_X52_Y24_N0_I67        ; LEIM_INPUT                                    ;
;   5.870  ;   -0.001 ; FF ; IC   ; 1      ; MLABCELL_X52_Y24_N51                  ; KSU|u_theta|C[3][39]|datab                    ;
;   6.523  ;   0.653  ; FR ; CELL ; 2      ; MLABCELL_X52_Y24_N51                  ; KSU|u_theta|C[3][39]|combout                  ;
;   6.523  ;   0.000  ;    ; RE   ; 1      ; MLABCELL_X52_Y24_N51                  ; ARRIAV_LCELL_COMB                             ;
;   6.669  ;   0.146  ;    ; RE   ; 2      ; LOCAL_LINE_X52_Y24_N0_I17             ; LOCAL_LINE                                    ;
;   6.859  ;   0.190  ;    ; RE   ; 1      ; BLOCK_INPUT_MUX_X52_Y24_N0_I47        ; LEIM_INPUT                                    ;
;   6.859  ;   0.000  ; RR ; IC   ; 1      ; MLABCELL_X52_Y24_N33                  ; KSU|u_theta|state_array_o[4][0][39]~0|dataf   ;
;   6.965  ;   0.106  ; RF ; CELL ; 13     ; MLABCELL_X52_Y24_N33                  ; KSU|u_theta|state_array_o[4][0][39]~0|combout ;
;   6.965  ;   0.000  ;    ; RE   ; 2      ; MLABCELL_X52_Y24_N33                  ; ARRIAV_LCELL_COMB                             ;
;   7.083  ;   0.118  ;    ; RE   ; 3      ; LE_BUFFER_X52_Y24_N0_I23              ; LE_BUFFER                                     ;
;   7.405  ;   0.322  ;    ; RE   ; 1      ; C4_X51_Y25_N0_I3                      ; V_SEG4                                        ;
;   7.757  ;   0.352  ;    ; RE   ; 1      ; C4_X51_Y29_N0_I3                      ; V_SEG4                                        ;
;   8.242  ;   0.485  ;    ; RE   ; 1      ; R6_X52_Y30_N0_I11                     ; H_SEG6                                        ;
;   8.521  ;   0.279  ;    ; RE   ; 3      ; LOCAL_INTERCONNECT_X57_Y30_N0_I23     ; LAB_LINE                                      ;
;   8.632  ;   0.111  ;    ; RE   ; 1      ; BLOCK_INPUT_MUX_X57_Y30_N0_I19        ; LEIM_INPUT                                    ;
;   8.633  ;   0.001  ; FF ; IC   ; 1      ; LABCELL_X57_Y30_N12                   ; state_array~86|datab                          ;
;   9.254  ;   0.621  ; FF ; CELL ; 1      ; LABCELL_X57_Y30_N12                   ; state_array~86|combout                        ;
;   9.254  ;   0.000  ;    ; RE   ; 1      ; LABCELL_X57_Y30_N12                   ; ARRIAV_LCELL_COMB                             ;
;   9.329  ;   0.075  ;    ; RE   ; 1      ; LE_BUFFER_X57_Y30_N0_I8               ; LE_BUFFER                                     ;
;   9.630  ;   0.301  ;    ; RE   ; 1      ; C4_X57_Y31_N0_I2                      ; V_SEG4                                        ;
;   10.093 ;   0.463  ;    ; RE   ; 1      ; C4_X57_Y35_N0_I2                      ; V_SEG4                                        ;
;   10.483 ;   0.390  ;    ; RE   ; 1      ; R3_X58_Y37_N0_I5                      ; H_SEG3                                        ;
;   10.724 ;   0.241  ;    ; RE   ; 1      ; LOCAL_INTERCONNECT_X59_Y37_N0_I10     ; LAB_LINE                                      ;
;   10.853 ;   0.129  ;    ; RE   ; 1      ; BLOCK_INPUT_MUX_X59_Y37_N0_I1         ; LEIM_INPUT                                    ;
;   10.854 ;   0.001  ; FF ; IC   ; 1      ; MLABCELL_X59_Y37_N0                   ; state_array~87|dataf                          ;
;   10.940 ;   0.086  ; FF ; CELL ; 1      ; MLABCELL_X59_Y37_N0                   ; state_array~87|combout                        ;
;   10.940 ;   0.000  ;    ; RE   ; 1      ; MLABCELL_X59_Y37_N0                   ; ARRIAV_LCELL_COMB                             ;
;   10.940 ;   0.000  ; FF ; IC   ; 1      ; FF_X59_Y37_N2                         ; state_array[4][3][2]|d                        ;
;   11.247 ;   0.307  ; FF ; CELL ; 1      ; FF_X59_Y37_N2                         ; state_array[4][3][2]                          ;
+----------+----------+----+------+--------+---------------------------------------+-----------------------------------------------+

+------------------------------------------------------------------------------------------------------------+
; Data Required Path                                                                                         ;
+----------+---------+----+------+--------+---------------------------------------+--------------------------+
; Total    ; Incr    ; RF ; Type ; Fanout ; Location                              ; Element                  ;
+----------+---------+----+------+--------+---------------------------------------+--------------------------+
; 7.407    ; 7.407   ;    ;      ;        ;                                       ; latch edge time          ;
; 11.770   ; 4.363   ;    ;      ;        ;                                       ; clock path               ;
;   7.407  ;   0.000 ;    ;      ;        ;                                       ; source latency           ;
;   7.407  ;   0.000 ;    ;      ; 1      ; PIN_M16                               ; clk                      ;
;   7.407  ;   0.000 ;    ; RE   ; 1      ; IOPAD_X89_Y35_N60                     ; ARRIAV_IO_PAD            ;
;   7.407  ;   0.000 ;    ; RE   ; 1      ; IO_PAD_OUTPUT_X89_Y35_N60_I1          ; IO_PAD_OUTPUT            ;
;   7.407  ;   0.000 ;    ; RE   ; 1      ; IO_INPUT_BUFFER_INPUT_X89_Y35_N61_I0  ; IO_INPUT_BUFFER_INPUT    ;
;   7.407  ;   0.000 ; RR ; IC   ; 1      ; IOIBUF_X89_Y35_N61                    ; clk~input|i              ;
;   8.146  ;   0.739 ; RR ; CELL ; 1      ; IOIBUF_X89_Y35_N61                    ; clk~input|o              ;
;   8.146  ;   0.000 ;    ; RE   ; 1      ; IOIBUF_X89_Y35_N61                    ; ARRIAV_IO_IBUF           ;
;   8.146  ;   0.000 ;    ; RE   ; 1      ; IO_INPUT_BUFFER_OUTPUT_X89_Y35_N61_I2 ; IO_INPUT_BUFFER_OUTPUT   ;
;   8.146  ;   0.000 ;    ; RE   ; 1      ; IO_RE_X89_Y35_N60_I96                 ; IO_RE                    ;
;   8.234  ;   0.088 ;    ; RE   ; 1      ; IO_RE_X89_Y35_N60_I66                 ; IO_RE                    ;
;   8.509  ;   0.275 ;    ; RE   ; 1      ; CLKBUF_CLUSTER_RE_X89_Y39_N3_I421     ; CLKBUF_CLUSTER_RE        ;
;   8.509  ;   0.000 ;    ; RE   ; 1      ; CLKBUF_CLUSTER_RE_X89_Y39_N3_I772     ; CLKBUF_CLUSTER_RE        ;
;   8.509  ;   0.000 ;    ; RE   ; 1      ; CLKBUF_CLUSTER_RE_X89_Y39_N3_I557     ; CLKBUF_CLUSTER_RE        ;
;   8.509  ;   0.000 ;    ; RE   ; 1      ; GCLK_CLUSTER_RE_X89_Y39_N6_I10        ; GCLK_CLUSTER_RE          ;
;   8.509  ;   0.000 ;    ; RE   ; 1      ; CLKBUFBLOCK_INPUT_X89_Y39_N7_I0       ; CLKBUFBLOCK_INPUT        ;
;   8.509  ;   0.000 ; RR ; IC   ; 1      ; CLKCTRL_G9                            ; clk~inputCLKENA0|inclk   ;
;   8.979  ;   0.470 ; RR ; CELL ; 1674   ; CLKCTRL_G9                            ; clk~inputCLKENA0|outclk  ;
;   8.979  ;   0.000 ;    ; RE   ; 1      ; CLKCTRL_G9                            ; ARRIAV_CLKBUF            ;
;   8.979  ;   0.000 ;    ; RE   ; 1      ; CLKBUFBLOCK_OUTPUT_X89_Y39_N7_I2      ; CLKBUFBLOCK_OUTPUT       ;
;   8.979  ;   0.000 ;    ; RE   ; 1      ; GCLK_CLUSTER_RE_X89_Y39_N6_I12        ; GCLK_CLUSTER_RE          ;
;   8.979  ;   0.000 ;    ; RE   ; 1      ; CLKBUF_CLUSTER_RE_X89_Y39_N3_I416     ; CLKBUF_CLUSTER_RE        ;
;   9.771  ;   0.792 ;    ; RE   ; 5      ; GLOBAL_CLOCK_X0_Y36_N0_I9             ; GLOBAL_CLOCK             ;
;   9.932  ;   0.161 ;    ; RE   ; 3      ; SPINE_CLOCK_X55_Y37_N0_I22            ; SPINE_CLOCK              ;
;   10.352 ;   0.420 ;    ; RE   ; 1      ; SCLK_TO_ROWCLK_BUF_X55_Y37_N0_I132    ; SCLK_TO_ROWCLK_BUF       ;
;   10.443 ;   0.091 ;    ; RE   ; 2      ; SCLK_TO_ROWCLK_BUF_X55_Y37_N0_I135    ; SCLK_TO_ROWCLK_BUF       ;
;   10.908 ;   0.465 ;    ; RE   ; 10     ; LAB_CLK_X56_Y37_N0_I2                 ; LAB_CLK                  ;
;   11.037 ;   0.129 ;    ; RE   ; 1      ; BLK_CLK_BUF_X59_Y37_N0_I2             ; BLK_CLK_BUF              ;
;   11.092 ;   0.055 ;    ; RE   ; 1      ; ROWCLKSEL_PREBUF_X59_Y37_N0_I2        ; ROWCLKSEL_PREBUF         ;
;   11.146 ;   0.054 ;    ; RE   ; 1      ; ROWCLKSEL_X59_Y37_N0_I0               ; ROWCLKSEL                ;
;   11.146 ;   0.000 ;    ; RE   ; 1      ; GLOBAL_LOCAL_SEL_X59_Y37_N0_I0        ; GLOBAL_LOCAL_SEL         ;
;   11.146 ;   0.000 ;    ; RE   ; 7      ; LAB_INPUT_X59_Y37_N0_I0               ; LAB_INPUT                ;
;   11.146 ;   0.000 ; RR ; IC   ; 1      ; FF_X59_Y37_N2                         ; state_array[4][3][2]|clk ;
;   11.710 ;   0.564 ; RR ; CELL ; 1      ; FF_X59_Y37_N2                         ; state_array[4][3][2]     ;
;   11.770 ;   0.060 ;    ;      ;        ;                                       ; clock pessimism removed  ;
; 11.670   ; -0.100  ;    ;      ;        ;                                       ; clock uncertainty        ;
; 11.670   ; 0.000   ;    ; uTsu ; 1      ; FF_X59_Y37_N2                         ; state_array[4][3][2]     ;
+----------+---------+----+------+--------+---------------------------------------+--------------------------+

----------------------------
; Extra Fitter Information ;
----------------------------
HTML report is unavailable in plain text report export.


Path #4: Setup slack is 0.427 
===============================================================================
+--------------------------------------------+
; Path Summary                               ;
+--------------------+-----------------------+
; Property           ; Value                 ;
+--------------------+-----------------------+
; From Node          ; state_array[0][3][38] ;
; To Node            ; state_array[4][3][2]  ;
; Launch Clock       ; clk                   ;
; Latch Clock        ; clk                   ;
; Data Arrival Time  ; 11.243                ;
; Data Required Time ; 11.670                ;
; Slack              ; 0.427                 ;
+--------------------+-----------------------+

+-------------------------------------------------------------------------------------+
; Statistics                                                                          ;
+------------------------+--------+-------+-------------+------------+--------+-------+
; Property               ; Value  ; Count ; Total Delay ; % of Total ; Min    ; Max   ;
+------------------------+--------+-------+-------------+------------+--------+-------+
; Setup Relationship     ; 7.407  ;       ;             ;            ;        ;       ;
; Clock Skew             ; -0.109 ;       ;             ;            ;        ;       ;
; Data Delay             ; 6.771  ;       ;             ;            ;        ;       ;
; Number of Logic Levels ;        ; 4     ;             ;            ;        ;       ;
; Physical Delays        ;        ;       ;             ;            ;        ;       ;
;  Arrival Path          ;        ;       ;             ;            ;        ;       ;
;   Clock                ;        ;       ;             ;            ;        ;       ;
;    IC                  ;        ; 3     ; 0.000       ; 0          ; 0.000  ; 0.000 ;
;    Cell                ;        ; 3     ; 1.901       ; 43         ; 0.507  ; 0.739 ;
;    Routing Element     ;        ; 26    ; 2.571       ; 57         ; 0.000  ; 0.821 ;
;   Data                 ;        ;       ;             ;            ;        ;       ;
;    IC                  ;        ; 5     ; 0.001       ; 0          ; -0.001 ; 0.001 ;
;    Cell                ;        ; 6     ; 1.664       ; 25         ; 0.000  ; 0.621 ;
;    uTco                ;        ; 1     ; 0.000       ; 0          ; 0.000  ; 0.000 ;
;    Routing Element     ;        ; 26    ; 5.106       ; 75         ; 0.000  ; 0.485 ;
;  Required Path         ;        ;       ;             ;            ;        ;       ;
;   Clock                ;        ;       ;             ;            ;        ;       ;
;    IC                  ;        ; 3     ; 0.000       ; 0          ; 0.000  ; 0.000 ;
;    Cell                ;        ; 3     ; 1.773       ; 41         ; 0.470  ; 0.739 ;
;    Routing Element     ;        ; 26    ; 2.530       ; 59         ; 0.000  ; 0.792 ;
+------------------------+--------+-------+-------------+------------+--------+-------+
Note: Negative delays are omitted from totals when calculating percentages

+----------------------------------------------------------------------------------------------------------------------------------+
; Data Arrival Path                                                                                                                ;
+----------+----------+----+------+--------+---------------------------------------+-----------------------------------------------+
; Total    ; Incr     ; RF ; Type ; Fanout ; Location                              ; Element                                       ;
+----------+----------+----+------+--------+---------------------------------------+-----------------------------------------------+
; 0.000    ; 0.000    ;    ;      ;        ;                                       ; launch edge time                              ;
; 4.472    ; 4.472    ;    ;      ;        ;                                       ; clock path                                    ;
;   0.000  ;   0.000  ;    ;      ;        ;                                       ; source latency                                ;
;   0.000  ;   0.000  ;    ;      ; 1      ; PIN_M16                               ; clk                                           ;
;   0.000  ;   0.000  ;    ; RE   ; 1      ; IOPAD_X89_Y35_N60                     ; ARRIAV_IO_PAD                                 ;
;   0.000  ;   0.000  ;    ; RE   ; 1      ; IO_PAD_OUTPUT_X89_Y35_N60_I1          ; IO_PAD_OUTPUT                                 ;
;   0.000  ;   0.000  ;    ; RE   ; 1      ; IO_INPUT_BUFFER_INPUT_X89_Y35_N61_I0  ; IO_INPUT_BUFFER_INPUT                         ;
;   0.000  ;   0.000  ; RR ; IC   ; 1      ; IOIBUF_X89_Y35_N61                    ; clk~input|i                                   ;
;   0.739  ;   0.739  ; RR ; CELL ; 1      ; IOIBUF_X89_Y35_N61                    ; clk~input|o                                   ;
;   0.739  ;   0.000  ;    ; RE   ; 1      ; IOIBUF_X89_Y35_N61                    ; ARRIAV_IO_IBUF                                ;
;   0.739  ;   0.000  ;    ; RE   ; 1      ; IO_INPUT_BUFFER_OUTPUT_X89_Y35_N61_I2 ; IO_INPUT_BUFFER_OUTPUT                        ;
;   0.739  ;   0.000  ;    ; RE   ; 1      ; IO_RE_X89_Y35_N60_I96                 ; IO_RE                                         ;
;   0.833  ;   0.094  ;    ; RE   ; 1      ; IO_RE_X89_Y35_N60_I66                 ; IO_RE                                         ;
;   1.125  ;   0.292  ;    ; RE   ; 1      ; CLKBUF_CLUSTER_RE_X89_Y39_N3_I421     ; CLKBUF_CLUSTER_RE                             ;
;   1.125  ;   0.000  ;    ; RE   ; 1      ; CLKBUF_CLUSTER_RE_X89_Y39_N3_I772     ; CLKBUF_CLUSTER_RE                             ;
;   1.125  ;   0.000  ;    ; RE   ; 1      ; CLKBUF_CLUSTER_RE_X89_Y39_N3_I557     ; CLKBUF_CLUSTER_RE                             ;
;   1.125  ;   0.000  ;    ; RE   ; 1      ; GCLK_CLUSTER_RE_X89_Y39_N6_I10        ; GCLK_CLUSTER_RE                               ;
;   1.125  ;   0.000  ;    ; RE   ; 1      ; CLKBUFBLOCK_INPUT_X89_Y39_N7_I0       ; CLKBUFBLOCK_INPUT                             ;
;   1.125  ;   0.000  ; RR ; IC   ; 1      ; CLKCTRL_G9                            ; clk~inputCLKENA0|inclk                        ;
;   1.632  ;   0.507  ; RR ; CELL ; 1674   ; CLKCTRL_G9                            ; clk~inputCLKENA0|outclk                       ;
;   1.632  ;   0.000  ;    ; RE   ; 1      ; CLKCTRL_G9                            ; ARRIAV_CLKBUF                                 ;
;   1.632  ;   0.000  ;    ; RE   ; 1      ; CLKBUFBLOCK_OUTPUT_X89_Y39_N7_I2      ; CLKBUFBLOCK_OUTPUT                            ;
;   1.632  ;   0.000  ;    ; RE   ; 1      ; GCLK_CLUSTER_RE_X89_Y39_N6_I12        ; GCLK_CLUSTER_RE                               ;
;   1.632  ;   0.000  ;    ; RE   ; 1      ; CLKBUF_CLUSTER_RE_X89_Y39_N3_I416     ; CLKBUF_CLUSTER_RE                             ;
;   2.453  ;   0.821  ;    ; RE   ; 5      ; GLOBAL_CLOCK_X0_Y36_N0_I9             ; GLOBAL_CLOCK                                  ;
;   2.592  ;   0.139  ;    ; RE   ; 16     ; SPINE_CLOCK_X55_Y19_N0_I22            ; SPINE_CLOCK                                   ;
;   2.995  ;   0.403  ;    ; RE   ; 1      ; SCLK_TO_ROWCLK_BUF_X55_Y29_N0_I133    ; SCLK_TO_ROWCLK_BUF                            ;
;   3.089  ;   0.094  ;    ; RE   ; 2      ; SCLK_TO_ROWCLK_BUF_X55_Y29_N0_I136    ; SCLK_TO_ROWCLK_BUF                            ;
;   3.566  ;   0.477  ;    ; RE   ; 7      ; LAB_CLK_X45_Y29_N0_I5                 ; LAB_CLK                                       ;
;   3.702  ;   0.136  ;    ; RE   ; 1      ; BLK_CLK_BUF_X51_Y29_N0_I5             ; BLK_CLK_BUF                                   ;
;   3.757  ;   0.055  ;    ; RE   ; 1      ; ROWCLKSEL_PREBUF_X51_Y29_N0_I5        ; ROWCLKSEL_PREBUF                              ;
;   3.817  ;   0.060  ;    ; RE   ; 1      ; ROWCLKSEL_X51_Y29_N0_I0               ; ROWCLKSEL                                     ;
;   3.817  ;   0.000  ;    ; RE   ; 1      ; GLOBAL_LOCAL_SEL_X51_Y29_N0_I0        ; GLOBAL_LOCAL_SEL                              ;
;   3.817  ;   0.000  ;    ; RE   ; 5      ; LAB_INPUT_X51_Y29_N0_I0               ; LAB_INPUT                                     ;
;   3.817  ;   0.000  ; RR ; IC   ; 1      ; FF_X51_Y29_N38                        ; state_array[0][3][38]|clk                     ;
;   4.472  ;   0.655  ; RR ; CELL ; 1      ; FF_X51_Y29_N38                        ; state_array[0][3][38]                         ;
; 11.243   ; 6.771    ;    ;      ;        ;                                       ; data path                                     ;
;   4.472  ;   0.000  ;    ; uTco ; 1      ; FF_X51_Y29_N38                        ; state_array[0][3][38]                         ;
;   4.472  ;   0.000  ; FF ; CELL ; 4      ; FF_X51_Y29_N38                        ; state_array[0][3][38]|q                       ;
;   4.531  ;   0.059  ;    ; RE   ; 2      ; FF_X51_Y29_N38                        ; ARRIAV_FF                                     ;
;   4.621  ;   0.090  ;    ; RE   ; 1      ; LE_BUFFER_X51_Y29_N0_I25              ; LE_BUFFER                                     ;
;   4.849  ;   0.228  ;    ; RE   ; 1      ; C2_X50_Y27_N0_I14                     ; V_SEG2                                        ;
;   5.105  ;   0.256  ;    ; RE   ; 2      ; C2_X50_Y25_N0_I14                     ; V_SEG2                                        ;
;   5.342  ;   0.237  ;    ; RE   ; 1      ; C2_X50_Y23_N0_I14                     ; V_SEG2                                        ;
;   5.602  ;   0.260  ;    ; RE   ; 1      ; R6_X51_Y24_N0_I6                      ; H_SEG6                                        ;
;   5.874  ;   0.272  ;    ; RE   ; 2      ; LOCAL_INTERCONNECT_X52_Y24_N0_I12     ; LAB_LINE                                      ;
;   6.015  ;   0.141  ;    ; RE   ; 1      ; BLOCK_INPUT_MUX_X52_Y24_N0_I57        ; LEIM_INPUT                                    ;
;   6.015  ;   0.000  ; FF ; IC   ; 1      ; MLABCELL_X52_Y24_N42                  ; KSU|u_theta|C[0][38]|dataf                    ;
;   6.119  ;   0.104  ; FR ; CELL ; 2      ; MLABCELL_X52_Y24_N42                  ; KSU|u_theta|C[0][38]|combout                  ;
;   6.119  ;   0.000  ;    ; RE   ; 1      ; MLABCELL_X52_Y24_N42                  ; ARRIAV_LCELL_COMB                             ;
;   6.241  ;   0.122  ;    ; RE   ; 2      ; LOCAL_LINE_X52_Y24_N0_I14             ; LOCAL_LINE                                    ;
;   6.416  ;   0.175  ;    ; RE   ; 1      ; BLOCK_INPUT_MUX_X52_Y24_N0_I45        ; LEIM_INPUT                                    ;
;   6.415  ;   -0.001 ; RR ; IC   ; 1      ; MLABCELL_X52_Y24_N33                  ; KSU|u_theta|state_array_o[4][0][39]~0|datac   ;
;   6.961  ;   0.546  ; RF ; CELL ; 13     ; MLABCELL_X52_Y24_N33                  ; KSU|u_theta|state_array_o[4][0][39]~0|combout ;
;   6.961  ;   0.000  ;    ; RE   ; 2      ; MLABCELL_X52_Y24_N33                  ; ARRIAV_LCELL_COMB                             ;
;   7.079  ;   0.118  ;    ; RE   ; 3      ; LE_BUFFER_X52_Y24_N0_I23              ; LE_BUFFER                                     ;
;   7.401  ;   0.322  ;    ; RE   ; 1      ; C4_X51_Y25_N0_I3                      ; V_SEG4                                        ;
;   7.753  ;   0.352  ;    ; RE   ; 1      ; C4_X51_Y29_N0_I3                      ; V_SEG4                                        ;
;   8.238  ;   0.485  ;    ; RE   ; 1      ; R6_X52_Y30_N0_I11                     ; H_SEG6                                        ;
;   8.517  ;   0.279  ;    ; RE   ; 3      ; LOCAL_INTERCONNECT_X57_Y30_N0_I23     ; LAB_LINE                                      ;
;   8.628  ;   0.111  ;    ; RE   ; 1      ; BLOCK_INPUT_MUX_X57_Y30_N0_I19        ; LEIM_INPUT                                    ;
;   8.629  ;   0.001  ; FF ; IC   ; 1      ; LABCELL_X57_Y30_N12                   ; state_array~86|datab                          ;
;   9.250  ;   0.621  ; FF ; CELL ; 1      ; LABCELL_X57_Y30_N12                   ; state_array~86|combout                        ;
;   9.250  ;   0.000  ;    ; RE   ; 1      ; LABCELL_X57_Y30_N12                   ; ARRIAV_LCELL_COMB                             ;
;   9.325  ;   0.075  ;    ; RE   ; 1      ; LE_BUFFER_X57_Y30_N0_I8               ; LE_BUFFER                                     ;
;   9.626  ;   0.301  ;    ; RE   ; 1      ; C4_X57_Y31_N0_I2                      ; V_SEG4                                        ;
;   10.089 ;   0.463  ;    ; RE   ; 1      ; C4_X57_Y35_N0_I2                      ; V_SEG4                                        ;
;   10.479 ;   0.390  ;    ; RE   ; 1      ; R3_X58_Y37_N0_I5                      ; H_SEG3                                        ;
;   10.720 ;   0.241  ;    ; RE   ; 1      ; LOCAL_INTERCONNECT_X59_Y37_N0_I10     ; LAB_LINE                                      ;
;   10.849 ;   0.129  ;    ; RE   ; 1      ; BLOCK_INPUT_MUX_X59_Y37_N0_I1         ; LEIM_INPUT                                    ;
;   10.850 ;   0.001  ; FF ; IC   ; 1      ; MLABCELL_X59_Y37_N0                   ; state_array~87|dataf                          ;
;   10.936 ;   0.086  ; FF ; CELL ; 1      ; MLABCELL_X59_Y37_N0                   ; state_array~87|combout                        ;
;   10.936 ;   0.000  ;    ; RE   ; 1      ; MLABCELL_X59_Y37_N0                   ; ARRIAV_LCELL_COMB                             ;
;   10.936 ;   0.000  ; FF ; IC   ; 1      ; FF_X59_Y37_N2                         ; state_array[4][3][2]|d                        ;
;   11.243 ;   0.307  ; FF ; CELL ; 1      ; FF_X59_Y37_N2                         ; state_array[4][3][2]                          ;
+----------+----------+----+------+--------+---------------------------------------+-----------------------------------------------+

+------------------------------------------------------------------------------------------------------------+
; Data Required Path                                                                                         ;
+----------+---------+----+------+--------+---------------------------------------+--------------------------+
; Total    ; Incr    ; RF ; Type ; Fanout ; Location                              ; Element                  ;
+----------+---------+----+------+--------+---------------------------------------+--------------------------+
; 7.407    ; 7.407   ;    ;      ;        ;                                       ; latch edge time          ;
; 11.770   ; 4.363   ;    ;      ;        ;                                       ; clock path               ;
;   7.407  ;   0.000 ;    ;      ;        ;                                       ; source latency           ;
;   7.407  ;   0.000 ;    ;      ; 1      ; PIN_M16                               ; clk                      ;
;   7.407  ;   0.000 ;    ; RE   ; 1      ; IOPAD_X89_Y35_N60                     ; ARRIAV_IO_PAD            ;
;   7.407  ;   0.000 ;    ; RE   ; 1      ; IO_PAD_OUTPUT_X89_Y35_N60_I1          ; IO_PAD_OUTPUT            ;
;   7.407  ;   0.000 ;    ; RE   ; 1      ; IO_INPUT_BUFFER_INPUT_X89_Y35_N61_I0  ; IO_INPUT_BUFFER_INPUT    ;
;   7.407  ;   0.000 ; RR ; IC   ; 1      ; IOIBUF_X89_Y35_N61                    ; clk~input|i              ;
;   8.146  ;   0.739 ; RR ; CELL ; 1      ; IOIBUF_X89_Y35_N61                    ; clk~input|o              ;
;   8.146  ;   0.000 ;    ; RE   ; 1      ; IOIBUF_X89_Y35_N61                    ; ARRIAV_IO_IBUF           ;
;   8.146  ;   0.000 ;    ; RE   ; 1      ; IO_INPUT_BUFFER_OUTPUT_X89_Y35_N61_I2 ; IO_INPUT_BUFFER_OUTPUT   ;
;   8.146  ;   0.000 ;    ; RE   ; 1      ; IO_RE_X89_Y35_N60_I96                 ; IO_RE                    ;
;   8.234  ;   0.088 ;    ; RE   ; 1      ; IO_RE_X89_Y35_N60_I66                 ; IO_RE                    ;
;   8.509  ;   0.275 ;    ; RE   ; 1      ; CLKBUF_CLUSTER_RE_X89_Y39_N3_I421     ; CLKBUF_CLUSTER_RE        ;
;   8.509  ;   0.000 ;    ; RE   ; 1      ; CLKBUF_CLUSTER_RE_X89_Y39_N3_I772     ; CLKBUF_CLUSTER_RE        ;
;   8.509  ;   0.000 ;    ; RE   ; 1      ; CLKBUF_CLUSTER_RE_X89_Y39_N3_I557     ; CLKBUF_CLUSTER_RE        ;
;   8.509  ;   0.000 ;    ; RE   ; 1      ; GCLK_CLUSTER_RE_X89_Y39_N6_I10        ; GCLK_CLUSTER_RE          ;
;   8.509  ;   0.000 ;    ; RE   ; 1      ; CLKBUFBLOCK_INPUT_X89_Y39_N7_I0       ; CLKBUFBLOCK_INPUT        ;
;   8.509  ;   0.000 ; RR ; IC   ; 1      ; CLKCTRL_G9                            ; clk~inputCLKENA0|inclk   ;
;   8.979  ;   0.470 ; RR ; CELL ; 1674   ; CLKCTRL_G9                            ; clk~inputCLKENA0|outclk  ;
;   8.979  ;   0.000 ;    ; RE   ; 1      ; CLKCTRL_G9                            ; ARRIAV_CLKBUF            ;
;   8.979  ;   0.000 ;    ; RE   ; 1      ; CLKBUFBLOCK_OUTPUT_X89_Y39_N7_I2      ; CLKBUFBLOCK_OUTPUT       ;
;   8.979  ;   0.000 ;    ; RE   ; 1      ; GCLK_CLUSTER_RE_X89_Y39_N6_I12        ; GCLK_CLUSTER_RE          ;
;   8.979  ;   0.000 ;    ; RE   ; 1      ; CLKBUF_CLUSTER_RE_X89_Y39_N3_I416     ; CLKBUF_CLUSTER_RE        ;
;   9.771  ;   0.792 ;    ; RE   ; 5      ; GLOBAL_CLOCK_X0_Y36_N0_I9             ; GLOBAL_CLOCK             ;
;   9.932  ;   0.161 ;    ; RE   ; 3      ; SPINE_CLOCK_X55_Y37_N0_I22            ; SPINE_CLOCK              ;
;   10.352 ;   0.420 ;    ; RE   ; 1      ; SCLK_TO_ROWCLK_BUF_X55_Y37_N0_I132    ; SCLK_TO_ROWCLK_BUF       ;
;   10.443 ;   0.091 ;    ; RE   ; 2      ; SCLK_TO_ROWCLK_BUF_X55_Y37_N0_I135    ; SCLK_TO_ROWCLK_BUF       ;
;   10.908 ;   0.465 ;    ; RE   ; 10     ; LAB_CLK_X56_Y37_N0_I2                 ; LAB_CLK                  ;
;   11.037 ;   0.129 ;    ; RE   ; 1      ; BLK_CLK_BUF_X59_Y37_N0_I2             ; BLK_CLK_BUF              ;
;   11.092 ;   0.055 ;    ; RE   ; 1      ; ROWCLKSEL_PREBUF_X59_Y37_N0_I2        ; ROWCLKSEL_PREBUF         ;
;   11.146 ;   0.054 ;    ; RE   ; 1      ; ROWCLKSEL_X59_Y37_N0_I0               ; ROWCLKSEL                ;
;   11.146 ;   0.000 ;    ; RE   ; 1      ; GLOBAL_LOCAL_SEL_X59_Y37_N0_I0        ; GLOBAL_LOCAL_SEL         ;
;   11.146 ;   0.000 ;    ; RE   ; 7      ; LAB_INPUT_X59_Y37_N0_I0               ; LAB_INPUT                ;
;   11.146 ;   0.000 ; RR ; IC   ; 1      ; FF_X59_Y37_N2                         ; state_array[4][3][2]|clk ;
;   11.710 ;   0.564 ; RR ; CELL ; 1      ; FF_X59_Y37_N2                         ; state_array[4][3][2]     ;
;   11.770 ;   0.060 ;    ;      ;        ;                                       ; clock pessimism removed  ;
; 11.670   ; -0.100  ;    ;      ;        ;                                       ; clock uncertainty        ;
; 11.670   ; 0.000   ;    ; uTsu ; 1      ; FF_X59_Y37_N2                         ; state_array[4][3][2]     ;
+----------+---------+----+------+--------+---------------------------------------+--------------------------+

----------------------------
; Extra Fitter Information ;
----------------------------
HTML report is unavailable in plain text report export.


Path #5: Setup slack is 0.457 
===============================================================================
+--------------------------------------------+
; Path Summary                               ;
+--------------------+-----------------------+
; Property           ; Value                 ;
+--------------------+-----------------------+
; From Node          ; state_array[1][3][51] ;
; To Node            ; state_array[0][1][55] ;
; Launch Clock       ; clk                   ;
; Latch Clock        ; clk                   ;
; Data Arrival Time  ; 11.136                ;
; Data Required Time ; 11.593                ;
; Slack              ; 0.457                 ;
+--------------------+-----------------------+

+-------------------------------------------------------------------------------------+
; Statistics                                                                          ;
+------------------------+--------+-------+-------------+------------+--------+-------+
; Property               ; Value  ; Count ; Total Delay ; % of Total ; Min    ; Max   ;
+------------------------+--------+-------+-------------+------------+--------+-------+
; Setup Relationship     ; 7.407  ;       ;             ;            ;        ;       ;
; Clock Skew             ; -0.170 ;       ;             ;            ;        ;       ;
; Data Delay             ; 6.680  ;       ;             ;            ;        ;       ;
; Number of Logic Levels ;        ; 5     ;             ;            ;        ;       ;
; Physical Delays        ;        ;       ;             ;            ;        ;       ;
;  Arrival Path          ;        ;       ;             ;            ;        ;       ;
;   Clock                ;        ;       ;             ;            ;        ;       ;
;    IC                  ;        ; 3     ; 0.000       ; 0          ; 0.000  ; 0.000 ;
;    Cell                ;        ; 3     ; 1.901       ; 43         ; 0.507  ; 0.739 ;
;    Routing Element     ;        ; 26    ; 2.555       ; 57         ; 0.000  ; 0.826 ;
;   Data                 ;        ;       ;             ;            ;        ;       ;
;    IC                  ;        ; 6     ; 0.000       ; 0          ; -0.001 ; 0.001 ;
;    Cell                ;        ; 7     ; 1.288       ; 19         ; 0.000  ; 0.596 ;
;    uTco                ;        ; 1     ; 0.000       ; 0          ; 0.000  ; 0.000 ;
;    Routing Element     ;        ; 32    ; 5.392       ; 81         ; 0.000  ; 0.366 ;
;  Required Path         ;        ;       ;             ;            ;        ;       ;
;   Clock                ;        ;       ;             ;            ;        ;       ;
;    IC                  ;        ; 3     ; 0.002       ; 0          ; 0.000  ; 0.002 ;
;    Cell                ;        ; 3     ; 1.773       ; 42         ; 0.470  ; 0.739 ;
;    Routing Element     ;        ; 26    ; 2.451       ; 58         ; 0.000  ; 0.776 ;
+------------------------+--------+-------+-------------+------------+--------+-------+
Note: Negative delays are omitted from totals when calculating percentages

+--------------------------------------------------------------------------------------------------------------------------------------+
; Data Arrival Path                                                                                                                    ;
+----------+----------+----+------+--------+-------------------------------------------+-----------------------------------------------+
; Total    ; Incr     ; RF ; Type ; Fanout ; Location                                  ; Element                                       ;
+----------+----------+----+------+--------+-------------------------------------------+-----------------------------------------------+
; 0.000    ; 0.000    ;    ;      ;        ;                                           ; launch edge time                              ;
; 4.456    ; 4.456    ;    ;      ;        ;                                           ; clock path                                    ;
;   0.000  ;   0.000  ;    ;      ;        ;                                           ; source latency                                ;
;   0.000  ;   0.000  ;    ;      ; 1      ; PIN_M16                                   ; clk                                           ;
;   0.000  ;   0.000  ;    ; RE   ; 1      ; IOPAD_X89_Y35_N60                         ; ARRIAV_IO_PAD                                 ;
;   0.000  ;   0.000  ;    ; RE   ; 1      ; IO_PAD_OUTPUT_X89_Y35_N60_I1              ; IO_PAD_OUTPUT                                 ;
;   0.000  ;   0.000  ;    ; RE   ; 1      ; IO_INPUT_BUFFER_INPUT_X89_Y35_N61_I0      ; IO_INPUT_BUFFER_INPUT                         ;
;   0.000  ;   0.000  ; RR ; IC   ; 1      ; IOIBUF_X89_Y35_N61                        ; clk~input|i                                   ;
;   0.739  ;   0.739  ; RR ; CELL ; 1      ; IOIBUF_X89_Y35_N61                        ; clk~input|o                                   ;
;   0.739  ;   0.000  ;    ; RE   ; 1      ; IOIBUF_X89_Y35_N61                        ; ARRIAV_IO_IBUF                                ;
;   0.739  ;   0.000  ;    ; RE   ; 1      ; IO_INPUT_BUFFER_OUTPUT_X89_Y35_N61_I2     ; IO_INPUT_BUFFER_OUTPUT                        ;
;   0.739  ;   0.000  ;    ; RE   ; 1      ; IO_RE_X89_Y35_N60_I96                     ; IO_RE                                         ;
;   0.833  ;   0.094  ;    ; RE   ; 1      ; IO_RE_X89_Y35_N60_I66                     ; IO_RE                                         ;
;   1.125  ;   0.292  ;    ; RE   ; 1      ; CLKBUF_CLUSTER_RE_X89_Y39_N3_I421         ; CLKBUF_CLUSTER_RE                             ;
;   1.125  ;   0.000  ;    ; RE   ; 1      ; CLKBUF_CLUSTER_RE_X89_Y39_N3_I772         ; CLKBUF_CLUSTER_RE                             ;
;   1.125  ;   0.000  ;    ; RE   ; 1      ; CLKBUF_CLUSTER_RE_X89_Y39_N3_I557         ; CLKBUF_CLUSTER_RE                             ;
;   1.125  ;   0.000  ;    ; RE   ; 1      ; GCLK_CLUSTER_RE_X89_Y39_N6_I10            ; GCLK_CLUSTER_RE                               ;
;   1.125  ;   0.000  ;    ; RE   ; 1      ; CLKBUFBLOCK_INPUT_X89_Y39_N7_I0           ; CLKBUFBLOCK_INPUT                             ;
;   1.125  ;   0.000  ; RR ; IC   ; 1      ; CLKCTRL_G9                                ; clk~inputCLKENA0|inclk                        ;
;   1.632  ;   0.507  ; RR ; CELL ; 1674   ; CLKCTRL_G9                                ; clk~inputCLKENA0|outclk                       ;
;   1.632  ;   0.000  ;    ; RE   ; 1      ; CLKCTRL_G9                                ; ARRIAV_CLKBUF                                 ;
;   1.632  ;   0.000  ;    ; RE   ; 1      ; CLKBUFBLOCK_OUTPUT_X89_Y39_N7_I2          ; CLKBUFBLOCK_OUTPUT                            ;
;   1.632  ;   0.000  ;    ; RE   ; 1      ; GCLK_CLUSTER_RE_X89_Y39_N6_I12            ; GCLK_CLUSTER_RE                               ;
;   1.632  ;   0.000  ;    ; RE   ; 1      ; CLKBUF_CLUSTER_RE_X89_Y39_N3_I416         ; CLKBUF_CLUSTER_RE                             ;
;   2.458  ;   0.826  ;    ; RE   ; 5      ; GLOBAL_CLOCK_X0_Y36_N0_I9                 ; GLOBAL_CLOCK                                  ;
;   2.598  ;   0.140  ;    ; RE   ; 15     ; SPINE_CLOCK_X77_Y19_N0_I7                 ; SPINE_CLOCK                                   ;
;   3.001  ;   0.403  ;    ; RE   ; 1      ; SCLK_TO_ROWCLK_BUF_X77_Y26_N0_I43         ; SCLK_TO_ROWCLK_BUF                            ;
;   3.085  ;   0.084  ;    ; RE   ; 1      ; SCLK_TO_ROWCLK_BUF_X77_Y26_N0_I46         ; SCLK_TO_ROWCLK_BUF                            ;
;   3.553  ;   0.468  ;    ; RE   ; 7      ; LAB_CLK_X67_Y26_N0_I5                     ; LAB_CLK                                       ;
;   3.687  ;   0.134  ;    ; RE   ; 1      ; BLK_CLK_BUF_X72_Y26_N0_I5                 ; BLK_CLK_BUF                                   ;
;   3.742  ;   0.055  ;    ; RE   ; 1      ; ROWCLKSEL_PREBUF_X72_Y26_N0_I5            ; ROWCLKSEL_PREBUF                              ;
;   3.801  ;   0.059  ;    ; RE   ; 1      ; ROWCLKSEL_X72_Y26_N0_I0                   ; ROWCLKSEL                                     ;
;   3.801  ;   0.000  ;    ; RE   ; 1      ; GLOBAL_LOCAL_SEL_X72_Y26_N0_I0            ; GLOBAL_LOCAL_SEL                              ;
;   3.801  ;   0.000  ;    ; RE   ; 5      ; LAB_INPUT_X72_Y26_N0_I0                   ; LAB_INPUT                                     ;
;   3.801  ;   0.000  ; RR ; IC   ; 1      ; FF_X72_Y26_N38                            ; state_array[1][3][51]|clk                     ;
;   4.456  ;   0.655  ; RR ; CELL ; 1      ; FF_X72_Y26_N38                            ; state_array[1][3][51]                         ;
; 11.136   ; 6.680    ;    ;      ;        ;                                           ; data path                                     ;
;   4.456  ;   0.000  ;    ; uTco ; 1      ; FF_X72_Y26_N38                            ; state_array[1][3][51]                         ;
;   4.456  ;   0.000  ; FF ; CELL ; 6      ; FF_X72_Y26_N38                            ; state_array[1][3][51]|q                       ;
;   4.515  ;   0.059  ;    ; RE   ; 2      ; FF_X72_Y26_N38                            ; ARRIAV_FF                                     ;
;   4.646  ;   0.131  ;    ; RE   ; 2      ; LE_BUFFER_X72_Y26_N0_I25                  ; LE_BUFFER                                     ;
;   4.940  ;   0.294  ;    ; RE   ; 1      ; C2_X71_Y27_N0_I1                          ; V_SEG2                                        ;
;   5.272  ;   0.332  ;    ; RE   ; 1      ; R6_X66_Y28_N0_I27                         ; H_SEG6                                        ;
;   5.523  ;   0.251  ;    ; RE   ; 1      ; LOCAL_INTERCONNECT_X71_Y28_N0_I14         ; LAB_LINE                                      ;
;   5.654  ;   0.131  ;    ; RE   ; 1      ; BLOCK_INPUT_MUX_X71_Y28_N0_I61            ; LEIM_INPUT                                    ;
;   5.654  ;   0.000  ; FF ; IC   ; 1      ; LABCELL_X71_Y28_N42                       ; KSU|u_theta|C[1][51]|datad                    ;
;   6.250  ;   0.596  ; FF ; CELL ; 2      ; LABCELL_X71_Y28_N42                       ; KSU|u_theta|C[1][51]|combout                  ;
;   6.250  ;   0.000  ;    ; RE   ; 1      ; LABCELL_X71_Y28_N42                       ; ARRIAV_LCELL_COMB                             ;
;   6.358  ;   0.108  ;    ; RE   ; 2      ; LE_BUFFER_X71_Y28_N0_I29                  ; LE_BUFFER                                     ;
;   6.579  ;   0.221  ;    ; RE   ; 1      ; C2_X70_Y26_N0_I15                         ; V_SEG2                                        ;
;   6.790  ;   0.211  ;    ; RE   ; 1      ; R3_X68_Y27_N0_I13                         ; H_SEG3                                        ;
;   6.966  ;   0.176  ;    ; RE   ; 1      ; LOCAL_INTERCONNECT_X70_Y27_N0_I45         ; LAB_LINE                                      ;
;   7.111  ;   0.145  ;    ; RE   ; 1      ; BLOCK_INPUT_MUX_X70_Y27_N0_I39            ; LEIM_INPUT                                    ;
;   7.111  ;   0.000  ; FF ; IC   ; 1      ; LABCELL_X70_Y27_N27                       ; KSU|u_theta|state_array_o[0][4][52]~0|dataf   ;
;   7.203  ;   0.092  ; FF ; CELL ; 5      ; LABCELL_X70_Y27_N27                       ; KSU|u_theta|state_array_o[0][4][52]~0|combout ;
;   7.203  ;   0.000  ;    ; RE   ; 2      ; LABCELL_X70_Y27_N27                       ; ARRIAV_LCELL_COMB                             ;
;   7.305  ;   0.102  ;    ; RE   ; 2      ; LE_BUFFER_X70_Y27_N0_I19                  ; LE_BUFFER                                     ;
;   7.579  ;   0.274  ;    ; RE   ; 1      ; R6_X64_Y27_N0_I38                         ; H_SEG6                                        ;
;   7.579  ;   0.000  ;    ; RE   ; 1      ; R14_C12_INTERCONNECT_DRIVER_X67_Y27_N0_I3 ; WIRE_MUX                                      ;
;   7.928  ;   0.349  ;    ; RE   ; 1      ; R14_X54_Y27_N0_I1                         ; H_SEG14                                       ;
;   8.227  ;   0.299  ;    ; RE   ; 1      ; R3_X51_Y27_N0_I22                         ; H_SEG3                                        ;
;   8.545  ;   0.318  ;    ; RE   ; 1      ; R6_X45_Y27_N0_I35                         ; H_SEG6                                        ;
;   8.780  ;   0.235  ;    ; RE   ; 1      ; LOCAL_INTERCONNECT_X47_Y27_N0_I10         ; LAB_LINE                                      ;
;   8.905  ;   0.125  ;    ; RE   ; 1      ; BLOCK_INPUT_MUX_X47_Y27_N0_I25            ; LEIM_INPUT                                    ;
;   8.904  ;   -0.001 ; FF ; IC   ; 1      ; MLABCELL_X47_Y27_N18                      ; KSU|u_theta|state_array_o[0][2][52]|dataf     ;
;   8.998  ;   0.094  ; FF ; CELL ; 3      ; MLABCELL_X47_Y27_N18                      ; KSU|u_theta|state_array_o[0][2][52]|combout   ;
;   8.998  ;   0.000  ;    ; RE   ; 2      ; MLABCELL_X47_Y27_N18                      ; ARRIAV_LCELL_COMB                             ;
;   9.072  ;   0.074  ;    ; RE   ; 1      ; LE_BUFFER_X47_Y27_N0_I12                  ; LE_BUFFER                                     ;
;   9.263  ;   0.191  ;    ; RE   ; 1      ; R3_X48_Y27_N0_I1                          ; H_SEG3                                        ;
;   9.498  ;   0.235  ;    ; RE   ; 1      ; C2_X49_Y25_N0_I11                         ; V_SEG2                                        ;
;   9.864  ;   0.366  ;    ; RE   ; 1      ; R6_X50_Y26_N0_I10                         ; H_SEG6                                        ;
;   10.165 ;   0.301  ;    ; RE   ; 1      ; LOCAL_INTERCONNECT_X56_Y26_N0_I33         ; LAB_LINE                                      ;
;   10.349 ;   0.184  ;    ; RE   ; 1      ; BLOCK_INPUT_MUX_X56_Y26_N0_I71            ; LEIM_INPUT                                    ;
;   10.350 ;   0.001  ; FF ; IC   ; 1      ; LABCELL_X56_Y26_N51                       ; KSU|u_chi|state_array_o[0][1][55]|dataf       ;
;   10.456 ;   0.106  ; FR ; CELL ; 1      ; LABCELL_X56_Y26_N51                       ; KSU|u_chi|state_array_o[0][1][55]|combout     ;
;   10.456 ;   0.000  ;    ; RE   ; 1      ; LABCELL_X56_Y26_N51                       ; ARRIAV_LCELL_COMB                             ;
;   10.568 ;   0.112  ;    ; RE   ; 1      ; LOCAL_LINE_X56_Y26_N0_I17                 ; LOCAL_LINE                                    ;
;   10.736 ;   0.168  ;    ; RE   ; 1      ; BLOCK_INPUT_MUX_X56_Y26_N0_I73            ; LEIM_INPUT                                    ;
;   10.736 ;   0.000  ; RR ; IC   ; 1      ; LABCELL_X56_Y26_N54                       ; state_array~1835|dataf                        ;
;   10.830 ;   0.094  ; RR ; CELL ; 1      ; LABCELL_X56_Y26_N54                       ; state_array~1835|combout                      ;
;   10.830 ;   0.000  ;    ; RE   ; 1      ; LABCELL_X56_Y26_N54                       ; ARRIAV_LCELL_COMB                             ;
;   10.830 ;   0.000  ; RR ; IC   ; 1      ; FF_X56_Y26_N56                            ; state_array[0][1][55]|d                       ;
;   11.136 ;   0.306  ; RR ; CELL ; 1      ; FF_X56_Y26_N56                            ; state_array[0][1][55]                         ;
+----------+----------+----+------+--------+-------------------------------------------+-----------------------------------------------+

+-------------------------------------------------------------------------------------------------------------+
; Data Required Path                                                                                          ;
+----------+---------+----+------+--------+---------------------------------------+---------------------------+
; Total    ; Incr    ; RF ; Type ; Fanout ; Location                              ; Element                   ;
+----------+---------+----+------+--------+---------------------------------------+---------------------------+
; 7.407    ; 7.407   ;    ;      ;        ;                                       ; latch edge time           ;
; 11.693   ; 4.286   ;    ;      ;        ;                                       ; clock path                ;
;   7.407  ;   0.000 ;    ;      ;        ;                                       ; source latency            ;
;   7.407  ;   0.000 ;    ;      ; 1      ; PIN_M16                               ; clk                       ;
;   7.407  ;   0.000 ;    ; RE   ; 1      ; IOPAD_X89_Y35_N60                     ; ARRIAV_IO_PAD             ;
;   7.407  ;   0.000 ;    ; RE   ; 1      ; IO_PAD_OUTPUT_X89_Y35_N60_I1          ; IO_PAD_OUTPUT             ;
;   7.407  ;   0.000 ;    ; RE   ; 1      ; IO_INPUT_BUFFER_INPUT_X89_Y35_N61_I0  ; IO_INPUT_BUFFER_INPUT     ;
;   7.407  ;   0.000 ; RR ; IC   ; 1      ; IOIBUF_X89_Y35_N61                    ; clk~input|i               ;
;   8.146  ;   0.739 ; RR ; CELL ; 1      ; IOIBUF_X89_Y35_N61                    ; clk~input|o               ;
;   8.146  ;   0.000 ;    ; RE   ; 1      ; IOIBUF_X89_Y35_N61                    ; ARRIAV_IO_IBUF            ;
;   8.146  ;   0.000 ;    ; RE   ; 1      ; IO_INPUT_BUFFER_OUTPUT_X89_Y35_N61_I2 ; IO_INPUT_BUFFER_OUTPUT    ;
;   8.146  ;   0.000 ;    ; RE   ; 1      ; IO_RE_X89_Y35_N60_I96                 ; IO_RE                     ;
;   8.234  ;   0.088 ;    ; RE   ; 1      ; IO_RE_X89_Y35_N60_I66                 ; IO_RE                     ;
;   8.509  ;   0.275 ;    ; RE   ; 1      ; CLKBUF_CLUSTER_RE_X89_Y39_N3_I421     ; CLKBUF_CLUSTER_RE         ;
;   8.509  ;   0.000 ;    ; RE   ; 1      ; CLKBUF_CLUSTER_RE_X89_Y39_N3_I772     ; CLKBUF_CLUSTER_RE         ;
;   8.509  ;   0.000 ;    ; RE   ; 1      ; CLKBUF_CLUSTER_RE_X89_Y39_N3_I557     ; CLKBUF_CLUSTER_RE         ;
;   8.509  ;   0.000 ;    ; RE   ; 1      ; GCLK_CLUSTER_RE_X89_Y39_N6_I10        ; GCLK_CLUSTER_RE           ;
;   8.509  ;   0.000 ;    ; RE   ; 1      ; CLKBUFBLOCK_INPUT_X89_Y39_N7_I0       ; CLKBUFBLOCK_INPUT         ;
;   8.509  ;   0.000 ; RR ; IC   ; 1      ; CLKCTRL_G9                            ; clk~inputCLKENA0|inclk    ;
;   8.979  ;   0.470 ; RR ; CELL ; 1674   ; CLKCTRL_G9                            ; clk~inputCLKENA0|outclk   ;
;   8.979  ;   0.000 ;    ; RE   ; 1      ; CLKCTRL_G9                            ; ARRIAV_CLKBUF             ;
;   8.979  ;   0.000 ;    ; RE   ; 1      ; CLKBUFBLOCK_OUTPUT_X89_Y39_N7_I2      ; CLKBUFBLOCK_OUTPUT        ;
;   8.979  ;   0.000 ;    ; RE   ; 1      ; GCLK_CLUSTER_RE_X89_Y39_N6_I12        ; GCLK_CLUSTER_RE           ;
;   8.979  ;   0.000 ;    ; RE   ; 1      ; CLKBUF_CLUSTER_RE_X89_Y39_N3_I416     ; CLKBUF_CLUSTER_RE         ;
;   9.755  ;   0.776 ;    ; RE   ; 5      ; GLOBAL_CLOCK_X0_Y36_N0_I9             ; GLOBAL_CLOCK              ;
;   9.890  ;   0.135 ;    ; RE   ; 16     ; SPINE_CLOCK_X55_Y19_N0_I22            ; SPINE_CLOCK               ;
;   10.279 ;   0.389 ;    ; RE   ; 1      ; SCLK_TO_ROWCLK_BUF_X55_Y26_N0_I133    ; SCLK_TO_ROWCLK_BUF        ;
;   10.370 ;   0.091 ;    ; RE   ; 2      ; SCLK_TO_ROWCLK_BUF_X55_Y26_N0_I136    ; SCLK_TO_ROWCLK_BUF        ;
;   10.830 ;   0.460 ;    ; RE   ; 10     ; LAB_CLK_X56_Y26_N0_I5                 ; LAB_CLK                   ;
;   10.959 ;   0.129 ;    ; RE   ; 1      ; BLK_CLK_BUF_X56_Y26_N0_I5             ; BLK_CLK_BUF               ;
;   11.013 ;   0.054 ;    ; RE   ; 1      ; ROWCLKSEL_PREBUF_X56_Y26_N0_I5        ; ROWCLKSEL_PREBUF          ;
;   11.067 ;   0.054 ;    ; RE   ; 1      ; ROWCLKSEL_X56_Y26_N0_I0               ; ROWCLKSEL                 ;
;   11.067 ;   0.000 ;    ; RE   ; 1      ; GLOBAL_LOCAL_SEL_X56_Y26_N0_I0        ; GLOBAL_LOCAL_SEL          ;
;   11.067 ;   0.000 ;    ; RE   ; 4      ; LAB_INPUT_X56_Y26_N0_I0               ; LAB_INPUT                 ;
;   11.069 ;   0.002 ; RR ; IC   ; 1      ; FF_X56_Y26_N56                        ; state_array[0][1][55]|clk ;
;   11.633 ;   0.564 ; RR ; CELL ; 1      ; FF_X56_Y26_N56                        ; state_array[0][1][55]     ;
;   11.693 ;   0.060 ;    ;      ;        ;                                       ; clock pessimism removed   ;
; 11.593   ; -0.100  ;    ;      ;        ;                                       ; clock uncertainty         ;
; 11.593   ; 0.000   ;    ; uTsu ; 1      ; FF_X56_Y26_N56                        ; state_array[0][1][55]     ;
+----------+---------+----+------+--------+---------------------------------------+---------------------------+

----------------------------
; Extra Fitter Information ;
----------------------------
HTML report is unavailable in plain text report export.


Path #6: Setup slack is 0.464 
===============================================================================
+--------------------------------------------+
; Path Summary                               ;
+--------------------+-----------------------+
; Property           ; Value                 ;
+--------------------+-----------------------+
; From Node          ; state_array[3][0][39] ;
; To Node            ; state_array[4][3][2]  ;
; Launch Clock       ; clk                   ;
; Latch Clock        ; clk                   ;
; Data Arrival Time  ; 11.206                ;
; Data Required Time ; 11.670                ;
; Slack              ; 0.464                 ;
+--------------------+-----------------------+

+------------------------------------------------------------------------------------+
; Statistics                                                                         ;
+------------------------+--------+-------+-------------+------------+-------+-------+
; Property               ; Value  ; Count ; Total Delay ; % of Total ; Min   ; Max   ;
+------------------------+--------+-------+-------------+------------+-------+-------+
; Setup Relationship     ; 7.407  ;       ;             ;            ;       ;       ;
; Clock Skew             ; -0.121 ;       ;             ;            ;       ;       ;
; Data Delay             ; 6.722  ;       ;             ;            ;       ;       ;
; Number of Logic Levels ;        ; 4     ;             ;            ;       ;       ;
; Physical Delays        ;        ;       ;             ;            ;       ;       ;
;  Arrival Path          ;        ;       ;             ;            ;       ;       ;
;   Clock                ;        ;       ;             ;            ;       ;       ;
;    IC                  ;        ; 3     ; 0.001       ; 0          ; 0.000 ; 0.001 ;
;    Cell                ;        ; 3     ; 1.901       ; 42         ; 0.507 ; 0.739 ;
;    Routing Element     ;        ; 26    ; 2.582       ; 58         ; 0.000 ; 0.821 ;
;   Data                 ;        ;       ;             ;            ;       ;       ;
;    IC                  ;        ; 5     ; 0.003       ; 0          ; 0.000 ; 0.001 ;
;    Cell                ;        ; 6     ; 1.806       ; 27         ; 0.000 ; 0.686 ;
;    uTco                ;        ; 1     ; 0.000       ; 0          ; 0.000 ; 0.000 ;
;    Routing Element     ;        ; 26    ; 4.913       ; 73         ; 0.000 ; 0.485 ;
;  Required Path         ;        ;       ;             ;            ;       ;       ;
;   Clock                ;        ;       ;             ;            ;       ;       ;
;    IC                  ;        ; 3     ; 0.000       ; 0          ; 0.000 ; 0.000 ;
;    Cell                ;        ; 3     ; 1.773       ; 41         ; 0.470 ; 0.739 ;
;    Routing Element     ;        ; 26    ; 2.530       ; 59         ; 0.000 ; 0.792 ;
+------------------------+--------+-------+-------------+------------+-------+-------+
Note: Negative delays are omitted from totals when calculating percentages

+-------------------------------------------------------------------------------------------------------------------------------------+
; Data Arrival Path                                                                                                                   ;
+----------+---------+----+------+--------+-------------------------------------------+-----------------------------------------------+
; Total    ; Incr    ; RF ; Type ; Fanout ; Location                                  ; Element                                       ;
+----------+---------+----+------+--------+-------------------------------------------+-----------------------------------------------+
; 0.000    ; 0.000   ;    ;      ;        ;                                           ; launch edge time                              ;
; 4.484    ; 4.484   ;    ;      ;        ;                                           ; clock path                                    ;
;   0.000  ;   0.000 ;    ;      ;        ;                                           ; source latency                                ;
;   0.000  ;   0.000 ;    ;      ; 1      ; PIN_M16                                   ; clk                                           ;
;   0.000  ;   0.000 ;    ; RE   ; 1      ; IOPAD_X89_Y35_N60                         ; ARRIAV_IO_PAD                                 ;
;   0.000  ;   0.000 ;    ; RE   ; 1      ; IO_PAD_OUTPUT_X89_Y35_N60_I1              ; IO_PAD_OUTPUT                                 ;
;   0.000  ;   0.000 ;    ; RE   ; 1      ; IO_INPUT_BUFFER_INPUT_X89_Y35_N61_I0      ; IO_INPUT_BUFFER_INPUT                         ;
;   0.000  ;   0.000 ; RR ; IC   ; 1      ; IOIBUF_X89_Y35_N61                        ; clk~input|i                                   ;
;   0.739  ;   0.739 ; RR ; CELL ; 1      ; IOIBUF_X89_Y35_N61                        ; clk~input|o                                   ;
;   0.739  ;   0.000 ;    ; RE   ; 1      ; IOIBUF_X89_Y35_N61                        ; ARRIAV_IO_IBUF                                ;
;   0.739  ;   0.000 ;    ; RE   ; 1      ; IO_INPUT_BUFFER_OUTPUT_X89_Y35_N61_I2     ; IO_INPUT_BUFFER_OUTPUT                        ;
;   0.739  ;   0.000 ;    ; RE   ; 1      ; IO_RE_X89_Y35_N60_I96                     ; IO_RE                                         ;
;   0.833  ;   0.094 ;    ; RE   ; 1      ; IO_RE_X89_Y35_N60_I66                     ; IO_RE                                         ;
;   1.125  ;   0.292 ;    ; RE   ; 1      ; CLKBUF_CLUSTER_RE_X89_Y39_N3_I421         ; CLKBUF_CLUSTER_RE                             ;
;   1.125  ;   0.000 ;    ; RE   ; 1      ; CLKBUF_CLUSTER_RE_X89_Y39_N3_I772         ; CLKBUF_CLUSTER_RE                             ;
;   1.125  ;   0.000 ;    ; RE   ; 1      ; CLKBUF_CLUSTER_RE_X89_Y39_N3_I557         ; CLKBUF_CLUSTER_RE                             ;
;   1.125  ;   0.000 ;    ; RE   ; 1      ; GCLK_CLUSTER_RE_X89_Y39_N6_I10            ; GCLK_CLUSTER_RE                               ;
;   1.125  ;   0.000 ;    ; RE   ; 1      ; CLKBUFBLOCK_INPUT_X89_Y39_N7_I0           ; CLKBUFBLOCK_INPUT                             ;
;   1.125  ;   0.000 ; RR ; IC   ; 1      ; CLKCTRL_G9                                ; clk~inputCLKENA0|inclk                        ;
;   1.632  ;   0.507 ; RR ; CELL ; 1674   ; CLKCTRL_G9                                ; clk~inputCLKENA0|outclk                       ;
;   1.632  ;   0.000 ;    ; RE   ; 1      ; CLKCTRL_G9                                ; ARRIAV_CLKBUF                                 ;
;   1.632  ;   0.000 ;    ; RE   ; 1      ; CLKBUFBLOCK_OUTPUT_X89_Y39_N7_I2          ; CLKBUFBLOCK_OUTPUT                            ;
;   1.632  ;   0.000 ;    ; RE   ; 1      ; GCLK_CLUSTER_RE_X89_Y39_N6_I12            ; GCLK_CLUSTER_RE                               ;
;   1.632  ;   0.000 ;    ; RE   ; 1      ; CLKBUF_CLUSTER_RE_X89_Y39_N3_I416         ; CLKBUF_CLUSTER_RE                             ;
;   2.453  ;   0.821 ;    ; RE   ; 5      ; GLOBAL_CLOCK_X0_Y36_N0_I9                 ; GLOBAL_CLOCK                                  ;
;   2.594  ;   0.141 ;    ; RE   ; 16     ; SPINE_CLOCK_X55_Y19_N0_I22                ; SPINE_CLOCK                                   ;
;   2.997  ;   0.403 ;    ; RE   ; 1      ; SCLK_TO_ROWCLK_BUF_X55_Y25_N0_I133        ; SCLK_TO_ROWCLK_BUF                            ;
;   3.091  ;   0.094 ;    ; RE   ; 2      ; SCLK_TO_ROWCLK_BUF_X55_Y25_N0_I136        ; SCLK_TO_ROWCLK_BUF                            ;
;   3.573  ;   0.482 ;    ; RE   ; 10     ; LAB_CLK_X56_Y25_N0_I5                     ; LAB_CLK                                       ;
;   3.713  ;   0.140 ;    ; RE   ; 1      ; BLK_CLK_BUF_X61_Y25_N0_I5                 ; BLK_CLK_BUF                                   ;
;   3.769  ;   0.056 ;    ; RE   ; 1      ; ROWCLKSEL_PREBUF_X61_Y25_N0_I5            ; ROWCLKSEL_PREBUF                              ;
;   3.828  ;   0.059 ;    ; RE   ; 1      ; ROWCLKSEL_X61_Y25_N0_I0                   ; ROWCLKSEL                                     ;
;   3.828  ;   0.000 ;    ; RE   ; 1      ; GLOBAL_LOCAL_SEL_X61_Y25_N0_I0            ; GLOBAL_LOCAL_SEL                              ;
;   3.828  ;   0.000 ;    ; RE   ; 5      ; LAB_INPUT_X61_Y25_N0_I0                   ; LAB_INPUT                                     ;
;   3.829  ;   0.001 ; RR ; IC   ; 1      ; FF_X61_Y25_N26                            ; state_array[3][0][39]|clk                     ;
;   4.484  ;   0.655 ; RR ; CELL ; 1      ; FF_X61_Y25_N26                            ; state_array[3][0][39]                         ;
; 11.206   ; 6.722   ;    ;      ;        ;                                           ; data path                                     ;
;   4.484  ;   0.000 ;    ; uTco ; 1      ; FF_X61_Y25_N26                            ; state_array[3][0][39]                         ;
;   4.484  ;   0.000 ; RR ; CELL ; 7      ; FF_X61_Y25_N26                            ; state_array[3][0][39]|q                       ;
;   4.568  ;   0.084 ;    ; RE   ; 2      ; FF_X61_Y25_N26                            ; ARRIAV_FF                                     ;
;   4.744  ;   0.176 ;    ; RE   ; 3      ; LE_BUFFER_X61_Y25_N0_I17                  ; LE_BUFFER                                     ;
;   4.962  ;   0.218 ;    ; RE   ; 1      ; R3_X58_Y25_N0_I22                         ; H_SEG3                                        ;
;   4.962  ;   0.000 ;    ; RE   ; 1      ; R14_C12_INTERCONNECT_DRIVER_X59_Y25_N0_I2 ; WIRE_MUX                                      ;
;   5.306  ;   0.344 ;    ; RE   ; 1      ; R14_X46_Y25_N0_I1                         ; H_SEG14                                       ;
;   5.493  ;   0.187 ;    ; RE   ; 1      ; C2_X51_Y23_N0_I19                         ; V_SEG2                                        ;
;   5.667  ;   0.174 ;    ; RE   ; 1      ; LOCAL_INTERCONNECT_X52_Y24_N0_I18         ; LAB_LINE                                      ;
;   5.795  ;   0.128 ;    ; RE   ; 1      ; BLOCK_INPUT_MUX_X52_Y24_N0_I66            ; LEIM_INPUT                                    ;
;   5.796  ;   0.001 ; RR ; IC   ; 1      ; MLABCELL_X52_Y24_N51                      ; KSU|u_theta|C[3][39]|dataa                    ;
;   6.482  ;   0.686 ; RR ; CELL ; 2      ; MLABCELL_X52_Y24_N51                      ; KSU|u_theta|C[3][39]|combout                  ;
;   6.482  ;   0.000 ;    ; RE   ; 1      ; MLABCELL_X52_Y24_N51                      ; ARRIAV_LCELL_COMB                             ;
;   6.628  ;   0.146 ;    ; RE   ; 2      ; LOCAL_LINE_X52_Y24_N0_I17                 ; LOCAL_LINE                                    ;
;   6.818  ;   0.190 ;    ; RE   ; 1      ; BLOCK_INPUT_MUX_X52_Y24_N0_I47            ; LEIM_INPUT                                    ;
;   6.818  ;   0.000 ; RR ; IC   ; 1      ; MLABCELL_X52_Y24_N33                      ; KSU|u_theta|state_array_o[4][0][39]~0|dataf   ;
;   6.924  ;   0.106 ; RF ; CELL ; 13     ; MLABCELL_X52_Y24_N33                      ; KSU|u_theta|state_array_o[4][0][39]~0|combout ;
;   6.924  ;   0.000 ;    ; RE   ; 2      ; MLABCELL_X52_Y24_N33                      ; ARRIAV_LCELL_COMB                             ;
;   7.042  ;   0.118 ;    ; RE   ; 3      ; LE_BUFFER_X52_Y24_N0_I23                  ; LE_BUFFER                                     ;
;   7.364  ;   0.322 ;    ; RE   ; 1      ; C4_X51_Y25_N0_I3                          ; V_SEG4                                        ;
;   7.716  ;   0.352 ;    ; RE   ; 1      ; C4_X51_Y29_N0_I3                          ; V_SEG4                                        ;
;   8.201  ;   0.485 ;    ; RE   ; 1      ; R6_X52_Y30_N0_I11                         ; H_SEG6                                        ;
;   8.480  ;   0.279 ;    ; RE   ; 3      ; LOCAL_INTERCONNECT_X57_Y30_N0_I23         ; LAB_LINE                                      ;
;   8.591  ;   0.111 ;    ; RE   ; 1      ; BLOCK_INPUT_MUX_X57_Y30_N0_I19            ; LEIM_INPUT                                    ;
;   8.592  ;   0.001 ; FF ; IC   ; 1      ; LABCELL_X57_Y30_N12                       ; state_array~86|datab                          ;
;   9.213  ;   0.621 ; FF ; CELL ; 1      ; LABCELL_X57_Y30_N12                       ; state_array~86|combout                        ;
;   9.213  ;   0.000 ;    ; RE   ; 1      ; LABCELL_X57_Y30_N12                       ; ARRIAV_LCELL_COMB                             ;
;   9.288  ;   0.075 ;    ; RE   ; 1      ; LE_BUFFER_X57_Y30_N0_I8                   ; LE_BUFFER                                     ;
;   9.589  ;   0.301 ;    ; RE   ; 1      ; C4_X57_Y31_N0_I2                          ; V_SEG4                                        ;
;   10.052 ;   0.463 ;    ; RE   ; 1      ; C4_X57_Y35_N0_I2                          ; V_SEG4                                        ;
;   10.442 ;   0.390 ;    ; RE   ; 1      ; R3_X58_Y37_N0_I5                          ; H_SEG3                                        ;
;   10.683 ;   0.241 ;    ; RE   ; 1      ; LOCAL_INTERCONNECT_X59_Y37_N0_I10         ; LAB_LINE                                      ;
;   10.812 ;   0.129 ;    ; RE   ; 1      ; BLOCK_INPUT_MUX_X59_Y37_N0_I1             ; LEIM_INPUT                                    ;
;   10.813 ;   0.001 ; FF ; IC   ; 1      ; MLABCELL_X59_Y37_N0                       ; state_array~87|dataf                          ;
;   10.899 ;   0.086 ; FF ; CELL ; 1      ; MLABCELL_X59_Y37_N0                       ; state_array~87|combout                        ;
;   10.899 ;   0.000 ;    ; RE   ; 1      ; MLABCELL_X59_Y37_N0                       ; ARRIAV_LCELL_COMB                             ;
;   10.899 ;   0.000 ; FF ; IC   ; 1      ; FF_X59_Y37_N2                             ; state_array[4][3][2]|d                        ;
;   11.206 ;   0.307 ; FF ; CELL ; 1      ; FF_X59_Y37_N2                             ; state_array[4][3][2]                          ;
+----------+---------+----+------+--------+-------------------------------------------+-----------------------------------------------+

+------------------------------------------------------------------------------------------------------------+
; Data Required Path                                                                                         ;
+----------+---------+----+------+--------+---------------------------------------+--------------------------+
; Total    ; Incr    ; RF ; Type ; Fanout ; Location                              ; Element                  ;
+----------+---------+----+------+--------+---------------------------------------+--------------------------+
; 7.407    ; 7.407   ;    ;      ;        ;                                       ; latch edge time          ;
; 11.770   ; 4.363   ;    ;      ;        ;                                       ; clock path               ;
;   7.407  ;   0.000 ;    ;      ;        ;                                       ; source latency           ;
;   7.407  ;   0.000 ;    ;      ; 1      ; PIN_M16                               ; clk                      ;
;   7.407  ;   0.000 ;    ; RE   ; 1      ; IOPAD_X89_Y35_N60                     ; ARRIAV_IO_PAD            ;
;   7.407  ;   0.000 ;    ; RE   ; 1      ; IO_PAD_OUTPUT_X89_Y35_N60_I1          ; IO_PAD_OUTPUT            ;
;   7.407  ;   0.000 ;    ; RE   ; 1      ; IO_INPUT_BUFFER_INPUT_X89_Y35_N61_I0  ; IO_INPUT_BUFFER_INPUT    ;
;   7.407  ;   0.000 ; RR ; IC   ; 1      ; IOIBUF_X89_Y35_N61                    ; clk~input|i              ;
;   8.146  ;   0.739 ; RR ; CELL ; 1      ; IOIBUF_X89_Y35_N61                    ; clk~input|o              ;
;   8.146  ;   0.000 ;    ; RE   ; 1      ; IOIBUF_X89_Y35_N61                    ; ARRIAV_IO_IBUF           ;
;   8.146  ;   0.000 ;    ; RE   ; 1      ; IO_INPUT_BUFFER_OUTPUT_X89_Y35_N61_I2 ; IO_INPUT_BUFFER_OUTPUT   ;
;   8.146  ;   0.000 ;    ; RE   ; 1      ; IO_RE_X89_Y35_N60_I96                 ; IO_RE                    ;
;   8.234  ;   0.088 ;    ; RE   ; 1      ; IO_RE_X89_Y35_N60_I66                 ; IO_RE                    ;
;   8.509  ;   0.275 ;    ; RE   ; 1      ; CLKBUF_CLUSTER_RE_X89_Y39_N3_I421     ; CLKBUF_CLUSTER_RE        ;
;   8.509  ;   0.000 ;    ; RE   ; 1      ; CLKBUF_CLUSTER_RE_X89_Y39_N3_I772     ; CLKBUF_CLUSTER_RE        ;
;   8.509  ;   0.000 ;    ; RE   ; 1      ; CLKBUF_CLUSTER_RE_X89_Y39_N3_I557     ; CLKBUF_CLUSTER_RE        ;
;   8.509  ;   0.000 ;    ; RE   ; 1      ; GCLK_CLUSTER_RE_X89_Y39_N6_I10        ; GCLK_CLUSTER_RE          ;
;   8.509  ;   0.000 ;    ; RE   ; 1      ; CLKBUFBLOCK_INPUT_X89_Y39_N7_I0       ; CLKBUFBLOCK_INPUT        ;
;   8.509  ;   0.000 ; RR ; IC   ; 1      ; CLKCTRL_G9                            ; clk~inputCLKENA0|inclk   ;
;   8.979  ;   0.470 ; RR ; CELL ; 1674   ; CLKCTRL_G9                            ; clk~inputCLKENA0|outclk  ;
;   8.979  ;   0.000 ;    ; RE   ; 1      ; CLKCTRL_G9                            ; ARRIAV_CLKBUF            ;
;   8.979  ;   0.000 ;    ; RE   ; 1      ; CLKBUFBLOCK_OUTPUT_X89_Y39_N7_I2      ; CLKBUFBLOCK_OUTPUT       ;
;   8.979  ;   0.000 ;    ; RE   ; 1      ; GCLK_CLUSTER_RE_X89_Y39_N6_I12        ; GCLK_CLUSTER_RE          ;
;   8.979  ;   0.000 ;    ; RE   ; 1      ; CLKBUF_CLUSTER_RE_X89_Y39_N3_I416     ; CLKBUF_CLUSTER_RE        ;
;   9.771  ;   0.792 ;    ; RE   ; 5      ; GLOBAL_CLOCK_X0_Y36_N0_I9             ; GLOBAL_CLOCK             ;
;   9.932  ;   0.161 ;    ; RE   ; 3      ; SPINE_CLOCK_X55_Y37_N0_I22            ; SPINE_CLOCK              ;
;   10.352 ;   0.420 ;    ; RE   ; 1      ; SCLK_TO_ROWCLK_BUF_X55_Y37_N0_I132    ; SCLK_TO_ROWCLK_BUF       ;
;   10.443 ;   0.091 ;    ; RE   ; 2      ; SCLK_TO_ROWCLK_BUF_X55_Y37_N0_I135    ; SCLK_TO_ROWCLK_BUF       ;
;   10.908 ;   0.465 ;    ; RE   ; 10     ; LAB_CLK_X56_Y37_N0_I2                 ; LAB_CLK                  ;
;   11.037 ;   0.129 ;    ; RE   ; 1      ; BLK_CLK_BUF_X59_Y37_N0_I2             ; BLK_CLK_BUF              ;
;   11.092 ;   0.055 ;    ; RE   ; 1      ; ROWCLKSEL_PREBUF_X59_Y37_N0_I2        ; ROWCLKSEL_PREBUF         ;
;   11.146 ;   0.054 ;    ; RE   ; 1      ; ROWCLKSEL_X59_Y37_N0_I0               ; ROWCLKSEL                ;
;   11.146 ;   0.000 ;    ; RE   ; 1      ; GLOBAL_LOCAL_SEL_X59_Y37_N0_I0        ; GLOBAL_LOCAL_SEL         ;
;   11.146 ;   0.000 ;    ; RE   ; 7      ; LAB_INPUT_X59_Y37_N0_I0               ; LAB_INPUT                ;
;   11.146 ;   0.000 ; RR ; IC   ; 1      ; FF_X59_Y37_N2                         ; state_array[4][3][2]|clk ;
;   11.710 ;   0.564 ; RR ; CELL ; 1      ; FF_X59_Y37_N2                         ; state_array[4][3][2]     ;
;   11.770 ;   0.060 ;    ;      ;        ;                                       ; clock pessimism removed  ;
; 11.670   ; -0.100  ;    ;      ;        ;                                       ; clock uncertainty        ;
; 11.670   ; 0.000   ;    ; uTsu ; 1      ; FF_X59_Y37_N2                         ; state_array[4][3][2]     ;
+----------+---------+----+------+--------+---------------------------------------+--------------------------+

----------------------------
; Extra Fitter Information ;
----------------------------
HTML report is unavailable in plain text report export.


Path #7: Setup slack is 0.475 
===============================================================================
+--------------------------------------------+
; Path Summary                               ;
+--------------------+-----------------------+
; Property           ; Value                 ;
+--------------------+-----------------------+
; From Node          ; state_array[2][2][37] ;
; To Node            ; state_array[3][1][1]  ;
; Launch Clock       ; clk                   ;
; Latch Clock        ; clk                   ;
; Data Arrival Time  ; 11.193                ;
; Data Required Time ; 11.668                ;
; Slack              ; 0.475                 ;
+--------------------+-----------------------+

+-------------------------------------------------------------------------------------+
; Statistics                                                                          ;
+------------------------+--------+-------+-------------+------------+--------+-------+
; Property               ; Value  ; Count ; Total Delay ; % of Total ; Min    ; Max   ;
+------------------------+--------+-------+-------------+------------+--------+-------+
; Setup Relationship     ; 7.407  ;       ;             ;            ;        ;       ;
; Clock Skew             ; -0.121 ;       ;             ;            ;        ;       ;
; Data Delay             ; 6.711  ;       ;             ;            ;        ;       ;
; Number of Logic Levels ;        ; 4     ;             ;            ;        ;       ;
; Physical Delays        ;        ;       ;             ;            ;        ;       ;
;  Arrival Path          ;        ;       ;             ;            ;        ;       ;
;   Clock                ;        ;       ;             ;            ;        ;       ;
;    IC                  ;        ; 3     ; 0.001       ; 0          ; 0.000  ; 0.001 ;
;    Cell                ;        ; 3     ; 1.901       ; 42         ; 0.507  ; 0.739 ;
;    Routing Element     ;        ; 26    ; 2.580       ; 58         ; 0.000  ; 0.821 ;
;   Data                 ;        ;       ;             ;            ;        ;       ;
;    IC                  ;        ; 5     ; 0.000       ; 0          ; -0.001 ; 0.001 ;
;    Cell                ;        ; 6     ; 0.924       ; 14         ; 0.000  ; 0.353 ;
;    uTco                ;        ; 1     ; 0.000       ; 0          ; 0.000  ; 0.000 ;
;    Routing Element     ;        ; 29    ; 5.787       ; 86         ; 0.000  ; 0.468 ;
;  Required Path         ;        ;       ;             ;            ;        ;       ;
;   Clock                ;        ;       ;             ;            ;        ;       ;
;    IC                  ;        ; 3     ; 0.002       ; 0          ; 0.000  ; 0.002 ;
;    Cell                ;        ; 3     ; 1.773       ; 41         ; 0.470  ; 0.739 ;
;    Routing Element     ;        ; 26    ; 2.526       ; 59         ; 0.000  ; 0.792 ;
+------------------------+--------+-------+-------------+------------+--------+-------+
Note: Negative delays are omitted from totals when calculating percentages

+----------------------------------------------------------------------------------------------------------------------------------+
; Data Arrival Path                                                                                                                ;
+----------+----------+----+------+--------+---------------------------------------+-----------------------------------------------+
; Total    ; Incr     ; RF ; Type ; Fanout ; Location                              ; Element                                       ;
+----------+----------+----+------+--------+---------------------------------------+-----------------------------------------------+
; 0.000    ; 0.000    ;    ;      ;        ;                                       ; launch edge time                              ;
; 4.482    ; 4.482    ;    ;      ;        ;                                       ; clock path                                    ;
;   0.000  ;   0.000  ;    ;      ;        ;                                       ; source latency                                ;
;   0.000  ;   0.000  ;    ;      ; 1      ; PIN_M16                               ; clk                                           ;
;   0.000  ;   0.000  ;    ; RE   ; 1      ; IOPAD_X89_Y35_N60                     ; ARRIAV_IO_PAD                                 ;
;   0.000  ;   0.000  ;    ; RE   ; 1      ; IO_PAD_OUTPUT_X89_Y35_N60_I1          ; IO_PAD_OUTPUT                                 ;
;   0.000  ;   0.000  ;    ; RE   ; 1      ; IO_INPUT_BUFFER_INPUT_X89_Y35_N61_I0  ; IO_INPUT_BUFFER_INPUT                         ;
;   0.000  ;   0.000  ; RR ; IC   ; 1      ; IOIBUF_X89_Y35_N61                    ; clk~input|i                                   ;
;   0.739  ;   0.739  ; RR ; CELL ; 1      ; IOIBUF_X89_Y35_N61                    ; clk~input|o                                   ;
;   0.739  ;   0.000  ;    ; RE   ; 1      ; IOIBUF_X89_Y35_N61                    ; ARRIAV_IO_IBUF                                ;
;   0.739  ;   0.000  ;    ; RE   ; 1      ; IO_INPUT_BUFFER_OUTPUT_X89_Y35_N61_I2 ; IO_INPUT_BUFFER_OUTPUT                        ;
;   0.739  ;   0.000  ;    ; RE   ; 1      ; IO_RE_X89_Y35_N60_I96                 ; IO_RE                                         ;
;   0.833  ;   0.094  ;    ; RE   ; 1      ; IO_RE_X89_Y35_N60_I66                 ; IO_RE                                         ;
;   1.125  ;   0.292  ;    ; RE   ; 1      ; CLKBUF_CLUSTER_RE_X89_Y39_N3_I421     ; CLKBUF_CLUSTER_RE                             ;
;   1.125  ;   0.000  ;    ; RE   ; 1      ; CLKBUF_CLUSTER_RE_X89_Y39_N3_I772     ; CLKBUF_CLUSTER_RE                             ;
;   1.125  ;   0.000  ;    ; RE   ; 1      ; CLKBUF_CLUSTER_RE_X89_Y39_N3_I557     ; CLKBUF_CLUSTER_RE                             ;
;   1.125  ;   0.000  ;    ; RE   ; 1      ; GCLK_CLUSTER_RE_X89_Y39_N6_I10        ; GCLK_CLUSTER_RE                               ;
;   1.125  ;   0.000  ;    ; RE   ; 1      ; CLKBUFBLOCK_INPUT_X89_Y39_N7_I0       ; CLKBUFBLOCK_INPUT                             ;
;   1.125  ;   0.000  ; RR ; IC   ; 1      ; CLKCTRL_G9                            ; clk~inputCLKENA0|inclk                        ;
;   1.632  ;   0.507  ; RR ; CELL ; 1674   ; CLKCTRL_G9                            ; clk~inputCLKENA0|outclk                       ;
;   1.632  ;   0.000  ;    ; RE   ; 1      ; CLKCTRL_G9                            ; ARRIAV_CLKBUF                                 ;
;   1.632  ;   0.000  ;    ; RE   ; 1      ; CLKBUFBLOCK_OUTPUT_X89_Y39_N7_I2      ; CLKBUFBLOCK_OUTPUT                            ;
;   1.632  ;   0.000  ;    ; RE   ; 1      ; GCLK_CLUSTER_RE_X89_Y39_N6_I12        ; GCLK_CLUSTER_RE                               ;
;   1.632  ;   0.000  ;    ; RE   ; 1      ; CLKBUF_CLUSTER_RE_X89_Y39_N3_I416     ; CLKBUF_CLUSTER_RE                             ;
;   2.453  ;   0.821  ;    ; RE   ; 5      ; GLOBAL_CLOCK_X0_Y36_N0_I9             ; GLOBAL_CLOCK                                  ;
;   2.594  ;   0.141  ;    ; RE   ; 16     ; SPINE_CLOCK_X55_Y19_N0_I22            ; SPINE_CLOCK                                   ;
;   2.997  ;   0.403  ;    ; RE   ; 1      ; SCLK_TO_ROWCLK_BUF_X55_Y25_N0_I133    ; SCLK_TO_ROWCLK_BUF                            ;
;   3.091  ;   0.094  ;    ; RE   ; 2      ; SCLK_TO_ROWCLK_BUF_X55_Y25_N0_I136    ; SCLK_TO_ROWCLK_BUF                            ;
;   3.571  ;   0.480  ;    ; RE   ; 10     ; LAB_CLK_X56_Y25_N0_I5                 ; LAB_CLK                                       ;
;   3.711  ;   0.140  ;    ; RE   ; 1      ; BLK_CLK_BUF_X59_Y25_N0_I5             ; BLK_CLK_BUF                                   ;
;   3.767  ;   0.056  ;    ; RE   ; 1      ; ROWCLKSEL_PREBUF_X59_Y25_N0_I5        ; ROWCLKSEL_PREBUF                              ;
;   3.826  ;   0.059  ;    ; RE   ; 1      ; ROWCLKSEL_X59_Y25_N0_I0               ; ROWCLKSEL                                     ;
;   3.826  ;   0.000  ;    ; RE   ; 1      ; GLOBAL_LOCAL_SEL_X59_Y25_N0_I0        ; GLOBAL_LOCAL_SEL                              ;
;   3.826  ;   0.000  ;    ; RE   ; 4      ; LAB_INPUT_X59_Y25_N0_I0               ; LAB_INPUT                                     ;
;   3.827  ;   0.001  ; RR ; IC   ; 1      ; FF_X59_Y25_N14                        ; state_array[2][2][37]|clk                     ;
;   4.482  ;   0.655  ; RR ; CELL ; 1      ; FF_X59_Y25_N14                        ; state_array[2][2][37]                         ;
; 11.193   ; 6.711    ;    ;      ;        ;                                       ; data path                                     ;
;   4.482  ;   0.000  ;    ; uTco ; 1      ; FF_X59_Y25_N14                        ; state_array[2][2][37]                         ;
;   4.482  ;   0.000  ; FF ; CELL ; 6      ; FF_X59_Y25_N14                        ; state_array[2][2][37]|q                       ;
;   4.541  ;   0.059  ;    ; RE   ; 2      ; FF_X59_Y25_N14                        ; ARRIAV_FF                                     ;
;   4.638  ;   0.097  ;    ; RE   ; 1      ; LE_BUFFER_X59_Y25_N0_I9               ; LE_BUFFER                                     ;
;   4.861  ;   0.223  ;    ; RE   ; 2      ; C2_X58_Y23_N0_I20                     ; V_SEG2                                        ;
;   5.219  ;   0.358  ;    ; RE   ; 1      ; R3_X56_Y24_N0_I17                     ; H_SEG3                                        ;
;   5.635  ;   0.416  ;    ; RE   ; 1      ; R6_X50_Y24_N0_I31                     ; H_SEG6                                        ;
;   5.898  ;   0.263  ;    ; RE   ; 1      ; LOCAL_INTERCONNECT_X50_Y24_N0_I34     ; LAB_LINE                                      ;
;   6.042  ;   0.144  ;    ; RE   ; 1      ; BLOCK_INPUT_MUX_X50_Y24_N0_I62        ; LEIM_INPUT                                    ;
;   6.041  ;   -0.001 ; FF ; IC   ; 1      ; LABCELL_X50_Y24_N45                   ; KSU|u_theta|C[2][37]|datae                    ;
;   6.394  ;   0.353  ; FF ; CELL ; 2      ; LABCELL_X50_Y24_N45                   ; KSU|u_theta|C[2][37]|combout                  ;
;   6.394  ;   0.000  ;    ; RE   ; 2      ; LABCELL_X50_Y24_N45                   ; ARRIAV_LCELL_COMB                             ;
;   6.474  ;   0.080  ;    ; RE   ; 1      ; LE_BUFFER_X50_Y24_N0_I30              ; LE_BUFFER                                     ;
;   6.759  ;   0.285  ;    ; RE   ; 1      ; C4_X50_Y25_N0_I4                      ; V_SEG4                                        ;
;   7.227  ;   0.468  ;    ; RE   ; 1      ; R6_X51_Y28_N0_I14                     ; H_SEG6                                        ;
;   7.551  ;   0.324  ;    ; RE   ; 1      ; LOCAL_INTERCONNECT_X55_Y28_N0_I11     ; LAB_LINE                                      ;
;   7.727  ;   0.176  ;    ; RE   ; 1      ; BLOCK_INPUT_MUX_X55_Y28_N0_I79        ; LEIM_INPUT                                    ;
;   7.728  ;   0.001  ; FF ; IC   ; 1      ; LABCELL_X55_Y28_N57                   ; KSU|u_theta|state_array_o[3][0][37]~0|dataf   ;
;   7.816  ;   0.088  ; FF ; CELL ; 15     ; LABCELL_X55_Y28_N57                   ; KSU|u_theta|state_array_o[3][0][37]~0|combout ;
;   7.816  ;   0.000  ;    ; RE   ; 1      ; LABCELL_X55_Y28_N57                   ; ARRIAV_LCELL_COMB                             ;
;   7.927  ;   0.111  ;    ; RE   ; 2      ; LE_BUFFER_X55_Y28_N0_I39              ; LE_BUFFER                                     ;
;   8.182  ;   0.255  ;    ; RE   ; 2      ; C2_X54_Y29_N0_I5                      ; V_SEG2                                        ;
;   8.479  ;   0.297  ;    ; RE   ; 3      ; C2_X54_Y31_N0_I5                      ; V_SEG2                                        ;
;   8.774  ;   0.295  ;    ; RE   ; 2      ; C2_X54_Y33_N0_I5                      ; V_SEG2                                        ;
;   9.027  ;   0.253  ;    ; RE   ; 2      ; C2_X54_Y35_N0_I5                      ; V_SEG2                                        ;
;   9.308  ;   0.281  ;    ; RE   ; 1      ; R3_X55_Y35_N0_I11                     ; H_SEG3                                        ;
;   9.533  ;   0.225  ;    ; RE   ; 2      ; LOCAL_INTERCONNECT_X57_Y35_N0_I45     ; LAB_LINE                                      ;
;   9.674  ;   0.141  ;    ; RE   ; 1      ; BLOCK_INPUT_MUX_X57_Y35_N0_I33        ; LEIM_INPUT                                    ;
;   9.674  ;   0.000  ; FF ; IC   ; 1      ; LABCELL_X57_Y35_N24                   ; KSU|u_chi|state_array_o[3][1][1]|dataf        ;
;   9.764  ;   0.090  ; FF ; CELL ; 1      ; LABCELL_X57_Y35_N24                   ; KSU|u_chi|state_array_o[3][1][1]|combout      ;
;   9.764  ;   0.000  ;    ; RE   ; 1      ; LABCELL_X57_Y35_N24                   ; ARRIAV_LCELL_COMB                             ;
;   9.845  ;   0.081  ;    ; RE   ; 1      ; LE_BUFFER_X57_Y35_N0_I16              ; LE_BUFFER                                     ;
;   10.156 ;   0.311  ;    ; RE   ; 1      ; C2_X57_Y36_N0_I9                      ; V_SEG2                                        ;
;   10.458 ;   0.302  ;    ; RE   ; 1      ; R3_X55_Y37_N0_I22                     ; H_SEG3                                        ;
;   10.673 ;   0.215  ;    ; RE   ; 1      ; LOCAL_INTERCONNECT_X57_Y37_N0_I30     ; LAB_LINE                                      ;
;   10.800 ;   0.127  ;    ; RE   ; 1      ; BLOCK_INPUT_MUX_X57_Y37_N0_I1         ; LEIM_INPUT                                    ;
;   10.800 ;   0.000  ; FF ; IC   ; 1      ; LABCELL_X57_Y37_N0                    ; state_array~56|dataf                          ;
;   10.886 ;   0.086  ; FF ; CELL ; 1      ; LABCELL_X57_Y37_N0                    ; state_array~56|combout                        ;
;   10.886 ;   0.000  ;    ; RE   ; 1      ; LABCELL_X57_Y37_N0                    ; ARRIAV_LCELL_COMB                             ;
;   10.886 ;   0.000  ; FF ; IC   ; 1      ; FF_X57_Y37_N2                         ; state_array[3][1][1]|d                        ;
;   11.193 ;   0.307  ; FF ; CELL ; 1      ; FF_X57_Y37_N2                         ; state_array[3][1][1]                          ;
+----------+----------+----+------+--------+---------------------------------------+-----------------------------------------------+

+------------------------------------------------------------------------------------------------------------+
; Data Required Path                                                                                         ;
+----------+---------+----+------+--------+---------------------------------------+--------------------------+
; Total    ; Incr    ; RF ; Type ; Fanout ; Location                              ; Element                  ;
+----------+---------+----+------+--------+---------------------------------------+--------------------------+
; 7.407    ; 7.407   ;    ;      ;        ;                                       ; latch edge time          ;
; 11.768   ; 4.361   ;    ;      ;        ;                                       ; clock path               ;
;   7.407  ;   0.000 ;    ;      ;        ;                                       ; source latency           ;
;   7.407  ;   0.000 ;    ;      ; 1      ; PIN_M16                               ; clk                      ;
;   7.407  ;   0.000 ;    ; RE   ; 1      ; IOPAD_X89_Y35_N60                     ; ARRIAV_IO_PAD            ;
;   7.407  ;   0.000 ;    ; RE   ; 1      ; IO_PAD_OUTPUT_X89_Y35_N60_I1          ; IO_PAD_OUTPUT            ;
;   7.407  ;   0.000 ;    ; RE   ; 1      ; IO_INPUT_BUFFER_INPUT_X89_Y35_N61_I0  ; IO_INPUT_BUFFER_INPUT    ;
;   7.407  ;   0.000 ; RR ; IC   ; 1      ; IOIBUF_X89_Y35_N61                    ; clk~input|i              ;
;   8.146  ;   0.739 ; RR ; CELL ; 1      ; IOIBUF_X89_Y35_N61                    ; clk~input|o              ;
;   8.146  ;   0.000 ;    ; RE   ; 1      ; IOIBUF_X89_Y35_N61                    ; ARRIAV_IO_IBUF           ;
;   8.146  ;   0.000 ;    ; RE   ; 1      ; IO_INPUT_BUFFER_OUTPUT_X89_Y35_N61_I2 ; IO_INPUT_BUFFER_OUTPUT   ;
;   8.146  ;   0.000 ;    ; RE   ; 1      ; IO_RE_X89_Y35_N60_I96                 ; IO_RE                    ;
;   8.234  ;   0.088 ;    ; RE   ; 1      ; IO_RE_X89_Y35_N60_I66                 ; IO_RE                    ;
;   8.509  ;   0.275 ;    ; RE   ; 1      ; CLKBUF_CLUSTER_RE_X89_Y39_N3_I421     ; CLKBUF_CLUSTER_RE        ;
;   8.509  ;   0.000 ;    ; RE   ; 1      ; CLKBUF_CLUSTER_RE_X89_Y39_N3_I772     ; CLKBUF_CLUSTER_RE        ;
;   8.509  ;   0.000 ;    ; RE   ; 1      ; CLKBUF_CLUSTER_RE_X89_Y39_N3_I557     ; CLKBUF_CLUSTER_RE        ;
;   8.509  ;   0.000 ;    ; RE   ; 1      ; GCLK_CLUSTER_RE_X89_Y39_N6_I10        ; GCLK_CLUSTER_RE          ;
;   8.509  ;   0.000 ;    ; RE   ; 1      ; CLKBUFBLOCK_INPUT_X89_Y39_N7_I0       ; CLKBUFBLOCK_INPUT        ;
;   8.509  ;   0.000 ; RR ; IC   ; 1      ; CLKCTRL_G9                            ; clk~inputCLKENA0|inclk   ;
;   8.979  ;   0.470 ; RR ; CELL ; 1674   ; CLKCTRL_G9                            ; clk~inputCLKENA0|outclk  ;
;   8.979  ;   0.000 ;    ; RE   ; 1      ; CLKCTRL_G9                            ; ARRIAV_CLKBUF            ;
;   8.979  ;   0.000 ;    ; RE   ; 1      ; CLKBUFBLOCK_OUTPUT_X89_Y39_N7_I2      ; CLKBUFBLOCK_OUTPUT       ;
;   8.979  ;   0.000 ;    ; RE   ; 1      ; GCLK_CLUSTER_RE_X89_Y39_N6_I12        ; GCLK_CLUSTER_RE          ;
;   8.979  ;   0.000 ;    ; RE   ; 1      ; CLKBUF_CLUSTER_RE_X89_Y39_N3_I416     ; CLKBUF_CLUSTER_RE        ;
;   9.771  ;   0.792 ;    ; RE   ; 5      ; GLOBAL_CLOCK_X0_Y36_N0_I9             ; GLOBAL_CLOCK             ;
;   9.932  ;   0.161 ;    ; RE   ; 3      ; SPINE_CLOCK_X55_Y37_N0_I22            ; SPINE_CLOCK              ;
;   10.352 ;   0.420 ;    ; RE   ; 1      ; SCLK_TO_ROWCLK_BUF_X55_Y37_N0_I132    ; SCLK_TO_ROWCLK_BUF       ;
;   10.443 ;   0.091 ;    ; RE   ; 2      ; SCLK_TO_ROWCLK_BUF_X55_Y37_N0_I135    ; SCLK_TO_ROWCLK_BUF       ;
;   10.905 ;   0.462 ;    ; RE   ; 10     ; LAB_CLK_X56_Y37_N0_I2                 ; LAB_CLK                  ;
;   11.034 ;   0.129 ;    ; RE   ; 1      ; BLK_CLK_BUF_X57_Y37_N0_I2             ; BLK_CLK_BUF              ;
;   11.088 ;   0.054 ;    ; RE   ; 1      ; ROWCLKSEL_PREBUF_X57_Y37_N0_I2        ; ROWCLKSEL_PREBUF         ;
;   11.142 ;   0.054 ;    ; RE   ; 1      ; ROWCLKSEL_X57_Y37_N0_I0               ; ROWCLKSEL                ;
;   11.142 ;   0.000 ;    ; RE   ; 1      ; GLOBAL_LOCAL_SEL_X57_Y37_N0_I0        ; GLOBAL_LOCAL_SEL         ;
;   11.142 ;   0.000 ;    ; RE   ; 7      ; LAB_INPUT_X57_Y37_N0_I0               ; LAB_INPUT                ;
;   11.144 ;   0.002 ; RR ; IC   ; 1      ; FF_X57_Y37_N2                         ; state_array[3][1][1]|clk ;
;   11.708 ;   0.564 ; RR ; CELL ; 1      ; FF_X57_Y37_N2                         ; state_array[3][1][1]     ;
;   11.768 ;   0.060 ;    ;      ;        ;                                       ; clock pessimism removed  ;
; 11.668   ; -0.100  ;    ;      ;        ;                                       ; clock uncertainty        ;
; 11.668   ; 0.000   ;    ; uTsu ; 1      ; FF_X57_Y37_N2                         ; state_array[3][1][1]     ;
+----------+---------+----+------+--------+---------------------------------------+--------------------------+

----------------------------
; Extra Fitter Information ;
----------------------------
HTML report is unavailable in plain text report export.


Path #8: Setup slack is 0.479 
===============================================================================
+--------------------------------------------+
; Path Summary                               ;
+--------------------+-----------------------+
; Property           ; Value                 ;
+--------------------+-----------------------+
; From Node          ; state_array[1][4][20] ;
; To Node            ; state_array[0][2][26] ;
; Launch Clock       ; clk                   ;
; Latch Clock        ; clk                   ;
; Data Arrival Time  ; 11.105                ;
; Data Required Time ; 11.584                ;
; Slack              ; 0.479                 ;
+--------------------+-----------------------+

+-------------------------------------------------------------------------------------+
; Statistics                                                                          ;
+------------------------+--------+-------+-------------+------------+--------+-------+
; Property               ; Value  ; Count ; Total Delay ; % of Total ; Min    ; Max   ;
+------------------------+--------+-------+-------------+------------+--------+-------+
; Setup Relationship     ; 7.407  ;       ;             ;            ;        ;       ;
; Clock Skew             ; -0.197 ;       ;             ;            ;        ;       ;
; Data Delay             ; 6.631  ;       ;             ;            ;        ;       ;
; Number of Logic Levels ;        ; 5     ;             ;            ;        ;       ;
; Physical Delays        ;        ;       ;             ;            ;        ;       ;
;  Arrival Path          ;        ;       ;             ;            ;        ;       ;
;   Clock                ;        ;       ;             ;            ;        ;       ;
;    IC                  ;        ; 3     ; 0.001       ; 0          ; 0.000  ; 0.001 ;
;    Cell                ;        ; 3     ; 1.901       ; 42         ; 0.507  ; 0.739 ;
;    Routing Element     ;        ; 26    ; 2.572       ; 57         ; 0.000  ; 0.821 ;
;   Data                 ;        ;       ;             ;            ;        ;       ;
;    IC                  ;        ; 6     ; 0.002       ; 0          ; 0.000  ; 0.001 ;
;    Cell                ;        ; 7     ; 1.818       ; 27         ; 0.000  ; 0.677 ;
;    uTco                ;        ; 1     ; 0.000       ; 0          ; 0.000  ; 0.000 ;
;    Routing Element     ;        ; 28    ; 4.811       ; 73         ; 0.000  ; 0.458 ;
;  Required Path         ;        ;       ;             ;            ;        ;       ;
;   Clock                ;        ;       ;             ;            ;        ;       ;
;    IC                  ;        ; 3     ; -0.001      ; 0          ; -0.001 ; 0.000 ;
;    Cell                ;        ; 3     ; 1.780       ; 42         ; 0.470  ; 0.739 ;
;    Routing Element     ;        ; 26    ; 2.438       ; 58         ; 0.000  ; 0.782 ;
+------------------------+--------+-------+-------------+------------+--------+-------+
Note: Negative delays are omitted from totals when calculating percentages

+-------------------------------------------------------------------------------------------------------------------------------------+
; Data Arrival Path                                                                                                                   ;
+----------+---------+----+------+--------+-------------------------------------------+-----------------------------------------------+
; Total    ; Incr    ; RF ; Type ; Fanout ; Location                                  ; Element                                       ;
+----------+---------+----+------+--------+-------------------------------------------+-----------------------------------------------+
; 0.000    ; 0.000   ;    ;      ;        ;                                           ; launch edge time                              ;
; 4.474    ; 4.474   ;    ;      ;        ;                                           ; clock path                                    ;
;   0.000  ;   0.000 ;    ;      ;        ;                                           ; source latency                                ;
;   0.000  ;   0.000 ;    ;      ; 1      ; PIN_M16                                   ; clk                                           ;
;   0.000  ;   0.000 ;    ; RE   ; 1      ; IOPAD_X89_Y35_N60                         ; ARRIAV_IO_PAD                                 ;
;   0.000  ;   0.000 ;    ; RE   ; 1      ; IO_PAD_OUTPUT_X89_Y35_N60_I1              ; IO_PAD_OUTPUT                                 ;
;   0.000  ;   0.000 ;    ; RE   ; 1      ; IO_INPUT_BUFFER_INPUT_X89_Y35_N61_I0      ; IO_INPUT_BUFFER_INPUT                         ;
;   0.000  ;   0.000 ; RR ; IC   ; 1      ; IOIBUF_X89_Y35_N61                        ; clk~input|i                                   ;
;   0.739  ;   0.739 ; RR ; CELL ; 1      ; IOIBUF_X89_Y35_N61                        ; clk~input|o                                   ;
;   0.739  ;   0.000 ;    ; RE   ; 1      ; IOIBUF_X89_Y35_N61                        ; ARRIAV_IO_IBUF                                ;
;   0.739  ;   0.000 ;    ; RE   ; 1      ; IO_INPUT_BUFFER_OUTPUT_X89_Y35_N61_I2     ; IO_INPUT_BUFFER_OUTPUT                        ;
;   0.739  ;   0.000 ;    ; RE   ; 1      ; IO_RE_X89_Y35_N60_I96                     ; IO_RE                                         ;
;   0.833  ;   0.094 ;    ; RE   ; 1      ; IO_RE_X89_Y35_N60_I66                     ; IO_RE                                         ;
;   1.125  ;   0.292 ;    ; RE   ; 1      ; CLKBUF_CLUSTER_RE_X89_Y39_N3_I421         ; CLKBUF_CLUSTER_RE                             ;
;   1.125  ;   0.000 ;    ; RE   ; 1      ; CLKBUF_CLUSTER_RE_X89_Y39_N3_I772         ; CLKBUF_CLUSTER_RE                             ;
;   1.125  ;   0.000 ;    ; RE   ; 1      ; CLKBUF_CLUSTER_RE_X89_Y39_N3_I557         ; CLKBUF_CLUSTER_RE                             ;
;   1.125  ;   0.000 ;    ; RE   ; 1      ; GCLK_CLUSTER_RE_X89_Y39_N6_I10            ; GCLK_CLUSTER_RE                               ;
;   1.125  ;   0.000 ;    ; RE   ; 1      ; CLKBUFBLOCK_INPUT_X89_Y39_N7_I0           ; CLKBUFBLOCK_INPUT                             ;
;   1.125  ;   0.000 ; RR ; IC   ; 1      ; CLKCTRL_G9                                ; clk~inputCLKENA0|inclk                        ;
;   1.632  ;   0.507 ; RR ; CELL ; 1674   ; CLKCTRL_G9                                ; clk~inputCLKENA0|outclk                       ;
;   1.632  ;   0.000 ;    ; RE   ; 1      ; CLKCTRL_G9                                ; ARRIAV_CLKBUF                                 ;
;   1.632  ;   0.000 ;    ; RE   ; 1      ; CLKBUFBLOCK_OUTPUT_X89_Y39_N7_I2          ; CLKBUFBLOCK_OUTPUT                            ;
;   1.632  ;   0.000 ;    ; RE   ; 1      ; GCLK_CLUSTER_RE_X89_Y39_N6_I12            ; GCLK_CLUSTER_RE                               ;
;   1.632  ;   0.000 ;    ; RE   ; 1      ; CLKBUF_CLUSTER_RE_X89_Y39_N3_I416         ; CLKBUF_CLUSTER_RE                             ;
;   2.453  ;   0.821 ;    ; RE   ; 5      ; GLOBAL_CLOCK_X0_Y36_N0_I9                 ; GLOBAL_CLOCK                                  ;
;   2.595  ;   0.142 ;    ; RE   ; 16     ; SPINE_CLOCK_X55_Y19_N0_I22                ; SPINE_CLOCK                                   ;
;   2.998  ;   0.403 ;    ; RE   ; 1      ; SCLK_TO_ROWCLK_BUF_X55_Y32_N0_I133        ; SCLK_TO_ROWCLK_BUF                            ;
;   3.092  ;   0.094 ;    ; RE   ; 2      ; SCLK_TO_ROWCLK_BUF_X55_Y32_N0_I136        ; SCLK_TO_ROWCLK_BUF                            ;
;   3.569  ;   0.477 ;    ; RE   ; 5      ; LAB_CLK_X45_Y32_N0_I5                     ; LAB_CLK                                       ;
;   3.704  ;   0.135 ;    ; RE   ; 1      ; BLK_CLK_BUF_X47_Y32_N0_I5                 ; BLK_CLK_BUF                                   ;
;   3.759  ;   0.055 ;    ; RE   ; 1      ; ROWCLKSEL_PREBUF_X47_Y32_N0_I5            ; ROWCLKSEL_PREBUF                              ;
;   3.818  ;   0.059 ;    ; RE   ; 1      ; ROWCLKSEL_X47_Y32_N0_I0                   ; ROWCLKSEL                                     ;
;   3.818  ;   0.000 ;    ; RE   ; 1      ; GLOBAL_LOCAL_SEL_X47_Y32_N0_I0            ; GLOBAL_LOCAL_SEL                              ;
;   3.818  ;   0.000 ;    ; RE   ; 2      ; LAB_INPUT_X47_Y32_N0_I0                   ; LAB_INPUT                                     ;
;   3.819  ;   0.001 ; RR ; IC   ; 1      ; FF_X47_Y32_N8                             ; state_array[1][4][20]|clk                     ;
;   4.474  ;   0.655 ; RR ; CELL ; 1      ; FF_X47_Y32_N8                             ; state_array[1][4][20]                         ;
; 11.105   ; 6.631   ;    ;      ;        ;                                           ; data path                                     ;
;   4.474  ;   0.000 ;    ; uTco ; 1      ; FF_X47_Y32_N8                             ; state_array[1][4][20]                         ;
;   4.474  ;   0.000 ; RR ; CELL ; 4      ; FF_X47_Y32_N8                             ; state_array[1][4][20]|q                       ;
;   4.558  ;   0.084 ;    ; RE   ; 3      ; FF_X47_Y32_N8                             ; ARRIAV_FF                                     ;
;   4.670  ;   0.112 ;    ; RE   ; 1      ; LE_BUFFER_X47_Y32_N0_I5                   ; LE_BUFFER                                     ;
;   4.890  ;   0.220 ;    ; RE   ; 1      ; R6_X44_Y32_N0_I426                        ; H_SEG6                                        ;
;   4.890  ;   0.000 ;    ; RE   ; 1      ; R14_C12_INTERCONNECT_DRIVER_X45_Y32_N0_I1 ; WIRE_MUX                                      ;
;   5.231  ;   0.341 ;    ; RE   ; 1      ; R14_X46_Y32_N0_I0                         ; H_SEG14                                       ;
;   5.515  ;   0.284 ;    ; RE   ; 2      ; R6_X60_Y32_N0_I5                          ; H_SEG6                                        ;
;   5.712  ;   0.197 ;    ; RE   ; 1      ; LOCAL_INTERCONNECT_X63_Y32_N0_I11         ; LAB_LINE                                      ;
;   5.842  ;   0.130 ;    ; RE   ; 1      ; BLOCK_INPUT_MUX_X63_Y32_N0_I34            ; LEIM_INPUT                                    ;
;   5.842  ;   0.000 ; RR ; IC   ; 1      ; LABCELL_X63_Y32_N24                       ; KSU|u_theta|C[1][20]|dataa                    ;
;   6.519  ;   0.677 ; RR ; CELL ; 2      ; LABCELL_X63_Y32_N24                       ; KSU|u_theta|C[1][20]|combout                  ;
;   6.519  ;   0.000 ;    ; RE   ; 1      ; LABCELL_X63_Y32_N24                       ; ARRIAV_LCELL_COMB                             ;
;   6.661  ;   0.142 ;    ; RE   ; 2      ; LOCAL_LINE_X63_Y32_N0_I8                  ; LOCAL_LINE                                    ;
;   6.851  ;   0.190 ;    ; RE   ; 1      ; BLOCK_INPUT_MUX_X63_Y32_N0_I52            ; LEIM_INPUT                                    ;
;   6.851  ;   0.000 ; RR ; IC   ; 1      ; LABCELL_X63_Y32_N36                       ; KSU|u_theta|state_array_o[2][0][20]~0|datac   ;
;   7.393  ;   0.542 ; RF ; CELL ; 5      ; LABCELL_X63_Y32_N36                       ; KSU|u_theta|state_array_o[2][0][20]~0|combout ;
;   7.393  ;   0.000 ;    ; RE   ; 1      ; LABCELL_X63_Y32_N36                       ; ARRIAV_LCELL_COMB                             ;
;   7.495  ;   0.102 ;    ; RE   ; 2      ; LE_BUFFER_X63_Y32_N0_I25                  ; LE_BUFFER                                     ;
;   7.718  ;   0.223 ;    ; RE   ; 2      ; C2_X62_Y33_N0_I10                         ; V_SEG2                                        ;
;   7.979  ;   0.261 ;    ; RE   ; 2      ; R3_X63_Y33_N0_I2                          ; H_SEG3                                        ;
;   8.404  ;   0.425 ;    ; RE   ; 1      ; C4_X64_Y34_N0_I1                          ; V_SEG4                                        ;
;   8.862  ;   0.458 ;    ; RE   ; 1      ; R6_X65_Y37_N0_I10                         ; H_SEG6                                        ;
;   9.102  ;   0.240 ;    ; RE   ; 1      ; LOCAL_INTERCONNECT_X70_Y37_N0_I22         ; LAB_LINE                                      ;
;   9.222  ;   0.120 ;    ; RE   ; 1      ; BLOCK_INPUT_MUX_X70_Y37_N0_I57            ; LEIM_INPUT                                    ;
;   9.223  ;   0.001 ; FF ; IC   ; 1      ; LABCELL_X70_Y37_N42                       ; KSU|u_theta|state_array_o[2][1][20]|dataf     ;
;   9.329  ;   0.106 ; FR ; CELL ; 3      ; LABCELL_X70_Y37_N42                       ; KSU|u_theta|state_array_o[2][1][20]|combout   ;
;   9.329  ;   0.000 ;    ; RE   ; 2      ; LABCELL_X70_Y37_N42                       ; ARRIAV_LCELL_COMB                             ;
;   9.454  ;   0.125 ;    ; RE   ; 2      ; LOCAL_LINE_X70_Y37_N0_I14                 ; LOCAL_LINE                                    ;
;   9.621  ;   0.167 ;    ; RE   ; 1      ; BLOCK_INPUT_MUX_X70_Y37_N0_I73            ; LEIM_INPUT                                    ;
;   9.621  ;   0.000 ; RR ; IC   ; 1      ; LABCELL_X70_Y37_N54                       ; KSU|u_chi|state_array_o[0][2][26]|dataf       ;
;   9.724  ;   0.103 ; RF ; CELL ; 1      ; LABCELL_X70_Y37_N54                       ; KSU|u_chi|state_array_o[0][2][26]|combout     ;
;   9.724  ;   0.000 ;    ; RE   ; 1      ; LABCELL_X70_Y37_N54                       ; ARRIAV_LCELL_COMB                             ;
;   9.826  ;   0.102 ;    ; RE   ; 1      ; LE_BUFFER_X70_Y37_N0_I37                  ; LE_BUFFER                                     ;
;   10.212 ;   0.386 ;    ; RE   ; 1      ; C4_X69_Y33_N0_I9                          ; V_SEG4                                        ;
;   10.573 ;   0.361 ;    ; RE   ; 1      ; LOCAL_INTERCONNECT_X70_Y35_N0_I33         ; LAB_LINE                                      ;
;   10.714 ;   0.141 ;    ; RE   ; 1      ; BLOCK_INPUT_MUX_X70_Y35_N0_I71            ; LEIM_INPUT                                    ;
;   10.715 ;   0.001 ; FF ; IC   ; 1      ; LABCELL_X70_Y35_N51                       ; state_array~884|dataf                         ;
;   10.799 ;   0.084 ; FF ; CELL ; 1      ; LABCELL_X70_Y35_N51                       ; state_array~884|combout                       ;
;   10.799 ;   0.000 ;    ; RE   ; 1      ; LABCELL_X70_Y35_N51                       ; ARRIAV_LCELL_COMB                             ;
;   10.799 ;   0.000 ; FF ; IC   ; 1      ; FF_X70_Y35_N53                            ; state_array[0][2][26]|d                       ;
;   11.105 ;   0.306 ; FF ; CELL ; 1      ; FF_X70_Y35_N53                            ; state_array[0][2][26]                         ;
+----------+---------+----+------+--------+-------------------------------------------+-----------------------------------------------+

+--------------------------------------------------------------------------------------------------------------+
; Data Required Path                                                                                           ;
+----------+----------+----+------+--------+---------------------------------------+---------------------------+
; Total    ; Incr     ; RF ; Type ; Fanout ; Location                              ; Element                   ;
+----------+----------+----+------+--------+---------------------------------------+---------------------------+
; 7.407    ; 7.407    ;    ;      ;        ;                                       ; latch edge time           ;
; 11.684   ; 4.277    ;    ;      ;        ;                                       ; clock path                ;
;   7.407  ;   0.000  ;    ;      ;        ;                                       ; source latency            ;
;   7.407  ;   0.000  ;    ;      ; 1      ; PIN_M16                               ; clk                       ;
;   7.407  ;   0.000  ;    ; RE   ; 1      ; IOPAD_X89_Y35_N60                     ; ARRIAV_IO_PAD             ;
;   7.407  ;   0.000  ;    ; RE   ; 1      ; IO_PAD_OUTPUT_X89_Y35_N60_I1          ; IO_PAD_OUTPUT             ;
;   7.407  ;   0.000  ;    ; RE   ; 1      ; IO_INPUT_BUFFER_INPUT_X89_Y35_N61_I0  ; IO_INPUT_BUFFER_INPUT     ;
;   7.407  ;   0.000  ; RR ; IC   ; 1      ; IOIBUF_X89_Y35_N61                    ; clk~input|i               ;
;   8.146  ;   0.739  ; RR ; CELL ; 1      ; IOIBUF_X89_Y35_N61                    ; clk~input|o               ;
;   8.146  ;   0.000  ;    ; RE   ; 1      ; IOIBUF_X89_Y35_N61                    ; ARRIAV_IO_IBUF            ;
;   8.146  ;   0.000  ;    ; RE   ; 1      ; IO_INPUT_BUFFER_OUTPUT_X89_Y35_N61_I2 ; IO_INPUT_BUFFER_OUTPUT    ;
;   8.146  ;   0.000  ;    ; RE   ; 1      ; IO_RE_X89_Y35_N60_I96                 ; IO_RE                     ;
;   8.234  ;   0.088  ;    ; RE   ; 1      ; IO_RE_X89_Y35_N60_I66                 ; IO_RE                     ;
;   8.509  ;   0.275  ;    ; RE   ; 1      ; CLKBUF_CLUSTER_RE_X89_Y39_N3_I421     ; CLKBUF_CLUSTER_RE         ;
;   8.509  ;   0.000  ;    ; RE   ; 1      ; CLKBUF_CLUSTER_RE_X89_Y39_N3_I772     ; CLKBUF_CLUSTER_RE         ;
;   8.509  ;   0.000  ;    ; RE   ; 1      ; CLKBUF_CLUSTER_RE_X89_Y39_N3_I557     ; CLKBUF_CLUSTER_RE         ;
;   8.509  ;   0.000  ;    ; RE   ; 1      ; GCLK_CLUSTER_RE_X89_Y39_N6_I10        ; GCLK_CLUSTER_RE           ;
;   8.509  ;   0.000  ;    ; RE   ; 1      ; CLKBUFBLOCK_INPUT_X89_Y39_N7_I0       ; CLKBUFBLOCK_INPUT         ;
;   8.509  ;   0.000  ; RR ; IC   ; 1      ; CLKCTRL_G9                            ; clk~inputCLKENA0|inclk    ;
;   8.979  ;   0.470  ; RR ; CELL ; 1674   ; CLKCTRL_G9                            ; clk~inputCLKENA0|outclk   ;
;   8.979  ;   0.000  ;    ; RE   ; 1      ; CLKCTRL_G9                            ; ARRIAV_CLKBUF             ;
;   8.979  ;   0.000  ;    ; RE   ; 1      ; CLKBUFBLOCK_OUTPUT_X89_Y39_N7_I2      ; CLKBUFBLOCK_OUTPUT        ;
;   8.979  ;   0.000  ;    ; RE   ; 1      ; GCLK_CLUSTER_RE_X89_Y39_N6_I12        ; GCLK_CLUSTER_RE           ;
;   8.979  ;   0.000  ;    ; RE   ; 1      ; CLKBUF_CLUSTER_RE_X89_Y39_N3_I416     ; CLKBUF_CLUSTER_RE         ;
;   9.761  ;   0.782  ;    ; RE   ; 5      ; GLOBAL_CLOCK_X0_Y36_N0_I9             ; GLOBAL_CLOCK              ;
;   9.899  ;   0.138  ;    ; RE   ; 15     ; SPINE_CLOCK_X77_Y19_N0_I7             ; SPINE_CLOCK               ;
;   10.288 ;   0.389  ;    ; RE   ; 1      ; SCLK_TO_ROWCLK_BUF_X77_Y35_N0_I43     ; SCLK_TO_ROWCLK_BUF        ;
;   10.369 ;   0.081  ;    ; RE   ; 1      ; SCLK_TO_ROWCLK_BUF_X77_Y35_N0_I46     ; SCLK_TO_ROWCLK_BUF        ;
;   10.822 ;   0.453  ;    ; RE   ; 5      ; LAB_CLK_X67_Y35_N0_I5                 ; LAB_CLK                   ;
;   10.946 ;   0.124  ;    ; RE   ; 1      ; BLK_CLK_BUF_X70_Y35_N0_I5             ; BLK_CLK_BUF               ;
;   10.999 ;   0.053  ;    ; RE   ; 1      ; ROWCLKSEL_PREBUF_X70_Y35_N0_I5        ; ROWCLKSEL_PREBUF          ;
;   11.054 ;   0.055  ;    ; RE   ; 1      ; ROWCLKSEL_X70_Y35_N0_I0               ; ROWCLKSEL                 ;
;   11.054 ;   0.000  ;    ; RE   ; 1      ; GLOBAL_LOCAL_SEL_X70_Y35_N0_I0        ; GLOBAL_LOCAL_SEL          ;
;   11.054 ;   0.000  ;    ; RE   ; 8      ; LAB_INPUT_X70_Y35_N0_I0               ; LAB_INPUT                 ;
;   11.053 ;   -0.001 ; RR ; IC   ; 1      ; FF_X70_Y35_N53                        ; state_array[0][2][26]|clk ;
;   11.624 ;   0.571  ; RR ; CELL ; 1      ; FF_X70_Y35_N53                        ; state_array[0][2][26]     ;
;   11.684 ;   0.060  ;    ;      ;        ;                                       ; clock pessimism removed   ;
; 11.584   ; -0.100   ;    ;      ;        ;                                       ; clock uncertainty         ;
; 11.584   ; 0.000    ;    ; uTsu ; 1      ; FF_X70_Y35_N53                        ; state_array[0][2][26]     ;
+----------+----------+----+------+--------+---------------------------------------+---------------------------+

----------------------------
; Extra Fitter Information ;
----------------------------
HTML report is unavailable in plain text report export.


Path #9: Setup slack is 0.491 
===============================================================================
+--------------------------------------------+
; Path Summary                               ;
+--------------------+-----------------------+
; Property           ; Value                 ;
+--------------------+-----------------------+
; From Node          ; state_array[2][3][17] ;
; To Node            ; state_array[0][3][28] ;
; Launch Clock       ; clk                   ;
; Latch Clock        ; clk                   ;
; Data Arrival Time  ; 11.160                ;
; Data Required Time ; 11.651                ;
; Slack              ; 0.491                 ;
+--------------------+-----------------------+

+-------------------------------------------------------------------------------------+
; Statistics                                                                          ;
+------------------------+--------+-------+-------------+------------+--------+-------+
; Property               ; Value  ; Count ; Total Delay ; % of Total ; Min    ; Max   ;
+------------------------+--------+-------+-------------+------------+--------+-------+
; Setup Relationship     ; 7.407  ;       ;             ;            ;        ;       ;
; Clock Skew             ; -0.140 ;       ;             ;            ;        ;       ;
; Data Delay             ; 6.676  ;       ;             ;            ;        ;       ;
; Number of Logic Levels ;        ; 4     ;             ;            ;        ;       ;
; Physical Delays        ;        ;       ;             ;            ;        ;       ;
;  Arrival Path          ;        ;       ;             ;            ;        ;       ;
;   Clock                ;        ;       ;             ;            ;        ;       ;
;    IC                  ;        ; 3     ; 0.000       ; 0          ; 0.000  ; 0.000 ;
;    Cell                ;        ; 3     ; 1.901       ; 42         ; 0.507  ; 0.739 ;
;    Routing Element     ;        ; 26    ; 2.583       ; 58         ; 0.000  ; 0.821 ;
;   Data                 ;        ;       ;             ;            ;        ;       ;
;    IC                  ;        ; 5     ; -0.001      ; 0          ; -0.001 ; 0.001 ;
;    Cell                ;        ; 6     ; 1.247       ; 19         ; 0.000  ; 0.656 ;
;    uTco                ;        ; 1     ; 0.000       ; 0          ; 0.000  ; 0.000 ;
;    Routing Element     ;        ; 28    ; 5.430       ; 81         ; 0.000  ; 0.422 ;
;  Required Path         ;        ;       ;             ;            ;        ;       ;
;   Clock                ;        ;       ;             ;            ;        ;       ;
;    IC                  ;        ; 3     ; 0.001       ; 0          ; 0.000  ; 0.001 ;
;    Cell                ;        ; 3     ; 1.780       ; 42         ; 0.470  ; 0.739 ;
;    Routing Element     ;        ; 26    ; 2.458       ; 58         ; 0.000  ; 0.776 ;
+------------------------+--------+-------+-------------+------------+--------+-------+
Note: Negative delays are omitted from totals when calculating percentages

+----------------------------------------------------------------------------------------------------------------------------------+
; Data Arrival Path                                                                                                                ;
+----------+----------+----+------+--------+---------------------------------------+-----------------------------------------------+
; Total    ; Incr     ; RF ; Type ; Fanout ; Location                              ; Element                                       ;
+----------+----------+----+------+--------+---------------------------------------+-----------------------------------------------+
; 0.000    ; 0.000    ;    ;      ;        ;                                       ; launch edge time                              ;
; 4.484    ; 4.484    ;    ;      ;        ;                                       ; clock path                                    ;
;   0.000  ;   0.000  ;    ;      ;        ;                                       ; source latency                                ;
;   0.000  ;   0.000  ;    ;      ; 1      ; PIN_M16                               ; clk                                           ;
;   0.000  ;   0.000  ;    ; RE   ; 1      ; IOPAD_X89_Y35_N60                     ; ARRIAV_IO_PAD                                 ;
;   0.000  ;   0.000  ;    ; RE   ; 1      ; IO_PAD_OUTPUT_X89_Y35_N60_I1          ; IO_PAD_OUTPUT                                 ;
;   0.000  ;   0.000  ;    ; RE   ; 1      ; IO_INPUT_BUFFER_INPUT_X89_Y35_N61_I0  ; IO_INPUT_BUFFER_INPUT                         ;
;   0.000  ;   0.000  ; RR ; IC   ; 1      ; IOIBUF_X89_Y35_N61                    ; clk~input|i                                   ;
;   0.739  ;   0.739  ; RR ; CELL ; 1      ; IOIBUF_X89_Y35_N61                    ; clk~input|o                                   ;
;   0.739  ;   0.000  ;    ; RE   ; 1      ; IOIBUF_X89_Y35_N61                    ; ARRIAV_IO_IBUF                                ;
;   0.739  ;   0.000  ;    ; RE   ; 1      ; IO_INPUT_BUFFER_OUTPUT_X89_Y35_N61_I2 ; IO_INPUT_BUFFER_OUTPUT                        ;
;   0.739  ;   0.000  ;    ; RE   ; 1      ; IO_RE_X89_Y35_N60_I96                 ; IO_RE                                         ;
;   0.833  ;   0.094  ;    ; RE   ; 1      ; IO_RE_X89_Y35_N60_I66                 ; IO_RE                                         ;
;   1.125  ;   0.292  ;    ; RE   ; 1      ; CLKBUF_CLUSTER_RE_X89_Y39_N3_I421     ; CLKBUF_CLUSTER_RE                             ;
;   1.125  ;   0.000  ;    ; RE   ; 1      ; CLKBUF_CLUSTER_RE_X89_Y39_N3_I772     ; CLKBUF_CLUSTER_RE                             ;
;   1.125  ;   0.000  ;    ; RE   ; 1      ; CLKBUF_CLUSTER_RE_X89_Y39_N3_I557     ; CLKBUF_CLUSTER_RE                             ;
;   1.125  ;   0.000  ;    ; RE   ; 1      ; GCLK_CLUSTER_RE_X89_Y39_N6_I10        ; GCLK_CLUSTER_RE                               ;
;   1.125  ;   0.000  ;    ; RE   ; 1      ; CLKBUFBLOCK_INPUT_X89_Y39_N7_I0       ; CLKBUFBLOCK_INPUT                             ;
;   1.125  ;   0.000  ; RR ; IC   ; 1      ; CLKCTRL_G9                            ; clk~inputCLKENA0|inclk                        ;
;   1.632  ;   0.507  ; RR ; CELL ; 1674   ; CLKCTRL_G9                            ; clk~inputCLKENA0|outclk                       ;
;   1.632  ;   0.000  ;    ; RE   ; 1      ; CLKCTRL_G9                            ; ARRIAV_CLKBUF                                 ;
;   1.632  ;   0.000  ;    ; RE   ; 1      ; CLKBUFBLOCK_OUTPUT_X89_Y39_N7_I2      ; CLKBUFBLOCK_OUTPUT                            ;
;   1.632  ;   0.000  ;    ; RE   ; 1      ; GCLK_CLUSTER_RE_X89_Y39_N6_I12        ; GCLK_CLUSTER_RE                               ;
;   1.632  ;   0.000  ;    ; RE   ; 1      ; CLKBUF_CLUSTER_RE_X89_Y39_N3_I416     ; CLKBUF_CLUSTER_RE                             ;
;   2.453  ;   0.821  ;    ; RE   ; 5      ; GLOBAL_CLOCK_X0_Y36_N0_I9             ; GLOBAL_CLOCK                                  ;
;   2.592  ;   0.139  ;    ; RE   ; 16     ; SPINE_CLOCK_X55_Y19_N0_I22            ; SPINE_CLOCK                                   ;
;   2.995  ;   0.403  ;    ; RE   ; 1      ; SCLK_TO_ROWCLK_BUF_X55_Y29_N0_I133    ; SCLK_TO_ROWCLK_BUF                            ;
;   3.089  ;   0.094  ;    ; RE   ; 2      ; SCLK_TO_ROWCLK_BUF_X55_Y29_N0_I136    ; SCLK_TO_ROWCLK_BUF                            ;
;   3.572  ;   0.483  ;    ; RE   ; 10     ; LAB_CLK_X56_Y29_N0_I5                 ; LAB_CLK                                       ;
;   3.712  ;   0.140  ;    ; RE   ; 1      ; BLK_CLK_BUF_X61_Y29_N0_I5             ; BLK_CLK_BUF                                   ;
;   3.768  ;   0.056  ;    ; RE   ; 1      ; ROWCLKSEL_PREBUF_X61_Y29_N0_I5        ; ROWCLKSEL_PREBUF                              ;
;   3.829  ;   0.061  ;    ; RE   ; 1      ; ROWCLKSEL_X61_Y29_N0_I0               ; ROWCLKSEL                                     ;
;   3.829  ;   0.000  ;    ; RE   ; 1      ; GLOBAL_LOCAL_SEL_X61_Y29_N0_I0        ; GLOBAL_LOCAL_SEL                              ;
;   3.829  ;   0.000  ;    ; RE   ; 4      ; LAB_INPUT_X61_Y29_N0_I0               ; LAB_INPUT                                     ;
;   3.829  ;   0.000  ; RR ; IC   ; 1      ; FF_X61_Y29_N44                        ; state_array[2][3][17]|clk                     ;
;   4.484  ;   0.655  ; RR ; CELL ; 1      ; FF_X61_Y29_N44                        ; state_array[2][3][17]                         ;
; 11.160   ; 6.676    ;    ;      ;        ;                                       ; data path                                     ;
;   4.484  ;   0.000  ;    ; uTco ; 1      ; FF_X61_Y29_N44                        ; state_array[2][3][17]                         ;
;   4.484  ;   0.000  ; FF ; CELL ; 6      ; FF_X61_Y29_N44                        ; state_array[2][3][17]|q                       ;
;   4.543  ;   0.059  ;    ; RE   ; 2      ; FF_X61_Y29_N44                        ; ARRIAV_FF                                     ;
;   4.675  ;   0.132  ;    ; RE   ; 2      ; LE_BUFFER_X61_Y29_N0_I29              ; LE_BUFFER                                     ;
;   4.948  ;   0.273  ;    ; RE   ; 1      ; C2_X60_Y27_N0_I16                     ; V_SEG2                                        ;
;   5.212  ;   0.264  ;    ; RE   ; 1      ; R3_X61_Y28_N0_I0                      ; H_SEG3                                        ;
;   5.492  ;   0.280  ;    ; RE   ; 2      ; C4_X62_Y24_N0_I5                      ; V_SEG4                                        ;
;   5.805  ;   0.313  ;    ; RE   ; 1      ; R6_X57_Y24_N0_I31                     ; H_SEG6                                        ;
;   6.067  ;   0.262  ;    ; RE   ; 1      ; LOCAL_INTERCONNECT_X61_Y24_N0_I22     ; LAB_LINE                                      ;
;   6.202  ;   0.135  ;    ; RE   ; 1      ; BLOCK_INPUT_MUX_X61_Y24_N0_I49        ; LEIM_INPUT                                    ;
;   6.201  ;   -0.001 ; FF ; IC   ; 1      ; LABCELL_X61_Y24_N36                   ; KSU|u_theta|C[2][17]|dataf                    ;
;   6.291  ;   0.090  ; FF ; CELL ; 2      ; LABCELL_X61_Y24_N36                   ; KSU|u_theta|C[2][17]|combout                  ;
;   6.291  ;   0.000  ;    ; RE   ; 1      ; LABCELL_X61_Y24_N36                   ; ARRIAV_LCELL_COMB                             ;
;   6.369  ;   0.078  ;    ; RE   ; 1      ; LE_BUFFER_X61_Y24_N0_I24              ; LE_BUFFER                                     ;
;   6.642  ;   0.273  ;    ; RE   ; 1      ; C4_X61_Y25_N0_I0                      ; V_SEG4                                        ;
;   7.002  ;   0.360  ;    ; RE   ; 2      ; C4_X61_Y29_N0_I0                      ; V_SEG4                                        ;
;   7.337  ;   0.335  ;    ; RE   ; 1      ; R3_X59_Y31_N0_I18                     ; H_SEG3                                        ;
;   7.629  ;   0.292  ;    ; RE   ; 1      ; R3_X56_Y31_N0_I12                     ; H_SEG3                                        ;
;   7.911  ;   0.282  ;    ; RE   ; 1      ; R3_X53_Y31_N0_I12                     ; H_SEG3                                        ;
;   8.136  ;   0.225  ;    ; RE   ; 1      ; LOCAL_INTERCONNECT_X55_Y31_N0_I38     ; LAB_LINE                                      ;
;   8.282  ;   0.146  ;    ; RE   ; 1      ; BLOCK_INPUT_MUX_X55_Y31_N0_I31        ; LEIM_INPUT                                    ;
;   8.281  ;   -0.001 ; FF ; IC   ; 1      ; LABCELL_X55_Y31_N21                   ; KSU|u_theta|state_array_o[1][4][18]~0|dataf   ;
;   8.392  ;   0.111  ; FR ; CELL ; 15     ; LABCELL_X55_Y31_N21                   ; KSU|u_theta|state_array_o[1][4][18]~0|combout ;
;   8.392  ;   0.000  ;    ; RE   ; 3      ; LABCELL_X55_Y31_N21                   ; ARRIAV_LCELL_COMB                             ;
;   8.525  ;   0.133  ;    ; RE   ; 3      ; LOCAL_LINE_X55_Y31_N0_I7              ; LOCAL_LINE                                    ;
;   8.662  ;   0.137  ;    ; RE   ; 2      ; BLOCK_INPUT_MUX_X55_Y31_N0_I66        ; LEIM_INPUT                                    ;
;   8.662  ;   0.000  ; RR ; IC   ; 1      ; LABCELL_X55_Y31_N48                   ; KSU|u_chi|state_array_o[0][3][28]|dataa       ;
;   9.318  ;   0.656  ; RF ; CELL ; 1      ; LABCELL_X55_Y31_N48                   ; KSU|u_chi|state_array_o[0][3][28]|combout     ;
;   9.318  ;   0.000  ;    ; RE   ; 1      ; LABCELL_X55_Y31_N48                   ; ARRIAV_LCELL_COMB                             ;
;   9.422  ;   0.104  ;    ; RE   ; 1      ; LE_BUFFER_X55_Y31_N0_I33              ; LE_BUFFER                                     ;
;   9.674  ;   0.252  ;    ; RE   ; 1      ; C2_X54_Y32_N0_I4                      ; V_SEG2                                        ;
;   9.925  ;   0.251  ;    ; RE   ; 1      ; C2_X54_Y34_N0_I4                      ; V_SEG2                                        ;
;   10.347 ;   0.422  ;    ; RE   ; 1      ; R6_X55_Y34_N0_I16                     ; H_SEG6                                        ;
;   10.632 ;   0.285  ;    ; RE   ; 1      ; LOCAL_INTERCONNECT_X60_Y34_N0_I21     ; LAB_LINE                                      ;
;   10.769 ;   0.137  ;    ; RE   ; 1      ; BLOCK_INPUT_MUX_X60_Y34_N0_I71        ; LEIM_INPUT                                    ;
;   10.770 ;   0.001  ; FF ; IC   ; 1      ; LABCELL_X60_Y34_N51                   ; state_array~964|dataf                         ;
;   10.854 ;   0.084  ; FF ; CELL ; 1      ; LABCELL_X60_Y34_N51                   ; state_array~964|combout                       ;
;   10.854 ;   0.000  ;    ; RE   ; 1      ; LABCELL_X60_Y34_N51                   ; ARRIAV_LCELL_COMB                             ;
;   10.854 ;   0.000  ; FF ; IC   ; 1      ; FF_X60_Y34_N53                        ; state_array[0][3][28]|d                       ;
;   11.160 ;   0.306  ; FF ; CELL ; 1      ; FF_X60_Y34_N53                        ; state_array[0][3][28]                         ;
+----------+----------+----+------+--------+---------------------------------------+-----------------------------------------------+

+-------------------------------------------------------------------------------------------------------------+
; Data Required Path                                                                                          ;
+----------+---------+----+------+--------+---------------------------------------+---------------------------+
; Total    ; Incr    ; RF ; Type ; Fanout ; Location                              ; Element                   ;
+----------+---------+----+------+--------+---------------------------------------+---------------------------+
; 7.407    ; 7.407   ;    ;      ;        ;                                       ; latch edge time           ;
; 11.751   ; 4.344   ;    ;      ;        ;                                       ; clock path                ;
;   7.407  ;   0.000 ;    ;      ;        ;                                       ; source latency            ;
;   7.407  ;   0.000 ;    ;      ; 1      ; PIN_M16                               ; clk                       ;
;   7.407  ;   0.000 ;    ; RE   ; 1      ; IOPAD_X89_Y35_N60                     ; ARRIAV_IO_PAD             ;
;   7.407  ;   0.000 ;    ; RE   ; 1      ; IO_PAD_OUTPUT_X89_Y35_N60_I1          ; IO_PAD_OUTPUT             ;
;   7.407  ;   0.000 ;    ; RE   ; 1      ; IO_INPUT_BUFFER_INPUT_X89_Y35_N61_I0  ; IO_INPUT_BUFFER_INPUT     ;
;   7.407  ;   0.000 ; RR ; IC   ; 1      ; IOIBUF_X89_Y35_N61                    ; clk~input|i               ;
;   8.146  ;   0.739 ; RR ; CELL ; 1      ; IOIBUF_X89_Y35_N61                    ; clk~input|o               ;
;   8.146  ;   0.000 ;    ; RE   ; 1      ; IOIBUF_X89_Y35_N61                    ; ARRIAV_IO_IBUF            ;
;   8.146  ;   0.000 ;    ; RE   ; 1      ; IO_INPUT_BUFFER_OUTPUT_X89_Y35_N61_I2 ; IO_INPUT_BUFFER_OUTPUT    ;
;   8.146  ;   0.000 ;    ; RE   ; 1      ; IO_RE_X89_Y35_N60_I96                 ; IO_RE                     ;
;   8.234  ;   0.088 ;    ; RE   ; 1      ; IO_RE_X89_Y35_N60_I66                 ; IO_RE                     ;
;   8.509  ;   0.275 ;    ; RE   ; 1      ; CLKBUF_CLUSTER_RE_X89_Y39_N3_I421     ; CLKBUF_CLUSTER_RE         ;
;   8.509  ;   0.000 ;    ; RE   ; 1      ; CLKBUF_CLUSTER_RE_X89_Y39_N3_I772     ; CLKBUF_CLUSTER_RE         ;
;   8.509  ;   0.000 ;    ; RE   ; 1      ; CLKBUF_CLUSTER_RE_X89_Y39_N3_I557     ; CLKBUF_CLUSTER_RE         ;
;   8.509  ;   0.000 ;    ; RE   ; 1      ; GCLK_CLUSTER_RE_X89_Y39_N6_I10        ; GCLK_CLUSTER_RE           ;
;   8.509  ;   0.000 ;    ; RE   ; 1      ; CLKBUFBLOCK_INPUT_X89_Y39_N7_I0       ; CLKBUFBLOCK_INPUT         ;
;   8.509  ;   0.000 ; RR ; IC   ; 1      ; CLKCTRL_G9                            ; clk~inputCLKENA0|inclk    ;
;   8.979  ;   0.470 ; RR ; CELL ; 1674   ; CLKCTRL_G9                            ; clk~inputCLKENA0|outclk   ;
;   8.979  ;   0.000 ;    ; RE   ; 1      ; CLKCTRL_G9                            ; ARRIAV_CLKBUF             ;
;   8.979  ;   0.000 ;    ; RE   ; 1      ; CLKBUFBLOCK_OUTPUT_X89_Y39_N7_I2      ; CLKBUFBLOCK_OUTPUT        ;
;   8.979  ;   0.000 ;    ; RE   ; 1      ; GCLK_CLUSTER_RE_X89_Y39_N6_I12        ; GCLK_CLUSTER_RE           ;
;   8.979  ;   0.000 ;    ; RE   ; 1      ; CLKBUF_CLUSTER_RE_X89_Y39_N3_I416     ; CLKBUF_CLUSTER_RE         ;
;   9.755  ;   0.776 ;    ; RE   ; 5      ; GLOBAL_CLOCK_X0_Y36_N0_I9             ; GLOBAL_CLOCK              ;
;   9.893  ;   0.138 ;    ; RE   ; 16     ; SPINE_CLOCK_X55_Y19_N0_I22            ; SPINE_CLOCK               ;
;   10.282 ;   0.389 ;    ; RE   ; 1      ; SCLK_TO_ROWCLK_BUF_X55_Y34_N0_I133    ; SCLK_TO_ROWCLK_BUF        ;
;   10.373 ;   0.091 ;    ; RE   ; 2      ; SCLK_TO_ROWCLK_BUF_X55_Y34_N0_I136    ; SCLK_TO_ROWCLK_BUF        ;
;   10.837 ;   0.464 ;    ; RE   ; 10     ; LAB_CLK_X56_Y34_N0_I5                 ; LAB_CLK                   ;
;   10.966 ;   0.129 ;    ; RE   ; 1      ; BLK_CLK_BUF_X60_Y34_N0_I5             ; BLK_CLK_BUF               ;
;   11.020 ;   0.054 ;    ; RE   ; 1      ; ROWCLKSEL_PREBUF_X60_Y34_N0_I5        ; ROWCLKSEL_PREBUF          ;
;   11.074 ;   0.054 ;    ; RE   ; 1      ; ROWCLKSEL_X60_Y34_N0_I0               ; ROWCLKSEL                 ;
;   11.074 ;   0.000 ;    ; RE   ; 1      ; GLOBAL_LOCAL_SEL_X60_Y34_N0_I0        ; GLOBAL_LOCAL_SEL          ;
;   11.074 ;   0.000 ;    ; RE   ; 10     ; LAB_INPUT_X60_Y34_N0_I0               ; LAB_INPUT                 ;
;   11.075 ;   0.001 ; RR ; IC   ; 1      ; FF_X60_Y34_N53                        ; state_array[0][3][28]|clk ;
;   11.646 ;   0.571 ; RR ; CELL ; 1      ; FF_X60_Y34_N53                        ; state_array[0][3][28]     ;
;   11.751 ;   0.105 ;    ;      ;        ;                                       ; clock pessimism removed   ;
; 11.651   ; -0.100  ;    ;      ;        ;                                       ; clock uncertainty         ;
; 11.651   ; 0.000   ;    ; uTsu ; 1      ; FF_X60_Y34_N53                        ; state_array[0][3][28]     ;
+----------+---------+----+------+--------+---------------------------------------+---------------------------+

----------------------------
; Extra Fitter Information ;
----------------------------
HTML report is unavailable in plain text report export.


Path #10: Setup slack is 0.494 
===============================================================================
+--------------------------------------------+
; Path Summary                               ;
+--------------------+-----------------------+
; Property           ; Value                 ;
+--------------------+-----------------------+
; From Node          ; state_array[2][0][4]  ;
; To Node            ; state_array[0][3][15] ;
; Launch Clock       ; clk                   ;
; Latch Clock        ; clk                   ;
; Data Arrival Time  ; 11.106                ;
; Data Required Time ; 11.600                ;
; Slack              ; 0.494                 ;
+--------------------+-----------------------+

+-------------------------------------------------------------------------------------+
; Statistics                                                                          ;
+------------------------+--------+-------+-------------+------------+--------+-------+
; Property               ; Value  ; Count ; Total Delay ; % of Total ; Min    ; Max   ;
+------------------------+--------+-------+-------------+------------+--------+-------+
; Setup Relationship     ; 7.407  ;       ;             ;            ;        ;       ;
; Clock Skew             ; -0.166 ;       ;             ;            ;        ;       ;
; Data Delay             ; 6.647  ;       ;             ;            ;        ;       ;
; Number of Logic Levels ;        ; 4     ;             ;            ;        ;       ;
; Physical Delays        ;        ;       ;             ;            ;        ;       ;
;  Arrival Path          ;        ;       ;             ;            ;        ;       ;
;   Clock                ;        ;       ;             ;            ;        ;       ;
;    IC                  ;        ; 3     ; 0.000       ; 0          ; 0.000  ; 0.000 ;
;    Cell                ;        ; 3     ; 1.901       ; 43         ; 0.507  ; 0.739 ;
;    Routing Element     ;        ; 26    ; 2.558       ; 57         ; 0.000  ; 0.826 ;
;   Data                 ;        ;       ;             ;            ;        ;       ;
;    IC                  ;        ; 5     ; -0.002      ; 0          ; -0.001 ; 0.000 ;
;    Cell                ;        ; 6     ; 1.235       ; 19         ; 0.000  ; 0.646 ;
;    uTco                ;        ; 1     ; 0.000       ; 0          ; 0.000  ; 0.000 ;
;    Routing Element     ;        ; 29    ; 5.414       ; 81         ; 0.000  ; 0.423 ;
;  Required Path         ;        ;       ;             ;            ;        ;       ;
;   Clock                ;        ;       ;             ;            ;        ;       ;
;    IC                  ;        ; 3     ; 0.000       ; 0          ; 0.000  ; 0.000 ;
;    Cell                ;        ; 3     ; 1.773       ; 42         ; 0.470  ; 0.739 ;
;    Routing Element     ;        ; 26    ; 2.460       ; 58         ; 0.000  ; 0.776 ;
+------------------------+--------+-------+-------------+------------+--------+-------+
Note: Negative delays are omitted from totals when calculating percentages

+-------------------------------------------------------------------------------------------------------------------------------------+
; Data Arrival Path                                                                                                                   ;
+----------+----------+----+------+--------+-------------------------------------------+----------------------------------------------+
; Total    ; Incr     ; RF ; Type ; Fanout ; Location                                  ; Element                                      ;
+----------+----------+----+------+--------+-------------------------------------------+----------------------------------------------+
; 0.000    ; 0.000    ;    ;      ;        ;                                           ; launch edge time                             ;
; 4.459    ; 4.459    ;    ;      ;        ;                                           ; clock path                                   ;
;   0.000  ;   0.000  ;    ;      ;        ;                                           ; source latency                               ;
;   0.000  ;   0.000  ;    ;      ; 1      ; PIN_M16                                   ; clk                                          ;
;   0.000  ;   0.000  ;    ; RE   ; 1      ; IOPAD_X89_Y35_N60                         ; ARRIAV_IO_PAD                                ;
;   0.000  ;   0.000  ;    ; RE   ; 1      ; IO_PAD_OUTPUT_X89_Y35_N60_I1              ; IO_PAD_OUTPUT                                ;
;   0.000  ;   0.000  ;    ; RE   ; 1      ; IO_INPUT_BUFFER_INPUT_X89_Y35_N61_I0      ; IO_INPUT_BUFFER_INPUT                        ;
;   0.000  ;   0.000  ; RR ; IC   ; 1      ; IOIBUF_X89_Y35_N61                        ; clk~input|i                                  ;
;   0.739  ;   0.739  ; RR ; CELL ; 1      ; IOIBUF_X89_Y35_N61                        ; clk~input|o                                  ;
;   0.739  ;   0.000  ;    ; RE   ; 1      ; IOIBUF_X89_Y35_N61                        ; ARRIAV_IO_IBUF                               ;
;   0.739  ;   0.000  ;    ; RE   ; 1      ; IO_INPUT_BUFFER_OUTPUT_X89_Y35_N61_I2     ; IO_INPUT_BUFFER_OUTPUT                       ;
;   0.739  ;   0.000  ;    ; RE   ; 1      ; IO_RE_X89_Y35_N60_I96                     ; IO_RE                                        ;
;   0.833  ;   0.094  ;    ; RE   ; 1      ; IO_RE_X89_Y35_N60_I66                     ; IO_RE                                        ;
;   1.125  ;   0.292  ;    ; RE   ; 1      ; CLKBUF_CLUSTER_RE_X89_Y39_N3_I421         ; CLKBUF_CLUSTER_RE                            ;
;   1.125  ;   0.000  ;    ; RE   ; 1      ; CLKBUF_CLUSTER_RE_X89_Y39_N3_I772         ; CLKBUF_CLUSTER_RE                            ;
;   1.125  ;   0.000  ;    ; RE   ; 1      ; CLKBUF_CLUSTER_RE_X89_Y39_N3_I557         ; CLKBUF_CLUSTER_RE                            ;
;   1.125  ;   0.000  ;    ; RE   ; 1      ; GCLK_CLUSTER_RE_X89_Y39_N6_I10            ; GCLK_CLUSTER_RE                              ;
;   1.125  ;   0.000  ;    ; RE   ; 1      ; CLKBUFBLOCK_INPUT_X89_Y39_N7_I0           ; CLKBUFBLOCK_INPUT                            ;
;   1.125  ;   0.000  ; RR ; IC   ; 1      ; CLKCTRL_G9                                ; clk~inputCLKENA0|inclk                       ;
;   1.632  ;   0.507  ; RR ; CELL ; 1674   ; CLKCTRL_G9                                ; clk~inputCLKENA0|outclk                      ;
;   1.632  ;   0.000  ;    ; RE   ; 1      ; CLKCTRL_G9                                ; ARRIAV_CLKBUF                                ;
;   1.632  ;   0.000  ;    ; RE   ; 1      ; CLKBUFBLOCK_OUTPUT_X89_Y39_N7_I2          ; CLKBUFBLOCK_OUTPUT                           ;
;   1.632  ;   0.000  ;    ; RE   ; 1      ; GCLK_CLUSTER_RE_X89_Y39_N6_I12            ; GCLK_CLUSTER_RE                              ;
;   1.632  ;   0.000  ;    ; RE   ; 1      ; CLKBUF_CLUSTER_RE_X89_Y39_N3_I416         ; CLKBUF_CLUSTER_RE                            ;
;   2.458  ;   0.826  ;    ; RE   ; 5      ; GLOBAL_CLOCK_X0_Y36_N0_I9                 ; GLOBAL_CLOCK                                 ;
;   2.601  ;   0.143  ;    ; RE   ; 15     ; SPINE_CLOCK_X77_Y19_N0_I7                 ; SPINE_CLOCK                                  ;
;   3.004  ;   0.403  ;    ; RE   ; 1      ; SCLK_TO_ROWCLK_BUF_X77_Y35_N0_I43         ; SCLK_TO_ROWCLK_BUF                           ;
;   3.088  ;   0.084  ;    ; RE   ; 1      ; SCLK_TO_ROWCLK_BUF_X77_Y35_N0_I46         ; SCLK_TO_ROWCLK_BUF                           ;
;   3.556  ;   0.468  ;    ; RE   ; 5      ; LAB_CLK_X67_Y35_N0_I5                     ; LAB_CLK                                      ;
;   3.690  ;   0.134  ;    ; RE   ; 1      ; BLK_CLK_BUF_X72_Y35_N0_I5                 ; BLK_CLK_BUF                                  ;
;   3.745  ;   0.055  ;    ; RE   ; 1      ; ROWCLKSEL_PREBUF_X72_Y35_N0_I5            ; ROWCLKSEL_PREBUF                             ;
;   3.804  ;   0.059  ;    ; RE   ; 1      ; ROWCLKSEL_X72_Y35_N0_I0                   ; ROWCLKSEL                                    ;
;   3.804  ;   0.000  ;    ; RE   ; 1      ; GLOBAL_LOCAL_SEL_X72_Y35_N0_I0            ; GLOBAL_LOCAL_SEL                             ;
;   3.804  ;   0.000  ;    ; RE   ; 3      ; LAB_INPUT_X72_Y35_N0_I0                   ; LAB_INPUT                                    ;
;   3.804  ;   0.000  ; RR ; IC   ; 1      ; FF_X72_Y35_N32                            ; state_array[2][0][4]|clk                     ;
;   4.459  ;   0.655  ; RR ; CELL ; 1      ; FF_X72_Y35_N32                            ; state_array[2][0][4]                         ;
; 11.106   ; 6.647    ;    ;      ;        ;                                           ; data path                                    ;
;   4.459  ;   0.000  ;    ; uTco ; 1      ; FF_X72_Y35_N32                            ; state_array[2][0][4]                         ;
;   4.459  ;   0.000  ; FF ; CELL ; 6      ; FF_X72_Y35_N32                            ; state_array[2][0][4]|q                       ;
;   4.518  ;   0.059  ;    ; RE   ; 2      ; FF_X72_Y35_N32                            ; ARRIAV_FF                                    ;
;   4.631  ;   0.113  ;    ; RE   ; 1      ; LE_BUFFER_X72_Y35_N0_I21                  ; LE_BUFFER                                    ;
;   4.889  ;   0.258  ;    ; RE   ; 2      ; R3_X69_Y35_N0_I21                         ; H_SEG3                                       ;
;   5.188  ;   0.299  ;    ; RE   ; 1      ; R6_X63_Y35_N0_I36                         ; H_SEG6                                       ;
;   5.588  ;   0.400  ;    ; RE   ; 1      ; R6_X57_Y35_N0_I37                         ; H_SEG6                                       ;
;   5.862  ;   0.274  ;    ; RE   ; 1      ; LOCAL_INTERCONNECT_X57_Y35_N0_I42         ; LAB_LINE                                     ;
;   5.986  ;   0.124  ;    ; RE   ; 2      ; BLOCK_INPUT_MUX_X57_Y35_N0_I67            ; LEIM_INPUT                                   ;
;   5.985  ;   -0.001 ; FF ; IC   ; 1      ; LABCELL_X57_Y35_N48                       ; KSU|u_theta|C[2][4]|datab                    ;
;   6.631  ;   0.646  ; FR ; CELL ; 2      ; LABCELL_X57_Y35_N48                       ; KSU|u_theta|C[2][4]|combout                  ;
;   6.631  ;   0.000  ;    ; RE   ; 2      ; LABCELL_X57_Y35_N48                       ; ARRIAV_LCELL_COMB                            ;
;   6.728  ;   0.097  ;    ; RE   ; 1      ; LE_BUFFER_X57_Y35_N0_I32                  ; LE_BUFFER                                    ;
;   6.984  ;   0.256  ;    ; RE   ; 1      ; R3_X55_Y35_N0_I20                         ; H_SEG3                                       ;
;   6.984  ;   0.000  ;    ; RE   ; 1      ; R14_C12_INTERCONNECT_DRIVER_X55_Y35_N0_I2 ; WIRE_MUX                                     ;
;   7.335  ;   0.351  ;    ; RE   ; 1      ; R14_X56_Y35_N0_I0                         ; H_SEG14                                      ;
;   7.550  ;   0.215  ;    ; RE   ; 1      ; R3_X70_Y35_N0_I5                          ; H_SEG3                                       ;
;   7.723  ;   0.173  ;    ; RE   ; 1      ; LOCAL_INTERCONNECT_X73_Y35_N0_I10         ; LAB_LINE                                     ;
;   7.895  ;   0.172  ;    ; RE   ; 1      ; BLOCK_INPUT_MUX_X73_Y35_N0_I71            ; LEIM_INPUT                                   ;
;   7.894  ;   -0.001 ; RR ; IC   ; 1      ; LABCELL_X73_Y35_N51                       ; KSU|u_theta|state_array_o[1][0][5]~0|dataf   ;
;   8.000  ;   0.106  ; RF ; CELL ; 13     ; LABCELL_X73_Y35_N51                       ; KSU|u_theta|state_array_o[1][0][5]~0|combout ;
;   8.000  ;   0.000  ;    ; RE   ; 2      ; LABCELL_X73_Y35_N51                       ; ARRIAV_LCELL_COMB                            ;
;   8.101  ;   0.101  ;    ; RE   ; 2      ; LE_BUFFER_X73_Y35_N0_I35                  ; LE_BUFFER                                    ;
;   8.431  ;   0.330  ;    ; RE   ; 2      ; C4_X72_Y31_N0_I6                          ; V_SEG4                                       ;
;   8.786  ;   0.355  ;    ; RE   ; 1      ; C4_X72_Y27_N0_I6                          ; V_SEG4                                       ;
;   9.209  ;   0.423  ;    ; RE   ; 1      ; R6_X67_Y29_N0_I27                         ; H_SEG6                                       ;
;   9.495  ;   0.286  ;    ; RE   ; 5      ; LOCAL_INTERCONNECT_X67_Y29_N0_I15         ; LAB_LINE                                     ;
;   9.640  ;   0.145  ;    ; RE   ; 1      ; BLOCK_INPUT_MUX_X67_Y29_N0_I33            ; LEIM_INPUT                                   ;
;   9.640  ;   0.000  ; FF ; IC   ; 1      ; LABCELL_X67_Y29_N24                       ; KSU|u_chi|state_array_o[0][3][15]|dataf      ;
;   9.730  ;   0.090  ; FF ; CELL ; 1      ; LABCELL_X67_Y29_N24                       ; KSU|u_chi|state_array_o[0][3][15]|combout    ;
;   9.730  ;   0.000  ;    ; RE   ; 1      ; LABCELL_X67_Y29_N24                       ; ARRIAV_LCELL_COMB                            ;
;   9.808  ;   0.078  ;    ; RE   ; 1      ; LE_BUFFER_X67_Y29_N0_I16                  ; LE_BUFFER                                    ;
;   10.095 ;   0.287  ;    ; RE   ; 1      ; C4_X67_Y25_N0_I8                          ; V_SEG4                                       ;
;   10.403 ;   0.308  ;    ; RE   ; 1      ; R3_X65_Y25_N0_I22                         ; H_SEG3                                       ;
;   10.593 ;   0.190  ;    ; RE   ; 1      ; LOCAL_INTERCONNECT_X66_Y25_N0_I18         ; LAB_LINE                                     ;
;   10.713 ;   0.120  ;    ; RE   ; 1      ; BLOCK_INPUT_MUX_X66_Y25_N0_I1             ; LEIM_INPUT                                   ;
;   10.713 ;   0.000  ; FF ; IC   ; 1      ; LABCELL_X66_Y25_N0                        ; state_array~529|dataf                        ;
;   10.799 ;   0.086  ; FF ; CELL ; 1      ; LABCELL_X66_Y25_N0                        ; state_array~529|combout                      ;
;   10.799 ;   0.000  ;    ; RE   ; 1      ; LABCELL_X66_Y25_N0                        ; ARRIAV_LCELL_COMB                            ;
;   10.799 ;   0.000  ; FF ; IC   ; 1      ; FF_X66_Y25_N2                             ; state_array[0][3][15]|d                      ;
;   11.106 ;   0.307  ; FF ; CELL ; 1      ; FF_X66_Y25_N2                             ; state_array[0][3][15]                        ;
+----------+----------+----+------+--------+-------------------------------------------+----------------------------------------------+

+-------------------------------------------------------------------------------------------------------------+
; Data Required Path                                                                                          ;
+----------+---------+----+------+--------+---------------------------------------+---------------------------+
; Total    ; Incr    ; RF ; Type ; Fanout ; Location                              ; Element                   ;
+----------+---------+----+------+--------+---------------------------------------+---------------------------+
; 7.407    ; 7.407   ;    ;      ;        ;                                       ; latch edge time           ;
; 11.700   ; 4.293   ;    ;      ;        ;                                       ; clock path                ;
;   7.407  ;   0.000 ;    ;      ;        ;                                       ; source latency            ;
;   7.407  ;   0.000 ;    ;      ; 1      ; PIN_M16                               ; clk                       ;
;   7.407  ;   0.000 ;    ; RE   ; 1      ; IOPAD_X89_Y35_N60                     ; ARRIAV_IO_PAD             ;
;   7.407  ;   0.000 ;    ; RE   ; 1      ; IO_PAD_OUTPUT_X89_Y35_N60_I1          ; IO_PAD_OUTPUT             ;
;   7.407  ;   0.000 ;    ; RE   ; 1      ; IO_INPUT_BUFFER_INPUT_X89_Y35_N61_I0  ; IO_INPUT_BUFFER_INPUT     ;
;   7.407  ;   0.000 ; RR ; IC   ; 1      ; IOIBUF_X89_Y35_N61                    ; clk~input|i               ;
;   8.146  ;   0.739 ; RR ; CELL ; 1      ; IOIBUF_X89_Y35_N61                    ; clk~input|o               ;
;   8.146  ;   0.000 ;    ; RE   ; 1      ; IOIBUF_X89_Y35_N61                    ; ARRIAV_IO_IBUF            ;
;   8.146  ;   0.000 ;    ; RE   ; 1      ; IO_INPUT_BUFFER_OUTPUT_X89_Y35_N61_I2 ; IO_INPUT_BUFFER_OUTPUT    ;
;   8.146  ;   0.000 ;    ; RE   ; 1      ; IO_RE_X89_Y35_N60_I96                 ; IO_RE                     ;
;   8.234  ;   0.088 ;    ; RE   ; 1      ; IO_RE_X89_Y35_N60_I66                 ; IO_RE                     ;
;   8.509  ;   0.275 ;    ; RE   ; 1      ; CLKBUF_CLUSTER_RE_X89_Y39_N3_I421     ; CLKBUF_CLUSTER_RE         ;
;   8.509  ;   0.000 ;    ; RE   ; 1      ; CLKBUF_CLUSTER_RE_X89_Y39_N3_I772     ; CLKBUF_CLUSTER_RE         ;
;   8.509  ;   0.000 ;    ; RE   ; 1      ; CLKBUF_CLUSTER_RE_X89_Y39_N3_I557     ; CLKBUF_CLUSTER_RE         ;
;   8.509  ;   0.000 ;    ; RE   ; 1      ; GCLK_CLUSTER_RE_X89_Y39_N6_I10        ; GCLK_CLUSTER_RE           ;
;   8.509  ;   0.000 ;    ; RE   ; 1      ; CLKBUFBLOCK_INPUT_X89_Y39_N7_I0       ; CLKBUFBLOCK_INPUT         ;
;   8.509  ;   0.000 ; RR ; IC   ; 1      ; CLKCTRL_G9                            ; clk~inputCLKENA0|inclk    ;
;   8.979  ;   0.470 ; RR ; CELL ; 1674   ; CLKCTRL_G9                            ; clk~inputCLKENA0|outclk   ;
;   8.979  ;   0.000 ;    ; RE   ; 1      ; CLKCTRL_G9                            ; ARRIAV_CLKBUF             ;
;   8.979  ;   0.000 ;    ; RE   ; 1      ; CLKBUFBLOCK_OUTPUT_X89_Y39_N7_I2      ; CLKBUFBLOCK_OUTPUT        ;
;   8.979  ;   0.000 ;    ; RE   ; 1      ; GCLK_CLUSTER_RE_X89_Y39_N6_I12        ; GCLK_CLUSTER_RE           ;
;   8.979  ;   0.000 ;    ; RE   ; 1      ; CLKBUF_CLUSTER_RE_X89_Y39_N3_I416     ; CLKBUF_CLUSTER_RE         ;
;   9.755  ;   0.776 ;    ; RE   ; 5      ; GLOBAL_CLOCK_X0_Y36_N0_I9             ; GLOBAL_CLOCK              ;
;   9.891  ;   0.136 ;    ; RE   ; 16     ; SPINE_CLOCK_X55_Y19_N0_I22            ; SPINE_CLOCK               ;
;   10.280 ;   0.389 ;    ; RE   ; 1      ; SCLK_TO_ROWCLK_BUF_X55_Y25_N0_I133    ; SCLK_TO_ROWCLK_BUF        ;
;   10.371 ;   0.091 ;    ; RE   ; 2      ; SCLK_TO_ROWCLK_BUF_X55_Y25_N0_I136    ; SCLK_TO_ROWCLK_BUF        ;
;   10.838 ;   0.467 ;    ; RE   ; 10     ; LAB_CLK_X56_Y25_N0_I5                 ; LAB_CLK                   ;
;   10.967 ;   0.129 ;    ; RE   ; 1      ; BLK_CLK_BUF_X66_Y25_N0_I5             ; BLK_CLK_BUF               ;
;   11.022 ;   0.055 ;    ; RE   ; 1      ; ROWCLKSEL_PREBUF_X66_Y25_N0_I5        ; ROWCLKSEL_PREBUF          ;
;   11.076 ;   0.054 ;    ; RE   ; 1      ; ROWCLKSEL_X66_Y25_N0_I0               ; ROWCLKSEL                 ;
;   11.076 ;   0.000 ;    ; RE   ; 1      ; GLOBAL_LOCAL_SEL_X66_Y25_N0_I0        ; GLOBAL_LOCAL_SEL          ;
;   11.076 ;   0.000 ;    ; RE   ; 7      ; LAB_INPUT_X66_Y25_N0_I0               ; LAB_INPUT                 ;
;   11.076 ;   0.000 ; RR ; IC   ; 1      ; FF_X66_Y25_N2                         ; state_array[0][3][15]|clk ;
;   11.640 ;   0.564 ; RR ; CELL ; 1      ; FF_X66_Y25_N2                         ; state_array[0][3][15]     ;
;   11.700 ;   0.060 ;    ;      ;        ;                                       ; clock pessimism removed   ;
; 11.600   ; -0.100  ;    ;      ;        ;                                       ; clock uncertainty         ;
; 11.600   ; 0.000   ;    ; uTsu ; 1      ; FF_X66_Y25_N2                         ; state_array[0][3][15]     ;
+----------+---------+----+------+--------+---------------------------------------+---------------------------+

----------------------------
; Extra Fitter Information ;
----------------------------
HTML report is unavailable in plain text report export.


Path #11: Setup slack is 0.495 
===============================================================================
+--------------------------------------------+
; Path Summary                               ;
+--------------------+-----------------------+
; Property           ; Value                 ;
+--------------------+-----------------------+
; From Node          ; state_array[0][0][3]  ;
; To Node            ; state_array[0][3][13] ;
; Launch Clock       ; clk                   ;
; Latch Clock        ; clk                   ;
; Data Arrival Time  ; 11.158                ;
; Data Required Time ; 11.653                ;
; Slack              ; 0.495                 ;
+--------------------+-----------------------+

+-------------------------------------------------------------------------------------+
; Statistics                                                                          ;
+------------------------+--------+-------+-------------+------------+--------+-------+
; Property               ; Value  ; Count ; Total Delay ; % of Total ; Min    ; Max   ;
+------------------------+--------+-------+-------------+------------+--------+-------+
; Setup Relationship     ; 7.407  ;       ;             ;            ;        ;       ;
; Clock Skew             ; -0.144 ;       ;             ;            ;        ;       ;
; Data Delay             ; 6.668  ;       ;             ;            ;        ;       ;
; Number of Logic Levels ;        ; 4     ;             ;            ;        ;       ;
; Physical Delays        ;        ;       ;             ;            ;        ;       ;
;  Arrival Path          ;        ;       ;             ;            ;        ;       ;
;   Clock                ;        ;       ;             ;            ;        ;       ;
;    IC                  ;        ; 3     ; 0.001       ; 0          ; 0.000  ; 0.001 ;
;    Cell                ;        ; 3     ; 1.908       ; 42         ; 0.507  ; 0.739 ;
;    Routing Element     ;        ; 26    ; 2.581       ; 57         ; 0.000  ; 0.821 ;
;   Data                 ;        ;       ;             ;            ;        ;       ;
;    IC                  ;        ; 5     ; -0.004      ; 0          ; -0.002 ; 0.000 ;
;    Cell                ;        ; 6     ; 2.180       ; 33         ; 0.000  ; 0.621 ;
;    uTco                ;        ; 1     ; 0.000       ; 0          ; 0.000  ; 0.000 ;
;    Routing Element     ;        ; 26    ; 4.492       ; 67         ; 0.000  ; 0.485 ;
;  Required Path         ;        ;       ;             ;            ;        ;       ;
;   Clock                ;        ;       ;             ;            ;        ;       ;
;    IC                  ;        ; 3     ; 0.000       ; 0          ; 0.000  ; 0.000 ;
;    Cell                ;        ; 3     ; 1.780       ; 42         ; 0.470  ; 0.739 ;
;    Routing Element     ;        ; 26    ; 2.461       ; 58         ; 0.000  ; 0.776 ;
+------------------------+--------+-------+-------------+------------+--------+-------+
Note: Negative delays are omitted from totals when calculating percentages

+-------------------------------------------------------------------------------------------------------------------------------------+
; Data Arrival Path                                                                                                                   ;
+----------+----------+----+------+--------+-------------------------------------------+----------------------------------------------+
; Total    ; Incr     ; RF ; Type ; Fanout ; Location                                  ; Element                                      ;
+----------+----------+----+------+--------+-------------------------------------------+----------------------------------------------+
; 0.000    ; 0.000    ;    ;      ;        ;                                           ; launch edge time                             ;
; 4.490    ; 4.490    ;    ;      ;        ;                                           ; clock path                                   ;
;   0.000  ;   0.000  ;    ;      ;        ;                                           ; source latency                               ;
;   0.000  ;   0.000  ;    ;      ; 1      ; PIN_M16                                   ; clk                                          ;
;   0.000  ;   0.000  ;    ; RE   ; 1      ; IOPAD_X89_Y35_N60                         ; ARRIAV_IO_PAD                                ;
;   0.000  ;   0.000  ;    ; RE   ; 1      ; IO_PAD_OUTPUT_X89_Y35_N60_I1              ; IO_PAD_OUTPUT                                ;
;   0.000  ;   0.000  ;    ; RE   ; 1      ; IO_INPUT_BUFFER_INPUT_X89_Y35_N61_I0      ; IO_INPUT_BUFFER_INPUT                        ;
;   0.000  ;   0.000  ; RR ; IC   ; 1      ; IOIBUF_X89_Y35_N61                        ; clk~input|i                                  ;
;   0.739  ;   0.739  ; RR ; CELL ; 1      ; IOIBUF_X89_Y35_N61                        ; clk~input|o                                  ;
;   0.739  ;   0.000  ;    ; RE   ; 1      ; IOIBUF_X89_Y35_N61                        ; ARRIAV_IO_IBUF                               ;
;   0.739  ;   0.000  ;    ; RE   ; 1      ; IO_INPUT_BUFFER_OUTPUT_X89_Y35_N61_I2     ; IO_INPUT_BUFFER_OUTPUT                       ;
;   0.739  ;   0.000  ;    ; RE   ; 1      ; IO_RE_X89_Y35_N60_I96                     ; IO_RE                                        ;
;   0.833  ;   0.094  ;    ; RE   ; 1      ; IO_RE_X89_Y35_N60_I66                     ; IO_RE                                        ;
;   1.125  ;   0.292  ;    ; RE   ; 1      ; CLKBUF_CLUSTER_RE_X89_Y39_N3_I421         ; CLKBUF_CLUSTER_RE                            ;
;   1.125  ;   0.000  ;    ; RE   ; 1      ; CLKBUF_CLUSTER_RE_X89_Y39_N3_I772         ; CLKBUF_CLUSTER_RE                            ;
;   1.125  ;   0.000  ;    ; RE   ; 1      ; CLKBUF_CLUSTER_RE_X89_Y39_N3_I557         ; CLKBUF_CLUSTER_RE                            ;
;   1.125  ;   0.000  ;    ; RE   ; 1      ; GCLK_CLUSTER_RE_X89_Y39_N6_I10            ; GCLK_CLUSTER_RE                              ;
;   1.125  ;   0.000  ;    ; RE   ; 1      ; CLKBUFBLOCK_INPUT_X89_Y39_N7_I0           ; CLKBUFBLOCK_INPUT                            ;
;   1.125  ;   0.000  ; RR ; IC   ; 1      ; CLKCTRL_G9                                ; clk~inputCLKENA0|inclk                       ;
;   1.632  ;   0.507  ; RR ; CELL ; 1674   ; CLKCTRL_G9                                ; clk~inputCLKENA0|outclk                      ;
;   1.632  ;   0.000  ;    ; RE   ; 1      ; CLKCTRL_G9                                ; ARRIAV_CLKBUF                                ;
;   1.632  ;   0.000  ;    ; RE   ; 1      ; CLKBUFBLOCK_OUTPUT_X89_Y39_N7_I2          ; CLKBUFBLOCK_OUTPUT                           ;
;   1.632  ;   0.000  ;    ; RE   ; 1      ; GCLK_CLUSTER_RE_X89_Y39_N6_I12            ; GCLK_CLUSTER_RE                              ;
;   1.632  ;   0.000  ;    ; RE   ; 1      ; CLKBUF_CLUSTER_RE_X89_Y39_N3_I416         ; CLKBUF_CLUSTER_RE                            ;
;   2.453  ;   0.821  ;    ; RE   ; 5      ; GLOBAL_CLOCK_X0_Y36_N0_I9                 ; GLOBAL_CLOCK                                 ;
;   2.595  ;   0.142  ;    ; RE   ; 16     ; SPINE_CLOCK_X55_Y19_N0_I22                ; SPINE_CLOCK                                  ;
;   2.998  ;   0.403  ;    ; RE   ; 1      ; SCLK_TO_ROWCLK_BUF_X55_Y33_N0_I133        ; SCLK_TO_ROWCLK_BUF                           ;
;   3.092  ;   0.094  ;    ; RE   ; 2      ; SCLK_TO_ROWCLK_BUF_X55_Y33_N0_I136        ; SCLK_TO_ROWCLK_BUF                           ;
;   3.572  ;   0.480  ;    ; RE   ; 10     ; LAB_CLK_X56_Y33_N0_I5                     ; LAB_CLK                                      ;
;   3.712  ;   0.140  ;    ; RE   ; 1      ; BLK_CLK_BUF_X59_Y33_N0_I5                 ; BLK_CLK_BUF                                  ;
;   3.768  ;   0.056  ;    ; RE   ; 1      ; ROWCLKSEL_PREBUF_X59_Y33_N0_I5            ; ROWCLKSEL_PREBUF                             ;
;   3.827  ;   0.059  ;    ; RE   ; 1      ; ROWCLKSEL_X59_Y33_N0_I0                   ; ROWCLKSEL                                    ;
;   3.827  ;   0.000  ;    ; RE   ; 1      ; GLOBAL_LOCAL_SEL_X59_Y33_N0_I0            ; GLOBAL_LOCAL_SEL                             ;
;   3.827  ;   0.000  ;    ; RE   ; 5      ; LAB_INPUT_X59_Y33_N0_I0                   ; LAB_INPUT                                    ;
;   3.828  ;   0.001  ; RR ; IC   ; 1      ; FF_X59_Y33_N41                            ; state_array[0][0][3]|clk                     ;
;   4.490  ;   0.662  ; RR ; CELL ; 1      ; FF_X59_Y33_N41                            ; state_array[0][0][3]                         ;
; 11.158   ; 6.668    ;    ;      ;        ;                                           ; data path                                    ;
;   4.490  ;   0.000  ;    ; uTco ; 1      ; FF_X59_Y33_N41                            ; state_array[0][0][3]                         ;
;   4.490  ;   0.000  ; RR ; CELL ; 4      ; FF_X59_Y33_N41                            ; state_array[0][0][3]|q                       ;
;   4.574  ;   0.084  ;    ; RE   ; 3      ; FF_X59_Y33_N41                            ; ARRIAV_FF                                    ;
;   4.683  ;   0.109  ;    ; RE   ; 1      ; LE_BUFFER_X59_Y33_N0_I27                  ; LE_BUFFER                                    ;
;   4.970  ;   0.287  ;    ; RE   ; 2      ; R3_X56_Y33_N0_I23                         ; H_SEG3                                       ;
;   5.159  ;   0.189  ;    ; RE   ; 1      ; LOCAL_INTERCONNECT_X57_Y33_N0_I31         ; LAB_LINE                                     ;
;   5.323  ;   0.164  ;    ; RE   ; 1      ; BLOCK_INPUT_MUX_X57_Y33_N0_I45            ; LEIM_INPUT                                   ;
;   5.322  ;   -0.001 ; RR ; IC   ; 1      ; LABCELL_X57_Y33_N30                       ; KSU|u_theta|C[0][3]|datad                    ;
;   5.909  ;   0.587  ; RF ; CELL ; 2      ; LABCELL_X57_Y33_N30                       ; KSU|u_theta|C[0][3]|combout                  ;
;   5.909  ;   0.000  ;    ; RE   ; 2      ; LABCELL_X57_Y33_N30                       ; ARRIAV_LCELL_COMB                            ;
;   5.997  ;   0.088  ;    ; RE   ; 1      ; LE_BUFFER_X57_Y33_N0_I21                  ; LE_BUFFER                                    ;
;   6.365  ;   0.368  ;    ; RE   ; 1      ; C4_X56_Y34_N0_I3                          ; V_SEG4                                       ;
;   6.680  ;   0.315  ;    ; RE   ; 1      ; LOCAL_INTERCONNECT_X56_Y37_N0_I39         ; LAB_LINE                                     ;
;   6.831  ;   0.151  ;    ; RE   ; 1      ; BLOCK_INPUT_MUX_X56_Y37_N0_I12            ; LEIM_INPUT                                   ;
;   6.831  ;   0.000  ; FF ; IC   ; 1      ; LABCELL_X56_Y37_N6                        ; KSU|u_theta|state_array_o[1][4][3]~0|datac   ;
;   7.412  ;   0.581  ; FF ; CELL ; 13     ; LABCELL_X56_Y37_N6                        ; KSU|u_theta|state_array_o[1][4][3]~0|combout ;
;   7.412  ;   0.000  ;    ; RE   ; 2      ; LABCELL_X56_Y37_N6                        ; ARRIAV_LCELL_COMB                            ;
;   7.499  ;   0.087  ;    ; RE   ; 3      ; LE_BUFFER_X56_Y37_N0_I4                   ; LE_BUFFER                                    ;
;   7.881  ;   0.382  ;    ; RE   ; 1      ; R6_X57_Y37_N0_I2                          ; H_SEG6                                       ;
;   7.881  ;   0.000  ;    ; RE   ; 1      ; R14_C12_INTERCONNECT_DRIVER_X61_Y37_N0_I0 ; WIRE_MUX                                     ;
;   8.366  ;   0.485  ;    ; RE   ; 1      ; C12_X61_Y25_N0_I1                         ; V_SEG12                                      ;
;   8.730  ;   0.364  ;    ; RE   ; 1      ; R3_X62_Y27_N0_I9                          ; H_SEG3                                       ;
;   8.918  ;   0.188  ;    ; RE   ; 2      ; LOCAL_INTERCONNECT_X63_Y27_N0_I44         ; LAB_LINE                                     ;
;   9.039  ;   0.121  ;    ; RE   ; 2      ; BLOCK_INPUT_MUX_X63_Y27_N0_I51            ; LEIM_INPUT                                   ;
;   9.037  ;   -0.002 ; FF ; IC   ; 1      ; LABCELL_X63_Y27_N36                       ; KSU|u_chi|state_array_o[0][3][13]|datab      ;
;   9.658  ;   0.621  ; FF ; CELL ; 1      ; LABCELL_X63_Y27_N36                       ; KSU|u_chi|state_array_o[0][3][13]|combout    ;
;   9.658  ;   0.000  ;    ; RE   ; 1      ; LABCELL_X63_Y27_N36                       ; ARRIAV_LCELL_COMB                            ;
;   9.738  ;   0.080  ;    ; RE   ; 1      ; LE_BUFFER_X63_Y27_N0_I24                  ; LE_BUFFER                                    ;
;   9.960  ;   0.222  ;    ; RE   ; 1      ; C2_X63_Y25_N0_I14                         ; V_SEG2                                       ;
;   10.217 ;   0.257  ;    ; RE   ; 1      ; C2_X63_Y23_N0_I14                         ; V_SEG2                                       ;
;   10.442 ;   0.225  ;    ; RE   ; 1      ; R3_X61_Y23_N0_I21                         ; H_SEG3                                       ;
;   10.631 ;   0.189  ;    ; RE   ; 1      ; LOCAL_INTERCONNECT_X63_Y23_N0_I21         ; LAB_LINE                                     ;
;   10.768 ;   0.137  ;    ; RE   ; 1      ; BLOCK_INPUT_MUX_X63_Y23_N0_I55            ; LEIM_INPUT                                   ;
;   10.767 ;   -0.001 ; FF ; IC   ; 1      ; LABCELL_X63_Y23_N39                       ; state_array~468|dataf                        ;
;   10.851 ;   0.084  ; FF ; CELL ; 1      ; LABCELL_X63_Y23_N39                       ; state_array~468|combout                      ;
;   10.851 ;   0.000  ;    ; RE   ; 1      ; LABCELL_X63_Y23_N39                       ; ARRIAV_LCELL_COMB                            ;
;   10.851 ;   0.000  ; FF ; IC   ; 1      ; FF_X63_Y23_N41                            ; state_array[0][3][13]|d                      ;
;   11.158 ;   0.307  ; FF ; CELL ; 1      ; FF_X63_Y23_N41                            ; state_array[0][3][13]                        ;
+----------+----------+----+------+--------+-------------------------------------------+----------------------------------------------+

+-------------------------------------------------------------------------------------------------------------+
; Data Required Path                                                                                          ;
+----------+---------+----+------+--------+---------------------------------------+---------------------------+
; Total    ; Incr    ; RF ; Type ; Fanout ; Location                              ; Element                   ;
+----------+---------+----+------+--------+---------------------------------------+---------------------------+
; 7.407    ; 7.407   ;    ;      ;        ;                                       ; latch edge time           ;
; 11.753   ; 4.346   ;    ;      ;        ;                                       ; clock path                ;
;   7.407  ;   0.000 ;    ;      ;        ;                                       ; source latency            ;
;   7.407  ;   0.000 ;    ;      ; 1      ; PIN_M16                               ; clk                       ;
;   7.407  ;   0.000 ;    ; RE   ; 1      ; IOPAD_X89_Y35_N60                     ; ARRIAV_IO_PAD             ;
;   7.407  ;   0.000 ;    ; RE   ; 1      ; IO_PAD_OUTPUT_X89_Y35_N60_I1          ; IO_PAD_OUTPUT             ;
;   7.407  ;   0.000 ;    ; RE   ; 1      ; IO_INPUT_BUFFER_INPUT_X89_Y35_N61_I0  ; IO_INPUT_BUFFER_INPUT     ;
;   7.407  ;   0.000 ; RR ; IC   ; 1      ; IOIBUF_X89_Y35_N61                    ; clk~input|i               ;
;   8.146  ;   0.739 ; RR ; CELL ; 1      ; IOIBUF_X89_Y35_N61                    ; clk~input|o               ;
;   8.146  ;   0.000 ;    ; RE   ; 1      ; IOIBUF_X89_Y35_N61                    ; ARRIAV_IO_IBUF            ;
;   8.146  ;   0.000 ;    ; RE   ; 1      ; IO_INPUT_BUFFER_OUTPUT_X89_Y35_N61_I2 ; IO_INPUT_BUFFER_OUTPUT    ;
;   8.146  ;   0.000 ;    ; RE   ; 1      ; IO_RE_X89_Y35_N60_I96                 ; IO_RE                     ;
;   8.234  ;   0.088 ;    ; RE   ; 1      ; IO_RE_X89_Y35_N60_I66                 ; IO_RE                     ;
;   8.509  ;   0.275 ;    ; RE   ; 1      ; CLKBUF_CLUSTER_RE_X89_Y39_N3_I421     ; CLKBUF_CLUSTER_RE         ;
;   8.509  ;   0.000 ;    ; RE   ; 1      ; CLKBUF_CLUSTER_RE_X89_Y39_N3_I772     ; CLKBUF_CLUSTER_RE         ;
;   8.509  ;   0.000 ;    ; RE   ; 1      ; CLKBUF_CLUSTER_RE_X89_Y39_N3_I557     ; CLKBUF_CLUSTER_RE         ;
;   8.509  ;   0.000 ;    ; RE   ; 1      ; GCLK_CLUSTER_RE_X89_Y39_N6_I10        ; GCLK_CLUSTER_RE           ;
;   8.509  ;   0.000 ;    ; RE   ; 1      ; CLKBUFBLOCK_INPUT_X89_Y39_N7_I0       ; CLKBUFBLOCK_INPUT         ;
;   8.509  ;   0.000 ; RR ; IC   ; 1      ; CLKCTRL_G9                            ; clk~inputCLKENA0|inclk    ;
;   8.979  ;   0.470 ; RR ; CELL ; 1674   ; CLKCTRL_G9                            ; clk~inputCLKENA0|outclk   ;
;   8.979  ;   0.000 ;    ; RE   ; 1      ; CLKCTRL_G9                            ; ARRIAV_CLKBUF             ;
;   8.979  ;   0.000 ;    ; RE   ; 1      ; CLKBUFBLOCK_OUTPUT_X89_Y39_N7_I2      ; CLKBUFBLOCK_OUTPUT        ;
;   8.979  ;   0.000 ;    ; RE   ; 1      ; GCLK_CLUSTER_RE_X89_Y39_N6_I12        ; GCLK_CLUSTER_RE           ;
;   8.979  ;   0.000 ;    ; RE   ; 1      ; CLKBUF_CLUSTER_RE_X89_Y39_N3_I416     ; CLKBUF_CLUSTER_RE         ;
;   9.755  ;   0.776 ;    ; RE   ; 5      ; GLOBAL_CLOCK_X0_Y36_N0_I9             ; GLOBAL_CLOCK              ;
;   9.893  ;   0.138 ;    ; RE   ; 16     ; SPINE_CLOCK_X55_Y19_N0_I22            ; SPINE_CLOCK               ;
;   10.282 ;   0.389 ;    ; RE   ; 1      ; SCLK_TO_ROWCLK_BUF_X55_Y23_N0_I133    ; SCLK_TO_ROWCLK_BUF        ;
;   10.373 ;   0.091 ;    ; RE   ; 2      ; SCLK_TO_ROWCLK_BUF_X55_Y23_N0_I136    ; SCLK_TO_ROWCLK_BUF        ;
;   10.839 ;   0.466 ;    ; RE   ; 10     ; LAB_CLK_X56_Y23_N0_I5                 ; LAB_CLK                   ;
;   10.968 ;   0.129 ;    ; RE   ; 1      ; BLK_CLK_BUF_X63_Y23_N0_I5             ; BLK_CLK_BUF               ;
;   11.023 ;   0.055 ;    ; RE   ; 1      ; ROWCLKSEL_PREBUF_X63_Y23_N0_I5        ; ROWCLKSEL_PREBUF          ;
;   11.077 ;   0.054 ;    ; RE   ; 1      ; ROWCLKSEL_X63_Y23_N0_I0               ; ROWCLKSEL                 ;
;   11.077 ;   0.000 ;    ; RE   ; 1      ; GLOBAL_LOCAL_SEL_X63_Y23_N0_I0        ; GLOBAL_LOCAL_SEL          ;
;   11.077 ;   0.000 ;    ; RE   ; 5      ; LAB_INPUT_X63_Y23_N0_I0               ; LAB_INPUT                 ;
;   11.077 ;   0.000 ; RR ; IC   ; 1      ; FF_X63_Y23_N41                        ; state_array[0][3][13]|clk ;
;   11.648 ;   0.571 ; RR ; CELL ; 1      ; FF_X63_Y23_N41                        ; state_array[0][3][13]     ;
;   11.753 ;   0.105 ;    ;      ;        ;                                       ; clock pessimism removed   ;
; 11.653   ; -0.100  ;    ;      ;        ;                                       ; clock uncertainty         ;
; 11.653   ; 0.000   ;    ; uTsu ; 1      ; FF_X63_Y23_N41                        ; state_array[0][3][13]     ;
+----------+---------+----+------+--------+---------------------------------------+---------------------------+

----------------------------
; Extra Fitter Information ;
----------------------------
HTML report is unavailable in plain text report export.


Path #12: Setup slack is 0.502 
===============================================================================
+--------------------------------------------+
; Path Summary                               ;
+--------------------+-----------------------+
; Property           ; Value                 ;
+--------------------+-----------------------+
; From Node          ; state_array[1][1][18] ;
; To Node            ; state_array[0][2][24] ;
; Launch Clock       ; clk                   ;
; Latch Clock        ; clk                   ;
; Data Arrival Time  ; 11.124                ;
; Data Required Time ; 11.626                ;
; Slack              ; 0.502                 ;
+--------------------+-----------------------+

+-------------------------------------------------------------------------------------+
; Statistics                                                                          ;
+------------------------+--------+-------+-------------+------------+--------+-------+
; Property               ; Value  ; Count ; Total Delay ; % of Total ; Min    ; Max   ;
+------------------------+--------+-------+-------------+------------+--------+-------+
; Setup Relationship     ; 7.407  ;       ;             ;            ;        ;       ;
; Clock Skew             ; -0.141 ;       ;             ;            ;        ;       ;
; Data Delay             ; 6.664  ;       ;             ;            ;        ;       ;
; Number of Logic Levels ;        ; 4     ;             ;            ;        ;       ;
; Physical Delays        ;        ;       ;             ;            ;        ;       ;
;  Arrival Path          ;        ;       ;             ;            ;        ;       ;
;   Clock                ;        ;       ;             ;            ;        ;       ;
;    IC                  ;        ; 3     ; -0.002      ; 0          ; -0.002 ; 0.000 ;
;    Cell                ;        ; 3     ; 1.908       ; 43         ; 0.507  ; 0.739 ;
;    Routing Element     ;        ; 26    ; 2.554       ; 57         ; 0.000  ; 0.826 ;
;   Data                 ;        ;       ;             ;            ;        ;       ;
;    IC                  ;        ; 5     ; 0.000       ; 0          ; -0.001 ; 0.001 ;
;    Cell                ;        ; 6     ; 1.401       ; 21         ; 0.000  ; 0.566 ;
;    uTco                ;        ; 1     ; 0.000       ; 0          ; 0.000  ; 0.000 ;
;    Routing Element     ;        ; 30    ; 5.263       ; 79         ; 0.000  ; 0.372 ;
;  Required Path         ;        ;       ;             ;            ;        ;       ;
;   Clock                ;        ;       ;             ;            ;        ;       ;
;    IC                  ;        ; 3     ; -0.001      ; 0          ; -0.001 ; 0.000 ;
;    Cell                ;        ; 3     ; 1.780       ; 42         ; 0.470  ; 0.739 ;
;    Routing Element     ;        ; 26    ; 2.436       ; 58         ; 0.000  ; 0.782 ;
+------------------------+--------+-------+-------------+------------+--------+-------+
Note: Negative delays are omitted from totals when calculating percentages

+--------------------------------------------------------------------------------------------------------------------------------------+
; Data Arrival Path                                                                                                                    ;
+----------+----------+----+------+--------+-------------------------------------------+-----------------------------------------------+
; Total    ; Incr     ; RF ; Type ; Fanout ; Location                                  ; Element                                       ;
+----------+----------+----+------+--------+-------------------------------------------+-----------------------------------------------+
; 0.000    ; 0.000    ;    ;      ;        ;                                           ; launch edge time                              ;
; 4.460    ; 4.460    ;    ;      ;        ;                                           ; clock path                                    ;
;   0.000  ;   0.000  ;    ;      ;        ;                                           ; source latency                                ;
;   0.000  ;   0.000  ;    ;      ; 1      ; PIN_M16                                   ; clk                                           ;
;   0.000  ;   0.000  ;    ; RE   ; 1      ; IOPAD_X89_Y35_N60                         ; ARRIAV_IO_PAD                                 ;
;   0.000  ;   0.000  ;    ; RE   ; 1      ; IO_PAD_OUTPUT_X89_Y35_N60_I1              ; IO_PAD_OUTPUT                                 ;
;   0.000  ;   0.000  ;    ; RE   ; 1      ; IO_INPUT_BUFFER_INPUT_X89_Y35_N61_I0      ; IO_INPUT_BUFFER_INPUT                         ;
;   0.000  ;   0.000  ; RR ; IC   ; 1      ; IOIBUF_X89_Y35_N61                        ; clk~input|i                                   ;
;   0.739  ;   0.739  ; RR ; CELL ; 1      ; IOIBUF_X89_Y35_N61                        ; clk~input|o                                   ;
;   0.739  ;   0.000  ;    ; RE   ; 1      ; IOIBUF_X89_Y35_N61                        ; ARRIAV_IO_IBUF                                ;
;   0.739  ;   0.000  ;    ; RE   ; 1      ; IO_INPUT_BUFFER_OUTPUT_X89_Y35_N61_I2     ; IO_INPUT_BUFFER_OUTPUT                        ;
;   0.739  ;   0.000  ;    ; RE   ; 1      ; IO_RE_X89_Y35_N60_I96                     ; IO_RE                                         ;
;   0.833  ;   0.094  ;    ; RE   ; 1      ; IO_RE_X89_Y35_N60_I66                     ; IO_RE                                         ;
;   1.125  ;   0.292  ;    ; RE   ; 1      ; CLKBUF_CLUSTER_RE_X89_Y39_N3_I421         ; CLKBUF_CLUSTER_RE                             ;
;   1.125  ;   0.000  ;    ; RE   ; 1      ; CLKBUF_CLUSTER_RE_X89_Y39_N3_I772         ; CLKBUF_CLUSTER_RE                             ;
;   1.125  ;   0.000  ;    ; RE   ; 1      ; CLKBUF_CLUSTER_RE_X89_Y39_N3_I557         ; CLKBUF_CLUSTER_RE                             ;
;   1.125  ;   0.000  ;    ; RE   ; 1      ; GCLK_CLUSTER_RE_X89_Y39_N6_I10            ; GCLK_CLUSTER_RE                               ;
;   1.125  ;   0.000  ;    ; RE   ; 1      ; CLKBUFBLOCK_INPUT_X89_Y39_N7_I0           ; CLKBUFBLOCK_INPUT                             ;
;   1.125  ;   0.000  ; RR ; IC   ; 1      ; CLKCTRL_G9                                ; clk~inputCLKENA0|inclk                        ;
;   1.632  ;   0.507  ; RR ; CELL ; 1674   ; CLKCTRL_G9                                ; clk~inputCLKENA0|outclk                       ;
;   1.632  ;   0.000  ;    ; RE   ; 1      ; CLKCTRL_G9                                ; ARRIAV_CLKBUF                                 ;
;   1.632  ;   0.000  ;    ; RE   ; 1      ; CLKBUFBLOCK_OUTPUT_X89_Y39_N7_I2          ; CLKBUFBLOCK_OUTPUT                            ;
;   1.632  ;   0.000  ;    ; RE   ; 1      ; GCLK_CLUSTER_RE_X89_Y39_N6_I12            ; GCLK_CLUSTER_RE                               ;
;   1.632  ;   0.000  ;    ; RE   ; 1      ; CLKBUF_CLUSTER_RE_X89_Y39_N3_I416         ; CLKBUF_CLUSTER_RE                             ;
;   2.458  ;   0.826  ;    ; RE   ; 5      ; GLOBAL_CLOCK_X0_Y36_N0_I9                 ; GLOBAL_CLOCK                                  ;
;   2.596  ;   0.138  ;    ; RE   ; 15     ; SPINE_CLOCK_X77_Y19_N0_I7                 ; SPINE_CLOCK                                   ;
;   3.000  ;   0.404  ;    ; RE   ; 1      ; SCLK_TO_ROWCLK_BUF_X77_Y28_N0_I43         ; SCLK_TO_ROWCLK_BUF                            ;
;   3.084  ;   0.084  ;    ; RE   ; 1      ; SCLK_TO_ROWCLK_BUF_X77_Y28_N0_I46         ; SCLK_TO_ROWCLK_BUF                            ;
;   3.552  ;   0.468  ;    ; RE   ; 7      ; LAB_CLK_X67_Y28_N0_I5                     ; LAB_CLK                                       ;
;   3.686  ;   0.134  ;    ; RE   ; 1      ; BLK_CLK_BUF_X73_Y28_N0_I5                 ; BLK_CLK_BUF                                   ;
;   3.741  ;   0.055  ;    ; RE   ; 1      ; ROWCLKSEL_PREBUF_X73_Y28_N0_I5            ; ROWCLKSEL_PREBUF                              ;
;   3.800  ;   0.059  ;    ; RE   ; 1      ; ROWCLKSEL_X73_Y28_N0_I0                   ; ROWCLKSEL                                     ;
;   3.800  ;   0.000  ;    ; RE   ; 1      ; GLOBAL_LOCAL_SEL_X73_Y28_N0_I0            ; GLOBAL_LOCAL_SEL                              ;
;   3.800  ;   0.000  ;    ; RE   ; 1      ; LAB_INPUT_X73_Y28_N0_I0                   ; LAB_INPUT                                     ;
;   3.798  ;   -0.002 ; RR ; IC   ; 1      ; FF_X73_Y28_N29                            ; state_array[1][1][18]|clk                     ;
;   4.460  ;   0.662  ; RR ; CELL ; 1      ; FF_X73_Y28_N29                            ; state_array[1][1][18]                         ;
; 11.124   ; 6.664    ;    ;      ;        ;                                           ; data path                                     ;
;   4.460  ;   0.000  ;    ; uTco ; 1      ; FF_X73_Y28_N29                            ; state_array[1][1][18]                         ;
;   4.460  ;   0.000  ; FF ; CELL ; 6      ; FF_X73_Y28_N29                            ; state_array[1][1][18]|q                       ;
;   4.520  ;   0.060  ;    ; RE   ; 2      ; FF_X73_Y28_N29                            ; ARRIAV_FF                                     ;
;   4.611  ;   0.091  ;    ; RE   ; 1      ; LE_BUFFER_X73_Y28_N0_I19                  ; LE_BUFFER                                     ;
;   4.792  ;   0.181  ;    ; RE   ; 2      ; R3_X70_Y28_N0_I22                         ; H_SEG3                                        ;
;   4.792  ;   0.000  ;    ; RE   ; 1      ; R14_C12_INTERCONNECT_DRIVER_X72_Y28_N0_I2 ; WIRE_MUX                                      ;
;   5.074  ;   0.282  ;    ; RE   ; 3      ; R14_X59_Y28_N0_I1                         ; H_SEG14                                       ;
;   5.329  ;   0.255  ;    ; RE   ; 1      ; C2_X58_Y29_N0_I1                          ; V_SEG2                                        ;
;   5.606  ;   0.277  ;    ; RE   ; 1      ; R3_X56_Y29_N0_I12                         ; H_SEG3                                        ;
;   5.828  ;   0.222  ;    ; RE   ; 1      ; LOCAL_INTERCONNECT_X56_Y29_N0_I9          ; LAB_LINE                                      ;
;   5.963  ;   0.135  ;    ; RE   ; 1      ; BLOCK_INPUT_MUX_X56_Y29_N0_I54            ; LEIM_INPUT                                    ;
;   5.963  ;   0.000  ; FF ; IC   ; 1      ; LABCELL_X56_Y29_N39                       ; KSU|u_theta|C[1][18]|datae                    ;
;   6.317  ;   0.354  ; FF ; CELL ; 2      ; LABCELL_X56_Y29_N39                       ; KSU|u_theta|C[1][18]|combout                  ;
;   6.317  ;   0.000  ;    ; RE   ; 2      ; LABCELL_X56_Y29_N39                       ; ARRIAV_LCELL_COMB                             ;
;   6.403  ;   0.086  ;    ; RE   ; 1      ; LE_BUFFER_X56_Y29_N0_I26                  ; LE_BUFFER                                     ;
;   6.626  ;   0.223  ;    ; RE   ; 1      ; C2_X56_Y27_N0_I14                         ; V_SEG2                                        ;
;   6.998  ;   0.372  ;    ; RE   ; 1      ; R6_X57_Y27_N0_I5                          ; H_SEG6                                        ;
;   7.258  ;   0.260  ;    ; RE   ; 1      ; LOCAL_INTERCONNECT_X62_Y27_N0_I10         ; LAB_LINE                                      ;
;   7.397  ;   0.139  ;    ; RE   ; 1      ; BLOCK_INPUT_MUX_X62_Y27_N0_I60            ; LEIM_INPUT                                    ;
;   7.396  ;   -0.001 ; FF ; IC   ; 1      ; LABCELL_X62_Y27_N42                       ; KSU|u_theta|state_array_o[2][0][18]~0|datac   ;
;   7.962  ;   0.566  ; FF ; CELL ; 15     ; LABCELL_X62_Y27_N42                       ; KSU|u_theta|state_array_o[2][0][18]~0|combout ;
;   7.962  ;   0.000  ;    ; RE   ; 2      ; LABCELL_X62_Y27_N42                       ; ARRIAV_LCELL_COMB                             ;
;   8.058  ;   0.096  ;    ; RE   ; 1      ; LE_BUFFER_X62_Y27_N0_I29                  ; LE_BUFFER                                     ;
;   8.358  ;   0.300  ;    ; RE   ; 1      ; C4_X61_Y28_N0_I0                          ; V_SEG4                                        ;
;   8.719  ;   0.361  ;    ; RE   ; 1      ; C4_X61_Y32_N0_I0                          ; V_SEG4                                        ;
;   9.030  ;   0.311  ;    ; RE   ; 1      ; R3_X62_Y33_N0_I0                          ; H_SEG3                                        ;
;   9.353  ;   0.323  ;    ; RE   ; 2      ; R6_X65_Y33_N0_I3                          ; H_SEG6                                        ;
;   9.601  ;   0.248  ;    ; RE   ; 2      ; LOCAL_INTERCONNECT_X71_Y33_N0_I6          ; LAB_LINE                                      ;
;   9.721  ;   0.120  ;    ; RE   ; 1      ; BLOCK_INPUT_MUX_X71_Y33_N0_I33            ; LEIM_INPUT                                    ;
;   9.721  ;   0.000  ; FF ; IC   ; 1      ; LABCELL_X71_Y33_N24                       ; KSU|u_chi|state_array_o[0][2][24]|dataf       ;
;   9.811  ;   0.090  ; FF ; CELL ; 1      ; LABCELL_X71_Y33_N24                       ; KSU|u_chi|state_array_o[0][2][24]|combout     ;
;   9.811  ;   0.000  ;    ; RE   ; 1      ; LABCELL_X71_Y33_N24                       ; ARRIAV_LCELL_COMB                             ;
;   9.912  ;   0.101  ;    ; RE   ; 1      ; LE_BUFFER_X71_Y33_N0_I17                  ; LE_BUFFER                                     ;
;   10.124 ;   0.212  ;    ; RE   ; 1      ; C2_X70_Y34_N0_I0                          ; V_SEG2                                        ;
;   10.376 ;   0.252  ;    ; RE   ; 1      ; R3_X71_Y34_N0_I6                          ; H_SEG3                                        ;
;   10.589 ;   0.213  ;    ; RE   ; 1      ; LOCAL_INTERCONNECT_X72_Y34_N0_I13         ; LAB_LINE                                      ;
;   10.732 ;   0.143  ;    ; RE   ; 1      ; BLOCK_INPUT_MUX_X72_Y34_N0_I7             ; LEIM_INPUT                                    ;
;   10.733 ;   0.001  ; FF ; IC   ; 1      ; MLABCELL_X72_Y34_N3                       ; state_array~816|dataf                         ;
;   10.817 ;   0.084  ; FF ; CELL ; 1      ; MLABCELL_X72_Y34_N3                       ; state_array~816|combout                       ;
;   10.817 ;   0.000  ;    ; RE   ; 1      ; MLABCELL_X72_Y34_N3                       ; ARRIAV_LCELL_COMB                             ;
;   10.817 ;   0.000  ; FF ; IC   ; 1      ; FF_X72_Y34_N5                             ; state_array[0][2][24]|d                       ;
;   11.124 ;   0.307  ; FF ; CELL ; 1      ; FF_X72_Y34_N5                             ; state_array[0][2][24]                         ;
+----------+----------+----+------+--------+-------------------------------------------+-----------------------------------------------+

+--------------------------------------------------------------------------------------------------------------+
; Data Required Path                                                                                           ;
+----------+----------+----+------+--------+---------------------------------------+---------------------------+
; Total    ; Incr     ; RF ; Type ; Fanout ; Location                              ; Element                   ;
+----------+----------+----+------+--------+---------------------------------------+---------------------------+
; 7.407    ; 7.407    ;    ;      ;        ;                                       ; latch edge time           ;
; 11.726   ; 4.319    ;    ;      ;        ;                                       ; clock path                ;
;   7.407  ;   0.000  ;    ;      ;        ;                                       ; source latency            ;
;   7.407  ;   0.000  ;    ;      ; 1      ; PIN_M16                               ; clk                       ;
;   7.407  ;   0.000  ;    ; RE   ; 1      ; IOPAD_X89_Y35_N60                     ; ARRIAV_IO_PAD             ;
;   7.407  ;   0.000  ;    ; RE   ; 1      ; IO_PAD_OUTPUT_X89_Y35_N60_I1          ; IO_PAD_OUTPUT             ;
;   7.407  ;   0.000  ;    ; RE   ; 1      ; IO_INPUT_BUFFER_INPUT_X89_Y35_N61_I0  ; IO_INPUT_BUFFER_INPUT     ;
;   7.407  ;   0.000  ; RR ; IC   ; 1      ; IOIBUF_X89_Y35_N61                    ; clk~input|i               ;
;   8.146  ;   0.739  ; RR ; CELL ; 1      ; IOIBUF_X89_Y35_N61                    ; clk~input|o               ;
;   8.146  ;   0.000  ;    ; RE   ; 1      ; IOIBUF_X89_Y35_N61                    ; ARRIAV_IO_IBUF            ;
;   8.146  ;   0.000  ;    ; RE   ; 1      ; IO_INPUT_BUFFER_OUTPUT_X89_Y35_N61_I2 ; IO_INPUT_BUFFER_OUTPUT    ;
;   8.146  ;   0.000  ;    ; RE   ; 1      ; IO_RE_X89_Y35_N60_I96                 ; IO_RE                     ;
;   8.234  ;   0.088  ;    ; RE   ; 1      ; IO_RE_X89_Y35_N60_I66                 ; IO_RE                     ;
;   8.509  ;   0.275  ;    ; RE   ; 1      ; CLKBUF_CLUSTER_RE_X89_Y39_N3_I421     ; CLKBUF_CLUSTER_RE         ;
;   8.509  ;   0.000  ;    ; RE   ; 1      ; CLKBUF_CLUSTER_RE_X89_Y39_N3_I772     ; CLKBUF_CLUSTER_RE         ;
;   8.509  ;   0.000  ;    ; RE   ; 1      ; CLKBUF_CLUSTER_RE_X89_Y39_N3_I557     ; CLKBUF_CLUSTER_RE         ;
;   8.509  ;   0.000  ;    ; RE   ; 1      ; GCLK_CLUSTER_RE_X89_Y39_N6_I10        ; GCLK_CLUSTER_RE           ;
;   8.509  ;   0.000  ;    ; RE   ; 1      ; CLKBUFBLOCK_INPUT_X89_Y39_N7_I0       ; CLKBUFBLOCK_INPUT         ;
;   8.509  ;   0.000  ; RR ; IC   ; 1      ; CLKCTRL_G9                            ; clk~inputCLKENA0|inclk    ;
;   8.979  ;   0.470  ; RR ; CELL ; 1674   ; CLKCTRL_G9                            ; clk~inputCLKENA0|outclk   ;
;   8.979  ;   0.000  ;    ; RE   ; 1      ; CLKCTRL_G9                            ; ARRIAV_CLKBUF             ;
;   8.979  ;   0.000  ;    ; RE   ; 1      ; CLKBUFBLOCK_OUTPUT_X89_Y39_N7_I2      ; CLKBUFBLOCK_OUTPUT        ;
;   8.979  ;   0.000  ;    ; RE   ; 1      ; GCLK_CLUSTER_RE_X89_Y39_N6_I12        ; GCLK_CLUSTER_RE           ;
;   8.979  ;   0.000  ;    ; RE   ; 1      ; CLKBUF_CLUSTER_RE_X89_Y39_N3_I416     ; CLKBUF_CLUSTER_RE         ;
;   9.761  ;   0.782  ;    ; RE   ; 5      ; GLOBAL_CLOCK_X0_Y36_N0_I9             ; GLOBAL_CLOCK              ;
;   9.899  ;   0.138  ;    ; RE   ; 15     ; SPINE_CLOCK_X77_Y19_N0_I7             ; SPINE_CLOCK               ;
;   10.288 ;   0.389  ;    ; RE   ; 1      ; SCLK_TO_ROWCLK_BUF_X77_Y34_N0_I43     ; SCLK_TO_ROWCLK_BUF        ;
;   10.369 ;   0.081  ;    ; RE   ; 1      ; SCLK_TO_ROWCLK_BUF_X77_Y34_N0_I46     ; SCLK_TO_ROWCLK_BUF        ;
;   10.821 ;   0.452  ;    ; RE   ; 5      ; LAB_CLK_X67_Y34_N0_I5                 ; LAB_CLK                   ;
;   10.945 ;   0.124  ;    ; RE   ; 1      ; BLK_CLK_BUF_X72_Y34_N0_I5             ; BLK_CLK_BUF               ;
;   10.998 ;   0.053  ;    ; RE   ; 1      ; ROWCLKSEL_PREBUF_X72_Y34_N0_I5        ; ROWCLKSEL_PREBUF          ;
;   11.052 ;   0.054  ;    ; RE   ; 1      ; ROWCLKSEL_X72_Y34_N0_I0               ; ROWCLKSEL                 ;
;   11.052 ;   0.000  ;    ; RE   ; 1      ; GLOBAL_LOCAL_SEL_X72_Y34_N0_I0        ; GLOBAL_LOCAL_SEL          ;
;   11.052 ;   0.000  ;    ; RE   ; 4      ; LAB_INPUT_X72_Y34_N0_I0               ; LAB_INPUT                 ;
;   11.051 ;   -0.001 ; RR ; IC   ; 1      ; FF_X72_Y34_N5                         ; state_array[0][2][24]|clk ;
;   11.622 ;   0.571  ; RR ; CELL ; 1      ; FF_X72_Y34_N5                         ; state_array[0][2][24]     ;
;   11.726 ;   0.104  ;    ;      ;        ;                                       ; clock pessimism removed   ;
; 11.626   ; -0.100   ;    ;      ;        ;                                       ; clock uncertainty         ;
; 11.626   ; 0.000    ;    ; uTsu ; 1      ; FF_X72_Y34_N5                         ; state_array[0][2][24]     ;
+----------+----------+----+------+--------+---------------------------------------+---------------------------+

----------------------------
; Extra Fitter Information ;
----------------------------
HTML report is unavailable in plain text report export.


Path #13: Setup slack is 0.503 
===============================================================================
+--------------------------------------------+
; Path Summary                               ;
+--------------------+-----------------------+
; Property           ; Value                 ;
+--------------------+-----------------------+
; From Node          ; state_array[2][3][35] ;
; To Node            ; state_array[0][4][26] ;
; Launch Clock       ; clk                   ;
; Latch Clock        ; clk                   ;
; Data Arrival Time  ; 11.074                ;
; Data Required Time ; 11.577                ;
; Slack              ; 0.503                 ;
+--------------------+-----------------------+

+-------------------------------------------------------------------------------------+
; Statistics                                                                          ;
+------------------------+--------+-------+-------------+------------+--------+-------+
; Property               ; Value  ; Count ; Total Delay ; % of Total ; Min    ; Max   ;
+------------------------+--------+-------+-------------+------------+--------+-------+
; Setup Relationship     ; 7.407  ;       ;             ;            ;        ;       ;
; Clock Skew             ; -0.202 ;       ;             ;            ;        ;       ;
; Data Delay             ; 6.602  ;       ;             ;            ;        ;       ;
; Number of Logic Levels ;        ; 4     ;             ;            ;        ;       ;
; Physical Delays        ;        ;       ;             ;            ;        ;       ;
;  Arrival Path          ;        ;       ;             ;            ;        ;       ;
;   Clock                ;        ;       ;             ;            ;        ;       ;
;    IC                  ;        ; 3     ; 0.000       ; 0          ; 0.000  ; 0.000 ;
;    Cell                ;        ; 3     ; 1.901       ; 43         ; 0.507  ; 0.739 ;
;    Routing Element     ;        ; 26    ; 2.571       ; 57         ; 0.000  ; 0.821 ;
;   Data                 ;        ;       ;             ;            ;        ;       ;
;    IC                  ;        ; 5     ; -0.001      ; 0          ; -0.001 ; 0.000 ;
;    Cell                ;        ; 6     ; 1.054       ; 16         ; 0.000  ; 0.451 ;
;    uTco                ;        ; 1     ; 0.000       ; 0          ; 0.000  ; 0.000 ;
;    Routing Element     ;        ; 29    ; 5.549       ; 84         ; 0.000  ; 0.431 ;
;  Required Path         ;        ;       ;             ;            ;        ;       ;
;   Clock                ;        ;       ;             ;            ;        ;       ;
;    IC                  ;        ; 3     ; -0.001      ; 0          ; -0.001 ; 0.000 ;
;    Cell                ;        ; 3     ; 1.773       ; 42         ; 0.470  ; 0.739 ;
;    Routing Element     ;        ; 26    ; 2.438       ; 58         ; 0.000  ; 0.782 ;
+------------------------+--------+-------+-------------+------------+--------+-------+
Note: Negative delays are omitted from totals when calculating percentages

+--------------------------------------------------------------------------------------------------------------------------------------+
; Data Arrival Path                                                                                                                    ;
+----------+----------+----+------+--------+-------------------------------------------+-----------------------------------------------+
; Total    ; Incr     ; RF ; Type ; Fanout ; Location                                  ; Element                                       ;
+----------+----------+----+------+--------+-------------------------------------------+-----------------------------------------------+
; 0.000    ; 0.000    ;    ;      ;        ;                                           ; launch edge time                              ;
; 4.472    ; 4.472    ;    ;      ;        ;                                           ; clock path                                    ;
;   0.000  ;   0.000  ;    ;      ;        ;                                           ; source latency                                ;
;   0.000  ;   0.000  ;    ;      ; 1      ; PIN_M16                                   ; clk                                           ;
;   0.000  ;   0.000  ;    ; RE   ; 1      ; IOPAD_X89_Y35_N60                         ; ARRIAV_IO_PAD                                 ;
;   0.000  ;   0.000  ;    ; RE   ; 1      ; IO_PAD_OUTPUT_X89_Y35_N60_I1              ; IO_PAD_OUTPUT                                 ;
;   0.000  ;   0.000  ;    ; RE   ; 1      ; IO_INPUT_BUFFER_INPUT_X89_Y35_N61_I0      ; IO_INPUT_BUFFER_INPUT                         ;
;   0.000  ;   0.000  ; RR ; IC   ; 1      ; IOIBUF_X89_Y35_N61                        ; clk~input|i                                   ;
;   0.739  ;   0.739  ; RR ; CELL ; 1      ; IOIBUF_X89_Y35_N61                        ; clk~input|o                                   ;
;   0.739  ;   0.000  ;    ; RE   ; 1      ; IOIBUF_X89_Y35_N61                        ; ARRIAV_IO_IBUF                                ;
;   0.739  ;   0.000  ;    ; RE   ; 1      ; IO_INPUT_BUFFER_OUTPUT_X89_Y35_N61_I2     ; IO_INPUT_BUFFER_OUTPUT                        ;
;   0.739  ;   0.000  ;    ; RE   ; 1      ; IO_RE_X89_Y35_N60_I96                     ; IO_RE                                         ;
;   0.833  ;   0.094  ;    ; RE   ; 1      ; IO_RE_X89_Y35_N60_I66                     ; IO_RE                                         ;
;   1.125  ;   0.292  ;    ; RE   ; 1      ; CLKBUF_CLUSTER_RE_X89_Y39_N3_I421         ; CLKBUF_CLUSTER_RE                             ;
;   1.125  ;   0.000  ;    ; RE   ; 1      ; CLKBUF_CLUSTER_RE_X89_Y39_N3_I772         ; CLKBUF_CLUSTER_RE                             ;
;   1.125  ;   0.000  ;    ; RE   ; 1      ; CLKBUF_CLUSTER_RE_X89_Y39_N3_I557         ; CLKBUF_CLUSTER_RE                             ;
;   1.125  ;   0.000  ;    ; RE   ; 1      ; GCLK_CLUSTER_RE_X89_Y39_N6_I10            ; GCLK_CLUSTER_RE                               ;
;   1.125  ;   0.000  ;    ; RE   ; 1      ; CLKBUFBLOCK_INPUT_X89_Y39_N7_I0           ; CLKBUFBLOCK_INPUT                             ;
;   1.125  ;   0.000  ; RR ; IC   ; 1      ; CLKCTRL_G9                                ; clk~inputCLKENA0|inclk                        ;
;   1.632  ;   0.507  ; RR ; CELL ; 1674   ; CLKCTRL_G9                                ; clk~inputCLKENA0|outclk                       ;
;   1.632  ;   0.000  ;    ; RE   ; 1      ; CLKCTRL_G9                                ; ARRIAV_CLKBUF                                 ;
;   1.632  ;   0.000  ;    ; RE   ; 1      ; CLKBUFBLOCK_OUTPUT_X89_Y39_N7_I2          ; CLKBUFBLOCK_OUTPUT                            ;
;   1.632  ;   0.000  ;    ; RE   ; 1      ; GCLK_CLUSTER_RE_X89_Y39_N6_I12            ; GCLK_CLUSTER_RE                               ;
;   1.632  ;   0.000  ;    ; RE   ; 1      ; CLKBUF_CLUSTER_RE_X89_Y39_N3_I416         ; CLKBUF_CLUSTER_RE                             ;
;   2.453  ;   0.821  ;    ; RE   ; 5      ; GLOBAL_CLOCK_X0_Y36_N0_I9                 ; GLOBAL_CLOCK                                  ;
;   2.592  ;   0.139  ;    ; RE   ; 16     ; SPINE_CLOCK_X55_Y19_N0_I22                ; SPINE_CLOCK                                   ;
;   2.995  ;   0.403  ;    ; RE   ; 1      ; SCLK_TO_ROWCLK_BUF_X55_Y29_N0_I133        ; SCLK_TO_ROWCLK_BUF                            ;
;   3.089  ;   0.094  ;    ; RE   ; 2      ; SCLK_TO_ROWCLK_BUF_X55_Y29_N0_I136        ; SCLK_TO_ROWCLK_BUF                            ;
;   3.566  ;   0.477  ;    ; RE   ; 7      ; LAB_CLK_X45_Y29_N0_I5                     ; LAB_CLK                                       ;
;   3.702  ;   0.136  ;    ; RE   ; 1      ; BLK_CLK_BUF_X52_Y29_N0_I5                 ; BLK_CLK_BUF                                   ;
;   3.757  ;   0.055  ;    ; RE   ; 1      ; ROWCLKSEL_PREBUF_X52_Y29_N0_I5            ; ROWCLKSEL_PREBUF                              ;
;   3.817  ;   0.060  ;    ; RE   ; 1      ; ROWCLKSEL_X52_Y29_N0_I0                   ; ROWCLKSEL                                     ;
;   3.817  ;   0.000  ;    ; RE   ; 1      ; GLOBAL_LOCAL_SEL_X52_Y29_N0_I0            ; GLOBAL_LOCAL_SEL                              ;
;   3.817  ;   0.000  ;    ; RE   ; 4      ; LAB_INPUT_X52_Y29_N0_I0                   ; LAB_INPUT                                     ;
;   3.817  ;   0.000  ; RR ; IC   ; 1      ; FF_X52_Y29_N50                            ; state_array[2][3][35]|clk                     ;
;   4.472  ;   0.655  ; RR ; CELL ; 1      ; FF_X52_Y29_N50                            ; state_array[2][3][35]                         ;
; 11.074   ; 6.602    ;    ;      ;        ;                                           ; data path                                     ;
;   4.472  ;   0.000  ;    ; uTco ; 1      ; FF_X52_Y29_N50                            ; state_array[2][3][35]                         ;
;   4.472  ;   0.000  ; FF ; CELL ; 6      ; FF_X52_Y29_N50                            ; state_array[2][3][35]|q                       ;
;   4.531  ;   0.059  ;    ; RE   ; 3      ; FF_X52_Y29_N50                            ; ARRIAV_FF                                     ;
;   4.638  ;   0.107  ;    ; RE   ; 2      ; LE_BUFFER_X52_Y29_N0_I33                  ; LE_BUFFER                                     ;
;   4.877  ;   0.239  ;    ; RE   ; 1      ; C2_X51_Y27_N0_I17                         ; V_SEG2                                        ;
;   5.120  ;   0.243  ;    ; RE   ; 1      ; C2_X51_Y25_N0_I17                         ; V_SEG2                                        ;
;   5.347  ;   0.227  ;    ; RE   ; 1      ; C2_X51_Y23_N0_I17                         ; V_SEG2                                        ;
;   5.674  ;   0.327  ;    ; RE   ; 1      ; R6_X52_Y24_N0_I15                         ; H_SEG6                                        ;
;   5.985  ;   0.311  ;    ; RE   ; 1      ; LOCAL_INTERCONNECT_X53_Y24_N0_I13         ; LAB_LINE                                      ;
;   6.129  ;   0.144  ;    ; RE   ; 1      ; BLOCK_INPUT_MUX_X53_Y24_N0_I63            ; LEIM_INPUT                                    ;
;   6.128  ;   -0.001 ; FF ; IC   ; 1      ; LABCELL_X53_Y24_N45                       ; KSU|u_theta|C[2][35]|dataf                    ;
;   6.220  ;   0.092  ; FF ; CELL ; 2      ; LABCELL_X53_Y24_N45                       ; KSU|u_theta|C[2][35]|combout                  ;
;   6.220  ;   0.000  ;    ; RE   ; 2      ; LABCELL_X53_Y24_N45                       ; ARRIAV_LCELL_COMB                             ;
;   6.301  ;   0.081  ;    ; RE   ; 1      ; LE_BUFFER_X53_Y24_N0_I30                  ; LE_BUFFER                                     ;
;   6.590  ;   0.289  ;    ; RE   ; 1      ; C4_X53_Y25_N0_I4                          ; V_SEG4                                        ;
;   6.990  ;   0.400  ;    ; RE   ; 1      ; C4_X53_Y29_N0_I4                          ; V_SEG4                                        ;
;   7.421  ;   0.431  ;    ; RE   ; 1      ; R6_X54_Y32_N0_I16                         ; H_SEG6                                        ;
;   7.723  ;   0.302  ;    ; RE   ; 1      ; LOCAL_INTERCONNECT_X56_Y32_N0_I16         ; LAB_LINE                                      ;
;   7.855  ;   0.132  ;    ; RE   ; 1      ; BLOCK_INPUT_MUX_X56_Y32_N0_I14            ; LEIM_INPUT                                    ;
;   7.855  ;   0.000  ; FF ; IC   ; 1      ; LABCELL_X56_Y32_N9                        ; KSU|u_theta|state_array_o[3][4][35]~0|datad   ;
;   8.306  ;   0.451  ; FF ; CELL ; 15     ; LABCELL_X56_Y32_N9                        ; KSU|u_theta|state_array_o[3][4][35]~0|combout ;
;   8.306  ;   0.000  ;    ; RE   ; 2      ; LABCELL_X56_Y32_N9                        ; ARRIAV_LCELL_COMB                             ;
;   8.406  ;   0.100  ;    ; RE   ; 3      ; LE_BUFFER_X56_Y32_N0_I6                   ; LE_BUFFER                                     ;
;   8.715  ;   0.309  ;    ; RE   ; 1      ; R3_X57_Y32_N0_I0                          ; H_SEG3                                        ;
;   8.715  ;   0.000  ;    ; RE   ; 3      ; R14_C12_INTERCONNECT_DRIVER_X59_Y32_N0_I1 ; WIRE_MUX                                      ;
;   9.042  ;   0.327  ;    ; RE   ; 1      ; R14_X60_Y32_N0_I0                         ; H_SEG14                                       ;
;   9.311  ;   0.269  ;    ; RE   ; 1      ; C2_X73_Y33_N0_I7                          ; V_SEG2                                        ;
;   9.545  ;   0.234  ;    ; RE   ; 2      ; C2_X73_Y35_N0_I7                          ; V_SEG2                                        ;
;   9.878  ;   0.333  ;    ; RE   ; 1      ; R6_X68_Y35_N0_I30                         ; H_SEG6                                        ;
;   10.131 ;   0.253  ;    ; RE   ; 1      ; LOCAL_INTERCONNECT_X70_Y35_N0_I0          ; LAB_LINE                                      ;
;   10.271 ;   0.140  ;    ; RE   ; 1      ; BLOCK_INPUT_MUX_X70_Y35_N0_I17            ; LEIM_INPUT                                    ;
;   10.271 ;   0.000  ; FF ; IC   ; 1      ; LABCELL_X70_Y35_N12                       ; state_array~860|dataf                         ;
;   10.375 ;   0.104  ; FR ; CELL ; 1      ; LABCELL_X70_Y35_N12                       ; state_array~860|combout                       ;
;   10.375 ;   0.000  ;    ; RE   ; 1      ; LABCELL_X70_Y35_N12                       ; ARRIAV_LCELL_COMB                             ;
;   10.499 ;   0.124  ;    ; RE   ; 1      ; LOCAL_LINE_X70_Y35_N0_I4                  ; LOCAL_LINE                                    ;
;   10.667 ;   0.168  ;    ; RE   ; 1      ; BLOCK_INPUT_MUX_X70_Y35_N0_I1             ; LEIM_INPUT                                    ;
;   10.667 ;   0.000  ; RR ; IC   ; 1      ; LABCELL_X70_Y35_N0                        ; state_array~861|dataf                         ;
;   10.767 ;   0.100  ; RF ; CELL ; 1      ; LABCELL_X70_Y35_N0                        ; state_array~861|combout                       ;
;   10.767 ;   0.000  ;    ; RE   ; 1      ; LABCELL_X70_Y35_N0                        ; ARRIAV_LCELL_COMB                             ;
;   10.767 ;   0.000  ; FF ; IC   ; 1      ; FF_X70_Y35_N2                             ; state_array[0][4][26]|d                       ;
;   11.074 ;   0.307  ; FF ; CELL ; 1      ; FF_X70_Y35_N2                             ; state_array[0][4][26]                         ;
+----------+----------+----+------+--------+-------------------------------------------+-----------------------------------------------+

+--------------------------------------------------------------------------------------------------------------+
; Data Required Path                                                                                           ;
+----------+----------+----+------+--------+---------------------------------------+---------------------------+
; Total    ; Incr     ; RF ; Type ; Fanout ; Location                              ; Element                   ;
+----------+----------+----+------+--------+---------------------------------------+---------------------------+
; 7.407    ; 7.407    ;    ;      ;        ;                                       ; latch edge time           ;
; 11.677   ; 4.270    ;    ;      ;        ;                                       ; clock path                ;
;   7.407  ;   0.000  ;    ;      ;        ;                                       ; source latency            ;
;   7.407  ;   0.000  ;    ;      ; 1      ; PIN_M16                               ; clk                       ;
;   7.407  ;   0.000  ;    ; RE   ; 1      ; IOPAD_X89_Y35_N60                     ; ARRIAV_IO_PAD             ;
;   7.407  ;   0.000  ;    ; RE   ; 1      ; IO_PAD_OUTPUT_X89_Y35_N60_I1          ; IO_PAD_OUTPUT             ;
;   7.407  ;   0.000  ;    ; RE   ; 1      ; IO_INPUT_BUFFER_INPUT_X89_Y35_N61_I0  ; IO_INPUT_BUFFER_INPUT     ;
;   7.407  ;   0.000  ; RR ; IC   ; 1      ; IOIBUF_X89_Y35_N61                    ; clk~input|i               ;
;   8.146  ;   0.739  ; RR ; CELL ; 1      ; IOIBUF_X89_Y35_N61                    ; clk~input|o               ;
;   8.146  ;   0.000  ;    ; RE   ; 1      ; IOIBUF_X89_Y35_N61                    ; ARRIAV_IO_IBUF            ;
;   8.146  ;   0.000  ;    ; RE   ; 1      ; IO_INPUT_BUFFER_OUTPUT_X89_Y35_N61_I2 ; IO_INPUT_BUFFER_OUTPUT    ;
;   8.146  ;   0.000  ;    ; RE   ; 1      ; IO_RE_X89_Y35_N60_I96                 ; IO_RE                     ;
;   8.234  ;   0.088  ;    ; RE   ; 1      ; IO_RE_X89_Y35_N60_I66                 ; IO_RE                     ;
;   8.509  ;   0.275  ;    ; RE   ; 1      ; CLKBUF_CLUSTER_RE_X89_Y39_N3_I421     ; CLKBUF_CLUSTER_RE         ;
;   8.509  ;   0.000  ;    ; RE   ; 1      ; CLKBUF_CLUSTER_RE_X89_Y39_N3_I772     ; CLKBUF_CLUSTER_RE         ;
;   8.509  ;   0.000  ;    ; RE   ; 1      ; CLKBUF_CLUSTER_RE_X89_Y39_N3_I557     ; CLKBUF_CLUSTER_RE         ;
;   8.509  ;   0.000  ;    ; RE   ; 1      ; GCLK_CLUSTER_RE_X89_Y39_N6_I10        ; GCLK_CLUSTER_RE           ;
;   8.509  ;   0.000  ;    ; RE   ; 1      ; CLKBUFBLOCK_INPUT_X89_Y39_N7_I0       ; CLKBUFBLOCK_INPUT         ;
;   8.509  ;   0.000  ; RR ; IC   ; 1      ; CLKCTRL_G9                            ; clk~inputCLKENA0|inclk    ;
;   8.979  ;   0.470  ; RR ; CELL ; 1674   ; CLKCTRL_G9                            ; clk~inputCLKENA0|outclk   ;
;   8.979  ;   0.000  ;    ; RE   ; 1      ; CLKCTRL_G9                            ; ARRIAV_CLKBUF             ;
;   8.979  ;   0.000  ;    ; RE   ; 1      ; CLKBUFBLOCK_OUTPUT_X89_Y39_N7_I2      ; CLKBUFBLOCK_OUTPUT        ;
;   8.979  ;   0.000  ;    ; RE   ; 1      ; GCLK_CLUSTER_RE_X89_Y39_N6_I12        ; GCLK_CLUSTER_RE           ;
;   8.979  ;   0.000  ;    ; RE   ; 1      ; CLKBUF_CLUSTER_RE_X89_Y39_N3_I416     ; CLKBUF_CLUSTER_RE         ;
;   9.761  ;   0.782  ;    ; RE   ; 5      ; GLOBAL_CLOCK_X0_Y36_N0_I9             ; GLOBAL_CLOCK              ;
;   9.899  ;   0.138  ;    ; RE   ; 15     ; SPINE_CLOCK_X77_Y19_N0_I7             ; SPINE_CLOCK               ;
;   10.288 ;   0.389  ;    ; RE   ; 1      ; SCLK_TO_ROWCLK_BUF_X77_Y35_N0_I43     ; SCLK_TO_ROWCLK_BUF        ;
;   10.369 ;   0.081  ;    ; RE   ; 1      ; SCLK_TO_ROWCLK_BUF_X77_Y35_N0_I46     ; SCLK_TO_ROWCLK_BUF        ;
;   10.822 ;   0.453  ;    ; RE   ; 5      ; LAB_CLK_X67_Y35_N0_I5                 ; LAB_CLK                   ;
;   10.946 ;   0.124  ;    ; RE   ; 1      ; BLK_CLK_BUF_X70_Y35_N0_I5             ; BLK_CLK_BUF               ;
;   10.999 ;   0.053  ;    ; RE   ; 1      ; ROWCLKSEL_PREBUF_X70_Y35_N0_I5        ; ROWCLKSEL_PREBUF          ;
;   11.054 ;   0.055  ;    ; RE   ; 1      ; ROWCLKSEL_X70_Y35_N0_I0               ; ROWCLKSEL                 ;
;   11.054 ;   0.000  ;    ; RE   ; 1      ; GLOBAL_LOCAL_SEL_X70_Y35_N0_I0        ; GLOBAL_LOCAL_SEL          ;
;   11.054 ;   0.000  ;    ; RE   ; 8      ; LAB_INPUT_X70_Y35_N0_I0               ; LAB_INPUT                 ;
;   11.053 ;   -0.001 ; RR ; IC   ; 1      ; FF_X70_Y35_N2                         ; state_array[0][4][26]|clk ;
;   11.617 ;   0.564  ; RR ; CELL ; 1      ; FF_X70_Y35_N2                         ; state_array[0][4][26]     ;
;   11.677 ;   0.060  ;    ;      ;        ;                                       ; clock pessimism removed   ;
; 11.577   ; -0.100   ;    ;      ;        ;                                       ; clock uncertainty         ;
; 11.577   ; 0.000    ;    ; uTsu ; 1      ; FF_X70_Y35_N2                         ; state_array[0][4][26]     ;
+----------+----------+----+------+--------+---------------------------------------+---------------------------+

----------------------------
; Extra Fitter Information ;
----------------------------
HTML report is unavailable in plain text report export.


Path #14: Setup slack is 0.505 
===============================================================================
+--------------------------------------------+
; Path Summary                               ;
+--------------------+-----------------------+
; Property           ; Value                 ;
+--------------------+-----------------------+
; From Node          ; state_array[1][4][55] ;
; To Node            ; state_array[0][3][28] ;
; Launch Clock       ; clk                   ;
; Latch Clock        ; clk                   ;
; Data Arrival Time  ; 11.146                ;
; Data Required Time ; 11.651                ;
; Slack              ; 0.505                 ;
+--------------------+-----------------------+

+------------------------------------------------------------------------------------+
; Statistics                                                                         ;
+------------------------+--------+-------+-------------+------------+-------+-------+
; Property               ; Value  ; Count ; Total Delay ; % of Total ; Min   ; Max   ;
+------------------------+--------+-------+-------------+------------+-------+-------+
; Setup Relationship     ; 7.407  ;       ;             ;            ;       ;       ;
; Clock Skew             ; -0.130 ;       ;             ;            ;       ;       ;
; Data Delay             ; 6.672  ;       ;             ;            ;       ;       ;
; Number of Logic Levels ;        ; 5     ;             ;            ;       ;       ;
; Physical Delays        ;        ;       ;             ;            ;       ;       ;
;  Arrival Path          ;        ;       ;             ;            ;       ;       ;
;   Clock                ;        ;       ;             ;            ;       ;       ;
;    IC                  ;        ; 3     ; 0.001       ; 0          ; 0.000 ; 0.001 ;
;    Cell                ;        ; 3     ; 1.901       ; 42         ; 0.507 ; 0.739 ;
;    Routing Element     ;        ; 26    ; 2.572       ; 57         ; 0.000 ; 0.821 ;
;   Data                 ;        ;       ;             ;            ;       ;       ;
;    IC                  ;        ; 6     ; 0.001       ; 0          ; 0.000 ; 0.001 ;
;    Cell                ;        ; 7     ; 2.309       ; 35         ; 0.000 ; 0.643 ;
;    uTco                ;        ; 1     ; 0.000       ; 0          ; 0.000 ; 0.000 ;
;    Routing Element     ;        ; 27    ; 4.362       ; 65         ; 0.000 ; 0.422 ;
;  Required Path         ;        ;       ;             ;            ;       ;       ;
;   Clock                ;        ;       ;             ;            ;       ;       ;
;    IC                  ;        ; 3     ; 0.001       ; 0          ; 0.000 ; 0.001 ;
;    Cell                ;        ; 3     ; 1.780       ; 42         ; 0.470 ; 0.739 ;
;    Routing Element     ;        ; 26    ; 2.458       ; 58         ; 0.000 ; 0.776 ;
+------------------------+--------+-------+-------------+------------+-------+-------+
Note: Negative delays are omitted from totals when calculating percentages

+---------------------------------------------------------------------------------------------------------------------------------+
; Data Arrival Path                                                                                                               ;
+----------+---------+----+------+--------+---------------------------------------+-----------------------------------------------+
; Total    ; Incr    ; RF ; Type ; Fanout ; Location                              ; Element                                       ;
+----------+---------+----+------+--------+---------------------------------------+-----------------------------------------------+
; 0.000    ; 0.000   ;    ;      ;        ;                                       ; launch edge time                              ;
; 4.474    ; 4.474   ;    ;      ;        ;                                       ; clock path                                    ;
;   0.000  ;   0.000 ;    ;      ;        ;                                       ; source latency                                ;
;   0.000  ;   0.000 ;    ;      ; 1      ; PIN_M16                               ; clk                                           ;
;   0.000  ;   0.000 ;    ; RE   ; 1      ; IOPAD_X89_Y35_N60                     ; ARRIAV_IO_PAD                                 ;
;   0.000  ;   0.000 ;    ; RE   ; 1      ; IO_PAD_OUTPUT_X89_Y35_N60_I1          ; IO_PAD_OUTPUT                                 ;
;   0.000  ;   0.000 ;    ; RE   ; 1      ; IO_INPUT_BUFFER_INPUT_X89_Y35_N61_I0  ; IO_INPUT_BUFFER_INPUT                         ;
;   0.000  ;   0.000 ; RR ; IC   ; 1      ; IOIBUF_X89_Y35_N61                    ; clk~input|i                                   ;
;   0.739  ;   0.739 ; RR ; CELL ; 1      ; IOIBUF_X89_Y35_N61                    ; clk~input|o                                   ;
;   0.739  ;   0.000 ;    ; RE   ; 1      ; IOIBUF_X89_Y35_N61                    ; ARRIAV_IO_IBUF                                ;
;   0.739  ;   0.000 ;    ; RE   ; 1      ; IO_INPUT_BUFFER_OUTPUT_X89_Y35_N61_I2 ; IO_INPUT_BUFFER_OUTPUT                        ;
;   0.739  ;   0.000 ;    ; RE   ; 1      ; IO_RE_X89_Y35_N60_I96                 ; IO_RE                                         ;
;   0.833  ;   0.094 ;    ; RE   ; 1      ; IO_RE_X89_Y35_N60_I66                 ; IO_RE                                         ;
;   1.125  ;   0.292 ;    ; RE   ; 1      ; CLKBUF_CLUSTER_RE_X89_Y39_N3_I421     ; CLKBUF_CLUSTER_RE                             ;
;   1.125  ;   0.000 ;    ; RE   ; 1      ; CLKBUF_CLUSTER_RE_X89_Y39_N3_I772     ; CLKBUF_CLUSTER_RE                             ;
;   1.125  ;   0.000 ;    ; RE   ; 1      ; CLKBUF_CLUSTER_RE_X89_Y39_N3_I557     ; CLKBUF_CLUSTER_RE                             ;
;   1.125  ;   0.000 ;    ; RE   ; 1      ; GCLK_CLUSTER_RE_X89_Y39_N6_I10        ; GCLK_CLUSTER_RE                               ;
;   1.125  ;   0.000 ;    ; RE   ; 1      ; CLKBUFBLOCK_INPUT_X89_Y39_N7_I0       ; CLKBUFBLOCK_INPUT                             ;
;   1.125  ;   0.000 ; RR ; IC   ; 1      ; CLKCTRL_G9                            ; clk~inputCLKENA0|inclk                        ;
;   1.632  ;   0.507 ; RR ; CELL ; 1674   ; CLKCTRL_G9                            ; clk~inputCLKENA0|outclk                       ;
;   1.632  ;   0.000 ;    ; RE   ; 1      ; CLKCTRL_G9                            ; ARRIAV_CLKBUF                                 ;
;   1.632  ;   0.000 ;    ; RE   ; 1      ; CLKBUFBLOCK_OUTPUT_X89_Y39_N7_I2      ; CLKBUFBLOCK_OUTPUT                            ;
;   1.632  ;   0.000 ;    ; RE   ; 1      ; GCLK_CLUSTER_RE_X89_Y39_N6_I12        ; GCLK_CLUSTER_RE                               ;
;   1.632  ;   0.000 ;    ; RE   ; 1      ; CLKBUF_CLUSTER_RE_X89_Y39_N3_I416     ; CLKBUF_CLUSTER_RE                             ;
;   2.453  ;   0.821 ;    ; RE   ; 5      ; GLOBAL_CLOCK_X0_Y36_N0_I9             ; GLOBAL_CLOCK                                  ;
;   2.592  ;   0.139 ;    ; RE   ; 16     ; SPINE_CLOCK_X55_Y19_N0_I22            ; SPINE_CLOCK                                   ;
;   2.995  ;   0.403 ;    ; RE   ; 1      ; SCLK_TO_ROWCLK_BUF_X55_Y27_N0_I133    ; SCLK_TO_ROWCLK_BUF                            ;
;   3.089  ;   0.094 ;    ; RE   ; 2      ; SCLK_TO_ROWCLK_BUF_X55_Y27_N0_I136    ; SCLK_TO_ROWCLK_BUF                            ;
;   3.567  ;   0.478 ;    ; RE   ; 7      ; LAB_CLK_X45_Y27_N0_I5                 ; LAB_CLK                                       ;
;   3.703  ;   0.136 ;    ; RE   ; 1      ; BLK_CLK_BUF_X46_Y27_N0_I5             ; BLK_CLK_BUF                                   ;
;   3.759  ;   0.056 ;    ; RE   ; 1      ; ROWCLKSEL_PREBUF_X46_Y27_N0_I5        ; ROWCLKSEL_PREBUF                              ;
;   3.818  ;   0.059 ;    ; RE   ; 1      ; ROWCLKSEL_X46_Y27_N0_I0               ; ROWCLKSEL                                     ;
;   3.818  ;   0.000 ;    ; RE   ; 1      ; GLOBAL_LOCAL_SEL_X46_Y27_N0_I0        ; GLOBAL_LOCAL_SEL                              ;
;   3.818  ;   0.000 ;    ; RE   ; 3      ; LAB_INPUT_X46_Y27_N0_I0               ; LAB_INPUT                                     ;
;   3.819  ;   0.001 ; RR ; IC   ; 1      ; FF_X46_Y27_N56                        ; state_array[1][4][55]|clk                     ;
;   4.474  ;   0.655 ; RR ; CELL ; 1      ; FF_X46_Y27_N56                        ; state_array[1][4][55]                         ;
; 11.146   ; 6.672   ;    ;      ;        ;                                       ; data path                                     ;
;   4.474  ;   0.000 ;    ; uTco ; 1      ; FF_X46_Y27_N56                        ; state_array[1][4][55]                         ;
;   4.474  ;   0.000 ; FF ; CELL ; 6      ; FF_X46_Y27_N56                        ; state_array[1][4][55]|q                       ;
;   4.533  ;   0.059 ;    ; RE   ; 3      ; FF_X46_Y27_N56                        ; ARRIAV_FF                                     ;
;   4.657  ;   0.124 ;    ; RE   ; 4      ; LE_BUFFER_X46_Y27_N0_I37              ; LE_BUFFER                                     ;
;   4.979  ;   0.322 ;    ; RE   ; 1      ; R6_X46_Y27_N0_I3                      ; H_SEG6                                        ;
;   5.221  ;   0.242 ;    ; RE   ; 1      ; LOCAL_INTERCONNECT_X50_Y27_N0_I6      ; LAB_LINE                                      ;
;   5.352  ;   0.131 ;    ; RE   ; 1      ; BLOCK_INPUT_MUX_X50_Y27_N0_I69        ; LEIM_INPUT                                    ;
;   5.352  ;   0.000 ; FF ; IC   ; 1      ; LABCELL_X50_Y27_N48                   ; KSU|u_theta|C[1][55]|datad                    ;
;   5.954  ;   0.602 ; FF ; CELL ; 3      ; LABCELL_X50_Y27_N48                   ; KSU|u_theta|C[1][55]|combout                  ;
;   5.954  ;   0.000 ;    ; RE   ; 2      ; LABCELL_X50_Y27_N48                   ; ARRIAV_LCELL_COMB                             ;
;   6.062  ;   0.108 ;    ; RE   ; 1      ; LOCAL_LINE_X50_Y27_N0_I16             ; LOCAL_LINE                                    ;
;   6.223  ;   0.161 ;    ; RE   ; 1      ; BLOCK_INPUT_MUX_X50_Y27_N0_I4         ; LEIM_INPUT                                    ;
;   6.223  ;   0.000 ; FF ; IC   ; 1      ; LABCELL_X50_Y27_N0                    ; KSU|u_theta|state_array_o[0][4][56]~0|datac   ;
;   6.791  ;   0.568 ; FF ; CELL ; 6      ; LABCELL_X50_Y27_N0                    ; KSU|u_theta|state_array_o[0][4][56]~0|combout ;
;   6.791  ;   0.000 ;    ; RE   ; 2      ; LABCELL_X50_Y27_N0                    ; ARRIAV_LCELL_COMB                             ;
;   6.891  ;   0.100 ;    ; RE   ; 3      ; LE_BUFFER_X50_Y27_N0_I0               ; LE_BUFFER                                     ;
;   7.122  ;   0.231 ;    ; RE   ; 1      ; C2_X50_Y28_N0_I2                      ; V_SEG2                                        ;
;   7.366  ;   0.244 ;    ; RE   ; 1      ; C2_X50_Y30_N0_I2                      ; V_SEG2                                        ;
;   7.625  ;   0.259 ;    ; RE   ; 1      ; R3_X51_Y31_N0_I1                      ; H_SEG3                                        ;
;   7.882  ;   0.257 ;    ; RE   ; 1      ; R3_X54_Y31_N0_I2                      ; H_SEG3                                        ;
;   8.100  ;   0.218 ;    ; RE   ; 1      ; LOCAL_INTERCONNECT_X55_Y31_N0_I35     ; LAB_LINE                                      ;
;   8.243  ;   0.143 ;    ; RE   ; 1      ; BLOCK_INPUT_MUX_X55_Y31_N0_I15        ; LEIM_INPUT                                    ;
;   8.243  ;   0.000 ; FF ; IC   ; 1      ; LABCELL_X55_Y31_N9                    ; KSU|u_theta|state_array_o[0][1][56]|dataf     ;
;   8.349  ;   0.106 ; FR ; CELL ; 3      ; LABCELL_X55_Y31_N9                    ; KSU|u_theta|state_array_o[0][1][56]|combout   ;
;   8.349  ;   0.000 ;    ; RE   ; 1      ; LABCELL_X55_Y31_N9                    ; ARRIAV_LCELL_COMB                             ;
;   8.518  ;   0.169 ;    ; RE   ; 3      ; LOCAL_LINE_X55_Y31_N0_I3              ; LOCAL_LINE                                    ;
;   8.661  ;   0.143 ;    ; RE   ; 1      ; BLOCK_INPUT_MUX_X55_Y31_N0_I67        ; LEIM_INPUT                                    ;
;   8.661  ;   0.000 ; RR ; IC   ; 1      ; LABCELL_X55_Y31_N48                   ; KSU|u_chi|state_array_o[0][3][28]|datab       ;
;   9.304  ;   0.643 ; RF ; CELL ; 1      ; LABCELL_X55_Y31_N48                   ; KSU|u_chi|state_array_o[0][3][28]|combout     ;
;   9.304  ;   0.000 ;    ; RE   ; 1      ; LABCELL_X55_Y31_N48                   ; ARRIAV_LCELL_COMB                             ;
;   9.408  ;   0.104 ;    ; RE   ; 1      ; LE_BUFFER_X55_Y31_N0_I33              ; LE_BUFFER                                     ;
;   9.660  ;   0.252 ;    ; RE   ; 1      ; C2_X54_Y32_N0_I4                      ; V_SEG2                                        ;
;   9.911  ;   0.251 ;    ; RE   ; 1      ; C2_X54_Y34_N0_I4                      ; V_SEG2                                        ;
;   10.333 ;   0.422 ;    ; RE   ; 1      ; R6_X55_Y34_N0_I16                     ; H_SEG6                                        ;
;   10.618 ;   0.285 ;    ; RE   ; 1      ; LOCAL_INTERCONNECT_X60_Y34_N0_I21     ; LAB_LINE                                      ;
;   10.755 ;   0.137 ;    ; RE   ; 1      ; BLOCK_INPUT_MUX_X60_Y34_N0_I71        ; LEIM_INPUT                                    ;
;   10.756 ;   0.001 ; FF ; IC   ; 1      ; LABCELL_X60_Y34_N51                   ; state_array~964|dataf                         ;
;   10.840 ;   0.084 ; FF ; CELL ; 1      ; LABCELL_X60_Y34_N51                   ; state_array~964|combout                       ;
;   10.840 ;   0.000 ;    ; RE   ; 1      ; LABCELL_X60_Y34_N51                   ; ARRIAV_LCELL_COMB                             ;
;   10.840 ;   0.000 ; FF ; IC   ; 1      ; FF_X60_Y34_N53                        ; state_array[0][3][28]|d                       ;
;   11.146 ;   0.306 ; FF ; CELL ; 1      ; FF_X60_Y34_N53                        ; state_array[0][3][28]                         ;
+----------+---------+----+------+--------+---------------------------------------+-----------------------------------------------+

+-------------------------------------------------------------------------------------------------------------+
; Data Required Path                                                                                          ;
+----------+---------+----+------+--------+---------------------------------------+---------------------------+
; Total    ; Incr    ; RF ; Type ; Fanout ; Location                              ; Element                   ;
+----------+---------+----+------+--------+---------------------------------------+---------------------------+
; 7.407    ; 7.407   ;    ;      ;        ;                                       ; latch edge time           ;
; 11.751   ; 4.344   ;    ;      ;        ;                                       ; clock path                ;
;   7.407  ;   0.000 ;    ;      ;        ;                                       ; source latency            ;
;   7.407  ;   0.000 ;    ;      ; 1      ; PIN_M16                               ; clk                       ;
;   7.407  ;   0.000 ;    ; RE   ; 1      ; IOPAD_X89_Y35_N60                     ; ARRIAV_IO_PAD             ;
;   7.407  ;   0.000 ;    ; RE   ; 1      ; IO_PAD_OUTPUT_X89_Y35_N60_I1          ; IO_PAD_OUTPUT             ;
;   7.407  ;   0.000 ;    ; RE   ; 1      ; IO_INPUT_BUFFER_INPUT_X89_Y35_N61_I0  ; IO_INPUT_BUFFER_INPUT     ;
;   7.407  ;   0.000 ; RR ; IC   ; 1      ; IOIBUF_X89_Y35_N61                    ; clk~input|i               ;
;   8.146  ;   0.739 ; RR ; CELL ; 1      ; IOIBUF_X89_Y35_N61                    ; clk~input|o               ;
;   8.146  ;   0.000 ;    ; RE   ; 1      ; IOIBUF_X89_Y35_N61                    ; ARRIAV_IO_IBUF            ;
;   8.146  ;   0.000 ;    ; RE   ; 1      ; IO_INPUT_BUFFER_OUTPUT_X89_Y35_N61_I2 ; IO_INPUT_BUFFER_OUTPUT    ;
;   8.146  ;   0.000 ;    ; RE   ; 1      ; IO_RE_X89_Y35_N60_I96                 ; IO_RE                     ;
;   8.234  ;   0.088 ;    ; RE   ; 1      ; IO_RE_X89_Y35_N60_I66                 ; IO_RE                     ;
;   8.509  ;   0.275 ;    ; RE   ; 1      ; CLKBUF_CLUSTER_RE_X89_Y39_N3_I421     ; CLKBUF_CLUSTER_RE         ;
;   8.509  ;   0.000 ;    ; RE   ; 1      ; CLKBUF_CLUSTER_RE_X89_Y39_N3_I772     ; CLKBUF_CLUSTER_RE         ;
;   8.509  ;   0.000 ;    ; RE   ; 1      ; CLKBUF_CLUSTER_RE_X89_Y39_N3_I557     ; CLKBUF_CLUSTER_RE         ;
;   8.509  ;   0.000 ;    ; RE   ; 1      ; GCLK_CLUSTER_RE_X89_Y39_N6_I10        ; GCLK_CLUSTER_RE           ;
;   8.509  ;   0.000 ;    ; RE   ; 1      ; CLKBUFBLOCK_INPUT_X89_Y39_N7_I0       ; CLKBUFBLOCK_INPUT         ;
;   8.509  ;   0.000 ; RR ; IC   ; 1      ; CLKCTRL_G9                            ; clk~inputCLKENA0|inclk    ;
;   8.979  ;   0.470 ; RR ; CELL ; 1674   ; CLKCTRL_G9                            ; clk~inputCLKENA0|outclk   ;
;   8.979  ;   0.000 ;    ; RE   ; 1      ; CLKCTRL_G9                            ; ARRIAV_CLKBUF             ;
;   8.979  ;   0.000 ;    ; RE   ; 1      ; CLKBUFBLOCK_OUTPUT_X89_Y39_N7_I2      ; CLKBUFBLOCK_OUTPUT        ;
;   8.979  ;   0.000 ;    ; RE   ; 1      ; GCLK_CLUSTER_RE_X89_Y39_N6_I12        ; GCLK_CLUSTER_RE           ;
;   8.979  ;   0.000 ;    ; RE   ; 1      ; CLKBUF_CLUSTER_RE_X89_Y39_N3_I416     ; CLKBUF_CLUSTER_RE         ;
;   9.755  ;   0.776 ;    ; RE   ; 5      ; GLOBAL_CLOCK_X0_Y36_N0_I9             ; GLOBAL_CLOCK              ;
;   9.893  ;   0.138 ;    ; RE   ; 16     ; SPINE_CLOCK_X55_Y19_N0_I22            ; SPINE_CLOCK               ;
;   10.282 ;   0.389 ;    ; RE   ; 1      ; SCLK_TO_ROWCLK_BUF_X55_Y34_N0_I133    ; SCLK_TO_ROWCLK_BUF        ;
;   10.373 ;   0.091 ;    ; RE   ; 2      ; SCLK_TO_ROWCLK_BUF_X55_Y34_N0_I136    ; SCLK_TO_ROWCLK_BUF        ;
;   10.837 ;   0.464 ;    ; RE   ; 10     ; LAB_CLK_X56_Y34_N0_I5                 ; LAB_CLK                   ;
;   10.966 ;   0.129 ;    ; RE   ; 1      ; BLK_CLK_BUF_X60_Y34_N0_I5             ; BLK_CLK_BUF               ;
;   11.020 ;   0.054 ;    ; RE   ; 1      ; ROWCLKSEL_PREBUF_X60_Y34_N0_I5        ; ROWCLKSEL_PREBUF          ;
;   11.074 ;   0.054 ;    ; RE   ; 1      ; ROWCLKSEL_X60_Y34_N0_I0               ; ROWCLKSEL                 ;
;   11.074 ;   0.000 ;    ; RE   ; 1      ; GLOBAL_LOCAL_SEL_X60_Y34_N0_I0        ; GLOBAL_LOCAL_SEL          ;
;   11.074 ;   0.000 ;    ; RE   ; 10     ; LAB_INPUT_X60_Y34_N0_I0               ; LAB_INPUT                 ;
;   11.075 ;   0.001 ; RR ; IC   ; 1      ; FF_X60_Y34_N53                        ; state_array[0][3][28]|clk ;
;   11.646 ;   0.571 ; RR ; CELL ; 1      ; FF_X60_Y34_N53                        ; state_array[0][3][28]     ;
;   11.751 ;   0.105 ;    ;      ;        ;                                       ; clock pessimism removed   ;
; 11.651   ; -0.100  ;    ;      ;        ;                                       ; clock uncertainty         ;
; 11.651   ; 0.000   ;    ; uTsu ; 1      ; FF_X60_Y34_N53                        ; state_array[0][3][28]     ;
+----------+---------+----+------+--------+---------------------------------------+---------------------------+

----------------------------
; Extra Fitter Information ;
----------------------------
HTML report is unavailable in plain text report export.


Path #15: Setup slack is 0.513 
===============================================================================
+--------------------------------------------+
; Path Summary                               ;
+--------------------+-----------------------+
; Property           ; Value                 ;
+--------------------+-----------------------+
; From Node          ; state_array[2][2][37] ;
; To Node            ; state_array[1][2][62] ;
; Launch Clock       ; clk                   ;
; Latch Clock        ; clk                   ;
; Data Arrival Time  ; 11.062                ;
; Data Required Time ; 11.575                ;
; Slack              ; 0.513                 ;
+--------------------+-----------------------+

+-------------------------------------------------------------------------------------+
; Statistics                                                                          ;
+------------------------+--------+-------+-------------+------------+--------+-------+
; Property               ; Value  ; Count ; Total Delay ; % of Total ; Min    ; Max   ;
+------------------------+--------+-------+-------------+------------+--------+-------+
; Setup Relationship     ; 7.407  ;       ;             ;            ;        ;       ;
; Clock Skew             ; -0.214 ;       ;             ;            ;        ;       ;
; Data Delay             ; 6.580  ;       ;             ;            ;        ;       ;
; Number of Logic Levels ;        ; 4     ;             ;            ;        ;       ;
; Physical Delays        ;        ;       ;             ;            ;        ;       ;
;  Arrival Path          ;        ;       ;             ;            ;        ;       ;
;   Clock                ;        ;       ;             ;            ;        ;       ;
;    IC                  ;        ; 3     ; 0.001       ; 0          ; 0.000  ; 0.001 ;
;    Cell                ;        ; 3     ; 1.901       ; 42         ; 0.507  ; 0.739 ;
;    Routing Element     ;        ; 26    ; 2.580       ; 58         ; 0.000  ; 0.821 ;
;   Data                 ;        ;       ;             ;            ;        ;       ;
;    IC                  ;        ; 5     ; 0.000       ; 0          ; -0.001 ; 0.001 ;
;    Cell                ;        ; 6     ; 0.945       ; 14         ; 0.000  ; 0.353 ;
;    uTco                ;        ; 1     ; 0.000       ; 0          ; 0.000  ; 0.000 ;
;    Routing Element     ;        ; 27    ; 5.635       ; 86         ; 0.000  ; 0.468 ;
;  Required Path         ;        ;       ;             ;            ;        ;       ;
;   Clock                ;        ;       ;             ;            ;        ;       ;
;    IC                  ;        ; 3     ; 0.000       ; 0          ; 0.000  ; 0.000 ;
;    Cell                ;        ; 3     ; 1.773       ; 42         ; 0.470  ; 0.739 ;
;    Routing Element     ;        ; 26    ; 2.435       ; 58         ; 0.000  ; 0.782 ;
+------------------------+--------+-------+-------------+------------+--------+-------+
Note: Negative delays are omitted from totals when calculating percentages

+----------------------------------------------------------------------------------------------------------------------------------+
; Data Arrival Path                                                                                                                ;
+----------+----------+----+------+--------+---------------------------------------+-----------------------------------------------+
; Total    ; Incr     ; RF ; Type ; Fanout ; Location                              ; Element                                       ;
+----------+----------+----+------+--------+---------------------------------------+-----------------------------------------------+
; 0.000    ; 0.000    ;    ;      ;        ;                                       ; launch edge time                              ;
; 4.482    ; 4.482    ;    ;      ;        ;                                       ; clock path                                    ;
;   0.000  ;   0.000  ;    ;      ;        ;                                       ; source latency                                ;
;   0.000  ;   0.000  ;    ;      ; 1      ; PIN_M16                               ; clk                                           ;
;   0.000  ;   0.000  ;    ; RE   ; 1      ; IOPAD_X89_Y35_N60                     ; ARRIAV_IO_PAD                                 ;
;   0.000  ;   0.000  ;    ; RE   ; 1      ; IO_PAD_OUTPUT_X89_Y35_N60_I1          ; IO_PAD_OUTPUT                                 ;
;   0.000  ;   0.000  ;    ; RE   ; 1      ; IO_INPUT_BUFFER_INPUT_X89_Y35_N61_I0  ; IO_INPUT_BUFFER_INPUT                         ;
;   0.000  ;   0.000  ; RR ; IC   ; 1      ; IOIBUF_X89_Y35_N61                    ; clk~input|i                                   ;
;   0.739  ;   0.739  ; RR ; CELL ; 1      ; IOIBUF_X89_Y35_N61                    ; clk~input|o                                   ;
;   0.739  ;   0.000  ;    ; RE   ; 1      ; IOIBUF_X89_Y35_N61                    ; ARRIAV_IO_IBUF                                ;
;   0.739  ;   0.000  ;    ; RE   ; 1      ; IO_INPUT_BUFFER_OUTPUT_X89_Y35_N61_I2 ; IO_INPUT_BUFFER_OUTPUT                        ;
;   0.739  ;   0.000  ;    ; RE   ; 1      ; IO_RE_X89_Y35_N60_I96                 ; IO_RE                                         ;
;   0.833  ;   0.094  ;    ; RE   ; 1      ; IO_RE_X89_Y35_N60_I66                 ; IO_RE                                         ;
;   1.125  ;   0.292  ;    ; RE   ; 1      ; CLKBUF_CLUSTER_RE_X89_Y39_N3_I421     ; CLKBUF_CLUSTER_RE                             ;
;   1.125  ;   0.000  ;    ; RE   ; 1      ; CLKBUF_CLUSTER_RE_X89_Y39_N3_I772     ; CLKBUF_CLUSTER_RE                             ;
;   1.125  ;   0.000  ;    ; RE   ; 1      ; CLKBUF_CLUSTER_RE_X89_Y39_N3_I557     ; CLKBUF_CLUSTER_RE                             ;
;   1.125  ;   0.000  ;    ; RE   ; 1      ; GCLK_CLUSTER_RE_X89_Y39_N6_I10        ; GCLK_CLUSTER_RE                               ;
;   1.125  ;   0.000  ;    ; RE   ; 1      ; CLKBUFBLOCK_INPUT_X89_Y39_N7_I0       ; CLKBUFBLOCK_INPUT                             ;
;   1.125  ;   0.000  ; RR ; IC   ; 1      ; CLKCTRL_G9                            ; clk~inputCLKENA0|inclk                        ;
;   1.632  ;   0.507  ; RR ; CELL ; 1674   ; CLKCTRL_G9                            ; clk~inputCLKENA0|outclk                       ;
;   1.632  ;   0.000  ;    ; RE   ; 1      ; CLKCTRL_G9                            ; ARRIAV_CLKBUF                                 ;
;   1.632  ;   0.000  ;    ; RE   ; 1      ; CLKBUFBLOCK_OUTPUT_X89_Y39_N7_I2      ; CLKBUFBLOCK_OUTPUT                            ;
;   1.632  ;   0.000  ;    ; RE   ; 1      ; GCLK_CLUSTER_RE_X89_Y39_N6_I12        ; GCLK_CLUSTER_RE                               ;
;   1.632  ;   0.000  ;    ; RE   ; 1      ; CLKBUF_CLUSTER_RE_X89_Y39_N3_I416     ; CLKBUF_CLUSTER_RE                             ;
;   2.453  ;   0.821  ;    ; RE   ; 5      ; GLOBAL_CLOCK_X0_Y36_N0_I9             ; GLOBAL_CLOCK                                  ;
;   2.594  ;   0.141  ;    ; RE   ; 16     ; SPINE_CLOCK_X55_Y19_N0_I22            ; SPINE_CLOCK                                   ;
;   2.997  ;   0.403  ;    ; RE   ; 1      ; SCLK_TO_ROWCLK_BUF_X55_Y25_N0_I133    ; SCLK_TO_ROWCLK_BUF                            ;
;   3.091  ;   0.094  ;    ; RE   ; 2      ; SCLK_TO_ROWCLK_BUF_X55_Y25_N0_I136    ; SCLK_TO_ROWCLK_BUF                            ;
;   3.571  ;   0.480  ;    ; RE   ; 10     ; LAB_CLK_X56_Y25_N0_I5                 ; LAB_CLK                                       ;
;   3.711  ;   0.140  ;    ; RE   ; 1      ; BLK_CLK_BUF_X59_Y25_N0_I5             ; BLK_CLK_BUF                                   ;
;   3.767  ;   0.056  ;    ; RE   ; 1      ; ROWCLKSEL_PREBUF_X59_Y25_N0_I5        ; ROWCLKSEL_PREBUF                              ;
;   3.826  ;   0.059  ;    ; RE   ; 1      ; ROWCLKSEL_X59_Y25_N0_I0               ; ROWCLKSEL                                     ;
;   3.826  ;   0.000  ;    ; RE   ; 1      ; GLOBAL_LOCAL_SEL_X59_Y25_N0_I0        ; GLOBAL_LOCAL_SEL                              ;
;   3.826  ;   0.000  ;    ; RE   ; 4      ; LAB_INPUT_X59_Y25_N0_I0               ; LAB_INPUT                                     ;
;   3.827  ;   0.001  ; RR ; IC   ; 1      ; FF_X59_Y25_N14                        ; state_array[2][2][37]|clk                     ;
;   4.482  ;   0.655  ; RR ; CELL ; 1      ; FF_X59_Y25_N14                        ; state_array[2][2][37]                         ;
; 11.062   ; 6.580    ;    ;      ;        ;                                       ; data path                                     ;
;   4.482  ;   0.000  ;    ; uTco ; 1      ; FF_X59_Y25_N14                        ; state_array[2][2][37]                         ;
;   4.482  ;   0.000  ; FF ; CELL ; 6      ; FF_X59_Y25_N14                        ; state_array[2][2][37]|q                       ;
;   4.541  ;   0.059  ;    ; RE   ; 2      ; FF_X59_Y25_N14                        ; ARRIAV_FF                                     ;
;   4.638  ;   0.097  ;    ; RE   ; 1      ; LE_BUFFER_X59_Y25_N0_I9               ; LE_BUFFER                                     ;
;   4.861  ;   0.223  ;    ; RE   ; 2      ; C2_X58_Y23_N0_I20                     ; V_SEG2                                        ;
;   5.219  ;   0.358  ;    ; RE   ; 1      ; R3_X56_Y24_N0_I17                     ; H_SEG3                                        ;
;   5.635  ;   0.416  ;    ; RE   ; 1      ; R6_X50_Y24_N0_I31                     ; H_SEG6                                        ;
;   5.898  ;   0.263  ;    ; RE   ; 1      ; LOCAL_INTERCONNECT_X50_Y24_N0_I34     ; LAB_LINE                                      ;
;   6.042  ;   0.144  ;    ; RE   ; 1      ; BLOCK_INPUT_MUX_X50_Y24_N0_I62        ; LEIM_INPUT                                    ;
;   6.041  ;   -0.001 ; FF ; IC   ; 1      ; LABCELL_X50_Y24_N45                   ; KSU|u_theta|C[2][37]|datae                    ;
;   6.394  ;   0.353  ; FF ; CELL ; 2      ; LABCELL_X50_Y24_N45                   ; KSU|u_theta|C[2][37]|combout                  ;
;   6.394  ;   0.000  ;    ; RE   ; 2      ; LABCELL_X50_Y24_N45                   ; ARRIAV_LCELL_COMB                             ;
;   6.474  ;   0.080  ;    ; RE   ; 1      ; LE_BUFFER_X50_Y24_N0_I30              ; LE_BUFFER                                     ;
;   6.759  ;   0.285  ;    ; RE   ; 1      ; C4_X50_Y25_N0_I4                      ; V_SEG4                                        ;
;   7.227  ;   0.468  ;    ; RE   ; 1      ; R6_X51_Y28_N0_I14                     ; H_SEG6                                        ;
;   7.551  ;   0.324  ;    ; RE   ; 1      ; LOCAL_INTERCONNECT_X55_Y28_N0_I11     ; LAB_LINE                                      ;
;   7.727  ;   0.176  ;    ; RE   ; 1      ; BLOCK_INPUT_MUX_X55_Y28_N0_I79        ; LEIM_INPUT                                    ;
;   7.728  ;   0.001  ; FF ; IC   ; 1      ; LABCELL_X55_Y28_N57                   ; KSU|u_theta|state_array_o[3][0][37]~0|dataf   ;
;   7.816  ;   0.088  ; FF ; CELL ; 15     ; LABCELL_X55_Y28_N57                   ; KSU|u_theta|state_array_o[3][0][37]~0|combout ;
;   7.816  ;   0.000  ;    ; RE   ; 1      ; LABCELL_X55_Y28_N57                   ; ARRIAV_LCELL_COMB                             ;
;   7.927  ;   0.111  ;    ; RE   ; 2      ; LE_BUFFER_X55_Y28_N0_I39              ; LE_BUFFER                                     ;
;   8.182  ;   0.255  ;    ; RE   ; 2      ; C2_X54_Y29_N0_I5                      ; V_SEG2                                        ;
;   8.442  ;   0.260  ;    ; RE   ; 3      ; C2_X54_Y31_N0_I5                      ; V_SEG2                                        ;
;   8.747  ;   0.305  ;    ; RE   ; 1      ; R3_X55_Y31_N0_I2                      ; H_SEG3                                        ;
;   9.187  ;   0.440  ;    ; RE   ; 3      ; R6_X58_Y31_N0_I4                      ; H_SEG6                                        ;
;   9.523  ;   0.336  ;    ; RE   ; 1      ; R3_X64_Y31_N0_I11                     ; H_SEG3                                        ;
;   9.853  ;   0.330  ;    ; RE   ; 1      ; R6_X66_Y31_N0_I3                      ; H_SEG6                                        ;
;   10.108 ;   0.255  ;    ; RE   ; 1      ; LOCAL_INTERCONNECT_X71_Y31_N0_I6      ; LAB_LINE                                      ;
;   10.228 ;   0.120  ;    ; RE   ; 1      ; BLOCK_INPUT_MUX_X71_Y31_N0_I17        ; LEIM_INPUT                                    ;
;   10.228 ;   0.000  ; FF ; IC   ; 1      ; LABCELL_X71_Y31_N12                   ; KSU|u_chi|state_array_o[1][2][62]|dataf       ;
;   10.332 ;   0.104  ; FR ; CELL ; 1      ; LABCELL_X71_Y31_N12                   ; KSU|u_chi|state_array_o[1][2][62]|combout     ;
;   10.332 ;   0.000  ;    ; RE   ; 1      ; LABCELL_X71_Y31_N12                   ; ARRIAV_LCELL_COMB                             ;
;   10.487 ;   0.155  ;    ; RE   ; 1      ; LOCAL_LINE_X71_Y31_N0_I4              ; LOCAL_LINE                                    ;
;   10.662 ;   0.175  ;    ; RE   ; 1      ; BLOCK_INPUT_MUX_X71_Y31_N0_I49        ; LEIM_INPUT                                    ;
;   10.662 ;   0.000  ; RR ; IC   ; 1      ; LABCELL_X71_Y31_N36                   ; state_array~2076|dataf                        ;
;   10.756 ;   0.094  ; RR ; CELL ; 1      ; LABCELL_X71_Y31_N36                   ; state_array~2076|combout                      ;
;   10.756 ;   0.000  ;    ; RE   ; 1      ; LABCELL_X71_Y31_N36                   ; ARRIAV_LCELL_COMB                             ;
;   10.756 ;   0.000  ; RR ; IC   ; 1      ; FF_X71_Y31_N38                        ; state_array[1][2][62]|d                       ;
;   11.062 ;   0.306  ; RR ; CELL ; 1      ; FF_X71_Y31_N38                        ; state_array[1][2][62]                         ;
+----------+----------+----+------+--------+---------------------------------------+-----------------------------------------------+

+-------------------------------------------------------------------------------------------------------------+
; Data Required Path                                                                                          ;
+----------+---------+----+------+--------+---------------------------------------+---------------------------+
; Total    ; Incr    ; RF ; Type ; Fanout ; Location                              ; Element                   ;
+----------+---------+----+------+--------+---------------------------------------+---------------------------+
; 7.407    ; 7.407   ;    ;      ;        ;                                       ; latch edge time           ;
; 11.675   ; 4.268   ;    ;      ;        ;                                       ; clock path                ;
;   7.407  ;   0.000 ;    ;      ;        ;                                       ; source latency            ;
;   7.407  ;   0.000 ;    ;      ; 1      ; PIN_M16                               ; clk                       ;
;   7.407  ;   0.000 ;    ; RE   ; 1      ; IOPAD_X89_Y35_N60                     ; ARRIAV_IO_PAD             ;
;   7.407  ;   0.000 ;    ; RE   ; 1      ; IO_PAD_OUTPUT_X89_Y35_N60_I1          ; IO_PAD_OUTPUT             ;
;   7.407  ;   0.000 ;    ; RE   ; 1      ; IO_INPUT_BUFFER_INPUT_X89_Y35_N61_I0  ; IO_INPUT_BUFFER_INPUT     ;
;   7.407  ;   0.000 ; RR ; IC   ; 1      ; IOIBUF_X89_Y35_N61                    ; clk~input|i               ;
;   8.146  ;   0.739 ; RR ; CELL ; 1      ; IOIBUF_X89_Y35_N61                    ; clk~input|o               ;
;   8.146  ;   0.000 ;    ; RE   ; 1      ; IOIBUF_X89_Y35_N61                    ; ARRIAV_IO_IBUF            ;
;   8.146  ;   0.000 ;    ; RE   ; 1      ; IO_INPUT_BUFFER_OUTPUT_X89_Y35_N61_I2 ; IO_INPUT_BUFFER_OUTPUT    ;
;   8.146  ;   0.000 ;    ; RE   ; 1      ; IO_RE_X89_Y35_N60_I96                 ; IO_RE                     ;
;   8.234  ;   0.088 ;    ; RE   ; 1      ; IO_RE_X89_Y35_N60_I66                 ; IO_RE                     ;
;   8.509  ;   0.275 ;    ; RE   ; 1      ; CLKBUF_CLUSTER_RE_X89_Y39_N3_I421     ; CLKBUF_CLUSTER_RE         ;
;   8.509  ;   0.000 ;    ; RE   ; 1      ; CLKBUF_CLUSTER_RE_X89_Y39_N3_I772     ; CLKBUF_CLUSTER_RE         ;
;   8.509  ;   0.000 ;    ; RE   ; 1      ; CLKBUF_CLUSTER_RE_X89_Y39_N3_I557     ; CLKBUF_CLUSTER_RE         ;
;   8.509  ;   0.000 ;    ; RE   ; 1      ; GCLK_CLUSTER_RE_X89_Y39_N6_I10        ; GCLK_CLUSTER_RE           ;
;   8.509  ;   0.000 ;    ; RE   ; 1      ; CLKBUFBLOCK_INPUT_X89_Y39_N7_I0       ; CLKBUFBLOCK_INPUT         ;
;   8.509  ;   0.000 ; RR ; IC   ; 1      ; CLKCTRL_G9                            ; clk~inputCLKENA0|inclk    ;
;   8.979  ;   0.470 ; RR ; CELL ; 1674   ; CLKCTRL_G9                            ; clk~inputCLKENA0|outclk   ;
;   8.979  ;   0.000 ;    ; RE   ; 1      ; CLKCTRL_G9                            ; ARRIAV_CLKBUF             ;
;   8.979  ;   0.000 ;    ; RE   ; 1      ; CLKBUFBLOCK_OUTPUT_X89_Y39_N7_I2      ; CLKBUFBLOCK_OUTPUT        ;
;   8.979  ;   0.000 ;    ; RE   ; 1      ; GCLK_CLUSTER_RE_X89_Y39_N6_I12        ; GCLK_CLUSTER_RE           ;
;   8.979  ;   0.000 ;    ; RE   ; 1      ; CLKBUF_CLUSTER_RE_X89_Y39_N3_I416     ; CLKBUF_CLUSTER_RE         ;
;   9.761  ;   0.782 ;    ; RE   ; 5      ; GLOBAL_CLOCK_X0_Y36_N0_I9             ; GLOBAL_CLOCK              ;
;   9.897  ;   0.136 ;    ; RE   ; 15     ; SPINE_CLOCK_X77_Y19_N0_I7             ; SPINE_CLOCK               ;
;   10.286 ;   0.389 ;    ; RE   ; 1      ; SCLK_TO_ROWCLK_BUF_X77_Y31_N0_I43     ; SCLK_TO_ROWCLK_BUF        ;
;   10.367 ;   0.081 ;    ; RE   ; 1      ; SCLK_TO_ROWCLK_BUF_X77_Y31_N0_I46     ; SCLK_TO_ROWCLK_BUF        ;
;   10.820 ;   0.453 ;    ; RE   ; 8      ; LAB_CLK_X67_Y31_N0_I5                 ; LAB_CLK                   ;
;   10.944 ;   0.124 ;    ; RE   ; 1      ; BLK_CLK_BUF_X71_Y31_N0_I5             ; BLK_CLK_BUF               ;
;   10.997 ;   0.053 ;    ; RE   ; 1      ; ROWCLKSEL_PREBUF_X71_Y31_N0_I5        ; ROWCLKSEL_PREBUF          ;
;   11.051 ;   0.054 ;    ; RE   ; 1      ; ROWCLKSEL_X71_Y31_N0_I0               ; ROWCLKSEL                 ;
;   11.051 ;   0.000 ;    ; RE   ; 1      ; GLOBAL_LOCAL_SEL_X71_Y31_N0_I0        ; GLOBAL_LOCAL_SEL          ;
;   11.051 ;   0.000 ;    ; RE   ; 6      ; LAB_INPUT_X71_Y31_N0_I0               ; LAB_INPUT                 ;
;   11.051 ;   0.000 ; RR ; IC   ; 1      ; FF_X71_Y31_N38                        ; state_array[1][2][62]|clk ;
;   11.615 ;   0.564 ; RR ; CELL ; 1      ; FF_X71_Y31_N38                        ; state_array[1][2][62]     ;
;   11.675 ;   0.060 ;    ;      ;        ;                                       ; clock pessimism removed   ;
; 11.575   ; -0.100  ;    ;      ;        ;                                       ; clock uncertainty         ;
; 11.575   ; 0.000   ;    ; uTsu ; 1      ; FF_X71_Y31_N38                        ; state_array[1][2][62]     ;
+----------+---------+----+------+--------+---------------------------------------+---------------------------+

----------------------------
; Extra Fitter Information ;
----------------------------
HTML report is unavailable in plain text report export.


Path #16: Setup slack is 0.516 
===============================================================================
+--------------------------------------------+
; Path Summary                               ;
+--------------------+-----------------------+
; Property           ; Value                 ;
+--------------------+-----------------------+
; From Node          ; state_array[1][4][51] ;
; To Node            ; state_array[0][1][55] ;
; Launch Clock       ; clk                   ;
; Latch Clock        ; clk                   ;
; Data Arrival Time  ; 11.122                ;
; Data Required Time ; 11.638                ;
; Slack              ; 0.516                 ;
+--------------------+-----------------------+

+-------------------------------------------------------------------------------------+
; Statistics                                                                          ;
+------------------------+--------+-------+-------------+------------+--------+-------+
; Property               ; Value  ; Count ; Total Delay ; % of Total ; Min    ; Max   ;
+------------------------+--------+-------+-------------+------------+--------+-------+
; Setup Relationship     ; 7.407  ;       ;             ;            ;        ;       ;
; Clock Skew             ; -0.152 ;       ;             ;            ;        ;       ;
; Data Delay             ; 6.639  ;       ;             ;            ;        ;       ;
; Number of Logic Levels ;        ; 5     ;             ;            ;        ;       ;
; Physical Delays        ;        ;       ;             ;            ;        ;       ;
;  Arrival Path          ;        ;       ;             ;            ;        ;       ;
;   Clock                ;        ;       ;             ;            ;        ;       ;
;    IC                  ;        ; 3     ; 0.001       ; 0          ; 0.000  ; 0.001 ;
;    Cell                ;        ; 3     ; 1.901       ; 42         ; 0.507  ; 0.739 ;
;    Routing Element     ;        ; 26    ; 2.581       ; 58         ; 0.000  ; 0.821 ;
;   Data                 ;        ;       ;             ;            ;        ;       ;
;    IC                  ;        ; 6     ; 0.000       ; 0          ; -0.001 ; 0.001 ;
;    Cell                ;        ; 7     ; 0.782       ; 12         ; 0.000  ; 0.306 ;
;    uTco                ;        ; 1     ; 0.000       ; 0          ; 0.000  ; 0.000 ;
;    Routing Element     ;        ; 34    ; 5.857       ; 88         ; 0.000  ; 0.366 ;
;  Required Path         ;        ;       ;             ;            ;        ;       ;
;   Clock                ;        ;       ;             ;            ;        ;       ;
;    IC                  ;        ; 3     ; 0.002       ; 0          ; 0.000  ; 0.002 ;
;    Cell                ;        ; 3     ; 1.773       ; 42         ; 0.470  ; 0.739 ;
;    Routing Element     ;        ; 26    ; 2.451       ; 58         ; 0.000  ; 0.776 ;
+------------------------+--------+-------+-------------+------------+--------+-------+
Note: Negative delays are omitted from totals when calculating percentages

+--------------------------------------------------------------------------------------------------------------------------------------+
; Data Arrival Path                                                                                                                    ;
+----------+----------+----+------+--------+-------------------------------------------+-----------------------------------------------+
; Total    ; Incr     ; RF ; Type ; Fanout ; Location                                  ; Element                                       ;
+----------+----------+----+------+--------+-------------------------------------------+-----------------------------------------------+
; 0.000    ; 0.000    ;    ;      ;        ;                                           ; launch edge time                              ;
; 4.483    ; 4.483    ;    ;      ;        ;                                           ; clock path                                    ;
;   0.000  ;   0.000  ;    ;      ;        ;                                           ; source latency                                ;
;   0.000  ;   0.000  ;    ;      ; 1      ; PIN_M16                                   ; clk                                           ;
;   0.000  ;   0.000  ;    ; RE   ; 1      ; IOPAD_X89_Y35_N60                         ; ARRIAV_IO_PAD                                 ;
;   0.000  ;   0.000  ;    ; RE   ; 1      ; IO_PAD_OUTPUT_X89_Y35_N60_I1              ; IO_PAD_OUTPUT                                 ;
;   0.000  ;   0.000  ;    ; RE   ; 1      ; IO_INPUT_BUFFER_INPUT_X89_Y35_N61_I0      ; IO_INPUT_BUFFER_INPUT                         ;
;   0.000  ;   0.000  ; RR ; IC   ; 1      ; IOIBUF_X89_Y35_N61                        ; clk~input|i                                   ;
;   0.739  ;   0.739  ; RR ; CELL ; 1      ; IOIBUF_X89_Y35_N61                        ; clk~input|o                                   ;
;   0.739  ;   0.000  ;    ; RE   ; 1      ; IOIBUF_X89_Y35_N61                        ; ARRIAV_IO_IBUF                                ;
;   0.739  ;   0.000  ;    ; RE   ; 1      ; IO_INPUT_BUFFER_OUTPUT_X89_Y35_N61_I2     ; IO_INPUT_BUFFER_OUTPUT                        ;
;   0.739  ;   0.000  ;    ; RE   ; 1      ; IO_RE_X89_Y35_N60_I96                     ; IO_RE                                         ;
;   0.833  ;   0.094  ;    ; RE   ; 1      ; IO_RE_X89_Y35_N60_I66                     ; IO_RE                                         ;
;   1.125  ;   0.292  ;    ; RE   ; 1      ; CLKBUF_CLUSTER_RE_X89_Y39_N3_I421         ; CLKBUF_CLUSTER_RE                             ;
;   1.125  ;   0.000  ;    ; RE   ; 1      ; CLKBUF_CLUSTER_RE_X89_Y39_N3_I772         ; CLKBUF_CLUSTER_RE                             ;
;   1.125  ;   0.000  ;    ; RE   ; 1      ; CLKBUF_CLUSTER_RE_X89_Y39_N3_I557         ; CLKBUF_CLUSTER_RE                             ;
;   1.125  ;   0.000  ;    ; RE   ; 1      ; GCLK_CLUSTER_RE_X89_Y39_N6_I10            ; GCLK_CLUSTER_RE                               ;
;   1.125  ;   0.000  ;    ; RE   ; 1      ; CLKBUFBLOCK_INPUT_X89_Y39_N7_I0           ; CLKBUFBLOCK_INPUT                             ;
;   1.125  ;   0.000  ; RR ; IC   ; 1      ; CLKCTRL_G9                                ; clk~inputCLKENA0|inclk                        ;
;   1.632  ;   0.507  ; RR ; CELL ; 1674   ; CLKCTRL_G9                                ; clk~inputCLKENA0|outclk                       ;
;   1.632  ;   0.000  ;    ; RE   ; 1      ; CLKCTRL_G9                                ; ARRIAV_CLKBUF                                 ;
;   1.632  ;   0.000  ;    ; RE   ; 1      ; CLKBUFBLOCK_OUTPUT_X89_Y39_N7_I2          ; CLKBUFBLOCK_OUTPUT                            ;
;   1.632  ;   0.000  ;    ; RE   ; 1      ; GCLK_CLUSTER_RE_X89_Y39_N6_I12            ; GCLK_CLUSTER_RE                               ;
;   1.632  ;   0.000  ;    ; RE   ; 1      ; CLKBUF_CLUSTER_RE_X89_Y39_N3_I416         ; CLKBUF_CLUSTER_RE                             ;
;   2.453  ;   0.821  ;    ; RE   ; 5      ; GLOBAL_CLOCK_X0_Y36_N0_I9                 ; GLOBAL_CLOCK                                  ;
;   2.595  ;   0.142  ;    ; RE   ; 16     ; SPINE_CLOCK_X55_Y19_N0_I22                ; SPINE_CLOCK                                   ;
;   2.998  ;   0.403  ;    ; RE   ; 1      ; SCLK_TO_ROWCLK_BUF_X55_Y24_N0_I133        ; SCLK_TO_ROWCLK_BUF                            ;
;   3.092  ;   0.094  ;    ; RE   ; 2      ; SCLK_TO_ROWCLK_BUF_X55_Y24_N0_I136        ; SCLK_TO_ROWCLK_BUF                            ;
;   3.572  ;   0.480  ;    ; RE   ; 9      ; LAB_CLK_X56_Y24_N0_I5                     ; LAB_CLK                                       ;
;   3.712  ;   0.140  ;    ; RE   ; 1      ; BLK_CLK_BUF_X59_Y24_N0_I5                 ; BLK_CLK_BUF                                   ;
;   3.768  ;   0.056  ;    ; RE   ; 1      ; ROWCLKSEL_PREBUF_X59_Y24_N0_I5            ; ROWCLKSEL_PREBUF                              ;
;   3.827  ;   0.059  ;    ; RE   ; 1      ; ROWCLKSEL_X59_Y24_N0_I0                   ; ROWCLKSEL                                     ;
;   3.827  ;   0.000  ;    ; RE   ; 1      ; GLOBAL_LOCAL_SEL_X59_Y24_N0_I0            ; GLOBAL_LOCAL_SEL                              ;
;   3.827  ;   0.000  ;    ; RE   ; 3      ; LAB_INPUT_X59_Y24_N0_I0                   ; LAB_INPUT                                     ;
;   3.828  ;   0.001  ; RR ; IC   ; 1      ; FF_X59_Y24_N26                            ; state_array[1][4][51]|clk                     ;
;   4.483  ;   0.655  ; RR ; CELL ; 1      ; FF_X59_Y24_N26                            ; state_array[1][4][51]                         ;
; 11.122   ; 6.639    ;    ;      ;        ;                                           ; data path                                     ;
;   4.483  ;   0.000  ;    ; uTco ; 1      ; FF_X59_Y24_N26                            ; state_array[1][4][51]                         ;
;   4.483  ;   0.000  ; FF ; CELL ; 4      ; FF_X59_Y24_N26                            ; state_array[1][4][51]|q                       ;
;   4.542  ;   0.059  ;    ; RE   ; 2      ; FF_X59_Y24_N26                            ; ARRIAV_FF                                     ;
;   4.643  ;   0.101  ;    ; RE   ; 1      ; LE_BUFFER_X59_Y24_N0_I17                  ; LE_BUFFER                                     ;
;   4.956  ;   0.313  ;    ; RE   ; 1      ; R6_X59_Y24_N0_I1                          ; H_SEG6                                        ;
;   5.285  ;   0.329  ;    ; RE   ; 1      ; C4_X64_Y25_N0_I2                          ; V_SEG4                                        ;
;   5.569  ;   0.284  ;    ; RE   ; 1      ; R3_X65_Y28_N0_I0                          ; H_SEG3                                        ;
;   5.810  ;   0.241  ;    ; RE   ; 2      ; R3_X68_Y28_N0_I0                          ; H_SEG3                                        ;
;   6.017  ;   0.207  ;    ; RE   ; 1      ; LOCAL_INTERCONNECT_X71_Y28_N0_I0          ; LAB_LINE                                      ;
;   6.146  ;   0.129  ;    ; RE   ; 1      ; BLOCK_INPUT_MUX_X71_Y28_N0_I57            ; LEIM_INPUT                                    ;
;   6.146  ;   0.000  ; FF ; IC   ; 1      ; LABCELL_X71_Y28_N42                       ; KSU|u_theta|C[1][51]|dataf                    ;
;   6.236  ;   0.090  ; FF ; CELL ; 2      ; LABCELL_X71_Y28_N42                       ; KSU|u_theta|C[1][51]|combout                  ;
;   6.236  ;   0.000  ;    ; RE   ; 1      ; LABCELL_X71_Y28_N42                       ; ARRIAV_LCELL_COMB                             ;
;   6.344  ;   0.108  ;    ; RE   ; 2      ; LE_BUFFER_X71_Y28_N0_I29                  ; LE_BUFFER                                     ;
;   6.565  ;   0.221  ;    ; RE   ; 1      ; C2_X70_Y26_N0_I15                         ; V_SEG2                                        ;
;   6.776  ;   0.211  ;    ; RE   ; 1      ; R3_X68_Y27_N0_I13                         ; H_SEG3                                        ;
;   6.952  ;   0.176  ;    ; RE   ; 1      ; LOCAL_INTERCONNECT_X70_Y27_N0_I45         ; LAB_LINE                                      ;
;   7.097  ;   0.145  ;    ; RE   ; 1      ; BLOCK_INPUT_MUX_X70_Y27_N0_I39            ; LEIM_INPUT                                    ;
;   7.097  ;   0.000  ; FF ; IC   ; 1      ; LABCELL_X70_Y27_N27                       ; KSU|u_theta|state_array_o[0][4][52]~0|dataf   ;
;   7.189  ;   0.092  ; FF ; CELL ; 5      ; LABCELL_X70_Y27_N27                       ; KSU|u_theta|state_array_o[0][4][52]~0|combout ;
;   7.189  ;   0.000  ;    ; RE   ; 2      ; LABCELL_X70_Y27_N27                       ; ARRIAV_LCELL_COMB                             ;
;   7.291  ;   0.102  ;    ; RE   ; 2      ; LE_BUFFER_X70_Y27_N0_I19                  ; LE_BUFFER                                     ;
;   7.565  ;   0.274  ;    ; RE   ; 1      ; R6_X64_Y27_N0_I38                         ; H_SEG6                                        ;
;   7.565  ;   0.000  ;    ; RE   ; 1      ; R14_C12_INTERCONNECT_DRIVER_X67_Y27_N0_I3 ; WIRE_MUX                                      ;
;   7.914  ;   0.349  ;    ; RE   ; 1      ; R14_X54_Y27_N0_I1                         ; H_SEG14                                       ;
;   8.213  ;   0.299  ;    ; RE   ; 1      ; R3_X51_Y27_N0_I22                         ; H_SEG3                                        ;
;   8.531  ;   0.318  ;    ; RE   ; 1      ; R6_X45_Y27_N0_I35                         ; H_SEG6                                        ;
;   8.766  ;   0.235  ;    ; RE   ; 1      ; LOCAL_INTERCONNECT_X47_Y27_N0_I10         ; LAB_LINE                                      ;
;   8.891  ;   0.125  ;    ; RE   ; 1      ; BLOCK_INPUT_MUX_X47_Y27_N0_I25            ; LEIM_INPUT                                    ;
;   8.890  ;   -0.001 ; FF ; IC   ; 1      ; MLABCELL_X47_Y27_N18                      ; KSU|u_theta|state_array_o[0][2][52]|dataf     ;
;   8.984  ;   0.094  ; FF ; CELL ; 3      ; MLABCELL_X47_Y27_N18                      ; KSU|u_theta|state_array_o[0][2][52]|combout   ;
;   8.984  ;   0.000  ;    ; RE   ; 2      ; MLABCELL_X47_Y27_N18                      ; ARRIAV_LCELL_COMB                             ;
;   9.058  ;   0.074  ;    ; RE   ; 1      ; LE_BUFFER_X47_Y27_N0_I12                  ; LE_BUFFER                                     ;
;   9.249  ;   0.191  ;    ; RE   ; 1      ; R3_X48_Y27_N0_I1                          ; H_SEG3                                        ;
;   9.484  ;   0.235  ;    ; RE   ; 1      ; C2_X49_Y25_N0_I11                         ; V_SEG2                                        ;
;   9.850  ;   0.366  ;    ; RE   ; 1      ; R6_X50_Y26_N0_I10                         ; H_SEG6                                        ;
;   10.151 ;   0.301  ;    ; RE   ; 1      ; LOCAL_INTERCONNECT_X56_Y26_N0_I33         ; LAB_LINE                                      ;
;   10.335 ;   0.184  ;    ; RE   ; 1      ; BLOCK_INPUT_MUX_X56_Y26_N0_I71            ; LEIM_INPUT                                    ;
;   10.336 ;   0.001  ; FF ; IC   ; 1      ; LABCELL_X56_Y26_N51                       ; KSU|u_chi|state_array_o[0][1][55]|dataf       ;
;   10.442 ;   0.106  ; FR ; CELL ; 1      ; LABCELL_X56_Y26_N51                       ; KSU|u_chi|state_array_o[0][1][55]|combout     ;
;   10.442 ;   0.000  ;    ; RE   ; 1      ; LABCELL_X56_Y26_N51                       ; ARRIAV_LCELL_COMB                             ;
;   10.554 ;   0.112  ;    ; RE   ; 1      ; LOCAL_LINE_X56_Y26_N0_I17                 ; LOCAL_LINE                                    ;
;   10.722 ;   0.168  ;    ; RE   ; 1      ; BLOCK_INPUT_MUX_X56_Y26_N0_I73            ; LEIM_INPUT                                    ;
;   10.722 ;   0.000  ; RR ; IC   ; 1      ; LABCELL_X56_Y26_N54                       ; state_array~1835|dataf                        ;
;   10.816 ;   0.094  ; RR ; CELL ; 1      ; LABCELL_X56_Y26_N54                       ; state_array~1835|combout                      ;
;   10.816 ;   0.000  ;    ; RE   ; 1      ; LABCELL_X56_Y26_N54                       ; ARRIAV_LCELL_COMB                             ;
;   10.816 ;   0.000  ; RR ; IC   ; 1      ; FF_X56_Y26_N56                            ; state_array[0][1][55]|d                       ;
;   11.122 ;   0.306  ; RR ; CELL ; 1      ; FF_X56_Y26_N56                            ; state_array[0][1][55]                         ;
+----------+----------+----+------+--------+-------------------------------------------+-----------------------------------------------+

+-------------------------------------------------------------------------------------------------------------+
; Data Required Path                                                                                          ;
+----------+---------+----+------+--------+---------------------------------------+---------------------------+
; Total    ; Incr    ; RF ; Type ; Fanout ; Location                              ; Element                   ;
+----------+---------+----+------+--------+---------------------------------------+---------------------------+
; 7.407    ; 7.407   ;    ;      ;        ;                                       ; latch edge time           ;
; 11.738   ; 4.331   ;    ;      ;        ;                                       ; clock path                ;
;   7.407  ;   0.000 ;    ;      ;        ;                                       ; source latency            ;
;   7.407  ;   0.000 ;    ;      ; 1      ; PIN_M16                               ; clk                       ;
;   7.407  ;   0.000 ;    ; RE   ; 1      ; IOPAD_X89_Y35_N60                     ; ARRIAV_IO_PAD             ;
;   7.407  ;   0.000 ;    ; RE   ; 1      ; IO_PAD_OUTPUT_X89_Y35_N60_I1          ; IO_PAD_OUTPUT             ;
;   7.407  ;   0.000 ;    ; RE   ; 1      ; IO_INPUT_BUFFER_INPUT_X89_Y35_N61_I0  ; IO_INPUT_BUFFER_INPUT     ;
;   7.407  ;   0.000 ; RR ; IC   ; 1      ; IOIBUF_X89_Y35_N61                    ; clk~input|i               ;
;   8.146  ;   0.739 ; RR ; CELL ; 1      ; IOIBUF_X89_Y35_N61                    ; clk~input|o               ;
;   8.146  ;   0.000 ;    ; RE   ; 1      ; IOIBUF_X89_Y35_N61                    ; ARRIAV_IO_IBUF            ;
;   8.146  ;   0.000 ;    ; RE   ; 1      ; IO_INPUT_BUFFER_OUTPUT_X89_Y35_N61_I2 ; IO_INPUT_BUFFER_OUTPUT    ;
;   8.146  ;   0.000 ;    ; RE   ; 1      ; IO_RE_X89_Y35_N60_I96                 ; IO_RE                     ;
;   8.234  ;   0.088 ;    ; RE   ; 1      ; IO_RE_X89_Y35_N60_I66                 ; IO_RE                     ;
;   8.509  ;   0.275 ;    ; RE   ; 1      ; CLKBUF_CLUSTER_RE_X89_Y39_N3_I421     ; CLKBUF_CLUSTER_RE         ;
;   8.509  ;   0.000 ;    ; RE   ; 1      ; CLKBUF_CLUSTER_RE_X89_Y39_N3_I772     ; CLKBUF_CLUSTER_RE         ;
;   8.509  ;   0.000 ;    ; RE   ; 1      ; CLKBUF_CLUSTER_RE_X89_Y39_N3_I557     ; CLKBUF_CLUSTER_RE         ;
;   8.509  ;   0.000 ;    ; RE   ; 1      ; GCLK_CLUSTER_RE_X89_Y39_N6_I10        ; GCLK_CLUSTER_RE           ;
;   8.509  ;   0.000 ;    ; RE   ; 1      ; CLKBUFBLOCK_INPUT_X89_Y39_N7_I0       ; CLKBUFBLOCK_INPUT         ;
;   8.509  ;   0.000 ; RR ; IC   ; 1      ; CLKCTRL_G9                            ; clk~inputCLKENA0|inclk    ;
;   8.979  ;   0.470 ; RR ; CELL ; 1674   ; CLKCTRL_G9                            ; clk~inputCLKENA0|outclk   ;
;   8.979  ;   0.000 ;    ; RE   ; 1      ; CLKCTRL_G9                            ; ARRIAV_CLKBUF             ;
;   8.979  ;   0.000 ;    ; RE   ; 1      ; CLKBUFBLOCK_OUTPUT_X89_Y39_N7_I2      ; CLKBUFBLOCK_OUTPUT        ;
;   8.979  ;   0.000 ;    ; RE   ; 1      ; GCLK_CLUSTER_RE_X89_Y39_N6_I12        ; GCLK_CLUSTER_RE           ;
;   8.979  ;   0.000 ;    ; RE   ; 1      ; CLKBUF_CLUSTER_RE_X89_Y39_N3_I416     ; CLKBUF_CLUSTER_RE         ;
;   9.755  ;   0.776 ;    ; RE   ; 5      ; GLOBAL_CLOCK_X0_Y36_N0_I9             ; GLOBAL_CLOCK              ;
;   9.890  ;   0.135 ;    ; RE   ; 16     ; SPINE_CLOCK_X55_Y19_N0_I22            ; SPINE_CLOCK               ;
;   10.279 ;   0.389 ;    ; RE   ; 1      ; SCLK_TO_ROWCLK_BUF_X55_Y26_N0_I133    ; SCLK_TO_ROWCLK_BUF        ;
;   10.370 ;   0.091 ;    ; RE   ; 2      ; SCLK_TO_ROWCLK_BUF_X55_Y26_N0_I136    ; SCLK_TO_ROWCLK_BUF        ;
;   10.830 ;   0.460 ;    ; RE   ; 10     ; LAB_CLK_X56_Y26_N0_I5                 ; LAB_CLK                   ;
;   10.959 ;   0.129 ;    ; RE   ; 1      ; BLK_CLK_BUF_X56_Y26_N0_I5             ; BLK_CLK_BUF               ;
;   11.013 ;   0.054 ;    ; RE   ; 1      ; ROWCLKSEL_PREBUF_X56_Y26_N0_I5        ; ROWCLKSEL_PREBUF          ;
;   11.067 ;   0.054 ;    ; RE   ; 1      ; ROWCLKSEL_X56_Y26_N0_I0               ; ROWCLKSEL                 ;
;   11.067 ;   0.000 ;    ; RE   ; 1      ; GLOBAL_LOCAL_SEL_X56_Y26_N0_I0        ; GLOBAL_LOCAL_SEL          ;
;   11.067 ;   0.000 ;    ; RE   ; 4      ; LAB_INPUT_X56_Y26_N0_I0               ; LAB_INPUT                 ;
;   11.069 ;   0.002 ; RR ; IC   ; 1      ; FF_X56_Y26_N56                        ; state_array[0][1][55]|clk ;
;   11.633 ;   0.564 ; RR ; CELL ; 1      ; FF_X56_Y26_N56                        ; state_array[0][1][55]     ;
;   11.738 ;   0.105 ;    ;      ;        ;                                       ; clock pessimism removed   ;
; 11.638   ; -0.100  ;    ;      ;        ;                                       ; clock uncertainty         ;
; 11.638   ; 0.000   ;    ; uTsu ; 1      ; FF_X56_Y26_N56                        ; state_array[0][1][55]     ;
+----------+---------+----+------+--------+---------------------------------------+---------------------------+

----------------------------
; Extra Fitter Information ;
----------------------------
HTML report is unavailable in plain text report export.


Path #17: Setup slack is 0.525 
===============================================================================
+--------------------------------------------+
; Path Summary                               ;
+--------------------+-----------------------+
; Property           ; Value                 ;
+--------------------+-----------------------+
; From Node          ; state_array[1][1][29] ;
; To Node            ; state_array[4][3][2]  ;
; Launch Clock       ; clk                   ;
; Latch Clock        ; clk                   ;
; Data Arrival Time  ; 11.145                ;
; Data Required Time ; 11.670                ;
; Slack              ; 0.525                 ;
+--------------------+-----------------------+

+------------------------------------------------------------------------------------+
; Statistics                                                                         ;
+------------------------+--------+-------+-------------+------------+-------+-------+
; Property               ; Value  ; Count ; Total Delay ; % of Total ; Min   ; Max   ;
+------------------------+--------+-------+-------------+------------+-------+-------+
; Setup Relationship     ; 7.407  ;       ;             ;            ;       ;       ;
; Clock Skew             ; -0.118 ;       ;             ;            ;       ;       ;
; Data Delay             ; 6.664  ;       ;             ;            ;       ;       ;
; Number of Logic Levels ;        ; 5     ;             ;            ;       ;       ;
; Physical Delays        ;        ;       ;             ;            ;       ;       ;
;  Arrival Path          ;        ;       ;             ;            ;       ;       ;
;   Clock                ;        ;       ;             ;            ;       ;       ;
;    IC                  ;        ; 3     ; 0.001       ; 0          ; 0.000 ; 0.001 ;
;    Cell                ;        ; 3     ; 1.901       ; 42         ; 0.507 ; 0.739 ;
;    Routing Element     ;        ; 26    ; 2.579       ; 58         ; 0.000 ; 0.821 ;
;   Data                 ;        ;       ;             ;            ;       ;       ;
;    IC                  ;        ; 6     ; 0.001       ; 0          ; 0.000 ; 0.001 ;
;    Cell                ;        ; 7     ; 0.789       ; 12         ; 0.000 ; 0.307 ;
;    uTco                ;        ; 1     ; 0.000       ; 0          ; 0.000 ; 0.000 ;
;    Routing Element     ;        ; 31    ; 5.874       ; 88         ; 0.000 ; 0.463 ;
;  Required Path         ;        ;       ;             ;            ;       ;       ;
;   Clock                ;        ;       ;             ;            ;       ;       ;
;    IC                  ;        ; 3     ; 0.000       ; 0          ; 0.000 ; 0.000 ;
;    Cell                ;        ; 3     ; 1.773       ; 41         ; 0.470 ; 0.739 ;
;    Routing Element     ;        ; 26    ; 2.530       ; 59         ; 0.000 ; 0.792 ;
+------------------------+--------+-------+-------------+------------+-------+-------+
Note: Negative delays are omitted from totals when calculating percentages

+---------------------------------------------------------------------------------------------------------------------------------+
; Data Arrival Path                                                                                                               ;
+----------+---------+----+------+--------+---------------------------------------+-----------------------------------------------+
; Total    ; Incr    ; RF ; Type ; Fanout ; Location                              ; Element                                       ;
+----------+---------+----+------+--------+---------------------------------------+-----------------------------------------------+
; 0.000    ; 0.000   ;    ;      ;        ;                                       ; launch edge time                              ;
; 4.481    ; 4.481   ;    ;      ;        ;                                       ; clock path                                    ;
;   0.000  ;   0.000 ;    ;      ;        ;                                       ; source latency                                ;
;   0.000  ;   0.000 ;    ;      ; 1      ; PIN_M16                               ; clk                                           ;
;   0.000  ;   0.000 ;    ; RE   ; 1      ; IOPAD_X89_Y35_N60                     ; ARRIAV_IO_PAD                                 ;
;   0.000  ;   0.000 ;    ; RE   ; 1      ; IO_PAD_OUTPUT_X89_Y35_N60_I1          ; IO_PAD_OUTPUT                                 ;
;   0.000  ;   0.000 ;    ; RE   ; 1      ; IO_INPUT_BUFFER_INPUT_X89_Y35_N61_I0  ; IO_INPUT_BUFFER_INPUT                         ;
;   0.000  ;   0.000 ; RR ; IC   ; 1      ; IOIBUF_X89_Y35_N61                    ; clk~input|i                                   ;
;   0.739  ;   0.739 ; RR ; CELL ; 1      ; IOIBUF_X89_Y35_N61                    ; clk~input|o                                   ;
;   0.739  ;   0.000 ;    ; RE   ; 1      ; IOIBUF_X89_Y35_N61                    ; ARRIAV_IO_IBUF                                ;
;   0.739  ;   0.000 ;    ; RE   ; 1      ; IO_INPUT_BUFFER_OUTPUT_X89_Y35_N61_I2 ; IO_INPUT_BUFFER_OUTPUT                        ;
;   0.739  ;   0.000 ;    ; RE   ; 1      ; IO_RE_X89_Y35_N60_I96                 ; IO_RE                                         ;
;   0.833  ;   0.094 ;    ; RE   ; 1      ; IO_RE_X89_Y35_N60_I66                 ; IO_RE                                         ;
;   1.125  ;   0.292 ;    ; RE   ; 1      ; CLKBUF_CLUSTER_RE_X89_Y39_N3_I421     ; CLKBUF_CLUSTER_RE                             ;
;   1.125  ;   0.000 ;    ; RE   ; 1      ; CLKBUF_CLUSTER_RE_X89_Y39_N3_I772     ; CLKBUF_CLUSTER_RE                             ;
;   1.125  ;   0.000 ;    ; RE   ; 1      ; CLKBUF_CLUSTER_RE_X89_Y39_N3_I557     ; CLKBUF_CLUSTER_RE                             ;
;   1.125  ;   0.000 ;    ; RE   ; 1      ; GCLK_CLUSTER_RE_X89_Y39_N6_I10        ; GCLK_CLUSTER_RE                               ;
;   1.125  ;   0.000 ;    ; RE   ; 1      ; CLKBUFBLOCK_INPUT_X89_Y39_N7_I0       ; CLKBUFBLOCK_INPUT                             ;
;   1.125  ;   0.000 ; RR ; IC   ; 1      ; CLKCTRL_G9                            ; clk~inputCLKENA0|inclk                        ;
;   1.632  ;   0.507 ; RR ; CELL ; 1674   ; CLKCTRL_G9                            ; clk~inputCLKENA0|outclk                       ;
;   1.632  ;   0.000 ;    ; RE   ; 1      ; CLKCTRL_G9                            ; ARRIAV_CLKBUF                                 ;
;   1.632  ;   0.000 ;    ; RE   ; 1      ; CLKBUFBLOCK_OUTPUT_X89_Y39_N7_I2      ; CLKBUFBLOCK_OUTPUT                            ;
;   1.632  ;   0.000 ;    ; RE   ; 1      ; GCLK_CLUSTER_RE_X89_Y39_N6_I12        ; GCLK_CLUSTER_RE                               ;
;   1.632  ;   0.000 ;    ; RE   ; 1      ; CLKBUF_CLUSTER_RE_X89_Y39_N3_I416     ; CLKBUF_CLUSTER_RE                             ;
;   2.453  ;   0.821 ;    ; RE   ; 5      ; GLOBAL_CLOCK_X0_Y36_N0_I9             ; GLOBAL_CLOCK                                  ;
;   2.596  ;   0.143 ;    ; RE   ; 16     ; SPINE_CLOCK_X55_Y19_N0_I22            ; SPINE_CLOCK                                   ;
;   2.999  ;   0.403 ;    ; RE   ; 1      ; SCLK_TO_ROWCLK_BUF_X55_Y34_N0_I133    ; SCLK_TO_ROWCLK_BUF                            ;
;   3.093  ;   0.094 ;    ; RE   ; 2      ; SCLK_TO_ROWCLK_BUF_X55_Y34_N0_I136    ; SCLK_TO_ROWCLK_BUF                            ;
;   3.570  ;   0.477 ;    ; RE   ; 10     ; LAB_CLK_X56_Y34_N0_I5                 ; LAB_CLK                                       ;
;   3.710  ;   0.140 ;    ; RE   ; 1      ; BLK_CLK_BUF_X57_Y34_N0_I5             ; BLK_CLK_BUF                                   ;
;   3.766  ;   0.056 ;    ; RE   ; 1      ; ROWCLKSEL_PREBUF_X57_Y34_N0_I5        ; ROWCLKSEL_PREBUF                              ;
;   3.825  ;   0.059 ;    ; RE   ; 1      ; ROWCLKSEL_X57_Y34_N0_I0               ; ROWCLKSEL                                     ;
;   3.825  ;   0.000 ;    ; RE   ; 1      ; GLOBAL_LOCAL_SEL_X57_Y34_N0_I0        ; GLOBAL_LOCAL_SEL                              ;
;   3.825  ;   0.000 ;    ; RE   ; 6      ; LAB_INPUT_X57_Y34_N0_I0               ; LAB_INPUT                                     ;
;   3.826  ;   0.001 ; RR ; IC   ; 1      ; FF_X57_Y34_N2                         ; state_array[1][1][29]|clk                     ;
;   4.481  ;   0.655 ; RR ; CELL ; 1      ; FF_X57_Y34_N2                         ; state_array[1][1][29]                         ;
; 11.145   ; 6.664   ;    ;      ;        ;                                       ; data path                                     ;
;   4.481  ;   0.000 ;    ; uTco ; 1      ; FF_X57_Y34_N2                         ; state_array[1][1][29]                         ;
;   4.481  ;   0.000 ; FF ; CELL ; 6      ; FF_X57_Y34_N2                         ; state_array[1][1][29]|q                       ;
;   4.540  ;   0.059 ;    ; RE   ; 2      ; FF_X57_Y34_N2                         ; ARRIAV_FF                                     ;
;   4.625  ;   0.085 ;    ; RE   ; 1      ; LE_BUFFER_X57_Y34_N0_I1               ; LE_BUFFER                                     ;
;   4.836  ;   0.211 ;    ; RE   ; 1      ; C2_X56_Y32_N0_I18                     ; V_SEG2                                        ;
;   5.120  ;   0.284 ;    ; RE   ; 3      ; C2_X56_Y31_N0_I21                     ; V_SEG2                                        ;
;   5.503  ;   0.383 ;    ; RE   ; 1      ; R6_X57_Y31_N0_I15                     ; H_SEG6                                        ;
;   5.773  ;   0.270 ;    ; RE   ; 1      ; LOCAL_INTERCONNECT_X60_Y31_N0_I28     ; LAB_LINE                                      ;
;   5.912  ;   0.139 ;    ; RE   ; 1      ; BLOCK_INPUT_MUX_X60_Y31_N0_I31        ; LEIM_INPUT                                    ;
;   5.912  ;   0.000 ; FF ; IC   ; 1      ; LABCELL_X60_Y31_N21                   ; KSU|u_theta|C[1][29]|dataf                    ;
;   6.002  ;   0.090 ; FF ; CELL ; 2      ; LABCELL_X60_Y31_N21                   ; KSU|u_theta|C[1][29]|combout                  ;
;   6.002  ;   0.000 ;    ; RE   ; 2      ; LABCELL_X60_Y31_N21                   ; ARRIAV_LCELL_COMB                             ;
;   6.110  ;   0.108 ;    ; RE   ; 1      ; LE_BUFFER_X60_Y31_N0_I14              ; LE_BUFFER                                     ;
;   6.386  ;   0.276 ;    ; RE   ; 1      ; C2_X60_Y29_N0_I12                     ; V_SEG2                                        ;
;   6.719  ;   0.333 ;    ; RE   ; 1      ; R6_X61_Y29_N0_I3                      ; H_SEG6                                        ;
;   6.939  ;   0.220 ;    ; RE   ; 1      ; LOCAL_INTERCONNECT_X66_Y29_N0_I6      ; LAB_LINE                                      ;
;   7.062  ;   0.123 ;    ; RE   ; 1      ; BLOCK_INPUT_MUX_X66_Y29_N0_I49        ; LEIM_INPUT                                    ;
;   7.062  ;   0.000 ; FF ; IC   ; 1      ; LABCELL_X66_Y29_N36                   ; KSU|u_theta|state_array_o[0][4][30]~0|dataf   ;
;   7.159  ;   0.097 ; FF ; CELL ; 6      ; LABCELL_X66_Y29_N36                   ; KSU|u_theta|state_array_o[0][4][30]~0|combout ;
;   7.159  ;   0.000 ;    ; RE   ; 3      ; LABCELL_X66_Y29_N36                   ; ARRIAV_LCELL_COMB                             ;
;   7.252  ;   0.093 ;    ; RE   ; 1      ; LE_BUFFER_X66_Y29_N0_I25              ; LE_BUFFER                                     ;
;   7.464  ;   0.212 ;    ; RE   ; 1      ; C2_X65_Y30_N0_I1                      ; V_SEG2                                        ;
;   7.776  ;   0.312 ;    ; RE   ; 1      ; R6_X60_Y30_N0_I38                     ; H_SEG6                                        ;
;   8.180  ;   0.404 ;    ; RE   ; 1      ; R6_X55_Y30_N0_I36                     ; H_SEG6                                        ;
;   8.491  ;   0.311 ;    ; RE   ; 1      ; LOCAL_INTERCONNECT_X57_Y30_N0_I11     ; LAB_LINE                                      ;
;   8.634  ;   0.143 ;    ; RE   ; 1      ; BLOCK_INPUT_MUX_X57_Y30_N0_I15        ; LEIM_INPUT                                    ;
;   8.634  ;   0.000 ; FF ; IC   ; 1      ; LABCELL_X57_Y30_N9                    ; KSU|u_theta|state_array_o[0][1][30]|dataf     ;
;   8.740  ;   0.106 ; FR ; CELL ; 3      ; LABCELL_X57_Y30_N9                    ; KSU|u_theta|state_array_o[0][1][30]|combout   ;
;   8.740  ;   0.000 ;    ; RE   ; 1      ; LABCELL_X57_Y30_N9                    ; ARRIAV_LCELL_COMB                             ;
;   8.875  ;   0.135 ;    ; RE   ; 3      ; LOCAL_LINE_X57_Y30_N0_I3              ; LOCAL_LINE                                    ;
;   9.049  ;   0.174 ;    ; RE   ; 1      ; BLOCK_INPUT_MUX_X57_Y30_N0_I17        ; LEIM_INPUT                                    ;
;   9.049  ;   0.000 ; RR ; IC   ; 1      ; LABCELL_X57_Y30_N12                   ; state_array~86|dataf                          ;
;   9.152  ;   0.103 ; RF ; CELL ; 1      ; LABCELL_X57_Y30_N12                   ; state_array~86|combout                        ;
;   9.152  ;   0.000 ;    ; RE   ; 1      ; LABCELL_X57_Y30_N12                   ; ARRIAV_LCELL_COMB                             ;
;   9.227  ;   0.075 ;    ; RE   ; 1      ; LE_BUFFER_X57_Y30_N0_I8               ; LE_BUFFER                                     ;
;   9.528  ;   0.301 ;    ; RE   ; 1      ; C4_X57_Y31_N0_I2                      ; V_SEG4                                        ;
;   9.991  ;   0.463 ;    ; RE   ; 1      ; C4_X57_Y35_N0_I2                      ; V_SEG4                                        ;
;   10.381 ;   0.390 ;    ; RE   ; 1      ; R3_X58_Y37_N0_I5                      ; H_SEG3                                        ;
;   10.622 ;   0.241 ;    ; RE   ; 1      ; LOCAL_INTERCONNECT_X59_Y37_N0_I10     ; LAB_LINE                                      ;
;   10.751 ;   0.129 ;    ; RE   ; 1      ; BLOCK_INPUT_MUX_X59_Y37_N0_I1         ; LEIM_INPUT                                    ;
;   10.752 ;   0.001 ; FF ; IC   ; 1      ; MLABCELL_X59_Y37_N0                   ; state_array~87|dataf                          ;
;   10.838 ;   0.086 ; FF ; CELL ; 1      ; MLABCELL_X59_Y37_N0                   ; state_array~87|combout                        ;
;   10.838 ;   0.000 ;    ; RE   ; 1      ; MLABCELL_X59_Y37_N0                   ; ARRIAV_LCELL_COMB                             ;
;   10.838 ;   0.000 ; FF ; IC   ; 1      ; FF_X59_Y37_N2                         ; state_array[4][3][2]|d                        ;
;   11.145 ;   0.307 ; FF ; CELL ; 1      ; FF_X59_Y37_N2                         ; state_array[4][3][2]                          ;
+----------+---------+----+------+--------+---------------------------------------+-----------------------------------------------+

+------------------------------------------------------------------------------------------------------------+
; Data Required Path                                                                                         ;
+----------+---------+----+------+--------+---------------------------------------+--------------------------+
; Total    ; Incr    ; RF ; Type ; Fanout ; Location                              ; Element                  ;
+----------+---------+----+------+--------+---------------------------------------+--------------------------+
; 7.407    ; 7.407   ;    ;      ;        ;                                       ; latch edge time          ;
; 11.770   ; 4.363   ;    ;      ;        ;                                       ; clock path               ;
;   7.407  ;   0.000 ;    ;      ;        ;                                       ; source latency           ;
;   7.407  ;   0.000 ;    ;      ; 1      ; PIN_M16                               ; clk                      ;
;   7.407  ;   0.000 ;    ; RE   ; 1      ; IOPAD_X89_Y35_N60                     ; ARRIAV_IO_PAD            ;
;   7.407  ;   0.000 ;    ; RE   ; 1      ; IO_PAD_OUTPUT_X89_Y35_N60_I1          ; IO_PAD_OUTPUT            ;
;   7.407  ;   0.000 ;    ; RE   ; 1      ; IO_INPUT_BUFFER_INPUT_X89_Y35_N61_I0  ; IO_INPUT_BUFFER_INPUT    ;
;   7.407  ;   0.000 ; RR ; IC   ; 1      ; IOIBUF_X89_Y35_N61                    ; clk~input|i              ;
;   8.146  ;   0.739 ; RR ; CELL ; 1      ; IOIBUF_X89_Y35_N61                    ; clk~input|o              ;
;   8.146  ;   0.000 ;    ; RE   ; 1      ; IOIBUF_X89_Y35_N61                    ; ARRIAV_IO_IBUF           ;
;   8.146  ;   0.000 ;    ; RE   ; 1      ; IO_INPUT_BUFFER_OUTPUT_X89_Y35_N61_I2 ; IO_INPUT_BUFFER_OUTPUT   ;
;   8.146  ;   0.000 ;    ; RE   ; 1      ; IO_RE_X89_Y35_N60_I96                 ; IO_RE                    ;
;   8.234  ;   0.088 ;    ; RE   ; 1      ; IO_RE_X89_Y35_N60_I66                 ; IO_RE                    ;
;   8.509  ;   0.275 ;    ; RE   ; 1      ; CLKBUF_CLUSTER_RE_X89_Y39_N3_I421     ; CLKBUF_CLUSTER_RE        ;
;   8.509  ;   0.000 ;    ; RE   ; 1      ; CLKBUF_CLUSTER_RE_X89_Y39_N3_I772     ; CLKBUF_CLUSTER_RE        ;
;   8.509  ;   0.000 ;    ; RE   ; 1      ; CLKBUF_CLUSTER_RE_X89_Y39_N3_I557     ; CLKBUF_CLUSTER_RE        ;
;   8.509  ;   0.000 ;    ; RE   ; 1      ; GCLK_CLUSTER_RE_X89_Y39_N6_I10        ; GCLK_CLUSTER_RE          ;
;   8.509  ;   0.000 ;    ; RE   ; 1      ; CLKBUFBLOCK_INPUT_X89_Y39_N7_I0       ; CLKBUFBLOCK_INPUT        ;
;   8.509  ;   0.000 ; RR ; IC   ; 1      ; CLKCTRL_G9                            ; clk~inputCLKENA0|inclk   ;
;   8.979  ;   0.470 ; RR ; CELL ; 1674   ; CLKCTRL_G9                            ; clk~inputCLKENA0|outclk  ;
;   8.979  ;   0.000 ;    ; RE   ; 1      ; CLKCTRL_G9                            ; ARRIAV_CLKBUF            ;
;   8.979  ;   0.000 ;    ; RE   ; 1      ; CLKBUFBLOCK_OUTPUT_X89_Y39_N7_I2      ; CLKBUFBLOCK_OUTPUT       ;
;   8.979  ;   0.000 ;    ; RE   ; 1      ; GCLK_CLUSTER_RE_X89_Y39_N6_I12        ; GCLK_CLUSTER_RE          ;
;   8.979  ;   0.000 ;    ; RE   ; 1      ; CLKBUF_CLUSTER_RE_X89_Y39_N3_I416     ; CLKBUF_CLUSTER_RE        ;
;   9.771  ;   0.792 ;    ; RE   ; 5      ; GLOBAL_CLOCK_X0_Y36_N0_I9             ; GLOBAL_CLOCK             ;
;   9.932  ;   0.161 ;    ; RE   ; 3      ; SPINE_CLOCK_X55_Y37_N0_I22            ; SPINE_CLOCK              ;
;   10.352 ;   0.420 ;    ; RE   ; 1      ; SCLK_TO_ROWCLK_BUF_X55_Y37_N0_I132    ; SCLK_TO_ROWCLK_BUF       ;
;   10.443 ;   0.091 ;    ; RE   ; 2      ; SCLK_TO_ROWCLK_BUF_X55_Y37_N0_I135    ; SCLK_TO_ROWCLK_BUF       ;
;   10.908 ;   0.465 ;    ; RE   ; 10     ; LAB_CLK_X56_Y37_N0_I2                 ; LAB_CLK                  ;
;   11.037 ;   0.129 ;    ; RE   ; 1      ; BLK_CLK_BUF_X59_Y37_N0_I2             ; BLK_CLK_BUF              ;
;   11.092 ;   0.055 ;    ; RE   ; 1      ; ROWCLKSEL_PREBUF_X59_Y37_N0_I2        ; ROWCLKSEL_PREBUF         ;
;   11.146 ;   0.054 ;    ; RE   ; 1      ; ROWCLKSEL_X59_Y37_N0_I0               ; ROWCLKSEL                ;
;   11.146 ;   0.000 ;    ; RE   ; 1      ; GLOBAL_LOCAL_SEL_X59_Y37_N0_I0        ; GLOBAL_LOCAL_SEL         ;
;   11.146 ;   0.000 ;    ; RE   ; 7      ; LAB_INPUT_X59_Y37_N0_I0               ; LAB_INPUT                ;
;   11.146 ;   0.000 ; RR ; IC   ; 1      ; FF_X59_Y37_N2                         ; state_array[4][3][2]|clk ;
;   11.710 ;   0.564 ; RR ; CELL ; 1      ; FF_X59_Y37_N2                         ; state_array[4][3][2]     ;
;   11.770 ;   0.060 ;    ;      ;        ;                                       ; clock pessimism removed  ;
; 11.670   ; -0.100  ;    ;      ;        ;                                       ; clock uncertainty        ;
; 11.670   ; 0.000   ;    ; uTsu ; 1      ; FF_X59_Y37_N2                         ; state_array[4][3][2]     ;
+----------+---------+----+------+--------+---------------------------------------+--------------------------+

----------------------------
; Extra Fitter Information ;
----------------------------
HTML report is unavailable in plain text report export.


Path #18: Setup slack is 0.529 
===============================================================================
+--------------------------------------------+
; Path Summary                               ;
+--------------------+-----------------------+
; Property           ; Value                 ;
+--------------------+-----------------------+
; From Node          ; state_array[3][3][24] ;
; To Node            ; state_array[4][0][38] ;
; Launch Clock       ; clk                   ;
; Latch Clock        ; clk                   ;
; Data Arrival Time  ; 11.067                ;
; Data Required Time ; 11.596                ;
; Slack              ; 0.529                 ;
+--------------------+-----------------------+

+-------------------------------------------------------------------------------------+
; Statistics                                                                          ;
+------------------------+--------+-------+-------------+------------+--------+-------+
; Property               ; Value  ; Count ; Total Delay ; % of Total ; Min    ; Max   ;
+------------------------+--------+-------+-------------+------------+--------+-------+
; Setup Relationship     ; 7.407  ;       ;             ;            ;        ;       ;
; Clock Skew             ; -0.170 ;       ;             ;            ;        ;       ;
; Data Delay             ; 6.608  ;       ;             ;            ;        ;       ;
; Number of Logic Levels ;        ; 4     ;             ;            ;        ;       ;
; Physical Delays        ;        ;       ;             ;            ;        ;       ;
;  Arrival Path          ;        ;       ;             ;            ;        ;       ;
;   Clock                ;        ;       ;             ;            ;        ;       ;
;    IC                  ;        ; 3     ; 0.000       ; 0          ; 0.000  ; 0.000 ;
;    Cell                ;        ; 3     ; 1.901       ; 43         ; 0.507  ; 0.739 ;
;    Routing Element     ;        ; 26    ; 2.558       ; 57         ; 0.000  ; 0.826 ;
;   Data                 ;        ;       ;             ;            ;        ;       ;
;    IC                  ;        ; 5     ; -0.002      ; 0          ; -0.001 ; 0.000 ;
;    Cell                ;        ; 6     ; 2.239       ; 34         ; 0.000  ; 0.674 ;
;    uTco                ;        ; 1     ; 0.000       ; 0          ; 0.000  ; 0.000 ;
;    Routing Element     ;        ; 28    ; 4.371       ; 66         ; 0.000  ; 0.405 ;
;  Required Path         ;        ;       ;             ;            ;        ;       ;
;   Clock                ;        ;       ;             ;            ;        ;       ;
;    IC                  ;        ; 3     ; 0.001       ; 0          ; 0.000  ; 0.001 ;
;    Cell                ;        ; 3     ; 1.780       ; 42         ; 0.470  ; 0.739 ;
;    Routing Element     ;        ; 26    ; 2.448       ; 58         ; 0.000  ; 0.776 ;
+------------------------+--------+-------+-------------+------------+--------+-------+
Note: Negative delays are omitted from totals when calculating percentages

+--------------------------------------------------------------------------------------------------------------------------------------+
; Data Arrival Path                                                                                                                    ;
+----------+----------+----+------+--------+-------------------------------------------+-----------------------------------------------+
; Total    ; Incr     ; RF ; Type ; Fanout ; Location                                  ; Element                                       ;
+----------+----------+----+------+--------+-------------------------------------------+-----------------------------------------------+
; 0.000    ; 0.000    ;    ;      ;        ;                                           ; launch edge time                              ;
; 4.459    ; 4.459    ;    ;      ;        ;                                           ; clock path                                    ;
;   0.000  ;   0.000  ;    ;      ;        ;                                           ; source latency                                ;
;   0.000  ;   0.000  ;    ;      ; 1      ; PIN_M16                                   ; clk                                           ;
;   0.000  ;   0.000  ;    ; RE   ; 1      ; IOPAD_X89_Y35_N60                         ; ARRIAV_IO_PAD                                 ;
;   0.000  ;   0.000  ;    ; RE   ; 1      ; IO_PAD_OUTPUT_X89_Y35_N60_I1              ; IO_PAD_OUTPUT                                 ;
;   0.000  ;   0.000  ;    ; RE   ; 1      ; IO_INPUT_BUFFER_INPUT_X89_Y35_N61_I0      ; IO_INPUT_BUFFER_INPUT                         ;
;   0.000  ;   0.000  ; RR ; IC   ; 1      ; IOIBUF_X89_Y35_N61                        ; clk~input|i                                   ;
;   0.739  ;   0.739  ; RR ; CELL ; 1      ; IOIBUF_X89_Y35_N61                        ; clk~input|o                                   ;
;   0.739  ;   0.000  ;    ; RE   ; 1      ; IOIBUF_X89_Y35_N61                        ; ARRIAV_IO_IBUF                                ;
;   0.739  ;   0.000  ;    ; RE   ; 1      ; IO_INPUT_BUFFER_OUTPUT_X89_Y35_N61_I2     ; IO_INPUT_BUFFER_OUTPUT                        ;
;   0.739  ;   0.000  ;    ; RE   ; 1      ; IO_RE_X89_Y35_N60_I96                     ; IO_RE                                         ;
;   0.833  ;   0.094  ;    ; RE   ; 1      ; IO_RE_X89_Y35_N60_I66                     ; IO_RE                                         ;
;   1.125  ;   0.292  ;    ; RE   ; 1      ; CLKBUF_CLUSTER_RE_X89_Y39_N3_I421         ; CLKBUF_CLUSTER_RE                             ;
;   1.125  ;   0.000  ;    ; RE   ; 1      ; CLKBUF_CLUSTER_RE_X89_Y39_N3_I772         ; CLKBUF_CLUSTER_RE                             ;
;   1.125  ;   0.000  ;    ; RE   ; 1      ; CLKBUF_CLUSTER_RE_X89_Y39_N3_I557         ; CLKBUF_CLUSTER_RE                             ;
;   1.125  ;   0.000  ;    ; RE   ; 1      ; GCLK_CLUSTER_RE_X89_Y39_N6_I10            ; GCLK_CLUSTER_RE                               ;
;   1.125  ;   0.000  ;    ; RE   ; 1      ; CLKBUFBLOCK_INPUT_X89_Y39_N7_I0           ; CLKBUFBLOCK_INPUT                             ;
;   1.125  ;   0.000  ; RR ; IC   ; 1      ; CLKCTRL_G9                                ; clk~inputCLKENA0|inclk                        ;
;   1.632  ;   0.507  ; RR ; CELL ; 1674   ; CLKCTRL_G9                                ; clk~inputCLKENA0|outclk                       ;
;   1.632  ;   0.000  ;    ; RE   ; 1      ; CLKCTRL_G9                                ; ARRIAV_CLKBUF                                 ;
;   1.632  ;   0.000  ;    ; RE   ; 1      ; CLKBUFBLOCK_OUTPUT_X89_Y39_N7_I2          ; CLKBUFBLOCK_OUTPUT                            ;
;   1.632  ;   0.000  ;    ; RE   ; 1      ; GCLK_CLUSTER_RE_X89_Y39_N6_I12            ; GCLK_CLUSTER_RE                               ;
;   1.632  ;   0.000  ;    ; RE   ; 1      ; CLKBUF_CLUSTER_RE_X89_Y39_N3_I416         ; CLKBUF_CLUSTER_RE                             ;
;   2.458  ;   0.826  ;    ; RE   ; 5      ; GLOBAL_CLOCK_X0_Y36_N0_I9                 ; GLOBAL_CLOCK                                  ;
;   2.599  ;   0.141  ;    ; RE   ; 15     ; SPINE_CLOCK_X77_Y19_N0_I7                 ; SPINE_CLOCK                                   ;
;   3.002  ;   0.403  ;    ; RE   ; 1      ; SCLK_TO_ROWCLK_BUF_X77_Y31_N0_I43         ; SCLK_TO_ROWCLK_BUF                            ;
;   3.086  ;   0.084  ;    ; RE   ; 1      ; SCLK_TO_ROWCLK_BUF_X77_Y31_N0_I46         ; SCLK_TO_ROWCLK_BUF                            ;
;   3.555  ;   0.469  ;    ; RE   ; 8      ; LAB_CLK_X67_Y31_N0_I5                     ; LAB_CLK                                       ;
;   3.689  ;   0.134  ;    ; RE   ; 1      ; BLK_CLK_BUF_X68_Y31_N0_I5                 ; BLK_CLK_BUF                                   ;
;   3.744  ;   0.055  ;    ; RE   ; 1      ; ROWCLKSEL_PREBUF_X68_Y31_N0_I5            ; ROWCLKSEL_PREBUF                              ;
;   3.804  ;   0.060  ;    ; RE   ; 1      ; ROWCLKSEL_X68_Y31_N0_I0                   ; ROWCLKSEL                                     ;
;   3.804  ;   0.000  ;    ; RE   ; 1      ; GLOBAL_LOCAL_SEL_X68_Y31_N0_I0            ; GLOBAL_LOCAL_SEL                              ;
;   3.804  ;   0.000  ;    ; RE   ; 6      ; LAB_INPUT_X68_Y31_N0_I0                   ; LAB_INPUT                                     ;
;   3.804  ;   0.000  ; RR ; IC   ; 1      ; FF_X68_Y31_N2                             ; state_array[3][3][24]|clk                     ;
;   4.459  ;   0.655  ; RR ; CELL ; 1      ; FF_X68_Y31_N2                             ; state_array[3][3][24]                         ;
; 11.067   ; 6.608    ;    ;      ;        ;                                           ; data path                                     ;
;   4.459  ;   0.000  ;    ; uTco ; 1      ; FF_X68_Y31_N2                             ; state_array[3][3][24]                         ;
;   4.459  ;   0.000  ; FF ; CELL ; 6      ; FF_X68_Y31_N2                             ; state_array[3][3][24]|q                       ;
;   4.518  ;   0.059  ;    ; RE   ; 2      ; FF_X68_Y31_N2                             ; ARRIAV_FF                                     ;
;   4.600  ;   0.082  ;    ; RE   ; 1      ; LE_BUFFER_X68_Y31_N0_I1                   ; LE_BUFFER                                     ;
;   4.827  ;   0.227  ;    ; RE   ; 2      ; C2_X67_Y32_N0_I2                          ; V_SEG2                                        ;
;   5.090  ;   0.263  ;    ; RE   ; 1      ; R6_X62_Y32_N0_I37                         ; H_SEG6                                        ;
;   5.301  ;   0.211  ;    ; RE   ; 1      ; LOCAL_INTERCONNECT_X67_Y32_N0_I21         ; LAB_LINE                                      ;
;   5.404  ;   0.103  ;    ; RE   ; 1      ; BLOCK_INPUT_MUX_X67_Y32_N0_I34            ; LEIM_INPUT                                    ;
;   5.404  ;   0.000  ; FF ; IC   ; 1      ; LABCELL_X67_Y32_N24                       ; KSU|u_theta|C[3][24]|dataa                    ;
;   6.078  ;   0.674  ; FR ; CELL ; 3      ; LABCELL_X67_Y32_N24                       ; KSU|u_theta|C[3][24]|combout                  ;
;   6.078  ;   0.000  ;    ; RE   ; 2      ; LABCELL_X67_Y32_N24                       ; ARRIAV_LCELL_COMB                             ;
;   6.173  ;   0.095  ;    ; RE   ; 1      ; LE_BUFFER_X67_Y32_N0_I16                  ; LE_BUFFER                                     ;
;   6.354  ;   0.181  ;    ; RE   ; 1      ; LOCAL_INTERCONNECT_X67_Y32_N0_I37         ; LAB_LINE                                      ;
;   6.521  ;   0.167  ;    ; RE   ; 1      ; BLOCK_INPUT_MUX_X67_Y32_N0_I61            ; LEIM_INPUT                                    ;
;   6.520  ;   -0.001 ; RR ; IC   ; 1      ; LABCELL_X67_Y32_N45                       ; KSU|u_theta|state_array_o[4][4][24]~0|datac   ;
;   7.066  ;   0.546  ; RF ; CELL ; 13     ; LABCELL_X67_Y32_N45                       ; KSU|u_theta|state_array_o[4][4][24]~0|combout ;
;   7.066  ;   0.000  ;    ; RE   ; 2      ; LABCELL_X67_Y32_N45                       ; ARRIAV_LCELL_COMB                             ;
;   7.146  ;   0.080  ;    ; RE   ; 1      ; LE_BUFFER_X67_Y32_N0_I30                  ; LE_BUFFER                                     ;
;   7.369  ;   0.223  ;    ; RE   ; 2      ; C2_X67_Y30_N0_I15                         ; V_SEG2                                        ;
;   7.637  ;   0.268  ;    ; RE   ; 1      ; R3_X65_Y31_N0_I13                         ; H_SEG3                                        ;
;   7.637  ;   0.000  ;    ; RE   ; 1      ; R14_C12_INTERCONNECT_DRIVER_X66_Y31_N0_I3 ; WIRE_MUX                                      ;
;   8.027  ;   0.390  ;    ; RE   ; 1      ; C12_X66_Y19_N0_I1                         ; V_SEG12                                       ;
;   8.027  ;   0.000  ;    ; RE   ; 1      ; R14_C12_INTERCONNECT_DRIVER_X66_Y25_N0_I3 ; WIRE_MUX                                      ;
;   8.432  ;   0.405  ;    ; RE   ; 1      ; R14_X53_Y25_N0_I1                         ; H_SEG14                                       ;
;   8.706  ;   0.274  ;    ; RE   ; 1      ; R6_X47_Y25_N0_I35                         ; H_SEG6                                        ;
;   8.941  ;   0.235  ;    ; RE   ; 2      ; LOCAL_INTERCONNECT_X52_Y25_N0_I39         ; LAB_LINE                                      ;
;   9.073  ;   0.132  ;    ; RE   ; 2      ; BLOCK_INPUT_MUX_X52_Y25_N0_I34            ; LEIM_INPUT                                    ;
;   9.072  ;   -0.001 ; FF ; IC   ; 1      ; MLABCELL_X52_Y25_N27                      ; KSU|u_chi|state_array_o[4][0][38]|dataa       ;
;   9.701  ;   0.629  ; FF ; CELL ; 1      ; MLABCELL_X52_Y25_N27                      ; KSU|u_chi|state_array_o[4][0][38]|combout     ;
;   9.701  ;   0.000  ;    ; RE   ; 1      ; MLABCELL_X52_Y25_N27                      ; ARRIAV_LCELL_COMB                             ;
;   9.802  ;   0.101  ;    ; RE   ; 1      ; LE_BUFFER_X52_Y25_N0_I18                  ; LE_BUFFER                                     ;
;   10.047 ;   0.245  ;    ; RE   ; 1      ; C4_X52_Y21_N0_I7                          ; V_SEG4                                        ;
;   10.372 ;   0.325  ;    ; RE   ; 1      ; R3_X50_Y24_N0_I21                         ; H_SEG3                                        ;
;   10.545 ;   0.173  ;    ; RE   ; 1      ; LOCAL_INTERCONNECT_X51_Y24_N0_I15         ; LAB_LINE                                      ;
;   10.677 ;   0.132  ;    ; RE   ; 1      ; BLOCK_INPUT_MUX_X51_Y24_N0_I7             ; LEIM_INPUT                                    ;
;   10.677 ;   0.000  ; FF ; IC   ; 1      ; LABCELL_X51_Y24_N3                        ; state_array~1274|dataf                        ;
;   10.761 ;   0.084  ; FF ; CELL ; 1      ; LABCELL_X51_Y24_N3                        ; state_array~1274|combout                      ;
;   10.761 ;   0.000  ;    ; RE   ; 1      ; LABCELL_X51_Y24_N3                        ; ARRIAV_LCELL_COMB                             ;
;   10.761 ;   0.000  ; FF ; IC   ; 1      ; FF_X51_Y24_N5                             ; state_array[4][0][38]|d                       ;
;   11.067 ;   0.306  ; FF ; CELL ; 1      ; FF_X51_Y24_N5                             ; state_array[4][0][38]                         ;
+----------+----------+----+------+--------+-------------------------------------------+-----------------------------------------------+

+-------------------------------------------------------------------------------------------------------------+
; Data Required Path                                                                                          ;
+----------+---------+----+------+--------+---------------------------------------+---------------------------+
; Total    ; Incr    ; RF ; Type ; Fanout ; Location                              ; Element                   ;
+----------+---------+----+------+--------+---------------------------------------+---------------------------+
; 7.407    ; 7.407   ;    ;      ;        ;                                       ; latch edge time           ;
; 11.696   ; 4.289   ;    ;      ;        ;                                       ; clock path                ;
;   7.407  ;   0.000 ;    ;      ;        ;                                       ; source latency            ;
;   7.407  ;   0.000 ;    ;      ; 1      ; PIN_M16                               ; clk                       ;
;   7.407  ;   0.000 ;    ; RE   ; 1      ; IOPAD_X89_Y35_N60                     ; ARRIAV_IO_PAD             ;
;   7.407  ;   0.000 ;    ; RE   ; 1      ; IO_PAD_OUTPUT_X89_Y35_N60_I1          ; IO_PAD_OUTPUT             ;
;   7.407  ;   0.000 ;    ; RE   ; 1      ; IO_INPUT_BUFFER_INPUT_X89_Y35_N61_I0  ; IO_INPUT_BUFFER_INPUT     ;
;   7.407  ;   0.000 ; RR ; IC   ; 1      ; IOIBUF_X89_Y35_N61                    ; clk~input|i               ;
;   8.146  ;   0.739 ; RR ; CELL ; 1      ; IOIBUF_X89_Y35_N61                    ; clk~input|o               ;
;   8.146  ;   0.000 ;    ; RE   ; 1      ; IOIBUF_X89_Y35_N61                    ; ARRIAV_IO_IBUF            ;
;   8.146  ;   0.000 ;    ; RE   ; 1      ; IO_INPUT_BUFFER_OUTPUT_X89_Y35_N61_I2 ; IO_INPUT_BUFFER_OUTPUT    ;
;   8.146  ;   0.000 ;    ; RE   ; 1      ; IO_RE_X89_Y35_N60_I96                 ; IO_RE                     ;
;   8.234  ;   0.088 ;    ; RE   ; 1      ; IO_RE_X89_Y35_N60_I66                 ; IO_RE                     ;
;   8.509  ;   0.275 ;    ; RE   ; 1      ; CLKBUF_CLUSTER_RE_X89_Y39_N3_I421     ; CLKBUF_CLUSTER_RE         ;
;   8.509  ;   0.000 ;    ; RE   ; 1      ; CLKBUF_CLUSTER_RE_X89_Y39_N3_I772     ; CLKBUF_CLUSTER_RE         ;
;   8.509  ;   0.000 ;    ; RE   ; 1      ; CLKBUF_CLUSTER_RE_X89_Y39_N3_I557     ; CLKBUF_CLUSTER_RE         ;
;   8.509  ;   0.000 ;    ; RE   ; 1      ; GCLK_CLUSTER_RE_X89_Y39_N6_I10        ; GCLK_CLUSTER_RE           ;
;   8.509  ;   0.000 ;    ; RE   ; 1      ; CLKBUFBLOCK_INPUT_X89_Y39_N7_I0       ; CLKBUFBLOCK_INPUT         ;
;   8.509  ;   0.000 ; RR ; IC   ; 1      ; CLKCTRL_G9                            ; clk~inputCLKENA0|inclk    ;
;   8.979  ;   0.470 ; RR ; CELL ; 1674   ; CLKCTRL_G9                            ; clk~inputCLKENA0|outclk   ;
;   8.979  ;   0.000 ;    ; RE   ; 1      ; CLKCTRL_G9                            ; ARRIAV_CLKBUF             ;
;   8.979  ;   0.000 ;    ; RE   ; 1      ; CLKBUFBLOCK_OUTPUT_X89_Y39_N7_I2      ; CLKBUFBLOCK_OUTPUT        ;
;   8.979  ;   0.000 ;    ; RE   ; 1      ; GCLK_CLUSTER_RE_X89_Y39_N6_I12        ; GCLK_CLUSTER_RE           ;
;   8.979  ;   0.000 ;    ; RE   ; 1      ; CLKBUF_CLUSTER_RE_X89_Y39_N3_I416     ; CLKBUF_CLUSTER_RE         ;
;   9.755  ;   0.776 ;    ; RE   ; 5      ; GLOBAL_CLOCK_X0_Y36_N0_I9             ; GLOBAL_CLOCK              ;
;   9.892  ;   0.137 ;    ; RE   ; 16     ; SPINE_CLOCK_X55_Y19_N0_I22            ; SPINE_CLOCK               ;
;   10.281 ;   0.389 ;    ; RE   ; 1      ; SCLK_TO_ROWCLK_BUF_X55_Y24_N0_I133    ; SCLK_TO_ROWCLK_BUF        ;
;   10.372 ;   0.091 ;    ; RE   ; 2      ; SCLK_TO_ROWCLK_BUF_X55_Y24_N0_I136    ; SCLK_TO_ROWCLK_BUF        ;
;   10.832 ;   0.460 ;    ; RE   ; 7      ; LAB_CLK_X45_Y24_N0_I5                 ; LAB_CLK                   ;
;   10.957 ;   0.125 ;    ; RE   ; 1      ; BLK_CLK_BUF_X51_Y24_N0_I5             ; BLK_CLK_BUF               ;
;   11.010 ;   0.053 ;    ; RE   ; 1      ; ROWCLKSEL_PREBUF_X51_Y24_N0_I5        ; ROWCLKSEL_PREBUF          ;
;   11.064 ;   0.054 ;    ; RE   ; 1      ; ROWCLKSEL_X51_Y24_N0_I0               ; ROWCLKSEL                 ;
;   11.064 ;   0.000 ;    ; RE   ; 1      ; GLOBAL_LOCAL_SEL_X51_Y24_N0_I0        ; GLOBAL_LOCAL_SEL          ;
;   11.064 ;   0.000 ;    ; RE   ; 8      ; LAB_INPUT_X51_Y24_N0_I0               ; LAB_INPUT                 ;
;   11.065 ;   0.001 ; RR ; IC   ; 1      ; FF_X51_Y24_N5                         ; state_array[4][0][38]|clk ;
;   11.636 ;   0.571 ; RR ; CELL ; 1      ; FF_X51_Y24_N5                         ; state_array[4][0][38]     ;
;   11.696 ;   0.060 ;    ;      ;        ;                                       ; clock pessimism removed   ;
; 11.596   ; -0.100  ;    ;      ;        ;                                       ; clock uncertainty         ;
; 11.596   ; 0.000   ;    ; uTsu ; 1      ; FF_X51_Y24_N5                         ; state_array[4][0][38]     ;
+----------+---------+----+------+--------+---------------------------------------+---------------------------+

----------------------------
; Extra Fitter Information ;
----------------------------
HTML report is unavailable in plain text report export.


Path #19: Setup slack is 0.535 
===============================================================================
+--------------------------------------------+
; Path Summary                               ;
+--------------------+-----------------------+
; Property           ; Value                 ;
+--------------------+-----------------------+
; From Node          ; state_array[1][0][14] ;
; To Node            ; state_array[0][1][18] ;
; Launch Clock       ; clk                   ;
; Latch Clock        ; clk                   ;
; Data Arrival Time  ; 11.102                ;
; Data Required Time ; 11.637                ;
; Slack              ; 0.535                 ;
+--------------------+-----------------------+

+------------------------------------------------------------------------------------+
; Statistics                                                                         ;
+------------------------+--------+-------+-------------+------------+-------+-------+
; Property               ; Value  ; Count ; Total Delay ; % of Total ; Min   ; Max   ;
+------------------------+--------+-------+-------------+------------+-------+-------+
; Setup Relationship     ; 7.407  ;       ;             ;            ;       ;       ;
; Clock Skew             ; -0.157 ;       ;             ;            ;       ;       ;
; Data Delay             ; 6.615  ;       ;             ;            ;       ;       ;
; Number of Logic Levels ;        ; 5     ;             ;            ;       ;       ;
; Physical Delays        ;        ;       ;             ;            ;       ;       ;
;  Arrival Path          ;        ;       ;             ;            ;       ;       ;
;   Clock                ;        ;       ;             ;            ;       ;       ;
;    IC                  ;        ; 3     ; 0.000       ; 0          ; 0.000 ; 0.000 ;
;    Cell                ;        ; 3     ; 1.901       ; 42         ; 0.507 ; 0.739 ;
;    Routing Element     ;        ; 26    ; 2.586       ; 58         ; 0.000 ; 0.821 ;
;   Data                 ;        ;       ;             ;            ;       ;       ;
;    IC                  ;        ; 6     ; 0.001       ; 0          ; 0.000 ; 0.001 ;
;    Cell                ;        ; 7     ; 1.668       ; 25         ; 0.000 ; 0.568 ;
;    uTco                ;        ; 1     ; 0.000       ; 0          ; 0.000 ; 0.000 ;
;    Routing Element     ;        ; 31    ; 4.946       ; 75         ; 0.000 ; 0.415 ;
;  Required Path         ;        ;       ;             ;            ;       ;       ;
;   Clock                ;        ;       ;             ;            ;       ;       ;
;    IC                  ;        ; 3     ; 0.000       ; 0          ; 0.000 ; 0.000 ;
;    Cell                ;        ; 3     ; 1.779       ; 42         ; 0.470 ; 0.739 ;
;    Routing Element     ;        ; 26    ; 2.446       ; 58         ; 0.000 ; 0.776 ;
+------------------------+--------+-------+-------------+------------+-------+-------+
Note: Negative delays are omitted from totals when calculating percentages

+-------------------------------------------------------------------------------------------------------------------------------------+
; Data Arrival Path                                                                                                                   ;
+----------+---------+----+------+--------+-------------------------------------------+-----------------------------------------------+
; Total    ; Incr    ; RF ; Type ; Fanout ; Location                                  ; Element                                       ;
+----------+---------+----+------+--------+-------------------------------------------+-----------------------------------------------+
; 0.000    ; 0.000   ;    ;      ;        ;                                           ; launch edge time                              ;
; 4.487    ; 4.487   ;    ;      ;        ;                                           ; clock path                                    ;
;   0.000  ;   0.000 ;    ;      ;        ;                                           ; source latency                                ;
;   0.000  ;   0.000 ;    ;      ; 1      ; PIN_M16                                   ; clk                                           ;
;   0.000  ;   0.000 ;    ; RE   ; 1      ; IOPAD_X89_Y35_N60                         ; ARRIAV_IO_PAD                                 ;
;   0.000  ;   0.000 ;    ; RE   ; 1      ; IO_PAD_OUTPUT_X89_Y35_N60_I1              ; IO_PAD_OUTPUT                                 ;
;   0.000  ;   0.000 ;    ; RE   ; 1      ; IO_INPUT_BUFFER_INPUT_X89_Y35_N61_I0      ; IO_INPUT_BUFFER_INPUT                         ;
;   0.000  ;   0.000 ; RR ; IC   ; 1      ; IOIBUF_X89_Y35_N61                        ; clk~input|i                                   ;
;   0.739  ;   0.739 ; RR ; CELL ; 1      ; IOIBUF_X89_Y35_N61                        ; clk~input|o                                   ;
;   0.739  ;   0.000 ;    ; RE   ; 1      ; IOIBUF_X89_Y35_N61                        ; ARRIAV_IO_IBUF                                ;
;   0.739  ;   0.000 ;    ; RE   ; 1      ; IO_INPUT_BUFFER_OUTPUT_X89_Y35_N61_I2     ; IO_INPUT_BUFFER_OUTPUT                        ;
;   0.739  ;   0.000 ;    ; RE   ; 1      ; IO_RE_X89_Y35_N60_I96                     ; IO_RE                                         ;
;   0.833  ;   0.094 ;    ; RE   ; 1      ; IO_RE_X89_Y35_N60_I66                     ; IO_RE                                         ;
;   1.125  ;   0.292 ;    ; RE   ; 1      ; CLKBUF_CLUSTER_RE_X89_Y39_N3_I421         ; CLKBUF_CLUSTER_RE                             ;
;   1.125  ;   0.000 ;    ; RE   ; 1      ; CLKBUF_CLUSTER_RE_X89_Y39_N3_I772         ; CLKBUF_CLUSTER_RE                             ;
;   1.125  ;   0.000 ;    ; RE   ; 1      ; CLKBUF_CLUSTER_RE_X89_Y39_N3_I557         ; CLKBUF_CLUSTER_RE                             ;
;   1.125  ;   0.000 ;    ; RE   ; 1      ; GCLK_CLUSTER_RE_X89_Y39_N6_I10            ; GCLK_CLUSTER_RE                               ;
;   1.125  ;   0.000 ;    ; RE   ; 1      ; CLKBUFBLOCK_INPUT_X89_Y39_N7_I0           ; CLKBUFBLOCK_INPUT                             ;
;   1.125  ;   0.000 ; RR ; IC   ; 1      ; CLKCTRL_G9                                ; clk~inputCLKENA0|inclk                        ;
;   1.632  ;   0.507 ; RR ; CELL ; 1674   ; CLKCTRL_G9                                ; clk~inputCLKENA0|outclk                       ;
;   1.632  ;   0.000 ;    ; RE   ; 1      ; CLKCTRL_G9                                ; ARRIAV_CLKBUF                                 ;
;   1.632  ;   0.000 ;    ; RE   ; 1      ; CLKBUFBLOCK_OUTPUT_X89_Y39_N7_I2          ; CLKBUFBLOCK_OUTPUT                            ;
;   1.632  ;   0.000 ;    ; RE   ; 1      ; GCLK_CLUSTER_RE_X89_Y39_N6_I12            ; GCLK_CLUSTER_RE                               ;
;   1.632  ;   0.000 ;    ; RE   ; 1      ; CLKBUF_CLUSTER_RE_X89_Y39_N3_I416         ; CLKBUF_CLUSTER_RE                             ;
;   2.453  ;   0.821 ;    ; RE   ; 5      ; GLOBAL_CLOCK_X0_Y36_N0_I9                 ; GLOBAL_CLOCK                                  ;
;   2.596  ;   0.143 ;    ; RE   ; 16     ; SPINE_CLOCK_X55_Y19_N0_I22                ; SPINE_CLOCK                                   ;
;   2.999  ;   0.403 ;    ; RE   ; 1      ; SCLK_TO_ROWCLK_BUF_X55_Y23_N0_I133        ; SCLK_TO_ROWCLK_BUF                            ;
;   3.093  ;   0.094 ;    ; RE   ; 2      ; SCLK_TO_ROWCLK_BUF_X55_Y23_N0_I136        ; SCLK_TO_ROWCLK_BUF                            ;
;   3.576  ;   0.483 ;    ; RE   ; 10     ; LAB_CLK_X56_Y23_N0_I5                     ; LAB_CLK                                       ;
;   3.716  ;   0.140 ;    ; RE   ; 1      ; BLK_CLK_BUF_X66_Y23_N0_I5                 ; BLK_CLK_BUF                                   ;
;   3.773  ;   0.057 ;    ; RE   ; 1      ; ROWCLKSEL_PREBUF_X66_Y23_N0_I5            ; ROWCLKSEL_PREBUF                              ;
;   3.832  ;   0.059 ;    ; RE   ; 1      ; ROWCLKSEL_X66_Y23_N0_I0                   ; ROWCLKSEL                                     ;
;   3.832  ;   0.000 ;    ; RE   ; 1      ; GLOBAL_LOCAL_SEL_X66_Y23_N0_I0            ; GLOBAL_LOCAL_SEL                              ;
;   3.832  ;   0.000 ;    ; RE   ; 5      ; LAB_INPUT_X66_Y23_N0_I0                   ; LAB_INPUT                                     ;
;   3.832  ;   0.000 ; RR ; IC   ; 1      ; FF_X66_Y23_N8                             ; state_array[1][0][14]|clk                     ;
;   4.487  ;   0.655 ; RR ; CELL ; 1      ; FF_X66_Y23_N8                             ; state_array[1][0][14]                         ;
; 11.102   ; 6.615   ;    ;      ;        ;                                           ; data path                                     ;
;   4.487  ;   0.000 ;    ; uTco ; 1      ; FF_X66_Y23_N8                             ; state_array[1][0][14]                         ;
;   4.487  ;   0.000 ; FF ; CELL ; 6      ; FF_X66_Y23_N8                             ; state_array[1][0][14]|q                       ;
;   4.546  ;   0.059 ;    ; RE   ; 2      ; FF_X66_Y23_N8                             ; ARRIAV_FF                                     ;
;   4.649  ;   0.103 ;    ; RE   ; 2      ; LE_BUFFER_X66_Y23_N0_I5                   ; LE_BUFFER                                     ;
;   4.883  ;   0.234 ;    ; RE   ; 1      ; C2_X65_Y24_N0_I3                          ; V_SEG2                                        ;
;   5.118  ;   0.235 ;    ; RE   ; 1      ; C2_X65_Y26_N0_I3                          ; V_SEG2                                        ;
;   5.332  ;   0.214 ;    ; RE   ; 1      ; R3_X66_Y26_N0_I7                          ; H_SEG3                                        ;
;   5.515  ;   0.183 ;    ; RE   ; 3      ; LOCAL_INTERCONNECT_X66_Y26_N0_I21         ; LAB_LINE                                      ;
;   5.646  ;   0.131 ;    ; RE   ; 1      ; BLOCK_INPUT_MUX_X66_Y26_N0_I4             ; LEIM_INPUT                                    ;
;   5.646  ;   0.000 ; FF ; IC   ; 1      ; LABCELL_X66_Y26_N0                        ; KSU|u_theta|C[1][14]|datac                    ;
;   6.214  ;   0.568 ; FF ; CELL ; 2      ; LABCELL_X66_Y26_N0                        ; KSU|u_theta|C[1][14]|combout                  ;
;   6.214  ;   0.000 ;    ; RE   ; 2      ; LABCELL_X66_Y26_N0                        ; ARRIAV_LCELL_COMB                             ;
;   6.316  ;   0.102 ;    ; RE   ; 1      ; LOCAL_LINE_X66_Y26_N0_I0                  ; LOCAL_LINE                                    ;
;   6.477  ;   0.161 ;    ; RE   ; 1      ; BLOCK_INPUT_MUX_X66_Y26_N0_I14            ; LEIM_INPUT                                    ;
;   6.477  ;   0.000 ; FF ; IC   ; 1      ; LABCELL_X66_Y26_N9                        ; KSU|u_theta|state_array_o[0][0][15]~0|datad   ;
;   6.993  ;   0.516 ; FR ; CELL ; 5      ; LABCELL_X66_Y26_N9                        ; KSU|u_theta|state_array_o[0][0][15]~0|combout ;
;   6.993  ;   0.000 ;    ; RE   ; 2      ; LABCELL_X66_Y26_N9                        ; ARRIAV_LCELL_COMB                             ;
;   7.124  ;   0.131 ;    ; RE   ; 3      ; LE_BUFFER_X66_Y26_N0_I6                   ; LE_BUFFER                                     ;
;   7.258  ;   0.134 ;    ; RE   ; 2      ; LOCAL_INTERCONNECT_X67_Y26_N0_I23         ; LAB_LINE                                      ;
;   7.431  ;   0.173 ;    ; RE   ; 1      ; BLOCK_INPUT_MUX_X67_Y26_N0_I23            ; LEIM_INPUT                                    ;
;   7.431  ;   0.000 ; RR ; IC   ; 1      ; LABCELL_X67_Y26_N15                       ; KSU|u_theta|state_array_o[0][2][15]|dataf     ;
;   7.534  ;   0.103 ; RF ; CELL ; 3      ; LABCELL_X67_Y26_N15                       ; KSU|u_theta|state_array_o[0][2][15]|combout   ;
;   7.534  ;   0.000 ;    ; RE   ; 1      ; LABCELL_X67_Y26_N15                       ; ARRIAV_LCELL_COMB                             ;
;   7.614  ;   0.080 ;    ; RE   ; 1      ; LE_BUFFER_X67_Y26_N0_I10                  ; LE_BUFFER                                     ;
;   7.862  ;   0.248 ;    ; RE   ; 2      ; C4_X67_Y27_N0_I1                          ; V_SEG4                                        ;
;   8.176  ;   0.314 ;    ; RE   ; 1      ; R3_X68_Y28_N0_I11                         ; H_SEG3                                        ;
;   8.484  ;   0.308 ;    ; RE   ; 1      ; R6_X70_Y28_N0_I3                          ; H_SEG6                                        ;
;   8.718  ;   0.234 ;    ; RE   ; 2      ; LOCAL_INTERCONNECT_X73_Y28_N0_I6          ; LAB_LINE                                      ;
;   8.853  ;   0.135 ;    ; RE   ; 1      ; BLOCK_INPUT_MUX_X73_Y28_N0_I23            ; LEIM_INPUT                                    ;
;   8.853  ;   0.000 ; FF ; IC   ; 1      ; LABCELL_X73_Y28_N15                       ; KSU|u_chi|state_array_o[0][1][18]|dataf       ;
;   8.941  ;   0.088 ; FF ; CELL ; 1      ; LABCELL_X73_Y28_N15                       ; KSU|u_chi|state_array_o[0][1][18]|combout     ;
;   8.941  ;   0.000 ;    ; RE   ; 1      ; LABCELL_X73_Y28_N15                       ; ARRIAV_LCELL_COMB                             ;
;   9.038  ;   0.097 ;    ; RE   ; 1      ; LE_BUFFER_X73_Y28_N0_I11                  ; LE_BUFFER                                     ;
;   9.250  ;   0.212 ;    ; RE   ; 1      ; C2_X72_Y29_N0_I6                          ; V_SEG2                                        ;
;   9.559  ;   0.309 ;    ; RE   ; 1      ; R6_X67_Y29_N0_I35                         ; H_SEG6                                        ;
;   9.559  ;   0.000 ;    ; RE   ; 1      ; R14_C12_INTERCONNECT_DRIVER_X71_Y29_N0_I3 ; WIRE_MUX                                      ;
;   9.897  ;   0.338 ;    ; RE   ; 1      ; R14_X58_Y29_N0_I1                         ; H_SEG14                                       ;
;   10.312 ;   0.415 ;    ; RE   ; 1      ; R6_X52_Y29_N0_I20                         ; H_SEG6                                        ;
;   10.585 ;   0.273 ;    ; RE   ; 1      ; LOCAL_INTERCONNECT_X53_Y29_N0_I0          ; LAB_LINE                                      ;
;   10.708 ;   0.123 ;    ; RE   ; 1      ; BLOCK_INPUT_MUX_X53_Y29_N0_I17            ; LEIM_INPUT                                    ;
;   10.709 ;   0.001 ; FF ; IC   ; 1      ; LABCELL_X53_Y29_N12                       ; state_array~625|dataf                         ;
;   10.795 ;   0.086 ; FF ; CELL ; 1      ; LABCELL_X53_Y29_N12                       ; state_array~625|combout                       ;
;   10.795 ;   0.000 ;    ; RE   ; 1      ; LABCELL_X53_Y29_N12                       ; ARRIAV_LCELL_COMB                             ;
;   10.795 ;   0.000 ; FF ; IC   ; 1      ; FF_X53_Y29_N14                            ; state_array[0][1][18]|d                       ;
;   11.102 ;   0.307 ; FF ; CELL ; 1      ; FF_X53_Y29_N14                            ; state_array[0][1][18]                         ;
+----------+---------+----+------+--------+-------------------------------------------+-----------------------------------------------+

+-------------------------------------------------------------------------------------------------------------+
; Data Required Path                                                                                          ;
+----------+---------+----+------+--------+---------------------------------------+---------------------------+
; Total    ; Incr    ; RF ; Type ; Fanout ; Location                              ; Element                   ;
+----------+---------+----+------+--------+---------------------------------------+---------------------------+
; 7.407    ; 7.407   ;    ;      ;        ;                                       ; latch edge time           ;
; 11.737   ; 4.330   ;    ;      ;        ;                                       ; clock path                ;
;   7.407  ;   0.000 ;    ;      ;        ;                                       ; source latency            ;
;   7.407  ;   0.000 ;    ;      ; 1      ; PIN_M16                               ; clk                       ;
;   7.407  ;   0.000 ;    ; RE   ; 1      ; IOPAD_X89_Y35_N60                     ; ARRIAV_IO_PAD             ;
;   7.407  ;   0.000 ;    ; RE   ; 1      ; IO_PAD_OUTPUT_X89_Y35_N60_I1          ; IO_PAD_OUTPUT             ;
;   7.407  ;   0.000 ;    ; RE   ; 1      ; IO_INPUT_BUFFER_INPUT_X89_Y35_N61_I0  ; IO_INPUT_BUFFER_INPUT     ;
;   7.407  ;   0.000 ; RR ; IC   ; 1      ; IOIBUF_X89_Y35_N61                    ; clk~input|i               ;
;   8.146  ;   0.739 ; RR ; CELL ; 1      ; IOIBUF_X89_Y35_N61                    ; clk~input|o               ;
;   8.146  ;   0.000 ;    ; RE   ; 1      ; IOIBUF_X89_Y35_N61                    ; ARRIAV_IO_IBUF            ;
;   8.146  ;   0.000 ;    ; RE   ; 1      ; IO_INPUT_BUFFER_OUTPUT_X89_Y35_N61_I2 ; IO_INPUT_BUFFER_OUTPUT    ;
;   8.146  ;   0.000 ;    ; RE   ; 1      ; IO_RE_X89_Y35_N60_I96                 ; IO_RE                     ;
;   8.234  ;   0.088 ;    ; RE   ; 1      ; IO_RE_X89_Y35_N60_I66                 ; IO_RE                     ;
;   8.509  ;   0.275 ;    ; RE   ; 1      ; CLKBUF_CLUSTER_RE_X89_Y39_N3_I421     ; CLKBUF_CLUSTER_RE         ;
;   8.509  ;   0.000 ;    ; RE   ; 1      ; CLKBUF_CLUSTER_RE_X89_Y39_N3_I772     ; CLKBUF_CLUSTER_RE         ;
;   8.509  ;   0.000 ;    ; RE   ; 1      ; CLKBUF_CLUSTER_RE_X89_Y39_N3_I557     ; CLKBUF_CLUSTER_RE         ;
;   8.509  ;   0.000 ;    ; RE   ; 1      ; GCLK_CLUSTER_RE_X89_Y39_N6_I10        ; GCLK_CLUSTER_RE           ;
;   8.509  ;   0.000 ;    ; RE   ; 1      ; CLKBUFBLOCK_INPUT_X89_Y39_N7_I0       ; CLKBUFBLOCK_INPUT         ;
;   8.509  ;   0.000 ; RR ; IC   ; 1      ; CLKCTRL_G9                            ; clk~inputCLKENA0|inclk    ;
;   8.979  ;   0.470 ; RR ; CELL ; 1674   ; CLKCTRL_G9                            ; clk~inputCLKENA0|outclk   ;
;   8.979  ;   0.000 ;    ; RE   ; 1      ; CLKCTRL_G9                            ; ARRIAV_CLKBUF             ;
;   8.979  ;   0.000 ;    ; RE   ; 1      ; CLKBUFBLOCK_OUTPUT_X89_Y39_N7_I2      ; CLKBUFBLOCK_OUTPUT        ;
;   8.979  ;   0.000 ;    ; RE   ; 1      ; GCLK_CLUSTER_RE_X89_Y39_N6_I12        ; GCLK_CLUSTER_RE           ;
;   8.979  ;   0.000 ;    ; RE   ; 1      ; CLKBUF_CLUSTER_RE_X89_Y39_N3_I416     ; CLKBUF_CLUSTER_RE         ;
;   9.755  ;   0.776 ;    ; RE   ; 5      ; GLOBAL_CLOCK_X0_Y36_N0_I9             ; GLOBAL_CLOCK              ;
;   9.889  ;   0.134 ;    ; RE   ; 16     ; SPINE_CLOCK_X55_Y19_N0_I22            ; SPINE_CLOCK               ;
;   10.279 ;   0.390 ;    ; RE   ; 1      ; SCLK_TO_ROWCLK_BUF_X55_Y29_N0_I133    ; SCLK_TO_ROWCLK_BUF        ;
;   10.370 ;   0.091 ;    ; RE   ; 2      ; SCLK_TO_ROWCLK_BUF_X55_Y29_N0_I136    ; SCLK_TO_ROWCLK_BUF        ;
;   10.829 ;   0.459 ;    ; RE   ; 7      ; LAB_CLK_X45_Y29_N0_I5                 ; LAB_CLK                   ;
;   10.954 ;   0.125 ;    ; RE   ; 1      ; BLK_CLK_BUF_X53_Y29_N0_I5             ; BLK_CLK_BUF               ;
;   11.007 ;   0.053 ;    ; RE   ; 1      ; ROWCLKSEL_PREBUF_X53_Y29_N0_I5        ; ROWCLKSEL_PREBUF          ;
;   11.062 ;   0.055 ;    ; RE   ; 1      ; ROWCLKSEL_X53_Y29_N0_I0               ; ROWCLKSEL                 ;
;   11.062 ;   0.000 ;    ; RE   ; 2      ; GLOBAL_LOCAL_SEL_X53_Y29_N0_I0        ; GLOBAL_LOCAL_SEL          ;
;   11.062 ;   0.000 ;    ; RE   ; 1      ; LAB_INPUT_X53_Y29_N0_I2               ; LAB_INPUT                 ;
;   11.062 ;   0.000 ; RR ; IC   ; 1      ; FF_X53_Y29_N14                        ; state_array[0][1][18]|clk ;
;   11.632 ;   0.570 ; RR ; CELL ; 1      ; FF_X53_Y29_N14                        ; state_array[0][1][18]     ;
;   11.737 ;   0.105 ;    ;      ;        ;                                       ; clock pessimism removed   ;
; 11.637   ; -0.100  ;    ;      ;        ;                                       ; clock uncertainty         ;
; 11.637   ; 0.000   ;    ; uTsu ; 1      ; FF_X53_Y29_N14                        ; state_array[0][1][18]     ;
+----------+---------+----+------+--------+---------------------------------------+---------------------------+

----------------------------
; Extra Fitter Information ;
----------------------------
HTML report is unavailable in plain text report export.


Path #20: Setup slack is 0.541 
===============================================================================
+--------------------------------------------+
; Path Summary                               ;
+--------------------+-----------------------+
; Property           ; Value                 ;
+--------------------+-----------------------+
; From Node          ; state_array[2][2][37] ;
; To Node            ; state_array[0][4][28] ;
; Launch Clock       ; clk                   ;
; Latch Clock        ; clk                   ;
; Data Arrival Time  ; 11.111                ;
; Data Required Time ; 11.652                ;
; Slack              ; 0.541                 ;
+--------------------+-----------------------+

+-------------------------------------------------------------------------------------+
; Statistics                                                                          ;
+------------------------+--------+-------+-------------+------------+--------+-------+
; Property               ; Value  ; Count ; Total Delay ; % of Total ; Min    ; Max   ;
+------------------------+--------+-------+-------------+------------+--------+-------+
; Setup Relationship     ; 7.407  ;       ;             ;            ;        ;       ;
; Clock Skew             ; -0.137 ;       ;             ;            ;        ;       ;
; Data Delay             ; 6.629  ;       ;             ;            ;        ;       ;
; Number of Logic Levels ;        ; 4     ;             ;            ;        ;       ;
; Physical Delays        ;        ;       ;             ;            ;        ;       ;
;  Arrival Path          ;        ;       ;             ;            ;        ;       ;
;   Clock                ;        ;       ;             ;            ;        ;       ;
;    IC                  ;        ; 3     ; 0.001       ; 0          ; 0.000  ; 0.001 ;
;    Cell                ;        ; 3     ; 1.901       ; 42         ; 0.507  ; 0.739 ;
;    Routing Element     ;        ; 26    ; 2.580       ; 58         ; 0.000  ; 0.821 ;
;   Data                 ;        ;       ;             ;            ;        ;       ;
;    IC                  ;        ; 5     ; 0.001       ; 0          ; -0.001 ; 0.001 ;
;    Cell                ;        ; 6     ; 0.921       ; 14         ; 0.000  ; 0.353 ;
;    uTco                ;        ; 1     ; 0.000       ; 0          ; 0.000  ; 0.000 ;
;    Routing Element     ;        ; 28    ; 5.707       ; 86         ; 0.000  ; 0.468 ;
;  Required Path         ;        ;       ;             ;            ;        ;       ;
;   Clock                ;        ;       ;             ;            ;        ;       ;
;    IC                  ;        ; 3     ; 0.000       ; 0          ; 0.000  ; 0.000 ;
;    Cell                ;        ; 3     ; 1.780       ; 42         ; 0.470  ; 0.739 ;
;    Routing Element     ;        ; 26    ; 2.460       ; 58         ; 0.000  ; 0.776 ;
+------------------------+--------+-------+-------------+------------+--------+-------+
Note: Negative delays are omitted from totals when calculating percentages

+----------------------------------------------------------------------------------------------------------------------------------+
; Data Arrival Path                                                                                                                ;
+----------+----------+----+------+--------+---------------------------------------+-----------------------------------------------+
; Total    ; Incr     ; RF ; Type ; Fanout ; Location                              ; Element                                       ;
+----------+----------+----+------+--------+---------------------------------------+-----------------------------------------------+
; 0.000    ; 0.000    ;    ;      ;        ;                                       ; launch edge time                              ;
; 4.482    ; 4.482    ;    ;      ;        ;                                       ; clock path                                    ;
;   0.000  ;   0.000  ;    ;      ;        ;                                       ; source latency                                ;
;   0.000  ;   0.000  ;    ;      ; 1      ; PIN_M16                               ; clk                                           ;
;   0.000  ;   0.000  ;    ; RE   ; 1      ; IOPAD_X89_Y35_N60                     ; ARRIAV_IO_PAD                                 ;
;   0.000  ;   0.000  ;    ; RE   ; 1      ; IO_PAD_OUTPUT_X89_Y35_N60_I1          ; IO_PAD_OUTPUT                                 ;
;   0.000  ;   0.000  ;    ; RE   ; 1      ; IO_INPUT_BUFFER_INPUT_X89_Y35_N61_I0  ; IO_INPUT_BUFFER_INPUT                         ;
;   0.000  ;   0.000  ; RR ; IC   ; 1      ; IOIBUF_X89_Y35_N61                    ; clk~input|i                                   ;
;   0.739  ;   0.739  ; RR ; CELL ; 1      ; IOIBUF_X89_Y35_N61                    ; clk~input|o                                   ;
;   0.739  ;   0.000  ;    ; RE   ; 1      ; IOIBUF_X89_Y35_N61                    ; ARRIAV_IO_IBUF                                ;
;   0.739  ;   0.000  ;    ; RE   ; 1      ; IO_INPUT_BUFFER_OUTPUT_X89_Y35_N61_I2 ; IO_INPUT_BUFFER_OUTPUT                        ;
;   0.739  ;   0.000  ;    ; RE   ; 1      ; IO_RE_X89_Y35_N60_I96                 ; IO_RE                                         ;
;   0.833  ;   0.094  ;    ; RE   ; 1      ; IO_RE_X89_Y35_N60_I66                 ; IO_RE                                         ;
;   1.125  ;   0.292  ;    ; RE   ; 1      ; CLKBUF_CLUSTER_RE_X89_Y39_N3_I421     ; CLKBUF_CLUSTER_RE                             ;
;   1.125  ;   0.000  ;    ; RE   ; 1      ; CLKBUF_CLUSTER_RE_X89_Y39_N3_I772     ; CLKBUF_CLUSTER_RE                             ;
;   1.125  ;   0.000  ;    ; RE   ; 1      ; CLKBUF_CLUSTER_RE_X89_Y39_N3_I557     ; CLKBUF_CLUSTER_RE                             ;
;   1.125  ;   0.000  ;    ; RE   ; 1      ; GCLK_CLUSTER_RE_X89_Y39_N6_I10        ; GCLK_CLUSTER_RE                               ;
;   1.125  ;   0.000  ;    ; RE   ; 1      ; CLKBUFBLOCK_INPUT_X89_Y39_N7_I0       ; CLKBUFBLOCK_INPUT                             ;
;   1.125  ;   0.000  ; RR ; IC   ; 1      ; CLKCTRL_G9                            ; clk~inputCLKENA0|inclk                        ;
;   1.632  ;   0.507  ; RR ; CELL ; 1674   ; CLKCTRL_G9                            ; clk~inputCLKENA0|outclk                       ;
;   1.632  ;   0.000  ;    ; RE   ; 1      ; CLKCTRL_G9                            ; ARRIAV_CLKBUF                                 ;
;   1.632  ;   0.000  ;    ; RE   ; 1      ; CLKBUFBLOCK_OUTPUT_X89_Y39_N7_I2      ; CLKBUFBLOCK_OUTPUT                            ;
;   1.632  ;   0.000  ;    ; RE   ; 1      ; GCLK_CLUSTER_RE_X89_Y39_N6_I12        ; GCLK_CLUSTER_RE                               ;
;   1.632  ;   0.000  ;    ; RE   ; 1      ; CLKBUF_CLUSTER_RE_X89_Y39_N3_I416     ; CLKBUF_CLUSTER_RE                             ;
;   2.453  ;   0.821  ;    ; RE   ; 5      ; GLOBAL_CLOCK_X0_Y36_N0_I9             ; GLOBAL_CLOCK                                  ;
;   2.594  ;   0.141  ;    ; RE   ; 16     ; SPINE_CLOCK_X55_Y19_N0_I22            ; SPINE_CLOCK                                   ;
;   2.997  ;   0.403  ;    ; RE   ; 1      ; SCLK_TO_ROWCLK_BUF_X55_Y25_N0_I133    ; SCLK_TO_ROWCLK_BUF                            ;
;   3.091  ;   0.094  ;    ; RE   ; 2      ; SCLK_TO_ROWCLK_BUF_X55_Y25_N0_I136    ; SCLK_TO_ROWCLK_BUF                            ;
;   3.571  ;   0.480  ;    ; RE   ; 10     ; LAB_CLK_X56_Y25_N0_I5                 ; LAB_CLK                                       ;
;   3.711  ;   0.140  ;    ; RE   ; 1      ; BLK_CLK_BUF_X59_Y25_N0_I5             ; BLK_CLK_BUF                                   ;
;   3.767  ;   0.056  ;    ; RE   ; 1      ; ROWCLKSEL_PREBUF_X59_Y25_N0_I5        ; ROWCLKSEL_PREBUF                              ;
;   3.826  ;   0.059  ;    ; RE   ; 1      ; ROWCLKSEL_X59_Y25_N0_I0               ; ROWCLKSEL                                     ;
;   3.826  ;   0.000  ;    ; RE   ; 1      ; GLOBAL_LOCAL_SEL_X59_Y25_N0_I0        ; GLOBAL_LOCAL_SEL                              ;
;   3.826  ;   0.000  ;    ; RE   ; 4      ; LAB_INPUT_X59_Y25_N0_I0               ; LAB_INPUT                                     ;
;   3.827  ;   0.001  ; RR ; IC   ; 1      ; FF_X59_Y25_N14                        ; state_array[2][2][37]|clk                     ;
;   4.482  ;   0.655  ; RR ; CELL ; 1      ; FF_X59_Y25_N14                        ; state_array[2][2][37]                         ;
; 11.111   ; 6.629    ;    ;      ;        ;                                       ; data path                                     ;
;   4.482  ;   0.000  ;    ; uTco ; 1      ; FF_X59_Y25_N14                        ; state_array[2][2][37]                         ;
;   4.482  ;   0.000  ; FF ; CELL ; 6      ; FF_X59_Y25_N14                        ; state_array[2][2][37]|q                       ;
;   4.541  ;   0.059  ;    ; RE   ; 2      ; FF_X59_Y25_N14                        ; ARRIAV_FF                                     ;
;   4.638  ;   0.097  ;    ; RE   ; 1      ; LE_BUFFER_X59_Y25_N0_I9               ; LE_BUFFER                                     ;
;   4.861  ;   0.223  ;    ; RE   ; 2      ; C2_X58_Y23_N0_I20                     ; V_SEG2                                        ;
;   5.219  ;   0.358  ;    ; RE   ; 1      ; R3_X56_Y24_N0_I17                     ; H_SEG3                                        ;
;   5.635  ;   0.416  ;    ; RE   ; 1      ; R6_X50_Y24_N0_I31                     ; H_SEG6                                        ;
;   5.898  ;   0.263  ;    ; RE   ; 1      ; LOCAL_INTERCONNECT_X50_Y24_N0_I34     ; LAB_LINE                                      ;
;   6.042  ;   0.144  ;    ; RE   ; 1      ; BLOCK_INPUT_MUX_X50_Y24_N0_I62        ; LEIM_INPUT                                    ;
;   6.041  ;   -0.001 ; FF ; IC   ; 1      ; LABCELL_X50_Y24_N45                   ; KSU|u_theta|C[2][37]|datae                    ;
;   6.394  ;   0.353  ; FF ; CELL ; 2      ; LABCELL_X50_Y24_N45                   ; KSU|u_theta|C[2][37]|combout                  ;
;   6.394  ;   0.000  ;    ; RE   ; 2      ; LABCELL_X50_Y24_N45                   ; ARRIAV_LCELL_COMB                             ;
;   6.474  ;   0.080  ;    ; RE   ; 1      ; LE_BUFFER_X50_Y24_N0_I30              ; LE_BUFFER                                     ;
;   6.759  ;   0.285  ;    ; RE   ; 1      ; C4_X50_Y25_N0_I4                      ; V_SEG4                                        ;
;   7.227  ;   0.468  ;    ; RE   ; 1      ; R6_X51_Y28_N0_I14                     ; H_SEG6                                        ;
;   7.551  ;   0.324  ;    ; RE   ; 1      ; LOCAL_INTERCONNECT_X55_Y28_N0_I11     ; LAB_LINE                                      ;
;   7.727  ;   0.176  ;    ; RE   ; 1      ; BLOCK_INPUT_MUX_X55_Y28_N0_I79        ; LEIM_INPUT                                    ;
;   7.728  ;   0.001  ; FF ; IC   ; 1      ; LABCELL_X55_Y28_N57                   ; KSU|u_theta|state_array_o[3][0][37]~0|dataf   ;
;   7.816  ;   0.088  ; FF ; CELL ; 15     ; LABCELL_X55_Y28_N57                   ; KSU|u_theta|state_array_o[3][0][37]~0|combout ;
;   7.816  ;   0.000  ;    ; RE   ; 1      ; LABCELL_X55_Y28_N57                   ; ARRIAV_LCELL_COMB                             ;
;   7.927  ;   0.111  ;    ; RE   ; 2      ; LE_BUFFER_X55_Y28_N0_I39              ; LE_BUFFER                                     ;
;   8.182  ;   0.255  ;    ; RE   ; 2      ; C2_X54_Y29_N0_I5                      ; V_SEG2                                        ;
;   8.442  ;   0.260  ;    ; RE   ; 3      ; C2_X54_Y31_N0_I5                      ; V_SEG2                                        ;
;   8.747  ;   0.305  ;    ; RE   ; 1      ; R3_X55_Y31_N0_I2                      ; H_SEG3                                        ;
;   9.173  ;   0.426  ;    ; RE   ; 3      ; R6_X58_Y31_N0_I4                      ; H_SEG6                                        ;
;   9.466  ;   0.293  ;    ; RE   ; 1      ; LOCAL_INTERCONNECT_X62_Y31_N0_I8      ; LAB_LINE                                      ;
;   9.589  ;   0.123  ;    ; RE   ; 1      ; BLOCK_INPUT_MUX_X62_Y31_N0_I57        ; LEIM_INPUT                                    ;
;   9.589  ;   0.000  ; FF ; IC   ; 1      ; LABCELL_X62_Y31_N42                   ; state_array~929|dataf                         ;
;   9.679  ;   0.090  ; FF ; CELL ; 1      ; LABCELL_X62_Y31_N42                   ; state_array~929|combout                       ;
;   9.679  ;   0.000  ;    ; RE   ; 1      ; LABCELL_X62_Y31_N42                   ; ARRIAV_LCELL_COMB                             ;
;   9.780  ;   0.101  ;    ; RE   ; 1      ; LE_BUFFER_X62_Y31_N0_I29              ; LE_BUFFER                                     ;
;   10.088 ;   0.308  ;    ; RE   ; 1      ; C4_X61_Y32_N0_I4                      ; V_SEG4                                        ;
;   10.393 ;   0.305  ;    ; RE   ; 1      ; R3_X59_Y34_N0_I17                     ; H_SEG3                                        ;
;   10.586 ;   0.193  ;    ; RE   ; 1      ; LOCAL_INTERCONNECT_X61_Y34_N0_I8      ; LAB_LINE                                      ;
;   10.720 ;   0.134  ;    ; RE   ; 1      ; BLOCK_INPUT_MUX_X61_Y34_N0_I71        ; LEIM_INPUT                                    ;
;   10.721 ;   0.001  ; FF ; IC   ; 1      ; LABCELL_X61_Y34_N51                   ; state_array~930|dataf                         ;
;   10.805 ;   0.084  ; FF ; CELL ; 1      ; LABCELL_X61_Y34_N51                   ; state_array~930|combout                       ;
;   10.805 ;   0.000  ;    ; RE   ; 1      ; LABCELL_X61_Y34_N51                   ; ARRIAV_LCELL_COMB                             ;
;   10.805 ;   0.000  ; FF ; IC   ; 1      ; FF_X61_Y34_N53                        ; state_array[0][4][28]|d                       ;
;   11.111 ;   0.306  ; FF ; CELL ; 1      ; FF_X61_Y34_N53                        ; state_array[0][4][28]                         ;
+----------+----------+----+------+--------+---------------------------------------+-----------------------------------------------+

+-------------------------------------------------------------------------------------------------------------+
; Data Required Path                                                                                          ;
+----------+---------+----+------+--------+---------------------------------------+---------------------------+
; Total    ; Incr    ; RF ; Type ; Fanout ; Location                              ; Element                   ;
+----------+---------+----+------+--------+---------------------------------------+---------------------------+
; 7.407    ; 7.407   ;    ;      ;        ;                                       ; latch edge time           ;
; 11.752   ; 4.345   ;    ;      ;        ;                                       ; clock path                ;
;   7.407  ;   0.000 ;    ;      ;        ;                                       ; source latency            ;
;   7.407  ;   0.000 ;    ;      ; 1      ; PIN_M16                               ; clk                       ;
;   7.407  ;   0.000 ;    ; RE   ; 1      ; IOPAD_X89_Y35_N60                     ; ARRIAV_IO_PAD             ;
;   7.407  ;   0.000 ;    ; RE   ; 1      ; IO_PAD_OUTPUT_X89_Y35_N60_I1          ; IO_PAD_OUTPUT             ;
;   7.407  ;   0.000 ;    ; RE   ; 1      ; IO_INPUT_BUFFER_INPUT_X89_Y35_N61_I0  ; IO_INPUT_BUFFER_INPUT     ;
;   7.407  ;   0.000 ; RR ; IC   ; 1      ; IOIBUF_X89_Y35_N61                    ; clk~input|i               ;
;   8.146  ;   0.739 ; RR ; CELL ; 1      ; IOIBUF_X89_Y35_N61                    ; clk~input|o               ;
;   8.146  ;   0.000 ;    ; RE   ; 1      ; IOIBUF_X89_Y35_N61                    ; ARRIAV_IO_IBUF            ;
;   8.146  ;   0.000 ;    ; RE   ; 1      ; IO_INPUT_BUFFER_OUTPUT_X89_Y35_N61_I2 ; IO_INPUT_BUFFER_OUTPUT    ;
;   8.146  ;   0.000 ;    ; RE   ; 1      ; IO_RE_X89_Y35_N60_I96                 ; IO_RE                     ;
;   8.234  ;   0.088 ;    ; RE   ; 1      ; IO_RE_X89_Y35_N60_I66                 ; IO_RE                     ;
;   8.509  ;   0.275 ;    ; RE   ; 1      ; CLKBUF_CLUSTER_RE_X89_Y39_N3_I421     ; CLKBUF_CLUSTER_RE         ;
;   8.509  ;   0.000 ;    ; RE   ; 1      ; CLKBUF_CLUSTER_RE_X89_Y39_N3_I772     ; CLKBUF_CLUSTER_RE         ;
;   8.509  ;   0.000 ;    ; RE   ; 1      ; CLKBUF_CLUSTER_RE_X89_Y39_N3_I557     ; CLKBUF_CLUSTER_RE         ;
;   8.509  ;   0.000 ;    ; RE   ; 1      ; GCLK_CLUSTER_RE_X89_Y39_N6_I10        ; GCLK_CLUSTER_RE           ;
;   8.509  ;   0.000 ;    ; RE   ; 1      ; CLKBUFBLOCK_INPUT_X89_Y39_N7_I0       ; CLKBUFBLOCK_INPUT         ;
;   8.509  ;   0.000 ; RR ; IC   ; 1      ; CLKCTRL_G9                            ; clk~inputCLKENA0|inclk    ;
;   8.979  ;   0.470 ; RR ; CELL ; 1674   ; CLKCTRL_G9                            ; clk~inputCLKENA0|outclk   ;
;   8.979  ;   0.000 ;    ; RE   ; 1      ; CLKCTRL_G9                            ; ARRIAV_CLKBUF             ;
;   8.979  ;   0.000 ;    ; RE   ; 1      ; CLKBUFBLOCK_OUTPUT_X89_Y39_N7_I2      ; CLKBUFBLOCK_OUTPUT        ;
;   8.979  ;   0.000 ;    ; RE   ; 1      ; GCLK_CLUSTER_RE_X89_Y39_N6_I12        ; GCLK_CLUSTER_RE           ;
;   8.979  ;   0.000 ;    ; RE   ; 1      ; CLKBUF_CLUSTER_RE_X89_Y39_N3_I416     ; CLKBUF_CLUSTER_RE         ;
;   9.755  ;   0.776 ;    ; RE   ; 5      ; GLOBAL_CLOCK_X0_Y36_N0_I9             ; GLOBAL_CLOCK              ;
;   9.893  ;   0.138 ;    ; RE   ; 16     ; SPINE_CLOCK_X55_Y19_N0_I22            ; SPINE_CLOCK               ;
;   10.282 ;   0.389 ;    ; RE   ; 1      ; SCLK_TO_ROWCLK_BUF_X55_Y34_N0_I133    ; SCLK_TO_ROWCLK_BUF        ;
;   10.373 ;   0.091 ;    ; RE   ; 2      ; SCLK_TO_ROWCLK_BUF_X55_Y34_N0_I136    ; SCLK_TO_ROWCLK_BUF        ;
;   10.838 ;   0.465 ;    ; RE   ; 10     ; LAB_CLK_X56_Y34_N0_I5                 ; LAB_CLK                   ;
;   10.967 ;   0.129 ;    ; RE   ; 1      ; BLK_CLK_BUF_X61_Y34_N0_I5             ; BLK_CLK_BUF               ;
;   11.022 ;   0.055 ;    ; RE   ; 1      ; ROWCLKSEL_PREBUF_X61_Y34_N0_I5        ; ROWCLKSEL_PREBUF          ;
;   11.076 ;   0.054 ;    ; RE   ; 1      ; ROWCLKSEL_X61_Y34_N0_I0               ; ROWCLKSEL                 ;
;   11.076 ;   0.000 ;    ; RE   ; 1      ; GLOBAL_LOCAL_SEL_X61_Y34_N0_I0        ; GLOBAL_LOCAL_SEL          ;
;   11.076 ;   0.000 ;    ; RE   ; 9      ; LAB_INPUT_X61_Y34_N0_I0               ; LAB_INPUT                 ;
;   11.076 ;   0.000 ; RR ; IC   ; 1      ; FF_X61_Y34_N53                        ; state_array[0][4][28]|clk ;
;   11.647 ;   0.571 ; RR ; CELL ; 1      ; FF_X61_Y34_N53                        ; state_array[0][4][28]     ;
;   11.752 ;   0.105 ;    ;      ;        ;                                       ; clock pessimism removed   ;
; 11.652   ; -0.100  ;    ;      ;        ;                                       ; clock uncertainty         ;
; 11.652   ; 0.000   ;    ; uTsu ; 1      ; FF_X61_Y34_N53                        ; state_array[0][4][28]     ;
+----------+---------+----+------+--------+---------------------------------------+---------------------------+

----------------------------
; Extra Fitter Information ;
----------------------------
HTML report is unavailable in plain text report export.


