----------------
; Command Info ;
----------------
Report Timing: Found 20 hold paths (0 violated).  Worst case slack is 0.496 

Tcl Command:
    report_timing -hold -show_routing -multi_corner -file critical_paths/worst_hold_paths.rpt -panel_name {LightHD challenge: worst hold paths} -npaths 20 -detail full_path

Options:
    -hold 
    -npaths 20 
    -show_routing 
    -detail full_path 
    -panel_name {LightHD challenge: worst hold paths} 
    -file {critical_paths/worst_hold_paths.rpt} 
    -multi_corner 

Delay Model:
    Slow 1100mV 85C Model

+-----------------------------------------------------------------------------------------------------------------------------------------+
; Summary of Paths                                                                                                                        ;
+-------+-----------------------------+-----------------------------+--------------+-------------+--------------+------------+------------+
; Slack ; From Node                   ; To Node                     ; Launch Clock ; Latch Clock ; Relationship ; Clock Skew ; Data Delay ;
+-------+-----------------------------+-----------------------------+--------------+-------------+--------------+------------+------------+
; 0.496 ; message_bytes_remaining[12] ; message_bytes_remaining[12] ; clk          ; clk         ; 0.000        ; 0.122      ; 0.618      ;
; 0.509 ; xof_bytes_remaining[15]     ; xof_bytes_remaining[15]     ; clk          ; clk         ; 0.000        ; 0.123      ; 0.632      ;
; 0.510 ; message_bytes_remaining[5]  ; message_bytes_remaining[5]  ; clk          ; clk         ; 0.000        ; 0.122      ; 0.632      ;
; 0.510 ; xof_bytes_remaining[11]     ; xof_bytes_remaining[11]     ; clk          ; clk         ; 0.000        ; 0.123      ; 0.633      ;
; 0.513 ; message_bytes_remaining[15] ; message_bytes_remaining[15] ; clk          ; clk         ; 0.000        ; 0.122      ; 0.635      ;
; 0.514 ; message_bytes_remaining[13] ; message_bytes_remaining[13] ; clk          ; clk         ; 0.000        ; 0.122      ; 0.636      ;
; 0.517 ; xof_bytes_remaining[6]      ; xof_bytes_remaining[6]      ; clk          ; clk         ; 0.000        ; 0.123      ; 0.640      ;
; 0.518 ; message_bytes_remaining[8]  ; message_bytes_remaining[8]  ; clk          ; clk         ; 0.000        ; 0.122      ; 0.640      ;
; 0.518 ; xof_bytes_remaining[9]      ; xof_bytes_remaining[9]      ; clk          ; clk         ; 0.000        ; 0.123      ; 0.641      ;
; 0.522 ; xof_bytes_remaining[8]      ; xof_bytes_remaining[8]      ; clk          ; clk         ; 0.000        ; 0.123      ; 0.645      ;
; 0.523 ; state_array[1][1][34]       ; state_array[1][1][34]       ; clk          ; clk         ; 0.000        ; 0.128      ; 0.651      ;
; 0.523 ; state_array[1][4][57]       ; state_array[1][4][57]       ; clk          ; clk         ; 0.000        ; 0.128      ; 0.651      ;
; 0.523 ; state_array[0][0][32]       ; state_array[0][0][32]       ; clk          ; clk         ; 0.000        ; 0.128      ; 0.651      ;
; 0.523 ; state_array[0][0][57]       ; state_array[0][0][57]       ; clk          ; clk         ; 0.000        ; 0.128      ; 0.651      ;
; 0.524 ; message_bytes_remaining[6]  ; message_bytes_remaining[6]  ; clk          ; clk         ; 0.000        ; 0.122      ; 0.646      ;
; 0.524 ; state_array[2][1][24]       ; state_array[2][1][24]       ; clk          ; clk         ; 0.000        ; 0.127      ; 0.651      ;
; 0.524 ; state_array[0][0][25]       ; state_array[0][0][25]       ; clk          ; clk         ; 0.000        ; 0.127      ; 0.651      ;
; 0.524 ; state_array[2][1][21]       ; state_array[2][1][21]       ; clk          ; clk         ; 0.000        ; 0.127      ; 0.651      ;
; 0.524 ; state_array[4][1][21]       ; state_array[4][1][21]       ; clk          ; clk         ; 0.000        ; 0.127      ; 0.651      ;
; 0.524 ; state_array[1][2][24]       ; state_array[1][2][24]       ; clk          ; clk         ; 0.000        ; 0.127      ; 0.651      ;
+-------+-----------------------------+-----------------------------+--------------+-------------+--------------+------------+------------+

Path #1: Hold slack is 0.496 
===============================================================================
+--------------------------------------------------+
; Path Summary                                     ;
+--------------------+-----------------------------+
; Property           ; Value                       ;
+--------------------+-----------------------------+
; From Node          ; message_bytes_remaining[12] ;
; To Node            ; message_bytes_remaining[12] ;
; Launch Clock       ; clk                         ;
; Latch Clock        ; clk                         ;
; Data Arrival Time  ; 4.809                       ;
; Data Required Time ; 4.313                       ;
; Slack              ; 0.496                       ;
+--------------------+-----------------------------+

+------------------------------------------------------------------------------------+
; Statistics                                                                         ;
+------------------------+-------+-------+-------------+------------+--------+-------+
; Property               ; Value ; Count ; Total Delay ; % of Total ; Min    ; Max   ;
+------------------------+-------+-------+-------------+------------+--------+-------+
; Hold Relationship      ; 0.000 ;       ;             ;            ;        ;       ;
; Clock Skew             ; 0.122 ;       ;             ;            ;        ;       ;
; Data Delay             ; 0.618 ;       ;             ;            ;        ;       ;
; Number of Logic Levels ;       ; 1     ;             ;            ;        ;       ;
; Physical Delays        ;       ;       ;             ;            ;        ;       ;
;  Arrival Path          ;       ;       ;             ;            ;        ;       ;
;   Clock                ;       ;       ;             ;            ;        ;       ;
;    IC                  ;       ; 3     ; 0.001       ; 0          ; 0.000  ; 0.001 ;
;    Cell                ;       ; 3     ; 1.759       ; 42         ; 0.470  ; 0.739 ;
;    Routing Element     ;       ; 26    ; 2.431       ; 58         ; 0.000  ; 0.776 ;
;   Data                 ;       ;       ;             ;            ;        ;       ;
;    IC                  ;       ; 2     ; 0.000       ; 0          ; 0.000  ; 0.000 ;
;    Cell                ;       ; 3     ; 0.347       ; 56         ; 0.000  ; 0.265 ;
;    uTco                ;       ; 1     ; 0.000       ; 0          ; 0.000  ; 0.000 ;
;    Routing Element     ;       ; 4     ; 0.271       ; 44         ; 0.000  ; 0.137 ;
;  Required Path         ;       ;       ;             ;            ;        ;       ;
;   Clock                ;       ;       ;             ;            ;        ;       ;
;    IC                  ;       ; 3     ; -0.001      ; 0          ; -0.001 ; 0.000 ;
;    Cell                ;       ; 3     ; 1.885       ; 42         ; 0.507  ; 0.739 ;
;    Routing Element     ;       ; 26    ; 2.556       ; 58         ; 0.000  ; 0.821 ;
+------------------------+-------+-------+-------------+------------+--------+-------+
Note: Negative delays are omitted from totals when calculating percentages

+------------------------------------------------------------------------------------------------------------------+
; Data Arrival Path                                                                                                ;
+---------+---------+----+------+--------+---------------------------------------+---------------------------------+
; Total   ; Incr    ; RF ; Type ; Fanout ; Location                              ; Element                         ;
+---------+---------+----+------+--------+---------------------------------------+---------------------------------+
; 0.000   ; 0.000   ;    ;      ;        ;                                       ; launch edge time                ;
; 4.191   ; 4.191   ;    ;      ;        ;                                       ; clock path                      ;
;   0.000 ;   0.000 ;    ;      ;        ;                                       ; source latency                  ;
;   0.000 ;   0.000 ;    ;      ; 1      ; PIN_M16                               ; clk                             ;
;   0.000 ;   0.000 ;    ; RE   ; 1      ; IOPAD_X89_Y35_N60                     ; ARRIAV_IO_PAD                   ;
;   0.000 ;   0.000 ;    ; RE   ; 1      ; IO_PAD_OUTPUT_X89_Y35_N60_I1          ; IO_PAD_OUTPUT                   ;
;   0.000 ;   0.000 ;    ; RE   ; 1      ; IO_INPUT_BUFFER_INPUT_X89_Y35_N61_I0  ; IO_INPUT_BUFFER_INPUT           ;
;   0.000 ;   0.000 ; RR ; IC   ; 1      ; IOIBUF_X89_Y35_N61                    ; clk~input|i                     ;
;   0.739 ;   0.739 ; RR ; CELL ; 1      ; IOIBUF_X89_Y35_N61                    ; clk~input|o                     ;
;   0.739 ;   0.000 ;    ; RE   ; 1      ; IOIBUF_X89_Y35_N61                    ; ARRIAV_IO_IBUF                  ;
;   0.739 ;   0.000 ;    ; RE   ; 1      ; IO_INPUT_BUFFER_OUTPUT_X89_Y35_N61_I2 ; IO_INPUT_BUFFER_OUTPUT          ;
;   0.739 ;   0.000 ;    ; RE   ; 1      ; IO_RE_X89_Y35_N60_I96                 ; IO_RE                           ;
;   0.827 ;   0.088 ;    ; RE   ; 1      ; IO_RE_X89_Y35_N60_I66                 ; IO_RE                           ;
;   1.102 ;   0.275 ;    ; RE   ; 1      ; CLKBUF_CLUSTER_RE_X89_Y39_N3_I421     ; CLKBUF_CLUSTER_RE               ;
;   1.102 ;   0.000 ;    ; RE   ; 1      ; CLKBUF_CLUSTER_RE_X89_Y39_N3_I772     ; CLKBUF_CLUSTER_RE               ;
;   1.102 ;   0.000 ;    ; RE   ; 1      ; CLKBUF_CLUSTER_RE_X89_Y39_N3_I557     ; CLKBUF_CLUSTER_RE               ;
;   1.102 ;   0.000 ;    ; RE   ; 1      ; GCLK_CLUSTER_RE_X89_Y39_N6_I10        ; GCLK_CLUSTER_RE                 ;
;   1.102 ;   0.000 ;    ; RE   ; 1      ; CLKBUFBLOCK_INPUT_X89_Y39_N7_I0       ; CLKBUFBLOCK_INPUT               ;
;   1.102 ;   0.000 ; RR ; IC   ; 1      ; CLKCTRL_G9                            ; clk~inputCLKENA0|inclk          ;
;   1.572 ;   0.470 ; RR ; CELL ; 1674   ; CLKCTRL_G9                            ; clk~inputCLKENA0|outclk         ;
;   1.572 ;   0.000 ;    ; RE   ; 1      ; CLKCTRL_G9                            ; ARRIAV_CLKBUF                   ;
;   1.572 ;   0.000 ;    ; RE   ; 1      ; CLKBUFBLOCK_OUTPUT_X89_Y39_N7_I2      ; CLKBUFBLOCK_OUTPUT              ;
;   1.572 ;   0.000 ;    ; RE   ; 1      ; GCLK_CLUSTER_RE_X89_Y39_N6_I12        ; GCLK_CLUSTER_RE                 ;
;   1.572 ;   0.000 ;    ; RE   ; 1      ; CLKBUF_CLUSTER_RE_X89_Y39_N3_I416     ; CLKBUF_CLUSTER_RE               ;
;   2.348 ;   0.776 ;    ; RE   ; 6      ; GLOBAL_CLOCK_X0_Y36_N0_I9             ; GLOBAL_CLOCK                    ;
;   2.486 ;   0.138 ;    ; RE   ; 6      ; SPINE_CLOCK_X55_Y19_N0_I22            ; SPINE_CLOCK                     ;
;   2.875 ;   0.389 ;    ; RE   ; 1      ; SCLK_TO_ROWCLK_BUF_X55_Y22_N0_I133    ; SCLK_TO_ROWCLK_BUF              ;
;   2.956 ;   0.081 ;    ; RE   ; 1      ; SCLK_TO_ROWCLK_BUF_X55_Y22_N0_I136    ; SCLK_TO_ROWCLK_BUF              ;
;   3.408 ;   0.452 ;    ; RE   ; 3      ; LAB_CLK_X45_Y22_N0_I5                 ; LAB_CLK                         ;
;   3.532 ;   0.124 ;    ; RE   ; 1      ; BLK_CLK_BUF_X52_Y22_N0_I5             ; BLK_CLK_BUF                     ;
;   3.585 ;   0.053 ;    ; RE   ; 1      ; ROWCLKSEL_PREBUF_X52_Y22_N0_I5        ; ROWCLKSEL_PREBUF                ;
;   3.640 ;   0.055 ;    ; RE   ; 1      ; ROWCLKSEL_X52_Y22_N0_I1               ; ROWCLKSEL                       ;
;   3.640 ;   0.000 ;    ; RE   ; 1      ; GLOBAL_LOCAL_SEL_X52_Y22_N0_I1        ; GLOBAL_LOCAL_SEL                ;
;   3.640 ;   0.000 ;    ; RE   ; 16     ; LAB_INPUT_X52_Y22_N0_I2               ; LAB_INPUT                       ;
;   3.641 ;   0.001 ; RR ; IC   ; 1      ; FF_X52_Y22_N38                        ; message_bytes_remaining[12]|clk ;
;   4.191 ;   0.550 ; RR ; CELL ; 1      ; FF_X52_Y22_N38                        ; message_bytes_remaining[12]     ;
; 4.809   ; 0.618   ;    ;      ;        ;                                       ; data path                       ;
;   4.191 ;   0.000 ;    ; uTco ; 1      ; FF_X52_Y22_N38                        ; message_bytes_remaining[12]     ;
;   4.191 ;   0.000 ; FF ; CELL ; 3      ; FF_X52_Y22_N38                        ; message_bytes_remaining[12]|q   ;
;   4.248 ;   0.057 ;    ; RE   ; 2      ; FF_X52_Y22_N38                        ; ARRIAV_FF                       ;
;   4.325 ;   0.077 ;    ; RE   ; 1      ; LOCAL_LINE_X52_Y22_N0_I12             ; LOCAL_LINE                      ;
;   4.462 ;   0.137 ;    ; RE   ; 1      ; BLOCK_INPUT_MUX_X52_Y22_N0_I52        ; LEIM_INPUT                      ;
;   4.462 ;   0.000 ; FF ; IC   ; 3      ; MLABCELL_X52_Y22_N36                  ; Add1~53|datac                   ;
;   4.727 ;   0.265 ; FR ; CELL ; 1      ; MLABCELL_X52_Y22_N36                  ; Add1~53|sumout                  ;
;   4.727 ;   0.000 ;    ; RE   ; 3      ; MLABCELL_X52_Y22_N36                  ; ARRIAV_LCELL_COMB               ;
;   4.727 ;   0.000 ; RR ; IC   ; 1      ; FF_X52_Y22_N38                        ; message_bytes_remaining[12]|d   ;
;   4.809 ;   0.082 ; RR ; CELL ; 1      ; FF_X52_Y22_N38                        ; message_bytes_remaining[12]     ;
+---------+---------+----+------+--------+---------------------------------------+---------------------------------+

+-------------------------------------------------------------------------------------------------------------------+
; Data Required Path                                                                                                ;
+---------+----------+----+------+--------+---------------------------------------+---------------------------------+
; Total   ; Incr     ; RF ; Type ; Fanout ; Location                              ; Element                         ;
+---------+----------+----+------+--------+---------------------------------------+---------------------------------+
; 0.000   ; 0.000    ;    ;      ;        ;                                       ; latch edge time                 ;
; 4.313   ; 4.313    ;    ;      ;        ;                                       ; clock path                      ;
;   0.000 ;   0.000  ;    ;      ;        ;                                       ; source latency                  ;
;   0.000 ;   0.000  ;    ;      ; 1      ; PIN_M16                               ; clk                             ;
;   0.000 ;   0.000  ;    ; RE   ; 1      ; IOPAD_X89_Y35_N60                     ; ARRIAV_IO_PAD                   ;
;   0.000 ;   0.000  ;    ; RE   ; 1      ; IO_PAD_OUTPUT_X89_Y35_N60_I1          ; IO_PAD_OUTPUT                   ;
;   0.000 ;   0.000  ;    ; RE   ; 1      ; IO_INPUT_BUFFER_INPUT_X89_Y35_N61_I0  ; IO_INPUT_BUFFER_INPUT           ;
;   0.000 ;   0.000  ; RR ; IC   ; 1      ; IOIBUF_X89_Y35_N61                    ; clk~input|i                     ;
;   0.739 ;   0.739  ; RR ; CELL ; 1      ; IOIBUF_X89_Y35_N61                    ; clk~input|o                     ;
;   0.739 ;   0.000  ;    ; RE   ; 1      ; IOIBUF_X89_Y35_N61                    ; ARRIAV_IO_IBUF                  ;
;   0.739 ;   0.000  ;    ; RE   ; 1      ; IO_INPUT_BUFFER_OUTPUT_X89_Y35_N61_I2 ; IO_INPUT_BUFFER_OUTPUT          ;
;   0.739 ;   0.000  ;    ; RE   ; 1      ; IO_RE_X89_Y35_N60_I96                 ; IO_RE                           ;
;   0.833 ;   0.094  ;    ; RE   ; 1      ; IO_RE_X89_Y35_N60_I66                 ; IO_RE                           ;
;   1.125 ;   0.292  ;    ; RE   ; 1      ; CLKBUF_CLUSTER_RE_X89_Y39_N3_I421     ; CLKBUF_CLUSTER_RE               ;
;   1.125 ;   0.000  ;    ; RE   ; 1      ; CLKBUF_CLUSTER_RE_X89_Y39_N3_I772     ; CLKBUF_CLUSTER_RE               ;
;   1.125 ;   0.000  ;    ; RE   ; 1      ; CLKBUF_CLUSTER_RE_X89_Y39_N3_I557     ; CLKBUF_CLUSTER_RE               ;
;   1.125 ;   0.000  ;    ; RE   ; 1      ; GCLK_CLUSTER_RE_X89_Y39_N6_I10        ; GCLK_CLUSTER_RE                 ;
;   1.125 ;   0.000  ;    ; RE   ; 1      ; CLKBUFBLOCK_INPUT_X89_Y39_N7_I0       ; CLKBUFBLOCK_INPUT               ;
;   1.125 ;   0.000  ; RR ; IC   ; 1      ; CLKCTRL_G9                            ; clk~inputCLKENA0|inclk          ;
;   1.632 ;   0.507  ; RR ; CELL ; 1674   ; CLKCTRL_G9                            ; clk~inputCLKENA0|outclk         ;
;   1.632 ;   0.000  ;    ; RE   ; 1      ; CLKCTRL_G9                            ; ARRIAV_CLKBUF                   ;
;   1.632 ;   0.000  ;    ; RE   ; 1      ; CLKBUFBLOCK_OUTPUT_X89_Y39_N7_I2      ; CLKBUFBLOCK_OUTPUT              ;
;   1.632 ;   0.000  ;    ; RE   ; 1      ; GCLK_CLUSTER_RE_X89_Y39_N6_I12        ; GCLK_CLUSTER_RE                 ;
;   1.632 ;   0.000  ;    ; RE   ; 1      ; CLKBUF_CLUSTER_RE_X89_Y39_N3_I416     ; CLKBUF_CLUSTER_RE               ;
;   2.453 ;   0.821  ;    ; RE   ; 6      ; GLOBAL_CLOCK_X0_Y36_N0_I9             ; GLOBAL_CLOCK                    ;
;   2.596 ;   0.143  ;    ; RE   ; 6      ; SPINE_CLOCK_X55_Y19_N0_I22            ; SPINE_CLOCK                     ;
;   2.999 ;   0.403  ;    ; RE   ; 1      ; SCLK_TO_ROWCLK_BUF_X55_Y22_N0_I133    ; SCLK_TO_ROWCLK_BUF              ;
;   3.083 ;   0.084  ;    ; RE   ; 1      ; SCLK_TO_ROWCLK_BUF_X55_Y22_N0_I136    ; SCLK_TO_ROWCLK_BUF              ;
;   3.552 ;   0.469  ;    ; RE   ; 3      ; LAB_CLK_X45_Y22_N0_I5                 ; LAB_CLK                         ;
;   3.687 ;   0.135  ;    ; RE   ; 1      ; BLK_CLK_BUF_X52_Y22_N0_I5             ; BLK_CLK_BUF                     ;
;   3.742 ;   0.055  ;    ; RE   ; 1      ; ROWCLKSEL_PREBUF_X52_Y22_N0_I5        ; ROWCLKSEL_PREBUF                ;
;   3.802 ;   0.060  ;    ; RE   ; 1      ; ROWCLKSEL_X52_Y22_N0_I1               ; ROWCLKSEL                       ;
;   3.802 ;   0.000  ;    ; RE   ; 1      ; GLOBAL_LOCAL_SEL_X52_Y22_N0_I1        ; GLOBAL_LOCAL_SEL                ;
;   3.802 ;   0.000  ;    ; RE   ; 16     ; LAB_INPUT_X52_Y22_N0_I2               ; LAB_INPUT                       ;
;   3.801 ;   -0.001 ; RR ; IC   ; 1      ; FF_X52_Y22_N38                        ; message_bytes_remaining[12]|clk ;
;   4.440 ;   0.639  ; RR ; CELL ; 1      ; FF_X52_Y22_N38                        ; message_bytes_remaining[12]     ;
;   4.313 ;   -0.127 ;    ;      ;        ;                                       ; clock pessimism removed         ;
; 4.313   ; 0.000    ;    ;      ;        ;                                       ; clock uncertainty               ;
; 4.313   ; 0.000    ;    ; uTh  ; 1      ; FF_X52_Y22_N38                        ; message_bytes_remaining[12]     ;
+---------+----------+----+------+--------+---------------------------------------+---------------------------------+

----------------------------
; Extra Fitter Information ;
----------------------------
HTML report is unavailable in plain text report export.


Path #2: Hold slack is 0.509 
===============================================================================
+----------------------------------------------+
; Path Summary                                 ;
+--------------------+-------------------------+
; Property           ; Value                   ;
+--------------------+-------------------------+
; From Node          ; xof_bytes_remaining[15] ;
; To Node            ; xof_bytes_remaining[15] ;
; Launch Clock       ; clk                     ;
; Latch Clock        ; clk                     ;
; Data Arrival Time  ; 4.839                   ;
; Data Required Time ; 4.330                   ;
; Slack              ; 0.509                   ;
+--------------------+-------------------------+

+-----------------------------------------------------------------------------------+
; Statistics                                                                        ;
+------------------------+-------+-------+-------------+------------+-------+-------+
; Property               ; Value ; Count ; Total Delay ; % of Total ; Min   ; Max   ;
+------------------------+-------+-------+-------------+------------+-------+-------+
; Hold Relationship      ; 0.000 ;       ;             ;            ;       ;       ;
; Clock Skew             ; 0.123 ;       ;             ;            ;       ;       ;
; Data Delay             ; 0.632 ;       ;             ;            ;       ;       ;
; Number of Logic Levels ;       ; 1     ;             ;            ;       ;       ;
; Physical Delays        ;       ;       ;             ;            ;       ;       ;
;  Arrival Path          ;       ;       ;             ;            ;       ;       ;
;   Clock                ;       ;       ;             ;            ;       ;       ;
;    IC                  ;       ; 3     ; 0.000       ; 0          ; 0.000 ; 0.000 ;
;    Cell                ;       ; 3     ; 1.759       ; 42         ; 0.470 ; 0.739 ;
;    Routing Element     ;       ; 26    ; 2.448       ; 58         ; 0.000 ; 0.776 ;
;   Data                 ;       ;       ;             ;            ;       ;       ;
;    IC                  ;       ; 2     ; 0.000       ; 0          ; 0.000 ; 0.000 ;
;    Cell                ;       ; 3     ; 0.349       ; 55         ; 0.000 ; 0.266 ;
;    uTco                ;       ; 1     ; 0.000       ; 0          ; 0.000 ; 0.000 ;
;    Routing Element     ;       ; 4     ; 0.283       ; 45         ; 0.000 ; 0.142 ;
;  Required Path         ;       ;       ;             ;            ;       ;       ;
;   Clock                ;       ;       ;             ;            ;       ;       ;
;    IC                  ;       ; 3     ; 0.000       ; 0          ; 0.000 ; 0.000 ;
;    Cell                ;       ; 3     ; 1.885       ; 42         ; 0.507 ; 0.739 ;
;    Routing Element     ;       ; 26    ; 2.572       ; 58         ; 0.000 ; 0.821 ;
+------------------------+-------+-------+-------------+------------+-------+-------+
Note: Negative delays are omitted from totals when calculating percentages

+--------------------------------------------------------------------------------------------------------------+
; Data Arrival Path                                                                                            ;
+---------+---------+----+------+--------+---------------------------------------+-----------------------------+
; Total   ; Incr    ; RF ; Type ; Fanout ; Location                              ; Element                     ;
+---------+---------+----+------+--------+---------------------------------------+-----------------------------+
; 0.000   ; 0.000   ;    ;      ;        ;                                       ; launch edge time            ;
; 4.207   ; 4.207   ;    ;      ;        ;                                       ; clock path                  ;
;   0.000 ;   0.000 ;    ;      ;        ;                                       ; source latency              ;
;   0.000 ;   0.000 ;    ;      ; 1      ; PIN_M16                               ; clk                         ;
;   0.000 ;   0.000 ;    ; RE   ; 1      ; IOPAD_X89_Y35_N60                     ; ARRIAV_IO_PAD               ;
;   0.000 ;   0.000 ;    ; RE   ; 1      ; IO_PAD_OUTPUT_X89_Y35_N60_I1          ; IO_PAD_OUTPUT               ;
;   0.000 ;   0.000 ;    ; RE   ; 1      ; IO_INPUT_BUFFER_INPUT_X89_Y35_N61_I0  ; IO_INPUT_BUFFER_INPUT       ;
;   0.000 ;   0.000 ; RR ; IC   ; 1      ; IOIBUF_X89_Y35_N61                    ; clk~input|i                 ;
;   0.739 ;   0.739 ; RR ; CELL ; 1      ; IOIBUF_X89_Y35_N61                    ; clk~input|o                 ;
;   0.739 ;   0.000 ;    ; RE   ; 1      ; IOIBUF_X89_Y35_N61                    ; ARRIAV_IO_IBUF              ;
;   0.739 ;   0.000 ;    ; RE   ; 1      ; IO_INPUT_BUFFER_OUTPUT_X89_Y35_N61_I2 ; IO_INPUT_BUFFER_OUTPUT      ;
;   0.739 ;   0.000 ;    ; RE   ; 1      ; IO_RE_X89_Y35_N60_I96                 ; IO_RE                       ;
;   0.827 ;   0.088 ;    ; RE   ; 1      ; IO_RE_X89_Y35_N60_I66                 ; IO_RE                       ;
;   1.102 ;   0.275 ;    ; RE   ; 1      ; CLKBUF_CLUSTER_RE_X89_Y39_N3_I421     ; CLKBUF_CLUSTER_RE           ;
;   1.102 ;   0.000 ;    ; RE   ; 1      ; CLKBUF_CLUSTER_RE_X89_Y39_N3_I772     ; CLKBUF_CLUSTER_RE           ;
;   1.102 ;   0.000 ;    ; RE   ; 1      ; CLKBUF_CLUSTER_RE_X89_Y39_N3_I557     ; CLKBUF_CLUSTER_RE           ;
;   1.102 ;   0.000 ;    ; RE   ; 1      ; GCLK_CLUSTER_RE_X89_Y39_N6_I10        ; GCLK_CLUSTER_RE             ;
;   1.102 ;   0.000 ;    ; RE   ; 1      ; CLKBUFBLOCK_INPUT_X89_Y39_N7_I0       ; CLKBUFBLOCK_INPUT           ;
;   1.102 ;   0.000 ; RR ; IC   ; 1      ; CLKCTRL_G9                            ; clk~inputCLKENA0|inclk      ;
;   1.572 ;   0.470 ; RR ; CELL ; 1674   ; CLKCTRL_G9                            ; clk~inputCLKENA0|outclk     ;
;   1.572 ;   0.000 ;    ; RE   ; 1      ; CLKCTRL_G9                            ; ARRIAV_CLKBUF               ;
;   1.572 ;   0.000 ;    ; RE   ; 1      ; CLKBUFBLOCK_OUTPUT_X89_Y39_N7_I2      ; CLKBUFBLOCK_OUTPUT          ;
;   1.572 ;   0.000 ;    ; RE   ; 1      ; GCLK_CLUSTER_RE_X89_Y39_N6_I12        ; GCLK_CLUSTER_RE             ;
;   1.572 ;   0.000 ;    ; RE   ; 1      ; CLKBUF_CLUSTER_RE_X89_Y39_N3_I416     ; CLKBUF_CLUSTER_RE           ;
;   2.348 ;   0.776 ;    ; RE   ; 6      ; GLOBAL_CLOCK_X0_Y36_N0_I9             ; GLOBAL_CLOCK                ;
;   2.487 ;   0.139 ;    ; RE   ; 6      ; SPINE_CLOCK_X55_Y19_N0_I22            ; SPINE_CLOCK                 ;
;   2.876 ;   0.389 ;    ; RE   ; 1      ; SCLK_TO_ROWCLK_BUF_X55_Y20_N0_I133    ; SCLK_TO_ROWCLK_BUF          ;
;   2.967 ;   0.091 ;    ; RE   ; 2      ; SCLK_TO_ROWCLK_BUF_X55_Y20_N0_I136    ; SCLK_TO_ROWCLK_BUF          ;
;   3.425 ;   0.458 ;    ; RE   ; 9      ; LAB_CLK_X45_Y20_N0_I5                 ; LAB_CLK                     ;
;   3.550 ;   0.125 ;    ; RE   ; 1      ; BLK_CLK_BUF_X55_Y20_N0_I5             ; BLK_CLK_BUF                 ;
;   3.603 ;   0.053 ;    ; RE   ; 1      ; ROWCLKSEL_PREBUF_X55_Y20_N0_I5        ; ROWCLKSEL_PREBUF            ;
;   3.657 ;   0.054 ;    ; RE   ; 1      ; ROWCLKSEL_X55_Y20_N0_I1               ; ROWCLKSEL                   ;
;   3.657 ;   0.000 ;    ; RE   ; 1      ; GLOBAL_LOCAL_SEL_X55_Y20_N0_I1        ; GLOBAL_LOCAL_SEL            ;
;   3.657 ;   0.000 ;    ; RE   ; 13     ; LAB_INPUT_X55_Y20_N0_I2               ; LAB_INPUT                   ;
;   3.657 ;   0.000 ; RR ; IC   ; 1      ; FF_X55_Y20_N38                        ; xof_bytes_remaining[15]|clk ;
;   4.207 ;   0.550 ; RR ; CELL ; 1      ; FF_X55_Y20_N38                        ; xof_bytes_remaining[15]     ;
; 4.839   ; 0.632   ;    ;      ;        ;                                       ; data path                   ;
;   4.207 ;   0.000 ;    ; uTco ; 1      ; FF_X55_Y20_N38                        ; xof_bytes_remaining[15]     ;
;   4.207 ;   0.000 ; FF ; CELL ; 2      ; FF_X55_Y20_N38                        ; xof_bytes_remaining[15]|q   ;
;   4.261 ;   0.054 ;    ; RE   ; 1      ; FF_X55_Y20_N38                        ; ARRIAV_FF                   ;
;   4.348 ;   0.087 ;    ; RE   ; 2      ; LOCAL_LINE_X55_Y20_N0_I12             ; LOCAL_LINE                  ;
;   4.490 ;   0.142 ;    ; RE   ; 1      ; BLOCK_INPUT_MUX_X55_Y20_N0_I52        ; LEIM_INPUT                  ;
;   4.490 ;   0.000 ; FF ; IC   ; 1      ; LABCELL_X55_Y20_N36                   ; Add5~29|datac               ;
;   4.756 ;   0.266 ; FR ; CELL ; 1      ; LABCELL_X55_Y20_N36                   ; Add5~29|sumout              ;
;   4.756 ;   0.000 ;    ; RE   ; 1      ; LABCELL_X55_Y20_N36                   ; ARRIAV_LCELL_COMB           ;
;   4.756 ;   0.000 ; RR ; IC   ; 1      ; FF_X55_Y20_N38                        ; xof_bytes_remaining[15]|d   ;
;   4.839 ;   0.083 ; RR ; CELL ; 1      ; FF_X55_Y20_N38                        ; xof_bytes_remaining[15]     ;
+---------+---------+----+------+--------+---------------------------------------+-----------------------------+

+---------------------------------------------------------------------------------------------------------------+
; Data Required Path                                                                                            ;
+---------+----------+----+------+--------+---------------------------------------+-----------------------------+
; Total   ; Incr     ; RF ; Type ; Fanout ; Location                              ; Element                     ;
+---------+----------+----+------+--------+---------------------------------------+-----------------------------+
; 0.000   ; 0.000    ;    ;      ;        ;                                       ; latch edge time             ;
; 4.330   ; 4.330    ;    ;      ;        ;                                       ; clock path                  ;
;   0.000 ;   0.000  ;    ;      ;        ;                                       ; source latency              ;
;   0.000 ;   0.000  ;    ;      ; 1      ; PIN_M16                               ; clk                         ;
;   0.000 ;   0.000  ;    ; RE   ; 1      ; IOPAD_X89_Y35_N60                     ; ARRIAV_IO_PAD               ;
;   0.000 ;   0.000  ;    ; RE   ; 1      ; IO_PAD_OUTPUT_X89_Y35_N60_I1          ; IO_PAD_OUTPUT               ;
;   0.000 ;   0.000  ;    ; RE   ; 1      ; IO_INPUT_BUFFER_INPUT_X89_Y35_N61_I0  ; IO_INPUT_BUFFER_INPUT       ;
;   0.000 ;   0.000  ; RR ; IC   ; 1      ; IOIBUF_X89_Y35_N61                    ; clk~input|i                 ;
;   0.739 ;   0.739  ; RR ; CELL ; 1      ; IOIBUF_X89_Y35_N61                    ; clk~input|o                 ;
;   0.739 ;   0.000  ;    ; RE   ; 1      ; IOIBUF_X89_Y35_N61                    ; ARRIAV_IO_IBUF              ;
;   0.739 ;   0.000  ;    ; RE   ; 1      ; IO_INPUT_BUFFER_OUTPUT_X89_Y35_N61_I2 ; IO_INPUT_BUFFER_OUTPUT      ;
;   0.739 ;   0.000  ;    ; RE   ; 1      ; IO_RE_X89_Y35_N60_I96                 ; IO_RE                       ;
;   0.833 ;   0.094  ;    ; RE   ; 1      ; IO_RE_X89_Y35_N60_I66                 ; IO_RE                       ;
;   1.125 ;   0.292  ;    ; RE   ; 1      ; CLKBUF_CLUSTER_RE_X89_Y39_N3_I421     ; CLKBUF_CLUSTER_RE           ;
;   1.125 ;   0.000  ;    ; RE   ; 1      ; CLKBUF_CLUSTER_RE_X89_Y39_N3_I772     ; CLKBUF_CLUSTER_RE           ;
;   1.125 ;   0.000  ;    ; RE   ; 1      ; CLKBUF_CLUSTER_RE_X89_Y39_N3_I557     ; CLKBUF_CLUSTER_RE           ;
;   1.125 ;   0.000  ;    ; RE   ; 1      ; GCLK_CLUSTER_RE_X89_Y39_N6_I10        ; GCLK_CLUSTER_RE             ;
;   1.125 ;   0.000  ;    ; RE   ; 1      ; CLKBUFBLOCK_INPUT_X89_Y39_N7_I0       ; CLKBUFBLOCK_INPUT           ;
;   1.125 ;   0.000  ; RR ; IC   ; 1      ; CLKCTRL_G9                            ; clk~inputCLKENA0|inclk      ;
;   1.632 ;   0.507  ; RR ; CELL ; 1674   ; CLKCTRL_G9                            ; clk~inputCLKENA0|outclk     ;
;   1.632 ;   0.000  ;    ; RE   ; 1      ; CLKCTRL_G9                            ; ARRIAV_CLKBUF               ;
;   1.632 ;   0.000  ;    ; RE   ; 1      ; CLKBUFBLOCK_OUTPUT_X89_Y39_N7_I2      ; CLKBUFBLOCK_OUTPUT          ;
;   1.632 ;   0.000  ;    ; RE   ; 1      ; GCLK_CLUSTER_RE_X89_Y39_N6_I12        ; GCLK_CLUSTER_RE             ;
;   1.632 ;   0.000  ;    ; RE   ; 1      ; CLKBUF_CLUSTER_RE_X89_Y39_N3_I416     ; CLKBUF_CLUSTER_RE           ;
;   2.453 ;   0.821  ;    ; RE   ; 6      ; GLOBAL_CLOCK_X0_Y36_N0_I9             ; GLOBAL_CLOCK                ;
;   2.597 ;   0.144  ;    ; RE   ; 6      ; SPINE_CLOCK_X55_Y19_N0_I22            ; SPINE_CLOCK                 ;
;   3.000 ;   0.403  ;    ; RE   ; 1      ; SCLK_TO_ROWCLK_BUF_X55_Y20_N0_I133    ; SCLK_TO_ROWCLK_BUF          ;
;   3.094 ;   0.094  ;    ; RE   ; 2      ; SCLK_TO_ROWCLK_BUF_X55_Y20_N0_I136    ; SCLK_TO_ROWCLK_BUF          ;
;   3.568 ;   0.474  ;    ; RE   ; 9      ; LAB_CLK_X45_Y20_N0_I5                 ; LAB_CLK                     ;
;   3.704 ;   0.136  ;    ; RE   ; 1      ; BLK_CLK_BUF_X55_Y20_N0_I5             ; BLK_CLK_BUF                 ;
;   3.759 ;   0.055  ;    ; RE   ; 1      ; ROWCLKSEL_PREBUF_X55_Y20_N0_I5        ; ROWCLKSEL_PREBUF            ;
;   3.818 ;   0.059  ;    ; RE   ; 1      ; ROWCLKSEL_X55_Y20_N0_I1               ; ROWCLKSEL                   ;
;   3.818 ;   0.000  ;    ; RE   ; 1      ; GLOBAL_LOCAL_SEL_X55_Y20_N0_I1        ; GLOBAL_LOCAL_SEL            ;
;   3.818 ;   0.000  ;    ; RE   ; 13     ; LAB_INPUT_X55_Y20_N0_I2               ; LAB_INPUT                   ;
;   3.818 ;   0.000  ; RR ; IC   ; 1      ; FF_X55_Y20_N38                        ; xof_bytes_remaining[15]|clk ;
;   4.457 ;   0.639  ; RR ; CELL ; 1      ; FF_X55_Y20_N38                        ; xof_bytes_remaining[15]     ;
;   4.330 ;   -0.127 ;    ;      ;        ;                                       ; clock pessimism removed     ;
; 4.330   ; 0.000    ;    ;      ;        ;                                       ; clock uncertainty           ;
; 4.330   ; 0.000    ;    ; uTh  ; 1      ; FF_X55_Y20_N38                        ; xof_bytes_remaining[15]     ;
+---------+----------+----+------+--------+---------------------------------------+-----------------------------+

----------------------------
; Extra Fitter Information ;
----------------------------
HTML report is unavailable in plain text report export.


Path #3: Hold slack is 0.510 
===============================================================================
+-------------------------------------------------+
; Path Summary                                    ;
+--------------------+----------------------------+
; Property           ; Value                      ;
+--------------------+----------------------------+
; From Node          ; message_bytes_remaining[5] ;
; To Node            ; message_bytes_remaining[5] ;
; Launch Clock       ; clk                        ;
; Latch Clock        ; clk                        ;
; Data Arrival Time  ; 4.829                      ;
; Data Required Time ; 4.319                      ;
; Slack              ; 0.510                      ;
+--------------------+----------------------------+

+------------------------------------------------------------------------------------+
; Statistics                                                                         ;
+------------------------+-------+-------+-------------+------------+--------+-------+
; Property               ; Value ; Count ; Total Delay ; % of Total ; Min    ; Max   ;
+------------------------+-------+-------+-------------+------------+--------+-------+
; Hold Relationship      ; 0.000 ;       ;             ;            ;        ;       ;
; Clock Skew             ; 0.122 ;       ;             ;            ;        ;       ;
; Data Delay             ; 0.632 ;       ;             ;            ;        ;       ;
; Number of Logic Levels ;       ; 1     ;             ;            ;        ;       ;
; Physical Delays        ;       ;       ;             ;            ;        ;       ;
;  Arrival Path          ;       ;       ;             ;            ;        ;       ;
;   Clock                ;       ;       ;             ;            ;        ;       ;
;    IC                  ;       ; 3     ; 0.001       ; 0          ; 0.000  ; 0.001 ;
;    Cell                ;       ; 3     ; 1.765       ; 42         ; 0.470  ; 0.739 ;
;    Routing Element     ;       ; 26    ; 2.431       ; 58         ; 0.000  ; 0.776 ;
;   Data                 ;       ;       ;             ;            ;        ;       ;
;    IC                  ;       ; 2     ; 0.000       ; 0          ; 0.000  ; 0.000 ;
;    Cell                ;       ; 3     ; 0.353       ; 56         ; 0.000  ; 0.271 ;
;    uTco                ;       ; 1     ; 0.000       ; 0          ; 0.000  ; 0.000 ;
;    Routing Element     ;       ; 4     ; 0.279       ; 44         ; 0.000  ; 0.139 ;
;  Required Path         ;       ;       ;             ;            ;        ;       ;
;   Clock                ;       ;       ;             ;            ;        ;       ;
;    IC                  ;       ; 3     ; -0.001      ; 0          ; -0.001 ; 0.000 ;
;    Cell                ;       ; 3     ; 1.891       ; 43         ; 0.507  ; 0.739 ;
;    Routing Element     ;       ; 26    ; 2.556       ; 57         ; 0.000  ; 0.821 ;
+------------------------+-------+-------+-------------+------------+--------+-------+
Note: Negative delays are omitted from totals when calculating percentages

+-----------------------------------------------------------------------------------------------------------------+
; Data Arrival Path                                                                                               ;
+---------+---------+----+------+--------+---------------------------------------+--------------------------------+
; Total   ; Incr    ; RF ; Type ; Fanout ; Location                              ; Element                        ;
+---------+---------+----+------+--------+---------------------------------------+--------------------------------+
; 0.000   ; 0.000   ;    ;      ;        ;                                       ; launch edge time               ;
; 4.197   ; 4.197   ;    ;      ;        ;                                       ; clock path                     ;
;   0.000 ;   0.000 ;    ;      ;        ;                                       ; source latency                 ;
;   0.000 ;   0.000 ;    ;      ; 1      ; PIN_M16                               ; clk                            ;
;   0.000 ;   0.000 ;    ; RE   ; 1      ; IOPAD_X89_Y35_N60                     ; ARRIAV_IO_PAD                  ;
;   0.000 ;   0.000 ;    ; RE   ; 1      ; IO_PAD_OUTPUT_X89_Y35_N60_I1          ; IO_PAD_OUTPUT                  ;
;   0.000 ;   0.000 ;    ; RE   ; 1      ; IO_INPUT_BUFFER_INPUT_X89_Y35_N61_I0  ; IO_INPUT_BUFFER_INPUT          ;
;   0.000 ;   0.000 ; RR ; IC   ; 1      ; IOIBUF_X89_Y35_N61                    ; clk~input|i                    ;
;   0.739 ;   0.739 ; RR ; CELL ; 1      ; IOIBUF_X89_Y35_N61                    ; clk~input|o                    ;
;   0.739 ;   0.000 ;    ; RE   ; 1      ; IOIBUF_X89_Y35_N61                    ; ARRIAV_IO_IBUF                 ;
;   0.739 ;   0.000 ;    ; RE   ; 1      ; IO_INPUT_BUFFER_OUTPUT_X89_Y35_N61_I2 ; IO_INPUT_BUFFER_OUTPUT         ;
;   0.739 ;   0.000 ;    ; RE   ; 1      ; IO_RE_X89_Y35_N60_I96                 ; IO_RE                          ;
;   0.827 ;   0.088 ;    ; RE   ; 1      ; IO_RE_X89_Y35_N60_I66                 ; IO_RE                          ;
;   1.102 ;   0.275 ;    ; RE   ; 1      ; CLKBUF_CLUSTER_RE_X89_Y39_N3_I421     ; CLKBUF_CLUSTER_RE              ;
;   1.102 ;   0.000 ;    ; RE   ; 1      ; CLKBUF_CLUSTER_RE_X89_Y39_N3_I772     ; CLKBUF_CLUSTER_RE              ;
;   1.102 ;   0.000 ;    ; RE   ; 1      ; CLKBUF_CLUSTER_RE_X89_Y39_N3_I557     ; CLKBUF_CLUSTER_RE              ;
;   1.102 ;   0.000 ;    ; RE   ; 1      ; GCLK_CLUSTER_RE_X89_Y39_N6_I10        ; GCLK_CLUSTER_RE                ;
;   1.102 ;   0.000 ;    ; RE   ; 1      ; CLKBUFBLOCK_INPUT_X89_Y39_N7_I0       ; CLKBUFBLOCK_INPUT              ;
;   1.102 ;   0.000 ; RR ; IC   ; 1      ; CLKCTRL_G9                            ; clk~inputCLKENA0|inclk         ;
;   1.572 ;   0.470 ; RR ; CELL ; 1674   ; CLKCTRL_G9                            ; clk~inputCLKENA0|outclk        ;
;   1.572 ;   0.000 ;    ; RE   ; 1      ; CLKCTRL_G9                            ; ARRIAV_CLKBUF                  ;
;   1.572 ;   0.000 ;    ; RE   ; 1      ; CLKBUFBLOCK_OUTPUT_X89_Y39_N7_I2      ; CLKBUFBLOCK_OUTPUT             ;
;   1.572 ;   0.000 ;    ; RE   ; 1      ; GCLK_CLUSTER_RE_X89_Y39_N6_I12        ; GCLK_CLUSTER_RE                ;
;   1.572 ;   0.000 ;    ; RE   ; 1      ; CLKBUF_CLUSTER_RE_X89_Y39_N3_I416     ; CLKBUF_CLUSTER_RE              ;
;   2.348 ;   0.776 ;    ; RE   ; 6      ; GLOBAL_CLOCK_X0_Y36_N0_I9             ; GLOBAL_CLOCK                   ;
;   2.486 ;   0.138 ;    ; RE   ; 6      ; SPINE_CLOCK_X55_Y19_N0_I22            ; SPINE_CLOCK                    ;
;   2.875 ;   0.389 ;    ; RE   ; 1      ; SCLK_TO_ROWCLK_BUF_X55_Y22_N0_I133    ; SCLK_TO_ROWCLK_BUF             ;
;   2.956 ;   0.081 ;    ; RE   ; 1      ; SCLK_TO_ROWCLK_BUF_X55_Y22_N0_I136    ; SCLK_TO_ROWCLK_BUF             ;
;   3.408 ;   0.452 ;    ; RE   ; 3      ; LAB_CLK_X45_Y22_N0_I5                 ; LAB_CLK                        ;
;   3.532 ;   0.124 ;    ; RE   ; 1      ; BLK_CLK_BUF_X52_Y22_N0_I5             ; BLK_CLK_BUF                    ;
;   3.585 ;   0.053 ;    ; RE   ; 1      ; ROWCLKSEL_PREBUF_X52_Y22_N0_I5        ; ROWCLKSEL_PREBUF               ;
;   3.640 ;   0.055 ;    ; RE   ; 1      ; ROWCLKSEL_X52_Y22_N0_I1               ; ROWCLKSEL                      ;
;   3.640 ;   0.000 ;    ; RE   ; 1      ; GLOBAL_LOCAL_SEL_X52_Y22_N0_I1        ; GLOBAL_LOCAL_SEL               ;
;   3.640 ;   0.000 ;    ; RE   ; 16     ; LAB_INPUT_X52_Y22_N0_I2               ; LAB_INPUT                      ;
;   3.641 ;   0.001 ; RR ; IC   ; 1      ; FF_X52_Y22_N17                        ; message_bytes_remaining[5]|clk ;
;   4.197 ;   0.556 ; RR ; CELL ; 1      ; FF_X52_Y22_N17                        ; message_bytes_remaining[5]     ;
; 4.829   ; 0.632   ;    ;      ;        ;                                       ; data path                      ;
;   4.197 ;   0.000 ;    ; uTco ; 1      ; FF_X52_Y22_N17                        ; message_bytes_remaining[5]     ;
;   4.197 ;   0.000 ; FF ; CELL ; 3      ; FF_X52_Y22_N17                        ; message_bytes_remaining[5]|q   ;
;   4.251 ;   0.054 ;    ; RE   ; 2      ; FF_X52_Y22_N17                        ; ARRIAV_FF                      ;
;   4.337 ;   0.086 ;    ; RE   ; 2      ; LOCAL_LINE_X52_Y22_N0_I5              ; LOCAL_LINE                     ;
;   4.476 ;   0.139 ;    ; RE   ; 1      ; BLOCK_INPUT_MUX_X52_Y22_N0_I21        ; LEIM_INPUT                     ;
;   4.476 ;   0.000 ; FF ; IC   ; 4      ; MLABCELL_X52_Y22_N15                  ; Add1~13|datac                  ;
;   4.747 ;   0.271 ; FR ; CELL ; 1      ; MLABCELL_X52_Y22_N15                  ; Add1~13|sumout                 ;
;   4.747 ;   0.000 ;    ; RE   ; 3      ; MLABCELL_X52_Y22_N15                  ; ARRIAV_LCELL_COMB              ;
;   4.747 ;   0.000 ; RR ; IC   ; 1      ; FF_X52_Y22_N17                        ; message_bytes_remaining[5]|d   ;
;   4.829 ;   0.082 ; RR ; CELL ; 1      ; FF_X52_Y22_N17                        ; message_bytes_remaining[5]     ;
+---------+---------+----+------+--------+---------------------------------------+--------------------------------+

+------------------------------------------------------------------------------------------------------------------+
; Data Required Path                                                                                               ;
+---------+----------+----+------+--------+---------------------------------------+--------------------------------+
; Total   ; Incr     ; RF ; Type ; Fanout ; Location                              ; Element                        ;
+---------+----------+----+------+--------+---------------------------------------+--------------------------------+
; 0.000   ; 0.000    ;    ;      ;        ;                                       ; latch edge time                ;
; 4.319   ; 4.319    ;    ;      ;        ;                                       ; clock path                     ;
;   0.000 ;   0.000  ;    ;      ;        ;                                       ; source latency                 ;
;   0.000 ;   0.000  ;    ;      ; 1      ; PIN_M16                               ; clk                            ;
;   0.000 ;   0.000  ;    ; RE   ; 1      ; IOPAD_X89_Y35_N60                     ; ARRIAV_IO_PAD                  ;
;   0.000 ;   0.000  ;    ; RE   ; 1      ; IO_PAD_OUTPUT_X89_Y35_N60_I1          ; IO_PAD_OUTPUT                  ;
;   0.000 ;   0.000  ;    ; RE   ; 1      ; IO_INPUT_BUFFER_INPUT_X89_Y35_N61_I0  ; IO_INPUT_BUFFER_INPUT          ;
;   0.000 ;   0.000  ; RR ; IC   ; 1      ; IOIBUF_X89_Y35_N61                    ; clk~input|i                    ;
;   0.739 ;   0.739  ; RR ; CELL ; 1      ; IOIBUF_X89_Y35_N61                    ; clk~input|o                    ;
;   0.739 ;   0.000  ;    ; RE   ; 1      ; IOIBUF_X89_Y35_N61                    ; ARRIAV_IO_IBUF                 ;
;   0.739 ;   0.000  ;    ; RE   ; 1      ; IO_INPUT_BUFFER_OUTPUT_X89_Y35_N61_I2 ; IO_INPUT_BUFFER_OUTPUT         ;
;   0.739 ;   0.000  ;    ; RE   ; 1      ; IO_RE_X89_Y35_N60_I96                 ; IO_RE                          ;
;   0.833 ;   0.094  ;    ; RE   ; 1      ; IO_RE_X89_Y35_N60_I66                 ; IO_RE                          ;
;   1.125 ;   0.292  ;    ; RE   ; 1      ; CLKBUF_CLUSTER_RE_X89_Y39_N3_I421     ; CLKBUF_CLUSTER_RE              ;
;   1.125 ;   0.000  ;    ; RE   ; 1      ; CLKBUF_CLUSTER_RE_X89_Y39_N3_I772     ; CLKBUF_CLUSTER_RE              ;
;   1.125 ;   0.000  ;    ; RE   ; 1      ; CLKBUF_CLUSTER_RE_X89_Y39_N3_I557     ; CLKBUF_CLUSTER_RE              ;
;   1.125 ;   0.000  ;    ; RE   ; 1      ; GCLK_CLUSTER_RE_X89_Y39_N6_I10        ; GCLK_CLUSTER_RE                ;
;   1.125 ;   0.000  ;    ; RE   ; 1      ; CLKBUFBLOCK_INPUT_X89_Y39_N7_I0       ; CLKBUFBLOCK_INPUT              ;
;   1.125 ;   0.000  ; RR ; IC   ; 1      ; CLKCTRL_G9                            ; clk~inputCLKENA0|inclk         ;
;   1.632 ;   0.507  ; RR ; CELL ; 1674   ; CLKCTRL_G9                            ; clk~inputCLKENA0|outclk        ;
;   1.632 ;   0.000  ;    ; RE   ; 1      ; CLKCTRL_G9                            ; ARRIAV_CLKBUF                  ;
;   1.632 ;   0.000  ;    ; RE   ; 1      ; CLKBUFBLOCK_OUTPUT_X89_Y39_N7_I2      ; CLKBUFBLOCK_OUTPUT             ;
;   1.632 ;   0.000  ;    ; RE   ; 1      ; GCLK_CLUSTER_RE_X89_Y39_N6_I12        ; GCLK_CLUSTER_RE                ;
;   1.632 ;   0.000  ;    ; RE   ; 1      ; CLKBUF_CLUSTER_RE_X89_Y39_N3_I416     ; CLKBUF_CLUSTER_RE              ;
;   2.453 ;   0.821  ;    ; RE   ; 6      ; GLOBAL_CLOCK_X0_Y36_N0_I9             ; GLOBAL_CLOCK                   ;
;   2.596 ;   0.143  ;    ; RE   ; 6      ; SPINE_CLOCK_X55_Y19_N0_I22            ; SPINE_CLOCK                    ;
;   2.999 ;   0.403  ;    ; RE   ; 1      ; SCLK_TO_ROWCLK_BUF_X55_Y22_N0_I133    ; SCLK_TO_ROWCLK_BUF             ;
;   3.083 ;   0.084  ;    ; RE   ; 1      ; SCLK_TO_ROWCLK_BUF_X55_Y22_N0_I136    ; SCLK_TO_ROWCLK_BUF             ;
;   3.552 ;   0.469  ;    ; RE   ; 3      ; LAB_CLK_X45_Y22_N0_I5                 ; LAB_CLK                        ;
;   3.687 ;   0.135  ;    ; RE   ; 1      ; BLK_CLK_BUF_X52_Y22_N0_I5             ; BLK_CLK_BUF                    ;
;   3.742 ;   0.055  ;    ; RE   ; 1      ; ROWCLKSEL_PREBUF_X52_Y22_N0_I5        ; ROWCLKSEL_PREBUF               ;
;   3.802 ;   0.060  ;    ; RE   ; 1      ; ROWCLKSEL_X52_Y22_N0_I1               ; ROWCLKSEL                      ;
;   3.802 ;   0.000  ;    ; RE   ; 1      ; GLOBAL_LOCAL_SEL_X52_Y22_N0_I1        ; GLOBAL_LOCAL_SEL               ;
;   3.802 ;   0.000  ;    ; RE   ; 16     ; LAB_INPUT_X52_Y22_N0_I2               ; LAB_INPUT                      ;
;   3.801 ;   -0.001 ; RR ; IC   ; 1      ; FF_X52_Y22_N17                        ; message_bytes_remaining[5]|clk ;
;   4.446 ;   0.645  ; RR ; CELL ; 1      ; FF_X52_Y22_N17                        ; message_bytes_remaining[5]     ;
;   4.319 ;   -0.127 ;    ;      ;        ;                                       ; clock pessimism removed        ;
; 4.319   ; 0.000    ;    ;      ;        ;                                       ; clock uncertainty              ;
; 4.319   ; 0.000    ;    ; uTh  ; 1      ; FF_X52_Y22_N17                        ; message_bytes_remaining[5]     ;
+---------+----------+----+------+--------+---------------------------------------+--------------------------------+

----------------------------
; Extra Fitter Information ;
----------------------------
HTML report is unavailable in plain text report export.


Path #4: Hold slack is 0.510 
===============================================================================
+----------------------------------------------+
; Path Summary                                 ;
+--------------------+-------------------------+
; Property           ; Value                   ;
+--------------------+-------------------------+
; From Node          ; xof_bytes_remaining[11] ;
; To Node            ; xof_bytes_remaining[11] ;
; Launch Clock       ; clk                     ;
; Latch Clock        ; clk                     ;
; Data Arrival Time  ; 4.840                   ;
; Data Required Time ; 4.330                   ;
; Slack              ; 0.510                   ;
+--------------------+-------------------------+

+-----------------------------------------------------------------------------------+
; Statistics                                                                        ;
+------------------------+-------+-------+-------------+------------+-------+-------+
; Property               ; Value ; Count ; Total Delay ; % of Total ; Min   ; Max   ;
+------------------------+-------+-------+-------------+------------+-------+-------+
; Hold Relationship      ; 0.000 ;       ;             ;            ;       ;       ;
; Clock Skew             ; 0.123 ;       ;             ;            ;       ;       ;
; Data Delay             ; 0.633 ;       ;             ;            ;       ;       ;
; Number of Logic Levels ;       ; 1     ;             ;            ;       ;       ;
; Physical Delays        ;       ;       ;             ;            ;       ;       ;
;  Arrival Path          ;       ;       ;             ;            ;       ;       ;
;   Clock                ;       ;       ;             ;            ;       ;       ;
;    IC                  ;       ; 3     ; 0.000       ; 0          ; 0.000 ; 0.000 ;
;    Cell                ;       ; 3     ; 1.759       ; 42         ; 0.470 ; 0.739 ;
;    Routing Element     ;       ; 26    ; 2.448       ; 58         ; 0.000 ; 0.776 ;
;   Data                 ;       ;       ;             ;            ;       ;       ;
;    IC                  ;       ; 2     ; 0.000       ; 0          ; 0.000 ; 0.000 ;
;    Cell                ;       ; 3     ; 0.349       ; 55         ; 0.000 ; 0.266 ;
;    uTco                ;       ; 1     ; 0.000       ; 0          ; 0.000 ; 0.000 ;
;    Routing Element     ;       ; 4     ; 0.284       ; 45         ; 0.000 ; 0.142 ;
;  Required Path         ;       ;       ;             ;            ;       ;       ;
;   Clock                ;       ;       ;             ;            ;       ;       ;
;    IC                  ;       ; 3     ; 0.000       ; 0          ; 0.000 ; 0.000 ;
;    Cell                ;       ; 3     ; 1.885       ; 42         ; 0.507 ; 0.739 ;
;    Routing Element     ;       ; 26    ; 2.572       ; 58         ; 0.000 ; 0.821 ;
+------------------------+-------+-------+-------------+------------+-------+-------+
Note: Negative delays are omitted from totals when calculating percentages

+--------------------------------------------------------------------------------------------------------------+
; Data Arrival Path                                                                                            ;
+---------+---------+----+------+--------+---------------------------------------+-----------------------------+
; Total   ; Incr    ; RF ; Type ; Fanout ; Location                              ; Element                     ;
+---------+---------+----+------+--------+---------------------------------------+-----------------------------+
; 0.000   ; 0.000   ;    ;      ;        ;                                       ; launch edge time            ;
; 4.207   ; 4.207   ;    ;      ;        ;                                       ; clock path                  ;
;   0.000 ;   0.000 ;    ;      ;        ;                                       ; source latency              ;
;   0.000 ;   0.000 ;    ;      ; 1      ; PIN_M16                               ; clk                         ;
;   0.000 ;   0.000 ;    ; RE   ; 1      ; IOPAD_X89_Y35_N60                     ; ARRIAV_IO_PAD               ;
;   0.000 ;   0.000 ;    ; RE   ; 1      ; IO_PAD_OUTPUT_X89_Y35_N60_I1          ; IO_PAD_OUTPUT               ;
;   0.000 ;   0.000 ;    ; RE   ; 1      ; IO_INPUT_BUFFER_INPUT_X89_Y35_N61_I0  ; IO_INPUT_BUFFER_INPUT       ;
;   0.000 ;   0.000 ; RR ; IC   ; 1      ; IOIBUF_X89_Y35_N61                    ; clk~input|i                 ;
;   0.739 ;   0.739 ; RR ; CELL ; 1      ; IOIBUF_X89_Y35_N61                    ; clk~input|o                 ;
;   0.739 ;   0.000 ;    ; RE   ; 1      ; IOIBUF_X89_Y35_N61                    ; ARRIAV_IO_IBUF              ;
;   0.739 ;   0.000 ;    ; RE   ; 1      ; IO_INPUT_BUFFER_OUTPUT_X89_Y35_N61_I2 ; IO_INPUT_BUFFER_OUTPUT      ;
;   0.739 ;   0.000 ;    ; RE   ; 1      ; IO_RE_X89_Y35_N60_I96                 ; IO_RE                       ;
;   0.827 ;   0.088 ;    ; RE   ; 1      ; IO_RE_X89_Y35_N60_I66                 ; IO_RE                       ;
;   1.102 ;   0.275 ;    ; RE   ; 1      ; CLKBUF_CLUSTER_RE_X89_Y39_N3_I421     ; CLKBUF_CLUSTER_RE           ;
;   1.102 ;   0.000 ;    ; RE   ; 1      ; CLKBUF_CLUSTER_RE_X89_Y39_N3_I772     ; CLKBUF_CLUSTER_RE           ;
;   1.102 ;   0.000 ;    ; RE   ; 1      ; CLKBUF_CLUSTER_RE_X89_Y39_N3_I557     ; CLKBUF_CLUSTER_RE           ;
;   1.102 ;   0.000 ;    ; RE   ; 1      ; GCLK_CLUSTER_RE_X89_Y39_N6_I10        ; GCLK_CLUSTER_RE             ;
;   1.102 ;   0.000 ;    ; RE   ; 1      ; CLKBUFBLOCK_INPUT_X89_Y39_N7_I0       ; CLKBUFBLOCK_INPUT           ;
;   1.102 ;   0.000 ; RR ; IC   ; 1      ; CLKCTRL_G9                            ; clk~inputCLKENA0|inclk      ;
;   1.572 ;   0.470 ; RR ; CELL ; 1674   ; CLKCTRL_G9                            ; clk~inputCLKENA0|outclk     ;
;   1.572 ;   0.000 ;    ; RE   ; 1      ; CLKCTRL_G9                            ; ARRIAV_CLKBUF               ;
;   1.572 ;   0.000 ;    ; RE   ; 1      ; CLKBUFBLOCK_OUTPUT_X89_Y39_N7_I2      ; CLKBUFBLOCK_OUTPUT          ;
;   1.572 ;   0.000 ;    ; RE   ; 1      ; GCLK_CLUSTER_RE_X89_Y39_N6_I12        ; GCLK_CLUSTER_RE             ;
;   1.572 ;   0.000 ;    ; RE   ; 1      ; CLKBUF_CLUSTER_RE_X89_Y39_N3_I416     ; CLKBUF_CLUSTER_RE           ;
;   2.348 ;   0.776 ;    ; RE   ; 6      ; GLOBAL_CLOCK_X0_Y36_N0_I9             ; GLOBAL_CLOCK                ;
;   2.487 ;   0.139 ;    ; RE   ; 6      ; SPINE_CLOCK_X55_Y19_N0_I22            ; SPINE_CLOCK                 ;
;   2.876 ;   0.389 ;    ; RE   ; 1      ; SCLK_TO_ROWCLK_BUF_X55_Y20_N0_I133    ; SCLK_TO_ROWCLK_BUF          ;
;   2.967 ;   0.091 ;    ; RE   ; 2      ; SCLK_TO_ROWCLK_BUF_X55_Y20_N0_I136    ; SCLK_TO_ROWCLK_BUF          ;
;   3.425 ;   0.458 ;    ; RE   ; 9      ; LAB_CLK_X45_Y20_N0_I5                 ; LAB_CLK                     ;
;   3.550 ;   0.125 ;    ; RE   ; 1      ; BLK_CLK_BUF_X55_Y20_N0_I5             ; BLK_CLK_BUF                 ;
;   3.603 ;   0.053 ;    ; RE   ; 1      ; ROWCLKSEL_PREBUF_X55_Y20_N0_I5        ; ROWCLKSEL_PREBUF            ;
;   3.657 ;   0.054 ;    ; RE   ; 1      ; ROWCLKSEL_X55_Y20_N0_I1               ; ROWCLKSEL                   ;
;   3.657 ;   0.000 ;    ; RE   ; 1      ; GLOBAL_LOCAL_SEL_X55_Y20_N0_I1        ; GLOBAL_LOCAL_SEL            ;
;   3.657 ;   0.000 ;    ; RE   ; 13     ; LAB_INPUT_X55_Y20_N0_I2               ; LAB_INPUT                   ;
;   3.657 ;   0.000 ; RR ; IC   ; 1      ; FF_X55_Y20_N26                        ; xof_bytes_remaining[11]|clk ;
;   4.207 ;   0.550 ; RR ; CELL ; 1      ; FF_X55_Y20_N26                        ; xof_bytes_remaining[11]     ;
; 4.840   ; 0.633   ;    ;      ;        ;                                       ; data path                   ;
;   4.207 ;   0.000 ;    ; uTco ; 1      ; FF_X55_Y20_N26                        ; xof_bytes_remaining[11]     ;
;   4.207 ;   0.000 ; FF ; CELL ; 2      ; FF_X55_Y20_N26                        ; xof_bytes_remaining[11]|q   ;
;   4.261 ;   0.054 ;    ; RE   ; 1      ; FF_X55_Y20_N26                        ; ARRIAV_FF                   ;
;   4.349 ;   0.088 ;    ; RE   ; 2      ; LOCAL_LINE_X55_Y20_N0_I8              ; LOCAL_LINE                  ;
;   4.491 ;   0.142 ;    ; RE   ; 1      ; BLOCK_INPUT_MUX_X55_Y20_N0_I36        ; LEIM_INPUT                  ;
;   4.491 ;   0.000 ; FF ; IC   ; 3      ; LABCELL_X55_Y20_N24                   ; Add5~41|datac               ;
;   4.757 ;   0.266 ; FR ; CELL ; 1      ; LABCELL_X55_Y20_N24                   ; Add5~41|sumout              ;
;   4.757 ;   0.000 ;    ; RE   ; 2      ; LABCELL_X55_Y20_N24                   ; ARRIAV_LCELL_COMB           ;
;   4.757 ;   0.000 ; RR ; IC   ; 1      ; FF_X55_Y20_N26                        ; xof_bytes_remaining[11]|d   ;
;   4.840 ;   0.083 ; RR ; CELL ; 1      ; FF_X55_Y20_N26                        ; xof_bytes_remaining[11]     ;
+---------+---------+----+------+--------+---------------------------------------+-----------------------------+

+---------------------------------------------------------------------------------------------------------------+
; Data Required Path                                                                                            ;
+---------+----------+----+------+--------+---------------------------------------+-----------------------------+
; Total   ; Incr     ; RF ; Type ; Fanout ; Location                              ; Element                     ;
+---------+----------+----+------+--------+---------------------------------------+-----------------------------+
; 0.000   ; 0.000    ;    ;      ;        ;                                       ; latch edge time             ;
; 4.330   ; 4.330    ;    ;      ;        ;                                       ; clock path                  ;
;   0.000 ;   0.000  ;    ;      ;        ;                                       ; source latency              ;
;   0.000 ;   0.000  ;    ;      ; 1      ; PIN_M16                               ; clk                         ;
;   0.000 ;   0.000  ;    ; RE   ; 1      ; IOPAD_X89_Y35_N60                     ; ARRIAV_IO_PAD               ;
;   0.000 ;   0.000  ;    ; RE   ; 1      ; IO_PAD_OUTPUT_X89_Y35_N60_I1          ; IO_PAD_OUTPUT               ;
;   0.000 ;   0.000  ;    ; RE   ; 1      ; IO_INPUT_BUFFER_INPUT_X89_Y35_N61_I0  ; IO_INPUT_BUFFER_INPUT       ;
;   0.000 ;   0.000  ; RR ; IC   ; 1      ; IOIBUF_X89_Y35_N61                    ; clk~input|i                 ;
;   0.739 ;   0.739  ; RR ; CELL ; 1      ; IOIBUF_X89_Y35_N61                    ; clk~input|o                 ;
;   0.739 ;   0.000  ;    ; RE   ; 1      ; IOIBUF_X89_Y35_N61                    ; ARRIAV_IO_IBUF              ;
;   0.739 ;   0.000  ;    ; RE   ; 1      ; IO_INPUT_BUFFER_OUTPUT_X89_Y35_N61_I2 ; IO_INPUT_BUFFER_OUTPUT      ;
;   0.739 ;   0.000  ;    ; RE   ; 1      ; IO_RE_X89_Y35_N60_I96                 ; IO_RE                       ;
;   0.833 ;   0.094  ;    ; RE   ; 1      ; IO_RE_X89_Y35_N60_I66                 ; IO_RE                       ;
;   1.125 ;   0.292  ;    ; RE   ; 1      ; CLKBUF_CLUSTER_RE_X89_Y39_N3_I421     ; CLKBUF_CLUSTER_RE           ;
;   1.125 ;   0.000  ;    ; RE   ; 1      ; CLKBUF_CLUSTER_RE_X89_Y39_N3_I772     ; CLKBUF_CLUSTER_RE           ;
;   1.125 ;   0.000  ;    ; RE   ; 1      ; CLKBUF_CLUSTER_RE_X89_Y39_N3_I557     ; CLKBUF_CLUSTER_RE           ;
;   1.125 ;   0.000  ;    ; RE   ; 1      ; GCLK_CLUSTER_RE_X89_Y39_N6_I10        ; GCLK_CLUSTER_RE             ;
;   1.125 ;   0.000  ;    ; RE   ; 1      ; CLKBUFBLOCK_INPUT_X89_Y39_N7_I0       ; CLKBUFBLOCK_INPUT           ;
;   1.125 ;   0.000  ; RR ; IC   ; 1      ; CLKCTRL_G9                            ; clk~inputCLKENA0|inclk      ;
;   1.632 ;   0.507  ; RR ; CELL ; 1674   ; CLKCTRL_G9                            ; clk~inputCLKENA0|outclk     ;
;   1.632 ;   0.000  ;    ; RE   ; 1      ; CLKCTRL_G9                            ; ARRIAV_CLKBUF               ;
;   1.632 ;   0.000  ;    ; RE   ; 1      ; CLKBUFBLOCK_OUTPUT_X89_Y39_N7_I2      ; CLKBUFBLOCK_OUTPUT          ;
;   1.632 ;   0.000  ;    ; RE   ; 1      ; GCLK_CLUSTER_RE_X89_Y39_N6_I12        ; GCLK_CLUSTER_RE             ;
;   1.632 ;   0.000  ;    ; RE   ; 1      ; CLKBUF_CLUSTER_RE_X89_Y39_N3_I416     ; CLKBUF_CLUSTER_RE           ;
;   2.453 ;   0.821  ;    ; RE   ; 6      ; GLOBAL_CLOCK_X0_Y36_N0_I9             ; GLOBAL_CLOCK                ;
;   2.597 ;   0.144  ;    ; RE   ; 6      ; SPINE_CLOCK_X55_Y19_N0_I22            ; SPINE_CLOCK                 ;
;   3.000 ;   0.403  ;    ; RE   ; 1      ; SCLK_TO_ROWCLK_BUF_X55_Y20_N0_I133    ; SCLK_TO_ROWCLK_BUF          ;
;   3.094 ;   0.094  ;    ; RE   ; 2      ; SCLK_TO_ROWCLK_BUF_X55_Y20_N0_I136    ; SCLK_TO_ROWCLK_BUF          ;
;   3.568 ;   0.474  ;    ; RE   ; 9      ; LAB_CLK_X45_Y20_N0_I5                 ; LAB_CLK                     ;
;   3.704 ;   0.136  ;    ; RE   ; 1      ; BLK_CLK_BUF_X55_Y20_N0_I5             ; BLK_CLK_BUF                 ;
;   3.759 ;   0.055  ;    ; RE   ; 1      ; ROWCLKSEL_PREBUF_X55_Y20_N0_I5        ; ROWCLKSEL_PREBUF            ;
;   3.818 ;   0.059  ;    ; RE   ; 1      ; ROWCLKSEL_X55_Y20_N0_I1               ; ROWCLKSEL                   ;
;   3.818 ;   0.000  ;    ; RE   ; 1      ; GLOBAL_LOCAL_SEL_X55_Y20_N0_I1        ; GLOBAL_LOCAL_SEL            ;
;   3.818 ;   0.000  ;    ; RE   ; 13     ; LAB_INPUT_X55_Y20_N0_I2               ; LAB_INPUT                   ;
;   3.818 ;   0.000  ; RR ; IC   ; 1      ; FF_X55_Y20_N26                        ; xof_bytes_remaining[11]|clk ;
;   4.457 ;   0.639  ; RR ; CELL ; 1      ; FF_X55_Y20_N26                        ; xof_bytes_remaining[11]     ;
;   4.330 ;   -0.127 ;    ;      ;        ;                                       ; clock pessimism removed     ;
; 4.330   ; 0.000    ;    ;      ;        ;                                       ; clock uncertainty           ;
; 4.330   ; 0.000    ;    ; uTh  ; 1      ; FF_X55_Y20_N26                        ; xof_bytes_remaining[11]     ;
+---------+----------+----+------+--------+---------------------------------------+-----------------------------+

----------------------------
; Extra Fitter Information ;
----------------------------
HTML report is unavailable in plain text report export.


Path #5: Hold slack is 0.513 
===============================================================================
+--------------------------------------------------+
; Path Summary                                     ;
+--------------------+-----------------------------+
; Property           ; Value                       ;
+--------------------+-----------------------------+
; From Node          ; message_bytes_remaining[15] ;
; To Node            ; message_bytes_remaining[15] ;
; Launch Clock       ; clk                         ;
; Latch Clock        ; clk                         ;
; Data Arrival Time  ; 4.832                       ;
; Data Required Time ; 4.319                       ;
; Slack              ; 0.513                       ;
+--------------------+-----------------------------+

+------------------------------------------------------------------------------------+
; Statistics                                                                         ;
+------------------------+-------+-------+-------------+------------+--------+-------+
; Property               ; Value ; Count ; Total Delay ; % of Total ; Min    ; Max   ;
+------------------------+-------+-------+-------------+------------+--------+-------+
; Hold Relationship      ; 0.000 ;       ;             ;            ;        ;       ;
; Clock Skew             ; 0.122 ;       ;             ;            ;        ;       ;
; Data Delay             ; 0.635 ;       ;             ;            ;        ;       ;
; Number of Logic Levels ;       ; 1     ;             ;            ;        ;       ;
; Physical Delays        ;       ;       ;             ;            ;        ;       ;
;  Arrival Path          ;       ;       ;             ;            ;        ;       ;
;   Clock                ;       ;       ;             ;            ;        ;       ;
;    IC                  ;       ; 3     ; 0.001       ; 0          ; 0.000  ; 0.001 ;
;    Cell                ;       ; 3     ; 1.765       ; 42         ; 0.470  ; 0.739 ;
;    Routing Element     ;       ; 26    ; 2.431       ; 58         ; 0.000  ; 0.776 ;
;   Data                 ;       ;       ;             ;            ;        ;       ;
;    IC                  ;       ; 2     ; 0.000       ; 0          ; 0.000  ; 0.000 ;
;    Cell                ;       ; 3     ; 0.353       ; 56         ; 0.000  ; 0.271 ;
;    uTco                ;       ; 1     ; 0.000       ; 0          ; 0.000  ; 0.000 ;
;    Routing Element     ;       ; 4     ; 0.282       ; 44         ; 0.000  ; 0.140 ;
;  Required Path         ;       ;       ;             ;            ;        ;       ;
;   Clock                ;       ;       ;             ;            ;        ;       ;
;    IC                  ;       ; 3     ; -0.001      ; 0          ; -0.001 ; 0.000 ;
;    Cell                ;       ; 3     ; 1.891       ; 43         ; 0.507  ; 0.739 ;
;    Routing Element     ;       ; 26    ; 2.556       ; 57         ; 0.000  ; 0.821 ;
+------------------------+-------+-------+-------------+------------+--------+-------+
Note: Negative delays are omitted from totals when calculating percentages

+------------------------------------------------------------------------------------------------------------------+
; Data Arrival Path                                                                                                ;
+---------+---------+----+------+--------+---------------------------------------+---------------------------------+
; Total   ; Incr    ; RF ; Type ; Fanout ; Location                              ; Element                         ;
+---------+---------+----+------+--------+---------------------------------------+---------------------------------+
; 0.000   ; 0.000   ;    ;      ;        ;                                       ; launch edge time                ;
; 4.197   ; 4.197   ;    ;      ;        ;                                       ; clock path                      ;
;   0.000 ;   0.000 ;    ;      ;        ;                                       ; source latency                  ;
;   0.000 ;   0.000 ;    ;      ; 1      ; PIN_M16                               ; clk                             ;
;   0.000 ;   0.000 ;    ; RE   ; 1      ; IOPAD_X89_Y35_N60                     ; ARRIAV_IO_PAD                   ;
;   0.000 ;   0.000 ;    ; RE   ; 1      ; IO_PAD_OUTPUT_X89_Y35_N60_I1          ; IO_PAD_OUTPUT                   ;
;   0.000 ;   0.000 ;    ; RE   ; 1      ; IO_INPUT_BUFFER_INPUT_X89_Y35_N61_I0  ; IO_INPUT_BUFFER_INPUT           ;
;   0.000 ;   0.000 ; RR ; IC   ; 1      ; IOIBUF_X89_Y35_N61                    ; clk~input|i                     ;
;   0.739 ;   0.739 ; RR ; CELL ; 1      ; IOIBUF_X89_Y35_N61                    ; clk~input|o                     ;
;   0.739 ;   0.000 ;    ; RE   ; 1      ; IOIBUF_X89_Y35_N61                    ; ARRIAV_IO_IBUF                  ;
;   0.739 ;   0.000 ;    ; RE   ; 1      ; IO_INPUT_BUFFER_OUTPUT_X89_Y35_N61_I2 ; IO_INPUT_BUFFER_OUTPUT          ;
;   0.739 ;   0.000 ;    ; RE   ; 1      ; IO_RE_X89_Y35_N60_I96                 ; IO_RE                           ;
;   0.827 ;   0.088 ;    ; RE   ; 1      ; IO_RE_X89_Y35_N60_I66                 ; IO_RE                           ;
;   1.102 ;   0.275 ;    ; RE   ; 1      ; CLKBUF_CLUSTER_RE_X89_Y39_N3_I421     ; CLKBUF_CLUSTER_RE               ;
;   1.102 ;   0.000 ;    ; RE   ; 1      ; CLKBUF_CLUSTER_RE_X89_Y39_N3_I772     ; CLKBUF_CLUSTER_RE               ;
;   1.102 ;   0.000 ;    ; RE   ; 1      ; CLKBUF_CLUSTER_RE_X89_Y39_N3_I557     ; CLKBUF_CLUSTER_RE               ;
;   1.102 ;   0.000 ;    ; RE   ; 1      ; GCLK_CLUSTER_RE_X89_Y39_N6_I10        ; GCLK_CLUSTER_RE                 ;
;   1.102 ;   0.000 ;    ; RE   ; 1      ; CLKBUFBLOCK_INPUT_X89_Y39_N7_I0       ; CLKBUFBLOCK_INPUT               ;
;   1.102 ;   0.000 ; RR ; IC   ; 1      ; CLKCTRL_G9                            ; clk~inputCLKENA0|inclk          ;
;   1.572 ;   0.470 ; RR ; CELL ; 1674   ; CLKCTRL_G9                            ; clk~inputCLKENA0|outclk         ;
;   1.572 ;   0.000 ;    ; RE   ; 1      ; CLKCTRL_G9                            ; ARRIAV_CLKBUF                   ;
;   1.572 ;   0.000 ;    ; RE   ; 1      ; CLKBUFBLOCK_OUTPUT_X89_Y39_N7_I2      ; CLKBUFBLOCK_OUTPUT              ;
;   1.572 ;   0.000 ;    ; RE   ; 1      ; GCLK_CLUSTER_RE_X89_Y39_N6_I12        ; GCLK_CLUSTER_RE                 ;
;   1.572 ;   0.000 ;    ; RE   ; 1      ; CLKBUF_CLUSTER_RE_X89_Y39_N3_I416     ; CLKBUF_CLUSTER_RE               ;
;   2.348 ;   0.776 ;    ; RE   ; 6      ; GLOBAL_CLOCK_X0_Y36_N0_I9             ; GLOBAL_CLOCK                    ;
;   2.486 ;   0.138 ;    ; RE   ; 6      ; SPINE_CLOCK_X55_Y19_N0_I22            ; SPINE_CLOCK                     ;
;   2.875 ;   0.389 ;    ; RE   ; 1      ; SCLK_TO_ROWCLK_BUF_X55_Y22_N0_I133    ; SCLK_TO_ROWCLK_BUF              ;
;   2.956 ;   0.081 ;    ; RE   ; 1      ; SCLK_TO_ROWCLK_BUF_X55_Y22_N0_I136    ; SCLK_TO_ROWCLK_BUF              ;
;   3.408 ;   0.452 ;    ; RE   ; 3      ; LAB_CLK_X45_Y22_N0_I5                 ; LAB_CLK                         ;
;   3.532 ;   0.124 ;    ; RE   ; 1      ; BLK_CLK_BUF_X52_Y22_N0_I5             ; BLK_CLK_BUF                     ;
;   3.585 ;   0.053 ;    ; RE   ; 1      ; ROWCLKSEL_PREBUF_X52_Y22_N0_I5        ; ROWCLKSEL_PREBUF                ;
;   3.640 ;   0.055 ;    ; RE   ; 1      ; ROWCLKSEL_X52_Y22_N0_I1               ; ROWCLKSEL                       ;
;   3.640 ;   0.000 ;    ; RE   ; 1      ; GLOBAL_LOCAL_SEL_X52_Y22_N0_I1        ; GLOBAL_LOCAL_SEL                ;
;   3.640 ;   0.000 ;    ; RE   ; 16     ; LAB_INPUT_X52_Y22_N0_I2               ; LAB_INPUT                       ;
;   3.641 ;   0.001 ; RR ; IC   ; 1      ; FF_X52_Y22_N47                        ; message_bytes_remaining[15]|clk ;
;   4.197 ;   0.556 ; RR ; CELL ; 1      ; FF_X52_Y22_N47                        ; message_bytes_remaining[15]     ;
; 4.832   ; 0.635   ;    ;      ;        ;                                       ; data path                       ;
;   4.197 ;   0.000 ;    ; uTco ; 1      ; FF_X52_Y22_N47                        ; message_bytes_remaining[15]     ;
;   4.197 ;   0.000 ; FF ; CELL ; 3      ; FF_X52_Y22_N47                        ; message_bytes_remaining[15]|q   ;
;   4.254 ;   0.057 ;    ; RE   ; 2      ; FF_X52_Y22_N47                        ; ARRIAV_FF                       ;
;   4.339 ;   0.085 ;    ; RE   ; 1      ; LOCAL_LINE_X52_Y22_N0_I15             ; LOCAL_LINE                      ;
;   4.479 ;   0.140 ;    ; RE   ; 1      ; BLOCK_INPUT_MUX_X52_Y22_N0_I61        ; LEIM_INPUT                      ;
;   4.479 ;   0.000 ; FF ; IC   ; 1      ; MLABCELL_X52_Y22_N45                  ; Add1~33|datac                   ;
;   4.750 ;   0.271 ; FR ; CELL ; 1      ; MLABCELL_X52_Y22_N45                  ; Add1~33|sumout                  ;
;   4.750 ;   0.000 ;    ; RE   ; 1      ; MLABCELL_X52_Y22_N45                  ; ARRIAV_LCELL_COMB               ;
;   4.750 ;   0.000 ; RR ; IC   ; 1      ; FF_X52_Y22_N47                        ; message_bytes_remaining[15]|d   ;
;   4.832 ;   0.082 ; RR ; CELL ; 1      ; FF_X52_Y22_N47                        ; message_bytes_remaining[15]     ;
+---------+---------+----+------+--------+---------------------------------------+---------------------------------+

+-------------------------------------------------------------------------------------------------------------------+
; Data Required Path                                                                                                ;
+---------+----------+----+------+--------+---------------------------------------+---------------------------------+
; Total   ; Incr     ; RF ; Type ; Fanout ; Location                              ; Element                         ;
+---------+----------+----+------+--------+---------------------------------------+---------------------------------+
; 0.000   ; 0.000    ;    ;      ;        ;                                       ; latch edge time                 ;
; 4.319   ; 4.319    ;    ;      ;        ;                                       ; clock path                      ;
;   0.000 ;   0.000  ;    ;      ;        ;                                       ; source latency                  ;
;   0.000 ;   0.000  ;    ;      ; 1      ; PIN_M16                               ; clk                             ;
;   0.000 ;   0.000  ;    ; RE   ; 1      ; IOPAD_X89_Y35_N60                     ; ARRIAV_IO_PAD                   ;
;   0.000 ;   0.000  ;    ; RE   ; 1      ; IO_PAD_OUTPUT_X89_Y35_N60_I1          ; IO_PAD_OUTPUT                   ;
;   0.000 ;   0.000  ;    ; RE   ; 1      ; IO_INPUT_BUFFER_INPUT_X89_Y35_N61_I0  ; IO_INPUT_BUFFER_INPUT           ;
;   0.000 ;   0.000  ; RR ; IC   ; 1      ; IOIBUF_X89_Y35_N61                    ; clk~input|i                     ;
;   0.739 ;   0.739  ; RR ; CELL ; 1      ; IOIBUF_X89_Y35_N61                    ; clk~input|o                     ;
;   0.739 ;   0.000  ;    ; RE   ; 1      ; IOIBUF_X89_Y35_N61                    ; ARRIAV_IO_IBUF                  ;
;   0.739 ;   0.000  ;    ; RE   ; 1      ; IO_INPUT_BUFFER_OUTPUT_X89_Y35_N61_I2 ; IO_INPUT_BUFFER_OUTPUT          ;
;   0.739 ;   0.000  ;    ; RE   ; 1      ; IO_RE_X89_Y35_N60_I96                 ; IO_RE                           ;
;   0.833 ;   0.094  ;    ; RE   ; 1      ; IO_RE_X89_Y35_N60_I66                 ; IO_RE                           ;
;   1.125 ;   0.292  ;    ; RE   ; 1      ; CLKBUF_CLUSTER_RE_X89_Y39_N3_I421     ; CLKBUF_CLUSTER_RE               ;
;   1.125 ;   0.000  ;    ; RE   ; 1      ; CLKBUF_CLUSTER_RE_X89_Y39_N3_I772     ; CLKBUF_CLUSTER_RE               ;
;   1.125 ;   0.000  ;    ; RE   ; 1      ; CLKBUF_CLUSTER_RE_X89_Y39_N3_I557     ; CLKBUF_CLUSTER_RE               ;
;   1.125 ;   0.000  ;    ; RE   ; 1      ; GCLK_CLUSTER_RE_X89_Y39_N6_I10        ; GCLK_CLUSTER_RE                 ;
;   1.125 ;   0.000  ;    ; RE   ; 1      ; CLKBUFBLOCK_INPUT_X89_Y39_N7_I0       ; CLKBUFBLOCK_INPUT               ;
;   1.125 ;   0.000  ; RR ; IC   ; 1      ; CLKCTRL_G9                            ; clk~inputCLKENA0|inclk          ;
;   1.632 ;   0.507  ; RR ; CELL ; 1674   ; CLKCTRL_G9                            ; clk~inputCLKENA0|outclk         ;
;   1.632 ;   0.000  ;    ; RE   ; 1      ; CLKCTRL_G9                            ; ARRIAV_CLKBUF                   ;
;   1.632 ;   0.000  ;    ; RE   ; 1      ; CLKBUFBLOCK_OUTPUT_X89_Y39_N7_I2      ; CLKBUFBLOCK_OUTPUT              ;
;   1.632 ;   0.000  ;    ; RE   ; 1      ; GCLK_CLUSTER_RE_X89_Y39_N6_I12        ; GCLK_CLUSTER_RE                 ;
;   1.632 ;   0.000  ;    ; RE   ; 1      ; CLKBUF_CLUSTER_RE_X89_Y39_N3_I416     ; CLKBUF_CLUSTER_RE               ;
;   2.453 ;   0.821  ;    ; RE   ; 6      ; GLOBAL_CLOCK_X0_Y36_N0_I9             ; GLOBAL_CLOCK                    ;
;   2.596 ;   0.143  ;    ; RE   ; 6      ; SPINE_CLOCK_X55_Y19_N0_I22            ; SPINE_CLOCK                     ;
;   2.999 ;   0.403  ;    ; RE   ; 1      ; SCLK_TO_ROWCLK_BUF_X55_Y22_N0_I133    ; SCLK_TO_ROWCLK_BUF              ;
;   3.083 ;   0.084  ;    ; RE   ; 1      ; SCLK_TO_ROWCLK_BUF_X55_Y22_N0_I136    ; SCLK_TO_ROWCLK_BUF              ;
;   3.552 ;   0.469  ;    ; RE   ; 3      ; LAB_CLK_X45_Y22_N0_I5                 ; LAB_CLK                         ;
;   3.687 ;   0.135  ;    ; RE   ; 1      ; BLK_CLK_BUF_X52_Y22_N0_I5             ; BLK_CLK_BUF                     ;
;   3.742 ;   0.055  ;    ; RE   ; 1      ; ROWCLKSEL_PREBUF_X52_Y22_N0_I5        ; ROWCLKSEL_PREBUF                ;
;   3.802 ;   0.060  ;    ; RE   ; 1      ; ROWCLKSEL_X52_Y22_N0_I1               ; ROWCLKSEL                       ;
;   3.802 ;   0.000  ;    ; RE   ; 1      ; GLOBAL_LOCAL_SEL_X52_Y22_N0_I1        ; GLOBAL_LOCAL_SEL                ;
;   3.802 ;   0.000  ;    ; RE   ; 16     ; LAB_INPUT_X52_Y22_N0_I2               ; LAB_INPUT                       ;
;   3.801 ;   -0.001 ; RR ; IC   ; 1      ; FF_X52_Y22_N47                        ; message_bytes_remaining[15]|clk ;
;   4.446 ;   0.645  ; RR ; CELL ; 1      ; FF_X52_Y22_N47                        ; message_bytes_remaining[15]     ;
;   4.319 ;   -0.127 ;    ;      ;        ;                                       ; clock pessimism removed         ;
; 4.319   ; 0.000    ;    ;      ;        ;                                       ; clock uncertainty               ;
; 4.319   ; 0.000    ;    ; uTh  ; 1      ; FF_X52_Y22_N47                        ; message_bytes_remaining[15]     ;
+---------+----------+----+------+--------+---------------------------------------+---------------------------------+

----------------------------
; Extra Fitter Information ;
----------------------------
HTML report is unavailable in plain text report export.


Path #6: Hold slack is 0.514 
===============================================================================
+--------------------------------------------------+
; Path Summary                                     ;
+--------------------+-----------------------------+
; Property           ; Value                       ;
+--------------------+-----------------------------+
; From Node          ; message_bytes_remaining[13] ;
; To Node            ; message_bytes_remaining[13] ;
; Launch Clock       ; clk                         ;
; Latch Clock        ; clk                         ;
; Data Arrival Time  ; 4.833                       ;
; Data Required Time ; 4.319                       ;
; Slack              ; 0.514                       ;
+--------------------+-----------------------------+

+------------------------------------------------------------------------------------+
; Statistics                                                                         ;
+------------------------+-------+-------+-------------+------------+--------+-------+
; Property               ; Value ; Count ; Total Delay ; % of Total ; Min    ; Max   ;
+------------------------+-------+-------+-------------+------------+--------+-------+
; Hold Relationship      ; 0.000 ;       ;             ;            ;        ;       ;
; Clock Skew             ; 0.122 ;       ;             ;            ;        ;       ;
; Data Delay             ; 0.636 ;       ;             ;            ;        ;       ;
; Number of Logic Levels ;       ; 1     ;             ;            ;        ;       ;
; Physical Delays        ;       ;       ;             ;            ;        ;       ;
;  Arrival Path          ;       ;       ;             ;            ;        ;       ;
;   Clock                ;       ;       ;             ;            ;        ;       ;
;    IC                  ;       ; 3     ; 0.001       ; 0          ; 0.000  ; 0.001 ;
;    Cell                ;       ; 3     ; 1.765       ; 42         ; 0.470  ; 0.739 ;
;    Routing Element     ;       ; 26    ; 2.431       ; 58         ; 0.000  ; 0.776 ;
;   Data                 ;       ;       ;             ;            ;        ;       ;
;    IC                  ;       ; 2     ; 0.001       ; 0          ; 0.000  ; 0.001 ;
;    Cell                ;       ; 3     ; 0.353       ; 56         ; 0.000  ; 0.271 ;
;    uTco                ;       ; 1     ; 0.000       ; 0          ; 0.000  ; 0.000 ;
;    Routing Element     ;       ; 4     ; 0.282       ; 44         ; 0.000  ; 0.140 ;
;  Required Path         ;       ;       ;             ;            ;        ;       ;
;   Clock                ;       ;       ;             ;            ;        ;       ;
;    IC                  ;       ; 3     ; -0.001      ; 0          ; -0.001 ; 0.000 ;
;    Cell                ;       ; 3     ; 1.891       ; 43         ; 0.507  ; 0.739 ;
;    Routing Element     ;       ; 26    ; 2.556       ; 57         ; 0.000  ; 0.821 ;
+------------------------+-------+-------+-------------+------------+--------+-------+
Note: Negative delays are omitted from totals when calculating percentages

+------------------------------------------------------------------------------------------------------------------+
; Data Arrival Path                                                                                                ;
+---------+---------+----+------+--------+---------------------------------------+---------------------------------+
; Total   ; Incr    ; RF ; Type ; Fanout ; Location                              ; Element                         ;
+---------+---------+----+------+--------+---------------------------------------+---------------------------------+
; 0.000   ; 0.000   ;    ;      ;        ;                                       ; launch edge time                ;
; 4.197   ; 4.197   ;    ;      ;        ;                                       ; clock path                      ;
;   0.000 ;   0.000 ;    ;      ;        ;                                       ; source latency                  ;
;   0.000 ;   0.000 ;    ;      ; 1      ; PIN_M16                               ; clk                             ;
;   0.000 ;   0.000 ;    ; RE   ; 1      ; IOPAD_X89_Y35_N60                     ; ARRIAV_IO_PAD                   ;
;   0.000 ;   0.000 ;    ; RE   ; 1      ; IO_PAD_OUTPUT_X89_Y35_N60_I1          ; IO_PAD_OUTPUT                   ;
;   0.000 ;   0.000 ;    ; RE   ; 1      ; IO_INPUT_BUFFER_INPUT_X89_Y35_N61_I0  ; IO_INPUT_BUFFER_INPUT           ;
;   0.000 ;   0.000 ; RR ; IC   ; 1      ; IOIBUF_X89_Y35_N61                    ; clk~input|i                     ;
;   0.739 ;   0.739 ; RR ; CELL ; 1      ; IOIBUF_X89_Y35_N61                    ; clk~input|o                     ;
;   0.739 ;   0.000 ;    ; RE   ; 1      ; IOIBUF_X89_Y35_N61                    ; ARRIAV_IO_IBUF                  ;
;   0.739 ;   0.000 ;    ; RE   ; 1      ; IO_INPUT_BUFFER_OUTPUT_X89_Y35_N61_I2 ; IO_INPUT_BUFFER_OUTPUT          ;
;   0.739 ;   0.000 ;    ; RE   ; 1      ; IO_RE_X89_Y35_N60_I96                 ; IO_RE                           ;
;   0.827 ;   0.088 ;    ; RE   ; 1      ; IO_RE_X89_Y35_N60_I66                 ; IO_RE                           ;
;   1.102 ;   0.275 ;    ; RE   ; 1      ; CLKBUF_CLUSTER_RE_X89_Y39_N3_I421     ; CLKBUF_CLUSTER_RE               ;
;   1.102 ;   0.000 ;    ; RE   ; 1      ; CLKBUF_CLUSTER_RE_X89_Y39_N3_I772     ; CLKBUF_CLUSTER_RE               ;
;   1.102 ;   0.000 ;    ; RE   ; 1      ; CLKBUF_CLUSTER_RE_X89_Y39_N3_I557     ; CLKBUF_CLUSTER_RE               ;
;   1.102 ;   0.000 ;    ; RE   ; 1      ; GCLK_CLUSTER_RE_X89_Y39_N6_I10        ; GCLK_CLUSTER_RE                 ;
;   1.102 ;   0.000 ;    ; RE   ; 1      ; CLKBUFBLOCK_INPUT_X89_Y39_N7_I0       ; CLKBUFBLOCK_INPUT               ;
;   1.102 ;   0.000 ; RR ; IC   ; 1      ; CLKCTRL_G9                            ; clk~inputCLKENA0|inclk          ;
;   1.572 ;   0.470 ; RR ; CELL ; 1674   ; CLKCTRL_G9                            ; clk~inputCLKENA0|outclk         ;
;   1.572 ;   0.000 ;    ; RE   ; 1      ; CLKCTRL_G9                            ; ARRIAV_CLKBUF                   ;
;   1.572 ;   0.000 ;    ; RE   ; 1      ; CLKBUFBLOCK_OUTPUT_X89_Y39_N7_I2      ; CLKBUFBLOCK_OUTPUT              ;
;   1.572 ;   0.000 ;    ; RE   ; 1      ; GCLK_CLUSTER_RE_X89_Y39_N6_I12        ; GCLK_CLUSTER_RE                 ;
;   1.572 ;   0.000 ;    ; RE   ; 1      ; CLKBUF_CLUSTER_RE_X89_Y39_N3_I416     ; CLKBUF_CLUSTER_RE               ;
;   2.348 ;   0.776 ;    ; RE   ; 6      ; GLOBAL_CLOCK_X0_Y36_N0_I9             ; GLOBAL_CLOCK                    ;
;   2.486 ;   0.138 ;    ; RE   ; 6      ; SPINE_CLOCK_X55_Y19_N0_I22            ; SPINE_CLOCK                     ;
;   2.875 ;   0.389 ;    ; RE   ; 1      ; SCLK_TO_ROWCLK_BUF_X55_Y22_N0_I133    ; SCLK_TO_ROWCLK_BUF              ;
;   2.956 ;   0.081 ;    ; RE   ; 1      ; SCLK_TO_ROWCLK_BUF_X55_Y22_N0_I136    ; SCLK_TO_ROWCLK_BUF              ;
;   3.408 ;   0.452 ;    ; RE   ; 3      ; LAB_CLK_X45_Y22_N0_I5                 ; LAB_CLK                         ;
;   3.532 ;   0.124 ;    ; RE   ; 1      ; BLK_CLK_BUF_X52_Y22_N0_I5             ; BLK_CLK_BUF                     ;
;   3.585 ;   0.053 ;    ; RE   ; 1      ; ROWCLKSEL_PREBUF_X52_Y22_N0_I5        ; ROWCLKSEL_PREBUF                ;
;   3.640 ;   0.055 ;    ; RE   ; 1      ; ROWCLKSEL_X52_Y22_N0_I1               ; ROWCLKSEL                       ;
;   3.640 ;   0.000 ;    ; RE   ; 1      ; GLOBAL_LOCAL_SEL_X52_Y22_N0_I1        ; GLOBAL_LOCAL_SEL                ;
;   3.640 ;   0.000 ;    ; RE   ; 16     ; LAB_INPUT_X52_Y22_N0_I2               ; LAB_INPUT                       ;
;   3.641 ;   0.001 ; RR ; IC   ; 1      ; FF_X52_Y22_N41                        ; message_bytes_remaining[13]|clk ;
;   4.197 ;   0.556 ; RR ; CELL ; 1      ; FF_X52_Y22_N41                        ; message_bytes_remaining[13]     ;
; 4.833   ; 0.636   ;    ;      ;        ;                                       ; data path                       ;
;   4.197 ;   0.000 ;    ; uTco ; 1      ; FF_X52_Y22_N41                        ; message_bytes_remaining[13]     ;
;   4.197 ;   0.000 ; FF ; CELL ; 3      ; FF_X52_Y22_N41                        ; message_bytes_remaining[13]|q   ;
;   4.254 ;   0.057 ;    ; RE   ; 2      ; FF_X52_Y22_N41                        ; ARRIAV_FF                       ;
;   4.339 ;   0.085 ;    ; RE   ; 1      ; LOCAL_LINE_X52_Y22_N0_I13             ; LOCAL_LINE                      ;
;   4.479 ;   0.140 ;    ; RE   ; 1      ; BLOCK_INPUT_MUX_X52_Y22_N0_I53        ; LEIM_INPUT                      ;
;   4.480 ;   0.001 ; FF ; IC   ; 3      ; MLABCELL_X52_Y22_N39                  ; Add1~57|datac                   ;
;   4.751 ;   0.271 ; FR ; CELL ; 1      ; MLABCELL_X52_Y22_N39                  ; Add1~57|sumout                  ;
;   4.751 ;   0.000 ;    ; RE   ; 3      ; MLABCELL_X52_Y22_N39                  ; ARRIAV_LCELL_COMB               ;
;   4.751 ;   0.000 ; RR ; IC   ; 1      ; FF_X52_Y22_N41                        ; message_bytes_remaining[13]|d   ;
;   4.833 ;   0.082 ; RR ; CELL ; 1      ; FF_X52_Y22_N41                        ; message_bytes_remaining[13]     ;
+---------+---------+----+------+--------+---------------------------------------+---------------------------------+

+-------------------------------------------------------------------------------------------------------------------+
; Data Required Path                                                                                                ;
+---------+----------+----+------+--------+---------------------------------------+---------------------------------+
; Total   ; Incr     ; RF ; Type ; Fanout ; Location                              ; Element                         ;
+---------+----------+----+------+--------+---------------------------------------+---------------------------------+
; 0.000   ; 0.000    ;    ;      ;        ;                                       ; latch edge time                 ;
; 4.319   ; 4.319    ;    ;      ;        ;                                       ; clock path                      ;
;   0.000 ;   0.000  ;    ;      ;        ;                                       ; source latency                  ;
;   0.000 ;   0.000  ;    ;      ; 1      ; PIN_M16                               ; clk                             ;
;   0.000 ;   0.000  ;    ; RE   ; 1      ; IOPAD_X89_Y35_N60                     ; ARRIAV_IO_PAD                   ;
;   0.000 ;   0.000  ;    ; RE   ; 1      ; IO_PAD_OUTPUT_X89_Y35_N60_I1          ; IO_PAD_OUTPUT                   ;
;   0.000 ;   0.000  ;    ; RE   ; 1      ; IO_INPUT_BUFFER_INPUT_X89_Y35_N61_I0  ; IO_INPUT_BUFFER_INPUT           ;
;   0.000 ;   0.000  ; RR ; IC   ; 1      ; IOIBUF_X89_Y35_N61                    ; clk~input|i                     ;
;   0.739 ;   0.739  ; RR ; CELL ; 1      ; IOIBUF_X89_Y35_N61                    ; clk~input|o                     ;
;   0.739 ;   0.000  ;    ; RE   ; 1      ; IOIBUF_X89_Y35_N61                    ; ARRIAV_IO_IBUF                  ;
;   0.739 ;   0.000  ;    ; RE   ; 1      ; IO_INPUT_BUFFER_OUTPUT_X89_Y35_N61_I2 ; IO_INPUT_BUFFER_OUTPUT          ;
;   0.739 ;   0.000  ;    ; RE   ; 1      ; IO_RE_X89_Y35_N60_I96                 ; IO_RE                           ;
;   0.833 ;   0.094  ;    ; RE   ; 1      ; IO_RE_X89_Y35_N60_I66                 ; IO_RE                           ;
;   1.125 ;   0.292  ;    ; RE   ; 1      ; CLKBUF_CLUSTER_RE_X89_Y39_N3_I421     ; CLKBUF_CLUSTER_RE               ;
;   1.125 ;   0.000  ;    ; RE   ; 1      ; CLKBUF_CLUSTER_RE_X89_Y39_N3_I772     ; CLKBUF_CLUSTER_RE               ;
;   1.125 ;   0.000  ;    ; RE   ; 1      ; CLKBUF_CLUSTER_RE_X89_Y39_N3_I557     ; CLKBUF_CLUSTER_RE               ;
;   1.125 ;   0.000  ;    ; RE   ; 1      ; GCLK_CLUSTER_RE_X89_Y39_N6_I10        ; GCLK_CLUSTER_RE                 ;
;   1.125 ;   0.000  ;    ; RE   ; 1      ; CLKBUFBLOCK_INPUT_X89_Y39_N7_I0       ; CLKBUFBLOCK_INPUT               ;
;   1.125 ;   0.000  ; RR ; IC   ; 1      ; CLKCTRL_G9                            ; clk~inputCLKENA0|inclk          ;
;   1.632 ;   0.507  ; RR ; CELL ; 1674   ; CLKCTRL_G9                            ; clk~inputCLKENA0|outclk         ;
;   1.632 ;   0.000  ;    ; RE   ; 1      ; CLKCTRL_G9                            ; ARRIAV_CLKBUF                   ;
;   1.632 ;   0.000  ;    ; RE   ; 1      ; CLKBUFBLOCK_OUTPUT_X89_Y39_N7_I2      ; CLKBUFBLOCK_OUTPUT              ;
;   1.632 ;   0.000  ;    ; RE   ; 1      ; GCLK_CLUSTER_RE_X89_Y39_N6_I12        ; GCLK_CLUSTER_RE                 ;
;   1.632 ;   0.000  ;    ; RE   ; 1      ; CLKBUF_CLUSTER_RE_X89_Y39_N3_I416     ; CLKBUF_CLUSTER_RE               ;
;   2.453 ;   0.821  ;    ; RE   ; 6      ; GLOBAL_CLOCK_X0_Y36_N0_I9             ; GLOBAL_CLOCK                    ;
;   2.596 ;   0.143  ;    ; RE   ; 6      ; SPINE_CLOCK_X55_Y19_N0_I22            ; SPINE_CLOCK                     ;
;   2.999 ;   0.403  ;    ; RE   ; 1      ; SCLK_TO_ROWCLK_BUF_X55_Y22_N0_I133    ; SCLK_TO_ROWCLK_BUF              ;
;   3.083 ;   0.084  ;    ; RE   ; 1      ; SCLK_TO_ROWCLK_BUF_X55_Y22_N0_I136    ; SCLK_TO_ROWCLK_BUF              ;
;   3.552 ;   0.469  ;    ; RE   ; 3      ; LAB_CLK_X45_Y22_N0_I5                 ; LAB_CLK                         ;
;   3.687 ;   0.135  ;    ; RE   ; 1      ; BLK_CLK_BUF_X52_Y22_N0_I5             ; BLK_CLK_BUF                     ;
;   3.742 ;   0.055  ;    ; RE   ; 1      ; ROWCLKSEL_PREBUF_X52_Y22_N0_I5        ; ROWCLKSEL_PREBUF                ;
;   3.802 ;   0.060  ;    ; RE   ; 1      ; ROWCLKSEL_X52_Y22_N0_I1               ; ROWCLKSEL                       ;
;   3.802 ;   0.000  ;    ; RE   ; 1      ; GLOBAL_LOCAL_SEL_X52_Y22_N0_I1        ; GLOBAL_LOCAL_SEL                ;
;   3.802 ;   0.000  ;    ; RE   ; 16     ; LAB_INPUT_X52_Y22_N0_I2               ; LAB_INPUT                       ;
;   3.801 ;   -0.001 ; RR ; IC   ; 1      ; FF_X52_Y22_N41                        ; message_bytes_remaining[13]|clk ;
;   4.446 ;   0.645  ; RR ; CELL ; 1      ; FF_X52_Y22_N41                        ; message_bytes_remaining[13]     ;
;   4.319 ;   -0.127 ;    ;      ;        ;                                       ; clock pessimism removed         ;
; 4.319   ; 0.000    ;    ;      ;        ;                                       ; clock uncertainty               ;
; 4.319   ; 0.000    ;    ; uTh  ; 1      ; FF_X52_Y22_N41                        ; message_bytes_remaining[13]     ;
+---------+----------+----+------+--------+---------------------------------------+---------------------------------+

----------------------------
; Extra Fitter Information ;
----------------------------
HTML report is unavailable in plain text report export.


Path #7: Hold slack is 0.517 
===============================================================================
+---------------------------------------------+
; Path Summary                                ;
+--------------------+------------------------+
; Property           ; Value                  ;
+--------------------+------------------------+
; From Node          ; xof_bytes_remaining[6] ;
; To Node            ; xof_bytes_remaining[6] ;
; Launch Clock       ; clk                    ;
; Latch Clock        ; clk                    ;
; Data Arrival Time  ; 4.853                  ;
; Data Required Time ; 4.336                  ;
; Slack              ; 0.517                  ;
+--------------------+------------------------+

+-----------------------------------------------------------------------------------+
; Statistics                                                                        ;
+------------------------+-------+-------+-------------+------------+-------+-------+
; Property               ; Value ; Count ; Total Delay ; % of Total ; Min   ; Max   ;
+------------------------+-------+-------+-------------+------------+-------+-------+
; Hold Relationship      ; 0.000 ;       ;             ;            ;       ;       ;
; Clock Skew             ; 0.123 ;       ;             ;            ;       ;       ;
; Data Delay             ; 0.640 ;       ;             ;            ;       ;       ;
; Number of Logic Levels ;       ; 1     ;             ;            ;       ;       ;
; Physical Delays        ;       ;       ;             ;            ;       ;       ;
;  Arrival Path          ;       ;       ;             ;            ;       ;       ;
;   Clock                ;       ;       ;             ;            ;       ;       ;
;    IC                  ;       ; 3     ; 0.000       ; 0          ; 0.000 ; 0.000 ;
;    Cell                ;       ; 3     ; 1.765       ; 42         ; 0.470 ; 0.739 ;
;    Routing Element     ;       ; 26    ; 2.448       ; 58         ; 0.000 ; 0.776 ;
;   Data                 ;       ;       ;             ;            ;       ;       ;
;    IC                  ;       ; 2     ; 0.000       ; 0          ; 0.000 ; 0.000 ;
;    Cell                ;       ; 3     ; 0.353       ; 55         ; 0.000 ; 0.271 ;
;    uTco                ;       ; 1     ; 0.000       ; 0          ; 0.000 ; 0.000 ;
;    Routing Element     ;       ; 4     ; 0.287       ; 45         ; 0.000 ; 0.145 ;
;  Required Path         ;       ;       ;             ;            ;       ;       ;
;   Clock                ;       ;       ;             ;            ;       ;       ;
;    IC                  ;       ; 3     ; 0.000       ; 0          ; 0.000 ; 0.000 ;
;    Cell                ;       ; 3     ; 1.891       ; 42         ; 0.507 ; 0.739 ;
;    Routing Element     ;       ; 26    ; 2.572       ; 58         ; 0.000 ; 0.821 ;
+------------------------+-------+-------+-------------+------------+-------+-------+
Note: Negative delays are omitted from totals when calculating percentages

+-------------------------------------------------------------------------------------------------------------+
; Data Arrival Path                                                                                           ;
+---------+---------+----+------+--------+---------------------------------------+----------------------------+
; Total   ; Incr    ; RF ; Type ; Fanout ; Location                              ; Element                    ;
+---------+---------+----+------+--------+---------------------------------------+----------------------------+
; 0.000   ; 0.000   ;    ;      ;        ;                                       ; launch edge time           ;
; 4.213   ; 4.213   ;    ;      ;        ;                                       ; clock path                 ;
;   0.000 ;   0.000 ;    ;      ;        ;                                       ; source latency             ;
;   0.000 ;   0.000 ;    ;      ; 1      ; PIN_M16                               ; clk                        ;
;   0.000 ;   0.000 ;    ; RE   ; 1      ; IOPAD_X89_Y35_N60                     ; ARRIAV_IO_PAD              ;
;   0.000 ;   0.000 ;    ; RE   ; 1      ; IO_PAD_OUTPUT_X89_Y35_N60_I1          ; IO_PAD_OUTPUT              ;
;   0.000 ;   0.000 ;    ; RE   ; 1      ; IO_INPUT_BUFFER_INPUT_X89_Y35_N61_I0  ; IO_INPUT_BUFFER_INPUT      ;
;   0.000 ;   0.000 ; RR ; IC   ; 1      ; IOIBUF_X89_Y35_N61                    ; clk~input|i                ;
;   0.739 ;   0.739 ; RR ; CELL ; 1      ; IOIBUF_X89_Y35_N61                    ; clk~input|o                ;
;   0.739 ;   0.000 ;    ; RE   ; 1      ; IOIBUF_X89_Y35_N61                    ; ARRIAV_IO_IBUF             ;
;   0.739 ;   0.000 ;    ; RE   ; 1      ; IO_INPUT_BUFFER_OUTPUT_X89_Y35_N61_I2 ; IO_INPUT_BUFFER_OUTPUT     ;
;   0.739 ;   0.000 ;    ; RE   ; 1      ; IO_RE_X89_Y35_N60_I96                 ; IO_RE                      ;
;   0.827 ;   0.088 ;    ; RE   ; 1      ; IO_RE_X89_Y35_N60_I66                 ; IO_RE                      ;
;   1.102 ;   0.275 ;    ; RE   ; 1      ; CLKBUF_CLUSTER_RE_X89_Y39_N3_I421     ; CLKBUF_CLUSTER_RE          ;
;   1.102 ;   0.000 ;    ; RE   ; 1      ; CLKBUF_CLUSTER_RE_X89_Y39_N3_I772     ; CLKBUF_CLUSTER_RE          ;
;   1.102 ;   0.000 ;    ; RE   ; 1      ; CLKBUF_CLUSTER_RE_X89_Y39_N3_I557     ; CLKBUF_CLUSTER_RE          ;
;   1.102 ;   0.000 ;    ; RE   ; 1      ; GCLK_CLUSTER_RE_X89_Y39_N6_I10        ; GCLK_CLUSTER_RE            ;
;   1.102 ;   0.000 ;    ; RE   ; 1      ; CLKBUFBLOCK_INPUT_X89_Y39_N7_I0       ; CLKBUFBLOCK_INPUT          ;
;   1.102 ;   0.000 ; RR ; IC   ; 1      ; CLKCTRL_G9                            ; clk~inputCLKENA0|inclk     ;
;   1.572 ;   0.470 ; RR ; CELL ; 1674   ; CLKCTRL_G9                            ; clk~inputCLKENA0|outclk    ;
;   1.572 ;   0.000 ;    ; RE   ; 1      ; CLKCTRL_G9                            ; ARRIAV_CLKBUF              ;
;   1.572 ;   0.000 ;    ; RE   ; 1      ; CLKBUFBLOCK_OUTPUT_X89_Y39_N7_I2      ; CLKBUFBLOCK_OUTPUT         ;
;   1.572 ;   0.000 ;    ; RE   ; 1      ; GCLK_CLUSTER_RE_X89_Y39_N6_I12        ; GCLK_CLUSTER_RE            ;
;   1.572 ;   0.000 ;    ; RE   ; 1      ; CLKBUF_CLUSTER_RE_X89_Y39_N3_I416     ; CLKBUF_CLUSTER_RE          ;
;   2.348 ;   0.776 ;    ; RE   ; 6      ; GLOBAL_CLOCK_X0_Y36_N0_I9             ; GLOBAL_CLOCK               ;
;   2.487 ;   0.139 ;    ; RE   ; 6      ; SPINE_CLOCK_X55_Y19_N0_I22            ; SPINE_CLOCK                ;
;   2.876 ;   0.389 ;    ; RE   ; 1      ; SCLK_TO_ROWCLK_BUF_X55_Y20_N0_I133    ; SCLK_TO_ROWCLK_BUF         ;
;   2.967 ;   0.091 ;    ; RE   ; 2      ; SCLK_TO_ROWCLK_BUF_X55_Y20_N0_I136    ; SCLK_TO_ROWCLK_BUF         ;
;   3.425 ;   0.458 ;    ; RE   ; 9      ; LAB_CLK_X45_Y20_N0_I5                 ; LAB_CLK                    ;
;   3.550 ;   0.125 ;    ; RE   ; 1      ; BLK_CLK_BUF_X55_Y20_N0_I5             ; BLK_CLK_BUF                ;
;   3.603 ;   0.053 ;    ; RE   ; 1      ; ROWCLKSEL_PREBUF_X55_Y20_N0_I5        ; ROWCLKSEL_PREBUF           ;
;   3.657 ;   0.054 ;    ; RE   ; 1      ; ROWCLKSEL_X55_Y20_N0_I1               ; ROWCLKSEL                  ;
;   3.657 ;   0.000 ;    ; RE   ; 1      ; GLOBAL_LOCAL_SEL_X55_Y20_N0_I1        ; GLOBAL_LOCAL_SEL           ;
;   3.657 ;   0.000 ;    ; RE   ; 13     ; LAB_INPUT_X55_Y20_N0_I2               ; LAB_INPUT                  ;
;   3.657 ;   0.000 ; RR ; IC   ; 1      ; FF_X55_Y20_N11                        ; xof_bytes_remaining[6]|clk ;
;   4.213 ;   0.556 ; RR ; CELL ; 1      ; FF_X55_Y20_N11                        ; xof_bytes_remaining[6]     ;
; 4.853   ; 0.640   ;    ;      ;        ;                                       ; data path                  ;
;   4.213 ;   0.000 ;    ; uTco ; 1      ; FF_X55_Y20_N11                        ; xof_bytes_remaining[6]     ;
;   4.213 ;   0.000 ; FF ; CELL ; 2      ; FF_X55_Y20_N11                        ; xof_bytes_remaining[6]|q   ;
;   4.270 ;   0.057 ;    ; RE   ; 1      ; FF_X55_Y20_N11                        ; ARRIAV_FF                  ;
;   4.355 ;   0.085 ;    ; RE   ; 2      ; LOCAL_LINE_X55_Y20_N0_I3              ; LOCAL_LINE                 ;
;   4.500 ;   0.145 ;    ; RE   ; 1      ; BLOCK_INPUT_MUX_X55_Y20_N0_I13        ; LEIM_INPUT                 ;
;   4.500 ;   0.000 ; FF ; IC   ; 3      ; LABCELL_X55_Y20_N9                    ; Add5~21|datac              ;
;   4.771 ;   0.271 ; FR ; CELL ; 1      ; LABCELL_X55_Y20_N9                    ; Add5~21|sumout             ;
;   4.771 ;   0.000 ;    ; RE   ; 2      ; LABCELL_X55_Y20_N9                    ; ARRIAV_LCELL_COMB          ;
;   4.771 ;   0.000 ; RR ; IC   ; 1      ; FF_X55_Y20_N11                        ; xof_bytes_remaining[6]|d   ;
;   4.853 ;   0.082 ; RR ; CELL ; 1      ; FF_X55_Y20_N11                        ; xof_bytes_remaining[6]     ;
+---------+---------+----+------+--------+---------------------------------------+----------------------------+

+--------------------------------------------------------------------------------------------------------------+
; Data Required Path                                                                                           ;
+---------+----------+----+------+--------+---------------------------------------+----------------------------+
; Total   ; Incr     ; RF ; Type ; Fanout ; Location                              ; Element                    ;
+---------+----------+----+------+--------+---------------------------------------+----------------------------+
; 0.000   ; 0.000    ;    ;      ;        ;                                       ; latch edge time            ;
; 4.336   ; 4.336    ;    ;      ;        ;                                       ; clock path                 ;
;   0.000 ;   0.000  ;    ;      ;        ;                                       ; source latency             ;
;   0.000 ;   0.000  ;    ;      ; 1      ; PIN_M16                               ; clk                        ;
;   0.000 ;   0.000  ;    ; RE   ; 1      ; IOPAD_X89_Y35_N60                     ; ARRIAV_IO_PAD              ;
;   0.000 ;   0.000  ;    ; RE   ; 1      ; IO_PAD_OUTPUT_X89_Y35_N60_I1          ; IO_PAD_OUTPUT              ;
;   0.000 ;   0.000  ;    ; RE   ; 1      ; IO_INPUT_BUFFER_INPUT_X89_Y35_N61_I0  ; IO_INPUT_BUFFER_INPUT      ;
;   0.000 ;   0.000  ; RR ; IC   ; 1      ; IOIBUF_X89_Y35_N61                    ; clk~input|i                ;
;   0.739 ;   0.739  ; RR ; CELL ; 1      ; IOIBUF_X89_Y35_N61                    ; clk~input|o                ;
;   0.739 ;   0.000  ;    ; RE   ; 1      ; IOIBUF_X89_Y35_N61                    ; ARRIAV_IO_IBUF             ;
;   0.739 ;   0.000  ;    ; RE   ; 1      ; IO_INPUT_BUFFER_OUTPUT_X89_Y35_N61_I2 ; IO_INPUT_BUFFER_OUTPUT     ;
;   0.739 ;   0.000  ;    ; RE   ; 1      ; IO_RE_X89_Y35_N60_I96                 ; IO_RE                      ;
;   0.833 ;   0.094  ;    ; RE   ; 1      ; IO_RE_X89_Y35_N60_I66                 ; IO_RE                      ;
;   1.125 ;   0.292  ;    ; RE   ; 1      ; CLKBUF_CLUSTER_RE_X89_Y39_N3_I421     ; CLKBUF_CLUSTER_RE          ;
;   1.125 ;   0.000  ;    ; RE   ; 1      ; CLKBUF_CLUSTER_RE_X89_Y39_N3_I772     ; CLKBUF_CLUSTER_RE          ;
;   1.125 ;   0.000  ;    ; RE   ; 1      ; CLKBUF_CLUSTER_RE_X89_Y39_N3_I557     ; CLKBUF_CLUSTER_RE          ;
;   1.125 ;   0.000  ;    ; RE   ; 1      ; GCLK_CLUSTER_RE_X89_Y39_N6_I10        ; GCLK_CLUSTER_RE            ;
;   1.125 ;   0.000  ;    ; RE   ; 1      ; CLKBUFBLOCK_INPUT_X89_Y39_N7_I0       ; CLKBUFBLOCK_INPUT          ;
;   1.125 ;   0.000  ; RR ; IC   ; 1      ; CLKCTRL_G9                            ; clk~inputCLKENA0|inclk     ;
;   1.632 ;   0.507  ; RR ; CELL ; 1674   ; CLKCTRL_G9                            ; clk~inputCLKENA0|outclk    ;
;   1.632 ;   0.000  ;    ; RE   ; 1      ; CLKCTRL_G9                            ; ARRIAV_CLKBUF              ;
;   1.632 ;   0.000  ;    ; RE   ; 1      ; CLKBUFBLOCK_OUTPUT_X89_Y39_N7_I2      ; CLKBUFBLOCK_OUTPUT         ;
;   1.632 ;   0.000  ;    ; RE   ; 1      ; GCLK_CLUSTER_RE_X89_Y39_N6_I12        ; GCLK_CLUSTER_RE            ;
;   1.632 ;   0.000  ;    ; RE   ; 1      ; CLKBUF_CLUSTER_RE_X89_Y39_N3_I416     ; CLKBUF_CLUSTER_RE          ;
;   2.453 ;   0.821  ;    ; RE   ; 6      ; GLOBAL_CLOCK_X0_Y36_N0_I9             ; GLOBAL_CLOCK               ;
;   2.597 ;   0.144  ;    ; RE   ; 6      ; SPINE_CLOCK_X55_Y19_N0_I22            ; SPINE_CLOCK                ;
;   3.000 ;   0.403  ;    ; RE   ; 1      ; SCLK_TO_ROWCLK_BUF_X55_Y20_N0_I133    ; SCLK_TO_ROWCLK_BUF         ;
;   3.094 ;   0.094  ;    ; RE   ; 2      ; SCLK_TO_ROWCLK_BUF_X55_Y20_N0_I136    ; SCLK_TO_ROWCLK_BUF         ;
;   3.568 ;   0.474  ;    ; RE   ; 9      ; LAB_CLK_X45_Y20_N0_I5                 ; LAB_CLK                    ;
;   3.704 ;   0.136  ;    ; RE   ; 1      ; BLK_CLK_BUF_X55_Y20_N0_I5             ; BLK_CLK_BUF                ;
;   3.759 ;   0.055  ;    ; RE   ; 1      ; ROWCLKSEL_PREBUF_X55_Y20_N0_I5        ; ROWCLKSEL_PREBUF           ;
;   3.818 ;   0.059  ;    ; RE   ; 1      ; ROWCLKSEL_X55_Y20_N0_I1               ; ROWCLKSEL                  ;
;   3.818 ;   0.000  ;    ; RE   ; 1      ; GLOBAL_LOCAL_SEL_X55_Y20_N0_I1        ; GLOBAL_LOCAL_SEL           ;
;   3.818 ;   0.000  ;    ; RE   ; 13     ; LAB_INPUT_X55_Y20_N0_I2               ; LAB_INPUT                  ;
;   3.818 ;   0.000  ; RR ; IC   ; 1      ; FF_X55_Y20_N11                        ; xof_bytes_remaining[6]|clk ;
;   4.463 ;   0.645  ; RR ; CELL ; 1      ; FF_X55_Y20_N11                        ; xof_bytes_remaining[6]     ;
;   4.336 ;   -0.127 ;    ;      ;        ;                                       ; clock pessimism removed    ;
; 4.336   ; 0.000    ;    ;      ;        ;                                       ; clock uncertainty          ;
; 4.336   ; 0.000    ;    ; uTh  ; 1      ; FF_X55_Y20_N11                        ; xof_bytes_remaining[6]     ;
+---------+----------+----+------+--------+---------------------------------------+----------------------------+

----------------------------
; Extra Fitter Information ;
----------------------------
HTML report is unavailable in plain text report export.


Path #8: Hold slack is 0.518 
===============================================================================
+-------------------------------------------------+
; Path Summary                                    ;
+--------------------+----------------------------+
; Property           ; Value                      ;
+--------------------+----------------------------+
; From Node          ; message_bytes_remaining[8] ;
; To Node            ; message_bytes_remaining[8] ;
; Launch Clock       ; clk                        ;
; Latch Clock        ; clk                        ;
; Data Arrival Time  ; 4.831                      ;
; Data Required Time ; 4.313                      ;
; Slack              ; 0.518                      ;
+--------------------+----------------------------+

+------------------------------------------------------------------------------------+
; Statistics                                                                         ;
+------------------------+-------+-------+-------------+------------+--------+-------+
; Property               ; Value ; Count ; Total Delay ; % of Total ; Min    ; Max   ;
+------------------------+-------+-------+-------------+------------+--------+-------+
; Hold Relationship      ; 0.000 ;       ;             ;            ;        ;       ;
; Clock Skew             ; 0.122 ;       ;             ;            ;        ;       ;
; Data Delay             ; 0.640 ;       ;             ;            ;        ;       ;
; Number of Logic Levels ;       ; 1     ;             ;            ;        ;       ;
; Physical Delays        ;       ;       ;             ;            ;        ;       ;
;  Arrival Path          ;       ;       ;             ;            ;        ;       ;
;   Clock                ;       ;       ;             ;            ;        ;       ;
;    IC                  ;       ; 3     ; 0.001       ; 0          ; 0.000  ; 0.001 ;
;    Cell                ;       ; 3     ; 1.759       ; 42         ; 0.470  ; 0.739 ;
;    Routing Element     ;       ; 26    ; 2.431       ; 58         ; 0.000  ; 0.776 ;
;   Data                 ;       ;       ;             ;            ;        ;       ;
;    IC                  ;       ; 2     ; 0.000       ; 0          ; 0.000  ; 0.000 ;
;    Cell                ;       ; 3     ; 0.347       ; 54         ; 0.000  ; 0.265 ;
;    uTco                ;       ; 1     ; 0.000       ; 0          ; 0.000  ; 0.000 ;
;    Routing Element     ;       ; 4     ; 0.293       ; 46         ; 0.000  ; 0.147 ;
;  Required Path         ;       ;       ;             ;            ;        ;       ;
;   Clock                ;       ;       ;             ;            ;        ;       ;
;    IC                  ;       ; 3     ; -0.001      ; 0          ; -0.001 ; 0.000 ;
;    Cell                ;       ; 3     ; 1.885       ; 42         ; 0.507  ; 0.739 ;
;    Routing Element     ;       ; 26    ; 2.556       ; 58         ; 0.000  ; 0.821 ;
+------------------------+-------+-------+-------------+------------+--------+-------+
Note: Negative delays are omitted from totals when calculating percentages

+-----------------------------------------------------------------------------------------------------------------+
; Data Arrival Path                                                                                               ;
+---------+---------+----+------+--------+---------------------------------------+--------------------------------+
; Total   ; Incr    ; RF ; Type ; Fanout ; Location                              ; Element                        ;
+---------+---------+----+------+--------+---------------------------------------+--------------------------------+
; 0.000   ; 0.000   ;    ;      ;        ;                                       ; launch edge time               ;
; 4.191   ; 4.191   ;    ;      ;        ;                                       ; clock path                     ;
;   0.000 ;   0.000 ;    ;      ;        ;                                       ; source latency                 ;
;   0.000 ;   0.000 ;    ;      ; 1      ; PIN_M16                               ; clk                            ;
;   0.000 ;   0.000 ;    ; RE   ; 1      ; IOPAD_X89_Y35_N60                     ; ARRIAV_IO_PAD                  ;
;   0.000 ;   0.000 ;    ; RE   ; 1      ; IO_PAD_OUTPUT_X89_Y35_N60_I1          ; IO_PAD_OUTPUT                  ;
;   0.000 ;   0.000 ;    ; RE   ; 1      ; IO_INPUT_BUFFER_INPUT_X89_Y35_N61_I0  ; IO_INPUT_BUFFER_INPUT          ;
;   0.000 ;   0.000 ; RR ; IC   ; 1      ; IOIBUF_X89_Y35_N61                    ; clk~input|i                    ;
;   0.739 ;   0.739 ; RR ; CELL ; 1      ; IOIBUF_X89_Y35_N61                    ; clk~input|o                    ;
;   0.739 ;   0.000 ;    ; RE   ; 1      ; IOIBUF_X89_Y35_N61                    ; ARRIAV_IO_IBUF                 ;
;   0.739 ;   0.000 ;    ; RE   ; 1      ; IO_INPUT_BUFFER_OUTPUT_X89_Y35_N61_I2 ; IO_INPUT_BUFFER_OUTPUT         ;
;   0.739 ;   0.000 ;    ; RE   ; 1      ; IO_RE_X89_Y35_N60_I96                 ; IO_RE                          ;
;   0.827 ;   0.088 ;    ; RE   ; 1      ; IO_RE_X89_Y35_N60_I66                 ; IO_RE                          ;
;   1.102 ;   0.275 ;    ; RE   ; 1      ; CLKBUF_CLUSTER_RE_X89_Y39_N3_I421     ; CLKBUF_CLUSTER_RE              ;
;   1.102 ;   0.000 ;    ; RE   ; 1      ; CLKBUF_CLUSTER_RE_X89_Y39_N3_I772     ; CLKBUF_CLUSTER_RE              ;
;   1.102 ;   0.000 ;    ; RE   ; 1      ; CLKBUF_CLUSTER_RE_X89_Y39_N3_I557     ; CLKBUF_CLUSTER_RE              ;
;   1.102 ;   0.000 ;    ; RE   ; 1      ; GCLK_CLUSTER_RE_X89_Y39_N6_I10        ; GCLK_CLUSTER_RE                ;
;   1.102 ;   0.000 ;    ; RE   ; 1      ; CLKBUFBLOCK_INPUT_X89_Y39_N7_I0       ; CLKBUFBLOCK_INPUT              ;
;   1.102 ;   0.000 ; RR ; IC   ; 1      ; CLKCTRL_G9                            ; clk~inputCLKENA0|inclk         ;
;   1.572 ;   0.470 ; RR ; CELL ; 1674   ; CLKCTRL_G9                            ; clk~inputCLKENA0|outclk        ;
;   1.572 ;   0.000 ;    ; RE   ; 1      ; CLKCTRL_G9                            ; ARRIAV_CLKBUF                  ;
;   1.572 ;   0.000 ;    ; RE   ; 1      ; CLKBUFBLOCK_OUTPUT_X89_Y39_N7_I2      ; CLKBUFBLOCK_OUTPUT             ;
;   1.572 ;   0.000 ;    ; RE   ; 1      ; GCLK_CLUSTER_RE_X89_Y39_N6_I12        ; GCLK_CLUSTER_RE                ;
;   1.572 ;   0.000 ;    ; RE   ; 1      ; CLKBUF_CLUSTER_RE_X89_Y39_N3_I416     ; CLKBUF_CLUSTER_RE              ;
;   2.348 ;   0.776 ;    ; RE   ; 6      ; GLOBAL_CLOCK_X0_Y36_N0_I9             ; GLOBAL_CLOCK                   ;
;   2.486 ;   0.138 ;    ; RE   ; 6      ; SPINE_CLOCK_X55_Y19_N0_I22            ; SPINE_CLOCK                    ;
;   2.875 ;   0.389 ;    ; RE   ; 1      ; SCLK_TO_ROWCLK_BUF_X55_Y22_N0_I133    ; SCLK_TO_ROWCLK_BUF             ;
;   2.956 ;   0.081 ;    ; RE   ; 1      ; SCLK_TO_ROWCLK_BUF_X55_Y22_N0_I136    ; SCLK_TO_ROWCLK_BUF             ;
;   3.408 ;   0.452 ;    ; RE   ; 3      ; LAB_CLK_X45_Y22_N0_I5                 ; LAB_CLK                        ;
;   3.532 ;   0.124 ;    ; RE   ; 1      ; BLK_CLK_BUF_X52_Y22_N0_I5             ; BLK_CLK_BUF                    ;
;   3.585 ;   0.053 ;    ; RE   ; 1      ; ROWCLKSEL_PREBUF_X52_Y22_N0_I5        ; ROWCLKSEL_PREBUF               ;
;   3.640 ;   0.055 ;    ; RE   ; 1      ; ROWCLKSEL_X52_Y22_N0_I1               ; ROWCLKSEL                      ;
;   3.640 ;   0.000 ;    ; RE   ; 1      ; GLOBAL_LOCAL_SEL_X52_Y22_N0_I1        ; GLOBAL_LOCAL_SEL               ;
;   3.640 ;   0.000 ;    ; RE   ; 16     ; LAB_INPUT_X52_Y22_N0_I2               ; LAB_INPUT                      ;
;   3.641 ;   0.001 ; RR ; IC   ; 1      ; FF_X52_Y22_N26                        ; message_bytes_remaining[8]|clk ;
;   4.191 ;   0.550 ; RR ; CELL ; 1      ; FF_X52_Y22_N26                        ; message_bytes_remaining[8]     ;
; 4.831   ; 0.640   ;    ;      ;        ;                                       ; data path                      ;
;   4.191 ;   0.000 ;    ; uTco ; 1      ; FF_X52_Y22_N26                        ; message_bytes_remaining[8]     ;
;   4.191 ;   0.000 ; FF ; CELL ; 3      ; FF_X52_Y22_N26                        ; message_bytes_remaining[8]|q   ;
;   4.248 ;   0.057 ;    ; RE   ; 2      ; FF_X52_Y22_N26                        ; ARRIAV_FF                      ;
;   4.337 ;   0.089 ;    ; RE   ; 2      ; LOCAL_LINE_X52_Y22_N0_I8              ; LOCAL_LINE                     ;
;   4.484 ;   0.147 ;    ; RE   ; 1      ; BLOCK_INPUT_MUX_X52_Y22_N0_I36        ; LEIM_INPUT                     ;
;   4.484 ;   0.000 ; FF ; IC   ; 4      ; MLABCELL_X52_Y22_N24                  ; Add1~25|datac                  ;
;   4.749 ;   0.265 ; FR ; CELL ; 1      ; MLABCELL_X52_Y22_N24                  ; Add1~25|sumout                 ;
;   4.749 ;   0.000 ;    ; RE   ; 3      ; MLABCELL_X52_Y22_N24                  ; ARRIAV_LCELL_COMB              ;
;   4.749 ;   0.000 ; RR ; IC   ; 1      ; FF_X52_Y22_N26                        ; message_bytes_remaining[8]|d   ;
;   4.831 ;   0.082 ; RR ; CELL ; 1      ; FF_X52_Y22_N26                        ; message_bytes_remaining[8]     ;
+---------+---------+----+------+--------+---------------------------------------+--------------------------------+

+------------------------------------------------------------------------------------------------------------------+
; Data Required Path                                                                                               ;
+---------+----------+----+------+--------+---------------------------------------+--------------------------------+
; Total   ; Incr     ; RF ; Type ; Fanout ; Location                              ; Element                        ;
+---------+----------+----+------+--------+---------------------------------------+--------------------------------+
; 0.000   ; 0.000    ;    ;      ;        ;                                       ; latch edge time                ;
; 4.313   ; 4.313    ;    ;      ;        ;                                       ; clock path                     ;
;   0.000 ;   0.000  ;    ;      ;        ;                                       ; source latency                 ;
;   0.000 ;   0.000  ;    ;      ; 1      ; PIN_M16                               ; clk                            ;
;   0.000 ;   0.000  ;    ; RE   ; 1      ; IOPAD_X89_Y35_N60                     ; ARRIAV_IO_PAD                  ;
;   0.000 ;   0.000  ;    ; RE   ; 1      ; IO_PAD_OUTPUT_X89_Y35_N60_I1          ; IO_PAD_OUTPUT                  ;
;   0.000 ;   0.000  ;    ; RE   ; 1      ; IO_INPUT_BUFFER_INPUT_X89_Y35_N61_I0  ; IO_INPUT_BUFFER_INPUT          ;
;   0.000 ;   0.000  ; RR ; IC   ; 1      ; IOIBUF_X89_Y35_N61                    ; clk~input|i                    ;
;   0.739 ;   0.739  ; RR ; CELL ; 1      ; IOIBUF_X89_Y35_N61                    ; clk~input|o                    ;
;   0.739 ;   0.000  ;    ; RE   ; 1      ; IOIBUF_X89_Y35_N61                    ; ARRIAV_IO_IBUF                 ;
;   0.739 ;   0.000  ;    ; RE   ; 1      ; IO_INPUT_BUFFER_OUTPUT_X89_Y35_N61_I2 ; IO_INPUT_BUFFER_OUTPUT         ;
;   0.739 ;   0.000  ;    ; RE   ; 1      ; IO_RE_X89_Y35_N60_I96                 ; IO_RE                          ;
;   0.833 ;   0.094  ;    ; RE   ; 1      ; IO_RE_X89_Y35_N60_I66                 ; IO_RE                          ;
;   1.125 ;   0.292  ;    ; RE   ; 1      ; CLKBUF_CLUSTER_RE_X89_Y39_N3_I421     ; CLKBUF_CLUSTER_RE              ;
;   1.125 ;   0.000  ;    ; RE   ; 1      ; CLKBUF_CLUSTER_RE_X89_Y39_N3_I772     ; CLKBUF_CLUSTER_RE              ;
;   1.125 ;   0.000  ;    ; RE   ; 1      ; CLKBUF_CLUSTER_RE_X89_Y39_N3_I557     ; CLKBUF_CLUSTER_RE              ;
;   1.125 ;   0.000  ;    ; RE   ; 1      ; GCLK_CLUSTER_RE_X89_Y39_N6_I10        ; GCLK_CLUSTER_RE                ;
;   1.125 ;   0.000  ;    ; RE   ; 1      ; CLKBUFBLOCK_INPUT_X89_Y39_N7_I0       ; CLKBUFBLOCK_INPUT              ;
;   1.125 ;   0.000  ; RR ; IC   ; 1      ; CLKCTRL_G9                            ; clk~inputCLKENA0|inclk         ;
;   1.632 ;   0.507  ; RR ; CELL ; 1674   ; CLKCTRL_G9                            ; clk~inputCLKENA0|outclk        ;
;   1.632 ;   0.000  ;    ; RE   ; 1      ; CLKCTRL_G9                            ; ARRIAV_CLKBUF                  ;
;   1.632 ;   0.000  ;    ; RE   ; 1      ; CLKBUFBLOCK_OUTPUT_X89_Y39_N7_I2      ; CLKBUFBLOCK_OUTPUT             ;
;   1.632 ;   0.000  ;    ; RE   ; 1      ; GCLK_CLUSTER_RE_X89_Y39_N6_I12        ; GCLK_CLUSTER_RE                ;
;   1.632 ;   0.000  ;    ; RE   ; 1      ; CLKBUF_CLUSTER_RE_X89_Y39_N3_I416     ; CLKBUF_CLUSTER_RE              ;
;   2.453 ;   0.821  ;    ; RE   ; 6      ; GLOBAL_CLOCK_X0_Y36_N0_I9             ; GLOBAL_CLOCK                   ;
;   2.596 ;   0.143  ;    ; RE   ; 6      ; SPINE_CLOCK_X55_Y19_N0_I22            ; SPINE_CLOCK                    ;
;   2.999 ;   0.403  ;    ; RE   ; 1      ; SCLK_TO_ROWCLK_BUF_X55_Y22_N0_I133    ; SCLK_TO_ROWCLK_BUF             ;
;   3.083 ;   0.084  ;    ; RE   ; 1      ; SCLK_TO_ROWCLK_BUF_X55_Y22_N0_I136    ; SCLK_TO_ROWCLK_BUF             ;
;   3.552 ;   0.469  ;    ; RE   ; 3      ; LAB_CLK_X45_Y22_N0_I5                 ; LAB_CLK                        ;
;   3.687 ;   0.135  ;    ; RE   ; 1      ; BLK_CLK_BUF_X52_Y22_N0_I5             ; BLK_CLK_BUF                    ;
;   3.742 ;   0.055  ;    ; RE   ; 1      ; ROWCLKSEL_PREBUF_X52_Y22_N0_I5        ; ROWCLKSEL_PREBUF               ;
;   3.802 ;   0.060  ;    ; RE   ; 1      ; ROWCLKSEL_X52_Y22_N0_I1               ; ROWCLKSEL                      ;
;   3.802 ;   0.000  ;    ; RE   ; 1      ; GLOBAL_LOCAL_SEL_X52_Y22_N0_I1        ; GLOBAL_LOCAL_SEL               ;
;   3.802 ;   0.000  ;    ; RE   ; 16     ; LAB_INPUT_X52_Y22_N0_I2               ; LAB_INPUT                      ;
;   3.801 ;   -0.001 ; RR ; IC   ; 1      ; FF_X52_Y22_N26                        ; message_bytes_remaining[8]|clk ;
;   4.440 ;   0.639  ; RR ; CELL ; 1      ; FF_X52_Y22_N26                        ; message_bytes_remaining[8]     ;
;   4.313 ;   -0.127 ;    ;      ;        ;                                       ; clock pessimism removed        ;
; 4.313   ; 0.000    ;    ;      ;        ;                                       ; clock uncertainty              ;
; 4.313   ; 0.000    ;    ; uTh  ; 1      ; FF_X52_Y22_N26                        ; message_bytes_remaining[8]     ;
+---------+----------+----+------+--------+---------------------------------------+--------------------------------+

----------------------------
; Extra Fitter Information ;
----------------------------
HTML report is unavailable in plain text report export.


Path #9: Hold slack is 0.518 
===============================================================================
+---------------------------------------------+
; Path Summary                                ;
+--------------------+------------------------+
; Property           ; Value                  ;
+--------------------+------------------------+
; From Node          ; xof_bytes_remaining[9] ;
; To Node            ; xof_bytes_remaining[9] ;
; Launch Clock       ; clk                    ;
; Latch Clock        ; clk                    ;
; Data Arrival Time  ; 4.848                  ;
; Data Required Time ; 4.330                  ;
; Slack              ; 0.518                  ;
+--------------------+------------------------+

+-----------------------------------------------------------------------------------+
; Statistics                                                                        ;
+------------------------+-------+-------+-------------+------------+-------+-------+
; Property               ; Value ; Count ; Total Delay ; % of Total ; Min   ; Max   ;
+------------------------+-------+-------+-------------+------------+-------+-------+
; Hold Relationship      ; 0.000 ;       ;             ;            ;       ;       ;
; Clock Skew             ; 0.123 ;       ;             ;            ;       ;       ;
; Data Delay             ; 0.641 ;       ;             ;            ;       ;       ;
; Number of Logic Levels ;       ; 1     ;             ;            ;       ;       ;
; Physical Delays        ;       ;       ;             ;            ;       ;       ;
;  Arrival Path          ;       ;       ;             ;            ;       ;       ;
;   Clock                ;       ;       ;             ;            ;       ;       ;
;    IC                  ;       ; 3     ; 0.000       ; 0          ; 0.000 ; 0.000 ;
;    Cell                ;       ; 3     ; 1.759       ; 42         ; 0.470 ; 0.739 ;
;    Routing Element     ;       ; 26    ; 2.448       ; 58         ; 0.000 ; 0.776 ;
;   Data                 ;       ;       ;             ;            ;       ;       ;
;    IC                  ;       ; 2     ; 0.000       ; 0          ; 0.000 ; 0.000 ;
;    Cell                ;       ; 3     ; 0.348       ; 54         ; 0.000 ; 0.266 ;
;    uTco                ;       ; 1     ; 0.000       ; 0          ; 0.000 ; 0.000 ;
;    Routing Element     ;       ; 4     ; 0.293       ; 46         ; 0.000 ; 0.149 ;
;  Required Path         ;       ;       ;             ;            ;       ;       ;
;   Clock                ;       ;       ;             ;            ;       ;       ;
;    IC                  ;       ; 3     ; 0.000       ; 0          ; 0.000 ; 0.000 ;
;    Cell                ;       ; 3     ; 1.885       ; 42         ; 0.507 ; 0.739 ;
;    Routing Element     ;       ; 26    ; 2.572       ; 58         ; 0.000 ; 0.821 ;
+------------------------+-------+-------+-------------+------------+-------+-------+
Note: Negative delays are omitted from totals when calculating percentages

+-------------------------------------------------------------------------------------------------------------+
; Data Arrival Path                                                                                           ;
+---------+---------+----+------+--------+---------------------------------------+----------------------------+
; Total   ; Incr    ; RF ; Type ; Fanout ; Location                              ; Element                    ;
+---------+---------+----+------+--------+---------------------------------------+----------------------------+
; 0.000   ; 0.000   ;    ;      ;        ;                                       ; launch edge time           ;
; 4.207   ; 4.207   ;    ;      ;        ;                                       ; clock path                 ;
;   0.000 ;   0.000 ;    ;      ;        ;                                       ; source latency             ;
;   0.000 ;   0.000 ;    ;      ; 1      ; PIN_M16                               ; clk                        ;
;   0.000 ;   0.000 ;    ; RE   ; 1      ; IOPAD_X89_Y35_N60                     ; ARRIAV_IO_PAD              ;
;   0.000 ;   0.000 ;    ; RE   ; 1      ; IO_PAD_OUTPUT_X89_Y35_N60_I1          ; IO_PAD_OUTPUT              ;
;   0.000 ;   0.000 ;    ; RE   ; 1      ; IO_INPUT_BUFFER_INPUT_X89_Y35_N61_I0  ; IO_INPUT_BUFFER_INPUT      ;
;   0.000 ;   0.000 ; RR ; IC   ; 1      ; IOIBUF_X89_Y35_N61                    ; clk~input|i                ;
;   0.739 ;   0.739 ; RR ; CELL ; 1      ; IOIBUF_X89_Y35_N61                    ; clk~input|o                ;
;   0.739 ;   0.000 ;    ; RE   ; 1      ; IOIBUF_X89_Y35_N61                    ; ARRIAV_IO_IBUF             ;
;   0.739 ;   0.000 ;    ; RE   ; 1      ; IO_INPUT_BUFFER_OUTPUT_X89_Y35_N61_I2 ; IO_INPUT_BUFFER_OUTPUT     ;
;   0.739 ;   0.000 ;    ; RE   ; 1      ; IO_RE_X89_Y35_N60_I96                 ; IO_RE                      ;
;   0.827 ;   0.088 ;    ; RE   ; 1      ; IO_RE_X89_Y35_N60_I66                 ; IO_RE                      ;
;   1.102 ;   0.275 ;    ; RE   ; 1      ; CLKBUF_CLUSTER_RE_X89_Y39_N3_I421     ; CLKBUF_CLUSTER_RE          ;
;   1.102 ;   0.000 ;    ; RE   ; 1      ; CLKBUF_CLUSTER_RE_X89_Y39_N3_I772     ; CLKBUF_CLUSTER_RE          ;
;   1.102 ;   0.000 ;    ; RE   ; 1      ; CLKBUF_CLUSTER_RE_X89_Y39_N3_I557     ; CLKBUF_CLUSTER_RE          ;
;   1.102 ;   0.000 ;    ; RE   ; 1      ; GCLK_CLUSTER_RE_X89_Y39_N6_I10        ; GCLK_CLUSTER_RE            ;
;   1.102 ;   0.000 ;    ; RE   ; 1      ; CLKBUFBLOCK_INPUT_X89_Y39_N7_I0       ; CLKBUFBLOCK_INPUT          ;
;   1.102 ;   0.000 ; RR ; IC   ; 1      ; CLKCTRL_G9                            ; clk~inputCLKENA0|inclk     ;
;   1.572 ;   0.470 ; RR ; CELL ; 1674   ; CLKCTRL_G9                            ; clk~inputCLKENA0|outclk    ;
;   1.572 ;   0.000 ;    ; RE   ; 1      ; CLKCTRL_G9                            ; ARRIAV_CLKBUF              ;
;   1.572 ;   0.000 ;    ; RE   ; 1      ; CLKBUFBLOCK_OUTPUT_X89_Y39_N7_I2      ; CLKBUFBLOCK_OUTPUT         ;
;   1.572 ;   0.000 ;    ; RE   ; 1      ; GCLK_CLUSTER_RE_X89_Y39_N6_I12        ; GCLK_CLUSTER_RE            ;
;   1.572 ;   0.000 ;    ; RE   ; 1      ; CLKBUF_CLUSTER_RE_X89_Y39_N3_I416     ; CLKBUF_CLUSTER_RE          ;
;   2.348 ;   0.776 ;    ; RE   ; 6      ; GLOBAL_CLOCK_X0_Y36_N0_I9             ; GLOBAL_CLOCK               ;
;   2.487 ;   0.139 ;    ; RE   ; 6      ; SPINE_CLOCK_X55_Y19_N0_I22            ; SPINE_CLOCK                ;
;   2.876 ;   0.389 ;    ; RE   ; 1      ; SCLK_TO_ROWCLK_BUF_X55_Y20_N0_I133    ; SCLK_TO_ROWCLK_BUF         ;
;   2.967 ;   0.091 ;    ; RE   ; 2      ; SCLK_TO_ROWCLK_BUF_X55_Y20_N0_I136    ; SCLK_TO_ROWCLK_BUF         ;
;   3.425 ;   0.458 ;    ; RE   ; 9      ; LAB_CLK_X45_Y20_N0_I5                 ; LAB_CLK                    ;
;   3.550 ;   0.125 ;    ; RE   ; 1      ; BLK_CLK_BUF_X55_Y20_N0_I5             ; BLK_CLK_BUF                ;
;   3.603 ;   0.053 ;    ; RE   ; 1      ; ROWCLKSEL_PREBUF_X55_Y20_N0_I5        ; ROWCLKSEL_PREBUF           ;
;   3.657 ;   0.054 ;    ; RE   ; 1      ; ROWCLKSEL_X55_Y20_N0_I1               ; ROWCLKSEL                  ;
;   3.657 ;   0.000 ;    ; RE   ; 1      ; GLOBAL_LOCAL_SEL_X55_Y20_N0_I1        ; GLOBAL_LOCAL_SEL           ;
;   3.657 ;   0.000 ;    ; RE   ; 13     ; LAB_INPUT_X55_Y20_N0_I2               ; LAB_INPUT                  ;
;   3.657 ;   0.000 ; RR ; IC   ; 1      ; FF_X55_Y20_N20                        ; xof_bytes_remaining[9]|clk ;
;   4.207 ;   0.550 ; RR ; CELL ; 1      ; FF_X55_Y20_N20                        ; xof_bytes_remaining[9]     ;
; 4.848   ; 0.641   ;    ;      ;        ;                                       ; data path                  ;
;   4.207 ;   0.000 ;    ; uTco ; 1      ; FF_X55_Y20_N20                        ; xof_bytes_remaining[9]     ;
;   4.207 ;   0.000 ; FF ; CELL ; 2      ; FF_X55_Y20_N20                        ; xof_bytes_remaining[9]|q   ;
;   4.261 ;   0.054 ;    ; RE   ; 1      ; FF_X55_Y20_N20                        ; ARRIAV_FF                  ;
;   4.351 ;   0.090 ;    ; RE   ; 2      ; LOCAL_LINE_X55_Y20_N0_I6              ; LOCAL_LINE                 ;
;   4.500 ;   0.149 ;    ; RE   ; 1      ; BLOCK_INPUT_MUX_X55_Y20_N0_I28        ; LEIM_INPUT                 ;
;   4.500 ;   0.000 ; FF ; IC   ; 3      ; LABCELL_X55_Y20_N18                   ; Add5~33|datac              ;
;   4.766 ;   0.266 ; FR ; CELL ; 1      ; LABCELL_X55_Y20_N18                   ; Add5~33|sumout             ;
;   4.766 ;   0.000 ;    ; RE   ; 2      ; LABCELL_X55_Y20_N18                   ; ARRIAV_LCELL_COMB          ;
;   4.766 ;   0.000 ; RR ; IC   ; 1      ; FF_X55_Y20_N20                        ; xof_bytes_remaining[9]|d   ;
;   4.848 ;   0.082 ; RR ; CELL ; 1      ; FF_X55_Y20_N20                        ; xof_bytes_remaining[9]     ;
+---------+---------+----+------+--------+---------------------------------------+----------------------------+

+--------------------------------------------------------------------------------------------------------------+
; Data Required Path                                                                                           ;
+---------+----------+----+------+--------+---------------------------------------+----------------------------+
; Total   ; Incr     ; RF ; Type ; Fanout ; Location                              ; Element                    ;
+---------+----------+----+------+--------+---------------------------------------+----------------------------+
; 0.000   ; 0.000    ;    ;      ;        ;                                       ; latch edge time            ;
; 4.330   ; 4.330    ;    ;      ;        ;                                       ; clock path                 ;
;   0.000 ;   0.000  ;    ;      ;        ;                                       ; source latency             ;
;   0.000 ;   0.000  ;    ;      ; 1      ; PIN_M16                               ; clk                        ;
;   0.000 ;   0.000  ;    ; RE   ; 1      ; IOPAD_X89_Y35_N60                     ; ARRIAV_IO_PAD              ;
;   0.000 ;   0.000  ;    ; RE   ; 1      ; IO_PAD_OUTPUT_X89_Y35_N60_I1          ; IO_PAD_OUTPUT              ;
;   0.000 ;   0.000  ;    ; RE   ; 1      ; IO_INPUT_BUFFER_INPUT_X89_Y35_N61_I0  ; IO_INPUT_BUFFER_INPUT      ;
;   0.000 ;   0.000  ; RR ; IC   ; 1      ; IOIBUF_X89_Y35_N61                    ; clk~input|i                ;
;   0.739 ;   0.739  ; RR ; CELL ; 1      ; IOIBUF_X89_Y35_N61                    ; clk~input|o                ;
;   0.739 ;   0.000  ;    ; RE   ; 1      ; IOIBUF_X89_Y35_N61                    ; ARRIAV_IO_IBUF             ;
;   0.739 ;   0.000  ;    ; RE   ; 1      ; IO_INPUT_BUFFER_OUTPUT_X89_Y35_N61_I2 ; IO_INPUT_BUFFER_OUTPUT     ;
;   0.739 ;   0.000  ;    ; RE   ; 1      ; IO_RE_X89_Y35_N60_I96                 ; IO_RE                      ;
;   0.833 ;   0.094  ;    ; RE   ; 1      ; IO_RE_X89_Y35_N60_I66                 ; IO_RE                      ;
;   1.125 ;   0.292  ;    ; RE   ; 1      ; CLKBUF_CLUSTER_RE_X89_Y39_N3_I421     ; CLKBUF_CLUSTER_RE          ;
;   1.125 ;   0.000  ;    ; RE   ; 1      ; CLKBUF_CLUSTER_RE_X89_Y39_N3_I772     ; CLKBUF_CLUSTER_RE          ;
;   1.125 ;   0.000  ;    ; RE   ; 1      ; CLKBUF_CLUSTER_RE_X89_Y39_N3_I557     ; CLKBUF_CLUSTER_RE          ;
;   1.125 ;   0.000  ;    ; RE   ; 1      ; GCLK_CLUSTER_RE_X89_Y39_N6_I10        ; GCLK_CLUSTER_RE            ;
;   1.125 ;   0.000  ;    ; RE   ; 1      ; CLKBUFBLOCK_INPUT_X89_Y39_N7_I0       ; CLKBUFBLOCK_INPUT          ;
;   1.125 ;   0.000  ; RR ; IC   ; 1      ; CLKCTRL_G9                            ; clk~inputCLKENA0|inclk     ;
;   1.632 ;   0.507  ; RR ; CELL ; 1674   ; CLKCTRL_G9                            ; clk~inputCLKENA0|outclk    ;
;   1.632 ;   0.000  ;    ; RE   ; 1      ; CLKCTRL_G9                            ; ARRIAV_CLKBUF              ;
;   1.632 ;   0.000  ;    ; RE   ; 1      ; CLKBUFBLOCK_OUTPUT_X89_Y39_N7_I2      ; CLKBUFBLOCK_OUTPUT         ;
;   1.632 ;   0.000  ;    ; RE   ; 1      ; GCLK_CLUSTER_RE_X89_Y39_N6_I12        ; GCLK_CLUSTER_RE            ;
;   1.632 ;   0.000  ;    ; RE   ; 1      ; CLKBUF_CLUSTER_RE_X89_Y39_N3_I416     ; CLKBUF_CLUSTER_RE          ;
;   2.453 ;   0.821  ;    ; RE   ; 6      ; GLOBAL_CLOCK_X0_Y36_N0_I9             ; GLOBAL_CLOCK               ;
;   2.597 ;   0.144  ;    ; RE   ; 6      ; SPINE_CLOCK_X55_Y19_N0_I22            ; SPINE_CLOCK                ;
;   3.000 ;   0.403  ;    ; RE   ; 1      ; SCLK_TO_ROWCLK_BUF_X55_Y20_N0_I133    ; SCLK_TO_ROWCLK_BUF         ;
;   3.094 ;   0.094  ;    ; RE   ; 2      ; SCLK_TO_ROWCLK_BUF_X55_Y20_N0_I136    ; SCLK_TO_ROWCLK_BUF         ;
;   3.568 ;   0.474  ;    ; RE   ; 9      ; LAB_CLK_X45_Y20_N0_I5                 ; LAB_CLK                    ;
;   3.704 ;   0.136  ;    ; RE   ; 1      ; BLK_CLK_BUF_X55_Y20_N0_I5             ; BLK_CLK_BUF                ;
;   3.759 ;   0.055  ;    ; RE   ; 1      ; ROWCLKSEL_PREBUF_X55_Y20_N0_I5        ; ROWCLKSEL_PREBUF           ;
;   3.818 ;   0.059  ;    ; RE   ; 1      ; ROWCLKSEL_X55_Y20_N0_I1               ; ROWCLKSEL                  ;
;   3.818 ;   0.000  ;    ; RE   ; 1      ; GLOBAL_LOCAL_SEL_X55_Y20_N0_I1        ; GLOBAL_LOCAL_SEL           ;
;   3.818 ;   0.000  ;    ; RE   ; 13     ; LAB_INPUT_X55_Y20_N0_I2               ; LAB_INPUT                  ;
;   3.818 ;   0.000  ; RR ; IC   ; 1      ; FF_X55_Y20_N20                        ; xof_bytes_remaining[9]|clk ;
;   4.457 ;   0.639  ; RR ; CELL ; 1      ; FF_X55_Y20_N20                        ; xof_bytes_remaining[9]     ;
;   4.330 ;   -0.127 ;    ;      ;        ;                                       ; clock pessimism removed    ;
; 4.330   ; 0.000    ;    ;      ;        ;                                       ; clock uncertainty          ;
; 4.330   ; 0.000    ;    ; uTh  ; 1      ; FF_X55_Y20_N20                        ; xof_bytes_remaining[9]     ;
+---------+----------+----+------+--------+---------------------------------------+----------------------------+

----------------------------
; Extra Fitter Information ;
----------------------------
HTML report is unavailable in plain text report export.


Path #10: Hold slack is 0.522 
===============================================================================
+---------------------------------------------+
; Path Summary                                ;
+--------------------+------------------------+
; Property           ; Value                  ;
+--------------------+------------------------+
; From Node          ; xof_bytes_remaining[8] ;
; To Node            ; xof_bytes_remaining[8] ;
; Launch Clock       ; clk                    ;
; Latch Clock        ; clk                    ;
; Data Arrival Time  ; 4.858                  ;
; Data Required Time ; 4.336                  ;
; Slack              ; 0.522                  ;
+--------------------+------------------------+

+-----------------------------------------------------------------------------------+
; Statistics                                                                        ;
+------------------------+-------+-------+-------------+------------+-------+-------+
; Property               ; Value ; Count ; Total Delay ; % of Total ; Min   ; Max   ;
+------------------------+-------+-------+-------------+------------+-------+-------+
; Hold Relationship      ; 0.000 ;       ;             ;            ;       ;       ;
; Clock Skew             ; 0.123 ;       ;             ;            ;       ;       ;
; Data Delay             ; 0.645 ;       ;             ;            ;       ;       ;
; Number of Logic Levels ;       ; 1     ;             ;            ;       ;       ;
; Physical Delays        ;       ;       ;             ;            ;       ;       ;
;  Arrival Path          ;       ;       ;             ;            ;       ;       ;
;   Clock                ;       ;       ;             ;            ;       ;       ;
;    IC                  ;       ; 3     ; 0.000       ; 0          ; 0.000 ; 0.000 ;
;    Cell                ;       ; 3     ; 1.765       ; 42         ; 0.470 ; 0.739 ;
;    Routing Element     ;       ; 26    ; 2.448       ; 58         ; 0.000 ; 0.776 ;
;   Data                 ;       ;       ;             ;            ;       ;       ;
;    IC                  ;       ; 2     ; 0.000       ; 0          ; 0.000 ; 0.000 ;
;    Cell                ;       ; 3     ; 0.353       ; 55         ; 0.000 ; 0.271 ;
;    uTco                ;       ; 1     ; 0.000       ; 0          ; 0.000 ; 0.000 ;
;    Routing Element     ;       ; 4     ; 0.292       ; 45         ; 0.000 ; 0.148 ;
;  Required Path         ;       ;       ;             ;            ;       ;       ;
;   Clock                ;       ;       ;             ;            ;       ;       ;
;    IC                  ;       ; 3     ; 0.000       ; 0          ; 0.000 ; 0.000 ;
;    Cell                ;       ; 3     ; 1.891       ; 42         ; 0.507 ; 0.739 ;
;    Routing Element     ;       ; 26    ; 2.572       ; 58         ; 0.000 ; 0.821 ;
+------------------------+-------+-------+-------------+------------+-------+-------+
Note: Negative delays are omitted from totals when calculating percentages

+-------------------------------------------------------------------------------------------------------------+
; Data Arrival Path                                                                                           ;
+---------+---------+----+------+--------+---------------------------------------+----------------------------+
; Total   ; Incr    ; RF ; Type ; Fanout ; Location                              ; Element                    ;
+---------+---------+----+------+--------+---------------------------------------+----------------------------+
; 0.000   ; 0.000   ;    ;      ;        ;                                       ; launch edge time           ;
; 4.213   ; 4.213   ;    ;      ;        ;                                       ; clock path                 ;
;   0.000 ;   0.000 ;    ;      ;        ;                                       ; source latency             ;
;   0.000 ;   0.000 ;    ;      ; 1      ; PIN_M16                               ; clk                        ;
;   0.000 ;   0.000 ;    ; RE   ; 1      ; IOPAD_X89_Y35_N60                     ; ARRIAV_IO_PAD              ;
;   0.000 ;   0.000 ;    ; RE   ; 1      ; IO_PAD_OUTPUT_X89_Y35_N60_I1          ; IO_PAD_OUTPUT              ;
;   0.000 ;   0.000 ;    ; RE   ; 1      ; IO_INPUT_BUFFER_INPUT_X89_Y35_N61_I0  ; IO_INPUT_BUFFER_INPUT      ;
;   0.000 ;   0.000 ; RR ; IC   ; 1      ; IOIBUF_X89_Y35_N61                    ; clk~input|i                ;
;   0.739 ;   0.739 ; RR ; CELL ; 1      ; IOIBUF_X89_Y35_N61                    ; clk~input|o                ;
;   0.739 ;   0.000 ;    ; RE   ; 1      ; IOIBUF_X89_Y35_N61                    ; ARRIAV_IO_IBUF             ;
;   0.739 ;   0.000 ;    ; RE   ; 1      ; IO_INPUT_BUFFER_OUTPUT_X89_Y35_N61_I2 ; IO_INPUT_BUFFER_OUTPUT     ;
;   0.739 ;   0.000 ;    ; RE   ; 1      ; IO_RE_X89_Y35_N60_I96                 ; IO_RE                      ;
;   0.827 ;   0.088 ;    ; RE   ; 1      ; IO_RE_X89_Y35_N60_I66                 ; IO_RE                      ;
;   1.102 ;   0.275 ;    ; RE   ; 1      ; CLKBUF_CLUSTER_RE_X89_Y39_N3_I421     ; CLKBUF_CLUSTER_RE          ;
;   1.102 ;   0.000 ;    ; RE   ; 1      ; CLKBUF_CLUSTER_RE_X89_Y39_N3_I772     ; CLKBUF_CLUSTER_RE          ;
;   1.102 ;   0.000 ;    ; RE   ; 1      ; CLKBUF_CLUSTER_RE_X89_Y39_N3_I557     ; CLKBUF_CLUSTER_RE          ;
;   1.102 ;   0.000 ;    ; RE   ; 1      ; GCLK_CLUSTER_RE_X89_Y39_N6_I10        ; GCLK_CLUSTER_RE            ;
;   1.102 ;   0.000 ;    ; RE   ; 1      ; CLKBUFBLOCK_INPUT_X89_Y39_N7_I0       ; CLKBUFBLOCK_INPUT          ;
;   1.102 ;   0.000 ; RR ; IC   ; 1      ; CLKCTRL_G9                            ; clk~inputCLKENA0|inclk     ;
;   1.572 ;   0.470 ; RR ; CELL ; 1674   ; CLKCTRL_G9                            ; clk~inputCLKENA0|outclk    ;
;   1.572 ;   0.000 ;    ; RE   ; 1      ; CLKCTRL_G9                            ; ARRIAV_CLKBUF              ;
;   1.572 ;   0.000 ;    ; RE   ; 1      ; CLKBUFBLOCK_OUTPUT_X89_Y39_N7_I2      ; CLKBUFBLOCK_OUTPUT         ;
;   1.572 ;   0.000 ;    ; RE   ; 1      ; GCLK_CLUSTER_RE_X89_Y39_N6_I12        ; GCLK_CLUSTER_RE            ;
;   1.572 ;   0.000 ;    ; RE   ; 1      ; CLKBUF_CLUSTER_RE_X89_Y39_N3_I416     ; CLKBUF_CLUSTER_RE          ;
;   2.348 ;   0.776 ;    ; RE   ; 6      ; GLOBAL_CLOCK_X0_Y36_N0_I9             ; GLOBAL_CLOCK               ;
;   2.487 ;   0.139 ;    ; RE   ; 6      ; SPINE_CLOCK_X55_Y19_N0_I22            ; SPINE_CLOCK                ;
;   2.876 ;   0.389 ;    ; RE   ; 1      ; SCLK_TO_ROWCLK_BUF_X55_Y20_N0_I133    ; SCLK_TO_ROWCLK_BUF         ;
;   2.967 ;   0.091 ;    ; RE   ; 2      ; SCLK_TO_ROWCLK_BUF_X55_Y20_N0_I136    ; SCLK_TO_ROWCLK_BUF         ;
;   3.425 ;   0.458 ;    ; RE   ; 9      ; LAB_CLK_X45_Y20_N0_I5                 ; LAB_CLK                    ;
;   3.550 ;   0.125 ;    ; RE   ; 1      ; BLK_CLK_BUF_X55_Y20_N0_I5             ; BLK_CLK_BUF                ;
;   3.603 ;   0.053 ;    ; RE   ; 1      ; ROWCLKSEL_PREBUF_X55_Y20_N0_I5        ; ROWCLKSEL_PREBUF           ;
;   3.657 ;   0.054 ;    ; RE   ; 1      ; ROWCLKSEL_X55_Y20_N0_I1               ; ROWCLKSEL                  ;
;   3.657 ;   0.000 ;    ; RE   ; 1      ; GLOBAL_LOCAL_SEL_X55_Y20_N0_I1        ; GLOBAL_LOCAL_SEL           ;
;   3.657 ;   0.000 ;    ; RE   ; 13     ; LAB_INPUT_X55_Y20_N0_I2               ; LAB_INPUT                  ;
;   3.657 ;   0.000 ; RR ; IC   ; 1      ; FF_X55_Y20_N17                        ; xof_bytes_remaining[8]|clk ;
;   4.213 ;   0.556 ; RR ; CELL ; 1      ; FF_X55_Y20_N17                        ; xof_bytes_remaining[8]     ;
; 4.858   ; 0.645   ;    ;      ;        ;                                       ; data path                  ;
;   4.213 ;   0.000 ;    ; uTco ; 1      ; FF_X55_Y20_N17                        ; xof_bytes_remaining[8]     ;
;   4.213 ;   0.000 ; FF ; CELL ; 2      ; FF_X55_Y20_N17                        ; xof_bytes_remaining[8]|q   ;
;   4.267 ;   0.054 ;    ; RE   ; 1      ; FF_X55_Y20_N17                        ; ARRIAV_FF                  ;
;   4.357 ;   0.090 ;    ; RE   ; 2      ; LOCAL_LINE_X55_Y20_N0_I5              ; LOCAL_LINE                 ;
;   4.505 ;   0.148 ;    ; RE   ; 1      ; BLOCK_INPUT_MUX_X55_Y20_N0_I21        ; LEIM_INPUT                 ;
;   4.505 ;   0.000 ; FF ; IC   ; 3      ; LABCELL_X55_Y20_N15                   ; Add5~9|datac               ;
;   4.776 ;   0.271 ; FR ; CELL ; 1      ; LABCELL_X55_Y20_N15                   ; Add5~9|sumout              ;
;   4.776 ;   0.000 ;    ; RE   ; 2      ; LABCELL_X55_Y20_N15                   ; ARRIAV_LCELL_COMB          ;
;   4.776 ;   0.000 ; RR ; IC   ; 1      ; FF_X55_Y20_N17                        ; xof_bytes_remaining[8]|d   ;
;   4.858 ;   0.082 ; RR ; CELL ; 1      ; FF_X55_Y20_N17                        ; xof_bytes_remaining[8]     ;
+---------+---------+----+------+--------+---------------------------------------+----------------------------+

+--------------------------------------------------------------------------------------------------------------+
; Data Required Path                                                                                           ;
+---------+----------+----+------+--------+---------------------------------------+----------------------------+
; Total   ; Incr     ; RF ; Type ; Fanout ; Location                              ; Element                    ;
+---------+----------+----+------+--------+---------------------------------------+----------------------------+
; 0.000   ; 0.000    ;    ;      ;        ;                                       ; latch edge time            ;
; 4.336   ; 4.336    ;    ;      ;        ;                                       ; clock path                 ;
;   0.000 ;   0.000  ;    ;      ;        ;                                       ; source latency             ;
;   0.000 ;   0.000  ;    ;      ; 1      ; PIN_M16                               ; clk                        ;
;   0.000 ;   0.000  ;    ; RE   ; 1      ; IOPAD_X89_Y35_N60                     ; ARRIAV_IO_PAD              ;
;   0.000 ;   0.000  ;    ; RE   ; 1      ; IO_PAD_OUTPUT_X89_Y35_N60_I1          ; IO_PAD_OUTPUT              ;
;   0.000 ;   0.000  ;    ; RE   ; 1      ; IO_INPUT_BUFFER_INPUT_X89_Y35_N61_I0  ; IO_INPUT_BUFFER_INPUT      ;
;   0.000 ;   0.000  ; RR ; IC   ; 1      ; IOIBUF_X89_Y35_N61                    ; clk~input|i                ;
;   0.739 ;   0.739  ; RR ; CELL ; 1      ; IOIBUF_X89_Y35_N61                    ; clk~input|o                ;
;   0.739 ;   0.000  ;    ; RE   ; 1      ; IOIBUF_X89_Y35_N61                    ; ARRIAV_IO_IBUF             ;
;   0.739 ;   0.000  ;    ; RE   ; 1      ; IO_INPUT_BUFFER_OUTPUT_X89_Y35_N61_I2 ; IO_INPUT_BUFFER_OUTPUT     ;
;   0.739 ;   0.000  ;    ; RE   ; 1      ; IO_RE_X89_Y35_N60_I96                 ; IO_RE                      ;
;   0.833 ;   0.094  ;    ; RE   ; 1      ; IO_RE_X89_Y35_N60_I66                 ; IO_RE                      ;
;   1.125 ;   0.292  ;    ; RE   ; 1      ; CLKBUF_CLUSTER_RE_X89_Y39_N3_I421     ; CLKBUF_CLUSTER_RE          ;
;   1.125 ;   0.000  ;    ; RE   ; 1      ; CLKBUF_CLUSTER_RE_X89_Y39_N3_I772     ; CLKBUF_CLUSTER_RE          ;
;   1.125 ;   0.000  ;    ; RE   ; 1      ; CLKBUF_CLUSTER_RE_X89_Y39_N3_I557     ; CLKBUF_CLUSTER_RE          ;
;   1.125 ;   0.000  ;    ; RE   ; 1      ; GCLK_CLUSTER_RE_X89_Y39_N6_I10        ; GCLK_CLUSTER_RE            ;
;   1.125 ;   0.000  ;    ; RE   ; 1      ; CLKBUFBLOCK_INPUT_X89_Y39_N7_I0       ; CLKBUFBLOCK_INPUT          ;
;   1.125 ;   0.000  ; RR ; IC   ; 1      ; CLKCTRL_G9                            ; clk~inputCLKENA0|inclk     ;
;   1.632 ;   0.507  ; RR ; CELL ; 1674   ; CLKCTRL_G9                            ; clk~inputCLKENA0|outclk    ;
;   1.632 ;   0.000  ;    ; RE   ; 1      ; CLKCTRL_G9                            ; ARRIAV_CLKBUF              ;
;   1.632 ;   0.000  ;    ; RE   ; 1      ; CLKBUFBLOCK_OUTPUT_X89_Y39_N7_I2      ; CLKBUFBLOCK_OUTPUT         ;
;   1.632 ;   0.000  ;    ; RE   ; 1      ; GCLK_CLUSTER_RE_X89_Y39_N6_I12        ; GCLK_CLUSTER_RE            ;
;   1.632 ;   0.000  ;    ; RE   ; 1      ; CLKBUF_CLUSTER_RE_X89_Y39_N3_I416     ; CLKBUF_CLUSTER_RE          ;
;   2.453 ;   0.821  ;    ; RE   ; 6      ; GLOBAL_CLOCK_X0_Y36_N0_I9             ; GLOBAL_CLOCK               ;
;   2.597 ;   0.144  ;    ; RE   ; 6      ; SPINE_CLOCK_X55_Y19_N0_I22            ; SPINE_CLOCK                ;
;   3.000 ;   0.403  ;    ; RE   ; 1      ; SCLK_TO_ROWCLK_BUF_X55_Y20_N0_I133    ; SCLK_TO_ROWCLK_BUF         ;
;   3.094 ;   0.094  ;    ; RE   ; 2      ; SCLK_TO_ROWCLK_BUF_X55_Y20_N0_I136    ; SCLK_TO_ROWCLK_BUF         ;
;   3.568 ;   0.474  ;    ; RE   ; 9      ; LAB_CLK_X45_Y20_N0_I5                 ; LAB_CLK                    ;
;   3.704 ;   0.136  ;    ; RE   ; 1      ; BLK_CLK_BUF_X55_Y20_N0_I5             ; BLK_CLK_BUF                ;
;   3.759 ;   0.055  ;    ; RE   ; 1      ; ROWCLKSEL_PREBUF_X55_Y20_N0_I5        ; ROWCLKSEL_PREBUF           ;
;   3.818 ;   0.059  ;    ; RE   ; 1      ; ROWCLKSEL_X55_Y20_N0_I1               ; ROWCLKSEL                  ;
;   3.818 ;   0.000  ;    ; RE   ; 1      ; GLOBAL_LOCAL_SEL_X55_Y20_N0_I1        ; GLOBAL_LOCAL_SEL           ;
;   3.818 ;   0.000  ;    ; RE   ; 13     ; LAB_INPUT_X55_Y20_N0_I2               ; LAB_INPUT                  ;
;   3.818 ;   0.000  ; RR ; IC   ; 1      ; FF_X55_Y20_N17                        ; xof_bytes_remaining[8]|clk ;
;   4.463 ;   0.645  ; RR ; CELL ; 1      ; FF_X55_Y20_N17                        ; xof_bytes_remaining[8]     ;
;   4.336 ;   -0.127 ;    ;      ;        ;                                       ; clock pessimism removed    ;
; 4.336   ; 0.000    ;    ;      ;        ;                                       ; clock uncertainty          ;
; 4.336   ; 0.000    ;    ; uTh  ; 1      ; FF_X55_Y20_N17                        ; xof_bytes_remaining[8]     ;
+---------+----------+----+------+--------+---------------------------------------+----------------------------+

----------------------------
; Extra Fitter Information ;
----------------------------
HTML report is unavailable in plain text report export.


Path #11: Hold slack is 0.523 
===============================================================================
+--------------------------------------------+
; Path Summary                               ;
+--------------------+-----------------------+
; Property           ; Value                 ;
+--------------------+-----------------------+
; From Node          ; state_array[1][1][34] ;
; To Node            ; state_array[1][1][34] ;
; Launch Clock       ; clk                   ;
; Latch Clock        ; clk                   ;
; Data Arrival Time  ; 4.934                 ;
; Data Required Time ; 4.411                 ;
; Slack              ; 0.523                 ;
+--------------------+-----------------------+

+-----------------------------------------------------------------------------------+
; Statistics                                                                        ;
+------------------------+-------+-------+-------------+------------+-------+-------+
; Property               ; Value ; Count ; Total Delay ; % of Total ; Min   ; Max   ;
+------------------------+-------+-------+-------------+------------+-------+-------+
; Hold Relationship      ; 0.000 ;       ;             ;            ;       ;       ;
; Clock Skew             ; 0.128 ;       ;             ;            ;       ;       ;
; Data Delay             ; 0.651 ;       ;             ;            ;       ;       ;
; Number of Logic Levels ;       ; 1     ;             ;            ;       ;       ;
; Physical Delays        ;       ;       ;             ;            ;       ;       ;
;  Arrival Path          ;       ;       ;             ;            ;       ;       ;
;   Clock                ;       ;       ;             ;            ;       ;       ;
;    IC                  ;       ; 3     ; 0.000       ; 0          ; 0.000 ; 0.000 ;
;    Cell                ;       ; 3     ; 1.773       ; 41         ; 0.470 ; 0.739 ;
;    Routing Element     ;       ; 26    ; 2.510       ; 59         ; 0.000 ; 0.769 ;
;   Data                 ;       ;       ;             ;            ;       ;       ;
;    IC                  ;       ; 2     ; 0.000       ; 0          ; 0.000 ; 0.000 ;
;    Cell                ;       ; 3     ; 0.651       ; 100        ; 0.000 ; 0.568 ;
;    uTco                ;       ; 1     ; 0.000       ; 0          ; 0.000 ; 0.000 ;
;    Routing Element     ;       ; 2     ; 0.000       ; 0          ; 0.000 ; 0.000 ;
;  Required Path         ;       ;       ;             ;            ;       ;       ;
;   Clock                ;       ;       ;             ;            ;       ;       ;
;    IC                  ;       ; 3     ; 0.001       ; 0          ; 0.000 ; 0.001 ;
;    Cell                ;       ; 3     ; 1.901       ; 42         ; 0.507 ; 0.739 ;
;    Routing Element     ;       ; 26    ; 2.635       ; 58         ; 0.000 ; 0.813 ;
+------------------------+-------+-------+-------------+------------+-------+-------+
Note: Negative delays are omitted from totals when calculating percentages

+------------------------------------------------------------------------------------------------------------+
; Data Arrival Path                                                                                          ;
+---------+---------+----+------+--------+---------------------------------------+---------------------------+
; Total   ; Incr    ; RF ; Type ; Fanout ; Location                              ; Element                   ;
+---------+---------+----+------+--------+---------------------------------------+---------------------------+
; 0.000   ; 0.000   ;    ;      ;        ;                                       ; launch edge time          ;
; 4.283   ; 4.283   ;    ;      ;        ;                                       ; clock path                ;
;   0.000 ;   0.000 ;    ;      ;        ;                                       ; source latency            ;
;   0.000 ;   0.000 ;    ;      ; 1      ; PIN_M16                               ; clk                       ;
;   0.000 ;   0.000 ;    ; RE   ; 1      ; IOPAD_X89_Y35_N60                     ; ARRIAV_IO_PAD             ;
;   0.000 ;   0.000 ;    ; RE   ; 1      ; IO_PAD_OUTPUT_X89_Y35_N60_I1          ; IO_PAD_OUTPUT             ;
;   0.000 ;   0.000 ;    ; RE   ; 1      ; IO_INPUT_BUFFER_INPUT_X89_Y35_N61_I0  ; IO_INPUT_BUFFER_INPUT     ;
;   0.000 ;   0.000 ; RR ; IC   ; 1      ; IOIBUF_X89_Y35_N61                    ; clk~input|i               ;
;   0.739 ;   0.739 ; RR ; CELL ; 1      ; IOIBUF_X89_Y35_N61                    ; clk~input|o               ;
;   0.739 ;   0.000 ;    ; RE   ; 1      ; IOIBUF_X89_Y35_N61                    ; ARRIAV_IO_IBUF            ;
;   0.739 ;   0.000 ;    ; RE   ; 1      ; IO_INPUT_BUFFER_OUTPUT_X89_Y35_N61_I2 ; IO_INPUT_BUFFER_OUTPUT    ;
;   0.739 ;   0.000 ;    ; RE   ; 1      ; IO_RE_X89_Y35_N60_I96                 ; IO_RE                     ;
;   0.827 ;   0.088 ;    ; RE   ; 1      ; IO_RE_X89_Y35_N60_I66                 ; IO_RE                     ;
;   1.102 ;   0.275 ;    ; RE   ; 1      ; CLKBUF_CLUSTER_RE_X89_Y39_N3_I421     ; CLKBUF_CLUSTER_RE         ;
;   1.102 ;   0.000 ;    ; RE   ; 1      ; CLKBUF_CLUSTER_RE_X89_Y39_N3_I772     ; CLKBUF_CLUSTER_RE         ;
;   1.102 ;   0.000 ;    ; RE   ; 1      ; CLKBUF_CLUSTER_RE_X89_Y39_N3_I557     ; CLKBUF_CLUSTER_RE         ;
;   1.102 ;   0.000 ;    ; RE   ; 1      ; GCLK_CLUSTER_RE_X89_Y39_N6_I10        ; GCLK_CLUSTER_RE           ;
;   1.102 ;   0.000 ;    ; RE   ; 1      ; CLKBUFBLOCK_INPUT_X89_Y39_N7_I0       ; CLKBUFBLOCK_INPUT         ;
;   1.102 ;   0.000 ; RR ; IC   ; 1      ; CLKCTRL_G9                            ; clk~inputCLKENA0|inclk    ;
;   1.572 ;   0.470 ; RR ; CELL ; 1674   ; CLKCTRL_G9                            ; clk~inputCLKENA0|outclk   ;
;   1.572 ;   0.000 ;    ; RE   ; 1      ; CLKCTRL_G9                            ; ARRIAV_CLKBUF             ;
;   1.572 ;   0.000 ;    ; RE   ; 1      ; CLKBUFBLOCK_OUTPUT_X89_Y39_N7_I2      ; CLKBUFBLOCK_OUTPUT        ;
;   1.572 ;   0.000 ;    ; RE   ; 1      ; GCLK_CLUSTER_RE_X89_Y39_N6_I12        ; GCLK_CLUSTER_RE           ;
;   1.572 ;   0.000 ;    ; RE   ; 1      ; CLKBUF_CLUSTER_RE_X89_Y39_N3_I416     ; CLKBUF_CLUSTER_RE         ;
;   2.341 ;   0.769 ;    ; RE   ; 6      ; GLOBAL_CLOCK_X0_Y36_N0_I9             ; GLOBAL_CLOCK              ;
;   2.489 ;   0.148 ;    ; RE   ; 6      ; SPINE_CLOCK_X15_Y0_N0_I7              ; SPINE_CLOCK               ;
;   2.895 ;   0.406 ;    ; RE   ; 1      ; SCLK_TO_ROWCLK_BUF_X15_Y18_N0_I43     ; SCLK_TO_ROWCLK_BUF        ;
;   2.986 ;   0.091 ;    ; RE   ; 2      ; SCLK_TO_ROWCLK_BUF_X15_Y18_N0_I46     ; SCLK_TO_ROWCLK_BUF        ;
;   3.461 ;   0.475 ;    ; RE   ; 1      ; LAB_CLK_X0_Y18_N0_I5                  ; LAB_CLK                   ;
;   3.607 ;   0.146 ;    ; RE   ; 1      ; BLK_CLK_BUF_X15_Y18_N0_I5             ; BLK_CLK_BUF               ;
;   3.664 ;   0.057 ;    ; RE   ; 1      ; ROWCLKSEL_PREBUF_X15_Y18_N0_I5        ; ROWCLKSEL_PREBUF          ;
;   3.719 ;   0.055 ;    ; RE   ; 1      ; ROWCLKSEL_X15_Y18_N0_I0               ; ROWCLKSEL                 ;
;   3.719 ;   0.000 ;    ; RE   ; 1      ; GLOBAL_LOCAL_SEL_X15_Y18_N0_I0        ; GLOBAL_LOCAL_SEL          ;
;   3.719 ;   0.000 ;    ; RE   ; 5      ; LAB_INPUT_X15_Y18_N0_I0               ; LAB_INPUT                 ;
;   3.719 ;   0.000 ; RR ; IC   ; 1      ; FF_X15_Y18_N26                        ; state_array[1][1][34]|clk ;
;   4.283 ;   0.564 ; RR ; CELL ; 1      ; FF_X15_Y18_N26                        ; state_array[1][1][34]     ;
; 4.934   ; 0.651   ;    ;      ;        ;                                       ; data path                 ;
;   4.283 ;   0.000 ;    ; uTco ; 1      ; FF_X15_Y18_N26                        ; state_array[1][1][34]     ;
;   4.283 ;   0.000 ; FF ; CELL ; 6      ; FF_X15_Y18_N26                        ; state_array[1][1][34]|q   ;
;   4.283 ;   0.000 ;    ; RE   ; 3      ; FF_X15_Y18_N26                        ; ARRIAV_FF                 ;
;   4.283 ;   0.000 ; FF ; IC   ; 1      ; MLABCELL_X15_Y18_N24                  ; state_array~1147|datae    ;
;   4.851 ;   0.568 ; FF ; CELL ; 1      ; MLABCELL_X15_Y18_N24                  ; state_array~1147|combout  ;
;   4.851 ;   0.000 ;    ; RE   ; 1      ; MLABCELL_X15_Y18_N24                  ; ARRIAV_LCELL_COMB         ;
;   4.851 ;   0.000 ; FF ; IC   ; 1      ; FF_X15_Y18_N26                        ; state_array[1][1][34]|d   ;
;   4.934 ;   0.083 ; FF ; CELL ; 1      ; FF_X15_Y18_N26                        ; state_array[1][1][34]     ;
+---------+---------+----+------+--------+---------------------------------------+---------------------------+

+-------------------------------------------------------------------------------------------------------------+
; Data Required Path                                                                                          ;
+---------+----------+----+------+--------+---------------------------------------+---------------------------+
; Total   ; Incr     ; RF ; Type ; Fanout ; Location                              ; Element                   ;
+---------+----------+----+------+--------+---------------------------------------+---------------------------+
; 0.000   ; 0.000    ;    ;      ;        ;                                       ; latch edge time           ;
; 4.411   ; 4.411    ;    ;      ;        ;                                       ; clock path                ;
;   0.000 ;   0.000  ;    ;      ;        ;                                       ; source latency            ;
;   0.000 ;   0.000  ;    ;      ; 1      ; PIN_M16                               ; clk                       ;
;   0.000 ;   0.000  ;    ; RE   ; 1      ; IOPAD_X89_Y35_N60                     ; ARRIAV_IO_PAD             ;
;   0.000 ;   0.000  ;    ; RE   ; 1      ; IO_PAD_OUTPUT_X89_Y35_N60_I1          ; IO_PAD_OUTPUT             ;
;   0.000 ;   0.000  ;    ; RE   ; 1      ; IO_INPUT_BUFFER_INPUT_X89_Y35_N61_I0  ; IO_INPUT_BUFFER_INPUT     ;
;   0.000 ;   0.000  ; RR ; IC   ; 1      ; IOIBUF_X89_Y35_N61                    ; clk~input|i               ;
;   0.739 ;   0.739  ; RR ; CELL ; 1      ; IOIBUF_X89_Y35_N61                    ; clk~input|o               ;
;   0.739 ;   0.000  ;    ; RE   ; 1      ; IOIBUF_X89_Y35_N61                    ; ARRIAV_IO_IBUF            ;
;   0.739 ;   0.000  ;    ; RE   ; 1      ; IO_INPUT_BUFFER_OUTPUT_X89_Y35_N61_I2 ; IO_INPUT_BUFFER_OUTPUT    ;
;   0.739 ;   0.000  ;    ; RE   ; 1      ; IO_RE_X89_Y35_N60_I96                 ; IO_RE                     ;
;   0.833 ;   0.094  ;    ; RE   ; 1      ; IO_RE_X89_Y35_N60_I66                 ; IO_RE                     ;
;   1.125 ;   0.292  ;    ; RE   ; 1      ; CLKBUF_CLUSTER_RE_X89_Y39_N3_I421     ; CLKBUF_CLUSTER_RE         ;
;   1.125 ;   0.000  ;    ; RE   ; 1      ; CLKBUF_CLUSTER_RE_X89_Y39_N3_I772     ; CLKBUF_CLUSTER_RE         ;
;   1.125 ;   0.000  ;    ; RE   ; 1      ; CLKBUF_CLUSTER_RE_X89_Y39_N3_I557     ; CLKBUF_CLUSTER_RE         ;
;   1.125 ;   0.000  ;    ; RE   ; 1      ; GCLK_CLUSTER_RE_X89_Y39_N6_I10        ; GCLK_CLUSTER_RE           ;
;   1.125 ;   0.000  ;    ; RE   ; 1      ; CLKBUFBLOCK_INPUT_X89_Y39_N7_I0       ; CLKBUFBLOCK_INPUT         ;
;   1.125 ;   0.000  ; RR ; IC   ; 1      ; CLKCTRL_G9                            ; clk~inputCLKENA0|inclk    ;
;   1.632 ;   0.507  ; RR ; CELL ; 1674   ; CLKCTRL_G9                            ; clk~inputCLKENA0|outclk   ;
;   1.632 ;   0.000  ;    ; RE   ; 1      ; CLKCTRL_G9                            ; ARRIAV_CLKBUF             ;
;   1.632 ;   0.000  ;    ; RE   ; 1      ; CLKBUFBLOCK_OUTPUT_X89_Y39_N7_I2      ; CLKBUFBLOCK_OUTPUT        ;
;   1.632 ;   0.000  ;    ; RE   ; 1      ; GCLK_CLUSTER_RE_X89_Y39_N6_I12        ; GCLK_CLUSTER_RE           ;
;   1.632 ;   0.000  ;    ; RE   ; 1      ; CLKBUF_CLUSTER_RE_X89_Y39_N3_I416     ; CLKBUF_CLUSTER_RE         ;
;   2.445 ;   0.813  ;    ; RE   ; 6      ; GLOBAL_CLOCK_X0_Y36_N0_I9             ; GLOBAL_CLOCK              ;
;   2.598 ;   0.153  ;    ; RE   ; 6      ; SPINE_CLOCK_X15_Y0_N0_I7              ; SPINE_CLOCK               ;
;   3.018 ;   0.420  ;    ; RE   ; 1      ; SCLK_TO_ROWCLK_BUF_X15_Y18_N0_I43     ; SCLK_TO_ROWCLK_BUF        ;
;   3.112 ;   0.094  ;    ; RE   ; 2      ; SCLK_TO_ROWCLK_BUF_X15_Y18_N0_I46     ; SCLK_TO_ROWCLK_BUF        ;
;   3.604 ;   0.492  ;    ; RE   ; 1      ; LAB_CLK_X0_Y18_N0_I5                  ; LAB_CLK                   ;
;   3.762 ;   0.158  ;    ; RE   ; 1      ; BLK_CLK_BUF_X15_Y18_N0_I5             ; BLK_CLK_BUF               ;
;   3.821 ;   0.059  ;    ; RE   ; 1      ; ROWCLKSEL_PREBUF_X15_Y18_N0_I5        ; ROWCLKSEL_PREBUF          ;
;   3.881 ;   0.060  ;    ; RE   ; 1      ; ROWCLKSEL_X15_Y18_N0_I0               ; ROWCLKSEL                 ;
;   3.881 ;   0.000  ;    ; RE   ; 1      ; GLOBAL_LOCAL_SEL_X15_Y18_N0_I0        ; GLOBAL_LOCAL_SEL          ;
;   3.881 ;   0.000  ;    ; RE   ; 5      ; LAB_INPUT_X15_Y18_N0_I0               ; LAB_INPUT                 ;
;   3.882 ;   0.001  ; RR ; IC   ; 1      ; FF_X15_Y18_N26                        ; state_array[1][1][34]|clk ;
;   4.537 ;   0.655  ; RR ; CELL ; 1      ; FF_X15_Y18_N26                        ; state_array[1][1][34]     ;
;   4.411 ;   -0.126 ;    ;      ;        ;                                       ; clock pessimism removed   ;
; 4.411   ; 0.000    ;    ;      ;        ;                                       ; clock uncertainty         ;
; 4.411   ; 0.000    ;    ; uTh  ; 1      ; FF_X15_Y18_N26                        ; state_array[1][1][34]     ;
+---------+----------+----+------+--------+---------------------------------------+---------------------------+

----------------------------
; Extra Fitter Information ;
----------------------------
HTML report is unavailable in plain text report export.


Path #12: Hold slack is 0.523 
===============================================================================
+--------------------------------------------+
; Path Summary                               ;
+--------------------+-----------------------+
; Property           ; Value                 ;
+--------------------+-----------------------+
; From Node          ; state_array[1][4][57] ;
; To Node            ; state_array[1][4][57] ;
; Launch Clock       ; clk                   ;
; Latch Clock        ; clk                   ;
; Data Arrival Time  ; 4.909                 ;
; Data Required Time ; 4.386                 ;
; Slack              ; 0.523                 ;
+--------------------+-----------------------+

+-----------------------------------------------------------------------------------+
; Statistics                                                                        ;
+------------------------+-------+-------+-------------+------------+-------+-------+
; Property               ; Value ; Count ; Total Delay ; % of Total ; Min   ; Max   ;
+------------------------+-------+-------+-------------+------------+-------+-------+
; Hold Relationship      ; 0.000 ;       ;             ;            ;       ;       ;
; Clock Skew             ; 0.128 ;       ;             ;            ;       ;       ;
; Data Delay             ; 0.651 ;       ;             ;            ;       ;       ;
; Number of Logic Levels ;       ; 1     ;             ;            ;       ;       ;
; Physical Delays        ;       ;       ;             ;            ;       ;       ;
;  Arrival Path          ;       ;       ;             ;            ;       ;       ;
;   Clock                ;       ;       ;             ;            ;       ;       ;
;    IC                  ;       ; 3     ; 0.000       ; 0          ; 0.000 ; 0.000 ;
;    Cell                ;       ; 3     ; 1.773       ; 42         ; 0.470 ; 0.739 ;
;    Routing Element     ;       ; 26    ; 2.485       ; 58         ; 0.000 ; 0.770 ;
;   Data                 ;       ;       ;             ;            ;       ;       ;
;    IC                  ;       ; 2     ; 0.000       ; 0          ; 0.000 ; 0.000 ;
;    Cell                ;       ; 3     ; 0.651       ; 100        ; 0.000 ; 0.568 ;
;    uTco                ;       ; 1     ; 0.000       ; 0          ; 0.000 ; 0.000 ;
;    Routing Element     ;       ; 2     ; 0.000       ; 0          ; 0.000 ; 0.000 ;
;  Required Path         ;       ;       ;             ;            ;       ;       ;
;   Clock                ;       ;       ;             ;            ;       ;       ;
;    IC                  ;       ; 3     ; 0.001       ; 0          ; 0.000 ; 0.001 ;
;    Cell                ;       ; 3     ; 1.901       ; 42         ; 0.507 ; 0.739 ;
;    Routing Element     ;       ; 26    ; 2.610       ; 58         ; 0.000 ; 0.814 ;
+------------------------+-------+-------+-------------+------------+-------+-------+
Note: Negative delays are omitted from totals when calculating percentages

+------------------------------------------------------------------------------------------------------------+
; Data Arrival Path                                                                                          ;
+---------+---------+----+------+--------+---------------------------------------+---------------------------+
; Total   ; Incr    ; RF ; Type ; Fanout ; Location                              ; Element                   ;
+---------+---------+----+------+--------+---------------------------------------+---------------------------+
; 0.000   ; 0.000   ;    ;      ;        ;                                       ; launch edge time          ;
; 4.258   ; 4.258   ;    ;      ;        ;                                       ; clock path                ;
;   0.000 ;   0.000 ;    ;      ;        ;                                       ; source latency            ;
;   0.000 ;   0.000 ;    ;      ; 1      ; PIN_M16                               ; clk                       ;
;   0.000 ;   0.000 ;    ; RE   ; 1      ; IOPAD_X89_Y35_N60                     ; ARRIAV_IO_PAD             ;
;   0.000 ;   0.000 ;    ; RE   ; 1      ; IO_PAD_OUTPUT_X89_Y35_N60_I1          ; IO_PAD_OUTPUT             ;
;   0.000 ;   0.000 ;    ; RE   ; 1      ; IO_INPUT_BUFFER_INPUT_X89_Y35_N61_I0  ; IO_INPUT_BUFFER_INPUT     ;
;   0.000 ;   0.000 ; RR ; IC   ; 1      ; IOIBUF_X89_Y35_N61                    ; clk~input|i               ;
;   0.739 ;   0.739 ; RR ; CELL ; 1      ; IOIBUF_X89_Y35_N61                    ; clk~input|o               ;
;   0.739 ;   0.000 ;    ; RE   ; 1      ; IOIBUF_X89_Y35_N61                    ; ARRIAV_IO_IBUF            ;
;   0.739 ;   0.000 ;    ; RE   ; 1      ; IO_INPUT_BUFFER_OUTPUT_X89_Y35_N61_I2 ; IO_INPUT_BUFFER_OUTPUT    ;
;   0.739 ;   0.000 ;    ; RE   ; 1      ; IO_RE_X89_Y35_N60_I96                 ; IO_RE                     ;
;   0.827 ;   0.088 ;    ; RE   ; 1      ; IO_RE_X89_Y35_N60_I66                 ; IO_RE                     ;
;   1.102 ;   0.275 ;    ; RE   ; 1      ; CLKBUF_CLUSTER_RE_X89_Y39_N3_I421     ; CLKBUF_CLUSTER_RE         ;
;   1.102 ;   0.000 ;    ; RE   ; 1      ; CLKBUF_CLUSTER_RE_X89_Y39_N3_I772     ; CLKBUF_CLUSTER_RE         ;
;   1.102 ;   0.000 ;    ; RE   ; 1      ; CLKBUF_CLUSTER_RE_X89_Y39_N3_I557     ; CLKBUF_CLUSTER_RE         ;
;   1.102 ;   0.000 ;    ; RE   ; 1      ; GCLK_CLUSTER_RE_X89_Y39_N6_I10        ; GCLK_CLUSTER_RE           ;
;   1.102 ;   0.000 ;    ; RE   ; 1      ; CLKBUFBLOCK_INPUT_X89_Y39_N7_I0       ; CLKBUFBLOCK_INPUT         ;
;   1.102 ;   0.000 ; RR ; IC   ; 1      ; CLKCTRL_G9                            ; clk~inputCLKENA0|inclk    ;
;   1.572 ;   0.470 ; RR ; CELL ; 1674   ; CLKCTRL_G9                            ; clk~inputCLKENA0|outclk   ;
;   1.572 ;   0.000 ;    ; RE   ; 1      ; CLKCTRL_G9                            ; ARRIAV_CLKBUF             ;
;   1.572 ;   0.000 ;    ; RE   ; 1      ; CLKBUFBLOCK_OUTPUT_X89_Y39_N7_I2      ; CLKBUFBLOCK_OUTPUT        ;
;   1.572 ;   0.000 ;    ; RE   ; 1      ; GCLK_CLUSTER_RE_X89_Y39_N6_I12        ; GCLK_CLUSTER_RE           ;
;   1.572 ;   0.000 ;    ; RE   ; 1      ; CLKBUF_CLUSTER_RE_X89_Y39_N3_I416     ; CLKBUF_CLUSTER_RE         ;
;   2.342 ;   0.770 ;    ; RE   ; 6      ; GLOBAL_CLOCK_X0_Y36_N0_I9             ; GLOBAL_CLOCK              ;
;   2.481 ;   0.139 ;    ; RE   ; 10     ; SPINE_CLOCK_X15_Y19_N0_I7             ; SPINE_CLOCK               ;
;   2.870 ;   0.389 ;    ; RE   ; 1      ; SCLK_TO_ROWCLK_BUF_X15_Y21_N0_I43     ; SCLK_TO_ROWCLK_BUF        ;
;   2.961 ;   0.091 ;    ; RE   ; 2      ; SCLK_TO_ROWCLK_BUF_X15_Y21_N0_I46     ; SCLK_TO_ROWCLK_BUF        ;
;   3.436 ;   0.475 ;    ; RE   ; 2      ; LAB_CLK_X0_Y21_N0_I5                  ; LAB_CLK                   ;
;   3.582 ;   0.146 ;    ; RE   ; 1      ; BLK_CLK_BUF_X15_Y21_N0_I5             ; BLK_CLK_BUF               ;
;   3.639 ;   0.057 ;    ; RE   ; 1      ; ROWCLKSEL_PREBUF_X15_Y21_N0_I5        ; ROWCLKSEL_PREBUF          ;
;   3.694 ;   0.055 ;    ; RE   ; 1      ; ROWCLKSEL_X15_Y21_N0_I0               ; ROWCLKSEL                 ;
;   3.694 ;   0.000 ;    ; RE   ; 1      ; GLOBAL_LOCAL_SEL_X15_Y21_N0_I0        ; GLOBAL_LOCAL_SEL          ;
;   3.694 ;   0.000 ;    ; RE   ; 4      ; LAB_INPUT_X15_Y21_N0_I0               ; LAB_INPUT                 ;
;   3.694 ;   0.000 ; RR ; IC   ; 1      ; FF_X15_Y21_N38                        ; state_array[1][4][57]|clk ;
;   4.258 ;   0.564 ; RR ; CELL ; 1      ; FF_X15_Y21_N38                        ; state_array[1][4][57]     ;
; 4.909   ; 0.651   ;    ;      ;        ;                                       ; data path                 ;
;   4.258 ;   0.000 ;    ; uTco ; 1      ; FF_X15_Y21_N38                        ; state_array[1][4][57]     ;
;   4.258 ;   0.000 ; FF ; CELL ; 6      ; FF_X15_Y21_N38                        ; state_array[1][4][57]|q   ;
;   4.258 ;   0.000 ;    ; RE   ; 2      ; FF_X15_Y21_N38                        ; ARRIAV_FF                 ;
;   4.258 ;   0.000 ; FF ; IC   ; 1      ; MLABCELL_X15_Y21_N36                  ; state_array~1884|datae    ;
;   4.826 ;   0.568 ; FF ; CELL ; 1      ; MLABCELL_X15_Y21_N36                  ; state_array~1884|combout  ;
;   4.826 ;   0.000 ;    ; RE   ; 1      ; MLABCELL_X15_Y21_N36                  ; ARRIAV_LCELL_COMB         ;
;   4.826 ;   0.000 ; FF ; IC   ; 1      ; FF_X15_Y21_N38                        ; state_array[1][4][57]|d   ;
;   4.909 ;   0.083 ; FF ; CELL ; 1      ; FF_X15_Y21_N38                        ; state_array[1][4][57]     ;
+---------+---------+----+------+--------+---------------------------------------+---------------------------+

+-------------------------------------------------------------------------------------------------------------+
; Data Required Path                                                                                          ;
+---------+----------+----+------+--------+---------------------------------------+---------------------------+
; Total   ; Incr     ; RF ; Type ; Fanout ; Location                              ; Element                   ;
+---------+----------+----+------+--------+---------------------------------------+---------------------------+
; 0.000   ; 0.000    ;    ;      ;        ;                                       ; latch edge time           ;
; 4.386   ; 4.386    ;    ;      ;        ;                                       ; clock path                ;
;   0.000 ;   0.000  ;    ;      ;        ;                                       ; source latency            ;
;   0.000 ;   0.000  ;    ;      ; 1      ; PIN_M16                               ; clk                       ;
;   0.000 ;   0.000  ;    ; RE   ; 1      ; IOPAD_X89_Y35_N60                     ; ARRIAV_IO_PAD             ;
;   0.000 ;   0.000  ;    ; RE   ; 1      ; IO_PAD_OUTPUT_X89_Y35_N60_I1          ; IO_PAD_OUTPUT             ;
;   0.000 ;   0.000  ;    ; RE   ; 1      ; IO_INPUT_BUFFER_INPUT_X89_Y35_N61_I0  ; IO_INPUT_BUFFER_INPUT     ;
;   0.000 ;   0.000  ; RR ; IC   ; 1      ; IOIBUF_X89_Y35_N61                    ; clk~input|i               ;
;   0.739 ;   0.739  ; RR ; CELL ; 1      ; IOIBUF_X89_Y35_N61                    ; clk~input|o               ;
;   0.739 ;   0.000  ;    ; RE   ; 1      ; IOIBUF_X89_Y35_N61                    ; ARRIAV_IO_IBUF            ;
;   0.739 ;   0.000  ;    ; RE   ; 1      ; IO_INPUT_BUFFER_OUTPUT_X89_Y35_N61_I2 ; IO_INPUT_BUFFER_OUTPUT    ;
;   0.739 ;   0.000  ;    ; RE   ; 1      ; IO_RE_X89_Y35_N60_I96                 ; IO_RE                     ;
;   0.833 ;   0.094  ;    ; RE   ; 1      ; IO_RE_X89_Y35_N60_I66                 ; IO_RE                     ;
;   1.125 ;   0.292  ;    ; RE   ; 1      ; CLKBUF_CLUSTER_RE_X89_Y39_N3_I421     ; CLKBUF_CLUSTER_RE         ;
;   1.125 ;   0.000  ;    ; RE   ; 1      ; CLKBUF_CLUSTER_RE_X89_Y39_N3_I772     ; CLKBUF_CLUSTER_RE         ;
;   1.125 ;   0.000  ;    ; RE   ; 1      ; CLKBUF_CLUSTER_RE_X89_Y39_N3_I557     ; CLKBUF_CLUSTER_RE         ;
;   1.125 ;   0.000  ;    ; RE   ; 1      ; GCLK_CLUSTER_RE_X89_Y39_N6_I10        ; GCLK_CLUSTER_RE           ;
;   1.125 ;   0.000  ;    ; RE   ; 1      ; CLKBUFBLOCK_INPUT_X89_Y39_N7_I0       ; CLKBUFBLOCK_INPUT         ;
;   1.125 ;   0.000  ; RR ; IC   ; 1      ; CLKCTRL_G9                            ; clk~inputCLKENA0|inclk    ;
;   1.632 ;   0.507  ; RR ; CELL ; 1674   ; CLKCTRL_G9                            ; clk~inputCLKENA0|outclk   ;
;   1.632 ;   0.000  ;    ; RE   ; 1      ; CLKCTRL_G9                            ; ARRIAV_CLKBUF             ;
;   1.632 ;   0.000  ;    ; RE   ; 1      ; CLKBUFBLOCK_OUTPUT_X89_Y39_N7_I2      ; CLKBUFBLOCK_OUTPUT        ;
;   1.632 ;   0.000  ;    ; RE   ; 1      ; GCLK_CLUSTER_RE_X89_Y39_N6_I12        ; GCLK_CLUSTER_RE           ;
;   1.632 ;   0.000  ;    ; RE   ; 1      ; CLKBUF_CLUSTER_RE_X89_Y39_N3_I416     ; CLKBUF_CLUSTER_RE         ;
;   2.446 ;   0.814  ;    ; RE   ; 6      ; GLOBAL_CLOCK_X0_Y36_N0_I9             ; GLOBAL_CLOCK              ;
;   2.590 ;   0.144  ;    ; RE   ; 10     ; SPINE_CLOCK_X15_Y19_N0_I7             ; SPINE_CLOCK               ;
;   2.993 ;   0.403  ;    ; RE   ; 1      ; SCLK_TO_ROWCLK_BUF_X15_Y21_N0_I43     ; SCLK_TO_ROWCLK_BUF        ;
;   3.087 ;   0.094  ;    ; RE   ; 2      ; SCLK_TO_ROWCLK_BUF_X15_Y21_N0_I46     ; SCLK_TO_ROWCLK_BUF        ;
;   3.579 ;   0.492  ;    ; RE   ; 2      ; LAB_CLK_X0_Y21_N0_I5                  ; LAB_CLK                   ;
;   3.737 ;   0.158  ;    ; RE   ; 1      ; BLK_CLK_BUF_X15_Y21_N0_I5             ; BLK_CLK_BUF               ;
;   3.796 ;   0.059  ;    ; RE   ; 1      ; ROWCLKSEL_PREBUF_X15_Y21_N0_I5        ; ROWCLKSEL_PREBUF          ;
;   3.856 ;   0.060  ;    ; RE   ; 1      ; ROWCLKSEL_X15_Y21_N0_I0               ; ROWCLKSEL                 ;
;   3.856 ;   0.000  ;    ; RE   ; 1      ; GLOBAL_LOCAL_SEL_X15_Y21_N0_I0        ; GLOBAL_LOCAL_SEL          ;
;   3.856 ;   0.000  ;    ; RE   ; 4      ; LAB_INPUT_X15_Y21_N0_I0               ; LAB_INPUT                 ;
;   3.857 ;   0.001  ; RR ; IC   ; 1      ; FF_X15_Y21_N38                        ; state_array[1][4][57]|clk ;
;   4.512 ;   0.655  ; RR ; CELL ; 1      ; FF_X15_Y21_N38                        ; state_array[1][4][57]     ;
;   4.386 ;   -0.126 ;    ;      ;        ;                                       ; clock pessimism removed   ;
; 4.386   ; 0.000    ;    ;      ;        ;                                       ; clock uncertainty         ;
; 4.386   ; 0.000    ;    ; uTh  ; 1      ; FF_X15_Y21_N38                        ; state_array[1][4][57]     ;
+---------+----------+----+------+--------+---------------------------------------+---------------------------+

----------------------------
; Extra Fitter Information ;
----------------------------
HTML report is unavailable in plain text report export.


Path #13: Hold slack is 0.523 
===============================================================================
+--------------------------------------------+
; Path Summary                               ;
+--------------------+-----------------------+
; Property           ; Value                 ;
+--------------------+-----------------------+
; From Node          ; state_array[0][0][32] ;
; To Node            ; state_array[0][0][32] ;
; Launch Clock       ; clk                   ;
; Latch Clock        ; clk                   ;
; Data Arrival Time  ; 4.909                 ;
; Data Required Time ; 4.386                 ;
; Slack              ; 0.523                 ;
+--------------------+-----------------------+

+-----------------------------------------------------------------------------------+
; Statistics                                                                        ;
+------------------------+-------+-------+-------------+------------+-------+-------+
; Property               ; Value ; Count ; Total Delay ; % of Total ; Min   ; Max   ;
+------------------------+-------+-------+-------------+------------+-------+-------+
; Hold Relationship      ; 0.000 ;       ;             ;            ;       ;       ;
; Clock Skew             ; 0.128 ;       ;             ;            ;       ;       ;
; Data Delay             ; 0.651 ;       ;             ;            ;       ;       ;
; Number of Logic Levels ;       ; 1     ;             ;            ;       ;       ;
; Physical Delays        ;       ;       ;             ;            ;       ;       ;
;  Arrival Path          ;       ;       ;             ;            ;       ;       ;
;   Clock                ;       ;       ;             ;            ;       ;       ;
;    IC                  ;       ; 3     ; 0.000       ; 0          ; 0.000 ; 0.000 ;
;    Cell                ;       ; 3     ; 1.773       ; 42         ; 0.470 ; 0.739 ;
;    Routing Element     ;       ; 26    ; 2.485       ; 58         ; 0.000 ; 0.770 ;
;   Data                 ;       ;       ;             ;            ;       ;       ;
;    IC                  ;       ; 2     ; 0.000       ; 0          ; 0.000 ; 0.000 ;
;    Cell                ;       ; 3     ; 0.651       ; 100        ; 0.000 ; 0.568 ;
;    uTco                ;       ; 1     ; 0.000       ; 0          ; 0.000 ; 0.000 ;
;    Routing Element     ;       ; 2     ; 0.000       ; 0          ; 0.000 ; 0.000 ;
;  Required Path         ;       ;       ;             ;            ;       ;       ;
;   Clock                ;       ;       ;             ;            ;       ;       ;
;    IC                  ;       ; 3     ; 0.001       ; 0          ; 0.000 ; 0.001 ;
;    Cell                ;       ; 3     ; 1.901       ; 42         ; 0.507 ; 0.739 ;
;    Routing Element     ;       ; 26    ; 2.610       ; 58         ; 0.000 ; 0.814 ;
+------------------------+-------+-------+-------------+------------+-------+-------+
Note: Negative delays are omitted from totals when calculating percentages

+------------------------------------------------------------------------------------------------------------+
; Data Arrival Path                                                                                          ;
+---------+---------+----+------+--------+---------------------------------------+---------------------------+
; Total   ; Incr    ; RF ; Type ; Fanout ; Location                              ; Element                   ;
+---------+---------+----+------+--------+---------------------------------------+---------------------------+
; 0.000   ; 0.000   ;    ;      ;        ;                                       ; launch edge time          ;
; 4.258   ; 4.258   ;    ;      ;        ;                                       ; clock path                ;
;   0.000 ;   0.000 ;    ;      ;        ;                                       ; source latency            ;
;   0.000 ;   0.000 ;    ;      ; 1      ; PIN_M16                               ; clk                       ;
;   0.000 ;   0.000 ;    ; RE   ; 1      ; IOPAD_X89_Y35_N60                     ; ARRIAV_IO_PAD             ;
;   0.000 ;   0.000 ;    ; RE   ; 1      ; IO_PAD_OUTPUT_X89_Y35_N60_I1          ; IO_PAD_OUTPUT             ;
;   0.000 ;   0.000 ;    ; RE   ; 1      ; IO_INPUT_BUFFER_INPUT_X89_Y35_N61_I0  ; IO_INPUT_BUFFER_INPUT     ;
;   0.000 ;   0.000 ; RR ; IC   ; 1      ; IOIBUF_X89_Y35_N61                    ; clk~input|i               ;
;   0.739 ;   0.739 ; RR ; CELL ; 1      ; IOIBUF_X89_Y35_N61                    ; clk~input|o               ;
;   0.739 ;   0.000 ;    ; RE   ; 1      ; IOIBUF_X89_Y35_N61                    ; ARRIAV_IO_IBUF            ;
;   0.739 ;   0.000 ;    ; RE   ; 1      ; IO_INPUT_BUFFER_OUTPUT_X89_Y35_N61_I2 ; IO_INPUT_BUFFER_OUTPUT    ;
;   0.739 ;   0.000 ;    ; RE   ; 1      ; IO_RE_X89_Y35_N60_I96                 ; IO_RE                     ;
;   0.827 ;   0.088 ;    ; RE   ; 1      ; IO_RE_X89_Y35_N60_I66                 ; IO_RE                     ;
;   1.102 ;   0.275 ;    ; RE   ; 1      ; CLKBUF_CLUSTER_RE_X89_Y39_N3_I421     ; CLKBUF_CLUSTER_RE         ;
;   1.102 ;   0.000 ;    ; RE   ; 1      ; CLKBUF_CLUSTER_RE_X89_Y39_N3_I772     ; CLKBUF_CLUSTER_RE         ;
;   1.102 ;   0.000 ;    ; RE   ; 1      ; CLKBUF_CLUSTER_RE_X89_Y39_N3_I557     ; CLKBUF_CLUSTER_RE         ;
;   1.102 ;   0.000 ;    ; RE   ; 1      ; GCLK_CLUSTER_RE_X89_Y39_N6_I10        ; GCLK_CLUSTER_RE           ;
;   1.102 ;   0.000 ;    ; RE   ; 1      ; CLKBUFBLOCK_INPUT_X89_Y39_N7_I0       ; CLKBUFBLOCK_INPUT         ;
;   1.102 ;   0.000 ; RR ; IC   ; 1      ; CLKCTRL_G9                            ; clk~inputCLKENA0|inclk    ;
;   1.572 ;   0.470 ; RR ; CELL ; 1674   ; CLKCTRL_G9                            ; clk~inputCLKENA0|outclk   ;
;   1.572 ;   0.000 ;    ; RE   ; 1      ; CLKCTRL_G9                            ; ARRIAV_CLKBUF             ;
;   1.572 ;   0.000 ;    ; RE   ; 1      ; CLKBUFBLOCK_OUTPUT_X89_Y39_N7_I2      ; CLKBUFBLOCK_OUTPUT        ;
;   1.572 ;   0.000 ;    ; RE   ; 1      ; GCLK_CLUSTER_RE_X89_Y39_N6_I12        ; GCLK_CLUSTER_RE           ;
;   1.572 ;   0.000 ;    ; RE   ; 1      ; CLKBUF_CLUSTER_RE_X89_Y39_N3_I416     ; CLKBUF_CLUSTER_RE         ;
;   2.342 ;   0.770 ;    ; RE   ; 6      ; GLOBAL_CLOCK_X0_Y36_N0_I9             ; GLOBAL_CLOCK              ;
;   2.481 ;   0.139 ;    ; RE   ; 10     ; SPINE_CLOCK_X15_Y19_N0_I7             ; SPINE_CLOCK               ;
;   2.870 ;   0.389 ;    ; RE   ; 1      ; SCLK_TO_ROWCLK_BUF_X15_Y21_N0_I43     ; SCLK_TO_ROWCLK_BUF        ;
;   2.961 ;   0.091 ;    ; RE   ; 2      ; SCLK_TO_ROWCLK_BUF_X15_Y21_N0_I46     ; SCLK_TO_ROWCLK_BUF        ;
;   3.436 ;   0.475 ;    ; RE   ; 2      ; LAB_CLK_X0_Y21_N0_I5                  ; LAB_CLK                   ;
;   3.582 ;   0.146 ;    ; RE   ; 1      ; BLK_CLK_BUF_X15_Y21_N0_I5             ; BLK_CLK_BUF               ;
;   3.639 ;   0.057 ;    ; RE   ; 1      ; ROWCLKSEL_PREBUF_X15_Y21_N0_I5        ; ROWCLKSEL_PREBUF          ;
;   3.694 ;   0.055 ;    ; RE   ; 1      ; ROWCLKSEL_X15_Y21_N0_I0               ; ROWCLKSEL                 ;
;   3.694 ;   0.000 ;    ; RE   ; 1      ; GLOBAL_LOCAL_SEL_X15_Y21_N0_I0        ; GLOBAL_LOCAL_SEL          ;
;   3.694 ;   0.000 ;    ; RE   ; 4      ; LAB_INPUT_X15_Y21_N0_I0               ; LAB_INPUT                 ;
;   3.694 ;   0.000 ; RR ; IC   ; 1      ; FF_X15_Y21_N50                        ; state_array[0][0][32]|clk ;
;   4.258 ;   0.564 ; RR ; CELL ; 1      ; FF_X15_Y21_N50                        ; state_array[0][0][32]     ;
; 4.909   ; 0.651   ;    ;      ;        ;                                       ; data path                 ;
;   4.258 ;   0.000 ;    ; uTco ; 1      ; FF_X15_Y21_N50                        ; state_array[0][0][32]     ;
;   4.258 ;   0.000 ; FF ; CELL ; 4      ; FF_X15_Y21_N50                        ; state_array[0][0][32]|q   ;
;   4.258 ;   0.000 ;    ; RE   ; 2      ; FF_X15_Y21_N50                        ; ARRIAV_FF                 ;
;   4.258 ;   0.000 ; FF ; IC   ; 1      ; MLABCELL_X15_Y21_N48                  ; state_array~1074|datae    ;
;   4.826 ;   0.568 ; FF ; CELL ; 1      ; MLABCELL_X15_Y21_N48                  ; state_array~1074|combout  ;
;   4.826 ;   0.000 ;    ; RE   ; 1      ; MLABCELL_X15_Y21_N48                  ; ARRIAV_LCELL_COMB         ;
;   4.826 ;   0.000 ; FF ; IC   ; 1      ; FF_X15_Y21_N50                        ; state_array[0][0][32]|d   ;
;   4.909 ;   0.083 ; FF ; CELL ; 1      ; FF_X15_Y21_N50                        ; state_array[0][0][32]     ;
+---------+---------+----+------+--------+---------------------------------------+---------------------------+

+-------------------------------------------------------------------------------------------------------------+
; Data Required Path                                                                                          ;
+---------+----------+----+------+--------+---------------------------------------+---------------------------+
; Total   ; Incr     ; RF ; Type ; Fanout ; Location                              ; Element                   ;
+---------+----------+----+------+--------+---------------------------------------+---------------------------+
; 0.000   ; 0.000    ;    ;      ;        ;                                       ; latch edge time           ;
; 4.386   ; 4.386    ;    ;      ;        ;                                       ; clock path                ;
;   0.000 ;   0.000  ;    ;      ;        ;                                       ; source latency            ;
;   0.000 ;   0.000  ;    ;      ; 1      ; PIN_M16                               ; clk                       ;
;   0.000 ;   0.000  ;    ; RE   ; 1      ; IOPAD_X89_Y35_N60                     ; ARRIAV_IO_PAD             ;
;   0.000 ;   0.000  ;    ; RE   ; 1      ; IO_PAD_OUTPUT_X89_Y35_N60_I1          ; IO_PAD_OUTPUT             ;
;   0.000 ;   0.000  ;    ; RE   ; 1      ; IO_INPUT_BUFFER_INPUT_X89_Y35_N61_I0  ; IO_INPUT_BUFFER_INPUT     ;
;   0.000 ;   0.000  ; RR ; IC   ; 1      ; IOIBUF_X89_Y35_N61                    ; clk~input|i               ;
;   0.739 ;   0.739  ; RR ; CELL ; 1      ; IOIBUF_X89_Y35_N61                    ; clk~input|o               ;
;   0.739 ;   0.000  ;    ; RE   ; 1      ; IOIBUF_X89_Y35_N61                    ; ARRIAV_IO_IBUF            ;
;   0.739 ;   0.000  ;    ; RE   ; 1      ; IO_INPUT_BUFFER_OUTPUT_X89_Y35_N61_I2 ; IO_INPUT_BUFFER_OUTPUT    ;
;   0.739 ;   0.000  ;    ; RE   ; 1      ; IO_RE_X89_Y35_N60_I96                 ; IO_RE                     ;
;   0.833 ;   0.094  ;    ; RE   ; 1      ; IO_RE_X89_Y35_N60_I66                 ; IO_RE                     ;
;   1.125 ;   0.292  ;    ; RE   ; 1      ; CLKBUF_CLUSTER_RE_X89_Y39_N3_I421     ; CLKBUF_CLUSTER_RE         ;
;   1.125 ;   0.000  ;    ; RE   ; 1      ; CLKBUF_CLUSTER_RE_X89_Y39_N3_I772     ; CLKBUF_CLUSTER_RE         ;
;   1.125 ;   0.000  ;    ; RE   ; 1      ; CLKBUF_CLUSTER_RE_X89_Y39_N3_I557     ; CLKBUF_CLUSTER_RE         ;
;   1.125 ;   0.000  ;    ; RE   ; 1      ; GCLK_CLUSTER_RE_X89_Y39_N6_I10        ; GCLK_CLUSTER_RE           ;
;   1.125 ;   0.000  ;    ; RE   ; 1      ; CLKBUFBLOCK_INPUT_X89_Y39_N7_I0       ; CLKBUFBLOCK_INPUT         ;
;   1.125 ;   0.000  ; RR ; IC   ; 1      ; CLKCTRL_G9                            ; clk~inputCLKENA0|inclk    ;
;   1.632 ;   0.507  ; RR ; CELL ; 1674   ; CLKCTRL_G9                            ; clk~inputCLKENA0|outclk   ;
;   1.632 ;   0.000  ;    ; RE   ; 1      ; CLKCTRL_G9                            ; ARRIAV_CLKBUF             ;
;   1.632 ;   0.000  ;    ; RE   ; 1      ; CLKBUFBLOCK_OUTPUT_X89_Y39_N7_I2      ; CLKBUFBLOCK_OUTPUT        ;
;   1.632 ;   0.000  ;    ; RE   ; 1      ; GCLK_CLUSTER_RE_X89_Y39_N6_I12        ; GCLK_CLUSTER_RE           ;
;   1.632 ;   0.000  ;    ; RE   ; 1      ; CLKBUF_CLUSTER_RE_X89_Y39_N3_I416     ; CLKBUF_CLUSTER_RE         ;
;   2.446 ;   0.814  ;    ; RE   ; 6      ; GLOBAL_CLOCK_X0_Y36_N0_I9             ; GLOBAL_CLOCK              ;
;   2.590 ;   0.144  ;    ; RE   ; 10     ; SPINE_CLOCK_X15_Y19_N0_I7             ; SPINE_CLOCK               ;
;   2.993 ;   0.403  ;    ; RE   ; 1      ; SCLK_TO_ROWCLK_BUF_X15_Y21_N0_I43     ; SCLK_TO_ROWCLK_BUF        ;
;   3.087 ;   0.094  ;    ; RE   ; 2      ; SCLK_TO_ROWCLK_BUF_X15_Y21_N0_I46     ; SCLK_TO_ROWCLK_BUF        ;
;   3.579 ;   0.492  ;    ; RE   ; 2      ; LAB_CLK_X0_Y21_N0_I5                  ; LAB_CLK                   ;
;   3.737 ;   0.158  ;    ; RE   ; 1      ; BLK_CLK_BUF_X15_Y21_N0_I5             ; BLK_CLK_BUF               ;
;   3.796 ;   0.059  ;    ; RE   ; 1      ; ROWCLKSEL_PREBUF_X15_Y21_N0_I5        ; ROWCLKSEL_PREBUF          ;
;   3.856 ;   0.060  ;    ; RE   ; 1      ; ROWCLKSEL_X15_Y21_N0_I0               ; ROWCLKSEL                 ;
;   3.856 ;   0.000  ;    ; RE   ; 1      ; GLOBAL_LOCAL_SEL_X15_Y21_N0_I0        ; GLOBAL_LOCAL_SEL          ;
;   3.856 ;   0.000  ;    ; RE   ; 4      ; LAB_INPUT_X15_Y21_N0_I0               ; LAB_INPUT                 ;
;   3.857 ;   0.001  ; RR ; IC   ; 1      ; FF_X15_Y21_N50                        ; state_array[0][0][32]|clk ;
;   4.512 ;   0.655  ; RR ; CELL ; 1      ; FF_X15_Y21_N50                        ; state_array[0][0][32]     ;
;   4.386 ;   -0.126 ;    ;      ;        ;                                       ; clock pessimism removed   ;
; 4.386   ; 0.000    ;    ;      ;        ;                                       ; clock uncertainty         ;
; 4.386   ; 0.000    ;    ; uTh  ; 1      ; FF_X15_Y21_N50                        ; state_array[0][0][32]     ;
+---------+----------+----+------+--------+---------------------------------------+---------------------------+

----------------------------
; Extra Fitter Information ;
----------------------------
HTML report is unavailable in plain text report export.


Path #14: Hold slack is 0.523 
===============================================================================
+--------------------------------------------+
; Path Summary                               ;
+--------------------+-----------------------+
; Property           ; Value                 ;
+--------------------+-----------------------+
; From Node          ; state_array[0][0][57] ;
; To Node            ; state_array[0][0][57] ;
; Launch Clock       ; clk                   ;
; Latch Clock        ; clk                   ;
; Data Arrival Time  ; 4.909                 ;
; Data Required Time ; 4.386                 ;
; Slack              ; 0.523                 ;
+--------------------+-----------------------+

+-----------------------------------------------------------------------------------+
; Statistics                                                                        ;
+------------------------+-------+-------+-------------+------------+-------+-------+
; Property               ; Value ; Count ; Total Delay ; % of Total ; Min   ; Max   ;
+------------------------+-------+-------+-------------+------------+-------+-------+
; Hold Relationship      ; 0.000 ;       ;             ;            ;       ;       ;
; Clock Skew             ; 0.128 ;       ;             ;            ;       ;       ;
; Data Delay             ; 0.651 ;       ;             ;            ;       ;       ;
; Number of Logic Levels ;       ; 1     ;             ;            ;       ;       ;
; Physical Delays        ;       ;       ;             ;            ;       ;       ;
;  Arrival Path          ;       ;       ;             ;            ;       ;       ;
;   Clock                ;       ;       ;             ;            ;       ;       ;
;    IC                  ;       ; 3     ; 0.000       ; 0          ; 0.000 ; 0.000 ;
;    Cell                ;       ; 3     ; 1.773       ; 42         ; 0.470 ; 0.739 ;
;    Routing Element     ;       ; 26    ; 2.485       ; 58         ; 0.000 ; 0.770 ;
;   Data                 ;       ;       ;             ;            ;       ;       ;
;    IC                  ;       ; 2     ; 0.000       ; 0          ; 0.000 ; 0.000 ;
;    Cell                ;       ; 3     ; 0.651       ; 100        ; 0.000 ; 0.568 ;
;    uTco                ;       ; 1     ; 0.000       ; 0          ; 0.000 ; 0.000 ;
;    Routing Element     ;       ; 2     ; 0.000       ; 0          ; 0.000 ; 0.000 ;
;  Required Path         ;       ;       ;             ;            ;       ;       ;
;   Clock                ;       ;       ;             ;            ;       ;       ;
;    IC                  ;       ; 3     ; 0.001       ; 0          ; 0.000 ; 0.001 ;
;    Cell                ;       ; 3     ; 1.901       ; 42         ; 0.507 ; 0.739 ;
;    Routing Element     ;       ; 26    ; 2.610       ; 58         ; 0.000 ; 0.814 ;
+------------------------+-------+-------+-------------+------------+-------+-------+
Note: Negative delays are omitted from totals when calculating percentages

+------------------------------------------------------------------------------------------------------------+
; Data Arrival Path                                                                                          ;
+---------+---------+----+------+--------+---------------------------------------+---------------------------+
; Total   ; Incr    ; RF ; Type ; Fanout ; Location                              ; Element                   ;
+---------+---------+----+------+--------+---------------------------------------+---------------------------+
; 0.000   ; 0.000   ;    ;      ;        ;                                       ; launch edge time          ;
; 4.258   ; 4.258   ;    ;      ;        ;                                       ; clock path                ;
;   0.000 ;   0.000 ;    ;      ;        ;                                       ; source latency            ;
;   0.000 ;   0.000 ;    ;      ; 1      ; PIN_M16                               ; clk                       ;
;   0.000 ;   0.000 ;    ; RE   ; 1      ; IOPAD_X89_Y35_N60                     ; ARRIAV_IO_PAD             ;
;   0.000 ;   0.000 ;    ; RE   ; 1      ; IO_PAD_OUTPUT_X89_Y35_N60_I1          ; IO_PAD_OUTPUT             ;
;   0.000 ;   0.000 ;    ; RE   ; 1      ; IO_INPUT_BUFFER_INPUT_X89_Y35_N61_I0  ; IO_INPUT_BUFFER_INPUT     ;
;   0.000 ;   0.000 ; RR ; IC   ; 1      ; IOIBUF_X89_Y35_N61                    ; clk~input|i               ;
;   0.739 ;   0.739 ; RR ; CELL ; 1      ; IOIBUF_X89_Y35_N61                    ; clk~input|o               ;
;   0.739 ;   0.000 ;    ; RE   ; 1      ; IOIBUF_X89_Y35_N61                    ; ARRIAV_IO_IBUF            ;
;   0.739 ;   0.000 ;    ; RE   ; 1      ; IO_INPUT_BUFFER_OUTPUT_X89_Y35_N61_I2 ; IO_INPUT_BUFFER_OUTPUT    ;
;   0.739 ;   0.000 ;    ; RE   ; 1      ; IO_RE_X89_Y35_N60_I96                 ; IO_RE                     ;
;   0.827 ;   0.088 ;    ; RE   ; 1      ; IO_RE_X89_Y35_N60_I66                 ; IO_RE                     ;
;   1.102 ;   0.275 ;    ; RE   ; 1      ; CLKBUF_CLUSTER_RE_X89_Y39_N3_I421     ; CLKBUF_CLUSTER_RE         ;
;   1.102 ;   0.000 ;    ; RE   ; 1      ; CLKBUF_CLUSTER_RE_X89_Y39_N3_I772     ; CLKBUF_CLUSTER_RE         ;
;   1.102 ;   0.000 ;    ; RE   ; 1      ; CLKBUF_CLUSTER_RE_X89_Y39_N3_I557     ; CLKBUF_CLUSTER_RE         ;
;   1.102 ;   0.000 ;    ; RE   ; 1      ; GCLK_CLUSTER_RE_X89_Y39_N6_I10        ; GCLK_CLUSTER_RE           ;
;   1.102 ;   0.000 ;    ; RE   ; 1      ; CLKBUFBLOCK_INPUT_X89_Y39_N7_I0       ; CLKBUFBLOCK_INPUT         ;
;   1.102 ;   0.000 ; RR ; IC   ; 1      ; CLKCTRL_G9                            ; clk~inputCLKENA0|inclk    ;
;   1.572 ;   0.470 ; RR ; CELL ; 1674   ; CLKCTRL_G9                            ; clk~inputCLKENA0|outclk   ;
;   1.572 ;   0.000 ;    ; RE   ; 1      ; CLKCTRL_G9                            ; ARRIAV_CLKBUF             ;
;   1.572 ;   0.000 ;    ; RE   ; 1      ; CLKBUFBLOCK_OUTPUT_X89_Y39_N7_I2      ; CLKBUFBLOCK_OUTPUT        ;
;   1.572 ;   0.000 ;    ; RE   ; 1      ; GCLK_CLUSTER_RE_X89_Y39_N6_I12        ; GCLK_CLUSTER_RE           ;
;   1.572 ;   0.000 ;    ; RE   ; 1      ; CLKBUF_CLUSTER_RE_X89_Y39_N3_I416     ; CLKBUF_CLUSTER_RE         ;
;   2.342 ;   0.770 ;    ; RE   ; 6      ; GLOBAL_CLOCK_X0_Y36_N0_I9             ; GLOBAL_CLOCK              ;
;   2.481 ;   0.139 ;    ; RE   ; 10     ; SPINE_CLOCK_X15_Y19_N0_I7             ; SPINE_CLOCK               ;
;   2.870 ;   0.389 ;    ; RE   ; 1      ; SCLK_TO_ROWCLK_BUF_X15_Y21_N0_I43     ; SCLK_TO_ROWCLK_BUF        ;
;   2.961 ;   0.091 ;    ; RE   ; 2      ; SCLK_TO_ROWCLK_BUF_X15_Y21_N0_I46     ; SCLK_TO_ROWCLK_BUF        ;
;   3.436 ;   0.475 ;    ; RE   ; 2      ; LAB_CLK_X0_Y21_N0_I5                  ; LAB_CLK                   ;
;   3.582 ;   0.146 ;    ; RE   ; 1      ; BLK_CLK_BUF_X15_Y21_N0_I5             ; BLK_CLK_BUF               ;
;   3.639 ;   0.057 ;    ; RE   ; 1      ; ROWCLKSEL_PREBUF_X15_Y21_N0_I5        ; ROWCLKSEL_PREBUF          ;
;   3.694 ;   0.055 ;    ; RE   ; 1      ; ROWCLKSEL_X15_Y21_N0_I0               ; ROWCLKSEL                 ;
;   3.694 ;   0.000 ;    ; RE   ; 1      ; GLOBAL_LOCAL_SEL_X15_Y21_N0_I0        ; GLOBAL_LOCAL_SEL          ;
;   3.694 ;   0.000 ;    ; RE   ; 4      ; LAB_INPUT_X15_Y21_N0_I0               ; LAB_INPUT                 ;
;   3.694 ;   0.000 ; RR ; IC   ; 1      ; FF_X15_Y21_N20                        ; state_array[0][0][57]|clk ;
;   4.258 ;   0.564 ; RR ; CELL ; 1      ; FF_X15_Y21_N20                        ; state_array[0][0][57]     ;
; 4.909   ; 0.651   ;    ;      ;        ;                                       ; data path                 ;
;   4.258 ;   0.000 ;    ; uTco ; 1      ; FF_X15_Y21_N20                        ; state_array[0][0][57]     ;
;   4.258 ;   0.000 ; FF ; CELL ; 4      ; FF_X15_Y21_N20                        ; state_array[0][0][57]|q   ;
;   4.258 ;   0.000 ;    ; RE   ; 3      ; FF_X15_Y21_N20                        ; ARRIAV_FF                 ;
;   4.258 ;   0.000 ; FF ; IC   ; 1      ; MLABCELL_X15_Y21_N18                  ; state_array~1897|datae    ;
;   4.826 ;   0.568 ; FF ; CELL ; 1      ; MLABCELL_X15_Y21_N18                  ; state_array~1897|combout  ;
;   4.826 ;   0.000 ;    ; RE   ; 1      ; MLABCELL_X15_Y21_N18                  ; ARRIAV_LCELL_COMB         ;
;   4.826 ;   0.000 ; FF ; IC   ; 1      ; FF_X15_Y21_N20                        ; state_array[0][0][57]|d   ;
;   4.909 ;   0.083 ; FF ; CELL ; 1      ; FF_X15_Y21_N20                        ; state_array[0][0][57]     ;
+---------+---------+----+------+--------+---------------------------------------+---------------------------+

+-------------------------------------------------------------------------------------------------------------+
; Data Required Path                                                                                          ;
+---------+----------+----+------+--------+---------------------------------------+---------------------------+
; Total   ; Incr     ; RF ; Type ; Fanout ; Location                              ; Element                   ;
+---------+----------+----+------+--------+---------------------------------------+---------------------------+
; 0.000   ; 0.000    ;    ;      ;        ;                                       ; latch edge time           ;
; 4.386   ; 4.386    ;    ;      ;        ;                                       ; clock path                ;
;   0.000 ;   0.000  ;    ;      ;        ;                                       ; source latency            ;
;   0.000 ;   0.000  ;    ;      ; 1      ; PIN_M16                               ; clk                       ;
;   0.000 ;   0.000  ;    ; RE   ; 1      ; IOPAD_X89_Y35_N60                     ; ARRIAV_IO_PAD             ;
;   0.000 ;   0.000  ;    ; RE   ; 1      ; IO_PAD_OUTPUT_X89_Y35_N60_I1          ; IO_PAD_OUTPUT             ;
;   0.000 ;   0.000  ;    ; RE   ; 1      ; IO_INPUT_BUFFER_INPUT_X89_Y35_N61_I0  ; IO_INPUT_BUFFER_INPUT     ;
;   0.000 ;   0.000  ; RR ; IC   ; 1      ; IOIBUF_X89_Y35_N61                    ; clk~input|i               ;
;   0.739 ;   0.739  ; RR ; CELL ; 1      ; IOIBUF_X89_Y35_N61                    ; clk~input|o               ;
;   0.739 ;   0.000  ;    ; RE   ; 1      ; IOIBUF_X89_Y35_N61                    ; ARRIAV_IO_IBUF            ;
;   0.739 ;   0.000  ;    ; RE   ; 1      ; IO_INPUT_BUFFER_OUTPUT_X89_Y35_N61_I2 ; IO_INPUT_BUFFER_OUTPUT    ;
;   0.739 ;   0.000  ;    ; RE   ; 1      ; IO_RE_X89_Y35_N60_I96                 ; IO_RE                     ;
;   0.833 ;   0.094  ;    ; RE   ; 1      ; IO_RE_X89_Y35_N60_I66                 ; IO_RE                     ;
;   1.125 ;   0.292  ;    ; RE   ; 1      ; CLKBUF_CLUSTER_RE_X89_Y39_N3_I421     ; CLKBUF_CLUSTER_RE         ;
;   1.125 ;   0.000  ;    ; RE   ; 1      ; CLKBUF_CLUSTER_RE_X89_Y39_N3_I772     ; CLKBUF_CLUSTER_RE         ;
;   1.125 ;   0.000  ;    ; RE   ; 1      ; CLKBUF_CLUSTER_RE_X89_Y39_N3_I557     ; CLKBUF_CLUSTER_RE         ;
;   1.125 ;   0.000  ;    ; RE   ; 1      ; GCLK_CLUSTER_RE_X89_Y39_N6_I10        ; GCLK_CLUSTER_RE           ;
;   1.125 ;   0.000  ;    ; RE   ; 1      ; CLKBUFBLOCK_INPUT_X89_Y39_N7_I0       ; CLKBUFBLOCK_INPUT         ;
;   1.125 ;   0.000  ; RR ; IC   ; 1      ; CLKCTRL_G9                            ; clk~inputCLKENA0|inclk    ;
;   1.632 ;   0.507  ; RR ; CELL ; 1674   ; CLKCTRL_G9                            ; clk~inputCLKENA0|outclk   ;
;   1.632 ;   0.000  ;    ; RE   ; 1      ; CLKCTRL_G9                            ; ARRIAV_CLKBUF             ;
;   1.632 ;   0.000  ;    ; RE   ; 1      ; CLKBUFBLOCK_OUTPUT_X89_Y39_N7_I2      ; CLKBUFBLOCK_OUTPUT        ;
;   1.632 ;   0.000  ;    ; RE   ; 1      ; GCLK_CLUSTER_RE_X89_Y39_N6_I12        ; GCLK_CLUSTER_RE           ;
;   1.632 ;   0.000  ;    ; RE   ; 1      ; CLKBUF_CLUSTER_RE_X89_Y39_N3_I416     ; CLKBUF_CLUSTER_RE         ;
;   2.446 ;   0.814  ;    ; RE   ; 6      ; GLOBAL_CLOCK_X0_Y36_N0_I9             ; GLOBAL_CLOCK              ;
;   2.590 ;   0.144  ;    ; RE   ; 10     ; SPINE_CLOCK_X15_Y19_N0_I7             ; SPINE_CLOCK               ;
;   2.993 ;   0.403  ;    ; RE   ; 1      ; SCLK_TO_ROWCLK_BUF_X15_Y21_N0_I43     ; SCLK_TO_ROWCLK_BUF        ;
;   3.087 ;   0.094  ;    ; RE   ; 2      ; SCLK_TO_ROWCLK_BUF_X15_Y21_N0_I46     ; SCLK_TO_ROWCLK_BUF        ;
;   3.579 ;   0.492  ;    ; RE   ; 2      ; LAB_CLK_X0_Y21_N0_I5                  ; LAB_CLK                   ;
;   3.737 ;   0.158  ;    ; RE   ; 1      ; BLK_CLK_BUF_X15_Y21_N0_I5             ; BLK_CLK_BUF               ;
;   3.796 ;   0.059  ;    ; RE   ; 1      ; ROWCLKSEL_PREBUF_X15_Y21_N0_I5        ; ROWCLKSEL_PREBUF          ;
;   3.856 ;   0.060  ;    ; RE   ; 1      ; ROWCLKSEL_X15_Y21_N0_I0               ; ROWCLKSEL                 ;
;   3.856 ;   0.000  ;    ; RE   ; 1      ; GLOBAL_LOCAL_SEL_X15_Y21_N0_I0        ; GLOBAL_LOCAL_SEL          ;
;   3.856 ;   0.000  ;    ; RE   ; 4      ; LAB_INPUT_X15_Y21_N0_I0               ; LAB_INPUT                 ;
;   3.857 ;   0.001  ; RR ; IC   ; 1      ; FF_X15_Y21_N20                        ; state_array[0][0][57]|clk ;
;   4.512 ;   0.655  ; RR ; CELL ; 1      ; FF_X15_Y21_N20                        ; state_array[0][0][57]     ;
;   4.386 ;   -0.126 ;    ;      ;        ;                                       ; clock pessimism removed   ;
; 4.386   ; 0.000    ;    ;      ;        ;                                       ; clock uncertainty         ;
; 4.386   ; 0.000    ;    ; uTh  ; 1      ; FF_X15_Y21_N20                        ; state_array[0][0][57]     ;
+---------+----------+----+------+--------+---------------------------------------+---------------------------+

----------------------------
; Extra Fitter Information ;
----------------------------
HTML report is unavailable in plain text report export.


Path #15: Hold slack is 0.524 
===============================================================================
+-------------------------------------------------+
; Path Summary                                    ;
+--------------------+----------------------------+
; Property           ; Value                      ;
+--------------------+----------------------------+
; From Node          ; message_bytes_remaining[6] ;
; To Node            ; message_bytes_remaining[6] ;
; Launch Clock       ; clk                        ;
; Latch Clock        ; clk                        ;
; Data Arrival Time  ; 4.837                      ;
; Data Required Time ; 4.313                      ;
; Slack              ; 0.524                      ;
+--------------------+----------------------------+

+------------------------------------------------------------------------------------+
; Statistics                                                                         ;
+------------------------+-------+-------+-------------+------------+--------+-------+
; Property               ; Value ; Count ; Total Delay ; % of Total ; Min    ; Max   ;
+------------------------+-------+-------+-------------+------------+--------+-------+
; Hold Relationship      ; 0.000 ;       ;             ;            ;        ;       ;
; Clock Skew             ; 0.122 ;       ;             ;            ;        ;       ;
; Data Delay             ; 0.646 ;       ;             ;            ;        ;       ;
; Number of Logic Levels ;       ; 1     ;             ;            ;        ;       ;
; Physical Delays        ;       ;       ;             ;            ;        ;       ;
;  Arrival Path          ;       ;       ;             ;            ;        ;       ;
;   Clock                ;       ;       ;             ;            ;        ;       ;
;    IC                  ;       ; 3     ; 0.001       ; 0          ; 0.000  ; 0.001 ;
;    Cell                ;       ; 3     ; 1.759       ; 42         ; 0.470  ; 0.739 ;
;    Routing Element     ;       ; 26    ; 2.431       ; 58         ; 0.000  ; 0.776 ;
;   Data                 ;       ;       ;             ;            ;        ;       ;
;    IC                  ;       ; 2     ; 0.001       ; 0          ; 0.000  ; 0.001 ;
;    Cell                ;       ; 3     ; 0.347       ; 54         ; 0.000  ; 0.265 ;
;    uTco                ;       ; 1     ; 0.000       ; 0          ; 0.000  ; 0.000 ;
;    Routing Element     ;       ; 4     ; 0.298       ; 46         ; 0.000  ; 0.150 ;
;  Required Path         ;       ;       ;             ;            ;        ;       ;
;   Clock                ;       ;       ;             ;            ;        ;       ;
;    IC                  ;       ; 3     ; -0.001      ; 0          ; -0.001 ; 0.000 ;
;    Cell                ;       ; 3     ; 1.885       ; 42         ; 0.507  ; 0.739 ;
;    Routing Element     ;       ; 26    ; 2.556       ; 58         ; 0.000  ; 0.821 ;
+------------------------+-------+-------+-------------+------------+--------+-------+
Note: Negative delays are omitted from totals when calculating percentages

+-----------------------------------------------------------------------------------------------------------------+
; Data Arrival Path                                                                                               ;
+---------+---------+----+------+--------+---------------------------------------+--------------------------------+
; Total   ; Incr    ; RF ; Type ; Fanout ; Location                              ; Element                        ;
+---------+---------+----+------+--------+---------------------------------------+--------------------------------+
; 0.000   ; 0.000   ;    ;      ;        ;                                       ; launch edge time               ;
; 4.191   ; 4.191   ;    ;      ;        ;                                       ; clock path                     ;
;   0.000 ;   0.000 ;    ;      ;        ;                                       ; source latency                 ;
;   0.000 ;   0.000 ;    ;      ; 1      ; PIN_M16                               ; clk                            ;
;   0.000 ;   0.000 ;    ; RE   ; 1      ; IOPAD_X89_Y35_N60                     ; ARRIAV_IO_PAD                  ;
;   0.000 ;   0.000 ;    ; RE   ; 1      ; IO_PAD_OUTPUT_X89_Y35_N60_I1          ; IO_PAD_OUTPUT                  ;
;   0.000 ;   0.000 ;    ; RE   ; 1      ; IO_INPUT_BUFFER_INPUT_X89_Y35_N61_I0  ; IO_INPUT_BUFFER_INPUT          ;
;   0.000 ;   0.000 ; RR ; IC   ; 1      ; IOIBUF_X89_Y35_N61                    ; clk~input|i                    ;
;   0.739 ;   0.739 ; RR ; CELL ; 1      ; IOIBUF_X89_Y35_N61                    ; clk~input|o                    ;
;   0.739 ;   0.000 ;    ; RE   ; 1      ; IOIBUF_X89_Y35_N61                    ; ARRIAV_IO_IBUF                 ;
;   0.739 ;   0.000 ;    ; RE   ; 1      ; IO_INPUT_BUFFER_OUTPUT_X89_Y35_N61_I2 ; IO_INPUT_BUFFER_OUTPUT         ;
;   0.739 ;   0.000 ;    ; RE   ; 1      ; IO_RE_X89_Y35_N60_I96                 ; IO_RE                          ;
;   0.827 ;   0.088 ;    ; RE   ; 1      ; IO_RE_X89_Y35_N60_I66                 ; IO_RE                          ;
;   1.102 ;   0.275 ;    ; RE   ; 1      ; CLKBUF_CLUSTER_RE_X89_Y39_N3_I421     ; CLKBUF_CLUSTER_RE              ;
;   1.102 ;   0.000 ;    ; RE   ; 1      ; CLKBUF_CLUSTER_RE_X89_Y39_N3_I772     ; CLKBUF_CLUSTER_RE              ;
;   1.102 ;   0.000 ;    ; RE   ; 1      ; CLKBUF_CLUSTER_RE_X89_Y39_N3_I557     ; CLKBUF_CLUSTER_RE              ;
;   1.102 ;   0.000 ;    ; RE   ; 1      ; GCLK_CLUSTER_RE_X89_Y39_N6_I10        ; GCLK_CLUSTER_RE                ;
;   1.102 ;   0.000 ;    ; RE   ; 1      ; CLKBUFBLOCK_INPUT_X89_Y39_N7_I0       ; CLKBUFBLOCK_INPUT              ;
;   1.102 ;   0.000 ; RR ; IC   ; 1      ; CLKCTRL_G9                            ; clk~inputCLKENA0|inclk         ;
;   1.572 ;   0.470 ; RR ; CELL ; 1674   ; CLKCTRL_G9                            ; clk~inputCLKENA0|outclk        ;
;   1.572 ;   0.000 ;    ; RE   ; 1      ; CLKCTRL_G9                            ; ARRIAV_CLKBUF                  ;
;   1.572 ;   0.000 ;    ; RE   ; 1      ; CLKBUFBLOCK_OUTPUT_X89_Y39_N7_I2      ; CLKBUFBLOCK_OUTPUT             ;
;   1.572 ;   0.000 ;    ; RE   ; 1      ; GCLK_CLUSTER_RE_X89_Y39_N6_I12        ; GCLK_CLUSTER_RE                ;
;   1.572 ;   0.000 ;    ; RE   ; 1      ; CLKBUF_CLUSTER_RE_X89_Y39_N3_I416     ; CLKBUF_CLUSTER_RE              ;
;   2.348 ;   0.776 ;    ; RE   ; 6      ; GLOBAL_CLOCK_X0_Y36_N0_I9             ; GLOBAL_CLOCK                   ;
;   2.486 ;   0.138 ;    ; RE   ; 6      ; SPINE_CLOCK_X55_Y19_N0_I22            ; SPINE_CLOCK                    ;
;   2.875 ;   0.389 ;    ; RE   ; 1      ; SCLK_TO_ROWCLK_BUF_X55_Y22_N0_I133    ; SCLK_TO_ROWCLK_BUF             ;
;   2.956 ;   0.081 ;    ; RE   ; 1      ; SCLK_TO_ROWCLK_BUF_X55_Y22_N0_I136    ; SCLK_TO_ROWCLK_BUF             ;
;   3.408 ;   0.452 ;    ; RE   ; 3      ; LAB_CLK_X45_Y22_N0_I5                 ; LAB_CLK                        ;
;   3.532 ;   0.124 ;    ; RE   ; 1      ; BLK_CLK_BUF_X52_Y22_N0_I5             ; BLK_CLK_BUF                    ;
;   3.585 ;   0.053 ;    ; RE   ; 1      ; ROWCLKSEL_PREBUF_X52_Y22_N0_I5        ; ROWCLKSEL_PREBUF               ;
;   3.640 ;   0.055 ;    ; RE   ; 1      ; ROWCLKSEL_X52_Y22_N0_I1               ; ROWCLKSEL                      ;
;   3.640 ;   0.000 ;    ; RE   ; 1      ; GLOBAL_LOCAL_SEL_X52_Y22_N0_I1        ; GLOBAL_LOCAL_SEL               ;
;   3.640 ;   0.000 ;    ; RE   ; 16     ; LAB_INPUT_X52_Y22_N0_I2               ; LAB_INPUT                      ;
;   3.641 ;   0.001 ; RR ; IC   ; 1      ; FF_X52_Y22_N20                        ; message_bytes_remaining[6]|clk ;
;   4.191 ;   0.550 ; RR ; CELL ; 1      ; FF_X52_Y22_N20                        ; message_bytes_remaining[6]     ;
; 4.837   ; 0.646   ;    ;      ;        ;                                       ; data path                      ;
;   4.191 ;   0.000 ;    ; uTco ; 1      ; FF_X52_Y22_N20                        ; message_bytes_remaining[6]     ;
;   4.191 ;   0.000 ; FF ; CELL ; 3      ; FF_X52_Y22_N20                        ; message_bytes_remaining[6]|q   ;
;   4.248 ;   0.057 ;    ; RE   ; 2      ; FF_X52_Y22_N20                        ; ARRIAV_FF                      ;
;   4.339 ;   0.091 ;    ; RE   ; 2      ; LOCAL_LINE_X52_Y22_N0_I6              ; LOCAL_LINE                     ;
;   4.489 ;   0.150 ;    ; RE   ; 1      ; BLOCK_INPUT_MUX_X52_Y22_N0_I28        ; LEIM_INPUT                     ;
;   4.490 ;   0.001 ; FF ; IC   ; 4      ; MLABCELL_X52_Y22_N18                  ; Add1~17|datac                  ;
;   4.755 ;   0.265 ; FR ; CELL ; 1      ; MLABCELL_X52_Y22_N18                  ; Add1~17|sumout                 ;
;   4.755 ;   0.000 ;    ; RE   ; 3      ; MLABCELL_X52_Y22_N18                  ; ARRIAV_LCELL_COMB              ;
;   4.755 ;   0.000 ; RR ; IC   ; 1      ; FF_X52_Y22_N20                        ; message_bytes_remaining[6]|d   ;
;   4.837 ;   0.082 ; RR ; CELL ; 1      ; FF_X52_Y22_N20                        ; message_bytes_remaining[6]     ;
+---------+---------+----+------+--------+---------------------------------------+--------------------------------+

+------------------------------------------------------------------------------------------------------------------+
; Data Required Path                                                                                               ;
+---------+----------+----+------+--------+---------------------------------------+--------------------------------+
; Total   ; Incr     ; RF ; Type ; Fanout ; Location                              ; Element                        ;
+---------+----------+----+------+--------+---------------------------------------+--------------------------------+
; 0.000   ; 0.000    ;    ;      ;        ;                                       ; latch edge time                ;
; 4.313   ; 4.313    ;    ;      ;        ;                                       ; clock path                     ;
;   0.000 ;   0.000  ;    ;      ;        ;                                       ; source latency                 ;
;   0.000 ;   0.000  ;    ;      ; 1      ; PIN_M16                               ; clk                            ;
;   0.000 ;   0.000  ;    ; RE   ; 1      ; IOPAD_X89_Y35_N60                     ; ARRIAV_IO_PAD                  ;
;   0.000 ;   0.000  ;    ; RE   ; 1      ; IO_PAD_OUTPUT_X89_Y35_N60_I1          ; IO_PAD_OUTPUT                  ;
;   0.000 ;   0.000  ;    ; RE   ; 1      ; IO_INPUT_BUFFER_INPUT_X89_Y35_N61_I0  ; IO_INPUT_BUFFER_INPUT          ;
;   0.000 ;   0.000  ; RR ; IC   ; 1      ; IOIBUF_X89_Y35_N61                    ; clk~input|i                    ;
;   0.739 ;   0.739  ; RR ; CELL ; 1      ; IOIBUF_X89_Y35_N61                    ; clk~input|o                    ;
;   0.739 ;   0.000  ;    ; RE   ; 1      ; IOIBUF_X89_Y35_N61                    ; ARRIAV_IO_IBUF                 ;
;   0.739 ;   0.000  ;    ; RE   ; 1      ; IO_INPUT_BUFFER_OUTPUT_X89_Y35_N61_I2 ; IO_INPUT_BUFFER_OUTPUT         ;
;   0.739 ;   0.000  ;    ; RE   ; 1      ; IO_RE_X89_Y35_N60_I96                 ; IO_RE                          ;
;   0.833 ;   0.094  ;    ; RE   ; 1      ; IO_RE_X89_Y35_N60_I66                 ; IO_RE                          ;
;   1.125 ;   0.292  ;    ; RE   ; 1      ; CLKBUF_CLUSTER_RE_X89_Y39_N3_I421     ; CLKBUF_CLUSTER_RE              ;
;   1.125 ;   0.000  ;    ; RE   ; 1      ; CLKBUF_CLUSTER_RE_X89_Y39_N3_I772     ; CLKBUF_CLUSTER_RE              ;
;   1.125 ;   0.000  ;    ; RE   ; 1      ; CLKBUF_CLUSTER_RE_X89_Y39_N3_I557     ; CLKBUF_CLUSTER_RE              ;
;   1.125 ;   0.000  ;    ; RE   ; 1      ; GCLK_CLUSTER_RE_X89_Y39_N6_I10        ; GCLK_CLUSTER_RE                ;
;   1.125 ;   0.000  ;    ; RE   ; 1      ; CLKBUFBLOCK_INPUT_X89_Y39_N7_I0       ; CLKBUFBLOCK_INPUT              ;
;   1.125 ;   0.000  ; RR ; IC   ; 1      ; CLKCTRL_G9                            ; clk~inputCLKENA0|inclk         ;
;   1.632 ;   0.507  ; RR ; CELL ; 1674   ; CLKCTRL_G9                            ; clk~inputCLKENA0|outclk        ;
;   1.632 ;   0.000  ;    ; RE   ; 1      ; CLKCTRL_G9                            ; ARRIAV_CLKBUF                  ;
;   1.632 ;   0.000  ;    ; RE   ; 1      ; CLKBUFBLOCK_OUTPUT_X89_Y39_N7_I2      ; CLKBUFBLOCK_OUTPUT             ;
;   1.632 ;   0.000  ;    ; RE   ; 1      ; GCLK_CLUSTER_RE_X89_Y39_N6_I12        ; GCLK_CLUSTER_RE                ;
;   1.632 ;   0.000  ;    ; RE   ; 1      ; CLKBUF_CLUSTER_RE_X89_Y39_N3_I416     ; CLKBUF_CLUSTER_RE              ;
;   2.453 ;   0.821  ;    ; RE   ; 6      ; GLOBAL_CLOCK_X0_Y36_N0_I9             ; GLOBAL_CLOCK                   ;
;   2.596 ;   0.143  ;    ; RE   ; 6      ; SPINE_CLOCK_X55_Y19_N0_I22            ; SPINE_CLOCK                    ;
;   2.999 ;   0.403  ;    ; RE   ; 1      ; SCLK_TO_ROWCLK_BUF_X55_Y22_N0_I133    ; SCLK_TO_ROWCLK_BUF             ;
;   3.083 ;   0.084  ;    ; RE   ; 1      ; SCLK_TO_ROWCLK_BUF_X55_Y22_N0_I136    ; SCLK_TO_ROWCLK_BUF             ;
;   3.552 ;   0.469  ;    ; RE   ; 3      ; LAB_CLK_X45_Y22_N0_I5                 ; LAB_CLK                        ;
;   3.687 ;   0.135  ;    ; RE   ; 1      ; BLK_CLK_BUF_X52_Y22_N0_I5             ; BLK_CLK_BUF                    ;
;   3.742 ;   0.055  ;    ; RE   ; 1      ; ROWCLKSEL_PREBUF_X52_Y22_N0_I5        ; ROWCLKSEL_PREBUF               ;
;   3.802 ;   0.060  ;    ; RE   ; 1      ; ROWCLKSEL_X52_Y22_N0_I1               ; ROWCLKSEL                      ;
;   3.802 ;   0.000  ;    ; RE   ; 1      ; GLOBAL_LOCAL_SEL_X52_Y22_N0_I1        ; GLOBAL_LOCAL_SEL               ;
;   3.802 ;   0.000  ;    ; RE   ; 16     ; LAB_INPUT_X52_Y22_N0_I2               ; LAB_INPUT                      ;
;   3.801 ;   -0.001 ; RR ; IC   ; 1      ; FF_X52_Y22_N20                        ; message_bytes_remaining[6]|clk ;
;   4.440 ;   0.639  ; RR ; CELL ; 1      ; FF_X52_Y22_N20                        ; message_bytes_remaining[6]     ;
;   4.313 ;   -0.127 ;    ;      ;        ;                                       ; clock pessimism removed        ;
; 4.313   ; 0.000    ;    ;      ;        ;                                       ; clock uncertainty              ;
; 4.313   ; 0.000    ;    ; uTh  ; 1      ; FF_X52_Y22_N20                        ; message_bytes_remaining[6]     ;
+---------+----------+----+------+--------+---------------------------------------+--------------------------------+

----------------------------
; Extra Fitter Information ;
----------------------------
HTML report is unavailable in plain text report export.


Path #16: Hold slack is 0.524 
===============================================================================
+--------------------------------------------+
; Path Summary                               ;
+--------------------+-----------------------+
; Property           ; Value                 ;
+--------------------+-----------------------+
; From Node          ; state_array[2][1][24] ;
; To Node            ; state_array[2][1][24] ;
; Launch Clock       ; clk                   ;
; Latch Clock        ; clk                   ;
; Data Arrival Time  ; 4.913                 ;
; Data Required Time ; 4.389                 ;
; Slack              ; 0.524                 ;
+--------------------+-----------------------+

+------------------------------------------------------------------------------------+
; Statistics                                                                         ;
+------------------------+-------+-------+-------------+------------+--------+-------+
; Property               ; Value ; Count ; Total Delay ; % of Total ; Min    ; Max   ;
+------------------------+-------+-------+-------------+------------+--------+-------+
; Hold Relationship      ; 0.000 ;       ;             ;            ;        ;       ;
; Clock Skew             ; 0.127 ;       ;             ;            ;        ;       ;
; Data Delay             ; 0.651 ;       ;             ;            ;        ;       ;
; Number of Logic Levels ;       ; 1     ;             ;            ;        ;       ;
; Physical Delays        ;       ;       ;             ;            ;        ;       ;
;  Arrival Path          ;       ;       ;             ;            ;        ;       ;
;   Clock                ;       ;       ;             ;            ;        ;       ;
;    IC                  ;       ; 3     ; -0.001      ; 0          ; -0.001 ; 0.000 ;
;    Cell                ;       ; 3     ; 1.773       ; 42         ; 0.470  ; 0.739 ;
;    Routing Element     ;       ; 26    ; 2.490       ; 58         ; 0.000  ; 0.772 ;
;   Data                 ;       ;       ;             ;            ;        ;       ;
;    IC                  ;       ; 2     ; 0.000       ; 0          ; 0.000  ; 0.000 ;
;    Cell                ;       ; 3     ; 0.651       ; 100        ; 0.000  ; 0.568 ;
;    uTco                ;       ; 1     ; 0.000       ; 0          ; 0.000  ; 0.000 ;
;    Routing Element     ;       ; 2     ; 0.000       ; 0          ; 0.000  ; 0.000 ;
;  Required Path         ;       ;       ;             ;            ;        ;       ;
;   Clock                ;       ;       ;             ;            ;        ;       ;
;    IC                  ;       ; 3     ; 0.001       ; 0          ; 0.000  ; 0.001 ;
;    Cell                ;       ; 3     ; 1.901       ; 42         ; 0.507  ; 0.739 ;
;    Routing Element     ;       ; 26    ; 2.613       ; 58         ; 0.000  ; 0.816 ;
+------------------------+-------+-------+-------------+------------+--------+-------+
Note: Negative delays are omitted from totals when calculating percentages

+-------------------------------------------------------------------------------------------------------------+
; Data Arrival Path                                                                                           ;
+---------+----------+----+------+--------+---------------------------------------+---------------------------+
; Total   ; Incr     ; RF ; Type ; Fanout ; Location                              ; Element                   ;
+---------+----------+----+------+--------+---------------------------------------+---------------------------+
; 0.000   ; 0.000    ;    ;      ;        ;                                       ; launch edge time          ;
; 4.262   ; 4.262    ;    ;      ;        ;                                       ; clock path                ;
;   0.000 ;   0.000  ;    ;      ;        ;                                       ; source latency            ;
;   0.000 ;   0.000  ;    ;      ; 1      ; PIN_M16                               ; clk                       ;
;   0.000 ;   0.000  ;    ; RE   ; 1      ; IOPAD_X89_Y35_N60                     ; ARRIAV_IO_PAD             ;
;   0.000 ;   0.000  ;    ; RE   ; 1      ; IO_PAD_OUTPUT_X89_Y35_N60_I1          ; IO_PAD_OUTPUT             ;
;   0.000 ;   0.000  ;    ; RE   ; 1      ; IO_INPUT_BUFFER_INPUT_X89_Y35_N61_I0  ; IO_INPUT_BUFFER_INPUT     ;
;   0.000 ;   0.000  ; RR ; IC   ; 1      ; IOIBUF_X89_Y35_N61                    ; clk~input|i               ;
;   0.739 ;   0.739  ; RR ; CELL ; 1      ; IOIBUF_X89_Y35_N61                    ; clk~input|o               ;
;   0.739 ;   0.000  ;    ; RE   ; 1      ; IOIBUF_X89_Y35_N61                    ; ARRIAV_IO_IBUF            ;
;   0.739 ;   0.000  ;    ; RE   ; 1      ; IO_INPUT_BUFFER_OUTPUT_X89_Y35_N61_I2 ; IO_INPUT_BUFFER_OUTPUT    ;
;   0.739 ;   0.000  ;    ; RE   ; 1      ; IO_RE_X89_Y35_N60_I96                 ; IO_RE                     ;
;   0.827 ;   0.088  ;    ; RE   ; 1      ; IO_RE_X89_Y35_N60_I66                 ; IO_RE                     ;
;   1.102 ;   0.275  ;    ; RE   ; 1      ; CLKBUF_CLUSTER_RE_X89_Y39_N3_I421     ; CLKBUF_CLUSTER_RE         ;
;   1.102 ;   0.000  ;    ; RE   ; 1      ; CLKBUF_CLUSTER_RE_X89_Y39_N3_I772     ; CLKBUF_CLUSTER_RE         ;
;   1.102 ;   0.000  ;    ; RE   ; 1      ; CLKBUF_CLUSTER_RE_X89_Y39_N3_I557     ; CLKBUF_CLUSTER_RE         ;
;   1.102 ;   0.000  ;    ; RE   ; 1      ; GCLK_CLUSTER_RE_X89_Y39_N6_I10        ; GCLK_CLUSTER_RE           ;
;   1.102 ;   0.000  ;    ; RE   ; 1      ; CLKBUFBLOCK_INPUT_X89_Y39_N7_I0       ; CLKBUFBLOCK_INPUT         ;
;   1.102 ;   0.000  ; RR ; IC   ; 1      ; CLKCTRL_G9                            ; clk~inputCLKENA0|inclk    ;
;   1.572 ;   0.470  ; RR ; CELL ; 1674   ; CLKCTRL_G9                            ; clk~inputCLKENA0|outclk   ;
;   1.572 ;   0.000  ;    ; RE   ; 1      ; CLKCTRL_G9                            ; ARRIAV_CLKBUF             ;
;   1.572 ;   0.000  ;    ; RE   ; 1      ; CLKBUFBLOCK_OUTPUT_X89_Y39_N7_I2      ; CLKBUFBLOCK_OUTPUT        ;
;   1.572 ;   0.000  ;    ; RE   ; 1      ; GCLK_CLUSTER_RE_X89_Y39_N6_I12        ; GCLK_CLUSTER_RE           ;
;   1.572 ;   0.000  ;    ; RE   ; 1      ; CLKBUF_CLUSTER_RE_X89_Y39_N3_I416     ; CLKBUF_CLUSTER_RE         ;
;   2.344 ;   0.772  ;    ; RE   ; 6      ; GLOBAL_CLOCK_X0_Y36_N0_I9             ; GLOBAL_CLOCK              ;
;   2.491 ;   0.147  ;    ; RE   ; 6      ; SPINE_CLOCK_X33_Y0_N0_I22             ; SPINE_CLOCK               ;
;   2.897 ;   0.406  ;    ; RE   ; 1      ; SCLK_TO_ROWCLK_BUF_X33_Y15_N0_I133    ; SCLK_TO_ROWCLK_BUF        ;
;   2.988 ;   0.091  ;    ; RE   ; 2      ; SCLK_TO_ROWCLK_BUF_X33_Y15_N0_I136    ; SCLK_TO_ROWCLK_BUF        ;
;   3.457 ;   0.469  ;    ; RE   ; 8      ; LAB_CLK_X34_Y15_N0_I5                 ; LAB_CLK                   ;
;   3.590 ;   0.133  ;    ; RE   ; 1      ; BLK_CLK_BUF_X37_Y15_N0_I5             ; BLK_CLK_BUF               ;
;   3.645 ;   0.055  ;    ; RE   ; 1      ; ROWCLKSEL_PREBUF_X37_Y15_N0_I5        ; ROWCLKSEL_PREBUF          ;
;   3.699 ;   0.054  ;    ; RE   ; 1      ; ROWCLKSEL_X37_Y15_N0_I0               ; ROWCLKSEL                 ;
;   3.699 ;   0.000  ;    ; RE   ; 1      ; GLOBAL_LOCAL_SEL_X37_Y15_N0_I0        ; GLOBAL_LOCAL_SEL          ;
;   3.699 ;   0.000  ;    ; RE   ; 5      ; LAB_INPUT_X37_Y15_N0_I0               ; LAB_INPUT                 ;
;   3.698 ;   -0.001 ; RR ; IC   ; 1      ; FF_X37_Y15_N14                        ; state_array[2][1][24]|clk ;
;   4.262 ;   0.564  ; RR ; CELL ; 1      ; FF_X37_Y15_N14                        ; state_array[2][1][24]     ;
; 4.913   ; 0.651    ;    ;      ;        ;                                       ; data path                 ;
;   4.262 ;   0.000  ;    ; uTco ; 1      ; FF_X37_Y15_N14                        ; state_array[2][1][24]     ;
;   4.262 ;   0.000  ; FF ; CELL ; 4      ; FF_X37_Y15_N14                        ; state_array[2][1][24]|q   ;
;   4.262 ;   0.000  ;    ; RE   ; 3      ; FF_X37_Y15_N14                        ; ARRIAV_FF                 ;
;   4.262 ;   0.000  ; FF ; IC   ; 1      ; LABCELL_X37_Y15_N12                   ; state_array~823|datae     ;
;   4.830 ;   0.568  ; FF ; CELL ; 1      ; LABCELL_X37_Y15_N12                   ; state_array~823|combout   ;
;   4.830 ;   0.000  ;    ; RE   ; 1      ; LABCELL_X37_Y15_N12                   ; ARRIAV_LCELL_COMB         ;
;   4.830 ;   0.000  ; FF ; IC   ; 1      ; FF_X37_Y15_N14                        ; state_array[2][1][24]|d   ;
;   4.913 ;   0.083  ; FF ; CELL ; 1      ; FF_X37_Y15_N14                        ; state_array[2][1][24]     ;
+---------+----------+----+------+--------+---------------------------------------+---------------------------+

+-------------------------------------------------------------------------------------------------------------+
; Data Required Path                                                                                          ;
+---------+----------+----+------+--------+---------------------------------------+---------------------------+
; Total   ; Incr     ; RF ; Type ; Fanout ; Location                              ; Element                   ;
+---------+----------+----+------+--------+---------------------------------------+---------------------------+
; 0.000   ; 0.000    ;    ;      ;        ;                                       ; latch edge time           ;
; 4.389   ; 4.389    ;    ;      ;        ;                                       ; clock path                ;
;   0.000 ;   0.000  ;    ;      ;        ;                                       ; source latency            ;
;   0.000 ;   0.000  ;    ;      ; 1      ; PIN_M16                               ; clk                       ;
;   0.000 ;   0.000  ;    ; RE   ; 1      ; IOPAD_X89_Y35_N60                     ; ARRIAV_IO_PAD             ;
;   0.000 ;   0.000  ;    ; RE   ; 1      ; IO_PAD_OUTPUT_X89_Y35_N60_I1          ; IO_PAD_OUTPUT             ;
;   0.000 ;   0.000  ;    ; RE   ; 1      ; IO_INPUT_BUFFER_INPUT_X89_Y35_N61_I0  ; IO_INPUT_BUFFER_INPUT     ;
;   0.000 ;   0.000  ; RR ; IC   ; 1      ; IOIBUF_X89_Y35_N61                    ; clk~input|i               ;
;   0.739 ;   0.739  ; RR ; CELL ; 1      ; IOIBUF_X89_Y35_N61                    ; clk~input|o               ;
;   0.739 ;   0.000  ;    ; RE   ; 1      ; IOIBUF_X89_Y35_N61                    ; ARRIAV_IO_IBUF            ;
;   0.739 ;   0.000  ;    ; RE   ; 1      ; IO_INPUT_BUFFER_OUTPUT_X89_Y35_N61_I2 ; IO_INPUT_BUFFER_OUTPUT    ;
;   0.739 ;   0.000  ;    ; RE   ; 1      ; IO_RE_X89_Y35_N60_I96                 ; IO_RE                     ;
;   0.833 ;   0.094  ;    ; RE   ; 1      ; IO_RE_X89_Y35_N60_I66                 ; IO_RE                     ;
;   1.125 ;   0.292  ;    ; RE   ; 1      ; CLKBUF_CLUSTER_RE_X89_Y39_N3_I421     ; CLKBUF_CLUSTER_RE         ;
;   1.125 ;   0.000  ;    ; RE   ; 1      ; CLKBUF_CLUSTER_RE_X89_Y39_N3_I772     ; CLKBUF_CLUSTER_RE         ;
;   1.125 ;   0.000  ;    ; RE   ; 1      ; CLKBUF_CLUSTER_RE_X89_Y39_N3_I557     ; CLKBUF_CLUSTER_RE         ;
;   1.125 ;   0.000  ;    ; RE   ; 1      ; GCLK_CLUSTER_RE_X89_Y39_N6_I10        ; GCLK_CLUSTER_RE           ;
;   1.125 ;   0.000  ;    ; RE   ; 1      ; CLKBUFBLOCK_INPUT_X89_Y39_N7_I0       ; CLKBUFBLOCK_INPUT         ;
;   1.125 ;   0.000  ; RR ; IC   ; 1      ; CLKCTRL_G9                            ; clk~inputCLKENA0|inclk    ;
;   1.632 ;   0.507  ; RR ; CELL ; 1674   ; CLKCTRL_G9                            ; clk~inputCLKENA0|outclk   ;
;   1.632 ;   0.000  ;    ; RE   ; 1      ; CLKCTRL_G9                            ; ARRIAV_CLKBUF             ;
;   1.632 ;   0.000  ;    ; RE   ; 1      ; CLKBUFBLOCK_OUTPUT_X89_Y39_N7_I2      ; CLKBUFBLOCK_OUTPUT        ;
;   1.632 ;   0.000  ;    ; RE   ; 1      ; GCLK_CLUSTER_RE_X89_Y39_N6_I12        ; GCLK_CLUSTER_RE           ;
;   1.632 ;   0.000  ;    ; RE   ; 1      ; CLKBUF_CLUSTER_RE_X89_Y39_N3_I416     ; CLKBUF_CLUSTER_RE         ;
;   2.448 ;   0.816  ;    ; RE   ; 6      ; GLOBAL_CLOCK_X0_Y36_N0_I9             ; GLOBAL_CLOCK              ;
;   2.600 ;   0.152  ;    ; RE   ; 6      ; SPINE_CLOCK_X33_Y0_N0_I22             ; SPINE_CLOCK               ;
;   3.020 ;   0.420  ;    ; RE   ; 1      ; SCLK_TO_ROWCLK_BUF_X33_Y15_N0_I133    ; SCLK_TO_ROWCLK_BUF        ;
;   3.114 ;   0.094  ;    ; RE   ; 2      ; SCLK_TO_ROWCLK_BUF_X33_Y15_N0_I136    ; SCLK_TO_ROWCLK_BUF        ;
;   3.600 ;   0.486  ;    ; RE   ; 8      ; LAB_CLK_X34_Y15_N0_I5                 ; LAB_CLK                   ;
;   3.744 ;   0.144  ;    ; RE   ; 1      ; BLK_CLK_BUF_X37_Y15_N0_I5             ; BLK_CLK_BUF               ;
;   3.801 ;   0.057  ;    ; RE   ; 1      ; ROWCLKSEL_PREBUF_X37_Y15_N0_I5        ; ROWCLKSEL_PREBUF          ;
;   3.859 ;   0.058  ;    ; RE   ; 1      ; ROWCLKSEL_X37_Y15_N0_I0               ; ROWCLKSEL                 ;
;   3.859 ;   0.000  ;    ; RE   ; 1      ; GLOBAL_LOCAL_SEL_X37_Y15_N0_I0        ; GLOBAL_LOCAL_SEL          ;
;   3.859 ;   0.000  ;    ; RE   ; 5      ; LAB_INPUT_X37_Y15_N0_I0               ; LAB_INPUT                 ;
;   3.860 ;   0.001  ; RR ; IC   ; 1      ; FF_X37_Y15_N14                        ; state_array[2][1][24]|clk ;
;   4.515 ;   0.655  ; RR ; CELL ; 1      ; FF_X37_Y15_N14                        ; state_array[2][1][24]     ;
;   4.389 ;   -0.126 ;    ;      ;        ;                                       ; clock pessimism removed   ;
; 4.389   ; 0.000    ;    ;      ;        ;                                       ; clock uncertainty         ;
; 4.389   ; 0.000    ;    ; uTh  ; 1      ; FF_X37_Y15_N14                        ; state_array[2][1][24]     ;
+---------+----------+----+------+--------+---------------------------------------+---------------------------+

----------------------------
; Extra Fitter Information ;
----------------------------
HTML report is unavailable in plain text report export.


Path #17: Hold slack is 0.524 
===============================================================================
+--------------------------------------------+
; Path Summary                               ;
+--------------------+-----------------------+
; Property           ; Value                 ;
+--------------------+-----------------------+
; From Node          ; state_array[0][0][25] ;
; To Node            ; state_array[0][0][25] ;
; Launch Clock       ; clk                   ;
; Latch Clock        ; clk                   ;
; Data Arrival Time  ; 4.917                 ;
; Data Required Time ; 4.393                 ;
; Slack              ; 0.524                 ;
+--------------------+-----------------------+

+-----------------------------------------------------------------------------------+
; Statistics                                                                        ;
+------------------------+-------+-------+-------------+------------+-------+-------+
; Property               ; Value ; Count ; Total Delay ; % of Total ; Min   ; Max   ;
+------------------------+-------+-------+-------------+------------+-------+-------+
; Hold Relationship      ; 0.000 ;       ;             ;            ;       ;       ;
; Clock Skew             ; 0.127 ;       ;             ;            ;       ;       ;
; Data Delay             ; 0.651 ;       ;             ;            ;       ;       ;
; Number of Logic Levels ;       ; 1     ;             ;            ;       ;       ;
; Physical Delays        ;       ;       ;             ;            ;       ;       ;
;  Arrival Path          ;       ;       ;             ;            ;       ;       ;
;   Clock                ;       ;       ;             ;            ;       ;       ;
;    IC                  ;       ; 3     ; 0.000       ; 0          ; 0.000 ; 0.000 ;
;    Cell                ;       ; 3     ; 1.773       ; 42         ; 0.470 ; 0.739 ;
;    Routing Element     ;       ; 26    ; 2.493       ; 58         ; 0.000 ; 0.772 ;
;   Data                 ;       ;       ;             ;            ;       ;       ;
;    IC                  ;       ; 2     ; 0.000       ; 0          ; 0.000 ; 0.000 ;
;    Cell                ;       ; 3     ; 0.651       ; 100        ; 0.000 ; 0.568 ;
;    uTco                ;       ; 1     ; 0.000       ; 0          ; 0.000 ; 0.000 ;
;    Routing Element     ;       ; 2     ; 0.000       ; 0          ; 0.000 ; 0.000 ;
;  Required Path         ;       ;       ;             ;            ;       ;       ;
;   Clock                ;       ;       ;             ;            ;       ;       ;
;    IC                  ;       ; 3     ; 0.002       ; 0          ; 0.000 ; 0.002 ;
;    Cell                ;       ; 3     ; 1.901       ; 42         ; 0.507 ; 0.739 ;
;    Routing Element     ;       ; 26    ; 2.616       ; 58         ; 0.000 ; 0.816 ;
+------------------------+-------+-------+-------------+------------+-------+-------+
Note: Negative delays are omitted from totals when calculating percentages

+------------------------------------------------------------------------------------------------------------+
; Data Arrival Path                                                                                          ;
+---------+---------+----+------+--------+---------------------------------------+---------------------------+
; Total   ; Incr    ; RF ; Type ; Fanout ; Location                              ; Element                   ;
+---------+---------+----+------+--------+---------------------------------------+---------------------------+
; 0.000   ; 0.000   ;    ;      ;        ;                                       ; launch edge time          ;
; 4.266   ; 4.266   ;    ;      ;        ;                                       ; clock path                ;
;   0.000 ;   0.000 ;    ;      ;        ;                                       ; source latency            ;
;   0.000 ;   0.000 ;    ;      ; 1      ; PIN_M16                               ; clk                       ;
;   0.000 ;   0.000 ;    ; RE   ; 1      ; IOPAD_X89_Y35_N60                     ; ARRIAV_IO_PAD             ;
;   0.000 ;   0.000 ;    ; RE   ; 1      ; IO_PAD_OUTPUT_X89_Y35_N60_I1          ; IO_PAD_OUTPUT             ;
;   0.000 ;   0.000 ;    ; RE   ; 1      ; IO_INPUT_BUFFER_INPUT_X89_Y35_N61_I0  ; IO_INPUT_BUFFER_INPUT     ;
;   0.000 ;   0.000 ; RR ; IC   ; 1      ; IOIBUF_X89_Y35_N61                    ; clk~input|i               ;
;   0.739 ;   0.739 ; RR ; CELL ; 1      ; IOIBUF_X89_Y35_N61                    ; clk~input|o               ;
;   0.739 ;   0.000 ;    ; RE   ; 1      ; IOIBUF_X89_Y35_N61                    ; ARRIAV_IO_IBUF            ;
;   0.739 ;   0.000 ;    ; RE   ; 1      ; IO_INPUT_BUFFER_OUTPUT_X89_Y35_N61_I2 ; IO_INPUT_BUFFER_OUTPUT    ;
;   0.739 ;   0.000 ;    ; RE   ; 1      ; IO_RE_X89_Y35_N60_I96                 ; IO_RE                     ;
;   0.827 ;   0.088 ;    ; RE   ; 1      ; IO_RE_X89_Y35_N60_I66                 ; IO_RE                     ;
;   1.102 ;   0.275 ;    ; RE   ; 1      ; CLKBUF_CLUSTER_RE_X89_Y39_N3_I421     ; CLKBUF_CLUSTER_RE         ;
;   1.102 ;   0.000 ;    ; RE   ; 1      ; CLKBUF_CLUSTER_RE_X89_Y39_N3_I772     ; CLKBUF_CLUSTER_RE         ;
;   1.102 ;   0.000 ;    ; RE   ; 1      ; CLKBUF_CLUSTER_RE_X89_Y39_N3_I557     ; CLKBUF_CLUSTER_RE         ;
;   1.102 ;   0.000 ;    ; RE   ; 1      ; GCLK_CLUSTER_RE_X89_Y39_N6_I10        ; GCLK_CLUSTER_RE           ;
;   1.102 ;   0.000 ;    ; RE   ; 1      ; CLKBUFBLOCK_INPUT_X89_Y39_N7_I0       ; CLKBUFBLOCK_INPUT         ;
;   1.102 ;   0.000 ; RR ; IC   ; 1      ; CLKCTRL_G9                            ; clk~inputCLKENA0|inclk    ;
;   1.572 ;   0.470 ; RR ; CELL ; 1674   ; CLKCTRL_G9                            ; clk~inputCLKENA0|outclk   ;
;   1.572 ;   0.000 ;    ; RE   ; 1      ; CLKCTRL_G9                            ; ARRIAV_CLKBUF             ;
;   1.572 ;   0.000 ;    ; RE   ; 1      ; CLKBUFBLOCK_OUTPUT_X89_Y39_N7_I2      ; CLKBUFBLOCK_OUTPUT        ;
;   1.572 ;   0.000 ;    ; RE   ; 1      ; GCLK_CLUSTER_RE_X89_Y39_N6_I12        ; GCLK_CLUSTER_RE           ;
;   1.572 ;   0.000 ;    ; RE   ; 1      ; CLKBUF_CLUSTER_RE_X89_Y39_N3_I416     ; CLKBUF_CLUSTER_RE         ;
;   2.344 ;   0.772 ;    ; RE   ; 6      ; GLOBAL_CLOCK_X0_Y36_N0_I9             ; GLOBAL_CLOCK              ;
;   2.491 ;   0.147 ;    ; RE   ; 6      ; SPINE_CLOCK_X33_Y0_N0_I22             ; SPINE_CLOCK               ;
;   2.897 ;   0.406 ;    ; RE   ; 1      ; SCLK_TO_ROWCLK_BUF_X33_Y15_N0_I133    ; SCLK_TO_ROWCLK_BUF        ;
;   2.988 ;   0.091 ;    ; RE   ; 2      ; SCLK_TO_ROWCLK_BUF_X33_Y15_N0_I136    ; SCLK_TO_ROWCLK_BUF        ;
;   3.461 ;   0.473 ;    ; RE   ; 8      ; LAB_CLK_X34_Y15_N0_I5                 ; LAB_CLK                   ;
;   3.594 ;   0.133 ;    ; RE   ; 1      ; BLK_CLK_BUF_X43_Y15_N0_I5             ; BLK_CLK_BUF               ;
;   3.648 ;   0.054 ;    ; RE   ; 1      ; ROWCLKSEL_PREBUF_X43_Y15_N0_I5        ; ROWCLKSEL_PREBUF          ;
;   3.702 ;   0.054 ;    ; RE   ; 1      ; ROWCLKSEL_X43_Y15_N0_I0               ; ROWCLKSEL                 ;
;   3.702 ;   0.000 ;    ; RE   ; 1      ; GLOBAL_LOCAL_SEL_X43_Y15_N0_I0        ; GLOBAL_LOCAL_SEL          ;
;   3.702 ;   0.000 ;    ; RE   ; 6      ; LAB_INPUT_X43_Y15_N0_I0               ; LAB_INPUT                 ;
;   3.702 ;   0.000 ; RR ; IC   ; 1      ; FF_X43_Y15_N56                        ; state_array[0][0][25]|clk ;
;   4.266 ;   0.564 ; RR ; CELL ; 1      ; FF_X43_Y15_N56                        ; state_array[0][0][25]     ;
; 4.917   ; 0.651   ;    ;      ;        ;                                       ; data path                 ;
;   4.266 ;   0.000 ;    ; uTco ; 1      ; FF_X43_Y15_N56                        ; state_array[0][0][25]     ;
;   4.266 ;   0.000 ; FF ; CELL ; 4      ; FF_X43_Y15_N56                        ; state_array[0][0][25]|q   ;
;   4.266 ;   0.000 ;    ; RE   ; 2      ; FF_X43_Y15_N56                        ; ARRIAV_FF                 ;
;   4.266 ;   0.000 ; FF ; IC   ; 1      ; LABCELL_X43_Y15_N54                   ; state_array~844|datae     ;
;   4.834 ;   0.568 ; FF ; CELL ; 1      ; LABCELL_X43_Y15_N54                   ; state_array~844|combout   ;
;   4.834 ;   0.000 ;    ; RE   ; 1      ; LABCELL_X43_Y15_N54                   ; ARRIAV_LCELL_COMB         ;
;   4.834 ;   0.000 ; FF ; IC   ; 1      ; FF_X43_Y15_N56                        ; state_array[0][0][25]|d   ;
;   4.917 ;   0.083 ; FF ; CELL ; 1      ; FF_X43_Y15_N56                        ; state_array[0][0][25]     ;
+---------+---------+----+------+--------+---------------------------------------+---------------------------+

+-------------------------------------------------------------------------------------------------------------+
; Data Required Path                                                                                          ;
+---------+----------+----+------+--------+---------------------------------------+---------------------------+
; Total   ; Incr     ; RF ; Type ; Fanout ; Location                              ; Element                   ;
+---------+----------+----+------+--------+---------------------------------------+---------------------------+
; 0.000   ; 0.000    ;    ;      ;        ;                                       ; latch edge time           ;
; 4.393   ; 4.393    ;    ;      ;        ;                                       ; clock path                ;
;   0.000 ;   0.000  ;    ;      ;        ;                                       ; source latency            ;
;   0.000 ;   0.000  ;    ;      ; 1      ; PIN_M16                               ; clk                       ;
;   0.000 ;   0.000  ;    ; RE   ; 1      ; IOPAD_X89_Y35_N60                     ; ARRIAV_IO_PAD             ;
;   0.000 ;   0.000  ;    ; RE   ; 1      ; IO_PAD_OUTPUT_X89_Y35_N60_I1          ; IO_PAD_OUTPUT             ;
;   0.000 ;   0.000  ;    ; RE   ; 1      ; IO_INPUT_BUFFER_INPUT_X89_Y35_N61_I0  ; IO_INPUT_BUFFER_INPUT     ;
;   0.000 ;   0.000  ; RR ; IC   ; 1      ; IOIBUF_X89_Y35_N61                    ; clk~input|i               ;
;   0.739 ;   0.739  ; RR ; CELL ; 1      ; IOIBUF_X89_Y35_N61                    ; clk~input|o               ;
;   0.739 ;   0.000  ;    ; RE   ; 1      ; IOIBUF_X89_Y35_N61                    ; ARRIAV_IO_IBUF            ;
;   0.739 ;   0.000  ;    ; RE   ; 1      ; IO_INPUT_BUFFER_OUTPUT_X89_Y35_N61_I2 ; IO_INPUT_BUFFER_OUTPUT    ;
;   0.739 ;   0.000  ;    ; RE   ; 1      ; IO_RE_X89_Y35_N60_I96                 ; IO_RE                     ;
;   0.833 ;   0.094  ;    ; RE   ; 1      ; IO_RE_X89_Y35_N60_I66                 ; IO_RE                     ;
;   1.125 ;   0.292  ;    ; RE   ; 1      ; CLKBUF_CLUSTER_RE_X89_Y39_N3_I421     ; CLKBUF_CLUSTER_RE         ;
;   1.125 ;   0.000  ;    ; RE   ; 1      ; CLKBUF_CLUSTER_RE_X89_Y39_N3_I772     ; CLKBUF_CLUSTER_RE         ;
;   1.125 ;   0.000  ;    ; RE   ; 1      ; CLKBUF_CLUSTER_RE_X89_Y39_N3_I557     ; CLKBUF_CLUSTER_RE         ;
;   1.125 ;   0.000  ;    ; RE   ; 1      ; GCLK_CLUSTER_RE_X89_Y39_N6_I10        ; GCLK_CLUSTER_RE           ;
;   1.125 ;   0.000  ;    ; RE   ; 1      ; CLKBUFBLOCK_INPUT_X89_Y39_N7_I0       ; CLKBUFBLOCK_INPUT         ;
;   1.125 ;   0.000  ; RR ; IC   ; 1      ; CLKCTRL_G9                            ; clk~inputCLKENA0|inclk    ;
;   1.632 ;   0.507  ; RR ; CELL ; 1674   ; CLKCTRL_G9                            ; clk~inputCLKENA0|outclk   ;
;   1.632 ;   0.000  ;    ; RE   ; 1      ; CLKCTRL_G9                            ; ARRIAV_CLKBUF             ;
;   1.632 ;   0.000  ;    ; RE   ; 1      ; CLKBUFBLOCK_OUTPUT_X89_Y39_N7_I2      ; CLKBUFBLOCK_OUTPUT        ;
;   1.632 ;   0.000  ;    ; RE   ; 1      ; GCLK_CLUSTER_RE_X89_Y39_N6_I12        ; GCLK_CLUSTER_RE           ;
;   1.632 ;   0.000  ;    ; RE   ; 1      ; CLKBUF_CLUSTER_RE_X89_Y39_N3_I416     ; CLKBUF_CLUSTER_RE         ;
;   2.448 ;   0.816  ;    ; RE   ; 6      ; GLOBAL_CLOCK_X0_Y36_N0_I9             ; GLOBAL_CLOCK              ;
;   2.600 ;   0.152  ;    ; RE   ; 6      ; SPINE_CLOCK_X33_Y0_N0_I22             ; SPINE_CLOCK               ;
;   3.020 ;   0.420  ;    ; RE   ; 1      ; SCLK_TO_ROWCLK_BUF_X33_Y15_N0_I133    ; SCLK_TO_ROWCLK_BUF        ;
;   3.114 ;   0.094  ;    ; RE   ; 2      ; SCLK_TO_ROWCLK_BUF_X33_Y15_N0_I136    ; SCLK_TO_ROWCLK_BUF        ;
;   3.604 ;   0.490  ;    ; RE   ; 8      ; LAB_CLK_X34_Y15_N0_I5                 ; LAB_CLK                   ;
;   3.748 ;   0.144  ;    ; RE   ; 1      ; BLK_CLK_BUF_X43_Y15_N0_I5             ; BLK_CLK_BUF               ;
;   3.804 ;   0.056  ;    ; RE   ; 1      ; ROWCLKSEL_PREBUF_X43_Y15_N0_I5        ; ROWCLKSEL_PREBUF          ;
;   3.862 ;   0.058  ;    ; RE   ; 1      ; ROWCLKSEL_X43_Y15_N0_I0               ; ROWCLKSEL                 ;
;   3.862 ;   0.000  ;    ; RE   ; 1      ; GLOBAL_LOCAL_SEL_X43_Y15_N0_I0        ; GLOBAL_LOCAL_SEL          ;
;   3.862 ;   0.000  ;    ; RE   ; 6      ; LAB_INPUT_X43_Y15_N0_I0               ; LAB_INPUT                 ;
;   3.864 ;   0.002  ; RR ; IC   ; 1      ; FF_X43_Y15_N56                        ; state_array[0][0][25]|clk ;
;   4.519 ;   0.655  ; RR ; CELL ; 1      ; FF_X43_Y15_N56                        ; state_array[0][0][25]     ;
;   4.393 ;   -0.126 ;    ;      ;        ;                                       ; clock pessimism removed   ;
; 4.393   ; 0.000    ;    ;      ;        ;                                       ; clock uncertainty         ;
; 4.393   ; 0.000    ;    ; uTh  ; 1      ; FF_X43_Y15_N56                        ; state_array[0][0][25]     ;
+---------+----------+----+------+--------+---------------------------------------+---------------------------+

----------------------------
; Extra Fitter Information ;
----------------------------
HTML report is unavailable in plain text report export.


Path #18: Hold slack is 0.524 
===============================================================================
+--------------------------------------------+
; Path Summary                               ;
+--------------------+-----------------------+
; Property           ; Value                 ;
+--------------------+-----------------------+
; From Node          ; state_array[2][1][21] ;
; To Node            ; state_array[2][1][21] ;
; Launch Clock       ; clk                   ;
; Latch Clock        ; clk                   ;
; Data Arrival Time  ; 4.917                 ;
; Data Required Time ; 4.393                 ;
; Slack              ; 0.524                 ;
+--------------------+-----------------------+

+-----------------------------------------------------------------------------------+
; Statistics                                                                        ;
+------------------------+-------+-------+-------------+------------+-------+-------+
; Property               ; Value ; Count ; Total Delay ; % of Total ; Min   ; Max   ;
+------------------------+-------+-------+-------------+------------+-------+-------+
; Hold Relationship      ; 0.000 ;       ;             ;            ;       ;       ;
; Clock Skew             ; 0.127 ;       ;             ;            ;       ;       ;
; Data Delay             ; 0.651 ;       ;             ;            ;       ;       ;
; Number of Logic Levels ;       ; 1     ;             ;            ;       ;       ;
; Physical Delays        ;       ;       ;             ;            ;       ;       ;
;  Arrival Path          ;       ;       ;             ;            ;       ;       ;
;   Clock                ;       ;       ;             ;            ;       ;       ;
;    IC                  ;       ; 3     ; 0.000       ; 0          ; 0.000 ; 0.000 ;
;    Cell                ;       ; 3     ; 1.773       ; 42         ; 0.470 ; 0.739 ;
;    Routing Element     ;       ; 26    ; 2.493       ; 58         ; 0.000 ; 0.772 ;
;   Data                 ;       ;       ;             ;            ;       ;       ;
;    IC                  ;       ; 2     ; 0.000       ; 0          ; 0.000 ; 0.000 ;
;    Cell                ;       ; 3     ; 0.651       ; 100        ; 0.000 ; 0.568 ;
;    uTco                ;       ; 1     ; 0.000       ; 0          ; 0.000 ; 0.000 ;
;    Routing Element     ;       ; 2     ; 0.000       ; 0          ; 0.000 ; 0.000 ;
;  Required Path         ;       ;       ;             ;            ;       ;       ;
;   Clock                ;       ;       ;             ;            ;       ;       ;
;    IC                  ;       ; 3     ; 0.002       ; 0          ; 0.000 ; 0.002 ;
;    Cell                ;       ; 3     ; 1.901       ; 42         ; 0.507 ; 0.739 ;
;    Routing Element     ;       ; 26    ; 2.616       ; 58         ; 0.000 ; 0.816 ;
+------------------------+-------+-------+-------------+------------+-------+-------+
Note: Negative delays are omitted from totals when calculating percentages

+------------------------------------------------------------------------------------------------------------+
; Data Arrival Path                                                                                          ;
+---------+---------+----+------+--------+---------------------------------------+---------------------------+
; Total   ; Incr    ; RF ; Type ; Fanout ; Location                              ; Element                   ;
+---------+---------+----+------+--------+---------------------------------------+---------------------------+
; 0.000   ; 0.000   ;    ;      ;        ;                                       ; launch edge time          ;
; 4.266   ; 4.266   ;    ;      ;        ;                                       ; clock path                ;
;   0.000 ;   0.000 ;    ;      ;        ;                                       ; source latency            ;
;   0.000 ;   0.000 ;    ;      ; 1      ; PIN_M16                               ; clk                       ;
;   0.000 ;   0.000 ;    ; RE   ; 1      ; IOPAD_X89_Y35_N60                     ; ARRIAV_IO_PAD             ;
;   0.000 ;   0.000 ;    ; RE   ; 1      ; IO_PAD_OUTPUT_X89_Y35_N60_I1          ; IO_PAD_OUTPUT             ;
;   0.000 ;   0.000 ;    ; RE   ; 1      ; IO_INPUT_BUFFER_INPUT_X89_Y35_N61_I0  ; IO_INPUT_BUFFER_INPUT     ;
;   0.000 ;   0.000 ; RR ; IC   ; 1      ; IOIBUF_X89_Y35_N61                    ; clk~input|i               ;
;   0.739 ;   0.739 ; RR ; CELL ; 1      ; IOIBUF_X89_Y35_N61                    ; clk~input|o               ;
;   0.739 ;   0.000 ;    ; RE   ; 1      ; IOIBUF_X89_Y35_N61                    ; ARRIAV_IO_IBUF            ;
;   0.739 ;   0.000 ;    ; RE   ; 1      ; IO_INPUT_BUFFER_OUTPUT_X89_Y35_N61_I2 ; IO_INPUT_BUFFER_OUTPUT    ;
;   0.739 ;   0.000 ;    ; RE   ; 1      ; IO_RE_X89_Y35_N60_I96                 ; IO_RE                     ;
;   0.827 ;   0.088 ;    ; RE   ; 1      ; IO_RE_X89_Y35_N60_I66                 ; IO_RE                     ;
;   1.102 ;   0.275 ;    ; RE   ; 1      ; CLKBUF_CLUSTER_RE_X89_Y39_N3_I421     ; CLKBUF_CLUSTER_RE         ;
;   1.102 ;   0.000 ;    ; RE   ; 1      ; CLKBUF_CLUSTER_RE_X89_Y39_N3_I772     ; CLKBUF_CLUSTER_RE         ;
;   1.102 ;   0.000 ;    ; RE   ; 1      ; CLKBUF_CLUSTER_RE_X89_Y39_N3_I557     ; CLKBUF_CLUSTER_RE         ;
;   1.102 ;   0.000 ;    ; RE   ; 1      ; GCLK_CLUSTER_RE_X89_Y39_N6_I10        ; GCLK_CLUSTER_RE           ;
;   1.102 ;   0.000 ;    ; RE   ; 1      ; CLKBUFBLOCK_INPUT_X89_Y39_N7_I0       ; CLKBUFBLOCK_INPUT         ;
;   1.102 ;   0.000 ; RR ; IC   ; 1      ; CLKCTRL_G9                            ; clk~inputCLKENA0|inclk    ;
;   1.572 ;   0.470 ; RR ; CELL ; 1674   ; CLKCTRL_G9                            ; clk~inputCLKENA0|outclk   ;
;   1.572 ;   0.000 ;    ; RE   ; 1      ; CLKCTRL_G9                            ; ARRIAV_CLKBUF             ;
;   1.572 ;   0.000 ;    ; RE   ; 1      ; CLKBUFBLOCK_OUTPUT_X89_Y39_N7_I2      ; CLKBUFBLOCK_OUTPUT        ;
;   1.572 ;   0.000 ;    ; RE   ; 1      ; GCLK_CLUSTER_RE_X89_Y39_N6_I12        ; GCLK_CLUSTER_RE           ;
;   1.572 ;   0.000 ;    ; RE   ; 1      ; CLKBUF_CLUSTER_RE_X89_Y39_N3_I416     ; CLKBUF_CLUSTER_RE         ;
;   2.344 ;   0.772 ;    ; RE   ; 6      ; GLOBAL_CLOCK_X0_Y36_N0_I9             ; GLOBAL_CLOCK              ;
;   2.491 ;   0.147 ;    ; RE   ; 6      ; SPINE_CLOCK_X33_Y0_N0_I22             ; SPINE_CLOCK               ;
;   2.897 ;   0.406 ;    ; RE   ; 1      ; SCLK_TO_ROWCLK_BUF_X33_Y15_N0_I133    ; SCLK_TO_ROWCLK_BUF        ;
;   2.988 ;   0.091 ;    ; RE   ; 2      ; SCLK_TO_ROWCLK_BUF_X33_Y15_N0_I136    ; SCLK_TO_ROWCLK_BUF        ;
;   3.461 ;   0.473 ;    ; RE   ; 8      ; LAB_CLK_X34_Y15_N0_I5                 ; LAB_CLK                   ;
;   3.594 ;   0.133 ;    ; RE   ; 1      ; BLK_CLK_BUF_X43_Y15_N0_I5             ; BLK_CLK_BUF               ;
;   3.648 ;   0.054 ;    ; RE   ; 1      ; ROWCLKSEL_PREBUF_X43_Y15_N0_I5        ; ROWCLKSEL_PREBUF          ;
;   3.702 ;   0.054 ;    ; RE   ; 1      ; ROWCLKSEL_X43_Y15_N0_I0               ; ROWCLKSEL                 ;
;   3.702 ;   0.000 ;    ; RE   ; 1      ; GLOBAL_LOCAL_SEL_X43_Y15_N0_I0        ; GLOBAL_LOCAL_SEL          ;
;   3.702 ;   0.000 ;    ; RE   ; 6      ; LAB_INPUT_X43_Y15_N0_I0               ; LAB_INPUT                 ;
;   3.702 ;   0.000 ; RR ; IC   ; 1      ; FF_X43_Y15_N14                        ; state_array[2][1][21]|clk ;
;   4.266 ;   0.564 ; RR ; CELL ; 1      ; FF_X43_Y15_N14                        ; state_array[2][1][21]     ;
; 4.917   ; 0.651   ;    ;      ;        ;                                       ; data path                 ;
;   4.266 ;   0.000 ;    ; uTco ; 1      ; FF_X43_Y15_N14                        ; state_array[2][1][21]     ;
;   4.266 ;   0.000 ; FF ; CELL ; 4      ; FF_X43_Y15_N14                        ; state_array[2][1][21]|q   ;
;   4.266 ;   0.000 ;    ; RE   ; 2      ; FF_X43_Y15_N14                        ; ARRIAV_FF                 ;
;   4.266 ;   0.000 ; FF ; IC   ; 1      ; LABCELL_X43_Y15_N12                   ; state_array~731|datae     ;
;   4.834 ;   0.568 ; FF ; CELL ; 1      ; LABCELL_X43_Y15_N12                   ; state_array~731|combout   ;
;   4.834 ;   0.000 ;    ; RE   ; 1      ; LABCELL_X43_Y15_N12                   ; ARRIAV_LCELL_COMB         ;
;   4.834 ;   0.000 ; FF ; IC   ; 1      ; FF_X43_Y15_N14                        ; state_array[2][1][21]|d   ;
;   4.917 ;   0.083 ; FF ; CELL ; 1      ; FF_X43_Y15_N14                        ; state_array[2][1][21]     ;
+---------+---------+----+------+--------+---------------------------------------+---------------------------+

+-------------------------------------------------------------------------------------------------------------+
; Data Required Path                                                                                          ;
+---------+----------+----+------+--------+---------------------------------------+---------------------------+
; Total   ; Incr     ; RF ; Type ; Fanout ; Location                              ; Element                   ;
+---------+----------+----+------+--------+---------------------------------------+---------------------------+
; 0.000   ; 0.000    ;    ;      ;        ;                                       ; latch edge time           ;
; 4.393   ; 4.393    ;    ;      ;        ;                                       ; clock path                ;
;   0.000 ;   0.000  ;    ;      ;        ;                                       ; source latency            ;
;   0.000 ;   0.000  ;    ;      ; 1      ; PIN_M16                               ; clk                       ;
;   0.000 ;   0.000  ;    ; RE   ; 1      ; IOPAD_X89_Y35_N60                     ; ARRIAV_IO_PAD             ;
;   0.000 ;   0.000  ;    ; RE   ; 1      ; IO_PAD_OUTPUT_X89_Y35_N60_I1          ; IO_PAD_OUTPUT             ;
;   0.000 ;   0.000  ;    ; RE   ; 1      ; IO_INPUT_BUFFER_INPUT_X89_Y35_N61_I0  ; IO_INPUT_BUFFER_INPUT     ;
;   0.000 ;   0.000  ; RR ; IC   ; 1      ; IOIBUF_X89_Y35_N61                    ; clk~input|i               ;
;   0.739 ;   0.739  ; RR ; CELL ; 1      ; IOIBUF_X89_Y35_N61                    ; clk~input|o               ;
;   0.739 ;   0.000  ;    ; RE   ; 1      ; IOIBUF_X89_Y35_N61                    ; ARRIAV_IO_IBUF            ;
;   0.739 ;   0.000  ;    ; RE   ; 1      ; IO_INPUT_BUFFER_OUTPUT_X89_Y35_N61_I2 ; IO_INPUT_BUFFER_OUTPUT    ;
;   0.739 ;   0.000  ;    ; RE   ; 1      ; IO_RE_X89_Y35_N60_I96                 ; IO_RE                     ;
;   0.833 ;   0.094  ;    ; RE   ; 1      ; IO_RE_X89_Y35_N60_I66                 ; IO_RE                     ;
;   1.125 ;   0.292  ;    ; RE   ; 1      ; CLKBUF_CLUSTER_RE_X89_Y39_N3_I421     ; CLKBUF_CLUSTER_RE         ;
;   1.125 ;   0.000  ;    ; RE   ; 1      ; CLKBUF_CLUSTER_RE_X89_Y39_N3_I772     ; CLKBUF_CLUSTER_RE         ;
;   1.125 ;   0.000  ;    ; RE   ; 1      ; CLKBUF_CLUSTER_RE_X89_Y39_N3_I557     ; CLKBUF_CLUSTER_RE         ;
;   1.125 ;   0.000  ;    ; RE   ; 1      ; GCLK_CLUSTER_RE_X89_Y39_N6_I10        ; GCLK_CLUSTER_RE           ;
;   1.125 ;   0.000  ;    ; RE   ; 1      ; CLKBUFBLOCK_INPUT_X89_Y39_N7_I0       ; CLKBUFBLOCK_INPUT         ;
;   1.125 ;   0.000  ; RR ; IC   ; 1      ; CLKCTRL_G9                            ; clk~inputCLKENA0|inclk    ;
;   1.632 ;   0.507  ; RR ; CELL ; 1674   ; CLKCTRL_G9                            ; clk~inputCLKENA0|outclk   ;
;   1.632 ;   0.000  ;    ; RE   ; 1      ; CLKCTRL_G9                            ; ARRIAV_CLKBUF             ;
;   1.632 ;   0.000  ;    ; RE   ; 1      ; CLKBUFBLOCK_OUTPUT_X89_Y39_N7_I2      ; CLKBUFBLOCK_OUTPUT        ;
;   1.632 ;   0.000  ;    ; RE   ; 1      ; GCLK_CLUSTER_RE_X89_Y39_N6_I12        ; GCLK_CLUSTER_RE           ;
;   1.632 ;   0.000  ;    ; RE   ; 1      ; CLKBUF_CLUSTER_RE_X89_Y39_N3_I416     ; CLKBUF_CLUSTER_RE         ;
;   2.448 ;   0.816  ;    ; RE   ; 6      ; GLOBAL_CLOCK_X0_Y36_N0_I9             ; GLOBAL_CLOCK              ;
;   2.600 ;   0.152  ;    ; RE   ; 6      ; SPINE_CLOCK_X33_Y0_N0_I22             ; SPINE_CLOCK               ;
;   3.020 ;   0.420  ;    ; RE   ; 1      ; SCLK_TO_ROWCLK_BUF_X33_Y15_N0_I133    ; SCLK_TO_ROWCLK_BUF        ;
;   3.114 ;   0.094  ;    ; RE   ; 2      ; SCLK_TO_ROWCLK_BUF_X33_Y15_N0_I136    ; SCLK_TO_ROWCLK_BUF        ;
;   3.604 ;   0.490  ;    ; RE   ; 8      ; LAB_CLK_X34_Y15_N0_I5                 ; LAB_CLK                   ;
;   3.748 ;   0.144  ;    ; RE   ; 1      ; BLK_CLK_BUF_X43_Y15_N0_I5             ; BLK_CLK_BUF               ;
;   3.804 ;   0.056  ;    ; RE   ; 1      ; ROWCLKSEL_PREBUF_X43_Y15_N0_I5        ; ROWCLKSEL_PREBUF          ;
;   3.862 ;   0.058  ;    ; RE   ; 1      ; ROWCLKSEL_X43_Y15_N0_I0               ; ROWCLKSEL                 ;
;   3.862 ;   0.000  ;    ; RE   ; 1      ; GLOBAL_LOCAL_SEL_X43_Y15_N0_I0        ; GLOBAL_LOCAL_SEL          ;
;   3.862 ;   0.000  ;    ; RE   ; 6      ; LAB_INPUT_X43_Y15_N0_I0               ; LAB_INPUT                 ;
;   3.864 ;   0.002  ; RR ; IC   ; 1      ; FF_X43_Y15_N14                        ; state_array[2][1][21]|clk ;
;   4.519 ;   0.655  ; RR ; CELL ; 1      ; FF_X43_Y15_N14                        ; state_array[2][1][21]     ;
;   4.393 ;   -0.126 ;    ;      ;        ;                                       ; clock pessimism removed   ;
; 4.393   ; 0.000    ;    ;      ;        ;                                       ; clock uncertainty         ;
; 4.393   ; 0.000    ;    ; uTh  ; 1      ; FF_X43_Y15_N14                        ; state_array[2][1][21]     ;
+---------+----------+----+------+--------+---------------------------------------+---------------------------+

----------------------------
; Extra Fitter Information ;
----------------------------
HTML report is unavailable in plain text report export.


Path #19: Hold slack is 0.524 
===============================================================================
+--------------------------------------------+
; Path Summary                               ;
+--------------------+-----------------------+
; Property           ; Value                 ;
+--------------------+-----------------------+
; From Node          ; state_array[4][1][21] ;
; To Node            ; state_array[4][1][21] ;
; Launch Clock       ; clk                   ;
; Latch Clock        ; clk                   ;
; Data Arrival Time  ; 4.917                 ;
; Data Required Time ; 4.393                 ;
; Slack              ; 0.524                 ;
+--------------------+-----------------------+

+-----------------------------------------------------------------------------------+
; Statistics                                                                        ;
+------------------------+-------+-------+-------------+------------+-------+-------+
; Property               ; Value ; Count ; Total Delay ; % of Total ; Min   ; Max   ;
+------------------------+-------+-------+-------------+------------+-------+-------+
; Hold Relationship      ; 0.000 ;       ;             ;            ;       ;       ;
; Clock Skew             ; 0.127 ;       ;             ;            ;       ;       ;
; Data Delay             ; 0.651 ;       ;             ;            ;       ;       ;
; Number of Logic Levels ;       ; 1     ;             ;            ;       ;       ;
; Physical Delays        ;       ;       ;             ;            ;       ;       ;
;  Arrival Path          ;       ;       ;             ;            ;       ;       ;
;   Clock                ;       ;       ;             ;            ;       ;       ;
;    IC                  ;       ; 3     ; 0.000       ; 0          ; 0.000 ; 0.000 ;
;    Cell                ;       ; 3     ; 1.773       ; 42         ; 0.470 ; 0.739 ;
;    Routing Element     ;       ; 26    ; 2.493       ; 58         ; 0.000 ; 0.772 ;
;   Data                 ;       ;       ;             ;            ;       ;       ;
;    IC                  ;       ; 2     ; 0.000       ; 0          ; 0.000 ; 0.000 ;
;    Cell                ;       ; 3     ; 0.651       ; 100        ; 0.000 ; 0.568 ;
;    uTco                ;       ; 1     ; 0.000       ; 0          ; 0.000 ; 0.000 ;
;    Routing Element     ;       ; 2     ; 0.000       ; 0          ; 0.000 ; 0.000 ;
;  Required Path         ;       ;       ;             ;            ;       ;       ;
;   Clock                ;       ;       ;             ;            ;       ;       ;
;    IC                  ;       ; 3     ; 0.002       ; 0          ; 0.000 ; 0.002 ;
;    Cell                ;       ; 3     ; 1.901       ; 42         ; 0.507 ; 0.739 ;
;    Routing Element     ;       ; 26    ; 2.616       ; 58         ; 0.000 ; 0.816 ;
+------------------------+-------+-------+-------------+------------+-------+-------+
Note: Negative delays are omitted from totals when calculating percentages

+------------------------------------------------------------------------------------------------------------+
; Data Arrival Path                                                                                          ;
+---------+---------+----+------+--------+---------------------------------------+---------------------------+
; Total   ; Incr    ; RF ; Type ; Fanout ; Location                              ; Element                   ;
+---------+---------+----+------+--------+---------------------------------------+---------------------------+
; 0.000   ; 0.000   ;    ;      ;        ;                                       ; launch edge time          ;
; 4.266   ; 4.266   ;    ;      ;        ;                                       ; clock path                ;
;   0.000 ;   0.000 ;    ;      ;        ;                                       ; source latency            ;
;   0.000 ;   0.000 ;    ;      ; 1      ; PIN_M16                               ; clk                       ;
;   0.000 ;   0.000 ;    ; RE   ; 1      ; IOPAD_X89_Y35_N60                     ; ARRIAV_IO_PAD             ;
;   0.000 ;   0.000 ;    ; RE   ; 1      ; IO_PAD_OUTPUT_X89_Y35_N60_I1          ; IO_PAD_OUTPUT             ;
;   0.000 ;   0.000 ;    ; RE   ; 1      ; IO_INPUT_BUFFER_INPUT_X89_Y35_N61_I0  ; IO_INPUT_BUFFER_INPUT     ;
;   0.000 ;   0.000 ; RR ; IC   ; 1      ; IOIBUF_X89_Y35_N61                    ; clk~input|i               ;
;   0.739 ;   0.739 ; RR ; CELL ; 1      ; IOIBUF_X89_Y35_N61                    ; clk~input|o               ;
;   0.739 ;   0.000 ;    ; RE   ; 1      ; IOIBUF_X89_Y35_N61                    ; ARRIAV_IO_IBUF            ;
;   0.739 ;   0.000 ;    ; RE   ; 1      ; IO_INPUT_BUFFER_OUTPUT_X89_Y35_N61_I2 ; IO_INPUT_BUFFER_OUTPUT    ;
;   0.739 ;   0.000 ;    ; RE   ; 1      ; IO_RE_X89_Y35_N60_I96                 ; IO_RE                     ;
;   0.827 ;   0.088 ;    ; RE   ; 1      ; IO_RE_X89_Y35_N60_I66                 ; IO_RE                     ;
;   1.102 ;   0.275 ;    ; RE   ; 1      ; CLKBUF_CLUSTER_RE_X89_Y39_N3_I421     ; CLKBUF_CLUSTER_RE         ;
;   1.102 ;   0.000 ;    ; RE   ; 1      ; CLKBUF_CLUSTER_RE_X89_Y39_N3_I772     ; CLKBUF_CLUSTER_RE         ;
;   1.102 ;   0.000 ;    ; RE   ; 1      ; CLKBUF_CLUSTER_RE_X89_Y39_N3_I557     ; CLKBUF_CLUSTER_RE         ;
;   1.102 ;   0.000 ;    ; RE   ; 1      ; GCLK_CLUSTER_RE_X89_Y39_N6_I10        ; GCLK_CLUSTER_RE           ;
;   1.102 ;   0.000 ;    ; RE   ; 1      ; CLKBUFBLOCK_INPUT_X89_Y39_N7_I0       ; CLKBUFBLOCK_INPUT         ;
;   1.102 ;   0.000 ; RR ; IC   ; 1      ; CLKCTRL_G9                            ; clk~inputCLKENA0|inclk    ;
;   1.572 ;   0.470 ; RR ; CELL ; 1674   ; CLKCTRL_G9                            ; clk~inputCLKENA0|outclk   ;
;   1.572 ;   0.000 ;    ; RE   ; 1      ; CLKCTRL_G9                            ; ARRIAV_CLKBUF             ;
;   1.572 ;   0.000 ;    ; RE   ; 1      ; CLKBUFBLOCK_OUTPUT_X89_Y39_N7_I2      ; CLKBUFBLOCK_OUTPUT        ;
;   1.572 ;   0.000 ;    ; RE   ; 1      ; GCLK_CLUSTER_RE_X89_Y39_N6_I12        ; GCLK_CLUSTER_RE           ;
;   1.572 ;   0.000 ;    ; RE   ; 1      ; CLKBUF_CLUSTER_RE_X89_Y39_N3_I416     ; CLKBUF_CLUSTER_RE         ;
;   2.344 ;   0.772 ;    ; RE   ; 6      ; GLOBAL_CLOCK_X0_Y36_N0_I9             ; GLOBAL_CLOCK              ;
;   2.491 ;   0.147 ;    ; RE   ; 6      ; SPINE_CLOCK_X33_Y0_N0_I22             ; SPINE_CLOCK               ;
;   2.897 ;   0.406 ;    ; RE   ; 1      ; SCLK_TO_ROWCLK_BUF_X33_Y15_N0_I133    ; SCLK_TO_ROWCLK_BUF        ;
;   2.988 ;   0.091 ;    ; RE   ; 2      ; SCLK_TO_ROWCLK_BUF_X33_Y15_N0_I136    ; SCLK_TO_ROWCLK_BUF        ;
;   3.461 ;   0.473 ;    ; RE   ; 8      ; LAB_CLK_X34_Y15_N0_I5                 ; LAB_CLK                   ;
;   3.594 ;   0.133 ;    ; RE   ; 1      ; BLK_CLK_BUF_X43_Y15_N0_I5             ; BLK_CLK_BUF               ;
;   3.648 ;   0.054 ;    ; RE   ; 1      ; ROWCLKSEL_PREBUF_X43_Y15_N0_I5        ; ROWCLKSEL_PREBUF          ;
;   3.702 ;   0.054 ;    ; RE   ; 1      ; ROWCLKSEL_X43_Y15_N0_I0               ; ROWCLKSEL                 ;
;   3.702 ;   0.000 ;    ; RE   ; 1      ; GLOBAL_LOCAL_SEL_X43_Y15_N0_I0        ; GLOBAL_LOCAL_SEL          ;
;   3.702 ;   0.000 ;    ; RE   ; 6      ; LAB_INPUT_X43_Y15_N0_I0               ; LAB_INPUT                 ;
;   3.702 ;   0.000 ; RR ; IC   ; 1      ; FF_X43_Y15_N44                        ; state_array[4][1][21]|clk ;
;   4.266 ;   0.564 ; RR ; CELL ; 1      ; FF_X43_Y15_N44                        ; state_array[4][1][21]     ;
; 4.917   ; 0.651   ;    ;      ;        ;                                       ; data path                 ;
;   4.266 ;   0.000 ;    ; uTco ; 1      ; FF_X43_Y15_N44                        ; state_array[4][1][21]     ;
;   4.266 ;   0.000 ; FF ; CELL ; 6      ; FF_X43_Y15_N44                        ; state_array[4][1][21]|q   ;
;   4.266 ;   0.000 ;    ; RE   ; 2      ; FF_X43_Y15_N44                        ; ARRIAV_FF                 ;
;   4.266 ;   0.000 ; FF ; IC   ; 1      ; LABCELL_X43_Y15_N42                   ; state_array~728|datae     ;
;   4.834 ;   0.568 ; FF ; CELL ; 1      ; LABCELL_X43_Y15_N42                   ; state_array~728|combout   ;
;   4.834 ;   0.000 ;    ; RE   ; 1      ; LABCELL_X43_Y15_N42                   ; ARRIAV_LCELL_COMB         ;
;   4.834 ;   0.000 ; FF ; IC   ; 1      ; FF_X43_Y15_N44                        ; state_array[4][1][21]|d   ;
;   4.917 ;   0.083 ; FF ; CELL ; 1      ; FF_X43_Y15_N44                        ; state_array[4][1][21]     ;
+---------+---------+----+------+--------+---------------------------------------+---------------------------+

+-------------------------------------------------------------------------------------------------------------+
; Data Required Path                                                                                          ;
+---------+----------+----+------+--------+---------------------------------------+---------------------------+
; Total   ; Incr     ; RF ; Type ; Fanout ; Location                              ; Element                   ;
+---------+----------+----+------+--------+---------------------------------------+---------------------------+
; 0.000   ; 0.000    ;    ;      ;        ;                                       ; latch edge time           ;
; 4.393   ; 4.393    ;    ;      ;        ;                                       ; clock path                ;
;   0.000 ;   0.000  ;    ;      ;        ;                                       ; source latency            ;
;   0.000 ;   0.000  ;    ;      ; 1      ; PIN_M16                               ; clk                       ;
;   0.000 ;   0.000  ;    ; RE   ; 1      ; IOPAD_X89_Y35_N60                     ; ARRIAV_IO_PAD             ;
;   0.000 ;   0.000  ;    ; RE   ; 1      ; IO_PAD_OUTPUT_X89_Y35_N60_I1          ; IO_PAD_OUTPUT             ;
;   0.000 ;   0.000  ;    ; RE   ; 1      ; IO_INPUT_BUFFER_INPUT_X89_Y35_N61_I0  ; IO_INPUT_BUFFER_INPUT     ;
;   0.000 ;   0.000  ; RR ; IC   ; 1      ; IOIBUF_X89_Y35_N61                    ; clk~input|i               ;
;   0.739 ;   0.739  ; RR ; CELL ; 1      ; IOIBUF_X89_Y35_N61                    ; clk~input|o               ;
;   0.739 ;   0.000  ;    ; RE   ; 1      ; IOIBUF_X89_Y35_N61                    ; ARRIAV_IO_IBUF            ;
;   0.739 ;   0.000  ;    ; RE   ; 1      ; IO_INPUT_BUFFER_OUTPUT_X89_Y35_N61_I2 ; IO_INPUT_BUFFER_OUTPUT    ;
;   0.739 ;   0.000  ;    ; RE   ; 1      ; IO_RE_X89_Y35_N60_I96                 ; IO_RE                     ;
;   0.833 ;   0.094  ;    ; RE   ; 1      ; IO_RE_X89_Y35_N60_I66                 ; IO_RE                     ;
;   1.125 ;   0.292  ;    ; RE   ; 1      ; CLKBUF_CLUSTER_RE_X89_Y39_N3_I421     ; CLKBUF_CLUSTER_RE         ;
;   1.125 ;   0.000  ;    ; RE   ; 1      ; CLKBUF_CLUSTER_RE_X89_Y39_N3_I772     ; CLKBUF_CLUSTER_RE         ;
;   1.125 ;   0.000  ;    ; RE   ; 1      ; CLKBUF_CLUSTER_RE_X89_Y39_N3_I557     ; CLKBUF_CLUSTER_RE         ;
;   1.125 ;   0.000  ;    ; RE   ; 1      ; GCLK_CLUSTER_RE_X89_Y39_N6_I10        ; GCLK_CLUSTER_RE           ;
;   1.125 ;   0.000  ;    ; RE   ; 1      ; CLKBUFBLOCK_INPUT_X89_Y39_N7_I0       ; CLKBUFBLOCK_INPUT         ;
;   1.125 ;   0.000  ; RR ; IC   ; 1      ; CLKCTRL_G9                            ; clk~inputCLKENA0|inclk    ;
;   1.632 ;   0.507  ; RR ; CELL ; 1674   ; CLKCTRL_G9                            ; clk~inputCLKENA0|outclk   ;
;   1.632 ;   0.000  ;    ; RE   ; 1      ; CLKCTRL_G9                            ; ARRIAV_CLKBUF             ;
;   1.632 ;   0.000  ;    ; RE   ; 1      ; CLKBUFBLOCK_OUTPUT_X89_Y39_N7_I2      ; CLKBUFBLOCK_OUTPUT        ;
;   1.632 ;   0.000  ;    ; RE   ; 1      ; GCLK_CLUSTER_RE_X89_Y39_N6_I12        ; GCLK_CLUSTER_RE           ;
;   1.632 ;   0.000  ;    ; RE   ; 1      ; CLKBUF_CLUSTER_RE_X89_Y39_N3_I416     ; CLKBUF_CLUSTER_RE         ;
;   2.448 ;   0.816  ;    ; RE   ; 6      ; GLOBAL_CLOCK_X0_Y36_N0_I9             ; GLOBAL_CLOCK              ;
;   2.600 ;   0.152  ;    ; RE   ; 6      ; SPINE_CLOCK_X33_Y0_N0_I22             ; SPINE_CLOCK               ;
;   3.020 ;   0.420  ;    ; RE   ; 1      ; SCLK_TO_ROWCLK_BUF_X33_Y15_N0_I133    ; SCLK_TO_ROWCLK_BUF        ;
;   3.114 ;   0.094  ;    ; RE   ; 2      ; SCLK_TO_ROWCLK_BUF_X33_Y15_N0_I136    ; SCLK_TO_ROWCLK_BUF        ;
;   3.604 ;   0.490  ;    ; RE   ; 8      ; LAB_CLK_X34_Y15_N0_I5                 ; LAB_CLK                   ;
;   3.748 ;   0.144  ;    ; RE   ; 1      ; BLK_CLK_BUF_X43_Y15_N0_I5             ; BLK_CLK_BUF               ;
;   3.804 ;   0.056  ;    ; RE   ; 1      ; ROWCLKSEL_PREBUF_X43_Y15_N0_I5        ; ROWCLKSEL_PREBUF          ;
;   3.862 ;   0.058  ;    ; RE   ; 1      ; ROWCLKSEL_X43_Y15_N0_I0               ; ROWCLKSEL                 ;
;   3.862 ;   0.000  ;    ; RE   ; 1      ; GLOBAL_LOCAL_SEL_X43_Y15_N0_I0        ; GLOBAL_LOCAL_SEL          ;
;   3.862 ;   0.000  ;    ; RE   ; 6      ; LAB_INPUT_X43_Y15_N0_I0               ; LAB_INPUT                 ;
;   3.864 ;   0.002  ; RR ; IC   ; 1      ; FF_X43_Y15_N44                        ; state_array[4][1][21]|clk ;
;   4.519 ;   0.655  ; RR ; CELL ; 1      ; FF_X43_Y15_N44                        ; state_array[4][1][21]     ;
;   4.393 ;   -0.126 ;    ;      ;        ;                                       ; clock pessimism removed   ;
; 4.393   ; 0.000    ;    ;      ;        ;                                       ; clock uncertainty         ;
; 4.393   ; 0.000    ;    ; uTh  ; 1      ; FF_X43_Y15_N44                        ; state_array[4][1][21]     ;
+---------+----------+----+------+--------+---------------------------------------+---------------------------+

----------------------------
; Extra Fitter Information ;
----------------------------
HTML report is unavailable in plain text report export.


Path #20: Hold slack is 0.524 
===============================================================================
+--------------------------------------------+
; Path Summary                               ;
+--------------------+-----------------------+
; Property           ; Value                 ;
+--------------------+-----------------------+
; From Node          ; state_array[1][2][24] ;
; To Node            ; state_array[1][2][24] ;
; Launch Clock       ; clk                   ;
; Latch Clock        ; clk                   ;
; Data Arrival Time  ; 4.916                 ;
; Data Required Time ; 4.392                 ;
; Slack              ; 0.524                 ;
+--------------------+-----------------------+

+-----------------------------------------------------------------------------------+
; Statistics                                                                        ;
+------------------------+-------+-------+-------------+------------+-------+-------+
; Property               ; Value ; Count ; Total Delay ; % of Total ; Min   ; Max   ;
+------------------------+-------+-------+-------------+------------+-------+-------+
; Hold Relationship      ; 0.000 ;       ;             ;            ;       ;       ;
; Clock Skew             ; 0.127 ;       ;             ;            ;       ;       ;
; Data Delay             ; 0.651 ;       ;             ;            ;       ;       ;
; Number of Logic Levels ;       ; 1     ;             ;            ;       ;       ;
; Physical Delays        ;       ;       ;             ;            ;       ;       ;
;  Arrival Path          ;       ;       ;             ;            ;       ;       ;
;   Clock                ;       ;       ;             ;            ;       ;       ;
;    IC                  ;       ; 3     ; 0.000       ; 0          ; 0.000 ; 0.000 ;
;    Cell                ;       ; 3     ; 1.773       ; 42         ; 0.470 ; 0.739 ;
;    Routing Element     ;       ; 26    ; 2.492       ; 58         ; 0.000 ; 0.772 ;
;   Data                 ;       ;       ;             ;            ;       ;       ;
;    IC                  ;       ; 2     ; 0.000       ; 0          ; 0.000 ; 0.000 ;
;    Cell                ;       ; 3     ; 0.651       ; 100        ; 0.000 ; 0.568 ;
;    uTco                ;       ; 1     ; 0.000       ; 0          ; 0.000 ; 0.000 ;
;    Routing Element     ;       ; 2     ; 0.000       ; 0          ; 0.000 ; 0.000 ;
;  Required Path         ;       ;       ;             ;            ;       ;       ;
;   Clock                ;       ;       ;             ;            ;       ;       ;
;    IC                  ;       ; 3     ; 0.001       ; 0          ; 0.000 ; 0.001 ;
;    Cell                ;       ; 3     ; 1.901       ; 42         ; 0.507 ; 0.739 ;
;    Routing Element     ;       ; 26    ; 2.616       ; 58         ; 0.000 ; 0.816 ;
+------------------------+-------+-------+-------------+------------+-------+-------+
Note: Negative delays are omitted from totals when calculating percentages

+------------------------------------------------------------------------------------------------------------+
; Data Arrival Path                                                                                          ;
+---------+---------+----+------+--------+---------------------------------------+---------------------------+
; Total   ; Incr    ; RF ; Type ; Fanout ; Location                              ; Element                   ;
+---------+---------+----+------+--------+---------------------------------------+---------------------------+
; 0.000   ; 0.000   ;    ;      ;        ;                                       ; launch edge time          ;
; 4.265   ; 4.265   ;    ;      ;        ;                                       ; clock path                ;
;   0.000 ;   0.000 ;    ;      ;        ;                                       ; source latency            ;
;   0.000 ;   0.000 ;    ;      ; 1      ; PIN_M16                               ; clk                       ;
;   0.000 ;   0.000 ;    ; RE   ; 1      ; IOPAD_X89_Y35_N60                     ; ARRIAV_IO_PAD             ;
;   0.000 ;   0.000 ;    ; RE   ; 1      ; IO_PAD_OUTPUT_X89_Y35_N60_I1          ; IO_PAD_OUTPUT             ;
;   0.000 ;   0.000 ;    ; RE   ; 1      ; IO_INPUT_BUFFER_INPUT_X89_Y35_N61_I0  ; IO_INPUT_BUFFER_INPUT     ;
;   0.000 ;   0.000 ; RR ; IC   ; 1      ; IOIBUF_X89_Y35_N61                    ; clk~input|i               ;
;   0.739 ;   0.739 ; RR ; CELL ; 1      ; IOIBUF_X89_Y35_N61                    ; clk~input|o               ;
;   0.739 ;   0.000 ;    ; RE   ; 1      ; IOIBUF_X89_Y35_N61                    ; ARRIAV_IO_IBUF            ;
;   0.739 ;   0.000 ;    ; RE   ; 1      ; IO_INPUT_BUFFER_OUTPUT_X89_Y35_N61_I2 ; IO_INPUT_BUFFER_OUTPUT    ;
;   0.739 ;   0.000 ;    ; RE   ; 1      ; IO_RE_X89_Y35_N60_I96                 ; IO_RE                     ;
;   0.827 ;   0.088 ;    ; RE   ; 1      ; IO_RE_X89_Y35_N60_I66                 ; IO_RE                     ;
;   1.102 ;   0.275 ;    ; RE   ; 1      ; CLKBUF_CLUSTER_RE_X89_Y39_N3_I421     ; CLKBUF_CLUSTER_RE         ;
;   1.102 ;   0.000 ;    ; RE   ; 1      ; CLKBUF_CLUSTER_RE_X89_Y39_N3_I772     ; CLKBUF_CLUSTER_RE         ;
;   1.102 ;   0.000 ;    ; RE   ; 1      ; CLKBUF_CLUSTER_RE_X89_Y39_N3_I557     ; CLKBUF_CLUSTER_RE         ;
;   1.102 ;   0.000 ;    ; RE   ; 1      ; GCLK_CLUSTER_RE_X89_Y39_N6_I10        ; GCLK_CLUSTER_RE           ;
;   1.102 ;   0.000 ;    ; RE   ; 1      ; CLKBUFBLOCK_INPUT_X89_Y39_N7_I0       ; CLKBUFBLOCK_INPUT         ;
;   1.102 ;   0.000 ; RR ; IC   ; 1      ; CLKCTRL_G9                            ; clk~inputCLKENA0|inclk    ;
;   1.572 ;   0.470 ; RR ; CELL ; 1674   ; CLKCTRL_G9                            ; clk~inputCLKENA0|outclk   ;
;   1.572 ;   0.000 ;    ; RE   ; 1      ; CLKCTRL_G9                            ; ARRIAV_CLKBUF             ;
;   1.572 ;   0.000 ;    ; RE   ; 1      ; CLKBUFBLOCK_OUTPUT_X89_Y39_N7_I2      ; CLKBUFBLOCK_OUTPUT        ;
;   1.572 ;   0.000 ;    ; RE   ; 1      ; GCLK_CLUSTER_RE_X89_Y39_N6_I12        ; GCLK_CLUSTER_RE           ;
;   1.572 ;   0.000 ;    ; RE   ; 1      ; CLKBUF_CLUSTER_RE_X89_Y39_N3_I416     ; CLKBUF_CLUSTER_RE         ;
;   2.344 ;   0.772 ;    ; RE   ; 6      ; GLOBAL_CLOCK_X0_Y36_N0_I9             ; GLOBAL_CLOCK              ;
;   2.491 ;   0.147 ;    ; RE   ; 6      ; SPINE_CLOCK_X33_Y0_N0_I22             ; SPINE_CLOCK               ;
;   2.897 ;   0.406 ;    ; RE   ; 1      ; SCLK_TO_ROWCLK_BUF_X33_Y15_N0_I133    ; SCLK_TO_ROWCLK_BUF        ;
;   2.988 ;   0.091 ;    ; RE   ; 2      ; SCLK_TO_ROWCLK_BUF_X33_Y15_N0_I136    ; SCLK_TO_ROWCLK_BUF        ;
;   3.460 ;   0.472 ;    ; RE   ; 8      ; LAB_CLK_X34_Y15_N0_I5                 ; LAB_CLK                   ;
;   3.593 ;   0.133 ;    ; RE   ; 1      ; BLK_CLK_BUF_X40_Y15_N0_I5             ; BLK_CLK_BUF               ;
;   3.647 ;   0.054 ;    ; RE   ; 1      ; ROWCLKSEL_PREBUF_X40_Y15_N0_I5        ; ROWCLKSEL_PREBUF          ;
;   3.701 ;   0.054 ;    ; RE   ; 1      ; ROWCLKSEL_X40_Y15_N0_I0               ; ROWCLKSEL                 ;
;   3.701 ;   0.000 ;    ; RE   ; 1      ; GLOBAL_LOCAL_SEL_X40_Y15_N0_I0        ; GLOBAL_LOCAL_SEL          ;
;   3.701 ;   0.000 ;    ; RE   ; 5      ; LAB_INPUT_X40_Y15_N0_I0               ; LAB_INPUT                 ;
;   3.701 ;   0.000 ; RR ; IC   ; 1      ; FF_X40_Y15_N56                        ; state_array[1][2][24]|clk ;
;   4.265 ;   0.564 ; RR ; CELL ; 1      ; FF_X40_Y15_N56                        ; state_array[1][2][24]     ;
; 4.916   ; 0.651   ;    ;      ;        ;                                       ; data path                 ;
;   4.265 ;   0.000 ;    ; uTco ; 1      ; FF_X40_Y15_N56                        ; state_array[1][2][24]     ;
;   4.265 ;   0.000 ; FF ; CELL ; 6      ; FF_X40_Y15_N56                        ; state_array[1][2][24]|q   ;
;   4.265 ;   0.000 ;    ; RE   ; 2      ; FF_X40_Y15_N56                        ; ARRIAV_FF                 ;
;   4.265 ;   0.000 ; FF ; IC   ; 1      ; LABCELL_X40_Y15_N54                   ; state_array~824|datae     ;
;   4.833 ;   0.568 ; FF ; CELL ; 1      ; LABCELL_X40_Y15_N54                   ; state_array~824|combout   ;
;   4.833 ;   0.000 ;    ; RE   ; 1      ; LABCELL_X40_Y15_N54                   ; ARRIAV_LCELL_COMB         ;
;   4.833 ;   0.000 ; FF ; IC   ; 1      ; FF_X40_Y15_N56                        ; state_array[1][2][24]|d   ;
;   4.916 ;   0.083 ; FF ; CELL ; 1      ; FF_X40_Y15_N56                        ; state_array[1][2][24]     ;
+---------+---------+----+------+--------+---------------------------------------+---------------------------+

+-------------------------------------------------------------------------------------------------------------+
; Data Required Path                                                                                          ;
+---------+----------+----+------+--------+---------------------------------------+---------------------------+
; Total   ; Incr     ; RF ; Type ; Fanout ; Location                              ; Element                   ;
+---------+----------+----+------+--------+---------------------------------------+---------------------------+
; 0.000   ; 0.000    ;    ;      ;        ;                                       ; latch edge time           ;
; 4.392   ; 4.392    ;    ;      ;        ;                                       ; clock path                ;
;   0.000 ;   0.000  ;    ;      ;        ;                                       ; source latency            ;
;   0.000 ;   0.000  ;    ;      ; 1      ; PIN_M16                               ; clk                       ;
;   0.000 ;   0.000  ;    ; RE   ; 1      ; IOPAD_X89_Y35_N60                     ; ARRIAV_IO_PAD             ;
;   0.000 ;   0.000  ;    ; RE   ; 1      ; IO_PAD_OUTPUT_X89_Y35_N60_I1          ; IO_PAD_OUTPUT             ;
;   0.000 ;   0.000  ;    ; RE   ; 1      ; IO_INPUT_BUFFER_INPUT_X89_Y35_N61_I0  ; IO_INPUT_BUFFER_INPUT     ;
;   0.000 ;   0.000  ; RR ; IC   ; 1      ; IOIBUF_X89_Y35_N61                    ; clk~input|i               ;
;   0.739 ;   0.739  ; RR ; CELL ; 1      ; IOIBUF_X89_Y35_N61                    ; clk~input|o               ;
;   0.739 ;   0.000  ;    ; RE   ; 1      ; IOIBUF_X89_Y35_N61                    ; ARRIAV_IO_IBUF            ;
;   0.739 ;   0.000  ;    ; RE   ; 1      ; IO_INPUT_BUFFER_OUTPUT_X89_Y35_N61_I2 ; IO_INPUT_BUFFER_OUTPUT    ;
;   0.739 ;   0.000  ;    ; RE   ; 1      ; IO_RE_X89_Y35_N60_I96                 ; IO_RE                     ;
;   0.833 ;   0.094  ;    ; RE   ; 1      ; IO_RE_X89_Y35_N60_I66                 ; IO_RE                     ;
;   1.125 ;   0.292  ;    ; RE   ; 1      ; CLKBUF_CLUSTER_RE_X89_Y39_N3_I421     ; CLKBUF_CLUSTER_RE         ;
;   1.125 ;   0.000  ;    ; RE   ; 1      ; CLKBUF_CLUSTER_RE_X89_Y39_N3_I772     ; CLKBUF_CLUSTER_RE         ;
;   1.125 ;   0.000  ;    ; RE   ; 1      ; CLKBUF_CLUSTER_RE_X89_Y39_N3_I557     ; CLKBUF_CLUSTER_RE         ;
;   1.125 ;   0.000  ;    ; RE   ; 1      ; GCLK_CLUSTER_RE_X89_Y39_N6_I10        ; GCLK_CLUSTER_RE           ;
;   1.125 ;   0.000  ;    ; RE   ; 1      ; CLKBUFBLOCK_INPUT_X89_Y39_N7_I0       ; CLKBUFBLOCK_INPUT         ;
;   1.125 ;   0.000  ; RR ; IC   ; 1      ; CLKCTRL_G9                            ; clk~inputCLKENA0|inclk    ;
;   1.632 ;   0.507  ; RR ; CELL ; 1674   ; CLKCTRL_G9                            ; clk~inputCLKENA0|outclk   ;
;   1.632 ;   0.000  ;    ; RE   ; 1      ; CLKCTRL_G9                            ; ARRIAV_CLKBUF             ;
;   1.632 ;   0.000  ;    ; RE   ; 1      ; CLKBUFBLOCK_OUTPUT_X89_Y39_N7_I2      ; CLKBUFBLOCK_OUTPUT        ;
;   1.632 ;   0.000  ;    ; RE   ; 1      ; GCLK_CLUSTER_RE_X89_Y39_N6_I12        ; GCLK_CLUSTER_RE           ;
;   1.632 ;   0.000  ;    ; RE   ; 1      ; CLKBUF_CLUSTER_RE_X89_Y39_N3_I416     ; CLKBUF_CLUSTER_RE         ;
;   2.448 ;   0.816  ;    ; RE   ; 6      ; GLOBAL_CLOCK_X0_Y36_N0_I9             ; GLOBAL_CLOCK              ;
;   2.600 ;   0.152  ;    ; RE   ; 6      ; SPINE_CLOCK_X33_Y0_N0_I22             ; SPINE_CLOCK               ;
;   3.020 ;   0.420  ;    ; RE   ; 1      ; SCLK_TO_ROWCLK_BUF_X33_Y15_N0_I133    ; SCLK_TO_ROWCLK_BUF        ;
;   3.114 ;   0.094  ;    ; RE   ; 2      ; SCLK_TO_ROWCLK_BUF_X33_Y15_N0_I136    ; SCLK_TO_ROWCLK_BUF        ;
;   3.603 ;   0.489  ;    ; RE   ; 8      ; LAB_CLK_X34_Y15_N0_I5                 ; LAB_CLK                   ;
;   3.748 ;   0.145  ;    ; RE   ; 1      ; BLK_CLK_BUF_X40_Y15_N0_I5             ; BLK_CLK_BUF               ;
;   3.804 ;   0.056  ;    ; RE   ; 1      ; ROWCLKSEL_PREBUF_X40_Y15_N0_I5        ; ROWCLKSEL_PREBUF          ;
;   3.862 ;   0.058  ;    ; RE   ; 1      ; ROWCLKSEL_X40_Y15_N0_I0               ; ROWCLKSEL                 ;
;   3.862 ;   0.000  ;    ; RE   ; 1      ; GLOBAL_LOCAL_SEL_X40_Y15_N0_I0        ; GLOBAL_LOCAL_SEL          ;
;   3.862 ;   0.000  ;    ; RE   ; 5      ; LAB_INPUT_X40_Y15_N0_I0               ; LAB_INPUT                 ;
;   3.863 ;   0.001  ; RR ; IC   ; 1      ; FF_X40_Y15_N56                        ; state_array[1][2][24]|clk ;
;   4.518 ;   0.655  ; RR ; CELL ; 1      ; FF_X40_Y15_N56                        ; state_array[1][2][24]     ;
;   4.392 ;   -0.126 ;    ;      ;        ;                                       ; clock pessimism removed   ;
; 4.392   ; 0.000    ;    ;      ;        ;                                       ; clock uncertainty         ;
; 4.392   ; 0.000    ;    ; uTh  ; 1      ; FF_X40_Y15_N56                        ; state_array[1][2][24]     ;
+---------+----------+----+------+--------+---------------------------------------+---------------------------+

----------------------------
; Extra Fitter Information ;
----------------------------
HTML report is unavailable in plain text report export.


