----------------
; Command Info ;
----------------
Report Timing: Found 20 hold paths (0 violated).  Worst case slack is 0.465 

Tcl Command:
    report_timing -hold -show_routing -multi_corner -file critical_paths/worst_hold_paths.rpt -panel_name {LightHD challenge: worst hold paths} -npaths 20 -detail full_path

Options:
    -hold 
    -npaths 20 
    -show_routing 
    -detail full_path 
    -panel_name {LightHD challenge: worst hold paths} 
    -file {critical_paths/worst_hold_paths.rpt} 
    -multi_corner 

Delay Model:
    Slow 1100mV 85C Model

+-----------------------------------------------------------------------------------------------------------------------------+
; Summary of Paths                                                                                                            ;
+-------+-----------------------+-----------------------+--------------+-------------+--------------+------------+------------+
; Slack ; From Node             ; To Node               ; Launch Clock ; Latch Clock ; Relationship ; Clock Skew ; Data Delay ;
+-------+-----------------------+-----------------------+--------------+-------------+--------------+------------+------------+
; 0.465 ; state_array[0][3][44] ; state_array[0][3][44] ; clk          ; clk         ; 0.000        ; 0.127      ; 0.592      ;
; 0.466 ; state_array[3][4][20] ; state_array[3][4][20] ; clk          ; clk         ; 0.000        ; 0.126      ; 0.592      ;
; 0.466 ; state_array[3][2][56] ; state_array[3][2][56] ; clk          ; clk         ; 0.000        ; 0.126      ; 0.592      ;
; 0.467 ; state_array[1][0][19] ; state_array[1][0][19] ; clk          ; clk         ; 0.000        ; 0.125      ; 0.592      ;
; 0.469 ; state_array[3][1][52] ; state_array[3][1][52] ; clk          ; clk         ; 0.000        ; 0.128      ; 0.597      ;
; 0.470 ; state_array[4][2][48] ; state_array[4][2][48] ; clk          ; clk         ; 0.000        ; 0.127      ; 0.597      ;
; 0.470 ; state_array[1][4][43] ; state_array[1][4][43] ; clk          ; clk         ; 0.000        ; 0.127      ; 0.597      ;
; 0.470 ; state_array[3][0][2]  ; state_array[3][0][2]  ; clk          ; clk         ; 0.000        ; 0.127      ; 0.597      ;
; 0.470 ; state_array[0][3][32] ; state_array[0][3][32] ; clk          ; clk         ; 0.000        ; 0.125      ; 0.595      ;
; 0.471 ; state_array[1][0][24] ; state_array[1][0][24] ; clk          ; clk         ; 0.000        ; 0.126      ; 0.597      ;
; 0.471 ; state_array[1][2][41] ; state_array[1][2][41] ; clk          ; clk         ; 0.000        ; 0.126      ; 0.597      ;
; 0.471 ; state_array[0][3][58] ; state_array[0][3][58] ; clk          ; clk         ; 0.000        ; 0.126      ; 0.597      ;
; 0.472 ; state_array[1][1][8]  ; state_array[1][1][8]  ; clk          ; clk         ; 0.000        ; 0.127      ; 0.599      ;
; 0.472 ; state_array[4][1][20] ; state_array[4][1][20] ; clk          ; clk         ; 0.000        ; 0.125      ; 0.597      ;
; 0.472 ; state_array[2][1][35] ; state_array[2][1][35] ; clk          ; clk         ; 0.000        ; 0.125      ; 0.597      ;
; 0.472 ; state_array[0][1][40] ; state_array[0][1][40] ; clk          ; clk         ; 0.000        ; 0.125      ; 0.597      ;
; 0.472 ; state_array[1][1][11] ; state_array[1][1][11] ; clk          ; clk         ; 0.000        ; 0.125      ; 0.597      ;
; 0.473 ; state_array[2][4][35] ; state_array[2][4][35] ; clk          ; clk         ; 0.000        ; 0.124      ; 0.597      ;
; 0.474 ; state_array[0][3][60] ; state_array[0][3][60] ; clk          ; clk         ; 0.000        ; 0.125      ; 0.599      ;
; 0.474 ; state_array[3][0][16] ; state_array[3][0][16] ; clk          ; clk         ; 0.000        ; 0.125      ; 0.599      ;
+-------+-----------------------+-----------------------+--------------+-------------+--------------+------------+------------+

Path #1: Hold slack is 0.465 
===============================================================================
+--------------------------------------------+
; Path Summary                               ;
+--------------------+-----------------------+
; Property           ; Value                 ;
+--------------------+-----------------------+
; From Node          ; state_array[0][3][44] ;
; To Node            ; state_array[0][3][44] ;
; Launch Clock       ; clk                   ;
; Latch Clock        ; clk                   ;
; Data Arrival Time  ; 4.862                 ;
; Data Required Time ; 4.397                 ;
; Slack              ; 0.465                 ;
+--------------------+-----------------------+

+-----------------------------------------------------------------------------------+
; Statistics                                                                        ;
+------------------------+-------+-------+-------------+------------+-------+-------+
; Property               ; Value ; Count ; Total Delay ; % of Total ; Min   ; Max   ;
+------------------------+-------+-------+-------------+------------+-------+-------+
; Hold Relationship      ; 0.000 ;       ;             ;            ;       ;       ;
; Clock Skew             ; 0.127 ;       ;             ;            ;       ;       ;
; Data Delay             ; 0.592 ;       ;             ;            ;       ;       ;
; Number of Logic Levels ;       ; 1     ;             ;            ;       ;       ;
; Physical Delays        ;       ;       ;             ;            ;       ;       ;
;  Arrival Path          ;       ;       ;             ;            ;       ;       ;
;   Clock                ;       ;       ;             ;            ;       ;       ;
;    IC                  ;       ; 3     ; 0.000       ; 0          ; 0.000 ; 0.000 ;
;    Cell                ;       ; 3     ; 1.788       ; 42         ; 0.470 ; 0.739 ;
;    Routing Element     ;       ; 26    ; 2.482       ; 58         ; 0.000 ; 0.783 ;
;   Data                 ;       ;       ;             ;            ;       ;       ;
;    IC                  ;       ; 2     ; 0.001       ; 0          ; 0.000 ; 0.001 ;
;    Cell                ;       ; 3     ; 0.303       ; 51         ; 0.000 ; 0.221 ;
;    uTco                ;       ; 1     ; 0.000       ; 0          ; 0.000 ; 0.000 ;
;    Routing Element     ;       ; 4     ; 0.288       ; 49         ; 0.000 ; 0.136 ;
;  Required Path         ;       ;       ;             ;            ;       ;       ;
;   Clock                ;       ;       ;             ;            ;       ;       ;
;    IC                  ;       ; 3     ; 0.000       ; 0          ; 0.000 ; 0.000 ;
;    Cell                ;       ; 3     ; 1.917       ; 42         ; 0.507 ; 0.739 ;
;    Routing Element     ;       ; 26    ; 2.607       ; 58         ; 0.000 ; 0.828 ;
+------------------------+-------+-------+-------------+------------+-------+-------+
Note: Negative delays are omitted from totals when calculating percentages

+------------------------------------------------------------------------------------------------------------+
; Data Arrival Path                                                                                          ;
+---------+---------+----+------+--------+---------------------------------------+---------------------------+
; Total   ; Incr    ; RF ; Type ; Fanout ; Location                              ; Element                   ;
+---------+---------+----+------+--------+---------------------------------------+---------------------------+
; 0.000   ; 0.000   ;    ;      ;        ;                                       ; launch edge time          ;
; 4.270   ; 4.270   ;    ;      ;        ;                                       ; clock path                ;
;   0.000 ;   0.000 ;    ;      ;        ;                                       ; source latency            ;
;   0.000 ;   0.000 ;    ;      ; 1      ; PIN_M16                               ; clk                       ;
;   0.000 ;   0.000 ;    ; RE   ; 1      ; IOPAD_X89_Y35_N60                     ; ARRIAV_IO_PAD             ;
;   0.000 ;   0.000 ;    ; RE   ; 1      ; IO_PAD_OUTPUT_X89_Y35_N60_I1          ; IO_PAD_OUTPUT             ;
;   0.000 ;   0.000 ;    ; RE   ; 1      ; IO_INPUT_BUFFER_INPUT_X89_Y35_N61_I0  ; IO_INPUT_BUFFER_INPUT     ;
;   0.000 ;   0.000 ; RR ; IC   ; 1      ; IOIBUF_X89_Y35_N61                    ; clk~input|i               ;
;   0.739 ;   0.739 ; RR ; CELL ; 1      ; IOIBUF_X89_Y35_N61                    ; clk~input|o               ;
;   0.739 ;   0.000 ;    ; RE   ; 1      ; IOIBUF_X89_Y35_N61                    ; ARRIAV_IO_IBUF            ;
;   0.739 ;   0.000 ;    ; RE   ; 1      ; IO_INPUT_BUFFER_OUTPUT_X89_Y35_N61_I2 ; IO_INPUT_BUFFER_OUTPUT    ;
;   0.739 ;   0.000 ;    ; RE   ; 1      ; IO_RE_X89_Y35_N60_I96                 ; IO_RE                     ;
;   0.827 ;   0.088 ;    ; RE   ; 1      ; IO_RE_X89_Y35_N60_I66                 ; IO_RE                     ;
;   1.102 ;   0.275 ;    ; RE   ; 1      ; CLKBUF_CLUSTER_RE_X89_Y39_N3_I421     ; CLKBUF_CLUSTER_RE         ;
;   1.102 ;   0.000 ;    ; RE   ; 1      ; CLKBUF_CLUSTER_RE_X89_Y39_N3_I772     ; CLKBUF_CLUSTER_RE         ;
;   1.102 ;   0.000 ;    ; RE   ; 1      ; CLKBUF_CLUSTER_RE_X89_Y39_N3_I557     ; CLKBUF_CLUSTER_RE         ;
;   1.102 ;   0.000 ;    ; RE   ; 1      ; GCLK_CLUSTER_RE_X89_Y39_N6_I10        ; GCLK_CLUSTER_RE           ;
;   1.102 ;   0.000 ;    ; RE   ; 1      ; CLKBUFBLOCK_INPUT_X89_Y39_N7_I0       ; CLKBUFBLOCK_INPUT         ;
;   1.102 ;   0.000 ; RR ; IC   ; 1      ; CLKCTRL_G9                            ; clk~inputCLKENA0|inclk    ;
;   1.572 ;   0.470 ; RR ; CELL ; 3357   ; CLKCTRL_G9                            ; clk~inputCLKENA0|outclk   ;
;   1.572 ;   0.000 ;    ; RE   ; 1      ; CLKCTRL_G9                            ; ARRIAV_CLKBUF             ;
;   1.572 ;   0.000 ;    ; RE   ; 1      ; CLKBUFBLOCK_OUTPUT_X89_Y39_N7_I2      ; CLKBUFBLOCK_OUTPUT        ;
;   1.572 ;   0.000 ;    ; RE   ; 1      ; GCLK_CLUSTER_RE_X89_Y39_N6_I12        ; GCLK_CLUSTER_RE           ;
;   1.572 ;   0.000 ;    ; RE   ; 1      ; CLKBUF_CLUSTER_RE_X89_Y39_N3_I416     ; CLKBUF_CLUSTER_RE         ;
;   2.355 ;   0.783 ;    ; RE   ; 4      ; GLOBAL_CLOCK_X0_Y36_N0_I9             ; GLOBAL_CLOCK              ;
;   2.502 ;   0.147 ;    ; RE   ; 14     ; SPINE_CLOCK_X77_Y0_N0_I7              ; SPINE_CLOCK               ;
;   2.908 ;   0.406 ;    ; RE   ; 1      ; SCLK_TO_ROWCLK_BUF_X77_Y15_N0_I43     ; SCLK_TO_ROWCLK_BUF        ;
;   2.999 ;   0.091 ;    ; RE   ; 2      ; SCLK_TO_ROWCLK_BUF_X77_Y15_N0_I46     ; SCLK_TO_ROWCLK_BUF        ;
;   3.459 ;   0.460 ;    ; RE   ; 9      ; LAB_CLK_X67_Y15_N0_I5                 ; LAB_CLK                   ;
;   3.583 ;   0.124 ;    ; RE   ; 1      ; BLK_CLK_BUF_X72_Y15_N0_I5             ; BLK_CLK_BUF               ;
;   3.636 ;   0.053 ;    ; RE   ; 1      ; ROWCLKSEL_PREBUF_X72_Y15_N0_I5        ; ROWCLKSEL_PREBUF          ;
;   3.691 ;   0.055 ;    ; RE   ; 1      ; ROWCLKSEL_X72_Y15_N0_I0               ; ROWCLKSEL                 ;
;   3.691 ;   0.000 ;    ; RE   ; 2      ; GLOBAL_LOCAL_SEL_X72_Y15_N0_I0        ; GLOBAL_LOCAL_SEL          ;
;   3.691 ;   0.000 ;    ; RE   ; 7      ; LAB_INPUT_X72_Y15_N0_I0               ; LAB_INPUT                 ;
;   3.691 ;   0.000 ; RR ; IC   ; 1      ; FF_X72_Y15_N56                        ; state_array[0][3][44]|clk ;
;   4.270 ;   0.579 ; RR ; CELL ; 1      ; FF_X72_Y15_N56                        ; state_array[0][3][44]     ;
; 4.862   ; 0.592   ;    ;      ;        ;                                       ; data path                 ;
;   4.270 ;   0.000 ;    ; uTco ; 1      ; FF_X72_Y15_N56                        ; state_array[0][3][44]     ;
;   4.270 ;   0.000 ; RR ; CELL ; 4      ; FF_X72_Y15_N56                        ; state_array[0][3][44]|q   ;
;   4.329 ;   0.059 ;    ; RE   ; 2      ; FF_X72_Y15_N56                        ; ARRIAV_FF                 ;
;   4.422 ;   0.093 ;    ; RE   ; 1      ; LOCAL_LINE_X72_Y15_N0_I18             ; LOCAL_LINE                ;
;   4.558 ;   0.136 ;    ; RE   ; 1      ; BLOCK_INPUT_MUX_X72_Y15_N0_I78        ; LEIM_INPUT                ;
;   4.559 ;   0.001 ; RR ; IC   ; 1      ; MLABCELL_X72_Y15_N54                  ; state_array~1945|datag    ;
;   4.780 ;   0.221 ; RR ; CELL ; 1      ; MLABCELL_X72_Y15_N54                  ; state_array~1945|combout  ;
;   4.780 ;   0.000 ;    ; RE   ; 1      ; MLABCELL_X72_Y15_N54                  ; ARRIAV_LCELL_COMB         ;
;   4.780 ;   0.000 ; RR ; IC   ; 1      ; FF_X72_Y15_N56                        ; state_array[0][3][44]|d   ;
;   4.862 ;   0.082 ; RR ; CELL ; 1      ; FF_X72_Y15_N56                        ; state_array[0][3][44]     ;
+---------+---------+----+------+--------+---------------------------------------+---------------------------+

+-------------------------------------------------------------------------------------------------------------+
; Data Required Path                                                                                          ;
+---------+----------+----+------+--------+---------------------------------------+---------------------------+
; Total   ; Incr     ; RF ; Type ; Fanout ; Location                              ; Element                   ;
+---------+----------+----+------+--------+---------------------------------------+---------------------------+
; 0.000   ; 0.000    ;    ;      ;        ;                                       ; latch edge time           ;
; 4.397   ; 4.397    ;    ;      ;        ;                                       ; clock path                ;
;   0.000 ;   0.000  ;    ;      ;        ;                                       ; source latency            ;
;   0.000 ;   0.000  ;    ;      ; 1      ; PIN_M16                               ; clk                       ;
;   0.000 ;   0.000  ;    ; RE   ; 1      ; IOPAD_X89_Y35_N60                     ; ARRIAV_IO_PAD             ;
;   0.000 ;   0.000  ;    ; RE   ; 1      ; IO_PAD_OUTPUT_X89_Y35_N60_I1          ; IO_PAD_OUTPUT             ;
;   0.000 ;   0.000  ;    ; RE   ; 1      ; IO_INPUT_BUFFER_INPUT_X89_Y35_N61_I0  ; IO_INPUT_BUFFER_INPUT     ;
;   0.000 ;   0.000  ; RR ; IC   ; 1      ; IOIBUF_X89_Y35_N61                    ; clk~input|i               ;
;   0.739 ;   0.739  ; RR ; CELL ; 1      ; IOIBUF_X89_Y35_N61                    ; clk~input|o               ;
;   0.739 ;   0.000  ;    ; RE   ; 1      ; IOIBUF_X89_Y35_N61                    ; ARRIAV_IO_IBUF            ;
;   0.739 ;   0.000  ;    ; RE   ; 1      ; IO_INPUT_BUFFER_OUTPUT_X89_Y35_N61_I2 ; IO_INPUT_BUFFER_OUTPUT    ;
;   0.739 ;   0.000  ;    ; RE   ; 1      ; IO_RE_X89_Y35_N60_I96                 ; IO_RE                     ;
;   0.833 ;   0.094  ;    ; RE   ; 1      ; IO_RE_X89_Y35_N60_I66                 ; IO_RE                     ;
;   1.125 ;   0.292  ;    ; RE   ; 1      ; CLKBUF_CLUSTER_RE_X89_Y39_N3_I421     ; CLKBUF_CLUSTER_RE         ;
;   1.125 ;   0.000  ;    ; RE   ; 1      ; CLKBUF_CLUSTER_RE_X89_Y39_N3_I772     ; CLKBUF_CLUSTER_RE         ;
;   1.125 ;   0.000  ;    ; RE   ; 1      ; CLKBUF_CLUSTER_RE_X89_Y39_N3_I557     ; CLKBUF_CLUSTER_RE         ;
;   1.125 ;   0.000  ;    ; RE   ; 1      ; GCLK_CLUSTER_RE_X89_Y39_N6_I10        ; GCLK_CLUSTER_RE           ;
;   1.125 ;   0.000  ;    ; RE   ; 1      ; CLKBUFBLOCK_INPUT_X89_Y39_N7_I0       ; CLKBUFBLOCK_INPUT         ;
;   1.125 ;   0.000  ; RR ; IC   ; 1      ; CLKCTRL_G9                            ; clk~inputCLKENA0|inclk    ;
;   1.632 ;   0.507  ; RR ; CELL ; 3357   ; CLKCTRL_G9                            ; clk~inputCLKENA0|outclk   ;
;   1.632 ;   0.000  ;    ; RE   ; 1      ; CLKCTRL_G9                            ; ARRIAV_CLKBUF             ;
;   1.632 ;   0.000  ;    ; RE   ; 1      ; CLKBUFBLOCK_OUTPUT_X89_Y39_N7_I2      ; CLKBUFBLOCK_OUTPUT        ;
;   1.632 ;   0.000  ;    ; RE   ; 1      ; GCLK_CLUSTER_RE_X89_Y39_N6_I12        ; GCLK_CLUSTER_RE           ;
;   1.632 ;   0.000  ;    ; RE   ; 1      ; CLKBUF_CLUSTER_RE_X89_Y39_N3_I416     ; CLKBUF_CLUSTER_RE         ;
;   2.460 ;   0.828  ;    ; RE   ; 4      ; GLOBAL_CLOCK_X0_Y36_N0_I9             ; GLOBAL_CLOCK              ;
;   2.612 ;   0.152  ;    ; RE   ; 14     ; SPINE_CLOCK_X77_Y0_N0_I7              ; SPINE_CLOCK               ;
;   3.032 ;   0.420  ;    ; RE   ; 1      ; SCLK_TO_ROWCLK_BUF_X77_Y15_N0_I43     ; SCLK_TO_ROWCLK_BUF        ;
;   3.126 ;   0.094  ;    ; RE   ; 2      ; SCLK_TO_ROWCLK_BUF_X77_Y15_N0_I46     ; SCLK_TO_ROWCLK_BUF        ;
;   3.603 ;   0.477  ;    ; RE   ; 9      ; LAB_CLK_X67_Y15_N0_I5                 ; LAB_CLK                   ;
;   3.738 ;   0.135  ;    ; RE   ; 1      ; BLK_CLK_BUF_X72_Y15_N0_I5             ; BLK_CLK_BUF               ;
;   3.793 ;   0.055  ;    ; RE   ; 1      ; ROWCLKSEL_PREBUF_X72_Y15_N0_I5        ; ROWCLKSEL_PREBUF          ;
;   3.853 ;   0.060  ;    ; RE   ; 1      ; ROWCLKSEL_X72_Y15_N0_I0               ; ROWCLKSEL                 ;
;   3.853 ;   0.000  ;    ; RE   ; 2      ; GLOBAL_LOCAL_SEL_X72_Y15_N0_I0        ; GLOBAL_LOCAL_SEL          ;
;   3.853 ;   0.000  ;    ; RE   ; 7      ; LAB_INPUT_X72_Y15_N0_I0               ; LAB_INPUT                 ;
;   3.853 ;   0.000  ; RR ; IC   ; 1      ; FF_X72_Y15_N56                        ; state_array[0][3][44]|clk ;
;   4.524 ;   0.671  ; RR ; CELL ; 1      ; FF_X72_Y15_N56                        ; state_array[0][3][44]     ;
;   4.397 ;   -0.127 ;    ;      ;        ;                                       ; clock pessimism removed   ;
; 4.397   ; 0.000    ;    ;      ;        ;                                       ; clock uncertainty         ;
; 4.397   ; 0.000    ;    ; uTh  ; 1      ; FF_X72_Y15_N56                        ; state_array[0][3][44]     ;
+---------+----------+----+------+--------+---------------------------------------+---------------------------+

----------------------------
; Extra Fitter Information ;
----------------------------
HTML report is unavailable in plain text report export.


Path #2: Hold slack is 0.466 
===============================================================================
+--------------------------------------------+
; Path Summary                               ;
+--------------------+-----------------------+
; Property           ; Value                 ;
+--------------------+-----------------------+
; From Node          ; state_array[3][4][20] ;
; To Node            ; state_array[3][4][20] ;
; Launch Clock       ; clk                   ;
; Latch Clock        ; clk                   ;
; Data Arrival Time  ; 4.848                 ;
; Data Required Time ; 4.382                 ;
; Slack              ; 0.466                 ;
+--------------------+-----------------------+

+-----------------------------------------------------------------------------------+
; Statistics                                                                        ;
+------------------------+-------+-------+-------------+------------+-------+-------+
; Property               ; Value ; Count ; Total Delay ; % of Total ; Min   ; Max   ;
+------------------------+-------+-------+-------------+------------+-------+-------+
; Hold Relationship      ; 0.000 ;       ;             ;            ;       ;       ;
; Clock Skew             ; 0.126 ;       ;             ;            ;       ;       ;
; Data Delay             ; 0.592 ;       ;             ;            ;       ;       ;
; Number of Logic Levels ;       ; 1     ;             ;            ;       ;       ;
; Physical Delays        ;       ;       ;             ;            ;       ;       ;
;  Arrival Path          ;       ;       ;             ;            ;       ;       ;
;   Clock                ;       ;       ;             ;            ;       ;       ;
;    IC                  ;       ; 3     ; 0.000       ; 0          ; 0.000 ; 0.000 ;
;    Cell                ;       ; 3     ; 1.788       ; 42         ; 0.470 ; 0.739 ;
;    Routing Element     ;       ; 26    ; 2.468       ; 58         ; 0.000 ; 0.783 ;
;   Data                 ;       ;       ;             ;            ;       ;       ;
;    IC                  ;       ; 2     ; 0.000       ; 0          ; 0.000 ; 0.000 ;
;    Cell                ;       ; 3     ; 0.303       ; 51         ; 0.000 ; 0.221 ;
;    uTco                ;       ; 1     ; 0.000       ; 0          ; 0.000 ; 0.000 ;
;    Routing Element     ;       ; 4     ; 0.289       ; 49         ; 0.000 ; 0.138 ;
;  Required Path         ;       ;       ;             ;            ;       ;       ;
;   Clock                ;       ;       ;             ;            ;       ;       ;
;    IC                  ;       ; 3     ; 0.000       ; 0          ; 0.000 ; 0.000 ;
;    Cell                ;       ; 3     ; 1.917       ; 43         ; 0.507 ; 0.739 ;
;    Routing Element     ;       ; 26    ; 2.593       ; 57         ; 0.000 ; 0.828 ;
+------------------------+-------+-------+-------------+------------+-------+-------+
Note: Negative delays are omitted from totals when calculating percentages

+------------------------------------------------------------------------------------------------------------+
; Data Arrival Path                                                                                          ;
+---------+---------+----+------+--------+---------------------------------------+---------------------------+
; Total   ; Incr    ; RF ; Type ; Fanout ; Location                              ; Element                   ;
+---------+---------+----+------+--------+---------------------------------------+---------------------------+
; 0.000   ; 0.000   ;    ;      ;        ;                                       ; launch edge time          ;
; 4.256   ; 4.256   ;    ;      ;        ;                                       ; clock path                ;
;   0.000 ;   0.000 ;    ;      ;        ;                                       ; source latency            ;
;   0.000 ;   0.000 ;    ;      ; 1      ; PIN_M16                               ; clk                       ;
;   0.000 ;   0.000 ;    ; RE   ; 1      ; IOPAD_X89_Y35_N60                     ; ARRIAV_IO_PAD             ;
;   0.000 ;   0.000 ;    ; RE   ; 1      ; IO_PAD_OUTPUT_X89_Y35_N60_I1          ; IO_PAD_OUTPUT             ;
;   0.000 ;   0.000 ;    ; RE   ; 1      ; IO_INPUT_BUFFER_INPUT_X89_Y35_N61_I0  ; IO_INPUT_BUFFER_INPUT     ;
;   0.000 ;   0.000 ; RR ; IC   ; 1      ; IOIBUF_X89_Y35_N61                    ; clk~input|i               ;
;   0.739 ;   0.739 ; RR ; CELL ; 1      ; IOIBUF_X89_Y35_N61                    ; clk~input|o               ;
;   0.739 ;   0.000 ;    ; RE   ; 1      ; IOIBUF_X89_Y35_N61                    ; ARRIAV_IO_IBUF            ;
;   0.739 ;   0.000 ;    ; RE   ; 1      ; IO_INPUT_BUFFER_OUTPUT_X89_Y35_N61_I2 ; IO_INPUT_BUFFER_OUTPUT    ;
;   0.739 ;   0.000 ;    ; RE   ; 1      ; IO_RE_X89_Y35_N60_I96                 ; IO_RE                     ;
;   0.827 ;   0.088 ;    ; RE   ; 1      ; IO_RE_X89_Y35_N60_I66                 ; IO_RE                     ;
;   1.102 ;   0.275 ;    ; RE   ; 1      ; CLKBUF_CLUSTER_RE_X89_Y39_N3_I421     ; CLKBUF_CLUSTER_RE         ;
;   1.102 ;   0.000 ;    ; RE   ; 1      ; CLKBUF_CLUSTER_RE_X89_Y39_N3_I772     ; CLKBUF_CLUSTER_RE         ;
;   1.102 ;   0.000 ;    ; RE   ; 1      ; CLKBUF_CLUSTER_RE_X89_Y39_N3_I557     ; CLKBUF_CLUSTER_RE         ;
;   1.102 ;   0.000 ;    ; RE   ; 1      ; GCLK_CLUSTER_RE_X89_Y39_N6_I10        ; GCLK_CLUSTER_RE           ;
;   1.102 ;   0.000 ;    ; RE   ; 1      ; CLKBUFBLOCK_INPUT_X89_Y39_N7_I0       ; CLKBUFBLOCK_INPUT         ;
;   1.102 ;   0.000 ; RR ; IC   ; 1      ; CLKCTRL_G9                            ; clk~inputCLKENA0|inclk    ;
;   1.572 ;   0.470 ; RR ; CELL ; 3357   ; CLKCTRL_G9                            ; clk~inputCLKENA0|outclk   ;
;   1.572 ;   0.000 ;    ; RE   ; 1      ; CLKCTRL_G9                            ; ARRIAV_CLKBUF             ;
;   1.572 ;   0.000 ;    ; RE   ; 1      ; CLKBUFBLOCK_OUTPUT_X89_Y39_N7_I2      ; CLKBUFBLOCK_OUTPUT        ;
;   1.572 ;   0.000 ;    ; RE   ; 1      ; GCLK_CLUSTER_RE_X89_Y39_N6_I12        ; GCLK_CLUSTER_RE           ;
;   1.572 ;   0.000 ;    ; RE   ; 1      ; CLKBUF_CLUSTER_RE_X89_Y39_N3_I416     ; CLKBUF_CLUSTER_RE         ;
;   2.355 ;   0.783 ;    ; RE   ; 4      ; GLOBAL_CLOCK_X0_Y36_N0_I9             ; GLOBAL_CLOCK              ;
;   2.497 ;   0.142 ;    ; RE   ; 14     ; SPINE_CLOCK_X77_Y0_N0_I7              ; SPINE_CLOCK               ;
;   2.894 ;   0.397 ;    ; RE   ; 1      ; SCLK_TO_ROWCLK_BUF_X77_Y11_N0_I43     ; SCLK_TO_ROWCLK_BUF        ;
;   2.985 ;   0.091 ;    ; RE   ; 2      ; SCLK_TO_ROWCLK_BUF_X77_Y11_N0_I46     ; SCLK_TO_ROWCLK_BUF        ;
;   3.446 ;   0.461 ;    ; RE   ; 9      ; LAB_CLK_X67_Y11_N0_I5                 ; LAB_CLK                   ;
;   3.570 ;   0.124 ;    ; RE   ; 1      ; BLK_CLK_BUF_X70_Y11_N0_I5             ; BLK_CLK_BUF               ;
;   3.623 ;   0.053 ;    ; RE   ; 1      ; ROWCLKSEL_PREBUF_X70_Y11_N0_I5        ; ROWCLKSEL_PREBUF          ;
;   3.677 ;   0.054 ;    ; RE   ; 1      ; ROWCLKSEL_X70_Y11_N0_I0               ; ROWCLKSEL                 ;
;   3.677 ;   0.000 ;    ; RE   ; 2      ; GLOBAL_LOCAL_SEL_X70_Y11_N0_I0        ; GLOBAL_LOCAL_SEL          ;
;   3.677 ;   0.000 ;    ; RE   ; 5      ; LAB_INPUT_X70_Y11_N0_I0               ; LAB_INPUT                 ;
;   3.677 ;   0.000 ; RR ; IC   ; 1      ; FF_X70_Y11_N56                        ; state_array[3][4][20]|clk ;
;   4.256 ;   0.579 ; RR ; CELL ; 1      ; FF_X70_Y11_N56                        ; state_array[3][4][20]     ;
; 4.848   ; 0.592   ;    ;      ;        ;                                       ; data path                 ;
;   4.256 ;   0.000 ;    ; uTco ; 1      ; FF_X70_Y11_N56                        ; state_array[3][4][20]     ;
;   4.256 ;   0.000 ; RR ; CELL ; 4      ; FF_X70_Y11_N56                        ; state_array[3][4][20]|q   ;
;   4.315 ;   0.059 ;    ; RE   ; 2      ; FF_X70_Y11_N56                        ; ARRIAV_FF                 ;
;   4.407 ;   0.092 ;    ; RE   ; 1      ; LOCAL_LINE_X70_Y11_N0_I18             ; LOCAL_LINE                ;
;   4.545 ;   0.138 ;    ; RE   ; 1      ; BLOCK_INPUT_MUX_X70_Y11_N0_I78        ; LEIM_INPUT                ;
;   4.545 ;   0.000 ; RR ; IC   ; 1      ; LABCELL_X70_Y11_N54                   ; state_array~3337|datag    ;
;   4.766 ;   0.221 ; RR ; CELL ; 1      ; LABCELL_X70_Y11_N54                   ; state_array~3337|combout  ;
;   4.766 ;   0.000 ;    ; RE   ; 1      ; LABCELL_X70_Y11_N54                   ; ARRIAV_LCELL_COMB         ;
;   4.766 ;   0.000 ; RR ; IC   ; 1      ; FF_X70_Y11_N56                        ; state_array[3][4][20]|d   ;
;   4.848 ;   0.082 ; RR ; CELL ; 1      ; FF_X70_Y11_N56                        ; state_array[3][4][20]     ;
+---------+---------+----+------+--------+---------------------------------------+---------------------------+

+-------------------------------------------------------------------------------------------------------------+
; Data Required Path                                                                                          ;
+---------+----------+----+------+--------+---------------------------------------+---------------------------+
; Total   ; Incr     ; RF ; Type ; Fanout ; Location                              ; Element                   ;
+---------+----------+----+------+--------+---------------------------------------+---------------------------+
; 0.000   ; 0.000    ;    ;      ;        ;                                       ; latch edge time           ;
; 4.382   ; 4.382    ;    ;      ;        ;                                       ; clock path                ;
;   0.000 ;   0.000  ;    ;      ;        ;                                       ; source latency            ;
;   0.000 ;   0.000  ;    ;      ; 1      ; PIN_M16                               ; clk                       ;
;   0.000 ;   0.000  ;    ; RE   ; 1      ; IOPAD_X89_Y35_N60                     ; ARRIAV_IO_PAD             ;
;   0.000 ;   0.000  ;    ; RE   ; 1      ; IO_PAD_OUTPUT_X89_Y35_N60_I1          ; IO_PAD_OUTPUT             ;
;   0.000 ;   0.000  ;    ; RE   ; 1      ; IO_INPUT_BUFFER_INPUT_X89_Y35_N61_I0  ; IO_INPUT_BUFFER_INPUT     ;
;   0.000 ;   0.000  ; RR ; IC   ; 1      ; IOIBUF_X89_Y35_N61                    ; clk~input|i               ;
;   0.739 ;   0.739  ; RR ; CELL ; 1      ; IOIBUF_X89_Y35_N61                    ; clk~input|o               ;
;   0.739 ;   0.000  ;    ; RE   ; 1      ; IOIBUF_X89_Y35_N61                    ; ARRIAV_IO_IBUF            ;
;   0.739 ;   0.000  ;    ; RE   ; 1      ; IO_INPUT_BUFFER_OUTPUT_X89_Y35_N61_I2 ; IO_INPUT_BUFFER_OUTPUT    ;
;   0.739 ;   0.000  ;    ; RE   ; 1      ; IO_RE_X89_Y35_N60_I96                 ; IO_RE                     ;
;   0.833 ;   0.094  ;    ; RE   ; 1      ; IO_RE_X89_Y35_N60_I66                 ; IO_RE                     ;
;   1.125 ;   0.292  ;    ; RE   ; 1      ; CLKBUF_CLUSTER_RE_X89_Y39_N3_I421     ; CLKBUF_CLUSTER_RE         ;
;   1.125 ;   0.000  ;    ; RE   ; 1      ; CLKBUF_CLUSTER_RE_X89_Y39_N3_I772     ; CLKBUF_CLUSTER_RE         ;
;   1.125 ;   0.000  ;    ; RE   ; 1      ; CLKBUF_CLUSTER_RE_X89_Y39_N3_I557     ; CLKBUF_CLUSTER_RE         ;
;   1.125 ;   0.000  ;    ; RE   ; 1      ; GCLK_CLUSTER_RE_X89_Y39_N6_I10        ; GCLK_CLUSTER_RE           ;
;   1.125 ;   0.000  ;    ; RE   ; 1      ; CLKBUFBLOCK_INPUT_X89_Y39_N7_I0       ; CLKBUFBLOCK_INPUT         ;
;   1.125 ;   0.000  ; RR ; IC   ; 1      ; CLKCTRL_G9                            ; clk~inputCLKENA0|inclk    ;
;   1.632 ;   0.507  ; RR ; CELL ; 3357   ; CLKCTRL_G9                            ; clk~inputCLKENA0|outclk   ;
;   1.632 ;   0.000  ;    ; RE   ; 1      ; CLKCTRL_G9                            ; ARRIAV_CLKBUF             ;
;   1.632 ;   0.000  ;    ; RE   ; 1      ; CLKBUFBLOCK_OUTPUT_X89_Y39_N7_I2      ; CLKBUFBLOCK_OUTPUT        ;
;   1.632 ;   0.000  ;    ; RE   ; 1      ; GCLK_CLUSTER_RE_X89_Y39_N6_I12        ; GCLK_CLUSTER_RE           ;
;   1.632 ;   0.000  ;    ; RE   ; 1      ; CLKBUF_CLUSTER_RE_X89_Y39_N3_I416     ; CLKBUF_CLUSTER_RE         ;
;   2.460 ;   0.828  ;    ; RE   ; 4      ; GLOBAL_CLOCK_X0_Y36_N0_I9             ; GLOBAL_CLOCK              ;
;   2.608 ;   0.148  ;    ; RE   ; 14     ; SPINE_CLOCK_X77_Y0_N0_I7              ; SPINE_CLOCK               ;
;   3.019 ;   0.411  ;    ; RE   ; 1      ; SCLK_TO_ROWCLK_BUF_X77_Y11_N0_I43     ; SCLK_TO_ROWCLK_BUF        ;
;   3.113 ;   0.094  ;    ; RE   ; 2      ; SCLK_TO_ROWCLK_BUF_X77_Y11_N0_I46     ; SCLK_TO_ROWCLK_BUF        ;
;   3.590 ;   0.477  ;    ; RE   ; 9      ; LAB_CLK_X67_Y11_N0_I5                 ; LAB_CLK                   ;
;   3.725 ;   0.135  ;    ; RE   ; 1      ; BLK_CLK_BUF_X70_Y11_N0_I5             ; BLK_CLK_BUF               ;
;   3.780 ;   0.055  ;    ; RE   ; 1      ; ROWCLKSEL_PREBUF_X70_Y11_N0_I5        ; ROWCLKSEL_PREBUF          ;
;   3.839 ;   0.059  ;    ; RE   ; 1      ; ROWCLKSEL_X70_Y11_N0_I0               ; ROWCLKSEL                 ;
;   3.839 ;   0.000  ;    ; RE   ; 2      ; GLOBAL_LOCAL_SEL_X70_Y11_N0_I0        ; GLOBAL_LOCAL_SEL          ;
;   3.839 ;   0.000  ;    ; RE   ; 5      ; LAB_INPUT_X70_Y11_N0_I0               ; LAB_INPUT                 ;
;   3.839 ;   0.000  ; RR ; IC   ; 1      ; FF_X70_Y11_N56                        ; state_array[3][4][20]|clk ;
;   4.510 ;   0.671  ; RR ; CELL ; 1      ; FF_X70_Y11_N56                        ; state_array[3][4][20]     ;
;   4.382 ;   -0.128 ;    ;      ;        ;                                       ; clock pessimism removed   ;
; 4.382   ; 0.000    ;    ;      ;        ;                                       ; clock uncertainty         ;
; 4.382   ; 0.000    ;    ; uTh  ; 1      ; FF_X70_Y11_N56                        ; state_array[3][4][20]     ;
+---------+----------+----+------+--------+---------------------------------------+---------------------------+

----------------------------
; Extra Fitter Information ;
----------------------------
HTML report is unavailable in plain text report export.


Path #3: Hold slack is 0.466 
===============================================================================
+--------------------------------------------+
; Path Summary                               ;
+--------------------+-----------------------+
; Property           ; Value                 ;
+--------------------+-----------------------+
; From Node          ; state_array[3][2][56] ;
; To Node            ; state_array[3][2][56] ;
; Launch Clock       ; clk                   ;
; Latch Clock        ; clk                   ;
; Data Arrival Time  ; 4.860                 ;
; Data Required Time ; 4.394                 ;
; Slack              ; 0.466                 ;
+--------------------+-----------------------+

+-----------------------------------------------------------------------------------+
; Statistics                                                                        ;
+------------------------+-------+-------+-------------+------------+-------+-------+
; Property               ; Value ; Count ; Total Delay ; % of Total ; Min   ; Max   ;
+------------------------+-------+-------+-------------+------------+-------+-------+
; Hold Relationship      ; 0.000 ;       ;             ;            ;       ;       ;
; Clock Skew             ; 0.126 ;       ;             ;            ;       ;       ;
; Data Delay             ; 0.592 ;       ;             ;            ;       ;       ;
; Number of Logic Levels ;       ; 1     ;             ;            ;       ;       ;
; Physical Delays        ;       ;       ;             ;            ;       ;       ;
;  Arrival Path          ;       ;       ;             ;            ;       ;       ;
;   Clock                ;       ;       ;             ;            ;       ;       ;
;    IC                  ;       ; 3     ; 0.000       ; 0          ; 0.000 ; 0.000 ;
;    Cell                ;       ; 3     ; 1.773       ; 42         ; 0.470 ; 0.739 ;
;    Routing Element     ;       ; 26    ; 2.495       ; 58         ; 0.000 ; 0.786 ;
;   Data                 ;       ;       ;             ;            ;       ;       ;
;    IC                  ;       ; 2     ; 0.001       ; 0          ; 0.000 ; 0.001 ;
;    Cell                ;       ; 3     ; 0.303       ; 51         ; 0.000 ; 0.221 ;
;    uTco                ;       ; 1     ; 0.000       ; 0          ; 0.000 ; 0.000 ;
;    Routing Element     ;       ; 4     ; 0.288       ; 49         ; 0.000 ; 0.136 ;
;  Required Path         ;       ;       ;             ;            ;       ;       ;
;   Clock                ;       ;       ;             ;            ;       ;       ;
;    IC                  ;       ; 3     ; 0.000       ; 0          ; 0.000 ; 0.000 ;
;    Cell                ;       ; 3     ; 1.901       ; 42         ; 0.507 ; 0.739 ;
;    Routing Element     ;       ; 26    ; 2.620       ; 58         ; 0.000 ; 0.830 ;
+------------------------+-------+-------+-------------+------------+-------+-------+
Note: Negative delays are omitted from totals when calculating percentages

+------------------------------------------------------------------------------------------------------------+
; Data Arrival Path                                                                                          ;
+---------+---------+----+------+--------+---------------------------------------+---------------------------+
; Total   ; Incr    ; RF ; Type ; Fanout ; Location                              ; Element                   ;
+---------+---------+----+------+--------+---------------------------------------+---------------------------+
; 0.000   ; 0.000   ;    ;      ;        ;                                       ; launch edge time          ;
; 4.268   ; 4.268   ;    ;      ;        ;                                       ; clock path                ;
;   0.000 ;   0.000 ;    ;      ;        ;                                       ; source latency            ;
;   0.000 ;   0.000 ;    ;      ; 1      ; PIN_M16                               ; clk                       ;
;   0.000 ;   0.000 ;    ; RE   ; 1      ; IOPAD_X89_Y35_N60                     ; ARRIAV_IO_PAD             ;
;   0.000 ;   0.000 ;    ; RE   ; 1      ; IO_PAD_OUTPUT_X89_Y35_N60_I1          ; IO_PAD_OUTPUT             ;
;   0.000 ;   0.000 ;    ; RE   ; 1      ; IO_INPUT_BUFFER_INPUT_X89_Y35_N61_I0  ; IO_INPUT_BUFFER_INPUT     ;
;   0.000 ;   0.000 ; RR ; IC   ; 1      ; IOIBUF_X89_Y35_N61                    ; clk~input|i               ;
;   0.739 ;   0.739 ; RR ; CELL ; 1      ; IOIBUF_X89_Y35_N61                    ; clk~input|o               ;
;   0.739 ;   0.000 ;    ; RE   ; 1      ; IOIBUF_X89_Y35_N61                    ; ARRIAV_IO_IBUF            ;
;   0.739 ;   0.000 ;    ; RE   ; 1      ; IO_INPUT_BUFFER_OUTPUT_X89_Y35_N61_I2 ; IO_INPUT_BUFFER_OUTPUT    ;
;   0.739 ;   0.000 ;    ; RE   ; 1      ; IO_RE_X89_Y35_N60_I96                 ; IO_RE                     ;
;   0.827 ;   0.088 ;    ; RE   ; 1      ; IO_RE_X89_Y35_N60_I66                 ; IO_RE                     ;
;   1.102 ;   0.275 ;    ; RE   ; 1      ; CLKBUF_CLUSTER_RE_X89_Y39_N3_I421     ; CLKBUF_CLUSTER_RE         ;
;   1.102 ;   0.000 ;    ; RE   ; 1      ; CLKBUF_CLUSTER_RE_X89_Y39_N3_I772     ; CLKBUF_CLUSTER_RE         ;
;   1.102 ;   0.000 ;    ; RE   ; 1      ; CLKBUF_CLUSTER_RE_X89_Y39_N3_I557     ; CLKBUF_CLUSTER_RE         ;
;   1.102 ;   0.000 ;    ; RE   ; 1      ; GCLK_CLUSTER_RE_X89_Y39_N6_I10        ; GCLK_CLUSTER_RE           ;
;   1.102 ;   0.000 ;    ; RE   ; 1      ; CLKBUFBLOCK_INPUT_X89_Y39_N7_I0       ; CLKBUFBLOCK_INPUT         ;
;   1.102 ;   0.000 ; RR ; IC   ; 1      ; CLKCTRL_G9                            ; clk~inputCLKENA0|inclk    ;
;   1.572 ;   0.470 ; RR ; CELL ; 3357   ; CLKCTRL_G9                            ; clk~inputCLKENA0|outclk   ;
;   1.572 ;   0.000 ;    ; RE   ; 1      ; CLKCTRL_G9                            ; ARRIAV_CLKBUF             ;
;   1.572 ;   0.000 ;    ; RE   ; 1      ; CLKBUFBLOCK_OUTPUT_X89_Y39_N7_I2      ; CLKBUFBLOCK_OUTPUT        ;
;   1.572 ;   0.000 ;    ; RE   ; 1      ; GCLK_CLUSTER_RE_X89_Y39_N6_I12        ; GCLK_CLUSTER_RE           ;
;   1.572 ;   0.000 ;    ; RE   ; 1      ; CLKBUF_CLUSTER_RE_X89_Y39_N3_I416     ; CLKBUF_CLUSTER_RE         ;
;   2.358 ;   0.786 ;    ; RE   ; 4      ; GLOBAL_CLOCK_X0_Y36_N0_I9             ; GLOBAL_CLOCK              ;
;   2.504 ;   0.146 ;    ; RE   ; 14     ; SPINE_CLOCK_X55_Y0_N0_I22             ; SPINE_CLOCK               ;
;   2.910 ;   0.406 ;    ; RE   ; 1      ; SCLK_TO_ROWCLK_BUF_X55_Y13_N0_I133    ; SCLK_TO_ROWCLK_BUF        ;
;   3.001 ;   0.091 ;    ; RE   ; 2      ; SCLK_TO_ROWCLK_BUF_X55_Y13_N0_I136    ; SCLK_TO_ROWCLK_BUF        ;
;   3.467 ;   0.466 ;    ; RE   ; 10     ; LAB_CLK_X56_Y13_N0_I5                 ; LAB_CLK                   ;
;   3.596 ;   0.129 ;    ; RE   ; 1      ; BLK_CLK_BUF_X65_Y13_N0_I5             ; BLK_CLK_BUF               ;
;   3.650 ;   0.054 ;    ; RE   ; 1      ; ROWCLKSEL_PREBUF_X65_Y13_N0_I5        ; ROWCLKSEL_PREBUF          ;
;   3.704 ;   0.054 ;    ; RE   ; 1      ; ROWCLKSEL_X65_Y13_N0_I0               ; ROWCLKSEL                 ;
;   3.704 ;   0.000 ;    ; RE   ; 1      ; GLOBAL_LOCAL_SEL_X65_Y13_N0_I0        ; GLOBAL_LOCAL_SEL          ;
;   3.704 ;   0.000 ;    ; RE   ; 3      ; LAB_INPUT_X65_Y13_N0_I0               ; LAB_INPUT                 ;
;   3.704 ;   0.000 ; RR ; IC   ; 1      ; FF_X65_Y13_N56                        ; state_array[3][2][56]|clk ;
;   4.268 ;   0.564 ; RR ; CELL ; 1      ; FF_X65_Y13_N56                        ; state_array[3][2][56]     ;
; 4.860   ; 0.592   ;    ;      ;        ;                                       ; data path                 ;
;   4.268 ;   0.000 ;    ; uTco ; 1      ; FF_X65_Y13_N56                        ; state_array[3][2][56]     ;
;   4.268 ;   0.000 ; RR ; CELL ; 4      ; FF_X65_Y13_N56                        ; state_array[3][2][56]|q   ;
;   4.327 ;   0.059 ;    ; RE   ; 2      ; FF_X65_Y13_N56                        ; ARRIAV_FF                 ;
;   4.420 ;   0.093 ;    ; RE   ; 1      ; LOCAL_LINE_X65_Y13_N0_I18             ; LOCAL_LINE                ;
;   4.556 ;   0.136 ;    ; RE   ; 1      ; BLOCK_INPUT_MUX_X65_Y13_N0_I78        ; LEIM_INPUT                ;
;   4.557 ;   0.001 ; RR ; IC   ; 1      ; MLABCELL_X65_Y13_N54                  ; state_array~1425|datag    ;
;   4.778 ;   0.221 ; RR ; CELL ; 1      ; MLABCELL_X65_Y13_N54                  ; state_array~1425|combout  ;
;   4.778 ;   0.000 ;    ; RE   ; 1      ; MLABCELL_X65_Y13_N54                  ; ARRIAV_LCELL_COMB         ;
;   4.778 ;   0.000 ; RR ; IC   ; 1      ; FF_X65_Y13_N56                        ; state_array[3][2][56]|d   ;
;   4.860 ;   0.082 ; RR ; CELL ; 1      ; FF_X65_Y13_N56                        ; state_array[3][2][56]     ;
+---------+---------+----+------+--------+---------------------------------------+---------------------------+

+-------------------------------------------------------------------------------------------------------------+
; Data Required Path                                                                                          ;
+---------+----------+----+------+--------+---------------------------------------+---------------------------+
; Total   ; Incr     ; RF ; Type ; Fanout ; Location                              ; Element                   ;
+---------+----------+----+------+--------+---------------------------------------+---------------------------+
; 0.000   ; 0.000    ;    ;      ;        ;                                       ; latch edge time           ;
; 4.394   ; 4.394    ;    ;      ;        ;                                       ; clock path                ;
;   0.000 ;   0.000  ;    ;      ;        ;                                       ; source latency            ;
;   0.000 ;   0.000  ;    ;      ; 1      ; PIN_M16                               ; clk                       ;
;   0.000 ;   0.000  ;    ; RE   ; 1      ; IOPAD_X89_Y35_N60                     ; ARRIAV_IO_PAD             ;
;   0.000 ;   0.000  ;    ; RE   ; 1      ; IO_PAD_OUTPUT_X89_Y35_N60_I1          ; IO_PAD_OUTPUT             ;
;   0.000 ;   0.000  ;    ; RE   ; 1      ; IO_INPUT_BUFFER_INPUT_X89_Y35_N61_I0  ; IO_INPUT_BUFFER_INPUT     ;
;   0.000 ;   0.000  ; RR ; IC   ; 1      ; IOIBUF_X89_Y35_N61                    ; clk~input|i               ;
;   0.739 ;   0.739  ; RR ; CELL ; 1      ; IOIBUF_X89_Y35_N61                    ; clk~input|o               ;
;   0.739 ;   0.000  ;    ; RE   ; 1      ; IOIBUF_X89_Y35_N61                    ; ARRIAV_IO_IBUF            ;
;   0.739 ;   0.000  ;    ; RE   ; 1      ; IO_INPUT_BUFFER_OUTPUT_X89_Y35_N61_I2 ; IO_INPUT_BUFFER_OUTPUT    ;
;   0.739 ;   0.000  ;    ; RE   ; 1      ; IO_RE_X89_Y35_N60_I96                 ; IO_RE                     ;
;   0.833 ;   0.094  ;    ; RE   ; 1      ; IO_RE_X89_Y35_N60_I66                 ; IO_RE                     ;
;   1.125 ;   0.292  ;    ; RE   ; 1      ; CLKBUF_CLUSTER_RE_X89_Y39_N3_I421     ; CLKBUF_CLUSTER_RE         ;
;   1.125 ;   0.000  ;    ; RE   ; 1      ; CLKBUF_CLUSTER_RE_X89_Y39_N3_I772     ; CLKBUF_CLUSTER_RE         ;
;   1.125 ;   0.000  ;    ; RE   ; 1      ; CLKBUF_CLUSTER_RE_X89_Y39_N3_I557     ; CLKBUF_CLUSTER_RE         ;
;   1.125 ;   0.000  ;    ; RE   ; 1      ; GCLK_CLUSTER_RE_X89_Y39_N6_I10        ; GCLK_CLUSTER_RE           ;
;   1.125 ;   0.000  ;    ; RE   ; 1      ; CLKBUFBLOCK_INPUT_X89_Y39_N7_I0       ; CLKBUFBLOCK_INPUT         ;
;   1.125 ;   0.000  ; RR ; IC   ; 1      ; CLKCTRL_G9                            ; clk~inputCLKENA0|inclk    ;
;   1.632 ;   0.507  ; RR ; CELL ; 3357   ; CLKCTRL_G9                            ; clk~inputCLKENA0|outclk   ;
;   1.632 ;   0.000  ;    ; RE   ; 1      ; CLKCTRL_G9                            ; ARRIAV_CLKBUF             ;
;   1.632 ;   0.000  ;    ; RE   ; 1      ; CLKBUFBLOCK_OUTPUT_X89_Y39_N7_I2      ; CLKBUFBLOCK_OUTPUT        ;
;   1.632 ;   0.000  ;    ; RE   ; 1      ; GCLK_CLUSTER_RE_X89_Y39_N6_I12        ; GCLK_CLUSTER_RE           ;
;   1.632 ;   0.000  ;    ; RE   ; 1      ; CLKBUF_CLUSTER_RE_X89_Y39_N3_I416     ; CLKBUF_CLUSTER_RE         ;
;   2.462 ;   0.830  ;    ; RE   ; 4      ; GLOBAL_CLOCK_X0_Y36_N0_I9             ; GLOBAL_CLOCK              ;
;   2.613 ;   0.151  ;    ; RE   ; 14     ; SPINE_CLOCK_X55_Y0_N0_I22             ; SPINE_CLOCK               ;
;   3.034 ;   0.421  ;    ; RE   ; 1      ; SCLK_TO_ROWCLK_BUF_X55_Y13_N0_I133    ; SCLK_TO_ROWCLK_BUF        ;
;   3.128 ;   0.094  ;    ; RE   ; 2      ; SCLK_TO_ROWCLK_BUF_X55_Y13_N0_I136    ; SCLK_TO_ROWCLK_BUF        ;
;   3.611 ;   0.483  ;    ; RE   ; 10     ; LAB_CLK_X56_Y13_N0_I5                 ; LAB_CLK                   ;
;   3.751 ;   0.140  ;    ; RE   ; 1      ; BLK_CLK_BUF_X65_Y13_N0_I5             ; BLK_CLK_BUF               ;
;   3.807 ;   0.056  ;    ; RE   ; 1      ; ROWCLKSEL_PREBUF_X65_Y13_N0_I5        ; ROWCLKSEL_PREBUF          ;
;   3.866 ;   0.059  ;    ; RE   ; 1      ; ROWCLKSEL_X65_Y13_N0_I0               ; ROWCLKSEL                 ;
;   3.866 ;   0.000  ;    ; RE   ; 1      ; GLOBAL_LOCAL_SEL_X65_Y13_N0_I0        ; GLOBAL_LOCAL_SEL          ;
;   3.866 ;   0.000  ;    ; RE   ; 3      ; LAB_INPUT_X65_Y13_N0_I0               ; LAB_INPUT                 ;
;   3.866 ;   0.000  ; RR ; IC   ; 1      ; FF_X65_Y13_N56                        ; state_array[3][2][56]|clk ;
;   4.521 ;   0.655  ; RR ; CELL ; 1      ; FF_X65_Y13_N56                        ; state_array[3][2][56]     ;
;   4.394 ;   -0.127 ;    ;      ;        ;                                       ; clock pessimism removed   ;
; 4.394   ; 0.000    ;    ;      ;        ;                                       ; clock uncertainty         ;
; 4.394   ; 0.000    ;    ; uTh  ; 1      ; FF_X65_Y13_N56                        ; state_array[3][2][56]     ;
+---------+----------+----+------+--------+---------------------------------------+---------------------------+

----------------------------
; Extra Fitter Information ;
----------------------------
HTML report is unavailable in plain text report export.


Path #4: Hold slack is 0.467 
===============================================================================
+--------------------------------------------+
; Path Summary                               ;
+--------------------+-----------------------+
; Property           ; Value                 ;
+--------------------+-----------------------+
; From Node          ; state_array[1][0][19] ;
; To Node            ; state_array[1][0][19] ;
; Launch Clock       ; clk                   ;
; Latch Clock        ; clk                   ;
; Data Arrival Time  ; 4.826                 ;
; Data Required Time ; 4.359                 ;
; Slack              ; 0.467                 ;
+--------------------+-----------------------+

+-----------------------------------------------------------------------------------+
; Statistics                                                                        ;
+------------------------+-------+-------+-------------+------------+-------+-------+
; Property               ; Value ; Count ; Total Delay ; % of Total ; Min   ; Max   ;
+------------------------+-------+-------+-------------+------------+-------+-------+
; Hold Relationship      ; 0.000 ;       ;             ;            ;       ;       ;
; Clock Skew             ; 0.125 ;       ;             ;            ;       ;       ;
; Data Delay             ; 0.592 ;       ;             ;            ;       ;       ;
; Number of Logic Levels ;       ; 1     ;             ;            ;       ;       ;
; Physical Delays        ;       ;       ;             ;            ;       ;       ;
;  Arrival Path          ;       ;       ;             ;            ;       ;       ;
;   Clock                ;       ;       ;             ;            ;       ;       ;
;    IC                  ;       ; 3     ; 0.001       ; 0          ; 0.000 ; 0.001 ;
;    Cell                ;       ; 3     ; 1.788       ; 42         ; 0.470 ; 0.739 ;
;    Routing Element     ;       ; 26    ; 2.445       ; 58         ; 0.000 ; 0.783 ;
;   Data                 ;       ;       ;             ;            ;       ;       ;
;    IC                  ;       ; 2     ; 0.000       ; 0          ; 0.000 ; 0.000 ;
;    Cell                ;       ; 3     ; 0.303       ; 51         ; 0.000 ; 0.221 ;
;    uTco                ;       ; 1     ; 0.000       ; 0          ; 0.000 ; 0.000 ;
;    Routing Element     ;       ; 4     ; 0.289       ; 49         ; 0.000 ; 0.138 ;
;  Required Path         ;       ;       ;             ;            ;       ;       ;
;   Clock                ;       ;       ;             ;            ;       ;       ;
;    IC                  ;       ; 3     ; 0.001       ; 0          ; 0.000 ; 0.001 ;
;    Cell                ;       ; 3     ; 1.917       ; 43         ; 0.507 ; 0.739 ;
;    Routing Element     ;       ; 26    ; 2.568       ; 57         ; 0.000 ; 0.828 ;
+------------------------+-------+-------+-------------+------------+-------+-------+
Note: Negative delays are omitted from totals when calculating percentages

+------------------------------------------------------------------------------------------------------------+
; Data Arrival Path                                                                                          ;
+---------+---------+----+------+--------+---------------------------------------+---------------------------+
; Total   ; Incr    ; RF ; Type ; Fanout ; Location                              ; Element                   ;
+---------+---------+----+------+--------+---------------------------------------+---------------------------+
; 0.000   ; 0.000   ;    ;      ;        ;                                       ; launch edge time          ;
; 4.234   ; 4.234   ;    ;      ;        ;                                       ; clock path                ;
;   0.000 ;   0.000 ;    ;      ;        ;                                       ; source latency            ;
;   0.000 ;   0.000 ;    ;      ; 1      ; PIN_M16                               ; clk                       ;
;   0.000 ;   0.000 ;    ; RE   ; 1      ; IOPAD_X89_Y35_N60                     ; ARRIAV_IO_PAD             ;
;   0.000 ;   0.000 ;    ; RE   ; 1      ; IO_PAD_OUTPUT_X89_Y35_N60_I1          ; IO_PAD_OUTPUT             ;
;   0.000 ;   0.000 ;    ; RE   ; 1      ; IO_INPUT_BUFFER_INPUT_X89_Y35_N61_I0  ; IO_INPUT_BUFFER_INPUT     ;
;   0.000 ;   0.000 ; RR ; IC   ; 1      ; IOIBUF_X89_Y35_N61                    ; clk~input|i               ;
;   0.739 ;   0.739 ; RR ; CELL ; 1      ; IOIBUF_X89_Y35_N61                    ; clk~input|o               ;
;   0.739 ;   0.000 ;    ; RE   ; 1      ; IOIBUF_X89_Y35_N61                    ; ARRIAV_IO_IBUF            ;
;   0.739 ;   0.000 ;    ; RE   ; 1      ; IO_INPUT_BUFFER_OUTPUT_X89_Y35_N61_I2 ; IO_INPUT_BUFFER_OUTPUT    ;
;   0.739 ;   0.000 ;    ; RE   ; 1      ; IO_RE_X89_Y35_N60_I96                 ; IO_RE                     ;
;   0.827 ;   0.088 ;    ; RE   ; 1      ; IO_RE_X89_Y35_N60_I66                 ; IO_RE                     ;
;   1.102 ;   0.275 ;    ; RE   ; 1      ; CLKBUF_CLUSTER_RE_X89_Y39_N3_I421     ; CLKBUF_CLUSTER_RE         ;
;   1.102 ;   0.000 ;    ; RE   ; 1      ; CLKBUF_CLUSTER_RE_X89_Y39_N3_I772     ; CLKBUF_CLUSTER_RE         ;
;   1.102 ;   0.000 ;    ; RE   ; 1      ; CLKBUF_CLUSTER_RE_X89_Y39_N3_I557     ; CLKBUF_CLUSTER_RE         ;
;   1.102 ;   0.000 ;    ; RE   ; 1      ; GCLK_CLUSTER_RE_X89_Y39_N6_I10        ; GCLK_CLUSTER_RE           ;
;   1.102 ;   0.000 ;    ; RE   ; 1      ; CLKBUFBLOCK_INPUT_X89_Y39_N7_I0       ; CLKBUFBLOCK_INPUT         ;
;   1.102 ;   0.000 ; RR ; IC   ; 1      ; CLKCTRL_G9                            ; clk~inputCLKENA0|inclk    ;
;   1.572 ;   0.470 ; RR ; CELL ; 3357   ; CLKCTRL_G9                            ; clk~inputCLKENA0|outclk   ;
;   1.572 ;   0.000 ;    ; RE   ; 1      ; CLKCTRL_G9                            ; ARRIAV_CLKBUF             ;
;   1.572 ;   0.000 ;    ; RE   ; 1      ; CLKBUFBLOCK_OUTPUT_X89_Y39_N7_I2      ; CLKBUFBLOCK_OUTPUT        ;
;   1.572 ;   0.000 ;    ; RE   ; 1      ; GCLK_CLUSTER_RE_X89_Y39_N6_I12        ; GCLK_CLUSTER_RE           ;
;   1.572 ;   0.000 ;    ; RE   ; 1      ; CLKBUF_CLUSTER_RE_X89_Y39_N3_I416     ; CLKBUF_CLUSTER_RE         ;
;   2.355 ;   0.783 ;    ; RE   ; 4      ; GLOBAL_CLOCK_X0_Y36_N0_I9             ; GLOBAL_CLOCK              ;
;   2.493 ;   0.138 ;    ; RE   ; 14     ; SPINE_CLOCK_X77_Y0_N0_I7              ; SPINE_CLOCK               ;
;   2.891 ;   0.398 ;    ; RE   ; 1      ; SCLK_TO_ROWCLK_BUF_X77_Y7_N0_I43      ; SCLK_TO_ROWCLK_BUF        ;
;   2.972 ;   0.081 ;    ; RE   ; 1      ; SCLK_TO_ROWCLK_BUF_X77_Y7_N0_I46      ; SCLK_TO_ROWCLK_BUF        ;
;   3.427 ;   0.455 ;    ; RE   ; 7      ; LAB_CLK_X67_Y7_N0_I5                  ; LAB_CLK                   ;
;   3.549 ;   0.122 ;    ; RE   ; 1      ; BLK_CLK_BUF_X70_Y7_N0_I5              ; BLK_CLK_BUF               ;
;   3.600 ;   0.051 ;    ; RE   ; 1      ; ROWCLKSEL_PREBUF_X70_Y7_N0_I5         ; ROWCLKSEL_PREBUF          ;
;   3.654 ;   0.054 ;    ; RE   ; 1      ; ROWCLKSEL_X70_Y7_N0_I0                ; ROWCLKSEL                 ;
;   3.654 ;   0.000 ;    ; RE   ; 2      ; GLOBAL_LOCAL_SEL_X70_Y7_N0_I0         ; GLOBAL_LOCAL_SEL          ;
;   3.654 ;   0.000 ;    ; RE   ; 6      ; LAB_INPUT_X70_Y7_N0_I0                ; LAB_INPUT                 ;
;   3.655 ;   0.001 ; RR ; IC   ; 1      ; FF_X70_Y7_N56                         ; state_array[1][0][19]|clk ;
;   4.234 ;   0.579 ; RR ; CELL ; 1      ; FF_X70_Y7_N56                         ; state_array[1][0][19]     ;
; 4.826   ; 0.592   ;    ;      ;        ;                                       ; data path                 ;
;   4.234 ;   0.000 ;    ; uTco ; 1      ; FF_X70_Y7_N56                         ; state_array[1][0][19]     ;
;   4.234 ;   0.000 ; RR ; CELL ; 4      ; FF_X70_Y7_N56                         ; state_array[1][0][19]|q   ;
;   4.293 ;   0.059 ;    ; RE   ; 2      ; FF_X70_Y7_N56                         ; ARRIAV_FF                 ;
;   4.385 ;   0.092 ;    ; RE   ; 1      ; LOCAL_LINE_X70_Y7_N0_I18              ; LOCAL_LINE                ;
;   4.523 ;   0.138 ;    ; RE   ; 1      ; BLOCK_INPUT_MUX_X70_Y7_N0_I78         ; LEIM_INPUT                ;
;   4.523 ;   0.000 ; RR ; IC   ; 1      ; LABCELL_X70_Y7_N54                    ; state_array~3381|datag    ;
;   4.744 ;   0.221 ; RR ; CELL ; 1      ; LABCELL_X70_Y7_N54                    ; state_array~3381|combout  ;
;   4.744 ;   0.000 ;    ; RE   ; 1      ; LABCELL_X70_Y7_N54                    ; ARRIAV_LCELL_COMB         ;
;   4.744 ;   0.000 ; RR ; IC   ; 1      ; FF_X70_Y7_N56                         ; state_array[1][0][19]|d   ;
;   4.826 ;   0.082 ; RR ; CELL ; 1      ; FF_X70_Y7_N56                         ; state_array[1][0][19]     ;
+---------+---------+----+------+--------+---------------------------------------+---------------------------+

+-------------------------------------------------------------------------------------------------------------+
; Data Required Path                                                                                          ;
+---------+----------+----+------+--------+---------------------------------------+---------------------------+
; Total   ; Incr     ; RF ; Type ; Fanout ; Location                              ; Element                   ;
+---------+----------+----+------+--------+---------------------------------------+---------------------------+
; 0.000   ; 0.000    ;    ;      ;        ;                                       ; latch edge time           ;
; 4.359   ; 4.359    ;    ;      ;        ;                                       ; clock path                ;
;   0.000 ;   0.000  ;    ;      ;        ;                                       ; source latency            ;
;   0.000 ;   0.000  ;    ;      ; 1      ; PIN_M16                               ; clk                       ;
;   0.000 ;   0.000  ;    ; RE   ; 1      ; IOPAD_X89_Y35_N60                     ; ARRIAV_IO_PAD             ;
;   0.000 ;   0.000  ;    ; RE   ; 1      ; IO_PAD_OUTPUT_X89_Y35_N60_I1          ; IO_PAD_OUTPUT             ;
;   0.000 ;   0.000  ;    ; RE   ; 1      ; IO_INPUT_BUFFER_INPUT_X89_Y35_N61_I0  ; IO_INPUT_BUFFER_INPUT     ;
;   0.000 ;   0.000  ; RR ; IC   ; 1      ; IOIBUF_X89_Y35_N61                    ; clk~input|i               ;
;   0.739 ;   0.739  ; RR ; CELL ; 1      ; IOIBUF_X89_Y35_N61                    ; clk~input|o               ;
;   0.739 ;   0.000  ;    ; RE   ; 1      ; IOIBUF_X89_Y35_N61                    ; ARRIAV_IO_IBUF            ;
;   0.739 ;   0.000  ;    ; RE   ; 1      ; IO_INPUT_BUFFER_OUTPUT_X89_Y35_N61_I2 ; IO_INPUT_BUFFER_OUTPUT    ;
;   0.739 ;   0.000  ;    ; RE   ; 1      ; IO_RE_X89_Y35_N60_I96                 ; IO_RE                     ;
;   0.833 ;   0.094  ;    ; RE   ; 1      ; IO_RE_X89_Y35_N60_I66                 ; IO_RE                     ;
;   1.125 ;   0.292  ;    ; RE   ; 1      ; CLKBUF_CLUSTER_RE_X89_Y39_N3_I421     ; CLKBUF_CLUSTER_RE         ;
;   1.125 ;   0.000  ;    ; RE   ; 1      ; CLKBUF_CLUSTER_RE_X89_Y39_N3_I772     ; CLKBUF_CLUSTER_RE         ;
;   1.125 ;   0.000  ;    ; RE   ; 1      ; CLKBUF_CLUSTER_RE_X89_Y39_N3_I557     ; CLKBUF_CLUSTER_RE         ;
;   1.125 ;   0.000  ;    ; RE   ; 1      ; GCLK_CLUSTER_RE_X89_Y39_N6_I10        ; GCLK_CLUSTER_RE           ;
;   1.125 ;   0.000  ;    ; RE   ; 1      ; CLKBUFBLOCK_INPUT_X89_Y39_N7_I0       ; CLKBUFBLOCK_INPUT         ;
;   1.125 ;   0.000  ; RR ; IC   ; 1      ; CLKCTRL_G9                            ; clk~inputCLKENA0|inclk    ;
;   1.632 ;   0.507  ; RR ; CELL ; 3357   ; CLKCTRL_G9                            ; clk~inputCLKENA0|outclk   ;
;   1.632 ;   0.000  ;    ; RE   ; 1      ; CLKCTRL_G9                            ; ARRIAV_CLKBUF             ;
;   1.632 ;   0.000  ;    ; RE   ; 1      ; CLKBUFBLOCK_OUTPUT_X89_Y39_N7_I2      ; CLKBUFBLOCK_OUTPUT        ;
;   1.632 ;   0.000  ;    ; RE   ; 1      ; GCLK_CLUSTER_RE_X89_Y39_N6_I12        ; GCLK_CLUSTER_RE           ;
;   1.632 ;   0.000  ;    ; RE   ; 1      ; CLKBUF_CLUSTER_RE_X89_Y39_N3_I416     ; CLKBUF_CLUSTER_RE         ;
;   2.460 ;   0.828  ;    ; RE   ; 4      ; GLOBAL_CLOCK_X0_Y36_N0_I9             ; GLOBAL_CLOCK              ;
;   2.603 ;   0.143  ;    ; RE   ; 14     ; SPINE_CLOCK_X77_Y0_N0_I7              ; SPINE_CLOCK               ;
;   3.015 ;   0.412  ;    ; RE   ; 1      ; SCLK_TO_ROWCLK_BUF_X77_Y7_N0_I43      ; SCLK_TO_ROWCLK_BUF        ;
;   3.099 ;   0.084  ;    ; RE   ; 1      ; SCLK_TO_ROWCLK_BUF_X77_Y7_N0_I46      ; SCLK_TO_ROWCLK_BUF        ;
;   3.570 ;   0.471  ;    ; RE   ; 7      ; LAB_CLK_X67_Y7_N0_I5                  ; LAB_CLK                   ;
;   3.702 ;   0.132  ;    ; RE   ; 1      ; BLK_CLK_BUF_X70_Y7_N0_I5              ; BLK_CLK_BUF               ;
;   3.755 ;   0.053  ;    ; RE   ; 1      ; ROWCLKSEL_PREBUF_X70_Y7_N0_I5         ; ROWCLKSEL_PREBUF          ;
;   3.814 ;   0.059  ;    ; RE   ; 1      ; ROWCLKSEL_X70_Y7_N0_I0                ; ROWCLKSEL                 ;
;   3.814 ;   0.000  ;    ; RE   ; 2      ; GLOBAL_LOCAL_SEL_X70_Y7_N0_I0         ; GLOBAL_LOCAL_SEL          ;
;   3.814 ;   0.000  ;    ; RE   ; 6      ; LAB_INPUT_X70_Y7_N0_I0                ; LAB_INPUT                 ;
;   3.815 ;   0.001  ; RR ; IC   ; 1      ; FF_X70_Y7_N56                         ; state_array[1][0][19]|clk ;
;   4.486 ;   0.671  ; RR ; CELL ; 1      ; FF_X70_Y7_N56                         ; state_array[1][0][19]     ;
;   4.359 ;   -0.127 ;    ;      ;        ;                                       ; clock pessimism removed   ;
; 4.359   ; 0.000    ;    ;      ;        ;                                       ; clock uncertainty         ;
; 4.359   ; 0.000    ;    ; uTh  ; 1      ; FF_X70_Y7_N56                         ; state_array[1][0][19]     ;
+---------+----------+----+------+--------+---------------------------------------+---------------------------+

----------------------------
; Extra Fitter Information ;
----------------------------
HTML report is unavailable in plain text report export.


Path #5: Hold slack is 0.469 
===============================================================================
+--------------------------------------------+
; Path Summary                               ;
+--------------------+-----------------------+
; Property           ; Value                 ;
+--------------------+-----------------------+
; From Node          ; state_array[3][1][52] ;
; To Node            ; state_array[3][1][52] ;
; Launch Clock       ; clk                   ;
; Latch Clock        ; clk                   ;
; Data Arrival Time  ; 4.881                 ;
; Data Required Time ; 4.412                 ;
; Slack              ; 0.469                 ;
+--------------------+-----------------------+

+-----------------------------------------------------------------------------------+
; Statistics                                                                        ;
+------------------------+-------+-------+-------------+------------+-------+-------+
; Property               ; Value ; Count ; Total Delay ; % of Total ; Min   ; Max   ;
+------------------------+-------+-------+-------------+------------+-------+-------+
; Hold Relationship      ; 0.000 ;       ;             ;            ;       ;       ;
; Clock Skew             ; 0.128 ;       ;             ;            ;       ;       ;
; Data Delay             ; 0.597 ;       ;             ;            ;       ;       ;
; Number of Logic Levels ;       ; 1     ;             ;            ;       ;       ;
; Physical Delays        ;       ;       ;             ;            ;       ;       ;
;  Arrival Path          ;       ;       ;             ;            ;       ;       ;
;   Clock                ;       ;       ;             ;            ;       ;       ;
;    IC                  ;       ; 3     ; 0.000       ; 0          ; 0.000 ; 0.000 ;
;    Cell                ;       ; 3     ; 1.788       ; 42         ; 0.470 ; 0.739 ;
;    Routing Element     ;       ; 26    ; 2.496       ; 58         ; 0.000 ; 0.786 ;
;   Data                 ;       ;       ;             ;            ;       ;       ;
;    IC                  ;       ; 2     ; 0.000       ; 0          ; 0.000 ; 0.000 ;
;    Cell                ;       ; 3     ; 0.303       ; 51         ; 0.000 ; 0.221 ;
;    uTco                ;       ; 1     ; 0.000       ; 0          ; 0.000 ; 0.000 ;
;    Routing Element     ;       ; 4     ; 0.294       ; 49         ; 0.000 ; 0.138 ;
;  Required Path         ;       ;       ;             ;            ;       ;       ;
;   Clock                ;       ;       ;             ;            ;       ;       ;
;    IC                  ;       ; 3     ; 0.001       ; 0          ; 0.000 ; 0.001 ;
;    Cell                ;       ; 3     ; 1.917       ; 42         ; 0.507 ; 0.739 ;
;    Routing Element     ;       ; 26    ; 2.620       ; 58         ; 0.000 ; 0.830 ;
+------------------------+-------+-------+-------------+------------+-------+-------+
Note: Negative delays are omitted from totals when calculating percentages

+------------------------------------------------------------------------------------------------------------+
; Data Arrival Path                                                                                          ;
+---------+---------+----+------+--------+---------------------------------------+---------------------------+
; Total   ; Incr    ; RF ; Type ; Fanout ; Location                              ; Element                   ;
+---------+---------+----+------+--------+---------------------------------------+---------------------------+
; 0.000   ; 0.000   ;    ;      ;        ;                                       ; launch edge time          ;
; 4.284   ; 4.284   ;    ;      ;        ;                                       ; clock path                ;
;   0.000 ;   0.000 ;    ;      ;        ;                                       ; source latency            ;
;   0.000 ;   0.000 ;    ;      ; 1      ; PIN_M16                               ; clk                       ;
;   0.000 ;   0.000 ;    ; RE   ; 1      ; IOPAD_X89_Y35_N60                     ; ARRIAV_IO_PAD             ;
;   0.000 ;   0.000 ;    ; RE   ; 1      ; IO_PAD_OUTPUT_X89_Y35_N60_I1          ; IO_PAD_OUTPUT             ;
;   0.000 ;   0.000 ;    ; RE   ; 1      ; IO_INPUT_BUFFER_INPUT_X89_Y35_N61_I0  ; IO_INPUT_BUFFER_INPUT     ;
;   0.000 ;   0.000 ; RR ; IC   ; 1      ; IOIBUF_X89_Y35_N61                    ; clk~input|i               ;
;   0.739 ;   0.739 ; RR ; CELL ; 1      ; IOIBUF_X89_Y35_N61                    ; clk~input|o               ;
;   0.739 ;   0.000 ;    ; RE   ; 1      ; IOIBUF_X89_Y35_N61                    ; ARRIAV_IO_IBUF            ;
;   0.739 ;   0.000 ;    ; RE   ; 1      ; IO_INPUT_BUFFER_OUTPUT_X89_Y35_N61_I2 ; IO_INPUT_BUFFER_OUTPUT    ;
;   0.739 ;   0.000 ;    ; RE   ; 1      ; IO_RE_X89_Y35_N60_I96                 ; IO_RE                     ;
;   0.827 ;   0.088 ;    ; RE   ; 1      ; IO_RE_X89_Y35_N60_I66                 ; IO_RE                     ;
;   1.102 ;   0.275 ;    ; RE   ; 1      ; CLKBUF_CLUSTER_RE_X89_Y39_N3_I421     ; CLKBUF_CLUSTER_RE         ;
;   1.102 ;   0.000 ;    ; RE   ; 1      ; CLKBUF_CLUSTER_RE_X89_Y39_N3_I772     ; CLKBUF_CLUSTER_RE         ;
;   1.102 ;   0.000 ;    ; RE   ; 1      ; CLKBUF_CLUSTER_RE_X89_Y39_N3_I557     ; CLKBUF_CLUSTER_RE         ;
;   1.102 ;   0.000 ;    ; RE   ; 1      ; GCLK_CLUSTER_RE_X89_Y39_N6_I10        ; GCLK_CLUSTER_RE           ;
;   1.102 ;   0.000 ;    ; RE   ; 1      ; CLKBUFBLOCK_INPUT_X89_Y39_N7_I0       ; CLKBUFBLOCK_INPUT         ;
;   1.102 ;   0.000 ; RR ; IC   ; 1      ; CLKCTRL_G9                            ; clk~inputCLKENA0|inclk    ;
;   1.572 ;   0.470 ; RR ; CELL ; 3357   ; CLKCTRL_G9                            ; clk~inputCLKENA0|outclk   ;
;   1.572 ;   0.000 ;    ; RE   ; 1      ; CLKCTRL_G9                            ; ARRIAV_CLKBUF             ;
;   1.572 ;   0.000 ;    ; RE   ; 1      ; CLKBUFBLOCK_OUTPUT_X89_Y39_N7_I2      ; CLKBUFBLOCK_OUTPUT        ;
;   1.572 ;   0.000 ;    ; RE   ; 1      ; GCLK_CLUSTER_RE_X89_Y39_N6_I12        ; GCLK_CLUSTER_RE           ;
;   1.572 ;   0.000 ;    ; RE   ; 1      ; CLKBUF_CLUSTER_RE_X89_Y39_N3_I416     ; CLKBUF_CLUSTER_RE         ;
;   2.358 ;   0.786 ;    ; RE   ; 4      ; GLOBAL_CLOCK_X0_Y36_N0_I9             ; GLOBAL_CLOCK              ;
;   2.506 ;   0.148 ;    ; RE   ; 14     ; SPINE_CLOCK_X55_Y0_N0_I22             ; SPINE_CLOCK               ;
;   2.912 ;   0.406 ;    ; RE   ; 1      ; SCLK_TO_ROWCLK_BUF_X55_Y17_N0_I133    ; SCLK_TO_ROWCLK_BUF        ;
;   3.003 ;   0.091 ;    ; RE   ; 2      ; SCLK_TO_ROWCLK_BUF_X55_Y17_N0_I136    ; SCLK_TO_ROWCLK_BUF        ;
;   3.468 ;   0.465 ;    ; RE   ; 10     ; LAB_CLK_X56_Y17_N0_I5                 ; LAB_CLK                   ;
;   3.597 ;   0.129 ;    ; RE   ; 1      ; BLK_CLK_BUF_X60_Y17_N0_I5             ; BLK_CLK_BUF               ;
;   3.651 ;   0.054 ;    ; RE   ; 1      ; ROWCLKSEL_PREBUF_X60_Y17_N0_I5        ; ROWCLKSEL_PREBUF          ;
;   3.705 ;   0.054 ;    ; RE   ; 1      ; ROWCLKSEL_X60_Y17_N0_I0               ; ROWCLKSEL                 ;
;   3.705 ;   0.000 ;    ; RE   ; 2      ; GLOBAL_LOCAL_SEL_X60_Y17_N0_I0        ; GLOBAL_LOCAL_SEL          ;
;   3.705 ;   0.000 ;    ; RE   ; 5      ; LAB_INPUT_X60_Y17_N0_I0               ; LAB_INPUT                 ;
;   3.705 ;   0.000 ; RR ; IC   ; 1      ; FF_X60_Y17_N56                        ; state_array[3][1][52]|clk ;
;   4.284 ;   0.579 ; RR ; CELL ; 1      ; FF_X60_Y17_N56                        ; state_array[3][1][52]     ;
; 4.881   ; 0.597   ;    ;      ;        ;                                       ; data path                 ;
;   4.284 ;   0.000 ;    ; uTco ; 1      ; FF_X60_Y17_N56                        ; state_array[3][1][52]     ;
;   4.284 ;   0.000 ; RR ; CELL ; 4      ; FF_X60_Y17_N56                        ; state_array[3][1][52]|q   ;
;   4.343 ;   0.059 ;    ; RE   ; 2      ; FF_X60_Y17_N56                        ; ARRIAV_FF                 ;
;   4.440 ;   0.097 ;    ; RE   ; 1      ; LOCAL_LINE_X60_Y17_N0_I18             ; LOCAL_LINE                ;
;   4.578 ;   0.138 ;    ; RE   ; 1      ; BLOCK_INPUT_MUX_X60_Y17_N0_I78        ; LEIM_INPUT                ;
;   4.578 ;   0.000 ; RR ; IC   ; 1      ; LABCELL_X60_Y17_N54                   ; state_array~1549|datag    ;
;   4.799 ;   0.221 ; RR ; CELL ; 1      ; LABCELL_X60_Y17_N54                   ; state_array~1549|combout  ;
;   4.799 ;   0.000 ;    ; RE   ; 1      ; LABCELL_X60_Y17_N54                   ; ARRIAV_LCELL_COMB         ;
;   4.799 ;   0.000 ; RR ; IC   ; 1      ; FF_X60_Y17_N56                        ; state_array[3][1][52]|d   ;
;   4.881 ;   0.082 ; RR ; CELL ; 1      ; FF_X60_Y17_N56                        ; state_array[3][1][52]     ;
+---------+---------+----+------+--------+---------------------------------------+---------------------------+

+-------------------------------------------------------------------------------------------------------------+
; Data Required Path                                                                                          ;
+---------+----------+----+------+--------+---------------------------------------+---------------------------+
; Total   ; Incr     ; RF ; Type ; Fanout ; Location                              ; Element                   ;
+---------+----------+----+------+--------+---------------------------------------+---------------------------+
; 0.000   ; 0.000    ;    ;      ;        ;                                       ; latch edge time           ;
; 4.412   ; 4.412    ;    ;      ;        ;                                       ; clock path                ;
;   0.000 ;   0.000  ;    ;      ;        ;                                       ; source latency            ;
;   0.000 ;   0.000  ;    ;      ; 1      ; PIN_M16                               ; clk                       ;
;   0.000 ;   0.000  ;    ; RE   ; 1      ; IOPAD_X89_Y35_N60                     ; ARRIAV_IO_PAD             ;
;   0.000 ;   0.000  ;    ; RE   ; 1      ; IO_PAD_OUTPUT_X89_Y35_N60_I1          ; IO_PAD_OUTPUT             ;
;   0.000 ;   0.000  ;    ; RE   ; 1      ; IO_INPUT_BUFFER_INPUT_X89_Y35_N61_I0  ; IO_INPUT_BUFFER_INPUT     ;
;   0.000 ;   0.000  ; RR ; IC   ; 1      ; IOIBUF_X89_Y35_N61                    ; clk~input|i               ;
;   0.739 ;   0.739  ; RR ; CELL ; 1      ; IOIBUF_X89_Y35_N61                    ; clk~input|o               ;
;   0.739 ;   0.000  ;    ; RE   ; 1      ; IOIBUF_X89_Y35_N61                    ; ARRIAV_IO_IBUF            ;
;   0.739 ;   0.000  ;    ; RE   ; 1      ; IO_INPUT_BUFFER_OUTPUT_X89_Y35_N61_I2 ; IO_INPUT_BUFFER_OUTPUT    ;
;   0.739 ;   0.000  ;    ; RE   ; 1      ; IO_RE_X89_Y35_N60_I96                 ; IO_RE                     ;
;   0.833 ;   0.094  ;    ; RE   ; 1      ; IO_RE_X89_Y35_N60_I66                 ; IO_RE                     ;
;   1.125 ;   0.292  ;    ; RE   ; 1      ; CLKBUF_CLUSTER_RE_X89_Y39_N3_I421     ; CLKBUF_CLUSTER_RE         ;
;   1.125 ;   0.000  ;    ; RE   ; 1      ; CLKBUF_CLUSTER_RE_X89_Y39_N3_I772     ; CLKBUF_CLUSTER_RE         ;
;   1.125 ;   0.000  ;    ; RE   ; 1      ; CLKBUF_CLUSTER_RE_X89_Y39_N3_I557     ; CLKBUF_CLUSTER_RE         ;
;   1.125 ;   0.000  ;    ; RE   ; 1      ; GCLK_CLUSTER_RE_X89_Y39_N6_I10        ; GCLK_CLUSTER_RE           ;
;   1.125 ;   0.000  ;    ; RE   ; 1      ; CLKBUFBLOCK_INPUT_X89_Y39_N7_I0       ; CLKBUFBLOCK_INPUT         ;
;   1.125 ;   0.000  ; RR ; IC   ; 1      ; CLKCTRL_G9                            ; clk~inputCLKENA0|inclk    ;
;   1.632 ;   0.507  ; RR ; CELL ; 3357   ; CLKCTRL_G9                            ; clk~inputCLKENA0|outclk   ;
;   1.632 ;   0.000  ;    ; RE   ; 1      ; CLKCTRL_G9                            ; ARRIAV_CLKBUF             ;
;   1.632 ;   0.000  ;    ; RE   ; 1      ; CLKBUFBLOCK_OUTPUT_X89_Y39_N7_I2      ; CLKBUFBLOCK_OUTPUT        ;
;   1.632 ;   0.000  ;    ; RE   ; 1      ; GCLK_CLUSTER_RE_X89_Y39_N6_I12        ; GCLK_CLUSTER_RE           ;
;   1.632 ;   0.000  ;    ; RE   ; 1      ; CLKBUF_CLUSTER_RE_X89_Y39_N3_I416     ; CLKBUF_CLUSTER_RE         ;
;   2.462 ;   0.830  ;    ; RE   ; 4      ; GLOBAL_CLOCK_X0_Y36_N0_I9             ; GLOBAL_CLOCK              ;
;   2.615 ;   0.153  ;    ; RE   ; 14     ; SPINE_CLOCK_X55_Y0_N0_I22             ; SPINE_CLOCK               ;
;   3.035 ;   0.420  ;    ; RE   ; 1      ; SCLK_TO_ROWCLK_BUF_X55_Y17_N0_I133    ; SCLK_TO_ROWCLK_BUF        ;
;   3.129 ;   0.094  ;    ; RE   ; 2      ; SCLK_TO_ROWCLK_BUF_X55_Y17_N0_I136    ; SCLK_TO_ROWCLK_BUF        ;
;   3.611 ;   0.482  ;    ; RE   ; 10     ; LAB_CLK_X56_Y17_N0_I5                 ; LAB_CLK                   ;
;   3.751 ;   0.140  ;    ; RE   ; 1      ; BLK_CLK_BUF_X60_Y17_N0_I5             ; BLK_CLK_BUF               ;
;   3.807 ;   0.056  ;    ; RE   ; 1      ; ROWCLKSEL_PREBUF_X60_Y17_N0_I5        ; ROWCLKSEL_PREBUF          ;
;   3.866 ;   0.059  ;    ; RE   ; 1      ; ROWCLKSEL_X60_Y17_N0_I0               ; ROWCLKSEL                 ;
;   3.866 ;   0.000  ;    ; RE   ; 2      ; GLOBAL_LOCAL_SEL_X60_Y17_N0_I0        ; GLOBAL_LOCAL_SEL          ;
;   3.866 ;   0.000  ;    ; RE   ; 5      ; LAB_INPUT_X60_Y17_N0_I0               ; LAB_INPUT                 ;
;   3.867 ;   0.001  ; RR ; IC   ; 1      ; FF_X60_Y17_N56                        ; state_array[3][1][52]|clk ;
;   4.538 ;   0.671  ; RR ; CELL ; 1      ; FF_X60_Y17_N56                        ; state_array[3][1][52]     ;
;   4.412 ;   -0.126 ;    ;      ;        ;                                       ; clock pessimism removed   ;
; 4.412   ; 0.000    ;    ;      ;        ;                                       ; clock uncertainty         ;
; 4.412   ; 0.000    ;    ; uTh  ; 1      ; FF_X60_Y17_N56                        ; state_array[3][1][52]     ;
+---------+----------+----+------+--------+---------------------------------------+---------------------------+

----------------------------
; Extra Fitter Information ;
----------------------------
HTML report is unavailable in plain text report export.


Path #6: Hold slack is 0.470 
===============================================================================
+--------------------------------------------+
; Path Summary                               ;
+--------------------+-----------------------+
; Property           ; Value                 ;
+--------------------+-----------------------+
; From Node          ; state_array[4][2][48] ;
; To Node            ; state_array[4][2][48] ;
; Launch Clock       ; clk                   ;
; Latch Clock        ; clk                   ;
; Data Arrival Time  ; 4.868                 ;
; Data Required Time ; 4.398                 ;
; Slack              ; 0.470                 ;
+--------------------+-----------------------+

+------------------------------------------------------------------------------------+
; Statistics                                                                         ;
+------------------------+-------+-------+-------------+------------+--------+-------+
; Property               ; Value ; Count ; Total Delay ; % of Total ; Min    ; Max   ;
+------------------------+-------+-------+-------------+------------+--------+-------+
; Hold Relationship      ; 0.000 ;       ;             ;            ;        ;       ;
; Clock Skew             ; 0.127 ;       ;             ;            ;        ;       ;
; Data Delay             ; 0.597 ;       ;             ;            ;        ;       ;
; Number of Logic Levels ;       ; 1     ;             ;            ;        ;       ;
; Physical Delays        ;       ;       ;             ;            ;        ;       ;
;  Arrival Path          ;       ;       ;             ;            ;        ;       ;
;   Clock                ;       ;       ;             ;            ;        ;       ;
;    IC                  ;       ; 3     ; -0.001      ; 0          ; -0.001 ; 0.000 ;
;    Cell                ;       ; 3     ; 1.788       ; 42         ; 0.470  ; 0.739 ;
;    Routing Element     ;       ; 26    ; 2.484       ; 58         ; 0.000  ; 0.783 ;
;   Data                 ;       ;       ;             ;            ;        ;       ;
;    IC                  ;       ; 2     ; 0.000       ; 0          ; 0.000  ; 0.000 ;
;    Cell                ;       ; 3     ; 0.303       ; 51         ; 0.000  ; 0.221 ;
;    uTco                ;       ; 1     ; 0.000       ; 0          ; 0.000  ; 0.000 ;
;    Routing Element     ;       ; 4     ; 0.294       ; 49         ; 0.000  ; 0.138 ;
;  Required Path         ;       ;       ;             ;            ;        ;       ;
;   Clock                ;       ;       ;             ;            ;        ;       ;
;    IC                  ;       ; 3     ; 0.001       ; 0          ; 0.000  ; 0.001 ;
;    Cell                ;       ; 3     ; 1.917       ; 42         ; 0.507  ; 0.739 ;
;    Routing Element     ;       ; 26    ; 2.607       ; 58         ; 0.000  ; 0.828 ;
+------------------------+-------+-------+-------------+------------+--------+-------+
Note: Negative delays are omitted from totals when calculating percentages

+-------------------------------------------------------------------------------------------------------------+
; Data Arrival Path                                                                                           ;
+---------+----------+----+------+--------+---------------------------------------+---------------------------+
; Total   ; Incr     ; RF ; Type ; Fanout ; Location                              ; Element                   ;
+---------+----------+----+------+--------+---------------------------------------+---------------------------+
; 0.000   ; 0.000    ;    ;      ;        ;                                       ; launch edge time          ;
; 4.271   ; 4.271    ;    ;      ;        ;                                       ; clock path                ;
;   0.000 ;   0.000  ;    ;      ;        ;                                       ; source latency            ;
;   0.000 ;   0.000  ;    ;      ; 1      ; PIN_M16                               ; clk                       ;
;   0.000 ;   0.000  ;    ; RE   ; 1      ; IOPAD_X89_Y35_N60                     ; ARRIAV_IO_PAD             ;
;   0.000 ;   0.000  ;    ; RE   ; 1      ; IO_PAD_OUTPUT_X89_Y35_N60_I1          ; IO_PAD_OUTPUT             ;
;   0.000 ;   0.000  ;    ; RE   ; 1      ; IO_INPUT_BUFFER_INPUT_X89_Y35_N61_I0  ; IO_INPUT_BUFFER_INPUT     ;
;   0.000 ;   0.000  ; RR ; IC   ; 1      ; IOIBUF_X89_Y35_N61                    ; clk~input|i               ;
;   0.739 ;   0.739  ; RR ; CELL ; 1      ; IOIBUF_X89_Y35_N61                    ; clk~input|o               ;
;   0.739 ;   0.000  ;    ; RE   ; 1      ; IOIBUF_X89_Y35_N61                    ; ARRIAV_IO_IBUF            ;
;   0.739 ;   0.000  ;    ; RE   ; 1      ; IO_INPUT_BUFFER_OUTPUT_X89_Y35_N61_I2 ; IO_INPUT_BUFFER_OUTPUT    ;
;   0.739 ;   0.000  ;    ; RE   ; 1      ; IO_RE_X89_Y35_N60_I96                 ; IO_RE                     ;
;   0.827 ;   0.088  ;    ; RE   ; 1      ; IO_RE_X89_Y35_N60_I66                 ; IO_RE                     ;
;   1.102 ;   0.275  ;    ; RE   ; 1      ; CLKBUF_CLUSTER_RE_X89_Y39_N3_I421     ; CLKBUF_CLUSTER_RE         ;
;   1.102 ;   0.000  ;    ; RE   ; 1      ; CLKBUF_CLUSTER_RE_X89_Y39_N3_I772     ; CLKBUF_CLUSTER_RE         ;
;   1.102 ;   0.000  ;    ; RE   ; 1      ; CLKBUF_CLUSTER_RE_X89_Y39_N3_I557     ; CLKBUF_CLUSTER_RE         ;
;   1.102 ;   0.000  ;    ; RE   ; 1      ; GCLK_CLUSTER_RE_X89_Y39_N6_I10        ; GCLK_CLUSTER_RE           ;
;   1.102 ;   0.000  ;    ; RE   ; 1      ; CLKBUFBLOCK_INPUT_X89_Y39_N7_I0       ; CLKBUFBLOCK_INPUT         ;
;   1.102 ;   0.000  ; RR ; IC   ; 1      ; CLKCTRL_G9                            ; clk~inputCLKENA0|inclk    ;
;   1.572 ;   0.470  ; RR ; CELL ; 3357   ; CLKCTRL_G9                            ; clk~inputCLKENA0|outclk   ;
;   1.572 ;   0.000  ;    ; RE   ; 1      ; CLKCTRL_G9                            ; ARRIAV_CLKBUF             ;
;   1.572 ;   0.000  ;    ; RE   ; 1      ; CLKBUFBLOCK_OUTPUT_X89_Y39_N7_I2      ; CLKBUFBLOCK_OUTPUT        ;
;   1.572 ;   0.000  ;    ; RE   ; 1      ; GCLK_CLUSTER_RE_X89_Y39_N6_I12        ; GCLK_CLUSTER_RE           ;
;   1.572 ;   0.000  ;    ; RE   ; 1      ; CLKBUF_CLUSTER_RE_X89_Y39_N3_I416     ; CLKBUF_CLUSTER_RE         ;
;   2.355 ;   0.783  ;    ; RE   ; 4      ; GLOBAL_CLOCK_X0_Y36_N0_I9             ; GLOBAL_CLOCK              ;
;   2.503 ;   0.148  ;    ; RE   ; 14     ; SPINE_CLOCK_X77_Y0_N0_I7              ; SPINE_CLOCK               ;
;   2.909 ;   0.406  ;    ; RE   ; 1      ; SCLK_TO_ROWCLK_BUF_X77_Y18_N0_I43     ; SCLK_TO_ROWCLK_BUF        ;
;   3.000 ;   0.091  ;    ; RE   ; 2      ; SCLK_TO_ROWCLK_BUF_X77_Y18_N0_I46     ; SCLK_TO_ROWCLK_BUF        ;
;   3.462 ;   0.462  ;    ; RE   ; 9      ; LAB_CLK_X67_Y18_N0_I5                 ; LAB_CLK                   ;
;   3.586 ;   0.124  ;    ; RE   ; 1      ; BLK_CLK_BUF_X67_Y18_N0_I5             ; BLK_CLK_BUF               ;
;   3.639 ;   0.053  ;    ; RE   ; 1      ; ROWCLKSEL_PREBUF_X67_Y18_N0_I5        ; ROWCLKSEL_PREBUF          ;
;   3.693 ;   0.054  ;    ; RE   ; 1      ; ROWCLKSEL_X67_Y18_N0_I0               ; ROWCLKSEL                 ;
;   3.693 ;   0.000  ;    ; RE   ; 2      ; GLOBAL_LOCAL_SEL_X67_Y18_N0_I0        ; GLOBAL_LOCAL_SEL          ;
;   3.693 ;   0.000  ;    ; RE   ; 6      ; LAB_INPUT_X67_Y18_N0_I0               ; LAB_INPUT                 ;
;   3.692 ;   -0.001 ; RR ; IC   ; 1      ; FF_X67_Y18_N56                        ; state_array[4][2][48]|clk ;
;   4.271 ;   0.579  ; RR ; CELL ; 1      ; FF_X67_Y18_N56                        ; state_array[4][2][48]     ;
; 4.868   ; 0.597    ;    ;      ;        ;                                       ; data path                 ;
;   4.271 ;   0.000  ;    ; uTco ; 1      ; FF_X67_Y18_N56                        ; state_array[4][2][48]     ;
;   4.271 ;   0.000  ; RR ; CELL ; 4      ; FF_X67_Y18_N56                        ; state_array[4][2][48]|q   ;
;   4.330 ;   0.059  ;    ; RE   ; 2      ; FF_X67_Y18_N56                        ; ARRIAV_FF                 ;
;   4.427 ;   0.097  ;    ; RE   ; 1      ; LOCAL_LINE_X67_Y18_N0_I18             ; LOCAL_LINE                ;
;   4.565 ;   0.138  ;    ; RE   ; 1      ; BLOCK_INPUT_MUX_X67_Y18_N0_I78        ; LEIM_INPUT                ;
;   4.565 ;   0.000  ; RR ; IC   ; 1      ; LABCELL_X67_Y18_N54                   ; state_array~1889|datag    ;
;   4.786 ;   0.221  ; RR ; CELL ; 1      ; LABCELL_X67_Y18_N54                   ; state_array~1889|combout  ;
;   4.786 ;   0.000  ;    ; RE   ; 1      ; LABCELL_X67_Y18_N54                   ; ARRIAV_LCELL_COMB         ;
;   4.786 ;   0.000  ; RR ; IC   ; 1      ; FF_X67_Y18_N56                        ; state_array[4][2][48]|d   ;
;   4.868 ;   0.082  ; RR ; CELL ; 1      ; FF_X67_Y18_N56                        ; state_array[4][2][48]     ;
+---------+----------+----+------+--------+---------------------------------------+---------------------------+

+-------------------------------------------------------------------------------------------------------------+
; Data Required Path                                                                                          ;
+---------+----------+----+------+--------+---------------------------------------+---------------------------+
; Total   ; Incr     ; RF ; Type ; Fanout ; Location                              ; Element                   ;
+---------+----------+----+------+--------+---------------------------------------+---------------------------+
; 0.000   ; 0.000    ;    ;      ;        ;                                       ; latch edge time           ;
; 4.398   ; 4.398    ;    ;      ;        ;                                       ; clock path                ;
;   0.000 ;   0.000  ;    ;      ;        ;                                       ; source latency            ;
;   0.000 ;   0.000  ;    ;      ; 1      ; PIN_M16                               ; clk                       ;
;   0.000 ;   0.000  ;    ; RE   ; 1      ; IOPAD_X89_Y35_N60                     ; ARRIAV_IO_PAD             ;
;   0.000 ;   0.000  ;    ; RE   ; 1      ; IO_PAD_OUTPUT_X89_Y35_N60_I1          ; IO_PAD_OUTPUT             ;
;   0.000 ;   0.000  ;    ; RE   ; 1      ; IO_INPUT_BUFFER_INPUT_X89_Y35_N61_I0  ; IO_INPUT_BUFFER_INPUT     ;
;   0.000 ;   0.000  ; RR ; IC   ; 1      ; IOIBUF_X89_Y35_N61                    ; clk~input|i               ;
;   0.739 ;   0.739  ; RR ; CELL ; 1      ; IOIBUF_X89_Y35_N61                    ; clk~input|o               ;
;   0.739 ;   0.000  ;    ; RE   ; 1      ; IOIBUF_X89_Y35_N61                    ; ARRIAV_IO_IBUF            ;
;   0.739 ;   0.000  ;    ; RE   ; 1      ; IO_INPUT_BUFFER_OUTPUT_X89_Y35_N61_I2 ; IO_INPUT_BUFFER_OUTPUT    ;
;   0.739 ;   0.000  ;    ; RE   ; 1      ; IO_RE_X89_Y35_N60_I96                 ; IO_RE                     ;
;   0.833 ;   0.094  ;    ; RE   ; 1      ; IO_RE_X89_Y35_N60_I66                 ; IO_RE                     ;
;   1.125 ;   0.292  ;    ; RE   ; 1      ; CLKBUF_CLUSTER_RE_X89_Y39_N3_I421     ; CLKBUF_CLUSTER_RE         ;
;   1.125 ;   0.000  ;    ; RE   ; 1      ; CLKBUF_CLUSTER_RE_X89_Y39_N3_I772     ; CLKBUF_CLUSTER_RE         ;
;   1.125 ;   0.000  ;    ; RE   ; 1      ; CLKBUF_CLUSTER_RE_X89_Y39_N3_I557     ; CLKBUF_CLUSTER_RE         ;
;   1.125 ;   0.000  ;    ; RE   ; 1      ; GCLK_CLUSTER_RE_X89_Y39_N6_I10        ; GCLK_CLUSTER_RE           ;
;   1.125 ;   0.000  ;    ; RE   ; 1      ; CLKBUFBLOCK_INPUT_X89_Y39_N7_I0       ; CLKBUFBLOCK_INPUT         ;
;   1.125 ;   0.000  ; RR ; IC   ; 1      ; CLKCTRL_G9                            ; clk~inputCLKENA0|inclk    ;
;   1.632 ;   0.507  ; RR ; CELL ; 3357   ; CLKCTRL_G9                            ; clk~inputCLKENA0|outclk   ;
;   1.632 ;   0.000  ;    ; RE   ; 1      ; CLKCTRL_G9                            ; ARRIAV_CLKBUF             ;
;   1.632 ;   0.000  ;    ; RE   ; 1      ; CLKBUFBLOCK_OUTPUT_X89_Y39_N7_I2      ; CLKBUFBLOCK_OUTPUT        ;
;   1.632 ;   0.000  ;    ; RE   ; 1      ; GCLK_CLUSTER_RE_X89_Y39_N6_I12        ; GCLK_CLUSTER_RE           ;
;   1.632 ;   0.000  ;    ; RE   ; 1      ; CLKBUF_CLUSTER_RE_X89_Y39_N3_I416     ; CLKBUF_CLUSTER_RE         ;
;   2.460 ;   0.828  ;    ; RE   ; 4      ; GLOBAL_CLOCK_X0_Y36_N0_I9             ; GLOBAL_CLOCK              ;
;   2.613 ;   0.153  ;    ; RE   ; 14     ; SPINE_CLOCK_X77_Y0_N0_I7              ; SPINE_CLOCK               ;
;   3.033 ;   0.420  ;    ; RE   ; 1      ; SCLK_TO_ROWCLK_BUF_X77_Y18_N0_I43     ; SCLK_TO_ROWCLK_BUF        ;
;   3.127 ;   0.094  ;    ; RE   ; 2      ; SCLK_TO_ROWCLK_BUF_X77_Y18_N0_I46     ; SCLK_TO_ROWCLK_BUF        ;
;   3.605 ;   0.478  ;    ; RE   ; 9      ; LAB_CLK_X67_Y18_N0_I5                 ; LAB_CLK                   ;
;   3.739 ;   0.134  ;    ; RE   ; 1      ; BLK_CLK_BUF_X67_Y18_N0_I5             ; BLK_CLK_BUF               ;
;   3.794 ;   0.055  ;    ; RE   ; 1      ; ROWCLKSEL_PREBUF_X67_Y18_N0_I5        ; ROWCLKSEL_PREBUF          ;
;   3.853 ;   0.059  ;    ; RE   ; 1      ; ROWCLKSEL_X67_Y18_N0_I0               ; ROWCLKSEL                 ;
;   3.853 ;   0.000  ;    ; RE   ; 2      ; GLOBAL_LOCAL_SEL_X67_Y18_N0_I0        ; GLOBAL_LOCAL_SEL          ;
;   3.853 ;   0.000  ;    ; RE   ; 6      ; LAB_INPUT_X67_Y18_N0_I0               ; LAB_INPUT                 ;
;   3.854 ;   0.001  ; RR ; IC   ; 1      ; FF_X67_Y18_N56                        ; state_array[4][2][48]|clk ;
;   4.525 ;   0.671  ; RR ; CELL ; 1      ; FF_X67_Y18_N56                        ; state_array[4][2][48]     ;
;   4.398 ;   -0.127 ;    ;      ;        ;                                       ; clock pessimism removed   ;
; 4.398   ; 0.000    ;    ;      ;        ;                                       ; clock uncertainty         ;
; 4.398   ; 0.000    ;    ; uTh  ; 1      ; FF_X67_Y18_N56                        ; state_array[4][2][48]     ;
+---------+----------+----+------+--------+---------------------------------------+---------------------------+

----------------------------
; Extra Fitter Information ;
----------------------------
HTML report is unavailable in plain text report export.


Path #7: Hold slack is 0.470 
===============================================================================
+--------------------------------------------+
; Path Summary                               ;
+--------------------+-----------------------+
; Property           ; Value                 ;
+--------------------+-----------------------+
; From Node          ; state_array[1][4][43] ;
; To Node            ; state_array[1][4][43] ;
; Launch Clock       ; clk                   ;
; Latch Clock        ; clk                   ;
; Data Arrival Time  ; 4.868                 ;
; Data Required Time ; 4.398                 ;
; Slack              ; 0.470                 ;
+--------------------+-----------------------+

+-----------------------------------------------------------------------------------+
; Statistics                                                                        ;
+------------------------+-------+-------+-------------+------------+-------+-------+
; Property               ; Value ; Count ; Total Delay ; % of Total ; Min   ; Max   ;
+------------------------+-------+-------+-------------+------------+-------+-------+
; Hold Relationship      ; 0.000 ;       ;             ;            ;       ;       ;
; Clock Skew             ; 0.127 ;       ;             ;            ;       ;       ;
; Data Delay             ; 0.597 ;       ;             ;            ;       ;       ;
; Number of Logic Levels ;       ; 1     ;             ;            ;       ;       ;
; Physical Delays        ;       ;       ;             ;            ;       ;       ;
;  Arrival Path          ;       ;       ;             ;            ;       ;       ;
;   Clock                ;       ;       ;             ;            ;       ;       ;
;    IC                  ;       ; 3     ; 0.000       ; 0          ; 0.000 ; 0.000 ;
;    Cell                ;       ; 3     ; 1.788       ; 42         ; 0.470 ; 0.739 ;
;    Routing Element     ;       ; 26    ; 2.483       ; 58         ; 0.000 ; 0.783 ;
;   Data                 ;       ;       ;             ;            ;       ;       ;
;    IC                  ;       ; 2     ; 0.000       ; 0          ; 0.000 ; 0.000 ;
;    Cell                ;       ; 3     ; 0.303       ; 51         ; 0.000 ; 0.221 ;
;    uTco                ;       ; 1     ; 0.000       ; 0          ; 0.000 ; 0.000 ;
;    Routing Element     ;       ; 4     ; 0.294       ; 49         ; 0.000 ; 0.138 ;
;  Required Path         ;       ;       ;             ;            ;       ;       ;
;   Clock                ;       ;       ;             ;            ;       ;       ;
;    IC                  ;       ; 3     ; 0.001       ; 0          ; 0.000 ; 0.001 ;
;    Cell                ;       ; 3     ; 1.917       ; 42         ; 0.507 ; 0.739 ;
;    Routing Element     ;       ; 26    ; 2.607       ; 58         ; 0.000 ; 0.828 ;
+------------------------+-------+-------+-------------+------------+-------+-------+
Note: Negative delays are omitted from totals when calculating percentages

+------------------------------------------------------------------------------------------------------------+
; Data Arrival Path                                                                                          ;
+---------+---------+----+------+--------+---------------------------------------+---------------------------+
; Total   ; Incr    ; RF ; Type ; Fanout ; Location                              ; Element                   ;
+---------+---------+----+------+--------+---------------------------------------+---------------------------+
; 0.000   ; 0.000   ;    ;      ;        ;                                       ; launch edge time          ;
; 4.271   ; 4.271   ;    ;      ;        ;                                       ; clock path                ;
;   0.000 ;   0.000 ;    ;      ;        ;                                       ; source latency            ;
;   0.000 ;   0.000 ;    ;      ; 1      ; PIN_M16                               ; clk                       ;
;   0.000 ;   0.000 ;    ; RE   ; 1      ; IOPAD_X89_Y35_N60                     ; ARRIAV_IO_PAD             ;
;   0.000 ;   0.000 ;    ; RE   ; 1      ; IO_PAD_OUTPUT_X89_Y35_N60_I1          ; IO_PAD_OUTPUT             ;
;   0.000 ;   0.000 ;    ; RE   ; 1      ; IO_INPUT_BUFFER_INPUT_X89_Y35_N61_I0  ; IO_INPUT_BUFFER_INPUT     ;
;   0.000 ;   0.000 ; RR ; IC   ; 1      ; IOIBUF_X89_Y35_N61                    ; clk~input|i               ;
;   0.739 ;   0.739 ; RR ; CELL ; 1      ; IOIBUF_X89_Y35_N61                    ; clk~input|o               ;
;   0.739 ;   0.000 ;    ; RE   ; 1      ; IOIBUF_X89_Y35_N61                    ; ARRIAV_IO_IBUF            ;
;   0.739 ;   0.000 ;    ; RE   ; 1      ; IO_INPUT_BUFFER_OUTPUT_X89_Y35_N61_I2 ; IO_INPUT_BUFFER_OUTPUT    ;
;   0.739 ;   0.000 ;    ; RE   ; 1      ; IO_RE_X89_Y35_N60_I96                 ; IO_RE                     ;
;   0.827 ;   0.088 ;    ; RE   ; 1      ; IO_RE_X89_Y35_N60_I66                 ; IO_RE                     ;
;   1.102 ;   0.275 ;    ; RE   ; 1      ; CLKBUF_CLUSTER_RE_X89_Y39_N3_I421     ; CLKBUF_CLUSTER_RE         ;
;   1.102 ;   0.000 ;    ; RE   ; 1      ; CLKBUF_CLUSTER_RE_X89_Y39_N3_I772     ; CLKBUF_CLUSTER_RE         ;
;   1.102 ;   0.000 ;    ; RE   ; 1      ; CLKBUF_CLUSTER_RE_X89_Y39_N3_I557     ; CLKBUF_CLUSTER_RE         ;
;   1.102 ;   0.000 ;    ; RE   ; 1      ; GCLK_CLUSTER_RE_X89_Y39_N6_I10        ; GCLK_CLUSTER_RE           ;
;   1.102 ;   0.000 ;    ; RE   ; 1      ; CLKBUFBLOCK_INPUT_X89_Y39_N7_I0       ; CLKBUFBLOCK_INPUT         ;
;   1.102 ;   0.000 ; RR ; IC   ; 1      ; CLKCTRL_G9                            ; clk~inputCLKENA0|inclk    ;
;   1.572 ;   0.470 ; RR ; CELL ; 3357   ; CLKCTRL_G9                            ; clk~inputCLKENA0|outclk   ;
;   1.572 ;   0.000 ;    ; RE   ; 1      ; CLKCTRL_G9                            ; ARRIAV_CLKBUF             ;
;   1.572 ;   0.000 ;    ; RE   ; 1      ; CLKBUFBLOCK_OUTPUT_X89_Y39_N7_I2      ; CLKBUFBLOCK_OUTPUT        ;
;   1.572 ;   0.000 ;    ; RE   ; 1      ; GCLK_CLUSTER_RE_X89_Y39_N6_I12        ; GCLK_CLUSTER_RE           ;
;   1.572 ;   0.000 ;    ; RE   ; 1      ; CLKBUF_CLUSTER_RE_X89_Y39_N3_I416     ; CLKBUF_CLUSTER_RE         ;
;   2.355 ;   0.783 ;    ; RE   ; 4      ; GLOBAL_CLOCK_X0_Y36_N0_I9             ; GLOBAL_CLOCK              ;
;   2.502 ;   0.147 ;    ; RE   ; 14     ; SPINE_CLOCK_X77_Y0_N0_I7              ; SPINE_CLOCK               ;
;   2.908 ;   0.406 ;    ; RE   ; 1      ; SCLK_TO_ROWCLK_BUF_X77_Y15_N0_I43     ; SCLK_TO_ROWCLK_BUF        ;
;   2.999 ;   0.091 ;    ; RE   ; 2      ; SCLK_TO_ROWCLK_BUF_X77_Y15_N0_I46     ; SCLK_TO_ROWCLK_BUF        ;
;   3.460 ;   0.461 ;    ; RE   ; 9      ; LAB_CLK_X67_Y15_N0_I5                 ; LAB_CLK                   ;
;   3.584 ;   0.124 ;    ; RE   ; 1      ; BLK_CLK_BUF_X71_Y15_N0_I5             ; BLK_CLK_BUF               ;
;   3.637 ;   0.053 ;    ; RE   ; 1      ; ROWCLKSEL_PREBUF_X71_Y15_N0_I5        ; ROWCLKSEL_PREBUF          ;
;   3.692 ;   0.055 ;    ; RE   ; 1      ; ROWCLKSEL_X71_Y15_N0_I0               ; ROWCLKSEL                 ;
;   3.692 ;   0.000 ;    ; RE   ; 2      ; GLOBAL_LOCAL_SEL_X71_Y15_N0_I0        ; GLOBAL_LOCAL_SEL          ;
;   3.692 ;   0.000 ;    ; RE   ; 7      ; LAB_INPUT_X71_Y15_N0_I0               ; LAB_INPUT                 ;
;   3.692 ;   0.000 ; RR ; IC   ; 1      ; FF_X71_Y15_N56                        ; state_array[1][4][43]|clk ;
;   4.271 ;   0.579 ; RR ; CELL ; 1      ; FF_X71_Y15_N56                        ; state_array[1][4][43]     ;
; 4.868   ; 0.597   ;    ;      ;        ;                                       ; data path                 ;
;   4.271 ;   0.000 ;    ; uTco ; 1      ; FF_X71_Y15_N56                        ; state_array[1][4][43]     ;
;   4.271 ;   0.000 ; RR ; CELL ; 4      ; FF_X71_Y15_N56                        ; state_array[1][4][43]|q   ;
;   4.330 ;   0.059 ;    ; RE   ; 2      ; FF_X71_Y15_N56                        ; ARRIAV_FF                 ;
;   4.427 ;   0.097 ;    ; RE   ; 1      ; LOCAL_LINE_X71_Y15_N0_I18             ; LOCAL_LINE                ;
;   4.565 ;   0.138 ;    ; RE   ; 1      ; BLOCK_INPUT_MUX_X71_Y15_N0_I78        ; LEIM_INPUT                ;
;   4.565 ;   0.000 ; RR ; IC   ; 1      ; LABCELL_X71_Y15_N54                   ; state_array~2109|datag    ;
;   4.786 ;   0.221 ; RR ; CELL ; 1      ; LABCELL_X71_Y15_N54                   ; state_array~2109|combout  ;
;   4.786 ;   0.000 ;    ; RE   ; 1      ; LABCELL_X71_Y15_N54                   ; ARRIAV_LCELL_COMB         ;
;   4.786 ;   0.000 ; RR ; IC   ; 1      ; FF_X71_Y15_N56                        ; state_array[1][4][43]|d   ;
;   4.868 ;   0.082 ; RR ; CELL ; 1      ; FF_X71_Y15_N56                        ; state_array[1][4][43]     ;
+---------+---------+----+------+--------+---------------------------------------+---------------------------+

+-------------------------------------------------------------------------------------------------------------+
; Data Required Path                                                                                          ;
+---------+----------+----+------+--------+---------------------------------------+---------------------------+
; Total   ; Incr     ; RF ; Type ; Fanout ; Location                              ; Element                   ;
+---------+----------+----+------+--------+---------------------------------------+---------------------------+
; 0.000   ; 0.000    ;    ;      ;        ;                                       ; latch edge time           ;
; 4.398   ; 4.398    ;    ;      ;        ;                                       ; clock path                ;
;   0.000 ;   0.000  ;    ;      ;        ;                                       ; source latency            ;
;   0.000 ;   0.000  ;    ;      ; 1      ; PIN_M16                               ; clk                       ;
;   0.000 ;   0.000  ;    ; RE   ; 1      ; IOPAD_X89_Y35_N60                     ; ARRIAV_IO_PAD             ;
;   0.000 ;   0.000  ;    ; RE   ; 1      ; IO_PAD_OUTPUT_X89_Y35_N60_I1          ; IO_PAD_OUTPUT             ;
;   0.000 ;   0.000  ;    ; RE   ; 1      ; IO_INPUT_BUFFER_INPUT_X89_Y35_N61_I0  ; IO_INPUT_BUFFER_INPUT     ;
;   0.000 ;   0.000  ; RR ; IC   ; 1      ; IOIBUF_X89_Y35_N61                    ; clk~input|i               ;
;   0.739 ;   0.739  ; RR ; CELL ; 1      ; IOIBUF_X89_Y35_N61                    ; clk~input|o               ;
;   0.739 ;   0.000  ;    ; RE   ; 1      ; IOIBUF_X89_Y35_N61                    ; ARRIAV_IO_IBUF            ;
;   0.739 ;   0.000  ;    ; RE   ; 1      ; IO_INPUT_BUFFER_OUTPUT_X89_Y35_N61_I2 ; IO_INPUT_BUFFER_OUTPUT    ;
;   0.739 ;   0.000  ;    ; RE   ; 1      ; IO_RE_X89_Y35_N60_I96                 ; IO_RE                     ;
;   0.833 ;   0.094  ;    ; RE   ; 1      ; IO_RE_X89_Y35_N60_I66                 ; IO_RE                     ;
;   1.125 ;   0.292  ;    ; RE   ; 1      ; CLKBUF_CLUSTER_RE_X89_Y39_N3_I421     ; CLKBUF_CLUSTER_RE         ;
;   1.125 ;   0.000  ;    ; RE   ; 1      ; CLKBUF_CLUSTER_RE_X89_Y39_N3_I772     ; CLKBUF_CLUSTER_RE         ;
;   1.125 ;   0.000  ;    ; RE   ; 1      ; CLKBUF_CLUSTER_RE_X89_Y39_N3_I557     ; CLKBUF_CLUSTER_RE         ;
;   1.125 ;   0.000  ;    ; RE   ; 1      ; GCLK_CLUSTER_RE_X89_Y39_N6_I10        ; GCLK_CLUSTER_RE           ;
;   1.125 ;   0.000  ;    ; RE   ; 1      ; CLKBUFBLOCK_INPUT_X89_Y39_N7_I0       ; CLKBUFBLOCK_INPUT         ;
;   1.125 ;   0.000  ; RR ; IC   ; 1      ; CLKCTRL_G9                            ; clk~inputCLKENA0|inclk    ;
;   1.632 ;   0.507  ; RR ; CELL ; 3357   ; CLKCTRL_G9                            ; clk~inputCLKENA0|outclk   ;
;   1.632 ;   0.000  ;    ; RE   ; 1      ; CLKCTRL_G9                            ; ARRIAV_CLKBUF             ;
;   1.632 ;   0.000  ;    ; RE   ; 1      ; CLKBUFBLOCK_OUTPUT_X89_Y39_N7_I2      ; CLKBUFBLOCK_OUTPUT        ;
;   1.632 ;   0.000  ;    ; RE   ; 1      ; GCLK_CLUSTER_RE_X89_Y39_N6_I12        ; GCLK_CLUSTER_RE           ;
;   1.632 ;   0.000  ;    ; RE   ; 1      ; CLKBUF_CLUSTER_RE_X89_Y39_N3_I416     ; CLKBUF_CLUSTER_RE         ;
;   2.460 ;   0.828  ;    ; RE   ; 4      ; GLOBAL_CLOCK_X0_Y36_N0_I9             ; GLOBAL_CLOCK              ;
;   2.612 ;   0.152  ;    ; RE   ; 14     ; SPINE_CLOCK_X77_Y0_N0_I7              ; SPINE_CLOCK               ;
;   3.032 ;   0.420  ;    ; RE   ; 1      ; SCLK_TO_ROWCLK_BUF_X77_Y15_N0_I43     ; SCLK_TO_ROWCLK_BUF        ;
;   3.126 ;   0.094  ;    ; RE   ; 2      ; SCLK_TO_ROWCLK_BUF_X77_Y15_N0_I46     ; SCLK_TO_ROWCLK_BUF        ;
;   3.604 ;   0.478  ;    ; RE   ; 9      ; LAB_CLK_X67_Y15_N0_I5                 ; LAB_CLK                   ;
;   3.738 ;   0.134  ;    ; RE   ; 1      ; BLK_CLK_BUF_X71_Y15_N0_I5             ; BLK_CLK_BUF               ;
;   3.793 ;   0.055  ;    ; RE   ; 1      ; ROWCLKSEL_PREBUF_X71_Y15_N0_I5        ; ROWCLKSEL_PREBUF          ;
;   3.853 ;   0.060  ;    ; RE   ; 1      ; ROWCLKSEL_X71_Y15_N0_I0               ; ROWCLKSEL                 ;
;   3.853 ;   0.000  ;    ; RE   ; 2      ; GLOBAL_LOCAL_SEL_X71_Y15_N0_I0        ; GLOBAL_LOCAL_SEL          ;
;   3.853 ;   0.000  ;    ; RE   ; 7      ; LAB_INPUT_X71_Y15_N0_I0               ; LAB_INPUT                 ;
;   3.854 ;   0.001  ; RR ; IC   ; 1      ; FF_X71_Y15_N56                        ; state_array[1][4][43]|clk ;
;   4.525 ;   0.671  ; RR ; CELL ; 1      ; FF_X71_Y15_N56                        ; state_array[1][4][43]     ;
;   4.398 ;   -0.127 ;    ;      ;        ;                                       ; clock pessimism removed   ;
; 4.398   ; 0.000    ;    ;      ;        ;                                       ; clock uncertainty         ;
; 4.398   ; 0.000    ;    ; uTh  ; 1      ; FF_X71_Y15_N56                        ; state_array[1][4][43]     ;
+---------+----------+----+------+--------+---------------------------------------+---------------------------+

----------------------------
; Extra Fitter Information ;
----------------------------
HTML report is unavailable in plain text report export.


Path #8: Hold slack is 0.470 
===============================================================================
+-------------------------------------------+
; Path Summary                              ;
+--------------------+----------------------+
; Property           ; Value                ;
+--------------------+----------------------+
; From Node          ; state_array[3][0][2] ;
; To Node            ; state_array[3][0][2] ;
; Launch Clock       ; clk                  ;
; Latch Clock        ; clk                  ;
; Data Arrival Time  ; 4.866                ;
; Data Required Time ; 4.396                ;
; Slack              ; 0.470                ;
+--------------------+----------------------+

+-----------------------------------------------------------------------------------+
; Statistics                                                                        ;
+------------------------+-------+-------+-------------+------------+-------+-------+
; Property               ; Value ; Count ; Total Delay ; % of Total ; Min   ; Max   ;
+------------------------+-------+-------+-------------+------------+-------+-------+
; Hold Relationship      ; 0.000 ;       ;             ;            ;       ;       ;
; Clock Skew             ; 0.127 ;       ;             ;            ;       ;       ;
; Data Delay             ; 0.597 ;       ;             ;            ;       ;       ;
; Number of Logic Levels ;       ; 1     ;             ;            ;       ;       ;
; Physical Delays        ;       ;       ;             ;            ;       ;       ;
;  Arrival Path          ;       ;       ;             ;            ;       ;       ;
;   Clock                ;       ;       ;             ;            ;       ;       ;
;    IC                  ;       ; 3     ; 0.000       ; 0          ; 0.000 ; 0.000 ;
;    Cell                ;       ; 3     ; 1.788       ; 42         ; 0.470 ; 0.739 ;
;    Routing Element     ;       ; 26    ; 2.481       ; 58         ; 0.000 ; 0.783 ;
;   Data                 ;       ;       ;             ;            ;       ;       ;
;    IC                  ;       ; 2     ; 0.000       ; 0          ; 0.000 ; 0.000 ;
;    Cell                ;       ; 3     ; 0.303       ; 51         ; 0.000 ; 0.221 ;
;    uTco                ;       ; 1     ; 0.000       ; 0          ; 0.000 ; 0.000 ;
;    Routing Element     ;       ; 4     ; 0.294       ; 49         ; 0.000 ; 0.138 ;
;  Required Path         ;       ;       ;             ;            ;       ;       ;
;   Clock                ;       ;       ;             ;            ;       ;       ;
;    IC                  ;       ; 3     ; 0.000       ; 0          ; 0.000 ; 0.000 ;
;    Cell                ;       ; 3     ; 1.917       ; 42         ; 0.507 ; 0.739 ;
;    Routing Element     ;       ; 26    ; 2.606       ; 58         ; 0.000 ; 0.828 ;
+------------------------+-------+-------+-------------+------------+-------+-------+
Note: Negative delays are omitted from totals when calculating percentages

+-----------------------------------------------------------------------------------------------------------+
; Data Arrival Path                                                                                         ;
+---------+---------+----+------+--------+---------------------------------------+--------------------------+
; Total   ; Incr    ; RF ; Type ; Fanout ; Location                              ; Element                  ;
+---------+---------+----+------+--------+---------------------------------------+--------------------------+
; 0.000   ; 0.000   ;    ;      ;        ;                                       ; launch edge time         ;
; 4.269   ; 4.269   ;    ;      ;        ;                                       ; clock path               ;
;   0.000 ;   0.000 ;    ;      ;        ;                                       ; source latency           ;
;   0.000 ;   0.000 ;    ;      ; 1      ; PIN_M16                               ; clk                      ;
;   0.000 ;   0.000 ;    ; RE   ; 1      ; IOPAD_X89_Y35_N60                     ; ARRIAV_IO_PAD            ;
;   0.000 ;   0.000 ;    ; RE   ; 1      ; IO_PAD_OUTPUT_X89_Y35_N60_I1          ; IO_PAD_OUTPUT            ;
;   0.000 ;   0.000 ;    ; RE   ; 1      ; IO_INPUT_BUFFER_INPUT_X89_Y35_N61_I0  ; IO_INPUT_BUFFER_INPUT    ;
;   0.000 ;   0.000 ; RR ; IC   ; 1      ; IOIBUF_X89_Y35_N61                    ; clk~input|i              ;
;   0.739 ;   0.739 ; RR ; CELL ; 1      ; IOIBUF_X89_Y35_N61                    ; clk~input|o              ;
;   0.739 ;   0.000 ;    ; RE   ; 1      ; IOIBUF_X89_Y35_N61                    ; ARRIAV_IO_IBUF           ;
;   0.739 ;   0.000 ;    ; RE   ; 1      ; IO_INPUT_BUFFER_OUTPUT_X89_Y35_N61_I2 ; IO_INPUT_BUFFER_OUTPUT   ;
;   0.739 ;   0.000 ;    ; RE   ; 1      ; IO_RE_X89_Y35_N60_I96                 ; IO_RE                    ;
;   0.827 ;   0.088 ;    ; RE   ; 1      ; IO_RE_X89_Y35_N60_I66                 ; IO_RE                    ;
;   1.102 ;   0.275 ;    ; RE   ; 1      ; CLKBUF_CLUSTER_RE_X89_Y39_N3_I421     ; CLKBUF_CLUSTER_RE        ;
;   1.102 ;   0.000 ;    ; RE   ; 1      ; CLKBUF_CLUSTER_RE_X89_Y39_N3_I772     ; CLKBUF_CLUSTER_RE        ;
;   1.102 ;   0.000 ;    ; RE   ; 1      ; CLKBUF_CLUSTER_RE_X89_Y39_N3_I557     ; CLKBUF_CLUSTER_RE        ;
;   1.102 ;   0.000 ;    ; RE   ; 1      ; GCLK_CLUSTER_RE_X89_Y39_N6_I10        ; GCLK_CLUSTER_RE          ;
;   1.102 ;   0.000 ;    ; RE   ; 1      ; CLKBUFBLOCK_INPUT_X89_Y39_N7_I0       ; CLKBUFBLOCK_INPUT        ;
;   1.102 ;   0.000 ; RR ; IC   ; 1      ; CLKCTRL_G9                            ; clk~inputCLKENA0|inclk   ;
;   1.572 ;   0.470 ; RR ; CELL ; 3357   ; CLKCTRL_G9                            ; clk~inputCLKENA0|outclk  ;
;   1.572 ;   0.000 ;    ; RE   ; 1      ; CLKCTRL_G9                            ; ARRIAV_CLKBUF            ;
;   1.572 ;   0.000 ;    ; RE   ; 1      ; CLKBUFBLOCK_OUTPUT_X89_Y39_N7_I2      ; CLKBUFBLOCK_OUTPUT       ;
;   1.572 ;   0.000 ;    ; RE   ; 1      ; GCLK_CLUSTER_RE_X89_Y39_N6_I12        ; GCLK_CLUSTER_RE          ;
;   1.572 ;   0.000 ;    ; RE   ; 1      ; CLKBUF_CLUSTER_RE_X89_Y39_N3_I416     ; CLKBUF_CLUSTER_RE        ;
;   2.355 ;   0.783 ;    ; RE   ; 4      ; GLOBAL_CLOCK_X0_Y36_N0_I9             ; GLOBAL_CLOCK             ;
;   2.502 ;   0.147 ;    ; RE   ; 14     ; SPINE_CLOCK_X77_Y0_N0_I7              ; SPINE_CLOCK              ;
;   2.908 ;   0.406 ;    ; RE   ; 1      ; SCLK_TO_ROWCLK_BUF_X77_Y15_N0_I43     ; SCLK_TO_ROWCLK_BUF       ;
;   2.999 ;   0.091 ;    ; RE   ; 2      ; SCLK_TO_ROWCLK_BUF_X77_Y15_N0_I46     ; SCLK_TO_ROWCLK_BUF       ;
;   3.458 ;   0.459 ;    ; RE   ; 9      ; LAB_CLK_X67_Y15_N0_I5                 ; LAB_CLK                  ;
;   3.582 ;   0.124 ;    ; RE   ; 1      ; BLK_CLK_BUF_X74_Y15_N0_I5             ; BLK_CLK_BUF              ;
;   3.635 ;   0.053 ;    ; RE   ; 1      ; ROWCLKSEL_PREBUF_X74_Y15_N0_I5        ; ROWCLKSEL_PREBUF         ;
;   3.690 ;   0.055 ;    ; RE   ; 1      ; ROWCLKSEL_X74_Y15_N0_I0               ; ROWCLKSEL                ;
;   3.690 ;   0.000 ;    ; RE   ; 2      ; GLOBAL_LOCAL_SEL_X74_Y15_N0_I0        ; GLOBAL_LOCAL_SEL         ;
;   3.690 ;   0.000 ;    ; RE   ; 7      ; LAB_INPUT_X74_Y15_N0_I0               ; LAB_INPUT                ;
;   3.690 ;   0.000 ; RR ; IC   ; 1      ; FF_X74_Y15_N56                        ; state_array[3][0][2]|clk ;
;   4.269 ;   0.579 ; RR ; CELL ; 1      ; FF_X74_Y15_N56                        ; state_array[3][0][2]     ;
; 4.866   ; 0.597   ;    ;      ;        ;                                       ; data path                ;
;   4.269 ;   0.000 ;    ; uTco ; 1      ; FF_X74_Y15_N56                        ; state_array[3][0][2]     ;
;   4.269 ;   0.000 ; RR ; CELL ; 4      ; FF_X74_Y15_N56                        ; state_array[3][0][2]|q   ;
;   4.328 ;   0.059 ;    ; RE   ; 2      ; FF_X74_Y15_N56                        ; ARRIAV_FF                ;
;   4.425 ;   0.097 ;    ; RE   ; 1      ; LOCAL_LINE_X74_Y15_N0_I18             ; LOCAL_LINE               ;
;   4.563 ;   0.138 ;    ; RE   ; 1      ; BLOCK_INPUT_MUX_X74_Y15_N0_I78        ; LEIM_INPUT               ;
;   4.563 ;   0.000 ; RR ; IC   ; 1      ; LABCELL_X74_Y15_N54                   ; state_array~4329|datag   ;
;   4.784 ;   0.221 ; RR ; CELL ; 1      ; LABCELL_X74_Y15_N54                   ; state_array~4329|combout ;
;   4.784 ;   0.000 ;    ; RE   ; 1      ; LABCELL_X74_Y15_N54                   ; ARRIAV_LCELL_COMB        ;
;   4.784 ;   0.000 ; RR ; IC   ; 1      ; FF_X74_Y15_N56                        ; state_array[3][0][2]|d   ;
;   4.866 ;   0.082 ; RR ; CELL ; 1      ; FF_X74_Y15_N56                        ; state_array[3][0][2]     ;
+---------+---------+----+------+--------+---------------------------------------+--------------------------+

+------------------------------------------------------------------------------------------------------------+
; Data Required Path                                                                                         ;
+---------+----------+----+------+--------+---------------------------------------+--------------------------+
; Total   ; Incr     ; RF ; Type ; Fanout ; Location                              ; Element                  ;
+---------+----------+----+------+--------+---------------------------------------+--------------------------+
; 0.000   ; 0.000    ;    ;      ;        ;                                       ; latch edge time          ;
; 4.396   ; 4.396    ;    ;      ;        ;                                       ; clock path               ;
;   0.000 ;   0.000  ;    ;      ;        ;                                       ; source latency           ;
;   0.000 ;   0.000  ;    ;      ; 1      ; PIN_M16                               ; clk                      ;
;   0.000 ;   0.000  ;    ; RE   ; 1      ; IOPAD_X89_Y35_N60                     ; ARRIAV_IO_PAD            ;
;   0.000 ;   0.000  ;    ; RE   ; 1      ; IO_PAD_OUTPUT_X89_Y35_N60_I1          ; IO_PAD_OUTPUT            ;
;   0.000 ;   0.000  ;    ; RE   ; 1      ; IO_INPUT_BUFFER_INPUT_X89_Y35_N61_I0  ; IO_INPUT_BUFFER_INPUT    ;
;   0.000 ;   0.000  ; RR ; IC   ; 1      ; IOIBUF_X89_Y35_N61                    ; clk~input|i              ;
;   0.739 ;   0.739  ; RR ; CELL ; 1      ; IOIBUF_X89_Y35_N61                    ; clk~input|o              ;
;   0.739 ;   0.000  ;    ; RE   ; 1      ; IOIBUF_X89_Y35_N61                    ; ARRIAV_IO_IBUF           ;
;   0.739 ;   0.000  ;    ; RE   ; 1      ; IO_INPUT_BUFFER_OUTPUT_X89_Y35_N61_I2 ; IO_INPUT_BUFFER_OUTPUT   ;
;   0.739 ;   0.000  ;    ; RE   ; 1      ; IO_RE_X89_Y35_N60_I96                 ; IO_RE                    ;
;   0.833 ;   0.094  ;    ; RE   ; 1      ; IO_RE_X89_Y35_N60_I66                 ; IO_RE                    ;
;   1.125 ;   0.292  ;    ; RE   ; 1      ; CLKBUF_CLUSTER_RE_X89_Y39_N3_I421     ; CLKBUF_CLUSTER_RE        ;
;   1.125 ;   0.000  ;    ; RE   ; 1      ; CLKBUF_CLUSTER_RE_X89_Y39_N3_I772     ; CLKBUF_CLUSTER_RE        ;
;   1.125 ;   0.000  ;    ; RE   ; 1      ; CLKBUF_CLUSTER_RE_X89_Y39_N3_I557     ; CLKBUF_CLUSTER_RE        ;
;   1.125 ;   0.000  ;    ; RE   ; 1      ; GCLK_CLUSTER_RE_X89_Y39_N6_I10        ; GCLK_CLUSTER_RE          ;
;   1.125 ;   0.000  ;    ; RE   ; 1      ; CLKBUFBLOCK_INPUT_X89_Y39_N7_I0       ; CLKBUFBLOCK_INPUT        ;
;   1.125 ;   0.000  ; RR ; IC   ; 1      ; CLKCTRL_G9                            ; clk~inputCLKENA0|inclk   ;
;   1.632 ;   0.507  ; RR ; CELL ; 3357   ; CLKCTRL_G9                            ; clk~inputCLKENA0|outclk  ;
;   1.632 ;   0.000  ;    ; RE   ; 1      ; CLKCTRL_G9                            ; ARRIAV_CLKBUF            ;
;   1.632 ;   0.000  ;    ; RE   ; 1      ; CLKBUFBLOCK_OUTPUT_X89_Y39_N7_I2      ; CLKBUFBLOCK_OUTPUT       ;
;   1.632 ;   0.000  ;    ; RE   ; 1      ; GCLK_CLUSTER_RE_X89_Y39_N6_I12        ; GCLK_CLUSTER_RE          ;
;   1.632 ;   0.000  ;    ; RE   ; 1      ; CLKBUF_CLUSTER_RE_X89_Y39_N3_I416     ; CLKBUF_CLUSTER_RE        ;
;   2.460 ;   0.828  ;    ; RE   ; 4      ; GLOBAL_CLOCK_X0_Y36_N0_I9             ; GLOBAL_CLOCK             ;
;   2.612 ;   0.152  ;    ; RE   ; 14     ; SPINE_CLOCK_X77_Y0_N0_I7              ; SPINE_CLOCK              ;
;   3.032 ;   0.420  ;    ; RE   ; 1      ; SCLK_TO_ROWCLK_BUF_X77_Y15_N0_I43     ; SCLK_TO_ROWCLK_BUF       ;
;   3.126 ;   0.094  ;    ; RE   ; 2      ; SCLK_TO_ROWCLK_BUF_X77_Y15_N0_I46     ; SCLK_TO_ROWCLK_BUF       ;
;   3.602 ;   0.476  ;    ; RE   ; 9      ; LAB_CLK_X67_Y15_N0_I5                 ; LAB_CLK                  ;
;   3.737 ;   0.135  ;    ; RE   ; 1      ; BLK_CLK_BUF_X74_Y15_N0_I5             ; BLK_CLK_BUF              ;
;   3.792 ;   0.055  ;    ; RE   ; 1      ; ROWCLKSEL_PREBUF_X74_Y15_N0_I5        ; ROWCLKSEL_PREBUF         ;
;   3.852 ;   0.060  ;    ; RE   ; 1      ; ROWCLKSEL_X74_Y15_N0_I0               ; ROWCLKSEL                ;
;   3.852 ;   0.000  ;    ; RE   ; 2      ; GLOBAL_LOCAL_SEL_X74_Y15_N0_I0        ; GLOBAL_LOCAL_SEL         ;
;   3.852 ;   0.000  ;    ; RE   ; 7      ; LAB_INPUT_X74_Y15_N0_I0               ; LAB_INPUT                ;
;   3.852 ;   0.000  ; RR ; IC   ; 1      ; FF_X74_Y15_N56                        ; state_array[3][0][2]|clk ;
;   4.523 ;   0.671  ; RR ; CELL ; 1      ; FF_X74_Y15_N56                        ; state_array[3][0][2]     ;
;   4.396 ;   -0.127 ;    ;      ;        ;                                       ; clock pessimism removed  ;
; 4.396   ; 0.000    ;    ;      ;        ;                                       ; clock uncertainty        ;
; 4.396   ; 0.000    ;    ; uTh  ; 1      ; FF_X74_Y15_N56                        ; state_array[3][0][2]     ;
+---------+----------+----+------+--------+---------------------------------------+--------------------------+

----------------------------
; Extra Fitter Information ;
----------------------------
HTML report is unavailable in plain text report export.


Path #9: Hold slack is 0.470 
===============================================================================
+--------------------------------------------+
; Path Summary                               ;
+--------------------+-----------------------+
; Property           ; Value                 ;
+--------------------+-----------------------+
; From Node          ; state_array[0][3][32] ;
; To Node            ; state_array[0][3][32] ;
; Launch Clock       ; clk                   ;
; Latch Clock        ; clk                   ;
; Data Arrival Time  ; 4.865                 ;
; Data Required Time ; 4.395                 ;
; Slack              ; 0.470                 ;
+--------------------+-----------------------+

+------------------------------------------------------------------------------------+
; Statistics                                                                         ;
+------------------------+-------+-------+-------------+------------+--------+-------+
; Property               ; Value ; Count ; Total Delay ; % of Total ; Min    ; Max   ;
+------------------------+-------+-------+-------------+------------+--------+-------+
; Hold Relationship      ; 0.000 ;       ;             ;            ;        ;       ;
; Clock Skew             ; 0.125 ;       ;             ;            ;        ;       ;
; Data Delay             ; 0.595 ;       ;             ;            ;        ;       ;
; Number of Logic Levels ;       ; 1     ;             ;            ;        ;       ;
; Physical Delays        ;       ;       ;             ;            ;        ;       ;
;  Arrival Path          ;       ;       ;             ;            ;        ;       ;
;   Clock                ;       ;       ;             ;            ;        ;       ;
;    IC                  ;       ; 3     ; 0.000       ; 0          ; 0.000  ; 0.000 ;
;    Cell                ;       ; 3     ; 1.773       ; 42         ; 0.470  ; 0.739 ;
;    Routing Element     ;       ; 26    ; 2.497       ; 58         ; 0.000  ; 0.786 ;
;   Data                 ;       ;       ;             ;            ;        ;       ;
;    IC                  ;       ; 2     ; 0.000       ; 0          ; 0.000  ; 0.000 ;
;    Cell                ;       ; 3     ; 0.303       ; 51         ; 0.000  ; 0.221 ;
;    uTco                ;       ; 1     ; 0.000       ; 0          ; 0.000  ; 0.000 ;
;    Routing Element     ;       ; 4     ; 0.292       ; 49         ; 0.000  ; 0.140 ;
;  Required Path         ;       ;       ;             ;            ;        ;       ;
;   Clock                ;       ;       ;             ;            ;        ;       ;
;    IC                  ;       ; 3     ; -0.001      ; 0          ; -0.001 ; 0.000 ;
;    Cell                ;       ; 3     ; 1.901       ; 42         ; 0.507  ; 0.739 ;
;    Routing Element     ;       ; 26    ; 2.622       ; 58         ; 0.000  ; 0.830 ;
+------------------------+-------+-------+-------------+------------+--------+-------+
Note: Negative delays are omitted from totals when calculating percentages

+------------------------------------------------------------------------------------------------------------+
; Data Arrival Path                                                                                          ;
+---------+---------+----+------+--------+---------------------------------------+---------------------------+
; Total   ; Incr    ; RF ; Type ; Fanout ; Location                              ; Element                   ;
+---------+---------+----+------+--------+---------------------------------------+---------------------------+
; 0.000   ; 0.000   ;    ;      ;        ;                                       ; launch edge time          ;
; 4.270   ; 4.270   ;    ;      ;        ;                                       ; clock path                ;
;   0.000 ;   0.000 ;    ;      ;        ;                                       ; source latency            ;
;   0.000 ;   0.000 ;    ;      ; 1      ; PIN_M16                               ; clk                       ;
;   0.000 ;   0.000 ;    ; RE   ; 1      ; IOPAD_X89_Y35_N60                     ; ARRIAV_IO_PAD             ;
;   0.000 ;   0.000 ;    ; RE   ; 1      ; IO_PAD_OUTPUT_X89_Y35_N60_I1          ; IO_PAD_OUTPUT             ;
;   0.000 ;   0.000 ;    ; RE   ; 1      ; IO_INPUT_BUFFER_INPUT_X89_Y35_N61_I0  ; IO_INPUT_BUFFER_INPUT     ;
;   0.000 ;   0.000 ; RR ; IC   ; 1      ; IOIBUF_X89_Y35_N61                    ; clk~input|i               ;
;   0.739 ;   0.739 ; RR ; CELL ; 1      ; IOIBUF_X89_Y35_N61                    ; clk~input|o               ;
;   0.739 ;   0.000 ;    ; RE   ; 1      ; IOIBUF_X89_Y35_N61                    ; ARRIAV_IO_IBUF            ;
;   0.739 ;   0.000 ;    ; RE   ; 1      ; IO_INPUT_BUFFER_OUTPUT_X89_Y35_N61_I2 ; IO_INPUT_BUFFER_OUTPUT    ;
;   0.739 ;   0.000 ;    ; RE   ; 1      ; IO_RE_X89_Y35_N60_I96                 ; IO_RE                     ;
;   0.827 ;   0.088 ;    ; RE   ; 1      ; IO_RE_X89_Y35_N60_I66                 ; IO_RE                     ;
;   1.102 ;   0.275 ;    ; RE   ; 1      ; CLKBUF_CLUSTER_RE_X89_Y39_N3_I421     ; CLKBUF_CLUSTER_RE         ;
;   1.102 ;   0.000 ;    ; RE   ; 1      ; CLKBUF_CLUSTER_RE_X89_Y39_N3_I772     ; CLKBUF_CLUSTER_RE         ;
;   1.102 ;   0.000 ;    ; RE   ; 1      ; CLKBUF_CLUSTER_RE_X89_Y39_N3_I557     ; CLKBUF_CLUSTER_RE         ;
;   1.102 ;   0.000 ;    ; RE   ; 1      ; GCLK_CLUSTER_RE_X89_Y39_N6_I10        ; GCLK_CLUSTER_RE           ;
;   1.102 ;   0.000 ;    ; RE   ; 1      ; CLKBUFBLOCK_INPUT_X89_Y39_N7_I0       ; CLKBUFBLOCK_INPUT         ;
;   1.102 ;   0.000 ; RR ; IC   ; 1      ; CLKCTRL_G9                            ; clk~inputCLKENA0|inclk    ;
;   1.572 ;   0.470 ; RR ; CELL ; 3357   ; CLKCTRL_G9                            ; clk~inputCLKENA0|outclk   ;
;   1.572 ;   0.000 ;    ; RE   ; 1      ; CLKCTRL_G9                            ; ARRIAV_CLKBUF             ;
;   1.572 ;   0.000 ;    ; RE   ; 1      ; CLKBUFBLOCK_OUTPUT_X89_Y39_N7_I2      ; CLKBUFBLOCK_OUTPUT        ;
;   1.572 ;   0.000 ;    ; RE   ; 1      ; GCLK_CLUSTER_RE_X89_Y39_N6_I12        ; GCLK_CLUSTER_RE           ;
;   1.572 ;   0.000 ;    ; RE   ; 1      ; CLKBUF_CLUSTER_RE_X89_Y39_N3_I416     ; CLKBUF_CLUSTER_RE         ;
;   2.358 ;   0.786 ;    ; RE   ; 4      ; GLOBAL_CLOCK_X0_Y36_N0_I9             ; GLOBAL_CLOCK              ;
;   2.505 ;   0.147 ;    ; RE   ; 14     ; SPINE_CLOCK_X55_Y0_N0_I22             ; SPINE_CLOCK               ;
;   2.911 ;   0.406 ;    ; RE   ; 1      ; SCLK_TO_ROWCLK_BUF_X55_Y14_N0_I133    ; SCLK_TO_ROWCLK_BUF        ;
;   3.002 ;   0.091 ;    ; RE   ; 2      ; SCLK_TO_ROWCLK_BUF_X55_Y14_N0_I136    ; SCLK_TO_ROWCLK_BUF        ;
;   3.469 ;   0.467 ;    ; RE   ; 9      ; LAB_CLK_X56_Y14_N0_I5                 ; LAB_CLK                   ;
;   3.598 ;   0.129 ;    ; RE   ; 1      ; BLK_CLK_BUF_X61_Y14_N0_I5             ; BLK_CLK_BUF               ;
;   3.652 ;   0.054 ;    ; RE   ; 1      ; ROWCLKSEL_PREBUF_X61_Y14_N0_I5        ; ROWCLKSEL_PREBUF          ;
;   3.706 ;   0.054 ;    ; RE   ; 1      ; ROWCLKSEL_X61_Y14_N0_I0               ; ROWCLKSEL                 ;
;   3.706 ;   0.000 ;    ; RE   ; 1      ; GLOBAL_LOCAL_SEL_X61_Y14_N0_I0        ; GLOBAL_LOCAL_SEL          ;
;   3.706 ;   0.000 ;    ; RE   ; 8      ; LAB_INPUT_X61_Y14_N0_I0               ; LAB_INPUT                 ;
;   3.706 ;   0.000 ; RR ; IC   ; 1      ; FF_X61_Y14_N2                         ; state_array[0][3][32]|clk ;
;   4.270 ;   0.564 ; RR ; CELL ; 1      ; FF_X61_Y14_N2                         ; state_array[0][3][32]     ;
; 4.865   ; 0.595   ;    ;      ;        ;                                       ; data path                 ;
;   4.270 ;   0.000 ;    ; uTco ; 1      ; FF_X61_Y14_N2                         ; state_array[0][3][32]     ;
;   4.270 ;   0.000 ; RR ; CELL ; 4      ; FF_X61_Y14_N2                         ; state_array[0][3][32]|q   ;
;   4.329 ;   0.059 ;    ; RE   ; 2      ; FF_X61_Y14_N2                         ; ARRIAV_FF                 ;
;   4.422 ;   0.093 ;    ; RE   ; 1      ; LOCAL_LINE_X61_Y14_N0_I0              ; LOCAL_LINE                ;
;   4.562 ;   0.140 ;    ; RE   ; 1      ; BLOCK_INPUT_MUX_X61_Y14_N0_I6         ; LEIM_INPUT                ;
;   4.562 ;   0.000 ; RR ; IC   ; 1      ; LABCELL_X61_Y14_N0                    ; state_array~2737|datag    ;
;   4.783 ;   0.221 ; RR ; CELL ; 1      ; LABCELL_X61_Y14_N0                    ; state_array~2737|combout  ;
;   4.783 ;   0.000 ;    ; RE   ; 1      ; LABCELL_X61_Y14_N0                    ; ARRIAV_LCELL_COMB         ;
;   4.783 ;   0.000 ; RR ; IC   ; 1      ; FF_X61_Y14_N2                         ; state_array[0][3][32]|d   ;
;   4.865 ;   0.082 ; RR ; CELL ; 1      ; FF_X61_Y14_N2                         ; state_array[0][3][32]     ;
+---------+---------+----+------+--------+---------------------------------------+---------------------------+

+-------------------------------------------------------------------------------------------------------------+
; Data Required Path                                                                                          ;
+---------+----------+----+------+--------+---------------------------------------+---------------------------+
; Total   ; Incr     ; RF ; Type ; Fanout ; Location                              ; Element                   ;
+---------+----------+----+------+--------+---------------------------------------+---------------------------+
; 0.000   ; 0.000    ;    ;      ;        ;                                       ; latch edge time           ;
; 4.395   ; 4.395    ;    ;      ;        ;                                       ; clock path                ;
;   0.000 ;   0.000  ;    ;      ;        ;                                       ; source latency            ;
;   0.000 ;   0.000  ;    ;      ; 1      ; PIN_M16                               ; clk                       ;
;   0.000 ;   0.000  ;    ; RE   ; 1      ; IOPAD_X89_Y35_N60                     ; ARRIAV_IO_PAD             ;
;   0.000 ;   0.000  ;    ; RE   ; 1      ; IO_PAD_OUTPUT_X89_Y35_N60_I1          ; IO_PAD_OUTPUT             ;
;   0.000 ;   0.000  ;    ; RE   ; 1      ; IO_INPUT_BUFFER_INPUT_X89_Y35_N61_I0  ; IO_INPUT_BUFFER_INPUT     ;
;   0.000 ;   0.000  ; RR ; IC   ; 1      ; IOIBUF_X89_Y35_N61                    ; clk~input|i               ;
;   0.739 ;   0.739  ; RR ; CELL ; 1      ; IOIBUF_X89_Y35_N61                    ; clk~input|o               ;
;   0.739 ;   0.000  ;    ; RE   ; 1      ; IOIBUF_X89_Y35_N61                    ; ARRIAV_IO_IBUF            ;
;   0.739 ;   0.000  ;    ; RE   ; 1      ; IO_INPUT_BUFFER_OUTPUT_X89_Y35_N61_I2 ; IO_INPUT_BUFFER_OUTPUT    ;
;   0.739 ;   0.000  ;    ; RE   ; 1      ; IO_RE_X89_Y35_N60_I96                 ; IO_RE                     ;
;   0.833 ;   0.094  ;    ; RE   ; 1      ; IO_RE_X89_Y35_N60_I66                 ; IO_RE                     ;
;   1.125 ;   0.292  ;    ; RE   ; 1      ; CLKBUF_CLUSTER_RE_X89_Y39_N3_I421     ; CLKBUF_CLUSTER_RE         ;
;   1.125 ;   0.000  ;    ; RE   ; 1      ; CLKBUF_CLUSTER_RE_X89_Y39_N3_I772     ; CLKBUF_CLUSTER_RE         ;
;   1.125 ;   0.000  ;    ; RE   ; 1      ; CLKBUF_CLUSTER_RE_X89_Y39_N3_I557     ; CLKBUF_CLUSTER_RE         ;
;   1.125 ;   0.000  ;    ; RE   ; 1      ; GCLK_CLUSTER_RE_X89_Y39_N6_I10        ; GCLK_CLUSTER_RE           ;
;   1.125 ;   0.000  ;    ; RE   ; 1      ; CLKBUFBLOCK_INPUT_X89_Y39_N7_I0       ; CLKBUFBLOCK_INPUT         ;
;   1.125 ;   0.000  ; RR ; IC   ; 1      ; CLKCTRL_G9                            ; clk~inputCLKENA0|inclk    ;
;   1.632 ;   0.507  ; RR ; CELL ; 3357   ; CLKCTRL_G9                            ; clk~inputCLKENA0|outclk   ;
;   1.632 ;   0.000  ;    ; RE   ; 1      ; CLKCTRL_G9                            ; ARRIAV_CLKBUF             ;
;   1.632 ;   0.000  ;    ; RE   ; 1      ; CLKBUFBLOCK_OUTPUT_X89_Y39_N7_I2      ; CLKBUFBLOCK_OUTPUT        ;
;   1.632 ;   0.000  ;    ; RE   ; 1      ; GCLK_CLUSTER_RE_X89_Y39_N6_I12        ; GCLK_CLUSTER_RE           ;
;   1.632 ;   0.000  ;    ; RE   ; 1      ; CLKBUF_CLUSTER_RE_X89_Y39_N3_I416     ; CLKBUF_CLUSTER_RE         ;
;   2.462 ;   0.830  ;    ; RE   ; 4      ; GLOBAL_CLOCK_X0_Y36_N0_I9             ; GLOBAL_CLOCK              ;
;   2.614 ;   0.152  ;    ; RE   ; 14     ; SPINE_CLOCK_X55_Y0_N0_I22             ; SPINE_CLOCK               ;
;   3.035 ;   0.421  ;    ; RE   ; 1      ; SCLK_TO_ROWCLK_BUF_X55_Y14_N0_I133    ; SCLK_TO_ROWCLK_BUF        ;
;   3.129 ;   0.094  ;    ; RE   ; 2      ; SCLK_TO_ROWCLK_BUF_X55_Y14_N0_I136    ; SCLK_TO_ROWCLK_BUF        ;
;   3.613 ;   0.484  ;    ; RE   ; 9      ; LAB_CLK_X56_Y14_N0_I5                 ; LAB_CLK                   ;
;   3.753 ;   0.140  ;    ; RE   ; 1      ; BLK_CLK_BUF_X61_Y14_N0_I5             ; BLK_CLK_BUF               ;
;   3.809 ;   0.056  ;    ; RE   ; 1      ; ROWCLKSEL_PREBUF_X61_Y14_N0_I5        ; ROWCLKSEL_PREBUF          ;
;   3.868 ;   0.059  ;    ; RE   ; 1      ; ROWCLKSEL_X61_Y14_N0_I0               ; ROWCLKSEL                 ;
;   3.868 ;   0.000  ;    ; RE   ; 1      ; GLOBAL_LOCAL_SEL_X61_Y14_N0_I0        ; GLOBAL_LOCAL_SEL          ;
;   3.868 ;   0.000  ;    ; RE   ; 8      ; LAB_INPUT_X61_Y14_N0_I0               ; LAB_INPUT                 ;
;   3.867 ;   -0.001 ; RR ; IC   ; 1      ; FF_X61_Y14_N2                         ; state_array[0][3][32]|clk ;
;   4.522 ;   0.655  ; RR ; CELL ; 1      ; FF_X61_Y14_N2                         ; state_array[0][3][32]     ;
;   4.395 ;   -0.127 ;    ;      ;        ;                                       ; clock pessimism removed   ;
; 4.395   ; 0.000    ;    ;      ;        ;                                       ; clock uncertainty         ;
; 4.395   ; 0.000    ;    ; uTh  ; 1      ; FF_X61_Y14_N2                         ; state_array[0][3][32]     ;
+---------+----------+----+------+--------+---------------------------------------+---------------------------+

----------------------------
; Extra Fitter Information ;
----------------------------
HTML report is unavailable in plain text report export.


Path #10: Hold slack is 0.471 
===============================================================================
+--------------------------------------------+
; Path Summary                               ;
+--------------------+-----------------------+
; Property           ; Value                 ;
+--------------------+-----------------------+
; From Node          ; state_array[1][0][24] ;
; To Node            ; state_array[1][0][24] ;
; Launch Clock       ; clk                   ;
; Latch Clock        ; clk                   ;
; Data Arrival Time  ; 4.852                 ;
; Data Required Time ; 4.381                 ;
; Slack              ; 0.471                 ;
+--------------------+-----------------------+

+------------------------------------------------------------------------------------+
; Statistics                                                                         ;
+------------------------+-------+-------+-------------+------------+--------+-------+
; Property               ; Value ; Count ; Total Delay ; % of Total ; Min    ; Max   ;
+------------------------+-------+-------+-------------+------------+--------+-------+
; Hold Relationship      ; 0.000 ;       ;             ;            ;        ;       ;
; Clock Skew             ; 0.126 ;       ;             ;            ;        ;       ;
; Data Delay             ; 0.597 ;       ;             ;            ;        ;       ;
; Number of Logic Levels ;       ; 1     ;             ;            ;        ;       ;
; Physical Delays        ;       ;       ;             ;            ;        ;       ;
;  Arrival Path          ;       ;       ;             ;            ;        ;       ;
;   Clock                ;       ;       ;             ;            ;        ;       ;
;    IC                  ;       ; 3     ; -0.001      ; 0          ; -0.001 ; 0.000 ;
;    Cell                ;       ; 3     ; 1.773       ; 42         ; 0.470  ; 0.739 ;
;    Routing Element     ;       ; 26    ; 2.483       ; 58         ; 0.000  ; 0.783 ;
;   Data                 ;       ;       ;             ;            ;        ;       ;
;    IC                  ;       ; 2     ; 0.000       ; 0          ; 0.000  ; 0.000 ;
;    Cell                ;       ; 3     ; 0.303       ; 51         ; 0.000  ; 0.221 ;
;    uTco                ;       ; 1     ; 0.000       ; 0          ; 0.000  ; 0.000 ;
;    Routing Element     ;       ; 4     ; 0.294       ; 49         ; 0.000  ; 0.137 ;
;  Required Path         ;       ;       ;             ;            ;        ;       ;
;   Clock                ;       ;       ;             ;            ;        ;       ;
;    IC                  ;       ; 3     ; 0.000       ; 0          ; 0.000  ; 0.000 ;
;    Cell                ;       ; 3     ; 1.901       ; 42         ; 0.507  ; 0.739 ;
;    Routing Element     ;       ; 26    ; 2.607       ; 58         ; 0.000  ; 0.828 ;
+------------------------+-------+-------+-------------+------------+--------+-------+
Note: Negative delays are omitted from totals when calculating percentages

+-------------------------------------------------------------------------------------------------------------+
; Data Arrival Path                                                                                           ;
+---------+----------+----+------+--------+---------------------------------------+---------------------------+
; Total   ; Incr     ; RF ; Type ; Fanout ; Location                              ; Element                   ;
+---------+----------+----+------+--------+---------------------------------------+---------------------------+
; 0.000   ; 0.000    ;    ;      ;        ;                                       ; launch edge time          ;
; 4.255   ; 4.255    ;    ;      ;        ;                                       ; clock path                ;
;   0.000 ;   0.000  ;    ;      ;        ;                                       ; source latency            ;
;   0.000 ;   0.000  ;    ;      ; 1      ; PIN_M16                               ; clk                       ;
;   0.000 ;   0.000  ;    ; RE   ; 1      ; IOPAD_X89_Y35_N60                     ; ARRIAV_IO_PAD             ;
;   0.000 ;   0.000  ;    ; RE   ; 1      ; IO_PAD_OUTPUT_X89_Y35_N60_I1          ; IO_PAD_OUTPUT             ;
;   0.000 ;   0.000  ;    ; RE   ; 1      ; IO_INPUT_BUFFER_INPUT_X89_Y35_N61_I0  ; IO_INPUT_BUFFER_INPUT     ;
;   0.000 ;   0.000  ; RR ; IC   ; 1      ; IOIBUF_X89_Y35_N61                    ; clk~input|i               ;
;   0.739 ;   0.739  ; RR ; CELL ; 1      ; IOIBUF_X89_Y35_N61                    ; clk~input|o               ;
;   0.739 ;   0.000  ;    ; RE   ; 1      ; IOIBUF_X89_Y35_N61                    ; ARRIAV_IO_IBUF            ;
;   0.739 ;   0.000  ;    ; RE   ; 1      ; IO_INPUT_BUFFER_OUTPUT_X89_Y35_N61_I2 ; IO_INPUT_BUFFER_OUTPUT    ;
;   0.739 ;   0.000  ;    ; RE   ; 1      ; IO_RE_X89_Y35_N60_I96                 ; IO_RE                     ;
;   0.827 ;   0.088  ;    ; RE   ; 1      ; IO_RE_X89_Y35_N60_I66                 ; IO_RE                     ;
;   1.102 ;   0.275  ;    ; RE   ; 1      ; CLKBUF_CLUSTER_RE_X89_Y39_N3_I421     ; CLKBUF_CLUSTER_RE         ;
;   1.102 ;   0.000  ;    ; RE   ; 1      ; CLKBUF_CLUSTER_RE_X89_Y39_N3_I772     ; CLKBUF_CLUSTER_RE         ;
;   1.102 ;   0.000  ;    ; RE   ; 1      ; CLKBUF_CLUSTER_RE_X89_Y39_N3_I557     ; CLKBUF_CLUSTER_RE         ;
;   1.102 ;   0.000  ;    ; RE   ; 1      ; GCLK_CLUSTER_RE_X89_Y39_N6_I10        ; GCLK_CLUSTER_RE           ;
;   1.102 ;   0.000  ;    ; RE   ; 1      ; CLKBUFBLOCK_INPUT_X89_Y39_N7_I0       ; CLKBUFBLOCK_INPUT         ;
;   1.102 ;   0.000  ; RR ; IC   ; 1      ; CLKCTRL_G9                            ; clk~inputCLKENA0|inclk    ;
;   1.572 ;   0.470  ; RR ; CELL ; 3357   ; CLKCTRL_G9                            ; clk~inputCLKENA0|outclk   ;
;   1.572 ;   0.000  ;    ; RE   ; 1      ; CLKCTRL_G9                            ; ARRIAV_CLKBUF             ;
;   1.572 ;   0.000  ;    ; RE   ; 1      ; CLKBUFBLOCK_OUTPUT_X89_Y39_N7_I2      ; CLKBUFBLOCK_OUTPUT        ;
;   1.572 ;   0.000  ;    ; RE   ; 1      ; GCLK_CLUSTER_RE_X89_Y39_N6_I12        ; GCLK_CLUSTER_RE           ;
;   1.572 ;   0.000  ;    ; RE   ; 1      ; CLKBUF_CLUSTER_RE_X89_Y39_N3_I416     ; CLKBUF_CLUSTER_RE         ;
;   2.355 ;   0.783  ;    ; RE   ; 4      ; GLOBAL_CLOCK_X0_Y36_N0_I9             ; GLOBAL_CLOCK              ;
;   2.503 ;   0.148  ;    ; RE   ; 14     ; SPINE_CLOCK_X77_Y0_N0_I7              ; SPINE_CLOCK               ;
;   2.909 ;   0.406  ;    ; RE   ; 1      ; SCLK_TO_ROWCLK_BUF_X77_Y17_N0_I43     ; SCLK_TO_ROWCLK_BUF        ;
;   3.000 ;   0.091  ;    ; RE   ; 2      ; SCLK_TO_ROWCLK_BUF_X77_Y17_N0_I46     ; SCLK_TO_ROWCLK_BUF        ;
;   3.460 ;   0.460  ;    ; RE   ; 9      ; LAB_CLK_X67_Y17_N0_I5                 ; LAB_CLK                   ;
;   3.584 ;   0.124  ;    ; RE   ; 1      ; BLK_CLK_BUF_X73_Y17_N0_I5             ; BLK_CLK_BUF               ;
;   3.637 ;   0.053  ;    ; RE   ; 1      ; ROWCLKSEL_PREBUF_X73_Y17_N0_I5        ; ROWCLKSEL_PREBUF          ;
;   3.692 ;   0.055  ;    ; RE   ; 1      ; ROWCLKSEL_X73_Y17_N0_I0               ; ROWCLKSEL                 ;
;   3.692 ;   0.000  ;    ; RE   ; 1      ; GLOBAL_LOCAL_SEL_X73_Y17_N0_I0        ; GLOBAL_LOCAL_SEL          ;
;   3.692 ;   0.000  ;    ; RE   ; 8      ; LAB_INPUT_X73_Y17_N0_I0               ; LAB_INPUT                 ;
;   3.691 ;   -0.001 ; RR ; IC   ; 1      ; FF_X73_Y17_N56                        ; state_array[1][0][24]|clk ;
;   4.255 ;   0.564  ; RR ; CELL ; 1      ; FF_X73_Y17_N56                        ; state_array[1][0][24]     ;
; 4.852   ; 0.597    ;    ;      ;        ;                                       ; data path                 ;
;   4.255 ;   0.000  ;    ; uTco ; 1      ; FF_X73_Y17_N56                        ; state_array[1][0][24]     ;
;   4.255 ;   0.000  ; RR ; CELL ; 4      ; FF_X73_Y17_N56                        ; state_array[1][0][24]|q   ;
;   4.314 ;   0.059  ;    ; RE   ; 2      ; FF_X73_Y17_N56                        ; ARRIAV_FF                 ;
;   4.412 ;   0.098  ;    ; RE   ; 1      ; LOCAL_LINE_X73_Y17_N0_I18             ; LOCAL_LINE                ;
;   4.549 ;   0.137  ;    ; RE   ; 1      ; BLOCK_INPUT_MUX_X73_Y17_N0_I78        ; LEIM_INPUT                ;
;   4.549 ;   0.000  ; RR ; IC   ; 1      ; LABCELL_X73_Y17_N54                   ; state_array~3205|datag    ;
;   4.770 ;   0.221  ; RR ; CELL ; 1      ; LABCELL_X73_Y17_N54                   ; state_array~3205|combout  ;
;   4.770 ;   0.000  ;    ; RE   ; 1      ; LABCELL_X73_Y17_N54                   ; ARRIAV_LCELL_COMB         ;
;   4.770 ;   0.000  ; RR ; IC   ; 1      ; FF_X73_Y17_N56                        ; state_array[1][0][24]|d   ;
;   4.852 ;   0.082  ; RR ; CELL ; 1      ; FF_X73_Y17_N56                        ; state_array[1][0][24]     ;
+---------+----------+----+------+--------+---------------------------------------+---------------------------+

+-------------------------------------------------------------------------------------------------------------+
; Data Required Path                                                                                          ;
+---------+----------+----+------+--------+---------------------------------------+---------------------------+
; Total   ; Incr     ; RF ; Type ; Fanout ; Location                              ; Element                   ;
+---------+----------+----+------+--------+---------------------------------------+---------------------------+
; 0.000   ; 0.000    ;    ;      ;        ;                                       ; latch edge time           ;
; 4.381   ; 4.381    ;    ;      ;        ;                                       ; clock path                ;
;   0.000 ;   0.000  ;    ;      ;        ;                                       ; source latency            ;
;   0.000 ;   0.000  ;    ;      ; 1      ; PIN_M16                               ; clk                       ;
;   0.000 ;   0.000  ;    ; RE   ; 1      ; IOPAD_X89_Y35_N60                     ; ARRIAV_IO_PAD             ;
;   0.000 ;   0.000  ;    ; RE   ; 1      ; IO_PAD_OUTPUT_X89_Y35_N60_I1          ; IO_PAD_OUTPUT             ;
;   0.000 ;   0.000  ;    ; RE   ; 1      ; IO_INPUT_BUFFER_INPUT_X89_Y35_N61_I0  ; IO_INPUT_BUFFER_INPUT     ;
;   0.000 ;   0.000  ; RR ; IC   ; 1      ; IOIBUF_X89_Y35_N61                    ; clk~input|i               ;
;   0.739 ;   0.739  ; RR ; CELL ; 1      ; IOIBUF_X89_Y35_N61                    ; clk~input|o               ;
;   0.739 ;   0.000  ;    ; RE   ; 1      ; IOIBUF_X89_Y35_N61                    ; ARRIAV_IO_IBUF            ;
;   0.739 ;   0.000  ;    ; RE   ; 1      ; IO_INPUT_BUFFER_OUTPUT_X89_Y35_N61_I2 ; IO_INPUT_BUFFER_OUTPUT    ;
;   0.739 ;   0.000  ;    ; RE   ; 1      ; IO_RE_X89_Y35_N60_I96                 ; IO_RE                     ;
;   0.833 ;   0.094  ;    ; RE   ; 1      ; IO_RE_X89_Y35_N60_I66                 ; IO_RE                     ;
;   1.125 ;   0.292  ;    ; RE   ; 1      ; CLKBUF_CLUSTER_RE_X89_Y39_N3_I421     ; CLKBUF_CLUSTER_RE         ;
;   1.125 ;   0.000  ;    ; RE   ; 1      ; CLKBUF_CLUSTER_RE_X89_Y39_N3_I772     ; CLKBUF_CLUSTER_RE         ;
;   1.125 ;   0.000  ;    ; RE   ; 1      ; CLKBUF_CLUSTER_RE_X89_Y39_N3_I557     ; CLKBUF_CLUSTER_RE         ;
;   1.125 ;   0.000  ;    ; RE   ; 1      ; GCLK_CLUSTER_RE_X89_Y39_N6_I10        ; GCLK_CLUSTER_RE           ;
;   1.125 ;   0.000  ;    ; RE   ; 1      ; CLKBUFBLOCK_INPUT_X89_Y39_N7_I0       ; CLKBUFBLOCK_INPUT         ;
;   1.125 ;   0.000  ; RR ; IC   ; 1      ; CLKCTRL_G9                            ; clk~inputCLKENA0|inclk    ;
;   1.632 ;   0.507  ; RR ; CELL ; 3357   ; CLKCTRL_G9                            ; clk~inputCLKENA0|outclk   ;
;   1.632 ;   0.000  ;    ; RE   ; 1      ; CLKCTRL_G9                            ; ARRIAV_CLKBUF             ;
;   1.632 ;   0.000  ;    ; RE   ; 1      ; CLKBUFBLOCK_OUTPUT_X89_Y39_N7_I2      ; CLKBUFBLOCK_OUTPUT        ;
;   1.632 ;   0.000  ;    ; RE   ; 1      ; GCLK_CLUSTER_RE_X89_Y39_N6_I12        ; GCLK_CLUSTER_RE           ;
;   1.632 ;   0.000  ;    ; RE   ; 1      ; CLKBUF_CLUSTER_RE_X89_Y39_N3_I416     ; CLKBUF_CLUSTER_RE         ;
;   2.460 ;   0.828  ;    ; RE   ; 4      ; GLOBAL_CLOCK_X0_Y36_N0_I9             ; GLOBAL_CLOCK              ;
;   2.613 ;   0.153  ;    ; RE   ; 14     ; SPINE_CLOCK_X77_Y0_N0_I7              ; SPINE_CLOCK               ;
;   3.033 ;   0.420  ;    ; RE   ; 1      ; SCLK_TO_ROWCLK_BUF_X77_Y17_N0_I43     ; SCLK_TO_ROWCLK_BUF        ;
;   3.127 ;   0.094  ;    ; RE   ; 2      ; SCLK_TO_ROWCLK_BUF_X77_Y17_N0_I46     ; SCLK_TO_ROWCLK_BUF        ;
;   3.603 ;   0.476  ;    ; RE   ; 9      ; LAB_CLK_X67_Y17_N0_I5                 ; LAB_CLK                   ;
;   3.738 ;   0.135  ;    ; RE   ; 1      ; BLK_CLK_BUF_X73_Y17_N0_I5             ; BLK_CLK_BUF               ;
;   3.793 ;   0.055  ;    ; RE   ; 1      ; ROWCLKSEL_PREBUF_X73_Y17_N0_I5        ; ROWCLKSEL_PREBUF          ;
;   3.853 ;   0.060  ;    ; RE   ; 1      ; ROWCLKSEL_X73_Y17_N0_I0               ; ROWCLKSEL                 ;
;   3.853 ;   0.000  ;    ; RE   ; 1      ; GLOBAL_LOCAL_SEL_X73_Y17_N0_I0        ; GLOBAL_LOCAL_SEL          ;
;   3.853 ;   0.000  ;    ; RE   ; 8      ; LAB_INPUT_X73_Y17_N0_I0               ; LAB_INPUT                 ;
;   3.853 ;   0.000  ; RR ; IC   ; 1      ; FF_X73_Y17_N56                        ; state_array[1][0][24]|clk ;
;   4.508 ;   0.655  ; RR ; CELL ; 1      ; FF_X73_Y17_N56                        ; state_array[1][0][24]     ;
;   4.381 ;   -0.127 ;    ;      ;        ;                                       ; clock pessimism removed   ;
; 4.381   ; 0.000    ;    ;      ;        ;                                       ; clock uncertainty         ;
; 4.381   ; 0.000    ;    ; uTh  ; 1      ; FF_X73_Y17_N56                        ; state_array[1][0][24]     ;
+---------+----------+----+------+--------+---------------------------------------+---------------------------+

----------------------------
; Extra Fitter Information ;
----------------------------
HTML report is unavailable in plain text report export.


Path #11: Hold slack is 0.471 
===============================================================================
+--------------------------------------------+
; Path Summary                               ;
+--------------------+-----------------------+
; Property           ; Value                 ;
+--------------------+-----------------------+
; From Node          ; state_array[1][2][41] ;
; To Node            ; state_array[1][2][41] ;
; Launch Clock       ; clk                   ;
; Latch Clock        ; clk                   ;
; Data Arrival Time  ; 4.865                 ;
; Data Required Time ; 4.394                 ;
; Slack              ; 0.471                 ;
+--------------------+-----------------------+

+-----------------------------------------------------------------------------------+
; Statistics                                                                        ;
+------------------------+-------+-------+-------------+------------+-------+-------+
; Property               ; Value ; Count ; Total Delay ; % of Total ; Min   ; Max   ;
+------------------------+-------+-------+-------------+------------+-------+-------+
; Hold Relationship      ; 0.000 ;       ;             ;            ;       ;       ;
; Clock Skew             ; 0.126 ;       ;             ;            ;       ;       ;
; Data Delay             ; 0.597 ;       ;             ;            ;       ;       ;
; Number of Logic Levels ;       ; 1     ;             ;            ;       ;       ;
; Physical Delays        ;       ;       ;             ;            ;       ;       ;
;  Arrival Path          ;       ;       ;             ;            ;       ;       ;
;   Clock                ;       ;       ;             ;            ;       ;       ;
;    IC                  ;       ; 3     ; 0.000       ; 0          ; 0.000 ; 0.000 ;
;    Cell                ;       ; 3     ; 1.788       ; 42         ; 0.470 ; 0.739 ;
;    Routing Element     ;       ; 26    ; 2.480       ; 58         ; 0.000 ; 0.783 ;
;   Data                 ;       ;       ;             ;            ;       ;       ;
;    IC                  ;       ; 2     ; 0.000       ; 0          ; 0.000 ; 0.000 ;
;    Cell                ;       ; 3     ; 0.303       ; 51         ; 0.000 ; 0.221 ;
;    uTco                ;       ; 1     ; 0.000       ; 0          ; 0.000 ; 0.000 ;
;    Routing Element     ;       ; 4     ; 0.294       ; 49         ; 0.000 ; 0.138 ;
;  Required Path         ;       ;       ;             ;            ;       ;       ;
;   Clock                ;       ;       ;             ;            ;       ;       ;
;    IC                  ;       ; 3     ; 0.000       ; 0          ; 0.000 ; 0.000 ;
;    Cell                ;       ; 3     ; 1.917       ; 42         ; 0.507 ; 0.739 ;
;    Routing Element     ;       ; 26    ; 2.605       ; 58         ; 0.000 ; 0.828 ;
+------------------------+-------+-------+-------------+------------+-------+-------+
Note: Negative delays are omitted from totals when calculating percentages

+------------------------------------------------------------------------------------------------------------+
; Data Arrival Path                                                                                          ;
+---------+---------+----+------+--------+---------------------------------------+---------------------------+
; Total   ; Incr    ; RF ; Type ; Fanout ; Location                              ; Element                   ;
+---------+---------+----+------+--------+---------------------------------------+---------------------------+
; 0.000   ; 0.000   ;    ;      ;        ;                                       ; launch edge time          ;
; 4.268   ; 4.268   ;    ;      ;        ;                                       ; clock path                ;
;   0.000 ;   0.000 ;    ;      ;        ;                                       ; source latency            ;
;   0.000 ;   0.000 ;    ;      ; 1      ; PIN_M16                               ; clk                       ;
;   0.000 ;   0.000 ;    ; RE   ; 1      ; IOPAD_X89_Y35_N60                     ; ARRIAV_IO_PAD             ;
;   0.000 ;   0.000 ;    ; RE   ; 1      ; IO_PAD_OUTPUT_X89_Y35_N60_I1          ; IO_PAD_OUTPUT             ;
;   0.000 ;   0.000 ;    ; RE   ; 1      ; IO_INPUT_BUFFER_INPUT_X89_Y35_N61_I0  ; IO_INPUT_BUFFER_INPUT     ;
;   0.000 ;   0.000 ; RR ; IC   ; 1      ; IOIBUF_X89_Y35_N61                    ; clk~input|i               ;
;   0.739 ;   0.739 ; RR ; CELL ; 1      ; IOIBUF_X89_Y35_N61                    ; clk~input|o               ;
;   0.739 ;   0.000 ;    ; RE   ; 1      ; IOIBUF_X89_Y35_N61                    ; ARRIAV_IO_IBUF            ;
;   0.739 ;   0.000 ;    ; RE   ; 1      ; IO_INPUT_BUFFER_OUTPUT_X89_Y35_N61_I2 ; IO_INPUT_BUFFER_OUTPUT    ;
;   0.739 ;   0.000 ;    ; RE   ; 1      ; IO_RE_X89_Y35_N60_I96                 ; IO_RE                     ;
;   0.827 ;   0.088 ;    ; RE   ; 1      ; IO_RE_X89_Y35_N60_I66                 ; IO_RE                     ;
;   1.102 ;   0.275 ;    ; RE   ; 1      ; CLKBUF_CLUSTER_RE_X89_Y39_N3_I421     ; CLKBUF_CLUSTER_RE         ;
;   1.102 ;   0.000 ;    ; RE   ; 1      ; CLKBUF_CLUSTER_RE_X89_Y39_N3_I772     ; CLKBUF_CLUSTER_RE         ;
;   1.102 ;   0.000 ;    ; RE   ; 1      ; CLKBUF_CLUSTER_RE_X89_Y39_N3_I557     ; CLKBUF_CLUSTER_RE         ;
;   1.102 ;   0.000 ;    ; RE   ; 1      ; GCLK_CLUSTER_RE_X89_Y39_N6_I10        ; GCLK_CLUSTER_RE           ;
;   1.102 ;   0.000 ;    ; RE   ; 1      ; CLKBUFBLOCK_INPUT_X89_Y39_N7_I0       ; CLKBUFBLOCK_INPUT         ;
;   1.102 ;   0.000 ; RR ; IC   ; 1      ; CLKCTRL_G9                            ; clk~inputCLKENA0|inclk    ;
;   1.572 ;   0.470 ; RR ; CELL ; 3357   ; CLKCTRL_G9                            ; clk~inputCLKENA0|outclk   ;
;   1.572 ;   0.000 ;    ; RE   ; 1      ; CLKCTRL_G9                            ; ARRIAV_CLKBUF             ;
;   1.572 ;   0.000 ;    ; RE   ; 1      ; CLKBUFBLOCK_OUTPUT_X89_Y39_N7_I2      ; CLKBUFBLOCK_OUTPUT        ;
;   1.572 ;   0.000 ;    ; RE   ; 1      ; GCLK_CLUSTER_RE_X89_Y39_N6_I12        ; GCLK_CLUSTER_RE           ;
;   1.572 ;   0.000 ;    ; RE   ; 1      ; CLKBUF_CLUSTER_RE_X89_Y39_N3_I416     ; CLKBUF_CLUSTER_RE         ;
;   2.355 ;   0.783 ;    ; RE   ; 4      ; GLOBAL_CLOCK_X0_Y36_N0_I9             ; GLOBAL_CLOCK              ;
;   2.501 ;   0.146 ;    ; RE   ; 14     ; SPINE_CLOCK_X77_Y0_N0_I7              ; SPINE_CLOCK               ;
;   2.907 ;   0.406 ;    ; RE   ; 1      ; SCLK_TO_ROWCLK_BUF_X77_Y13_N0_I43     ; SCLK_TO_ROWCLK_BUF        ;
;   2.998 ;   0.091 ;    ; RE   ; 2      ; SCLK_TO_ROWCLK_BUF_X77_Y13_N0_I46     ; SCLK_TO_ROWCLK_BUF        ;
;   3.458 ;   0.460 ;    ; RE   ; 9      ; LAB_CLK_X67_Y13_N0_I5                 ; LAB_CLK                   ;
;   3.582 ;   0.124 ;    ; RE   ; 1      ; BLK_CLK_BUF_X70_Y13_N0_I5             ; BLK_CLK_BUF               ;
;   3.635 ;   0.053 ;    ; RE   ; 1      ; ROWCLKSEL_PREBUF_X70_Y13_N0_I5        ; ROWCLKSEL_PREBUF          ;
;   3.689 ;   0.054 ;    ; RE   ; 1      ; ROWCLKSEL_X70_Y13_N0_I0               ; ROWCLKSEL                 ;
;   3.689 ;   0.000 ;    ; RE   ; 2      ; GLOBAL_LOCAL_SEL_X70_Y13_N0_I0        ; GLOBAL_LOCAL_SEL          ;
;   3.689 ;   0.000 ;    ; RE   ; 3      ; LAB_INPUT_X70_Y13_N0_I0               ; LAB_INPUT                 ;
;   3.689 ;   0.000 ; RR ; IC   ; 1      ; FF_X70_Y13_N56                        ; state_array[1][2][41]|clk ;
;   4.268 ;   0.579 ; RR ; CELL ; 1      ; FF_X70_Y13_N56                        ; state_array[1][2][41]     ;
; 4.865   ; 0.597   ;    ;      ;        ;                                       ; data path                 ;
;   4.268 ;   0.000 ;    ; uTco ; 1      ; FF_X70_Y13_N56                        ; state_array[1][2][41]     ;
;   4.268 ;   0.000 ; RR ; CELL ; 4      ; FF_X70_Y13_N56                        ; state_array[1][2][41]|q   ;
;   4.327 ;   0.059 ;    ; RE   ; 2      ; FF_X70_Y13_N56                        ; ARRIAV_FF                 ;
;   4.424 ;   0.097 ;    ; RE   ; 1      ; LOCAL_LINE_X70_Y13_N0_I18             ; LOCAL_LINE                ;
;   4.562 ;   0.138 ;    ; RE   ; 1      ; BLOCK_INPUT_MUX_X70_Y13_N0_I78        ; LEIM_INPUT                ;
;   4.562 ;   0.000 ; RR ; IC   ; 1      ; LABCELL_X70_Y13_N54                   ; state_array~2213|datag    ;
;   4.783 ;   0.221 ; RR ; CELL ; 1      ; LABCELL_X70_Y13_N54                   ; state_array~2213|combout  ;
;   4.783 ;   0.000 ;    ; RE   ; 1      ; LABCELL_X70_Y13_N54                   ; ARRIAV_LCELL_COMB         ;
;   4.783 ;   0.000 ; RR ; IC   ; 1      ; FF_X70_Y13_N56                        ; state_array[1][2][41]|d   ;
;   4.865 ;   0.082 ; RR ; CELL ; 1      ; FF_X70_Y13_N56                        ; state_array[1][2][41]     ;
+---------+---------+----+------+--------+---------------------------------------+---------------------------+

+-------------------------------------------------------------------------------------------------------------+
; Data Required Path                                                                                          ;
+---------+----------+----+------+--------+---------------------------------------+---------------------------+
; Total   ; Incr     ; RF ; Type ; Fanout ; Location                              ; Element                   ;
+---------+----------+----+------+--------+---------------------------------------+---------------------------+
; 0.000   ; 0.000    ;    ;      ;        ;                                       ; latch edge time           ;
; 4.394   ; 4.394    ;    ;      ;        ;                                       ; clock path                ;
;   0.000 ;   0.000  ;    ;      ;        ;                                       ; source latency            ;
;   0.000 ;   0.000  ;    ;      ; 1      ; PIN_M16                               ; clk                       ;
;   0.000 ;   0.000  ;    ; RE   ; 1      ; IOPAD_X89_Y35_N60                     ; ARRIAV_IO_PAD             ;
;   0.000 ;   0.000  ;    ; RE   ; 1      ; IO_PAD_OUTPUT_X89_Y35_N60_I1          ; IO_PAD_OUTPUT             ;
;   0.000 ;   0.000  ;    ; RE   ; 1      ; IO_INPUT_BUFFER_INPUT_X89_Y35_N61_I0  ; IO_INPUT_BUFFER_INPUT     ;
;   0.000 ;   0.000  ; RR ; IC   ; 1      ; IOIBUF_X89_Y35_N61                    ; clk~input|i               ;
;   0.739 ;   0.739  ; RR ; CELL ; 1      ; IOIBUF_X89_Y35_N61                    ; clk~input|o               ;
;   0.739 ;   0.000  ;    ; RE   ; 1      ; IOIBUF_X89_Y35_N61                    ; ARRIAV_IO_IBUF            ;
;   0.739 ;   0.000  ;    ; RE   ; 1      ; IO_INPUT_BUFFER_OUTPUT_X89_Y35_N61_I2 ; IO_INPUT_BUFFER_OUTPUT    ;
;   0.739 ;   0.000  ;    ; RE   ; 1      ; IO_RE_X89_Y35_N60_I96                 ; IO_RE                     ;
;   0.833 ;   0.094  ;    ; RE   ; 1      ; IO_RE_X89_Y35_N60_I66                 ; IO_RE                     ;
;   1.125 ;   0.292  ;    ; RE   ; 1      ; CLKBUF_CLUSTER_RE_X89_Y39_N3_I421     ; CLKBUF_CLUSTER_RE         ;
;   1.125 ;   0.000  ;    ; RE   ; 1      ; CLKBUF_CLUSTER_RE_X89_Y39_N3_I772     ; CLKBUF_CLUSTER_RE         ;
;   1.125 ;   0.000  ;    ; RE   ; 1      ; CLKBUF_CLUSTER_RE_X89_Y39_N3_I557     ; CLKBUF_CLUSTER_RE         ;
;   1.125 ;   0.000  ;    ; RE   ; 1      ; GCLK_CLUSTER_RE_X89_Y39_N6_I10        ; GCLK_CLUSTER_RE           ;
;   1.125 ;   0.000  ;    ; RE   ; 1      ; CLKBUFBLOCK_INPUT_X89_Y39_N7_I0       ; CLKBUFBLOCK_INPUT         ;
;   1.125 ;   0.000  ; RR ; IC   ; 1      ; CLKCTRL_G9                            ; clk~inputCLKENA0|inclk    ;
;   1.632 ;   0.507  ; RR ; CELL ; 3357   ; CLKCTRL_G9                            ; clk~inputCLKENA0|outclk   ;
;   1.632 ;   0.000  ;    ; RE   ; 1      ; CLKCTRL_G9                            ; ARRIAV_CLKBUF             ;
;   1.632 ;   0.000  ;    ; RE   ; 1      ; CLKBUFBLOCK_OUTPUT_X89_Y39_N7_I2      ; CLKBUFBLOCK_OUTPUT        ;
;   1.632 ;   0.000  ;    ; RE   ; 1      ; GCLK_CLUSTER_RE_X89_Y39_N6_I12        ; GCLK_CLUSTER_RE           ;
;   1.632 ;   0.000  ;    ; RE   ; 1      ; CLKBUF_CLUSTER_RE_X89_Y39_N3_I416     ; CLKBUF_CLUSTER_RE         ;
;   2.460 ;   0.828  ;    ; RE   ; 4      ; GLOBAL_CLOCK_X0_Y36_N0_I9             ; GLOBAL_CLOCK              ;
;   2.611 ;   0.151  ;    ; RE   ; 14     ; SPINE_CLOCK_X77_Y0_N0_I7              ; SPINE_CLOCK               ;
;   3.032 ;   0.421  ;    ; RE   ; 1      ; SCLK_TO_ROWCLK_BUF_X77_Y13_N0_I43     ; SCLK_TO_ROWCLK_BUF        ;
;   3.126 ;   0.094  ;    ; RE   ; 2      ; SCLK_TO_ROWCLK_BUF_X77_Y13_N0_I46     ; SCLK_TO_ROWCLK_BUF        ;
;   3.602 ;   0.476  ;    ; RE   ; 9      ; LAB_CLK_X67_Y13_N0_I5                 ; LAB_CLK                   ;
;   3.737 ;   0.135  ;    ; RE   ; 1      ; BLK_CLK_BUF_X70_Y13_N0_I5             ; BLK_CLK_BUF               ;
;   3.792 ;   0.055  ;    ; RE   ; 1      ; ROWCLKSEL_PREBUF_X70_Y13_N0_I5        ; ROWCLKSEL_PREBUF          ;
;   3.851 ;   0.059  ;    ; RE   ; 1      ; ROWCLKSEL_X70_Y13_N0_I0               ; ROWCLKSEL                 ;
;   3.851 ;   0.000  ;    ; RE   ; 2      ; GLOBAL_LOCAL_SEL_X70_Y13_N0_I0        ; GLOBAL_LOCAL_SEL          ;
;   3.851 ;   0.000  ;    ; RE   ; 3      ; LAB_INPUT_X70_Y13_N0_I0               ; LAB_INPUT                 ;
;   3.851 ;   0.000  ; RR ; IC   ; 1      ; FF_X70_Y13_N56                        ; state_array[1][2][41]|clk ;
;   4.522 ;   0.671  ; RR ; CELL ; 1      ; FF_X70_Y13_N56                        ; state_array[1][2][41]     ;
;   4.394 ;   -0.128 ;    ;      ;        ;                                       ; clock pessimism removed   ;
; 4.394   ; 0.000    ;    ;      ;        ;                                       ; clock uncertainty         ;
; 4.394   ; 0.000    ;    ; uTh  ; 1      ; FF_X70_Y13_N56                        ; state_array[1][2][41]     ;
+---------+----------+----+------+--------+---------------------------------------+---------------------------+

----------------------------
; Extra Fitter Information ;
----------------------------
HTML report is unavailable in plain text report export.


Path #12: Hold slack is 0.471 
===============================================================================
+--------------------------------------------+
; Path Summary                               ;
+--------------------+-----------------------+
; Property           ; Value                 ;
+--------------------+-----------------------+
; From Node          ; state_array[0][3][58] ;
; To Node            ; state_array[0][3][58] ;
; Launch Clock       ; clk                   ;
; Latch Clock        ; clk                   ;
; Data Arrival Time  ; 4.862                 ;
; Data Required Time ; 4.391                 ;
; Slack              ; 0.471                 ;
+--------------------+-----------------------+

+------------------------------------------------------------------------------------+
; Statistics                                                                         ;
+------------------------+-------+-------+-------------+------------+--------+-------+
; Property               ; Value ; Count ; Total Delay ; % of Total ; Min    ; Max   ;
+------------------------+-------+-------+-------------+------------+--------+-------+
; Hold Relationship      ; 0.000 ;       ;             ;            ;        ;       ;
; Clock Skew             ; 0.126 ;       ;             ;            ;        ;       ;
; Data Delay             ; 0.597 ;       ;             ;            ;        ;       ;
; Number of Logic Levels ;       ; 1     ;             ;            ;        ;       ;
; Physical Delays        ;       ;       ;             ;            ;        ;       ;
;  Arrival Path          ;       ;       ;             ;            ;        ;       ;
;   Clock                ;       ;       ;             ;            ;        ;       ;
;    IC                  ;       ; 3     ; 0.000       ; 0          ; 0.000  ; 0.000 ;
;    Cell                ;       ; 3     ; 1.788       ; 42         ; 0.470  ; 0.739 ;
;    Routing Element     ;       ; 26    ; 2.477       ; 58         ; 0.000  ; 0.786 ;
;   Data                 ;       ;       ;             ;            ;        ;       ;
;    IC                  ;       ; 2     ; 0.000       ; 0          ; 0.000  ; 0.000 ;
;    Cell                ;       ; 3     ; 0.303       ; 51         ; 0.000  ; 0.221 ;
;    uTco                ;       ; 1     ; 0.000       ; 0          ; 0.000  ; 0.000 ;
;    Routing Element     ;       ; 4     ; 0.294       ; 49         ; 0.000  ; 0.138 ;
;  Required Path         ;       ;       ;             ;            ;        ;       ;
;   Clock                ;       ;       ;             ;            ;        ;       ;
;    IC                  ;       ; 3     ; -0.001      ; 0          ; -0.001 ; 0.000 ;
;    Cell                ;       ; 3     ; 1.917       ; 42         ; 0.507  ; 0.739 ;
;    Routing Element     ;       ; 26    ; 2.602       ; 58         ; 0.000  ; 0.830 ;
+------------------------+-------+-------+-------------+------------+--------+-------+
Note: Negative delays are omitted from totals when calculating percentages

+------------------------------------------------------------------------------------------------------------+
; Data Arrival Path                                                                                          ;
+---------+---------+----+------+--------+---------------------------------------+---------------------------+
; Total   ; Incr    ; RF ; Type ; Fanout ; Location                              ; Element                   ;
+---------+---------+----+------+--------+---------------------------------------+---------------------------+
; 0.000   ; 0.000   ;    ;      ;        ;                                       ; launch edge time          ;
; 4.265   ; 4.265   ;    ;      ;        ;                                       ; clock path                ;
;   0.000 ;   0.000 ;    ;      ;        ;                                       ; source latency            ;
;   0.000 ;   0.000 ;    ;      ; 1      ; PIN_M16                               ; clk                       ;
;   0.000 ;   0.000 ;    ; RE   ; 1      ; IOPAD_X89_Y35_N60                     ; ARRIAV_IO_PAD             ;
;   0.000 ;   0.000 ;    ; RE   ; 1      ; IO_PAD_OUTPUT_X89_Y35_N60_I1          ; IO_PAD_OUTPUT             ;
;   0.000 ;   0.000 ;    ; RE   ; 1      ; IO_INPUT_BUFFER_INPUT_X89_Y35_N61_I0  ; IO_INPUT_BUFFER_INPUT     ;
;   0.000 ;   0.000 ; RR ; IC   ; 1      ; IOIBUF_X89_Y35_N61                    ; clk~input|i               ;
;   0.739 ;   0.739 ; RR ; CELL ; 1      ; IOIBUF_X89_Y35_N61                    ; clk~input|o               ;
;   0.739 ;   0.000 ;    ; RE   ; 1      ; IOIBUF_X89_Y35_N61                    ; ARRIAV_IO_IBUF            ;
;   0.739 ;   0.000 ;    ; RE   ; 1      ; IO_INPUT_BUFFER_OUTPUT_X89_Y35_N61_I2 ; IO_INPUT_BUFFER_OUTPUT    ;
;   0.739 ;   0.000 ;    ; RE   ; 1      ; IO_RE_X89_Y35_N60_I96                 ; IO_RE                     ;
;   0.827 ;   0.088 ;    ; RE   ; 1      ; IO_RE_X89_Y35_N60_I66                 ; IO_RE                     ;
;   1.102 ;   0.275 ;    ; RE   ; 1      ; CLKBUF_CLUSTER_RE_X89_Y39_N3_I421     ; CLKBUF_CLUSTER_RE         ;
;   1.102 ;   0.000 ;    ; RE   ; 1      ; CLKBUF_CLUSTER_RE_X89_Y39_N3_I772     ; CLKBUF_CLUSTER_RE         ;
;   1.102 ;   0.000 ;    ; RE   ; 1      ; CLKBUF_CLUSTER_RE_X89_Y39_N3_I557     ; CLKBUF_CLUSTER_RE         ;
;   1.102 ;   0.000 ;    ; RE   ; 1      ; GCLK_CLUSTER_RE_X89_Y39_N6_I10        ; GCLK_CLUSTER_RE           ;
;   1.102 ;   0.000 ;    ; RE   ; 1      ; CLKBUFBLOCK_INPUT_X89_Y39_N7_I0       ; CLKBUFBLOCK_INPUT         ;
;   1.102 ;   0.000 ; RR ; IC   ; 1      ; CLKCTRL_G9                            ; clk~inputCLKENA0|inclk    ;
;   1.572 ;   0.470 ; RR ; CELL ; 3357   ; CLKCTRL_G9                            ; clk~inputCLKENA0|outclk   ;
;   1.572 ;   0.000 ;    ; RE   ; 1      ; CLKCTRL_G9                            ; ARRIAV_CLKBUF             ;
;   1.572 ;   0.000 ;    ; RE   ; 1      ; CLKBUFBLOCK_OUTPUT_X89_Y39_N7_I2      ; CLKBUFBLOCK_OUTPUT        ;
;   1.572 ;   0.000 ;    ; RE   ; 1      ; GCLK_CLUSTER_RE_X89_Y39_N6_I12        ; GCLK_CLUSTER_RE           ;
;   1.572 ;   0.000 ;    ; RE   ; 1      ; CLKBUF_CLUSTER_RE_X89_Y39_N3_I416     ; CLKBUF_CLUSTER_RE         ;
;   2.358 ;   0.786 ;    ; RE   ; 4      ; GLOBAL_CLOCK_X0_Y36_N0_I9             ; GLOBAL_CLOCK              ;
;   2.497 ;   0.139 ;    ; RE   ; 14     ; SPINE_CLOCK_X55_Y0_N0_I22             ; SPINE_CLOCK               ;
;   2.894 ;   0.397 ;    ; RE   ; 1      ; SCLK_TO_ROWCLK_BUF_X55_Y9_N0_I133     ; SCLK_TO_ROWCLK_BUF        ;
;   2.987 ;   0.093 ;    ; RE   ; 2      ; SCLK_TO_ROWCLK_BUF_X55_Y9_N0_I136     ; SCLK_TO_ROWCLK_BUF        ;
;   3.454 ;   0.467 ;    ; RE   ; 10     ; LAB_CLK_X56_Y9_N0_I5                  ; LAB_CLK                   ;
;   3.580 ;   0.126 ;    ; RE   ; 1      ; BLK_CLK_BUF_X60_Y9_N0_I5              ; BLK_CLK_BUF               ;
;   3.632 ;   0.052 ;    ; RE   ; 1      ; ROWCLKSEL_PREBUF_X60_Y9_N0_I5         ; ROWCLKSEL_PREBUF          ;
;   3.686 ;   0.054 ;    ; RE   ; 1      ; ROWCLKSEL_X60_Y9_N0_I0                ; ROWCLKSEL                 ;
;   3.686 ;   0.000 ;    ; RE   ; 2      ; GLOBAL_LOCAL_SEL_X60_Y9_N0_I0         ; GLOBAL_LOCAL_SEL          ;
;   3.686 ;   0.000 ;    ; RE   ; 6      ; LAB_INPUT_X60_Y9_N0_I0                ; LAB_INPUT                 ;
;   3.686 ;   0.000 ; RR ; IC   ; 1      ; FF_X60_Y9_N56                         ; state_array[0][3][58]|clk ;
;   4.265 ;   0.579 ; RR ; CELL ; 1      ; FF_X60_Y9_N56                         ; state_array[0][3][58]     ;
; 4.862   ; 0.597   ;    ;      ;        ;                                       ; data path                 ;
;   4.265 ;   0.000 ;    ; uTco ; 1      ; FF_X60_Y9_N56                         ; state_array[0][3][58]     ;
;   4.265 ;   0.000 ; RR ; CELL ; 4      ; FF_X60_Y9_N56                         ; state_array[0][3][58]|q   ;
;   4.324 ;   0.059 ;    ; RE   ; 2      ; FF_X60_Y9_N56                         ; ARRIAV_FF                 ;
;   4.421 ;   0.097 ;    ; RE   ; 1      ; LOCAL_LINE_X60_Y9_N0_I18              ; LOCAL_LINE                ;
;   4.559 ;   0.138 ;    ; RE   ; 1      ; BLOCK_INPUT_MUX_X60_Y9_N0_I78         ; LEIM_INPUT                ;
;   4.559 ;   0.000 ; RR ; IC   ; 1      ; LABCELL_X60_Y9_N54                    ; state_array~1241|datag    ;
;   4.780 ;   0.221 ; RR ; CELL ; 1      ; LABCELL_X60_Y9_N54                    ; state_array~1241|combout  ;
;   4.780 ;   0.000 ;    ; RE   ; 1      ; LABCELL_X60_Y9_N54                    ; ARRIAV_LCELL_COMB         ;
;   4.780 ;   0.000 ; RR ; IC   ; 1      ; FF_X60_Y9_N56                         ; state_array[0][3][58]|d   ;
;   4.862 ;   0.082 ; RR ; CELL ; 1      ; FF_X60_Y9_N56                         ; state_array[0][3][58]     ;
+---------+---------+----+------+--------+---------------------------------------+---------------------------+

+-------------------------------------------------------------------------------------------------------------+
; Data Required Path                                                                                          ;
+---------+----------+----+------+--------+---------------------------------------+---------------------------+
; Total   ; Incr     ; RF ; Type ; Fanout ; Location                              ; Element                   ;
+---------+----------+----+------+--------+---------------------------------------+---------------------------+
; 0.000   ; 0.000    ;    ;      ;        ;                                       ; latch edge time           ;
; 4.391   ; 4.391    ;    ;      ;        ;                                       ; clock path                ;
;   0.000 ;   0.000  ;    ;      ;        ;                                       ; source latency            ;
;   0.000 ;   0.000  ;    ;      ; 1      ; PIN_M16                               ; clk                       ;
;   0.000 ;   0.000  ;    ; RE   ; 1      ; IOPAD_X89_Y35_N60                     ; ARRIAV_IO_PAD             ;
;   0.000 ;   0.000  ;    ; RE   ; 1      ; IO_PAD_OUTPUT_X89_Y35_N60_I1          ; IO_PAD_OUTPUT             ;
;   0.000 ;   0.000  ;    ; RE   ; 1      ; IO_INPUT_BUFFER_INPUT_X89_Y35_N61_I0  ; IO_INPUT_BUFFER_INPUT     ;
;   0.000 ;   0.000  ; RR ; IC   ; 1      ; IOIBUF_X89_Y35_N61                    ; clk~input|i               ;
;   0.739 ;   0.739  ; RR ; CELL ; 1      ; IOIBUF_X89_Y35_N61                    ; clk~input|o               ;
;   0.739 ;   0.000  ;    ; RE   ; 1      ; IOIBUF_X89_Y35_N61                    ; ARRIAV_IO_IBUF            ;
;   0.739 ;   0.000  ;    ; RE   ; 1      ; IO_INPUT_BUFFER_OUTPUT_X89_Y35_N61_I2 ; IO_INPUT_BUFFER_OUTPUT    ;
;   0.739 ;   0.000  ;    ; RE   ; 1      ; IO_RE_X89_Y35_N60_I96                 ; IO_RE                     ;
;   0.833 ;   0.094  ;    ; RE   ; 1      ; IO_RE_X89_Y35_N60_I66                 ; IO_RE                     ;
;   1.125 ;   0.292  ;    ; RE   ; 1      ; CLKBUF_CLUSTER_RE_X89_Y39_N3_I421     ; CLKBUF_CLUSTER_RE         ;
;   1.125 ;   0.000  ;    ; RE   ; 1      ; CLKBUF_CLUSTER_RE_X89_Y39_N3_I772     ; CLKBUF_CLUSTER_RE         ;
;   1.125 ;   0.000  ;    ; RE   ; 1      ; CLKBUF_CLUSTER_RE_X89_Y39_N3_I557     ; CLKBUF_CLUSTER_RE         ;
;   1.125 ;   0.000  ;    ; RE   ; 1      ; GCLK_CLUSTER_RE_X89_Y39_N6_I10        ; GCLK_CLUSTER_RE           ;
;   1.125 ;   0.000  ;    ; RE   ; 1      ; CLKBUFBLOCK_INPUT_X89_Y39_N7_I0       ; CLKBUFBLOCK_INPUT         ;
;   1.125 ;   0.000  ; RR ; IC   ; 1      ; CLKCTRL_G9                            ; clk~inputCLKENA0|inclk    ;
;   1.632 ;   0.507  ; RR ; CELL ; 3357   ; CLKCTRL_G9                            ; clk~inputCLKENA0|outclk   ;
;   1.632 ;   0.000  ;    ; RE   ; 1      ; CLKCTRL_G9                            ; ARRIAV_CLKBUF             ;
;   1.632 ;   0.000  ;    ; RE   ; 1      ; CLKBUFBLOCK_OUTPUT_X89_Y39_N7_I2      ; CLKBUFBLOCK_OUTPUT        ;
;   1.632 ;   0.000  ;    ; RE   ; 1      ; GCLK_CLUSTER_RE_X89_Y39_N6_I12        ; GCLK_CLUSTER_RE           ;
;   1.632 ;   0.000  ;    ; RE   ; 1      ; CLKBUF_CLUSTER_RE_X89_Y39_N3_I416     ; CLKBUF_CLUSTER_RE         ;
;   2.462 ;   0.830  ;    ; RE   ; 4      ; GLOBAL_CLOCK_X0_Y36_N0_I9             ; GLOBAL_CLOCK              ;
;   2.606 ;   0.144  ;    ; RE   ; 14     ; SPINE_CLOCK_X55_Y0_N0_I22             ; SPINE_CLOCK               ;
;   3.018 ;   0.412  ;    ; RE   ; 1      ; SCLK_TO_ROWCLK_BUF_X55_Y9_N0_I133     ; SCLK_TO_ROWCLK_BUF        ;
;   3.114 ;   0.096  ;    ; RE   ; 2      ; SCLK_TO_ROWCLK_BUF_X55_Y9_N0_I136     ; SCLK_TO_ROWCLK_BUF        ;
;   3.598 ;   0.484  ;    ; RE   ; 10     ; LAB_CLK_X56_Y9_N0_I5                  ; LAB_CLK                   ;
;   3.735 ;   0.137  ;    ; RE   ; 1      ; BLK_CLK_BUF_X60_Y9_N0_I5              ; BLK_CLK_BUF               ;
;   3.789 ;   0.054  ;    ; RE   ; 1      ; ROWCLKSEL_PREBUF_X60_Y9_N0_I5         ; ROWCLKSEL_PREBUF          ;
;   3.848 ;   0.059  ;    ; RE   ; 1      ; ROWCLKSEL_X60_Y9_N0_I0                ; ROWCLKSEL                 ;
;   3.848 ;   0.000  ;    ; RE   ; 2      ; GLOBAL_LOCAL_SEL_X60_Y9_N0_I0         ; GLOBAL_LOCAL_SEL          ;
;   3.848 ;   0.000  ;    ; RE   ; 6      ; LAB_INPUT_X60_Y9_N0_I0                ; LAB_INPUT                 ;
;   3.847 ;   -0.001 ; RR ; IC   ; 1      ; FF_X60_Y9_N56                         ; state_array[0][3][58]|clk ;
;   4.518 ;   0.671  ; RR ; CELL ; 1      ; FF_X60_Y9_N56                         ; state_array[0][3][58]     ;
;   4.391 ;   -0.127 ;    ;      ;        ;                                       ; clock pessimism removed   ;
; 4.391   ; 0.000    ;    ;      ;        ;                                       ; clock uncertainty         ;
; 4.391   ; 0.000    ;    ; uTh  ; 1      ; FF_X60_Y9_N56                         ; state_array[0][3][58]     ;
+---------+----------+----+------+--------+---------------------------------------+---------------------------+

----------------------------
; Extra Fitter Information ;
----------------------------
HTML report is unavailable in plain text report export.


Path #13: Hold slack is 0.472 
===============================================================================
+-------------------------------------------+
; Path Summary                              ;
+--------------------+----------------------+
; Property           ; Value                ;
+--------------------+----------------------+
; From Node          ; state_array[1][1][8] ;
; To Node            ; state_array[1][1][8] ;
; Launch Clock       ; clk                  ;
; Latch Clock        ; clk                  ;
; Data Arrival Time  ; 4.847                ;
; Data Required Time ; 4.375                ;
; Slack              ; 0.472                ;
+--------------------+----------------------+

+------------------------------------------------------------------------------------+
; Statistics                                                                         ;
+------------------------+-------+-------+-------------+------------+--------+-------+
; Property               ; Value ; Count ; Total Delay ; % of Total ; Min    ; Max   ;
+------------------------+-------+-------+-------------+------------+--------+-------+
; Hold Relationship      ; 0.000 ;       ;             ;            ;        ;       ;
; Clock Skew             ; 0.127 ;       ;             ;            ;        ;       ;
; Data Delay             ; 0.599 ;       ;             ;            ;        ;       ;
; Number of Logic Levels ;       ; 1     ;             ;            ;        ;       ;
; Physical Delays        ;       ;       ;             ;            ;        ;       ;
;  Arrival Path          ;       ;       ;             ;            ;        ;       ;
;   Clock                ;       ;       ;             ;            ;        ;       ;
;    IC                  ;       ; 3     ; -0.001      ; 0          ; -0.001 ; 0.000 ;
;    Cell                ;       ; 3     ; 1.788       ; 42         ; 0.470  ; 0.739 ;
;    Routing Element     ;       ; 26    ; 2.461       ; 58         ; 0.000  ; 0.776 ;
;   Data                 ;       ;       ;             ;            ;        ;       ;
;    IC                  ;       ; 2     ; 0.000       ; 0          ; 0.000  ; 0.000 ;
;    Cell                ;       ; 3     ; 0.303       ; 51         ; 0.000  ; 0.221 ;
;    uTco                ;       ; 1     ; 0.000       ; 0          ; 0.000  ; 0.000 ;
;    Routing Element     ;       ; 4     ; 0.296       ; 49         ; 0.000  ; 0.138 ;
;  Required Path         ;       ;       ;             ;            ;        ;       ;
;   Clock                ;       ;       ;             ;            ;        ;       ;
;    IC                  ;       ; 3     ; 0.000       ; 0          ; 0.000  ; 0.000 ;
;    Cell                ;       ; 3     ; 1.917       ; 43         ; 0.507  ; 0.739 ;
;    Routing Element     ;       ; 26    ; 2.585       ; 57         ; 0.000  ; 0.821 ;
+------------------------+-------+-------+-------------+------------+--------+-------+
Note: Negative delays are omitted from totals when calculating percentages

+------------------------------------------------------------------------------------------------------------+
; Data Arrival Path                                                                                          ;
+---------+----------+----+------+--------+---------------------------------------+--------------------------+
; Total   ; Incr     ; RF ; Type ; Fanout ; Location                              ; Element                  ;
+---------+----------+----+------+--------+---------------------------------------+--------------------------+
; 0.000   ; 0.000    ;    ;      ;        ;                                       ; launch edge time         ;
; 4.248   ; 4.248    ;    ;      ;        ;                                       ; clock path               ;
;   0.000 ;   0.000  ;    ;      ;        ;                                       ; source latency           ;
;   0.000 ;   0.000  ;    ;      ; 1      ; PIN_M16                               ; clk                      ;
;   0.000 ;   0.000  ;    ; RE   ; 1      ; IOPAD_X89_Y35_N60                     ; ARRIAV_IO_PAD            ;
;   0.000 ;   0.000  ;    ; RE   ; 1      ; IO_PAD_OUTPUT_X89_Y35_N60_I1          ; IO_PAD_OUTPUT            ;
;   0.000 ;   0.000  ;    ; RE   ; 1      ; IO_INPUT_BUFFER_INPUT_X89_Y35_N61_I0  ; IO_INPUT_BUFFER_INPUT    ;
;   0.000 ;   0.000  ; RR ; IC   ; 1      ; IOIBUF_X89_Y35_N61                    ; clk~input|i              ;
;   0.739 ;   0.739  ; RR ; CELL ; 1      ; IOIBUF_X89_Y35_N61                    ; clk~input|o              ;
;   0.739 ;   0.000  ;    ; RE   ; 1      ; IOIBUF_X89_Y35_N61                    ; ARRIAV_IO_IBUF           ;
;   0.739 ;   0.000  ;    ; RE   ; 1      ; IO_INPUT_BUFFER_OUTPUT_X89_Y35_N61_I2 ; IO_INPUT_BUFFER_OUTPUT   ;
;   0.739 ;   0.000  ;    ; RE   ; 1      ; IO_RE_X89_Y35_N60_I96                 ; IO_RE                    ;
;   0.827 ;   0.088  ;    ; RE   ; 1      ; IO_RE_X89_Y35_N60_I66                 ; IO_RE                    ;
;   1.102 ;   0.275  ;    ; RE   ; 1      ; CLKBUF_CLUSTER_RE_X89_Y39_N3_I421     ; CLKBUF_CLUSTER_RE        ;
;   1.102 ;   0.000  ;    ; RE   ; 1      ; CLKBUF_CLUSTER_RE_X89_Y39_N3_I772     ; CLKBUF_CLUSTER_RE        ;
;   1.102 ;   0.000  ;    ; RE   ; 1      ; CLKBUF_CLUSTER_RE_X89_Y39_N3_I557     ; CLKBUF_CLUSTER_RE        ;
;   1.102 ;   0.000  ;    ; RE   ; 1      ; GCLK_CLUSTER_RE_X89_Y39_N6_I10        ; GCLK_CLUSTER_RE          ;
;   1.102 ;   0.000  ;    ; RE   ; 1      ; CLKBUFBLOCK_INPUT_X89_Y39_N7_I0       ; CLKBUFBLOCK_INPUT        ;
;   1.102 ;   0.000  ; RR ; IC   ; 1      ; CLKCTRL_G9                            ; clk~inputCLKENA0|inclk   ;
;   1.572 ;   0.470  ; RR ; CELL ; 3357   ; CLKCTRL_G9                            ; clk~inputCLKENA0|outclk  ;
;   1.572 ;   0.000  ;    ; RE   ; 1      ; CLKCTRL_G9                            ; ARRIAV_CLKBUF            ;
;   1.572 ;   0.000  ;    ; RE   ; 1      ; CLKBUFBLOCK_OUTPUT_X89_Y39_N7_I2      ; CLKBUFBLOCK_OUTPUT       ;
;   1.572 ;   0.000  ;    ; RE   ; 1      ; GCLK_CLUSTER_RE_X89_Y39_N6_I12        ; GCLK_CLUSTER_RE          ;
;   1.572 ;   0.000  ;    ; RE   ; 1      ; CLKBUF_CLUSTER_RE_X89_Y39_N3_I416     ; CLKBUF_CLUSTER_RE        ;
;   2.348 ;   0.776  ;    ; RE   ; 4      ; GLOBAL_CLOCK_X0_Y36_N0_I9             ; GLOBAL_CLOCK             ;
;   2.487 ;   0.139  ;    ; RE   ; 4      ; SPINE_CLOCK_X55_Y19_N0_I22            ; SPINE_CLOCK              ;
;   2.876 ;   0.389  ;    ; RE   ; 1      ; SCLK_TO_ROWCLK_BUF_X55_Y20_N0_I133    ; SCLK_TO_ROWCLK_BUF       ;
;   2.967 ;   0.091  ;    ; RE   ; 2      ; SCLK_TO_ROWCLK_BUF_X55_Y20_N0_I136    ; SCLK_TO_ROWCLK_BUF       ;
;   3.432 ;   0.465  ;    ; RE   ; 10     ; LAB_CLK_X56_Y20_N0_I5                 ; LAB_CLK                  ;
;   3.561 ;   0.129  ;    ; RE   ; 1      ; BLK_CLK_BUF_X59_Y20_N0_I5             ; BLK_CLK_BUF              ;
;   3.616 ;   0.055  ;    ; RE   ; 1      ; ROWCLKSEL_PREBUF_X59_Y20_N0_I5        ; ROWCLKSEL_PREBUF         ;
;   3.670 ;   0.054  ;    ; RE   ; 1      ; ROWCLKSEL_X59_Y20_N0_I0               ; ROWCLKSEL                ;
;   3.670 ;   0.000  ;    ; RE   ; 2      ; GLOBAL_LOCAL_SEL_X59_Y20_N0_I0        ; GLOBAL_LOCAL_SEL         ;
;   3.670 ;   0.000  ;    ; RE   ; 7      ; LAB_INPUT_X59_Y20_N0_I0               ; LAB_INPUT                ;
;   3.669 ;   -0.001 ; RR ; IC   ; 1      ; FF_X59_Y20_N56                        ; state_array[1][1][8]|clk ;
;   4.248 ;   0.579  ; RR ; CELL ; 1      ; FF_X59_Y20_N56                        ; state_array[1][1][8]     ;
; 4.847   ; 0.599    ;    ;      ;        ;                                       ; data path                ;
;   4.248 ;   0.000  ;    ; uTco ; 1      ; FF_X59_Y20_N56                        ; state_array[1][1][8]     ;
;   4.248 ;   0.000  ; RR ; CELL ; 4      ; FF_X59_Y20_N56                        ; state_array[1][1][8]|q   ;
;   4.307 ;   0.059  ;    ; RE   ; 2      ; FF_X59_Y20_N56                        ; ARRIAV_FF                ;
;   4.406 ;   0.099  ;    ; RE   ; 1      ; LOCAL_LINE_X59_Y20_N0_I18             ; LOCAL_LINE               ;
;   4.544 ;   0.138  ;    ; RE   ; 1      ; BLOCK_INPUT_MUX_X59_Y20_N0_I78        ; LEIM_INPUT               ;
;   4.544 ;   0.000  ; RR ; IC   ; 1      ; MLABCELL_X59_Y20_N54                  ; state_array~4097|datag   ;
;   4.765 ;   0.221  ; RR ; CELL ; 1      ; MLABCELL_X59_Y20_N54                  ; state_array~4097|combout ;
;   4.765 ;   0.000  ;    ; RE   ; 1      ; MLABCELL_X59_Y20_N54                  ; ARRIAV_LCELL_COMB        ;
;   4.765 ;   0.000  ; RR ; IC   ; 1      ; FF_X59_Y20_N56                        ; state_array[1][1][8]|d   ;
;   4.847 ;   0.082  ; RR ; CELL ; 1      ; FF_X59_Y20_N56                        ; state_array[1][1][8]     ;
+---------+----------+----+------+--------+---------------------------------------+--------------------------+

+------------------------------------------------------------------------------------------------------------+
; Data Required Path                                                                                         ;
+---------+----------+----+------+--------+---------------------------------------+--------------------------+
; Total   ; Incr     ; RF ; Type ; Fanout ; Location                              ; Element                  ;
+---------+----------+----+------+--------+---------------------------------------+--------------------------+
; 0.000   ; 0.000    ;    ;      ;        ;                                       ; latch edge time          ;
; 4.375   ; 4.375    ;    ;      ;        ;                                       ; clock path               ;
;   0.000 ;   0.000  ;    ;      ;        ;                                       ; source latency           ;
;   0.000 ;   0.000  ;    ;      ; 1      ; PIN_M16                               ; clk                      ;
;   0.000 ;   0.000  ;    ; RE   ; 1      ; IOPAD_X89_Y35_N60                     ; ARRIAV_IO_PAD            ;
;   0.000 ;   0.000  ;    ; RE   ; 1      ; IO_PAD_OUTPUT_X89_Y35_N60_I1          ; IO_PAD_OUTPUT            ;
;   0.000 ;   0.000  ;    ; RE   ; 1      ; IO_INPUT_BUFFER_INPUT_X89_Y35_N61_I0  ; IO_INPUT_BUFFER_INPUT    ;
;   0.000 ;   0.000  ; RR ; IC   ; 1      ; IOIBUF_X89_Y35_N61                    ; clk~input|i              ;
;   0.739 ;   0.739  ; RR ; CELL ; 1      ; IOIBUF_X89_Y35_N61                    ; clk~input|o              ;
;   0.739 ;   0.000  ;    ; RE   ; 1      ; IOIBUF_X89_Y35_N61                    ; ARRIAV_IO_IBUF           ;
;   0.739 ;   0.000  ;    ; RE   ; 1      ; IO_INPUT_BUFFER_OUTPUT_X89_Y35_N61_I2 ; IO_INPUT_BUFFER_OUTPUT   ;
;   0.739 ;   0.000  ;    ; RE   ; 1      ; IO_RE_X89_Y35_N60_I96                 ; IO_RE                    ;
;   0.833 ;   0.094  ;    ; RE   ; 1      ; IO_RE_X89_Y35_N60_I66                 ; IO_RE                    ;
;   1.125 ;   0.292  ;    ; RE   ; 1      ; CLKBUF_CLUSTER_RE_X89_Y39_N3_I421     ; CLKBUF_CLUSTER_RE        ;
;   1.125 ;   0.000  ;    ; RE   ; 1      ; CLKBUF_CLUSTER_RE_X89_Y39_N3_I772     ; CLKBUF_CLUSTER_RE        ;
;   1.125 ;   0.000  ;    ; RE   ; 1      ; CLKBUF_CLUSTER_RE_X89_Y39_N3_I557     ; CLKBUF_CLUSTER_RE        ;
;   1.125 ;   0.000  ;    ; RE   ; 1      ; GCLK_CLUSTER_RE_X89_Y39_N6_I10        ; GCLK_CLUSTER_RE          ;
;   1.125 ;   0.000  ;    ; RE   ; 1      ; CLKBUFBLOCK_INPUT_X89_Y39_N7_I0       ; CLKBUFBLOCK_INPUT        ;
;   1.125 ;   0.000  ; RR ; IC   ; 1      ; CLKCTRL_G9                            ; clk~inputCLKENA0|inclk   ;
;   1.632 ;   0.507  ; RR ; CELL ; 3357   ; CLKCTRL_G9                            ; clk~inputCLKENA0|outclk  ;
;   1.632 ;   0.000  ;    ; RE   ; 1      ; CLKCTRL_G9                            ; ARRIAV_CLKBUF            ;
;   1.632 ;   0.000  ;    ; RE   ; 1      ; CLKBUFBLOCK_OUTPUT_X89_Y39_N7_I2      ; CLKBUFBLOCK_OUTPUT       ;
;   1.632 ;   0.000  ;    ; RE   ; 1      ; GCLK_CLUSTER_RE_X89_Y39_N6_I12        ; GCLK_CLUSTER_RE          ;
;   1.632 ;   0.000  ;    ; RE   ; 1      ; CLKBUF_CLUSTER_RE_X89_Y39_N3_I416     ; CLKBUF_CLUSTER_RE        ;
;   2.453 ;   0.821  ;    ; RE   ; 4      ; GLOBAL_CLOCK_X0_Y36_N0_I9             ; GLOBAL_CLOCK             ;
;   2.597 ;   0.144  ;    ; RE   ; 4      ; SPINE_CLOCK_X55_Y19_N0_I22            ; SPINE_CLOCK              ;
;   3.000 ;   0.403  ;    ; RE   ; 1      ; SCLK_TO_ROWCLK_BUF_X55_Y20_N0_I133    ; SCLK_TO_ROWCLK_BUF       ;
;   3.094 ;   0.094  ;    ; RE   ; 2      ; SCLK_TO_ROWCLK_BUF_X55_Y20_N0_I136    ; SCLK_TO_ROWCLK_BUF       ;
;   3.575 ;   0.481  ;    ; RE   ; 10     ; LAB_CLK_X56_Y20_N0_I5                 ; LAB_CLK                  ;
;   3.715 ;   0.140  ;    ; RE   ; 1      ; BLK_CLK_BUF_X59_Y20_N0_I5             ; BLK_CLK_BUF              ;
;   3.772 ;   0.057  ;    ; RE   ; 1      ; ROWCLKSEL_PREBUF_X59_Y20_N0_I5        ; ROWCLKSEL_PREBUF         ;
;   3.831 ;   0.059  ;    ; RE   ; 1      ; ROWCLKSEL_X59_Y20_N0_I0               ; ROWCLKSEL                ;
;   3.831 ;   0.000  ;    ; RE   ; 2      ; GLOBAL_LOCAL_SEL_X59_Y20_N0_I0        ; GLOBAL_LOCAL_SEL         ;
;   3.831 ;   0.000  ;    ; RE   ; 7      ; LAB_INPUT_X59_Y20_N0_I0               ; LAB_INPUT                ;
;   3.831 ;   0.000  ; RR ; IC   ; 1      ; FF_X59_Y20_N56                        ; state_array[1][1][8]|clk ;
;   4.502 ;   0.671  ; RR ; CELL ; 1      ; FF_X59_Y20_N56                        ; state_array[1][1][8]     ;
;   4.375 ;   -0.127 ;    ;      ;        ;                                       ; clock pessimism removed  ;
; 4.375   ; 0.000    ;    ;      ;        ;                                       ; clock uncertainty        ;
; 4.375   ; 0.000    ;    ; uTh  ; 1      ; FF_X59_Y20_N56                        ; state_array[1][1][8]     ;
+---------+----------+----+------+--------+---------------------------------------+--------------------------+

----------------------------
; Extra Fitter Information ;
----------------------------
HTML report is unavailable in plain text report export.


Path #14: Hold slack is 0.472 
===============================================================================
+--------------------------------------------+
; Path Summary                               ;
+--------------------+-----------------------+
; Property           ; Value                 ;
+--------------------+-----------------------+
; From Node          ; state_array[4][1][20] ;
; To Node            ; state_array[4][1][20] ;
; Launch Clock       ; clk                   ;
; Latch Clock        ; clk                   ;
; Data Arrival Time  ; 4.854                 ;
; Data Required Time ; 4.382                 ;
; Slack              ; 0.472                 ;
+--------------------+-----------------------+

+-----------------------------------------------------------------------------------+
; Statistics                                                                        ;
+------------------------+-------+-------+-------------+------------+-------+-------+
; Property               ; Value ; Count ; Total Delay ; % of Total ; Min   ; Max   ;
+------------------------+-------+-------+-------------+------------+-------+-------+
; Hold Relationship      ; 0.000 ;       ;             ;            ;       ;       ;
; Clock Skew             ; 0.125 ;       ;             ;            ;       ;       ;
; Data Delay             ; 0.597 ;       ;             ;            ;       ;       ;
; Number of Logic Levels ;       ; 1     ;             ;            ;       ;       ;
; Physical Delays        ;       ;       ;             ;            ;       ;       ;
;  Arrival Path          ;       ;       ;             ;            ;       ;       ;
;   Clock                ;       ;       ;             ;            ;       ;       ;
;    IC                  ;       ; 3     ; 0.001       ; 0          ; 0.000 ; 0.001 ;
;    Cell                ;       ; 3     ; 1.788       ; 42         ; 0.470 ; 0.739 ;
;    Routing Element     ;       ; 26    ; 2.468       ; 58         ; 0.000 ; 0.783 ;
;   Data                 ;       ;       ;             ;            ;       ;       ;
;    IC                  ;       ; 2     ; 0.000       ; 0          ; 0.000 ; 0.000 ;
;    Cell                ;       ; 3     ; 0.303       ; 51         ; 0.000 ; 0.221 ;
;    uTco                ;       ; 1     ; 0.000       ; 0          ; 0.000 ; 0.000 ;
;    Routing Element     ;       ; 4     ; 0.294       ; 49         ; 0.000 ; 0.138 ;
;  Required Path         ;       ;       ;             ;            ;       ;       ;
;   Clock                ;       ;       ;             ;            ;       ;       ;
;    IC                  ;       ; 3     ; 0.000       ; 0          ; 0.000 ; 0.000 ;
;    Cell                ;       ; 3     ; 1.917       ; 43         ; 0.507 ; 0.739 ;
;    Routing Element     ;       ; 26    ; 2.593       ; 57         ; 0.000 ; 0.828 ;
+------------------------+-------+-------+-------------+------------+-------+-------+
Note: Negative delays are omitted from totals when calculating percentages

+------------------------------------------------------------------------------------------------------------+
; Data Arrival Path                                                                                          ;
+---------+---------+----+------+--------+---------------------------------------+---------------------------+
; Total   ; Incr    ; RF ; Type ; Fanout ; Location                              ; Element                   ;
+---------+---------+----+------+--------+---------------------------------------+---------------------------+
; 0.000   ; 0.000   ;    ;      ;        ;                                       ; launch edge time          ;
; 4.257   ; 4.257   ;    ;      ;        ;                                       ; clock path                ;
;   0.000 ;   0.000 ;    ;      ;        ;                                       ; source latency            ;
;   0.000 ;   0.000 ;    ;      ; 1      ; PIN_M16                               ; clk                       ;
;   0.000 ;   0.000 ;    ; RE   ; 1      ; IOPAD_X89_Y35_N60                     ; ARRIAV_IO_PAD             ;
;   0.000 ;   0.000 ;    ; RE   ; 1      ; IO_PAD_OUTPUT_X89_Y35_N60_I1          ; IO_PAD_OUTPUT             ;
;   0.000 ;   0.000 ;    ; RE   ; 1      ; IO_INPUT_BUFFER_INPUT_X89_Y35_N61_I0  ; IO_INPUT_BUFFER_INPUT     ;
;   0.000 ;   0.000 ; RR ; IC   ; 1      ; IOIBUF_X89_Y35_N61                    ; clk~input|i               ;
;   0.739 ;   0.739 ; RR ; CELL ; 1      ; IOIBUF_X89_Y35_N61                    ; clk~input|o               ;
;   0.739 ;   0.000 ;    ; RE   ; 1      ; IOIBUF_X89_Y35_N61                    ; ARRIAV_IO_IBUF            ;
;   0.739 ;   0.000 ;    ; RE   ; 1      ; IO_INPUT_BUFFER_OUTPUT_X89_Y35_N61_I2 ; IO_INPUT_BUFFER_OUTPUT    ;
;   0.739 ;   0.000 ;    ; RE   ; 1      ; IO_RE_X89_Y35_N60_I96                 ; IO_RE                     ;
;   0.827 ;   0.088 ;    ; RE   ; 1      ; IO_RE_X89_Y35_N60_I66                 ; IO_RE                     ;
;   1.102 ;   0.275 ;    ; RE   ; 1      ; CLKBUF_CLUSTER_RE_X89_Y39_N3_I421     ; CLKBUF_CLUSTER_RE         ;
;   1.102 ;   0.000 ;    ; RE   ; 1      ; CLKBUF_CLUSTER_RE_X89_Y39_N3_I772     ; CLKBUF_CLUSTER_RE         ;
;   1.102 ;   0.000 ;    ; RE   ; 1      ; CLKBUF_CLUSTER_RE_X89_Y39_N3_I557     ; CLKBUF_CLUSTER_RE         ;
;   1.102 ;   0.000 ;    ; RE   ; 1      ; GCLK_CLUSTER_RE_X89_Y39_N6_I10        ; GCLK_CLUSTER_RE           ;
;   1.102 ;   0.000 ;    ; RE   ; 1      ; CLKBUFBLOCK_INPUT_X89_Y39_N7_I0       ; CLKBUFBLOCK_INPUT         ;
;   1.102 ;   0.000 ; RR ; IC   ; 1      ; CLKCTRL_G9                            ; clk~inputCLKENA0|inclk    ;
;   1.572 ;   0.470 ; RR ; CELL ; 3357   ; CLKCTRL_G9                            ; clk~inputCLKENA0|outclk   ;
;   1.572 ;   0.000 ;    ; RE   ; 1      ; CLKCTRL_G9                            ; ARRIAV_CLKBUF             ;
;   1.572 ;   0.000 ;    ; RE   ; 1      ; CLKBUFBLOCK_OUTPUT_X89_Y39_N7_I2      ; CLKBUFBLOCK_OUTPUT        ;
;   1.572 ;   0.000 ;    ; RE   ; 1      ; GCLK_CLUSTER_RE_X89_Y39_N6_I12        ; GCLK_CLUSTER_RE           ;
;   1.572 ;   0.000 ;    ; RE   ; 1      ; CLKBUF_CLUSTER_RE_X89_Y39_N3_I416     ; CLKBUF_CLUSTER_RE         ;
;   2.355 ;   0.783 ;    ; RE   ; 4      ; GLOBAL_CLOCK_X0_Y36_N0_I9             ; GLOBAL_CLOCK              ;
;   2.497 ;   0.142 ;    ; RE   ; 14     ; SPINE_CLOCK_X77_Y0_N0_I7              ; SPINE_CLOCK               ;
;   2.894 ;   0.397 ;    ; RE   ; 1      ; SCLK_TO_ROWCLK_BUF_X77_Y11_N0_I43     ; SCLK_TO_ROWCLK_BUF        ;
;   2.985 ;   0.091 ;    ; RE   ; 2      ; SCLK_TO_ROWCLK_BUF_X77_Y11_N0_I46     ; SCLK_TO_ROWCLK_BUF        ;
;   3.446 ;   0.461 ;    ; RE   ; 9      ; LAB_CLK_X67_Y11_N0_I5                 ; LAB_CLK                   ;
;   3.570 ;   0.124 ;    ; RE   ; 1      ; BLK_CLK_BUF_X68_Y11_N0_I5             ; BLK_CLK_BUF               ;
;   3.623 ;   0.053 ;    ; RE   ; 1      ; ROWCLKSEL_PREBUF_X68_Y11_N0_I5        ; ROWCLKSEL_PREBUF          ;
;   3.677 ;   0.054 ;    ; RE   ; 1      ; ROWCLKSEL_X68_Y11_N0_I0               ; ROWCLKSEL                 ;
;   3.677 ;   0.000 ;    ; RE   ; 2      ; GLOBAL_LOCAL_SEL_X68_Y11_N0_I0        ; GLOBAL_LOCAL_SEL          ;
;   3.677 ;   0.000 ;    ; RE   ; 5      ; LAB_INPUT_X68_Y11_N0_I0               ; LAB_INPUT                 ;
;   3.678 ;   0.001 ; RR ; IC   ; 1      ; FF_X68_Y11_N56                        ; state_array[4][1][20]|clk ;
;   4.257 ;   0.579 ; RR ; CELL ; 1      ; FF_X68_Y11_N56                        ; state_array[4][1][20]     ;
; 4.854   ; 0.597   ;    ;      ;        ;                                       ; data path                 ;
;   4.257 ;   0.000 ;    ; uTco ; 1      ; FF_X68_Y11_N56                        ; state_array[4][1][20]     ;
;   4.257 ;   0.000 ; RR ; CELL ; 4      ; FF_X68_Y11_N56                        ; state_array[4][1][20]|q   ;
;   4.316 ;   0.059 ;    ; RE   ; 2      ; FF_X68_Y11_N56                        ; ARRIAV_FF                 ;
;   4.413 ;   0.097 ;    ; RE   ; 1      ; LOCAL_LINE_X68_Y11_N0_I18             ; LOCAL_LINE                ;
;   4.551 ;   0.138 ;    ; RE   ; 1      ; BLOCK_INPUT_MUX_X68_Y11_N0_I78        ; LEIM_INPUT                ;
;   4.551 ;   0.000 ; RR ; IC   ; 1      ; LABCELL_X68_Y11_N54                   ; state_array~3285|datag    ;
;   4.772 ;   0.221 ; RR ; CELL ; 1      ; LABCELL_X68_Y11_N54                   ; state_array~3285|combout  ;
;   4.772 ;   0.000 ;    ; RE   ; 1      ; LABCELL_X68_Y11_N54                   ; ARRIAV_LCELL_COMB         ;
;   4.772 ;   0.000 ; RR ; IC   ; 1      ; FF_X68_Y11_N56                        ; state_array[4][1][20]|d   ;
;   4.854 ;   0.082 ; RR ; CELL ; 1      ; FF_X68_Y11_N56                        ; state_array[4][1][20]     ;
+---------+---------+----+------+--------+---------------------------------------+---------------------------+

+-------------------------------------------------------------------------------------------------------------+
; Data Required Path                                                                                          ;
+---------+----------+----+------+--------+---------------------------------------+---------------------------+
; Total   ; Incr     ; RF ; Type ; Fanout ; Location                              ; Element                   ;
+---------+----------+----+------+--------+---------------------------------------+---------------------------+
; 0.000   ; 0.000    ;    ;      ;        ;                                       ; latch edge time           ;
; 4.382   ; 4.382    ;    ;      ;        ;                                       ; clock path                ;
;   0.000 ;   0.000  ;    ;      ;        ;                                       ; source latency            ;
;   0.000 ;   0.000  ;    ;      ; 1      ; PIN_M16                               ; clk                       ;
;   0.000 ;   0.000  ;    ; RE   ; 1      ; IOPAD_X89_Y35_N60                     ; ARRIAV_IO_PAD             ;
;   0.000 ;   0.000  ;    ; RE   ; 1      ; IO_PAD_OUTPUT_X89_Y35_N60_I1          ; IO_PAD_OUTPUT             ;
;   0.000 ;   0.000  ;    ; RE   ; 1      ; IO_INPUT_BUFFER_INPUT_X89_Y35_N61_I0  ; IO_INPUT_BUFFER_INPUT     ;
;   0.000 ;   0.000  ; RR ; IC   ; 1      ; IOIBUF_X89_Y35_N61                    ; clk~input|i               ;
;   0.739 ;   0.739  ; RR ; CELL ; 1      ; IOIBUF_X89_Y35_N61                    ; clk~input|o               ;
;   0.739 ;   0.000  ;    ; RE   ; 1      ; IOIBUF_X89_Y35_N61                    ; ARRIAV_IO_IBUF            ;
;   0.739 ;   0.000  ;    ; RE   ; 1      ; IO_INPUT_BUFFER_OUTPUT_X89_Y35_N61_I2 ; IO_INPUT_BUFFER_OUTPUT    ;
;   0.739 ;   0.000  ;    ; RE   ; 1      ; IO_RE_X89_Y35_N60_I96                 ; IO_RE                     ;
;   0.833 ;   0.094  ;    ; RE   ; 1      ; IO_RE_X89_Y35_N60_I66                 ; IO_RE                     ;
;   1.125 ;   0.292  ;    ; RE   ; 1      ; CLKBUF_CLUSTER_RE_X89_Y39_N3_I421     ; CLKBUF_CLUSTER_RE         ;
;   1.125 ;   0.000  ;    ; RE   ; 1      ; CLKBUF_CLUSTER_RE_X89_Y39_N3_I772     ; CLKBUF_CLUSTER_RE         ;
;   1.125 ;   0.000  ;    ; RE   ; 1      ; CLKBUF_CLUSTER_RE_X89_Y39_N3_I557     ; CLKBUF_CLUSTER_RE         ;
;   1.125 ;   0.000  ;    ; RE   ; 1      ; GCLK_CLUSTER_RE_X89_Y39_N6_I10        ; GCLK_CLUSTER_RE           ;
;   1.125 ;   0.000  ;    ; RE   ; 1      ; CLKBUFBLOCK_INPUT_X89_Y39_N7_I0       ; CLKBUFBLOCK_INPUT         ;
;   1.125 ;   0.000  ; RR ; IC   ; 1      ; CLKCTRL_G9                            ; clk~inputCLKENA0|inclk    ;
;   1.632 ;   0.507  ; RR ; CELL ; 3357   ; CLKCTRL_G9                            ; clk~inputCLKENA0|outclk   ;
;   1.632 ;   0.000  ;    ; RE   ; 1      ; CLKCTRL_G9                            ; ARRIAV_CLKBUF             ;
;   1.632 ;   0.000  ;    ; RE   ; 1      ; CLKBUFBLOCK_OUTPUT_X89_Y39_N7_I2      ; CLKBUFBLOCK_OUTPUT        ;
;   1.632 ;   0.000  ;    ; RE   ; 1      ; GCLK_CLUSTER_RE_X89_Y39_N6_I12        ; GCLK_CLUSTER_RE           ;
;   1.632 ;   0.000  ;    ; RE   ; 1      ; CLKBUF_CLUSTER_RE_X89_Y39_N3_I416     ; CLKBUF_CLUSTER_RE         ;
;   2.460 ;   0.828  ;    ; RE   ; 4      ; GLOBAL_CLOCK_X0_Y36_N0_I9             ; GLOBAL_CLOCK              ;
;   2.608 ;   0.148  ;    ; RE   ; 14     ; SPINE_CLOCK_X77_Y0_N0_I7              ; SPINE_CLOCK               ;
;   3.019 ;   0.411  ;    ; RE   ; 1      ; SCLK_TO_ROWCLK_BUF_X77_Y11_N0_I43     ; SCLK_TO_ROWCLK_BUF        ;
;   3.113 ;   0.094  ;    ; RE   ; 2      ; SCLK_TO_ROWCLK_BUF_X77_Y11_N0_I46     ; SCLK_TO_ROWCLK_BUF        ;
;   3.590 ;   0.477  ;    ; RE   ; 9      ; LAB_CLK_X67_Y11_N0_I5                 ; LAB_CLK                   ;
;   3.725 ;   0.135  ;    ; RE   ; 1      ; BLK_CLK_BUF_X68_Y11_N0_I5             ; BLK_CLK_BUF               ;
;   3.780 ;   0.055  ;    ; RE   ; 1      ; ROWCLKSEL_PREBUF_X68_Y11_N0_I5        ; ROWCLKSEL_PREBUF          ;
;   3.839 ;   0.059  ;    ; RE   ; 1      ; ROWCLKSEL_X68_Y11_N0_I0               ; ROWCLKSEL                 ;
;   3.839 ;   0.000  ;    ; RE   ; 2      ; GLOBAL_LOCAL_SEL_X68_Y11_N0_I0        ; GLOBAL_LOCAL_SEL          ;
;   3.839 ;   0.000  ;    ; RE   ; 5      ; LAB_INPUT_X68_Y11_N0_I0               ; LAB_INPUT                 ;
;   3.839 ;   0.000  ; RR ; IC   ; 1      ; FF_X68_Y11_N56                        ; state_array[4][1][20]|clk ;
;   4.510 ;   0.671  ; RR ; CELL ; 1      ; FF_X68_Y11_N56                        ; state_array[4][1][20]     ;
;   4.382 ;   -0.128 ;    ;      ;        ;                                       ; clock pessimism removed   ;
; 4.382   ; 0.000    ;    ;      ;        ;                                       ; clock uncertainty         ;
; 4.382   ; 0.000    ;    ; uTh  ; 1      ; FF_X68_Y11_N56                        ; state_array[4][1][20]     ;
+---------+----------+----+------+--------+---------------------------------------+---------------------------+

----------------------------
; Extra Fitter Information ;
----------------------------
HTML report is unavailable in plain text report export.


Path #15: Hold slack is 0.472 
===============================================================================
+--------------------------------------------+
; Path Summary                               ;
+--------------------+-----------------------+
; Property           ; Value                 ;
+--------------------+-----------------------+
; From Node          ; state_array[2][1][35] ;
; To Node            ; state_array[2][1][35] ;
; Launch Clock       ; clk                   ;
; Latch Clock        ; clk                   ;
; Data Arrival Time  ; 4.850                 ;
; Data Required Time ; 4.378                 ;
; Slack              ; 0.472                 ;
+--------------------+-----------------------+

+-----------------------------------------------------------------------------------+
; Statistics                                                                        ;
+------------------------+-------+-------+-------------+------------+-------+-------+
; Property               ; Value ; Count ; Total Delay ; % of Total ; Min   ; Max   ;
+------------------------+-------+-------+-------------+------------+-------+-------+
; Hold Relationship      ; 0.000 ;       ;             ;            ;       ;       ;
; Clock Skew             ; 0.125 ;       ;             ;            ;       ;       ;
; Data Delay             ; 0.597 ;       ;             ;            ;       ;       ;
; Number of Logic Levels ;       ; 1     ;             ;            ;       ;       ;
; Physical Delays        ;       ;       ;             ;            ;       ;       ;
;  Arrival Path          ;       ;       ;             ;            ;       ;       ;
;   Clock                ;       ;       ;             ;            ;       ;       ;
;    IC                  ;       ; 3     ; 0.000       ; 0          ; 0.000 ; 0.000 ;
;    Cell                ;       ; 3     ; 1.773       ; 42         ; 0.470 ; 0.739 ;
;    Routing Element     ;       ; 26    ; 2.480       ; 58         ; 0.000 ; 0.786 ;
;   Data                 ;       ;       ;             ;            ;       ;       ;
;    IC                  ;       ; 2     ; 0.000       ; 0          ; 0.000 ; 0.000 ;
;    Cell                ;       ; 3     ; 0.303       ; 51         ; 0.000 ; 0.221 ;
;    uTco                ;       ; 1     ; 0.000       ; 0          ; 0.000 ; 0.000 ;
;    Routing Element     ;       ; 4     ; 0.294       ; 49         ; 0.000 ; 0.138 ;
;  Required Path         ;       ;       ;             ;            ;       ;       ;
;   Clock                ;       ;       ;             ;            ;       ;       ;
;    IC                  ;       ; 3     ; 0.000       ; 0          ; 0.000 ; 0.000 ;
;    Cell                ;       ; 3     ; 1.901       ; 42         ; 0.507 ; 0.739 ;
;    Routing Element     ;       ; 26    ; 2.604       ; 58         ; 0.000 ; 0.830 ;
+------------------------+-------+-------+-------------+------------+-------+-------+
Note: Negative delays are omitted from totals when calculating percentages

+------------------------------------------------------------------------------------------------------------+
; Data Arrival Path                                                                                          ;
+---------+---------+----+------+--------+---------------------------------------+---------------------------+
; Total   ; Incr    ; RF ; Type ; Fanout ; Location                              ; Element                   ;
+---------+---------+----+------+--------+---------------------------------------+---------------------------+
; 0.000   ; 0.000   ;    ;      ;        ;                                       ; launch edge time          ;
; 4.253   ; 4.253   ;    ;      ;        ;                                       ; clock path                ;
;   0.000 ;   0.000 ;    ;      ;        ;                                       ; source latency            ;
;   0.000 ;   0.000 ;    ;      ; 1      ; PIN_M16                               ; clk                       ;
;   0.000 ;   0.000 ;    ; RE   ; 1      ; IOPAD_X89_Y35_N60                     ; ARRIAV_IO_PAD             ;
;   0.000 ;   0.000 ;    ; RE   ; 1      ; IO_PAD_OUTPUT_X89_Y35_N60_I1          ; IO_PAD_OUTPUT             ;
;   0.000 ;   0.000 ;    ; RE   ; 1      ; IO_INPUT_BUFFER_INPUT_X89_Y35_N61_I0  ; IO_INPUT_BUFFER_INPUT     ;
;   0.000 ;   0.000 ; RR ; IC   ; 1      ; IOIBUF_X89_Y35_N61                    ; clk~input|i               ;
;   0.739 ;   0.739 ; RR ; CELL ; 1      ; IOIBUF_X89_Y35_N61                    ; clk~input|o               ;
;   0.739 ;   0.000 ;    ; RE   ; 1      ; IOIBUF_X89_Y35_N61                    ; ARRIAV_IO_IBUF            ;
;   0.739 ;   0.000 ;    ; RE   ; 1      ; IO_INPUT_BUFFER_OUTPUT_X89_Y35_N61_I2 ; IO_INPUT_BUFFER_OUTPUT    ;
;   0.739 ;   0.000 ;    ; RE   ; 1      ; IO_RE_X89_Y35_N60_I96                 ; IO_RE                     ;
;   0.827 ;   0.088 ;    ; RE   ; 1      ; IO_RE_X89_Y35_N60_I66                 ; IO_RE                     ;
;   1.102 ;   0.275 ;    ; RE   ; 1      ; CLKBUF_CLUSTER_RE_X89_Y39_N3_I421     ; CLKBUF_CLUSTER_RE         ;
;   1.102 ;   0.000 ;    ; RE   ; 1      ; CLKBUF_CLUSTER_RE_X89_Y39_N3_I772     ; CLKBUF_CLUSTER_RE         ;
;   1.102 ;   0.000 ;    ; RE   ; 1      ; CLKBUF_CLUSTER_RE_X89_Y39_N3_I557     ; CLKBUF_CLUSTER_RE         ;
;   1.102 ;   0.000 ;    ; RE   ; 1      ; GCLK_CLUSTER_RE_X89_Y39_N6_I10        ; GCLK_CLUSTER_RE           ;
;   1.102 ;   0.000 ;    ; RE   ; 1      ; CLKBUFBLOCK_INPUT_X89_Y39_N7_I0       ; CLKBUFBLOCK_INPUT         ;
;   1.102 ;   0.000 ; RR ; IC   ; 1      ; CLKCTRL_G9                            ; clk~inputCLKENA0|inclk    ;
;   1.572 ;   0.470 ; RR ; CELL ; 3357   ; CLKCTRL_G9                            ; clk~inputCLKENA0|outclk   ;
;   1.572 ;   0.000 ;    ; RE   ; 1      ; CLKCTRL_G9                            ; ARRIAV_CLKBUF             ;
;   1.572 ;   0.000 ;    ; RE   ; 1      ; CLKBUFBLOCK_OUTPUT_X89_Y39_N7_I2      ; CLKBUFBLOCK_OUTPUT        ;
;   1.572 ;   0.000 ;    ; RE   ; 1      ; GCLK_CLUSTER_RE_X89_Y39_N6_I12        ; GCLK_CLUSTER_RE           ;
;   1.572 ;   0.000 ;    ; RE   ; 1      ; CLKBUF_CLUSTER_RE_X89_Y39_N3_I416     ; CLKBUF_CLUSTER_RE         ;
;   2.358 ;   0.786 ;    ; RE   ; 4      ; GLOBAL_CLOCK_X0_Y36_N0_I9             ; GLOBAL_CLOCK              ;
;   2.499 ;   0.141 ;    ; RE   ; 14     ; SPINE_CLOCK_X55_Y0_N0_I22             ; SPINE_CLOCK               ;
;   2.896 ;   0.397 ;    ; RE   ; 1      ; SCLK_TO_ROWCLK_BUF_X55_Y10_N0_I133    ; SCLK_TO_ROWCLK_BUF        ;
;   2.987 ;   0.091 ;    ; RE   ; 2      ; SCLK_TO_ROWCLK_BUF_X55_Y10_N0_I136    ; SCLK_TO_ROWCLK_BUF        ;
;   3.452 ;   0.465 ;    ; RE   ; 10     ; LAB_CLK_X56_Y10_N0_I5                 ; LAB_CLK                   ;
;   3.581 ;   0.129 ;    ; RE   ; 1      ; BLK_CLK_BUF_X60_Y10_N0_I5             ; BLK_CLK_BUF               ;
;   3.635 ;   0.054 ;    ; RE   ; 1      ; ROWCLKSEL_PREBUF_X60_Y10_N0_I5        ; ROWCLKSEL_PREBUF          ;
;   3.689 ;   0.054 ;    ; RE   ; 1      ; ROWCLKSEL_X60_Y10_N0_I0               ; ROWCLKSEL                 ;
;   3.689 ;   0.000 ;    ; RE   ; 1      ; GLOBAL_LOCAL_SEL_X60_Y10_N0_I0        ; GLOBAL_LOCAL_SEL          ;
;   3.689 ;   0.000 ;    ; RE   ; 10     ; LAB_INPUT_X60_Y10_N0_I0               ; LAB_INPUT                 ;
;   3.689 ;   0.000 ; RR ; IC   ; 1      ; FF_X60_Y10_N56                        ; state_array[2][1][35]|clk ;
;   4.253 ;   0.564 ; RR ; CELL ; 1      ; FF_X60_Y10_N56                        ; state_array[2][1][35]     ;
; 4.850   ; 0.597   ;    ;      ;        ;                                       ; data path                 ;
;   4.253 ;   0.000 ;    ; uTco ; 1      ; FF_X60_Y10_N56                        ; state_array[2][1][35]     ;
;   4.253 ;   0.000 ; RR ; CELL ; 4      ; FF_X60_Y10_N56                        ; state_array[2][1][35]|q   ;
;   4.312 ;   0.059 ;    ; RE   ; 2      ; FF_X60_Y10_N56                        ; ARRIAV_FF                 ;
;   4.409 ;   0.097 ;    ; RE   ; 1      ; LOCAL_LINE_X60_Y10_N0_I18             ; LOCAL_LINE                ;
;   4.547 ;   0.138 ;    ; RE   ; 1      ; BLOCK_INPUT_MUX_X60_Y10_N0_I78        ; LEIM_INPUT                ;
;   4.547 ;   0.000 ; RR ; IC   ; 1      ; LABCELL_X60_Y10_N54                   ; state_array~2481|datag    ;
;   4.768 ;   0.221 ; RR ; CELL ; 1      ; LABCELL_X60_Y10_N54                   ; state_array~2481|combout  ;
;   4.768 ;   0.000 ;    ; RE   ; 1      ; LABCELL_X60_Y10_N54                   ; ARRIAV_LCELL_COMB         ;
;   4.768 ;   0.000 ; RR ; IC   ; 1      ; FF_X60_Y10_N56                        ; state_array[2][1][35]|d   ;
;   4.850 ;   0.082 ; RR ; CELL ; 1      ; FF_X60_Y10_N56                        ; state_array[2][1][35]     ;
+---------+---------+----+------+--------+---------------------------------------+---------------------------+

+-------------------------------------------------------------------------------------------------------------+
; Data Required Path                                                                                          ;
+---------+----------+----+------+--------+---------------------------------------+---------------------------+
; Total   ; Incr     ; RF ; Type ; Fanout ; Location                              ; Element                   ;
+---------+----------+----+------+--------+---------------------------------------+---------------------------+
; 0.000   ; 0.000    ;    ;      ;        ;                                       ; latch edge time           ;
; 4.378   ; 4.378    ;    ;      ;        ;                                       ; clock path                ;
;   0.000 ;   0.000  ;    ;      ;        ;                                       ; source latency            ;
;   0.000 ;   0.000  ;    ;      ; 1      ; PIN_M16                               ; clk                       ;
;   0.000 ;   0.000  ;    ; RE   ; 1      ; IOPAD_X89_Y35_N60                     ; ARRIAV_IO_PAD             ;
;   0.000 ;   0.000  ;    ; RE   ; 1      ; IO_PAD_OUTPUT_X89_Y35_N60_I1          ; IO_PAD_OUTPUT             ;
;   0.000 ;   0.000  ;    ; RE   ; 1      ; IO_INPUT_BUFFER_INPUT_X89_Y35_N61_I0  ; IO_INPUT_BUFFER_INPUT     ;
;   0.000 ;   0.000  ; RR ; IC   ; 1      ; IOIBUF_X89_Y35_N61                    ; clk~input|i               ;
;   0.739 ;   0.739  ; RR ; CELL ; 1      ; IOIBUF_X89_Y35_N61                    ; clk~input|o               ;
;   0.739 ;   0.000  ;    ; RE   ; 1      ; IOIBUF_X89_Y35_N61                    ; ARRIAV_IO_IBUF            ;
;   0.739 ;   0.000  ;    ; RE   ; 1      ; IO_INPUT_BUFFER_OUTPUT_X89_Y35_N61_I2 ; IO_INPUT_BUFFER_OUTPUT    ;
;   0.739 ;   0.000  ;    ; RE   ; 1      ; IO_RE_X89_Y35_N60_I96                 ; IO_RE                     ;
;   0.833 ;   0.094  ;    ; RE   ; 1      ; IO_RE_X89_Y35_N60_I66                 ; IO_RE                     ;
;   1.125 ;   0.292  ;    ; RE   ; 1      ; CLKBUF_CLUSTER_RE_X89_Y39_N3_I421     ; CLKBUF_CLUSTER_RE         ;
;   1.125 ;   0.000  ;    ; RE   ; 1      ; CLKBUF_CLUSTER_RE_X89_Y39_N3_I772     ; CLKBUF_CLUSTER_RE         ;
;   1.125 ;   0.000  ;    ; RE   ; 1      ; CLKBUF_CLUSTER_RE_X89_Y39_N3_I557     ; CLKBUF_CLUSTER_RE         ;
;   1.125 ;   0.000  ;    ; RE   ; 1      ; GCLK_CLUSTER_RE_X89_Y39_N6_I10        ; GCLK_CLUSTER_RE           ;
;   1.125 ;   0.000  ;    ; RE   ; 1      ; CLKBUFBLOCK_INPUT_X89_Y39_N7_I0       ; CLKBUFBLOCK_INPUT         ;
;   1.125 ;   0.000  ; RR ; IC   ; 1      ; CLKCTRL_G9                            ; clk~inputCLKENA0|inclk    ;
;   1.632 ;   0.507  ; RR ; CELL ; 3357   ; CLKCTRL_G9                            ; clk~inputCLKENA0|outclk   ;
;   1.632 ;   0.000  ;    ; RE   ; 1      ; CLKCTRL_G9                            ; ARRIAV_CLKBUF             ;
;   1.632 ;   0.000  ;    ; RE   ; 1      ; CLKBUFBLOCK_OUTPUT_X89_Y39_N7_I2      ; CLKBUFBLOCK_OUTPUT        ;
;   1.632 ;   0.000  ;    ; RE   ; 1      ; GCLK_CLUSTER_RE_X89_Y39_N6_I12        ; GCLK_CLUSTER_RE           ;
;   1.632 ;   0.000  ;    ; RE   ; 1      ; CLKBUF_CLUSTER_RE_X89_Y39_N3_I416     ; CLKBUF_CLUSTER_RE         ;
;   2.462 ;   0.830  ;    ; RE   ; 4      ; GLOBAL_CLOCK_X0_Y36_N0_I9             ; GLOBAL_CLOCK              ;
;   2.608 ;   0.146  ;    ; RE   ; 14     ; SPINE_CLOCK_X55_Y0_N0_I22             ; SPINE_CLOCK               ;
;   3.020 ;   0.412  ;    ; RE   ; 1      ; SCLK_TO_ROWCLK_BUF_X55_Y10_N0_I133    ; SCLK_TO_ROWCLK_BUF        ;
;   3.114 ;   0.094  ;    ; RE   ; 2      ; SCLK_TO_ROWCLK_BUF_X55_Y10_N0_I136    ; SCLK_TO_ROWCLK_BUF        ;
;   3.595 ;   0.481  ;    ; RE   ; 10     ; LAB_CLK_X56_Y10_N0_I5                 ; LAB_CLK                   ;
;   3.735 ;   0.140  ;    ; RE   ; 1      ; BLK_CLK_BUF_X60_Y10_N0_I5             ; BLK_CLK_BUF               ;
;   3.791 ;   0.056  ;    ; RE   ; 1      ; ROWCLKSEL_PREBUF_X60_Y10_N0_I5        ; ROWCLKSEL_PREBUF          ;
;   3.850 ;   0.059  ;    ; RE   ; 1      ; ROWCLKSEL_X60_Y10_N0_I0               ; ROWCLKSEL                 ;
;   3.850 ;   0.000  ;    ; RE   ; 1      ; GLOBAL_LOCAL_SEL_X60_Y10_N0_I0        ; GLOBAL_LOCAL_SEL          ;
;   3.850 ;   0.000  ;    ; RE   ; 10     ; LAB_INPUT_X60_Y10_N0_I0               ; LAB_INPUT                 ;
;   3.850 ;   0.000  ; RR ; IC   ; 1      ; FF_X60_Y10_N56                        ; state_array[2][1][35]|clk ;
;   4.505 ;   0.655  ; RR ; CELL ; 1      ; FF_X60_Y10_N56                        ; state_array[2][1][35]     ;
;   4.378 ;   -0.127 ;    ;      ;        ;                                       ; clock pessimism removed   ;
; 4.378   ; 0.000    ;    ;      ;        ;                                       ; clock uncertainty         ;
; 4.378   ; 0.000    ;    ; uTh  ; 1      ; FF_X60_Y10_N56                        ; state_array[2][1][35]     ;
+---------+----------+----+------+--------+---------------------------------------+---------------------------+

----------------------------
; Extra Fitter Information ;
----------------------------
HTML report is unavailable in plain text report export.


Path #16: Hold slack is 0.472 
===============================================================================
+--------------------------------------------+
; Path Summary                               ;
+--------------------+-----------------------+
; Property           ; Value                 ;
+--------------------+-----------------------+
; From Node          ; state_array[0][1][40] ;
; To Node            ; state_array[0][1][40] ;
; Launch Clock       ; clk                   ;
; Latch Clock        ; clk                   ;
; Data Arrival Time  ; 4.834                 ;
; Data Required Time ; 4.362                 ;
; Slack              ; 0.472                 ;
+--------------------+-----------------------+

+-----------------------------------------------------------------------------------+
; Statistics                                                                        ;
+------------------------+-------+-------+-------------+------------+-------+-------+
; Property               ; Value ; Count ; Total Delay ; % of Total ; Min   ; Max   ;
+------------------------+-------+-------+-------------+------------+-------+-------+
; Hold Relationship      ; 0.000 ;       ;             ;            ;       ;       ;
; Clock Skew             ; 0.125 ;       ;             ;            ;       ;       ;
; Data Delay             ; 0.597 ;       ;             ;            ;       ;       ;
; Number of Logic Levels ;       ; 1     ;             ;            ;       ;       ;
; Physical Delays        ;       ;       ;             ;            ;       ;       ;
;  Arrival Path          ;       ;       ;             ;            ;       ;       ;
;   Clock                ;       ;       ;             ;            ;       ;       ;
;    IC                  ;       ; 3     ; 0.001       ; 0          ; 0.000 ; 0.001 ;
;    Cell                ;       ; 3     ; 1.788       ; 42         ; 0.470 ; 0.739 ;
;    Routing Element     ;       ; 26    ; 2.448       ; 58         ; 0.000 ; 0.783 ;
;   Data                 ;       ;       ;             ;            ;       ;       ;
;    IC                  ;       ; 2     ; 0.000       ; 0          ; 0.000 ; 0.000 ;
;    Cell                ;       ; 3     ; 0.303       ; 51         ; 0.000 ; 0.221 ;
;    uTco                ;       ; 1     ; 0.000       ; 0          ; 0.000 ; 0.000 ;
;    Routing Element     ;       ; 4     ; 0.294       ; 49         ; 0.000 ; 0.138 ;
;  Required Path         ;       ;       ;             ;            ;       ;       ;
;   Clock                ;       ;       ;             ;            ;       ;       ;
;    IC                  ;       ; 3     ; 0.000       ; 0          ; 0.000 ; 0.000 ;
;    Cell                ;       ; 3     ; 1.917       ; 43         ; 0.507 ; 0.739 ;
;    Routing Element     ;       ; 26    ; 2.573       ; 57         ; 0.000 ; 0.828 ;
+------------------------+-------+-------+-------------+------------+-------+-------+
Note: Negative delays are omitted from totals when calculating percentages

+------------------------------------------------------------------------------------------------------------+
; Data Arrival Path                                                                                          ;
+---------+---------+----+------+--------+---------------------------------------+---------------------------+
; Total   ; Incr    ; RF ; Type ; Fanout ; Location                              ; Element                   ;
+---------+---------+----+------+--------+---------------------------------------+---------------------------+
; 0.000   ; 0.000   ;    ;      ;        ;                                       ; launch edge time          ;
; 4.237   ; 4.237   ;    ;      ;        ;                                       ; clock path                ;
;   0.000 ;   0.000 ;    ;      ;        ;                                       ; source latency            ;
;   0.000 ;   0.000 ;    ;      ; 1      ; PIN_M16                               ; clk                       ;
;   0.000 ;   0.000 ;    ; RE   ; 1      ; IOPAD_X89_Y35_N60                     ; ARRIAV_IO_PAD             ;
;   0.000 ;   0.000 ;    ; RE   ; 1      ; IO_PAD_OUTPUT_X89_Y35_N60_I1          ; IO_PAD_OUTPUT             ;
;   0.000 ;   0.000 ;    ; RE   ; 1      ; IO_INPUT_BUFFER_INPUT_X89_Y35_N61_I0  ; IO_INPUT_BUFFER_INPUT     ;
;   0.000 ;   0.000 ; RR ; IC   ; 1      ; IOIBUF_X89_Y35_N61                    ; clk~input|i               ;
;   0.739 ;   0.739 ; RR ; CELL ; 1      ; IOIBUF_X89_Y35_N61                    ; clk~input|o               ;
;   0.739 ;   0.000 ;    ; RE   ; 1      ; IOIBUF_X89_Y35_N61                    ; ARRIAV_IO_IBUF            ;
;   0.739 ;   0.000 ;    ; RE   ; 1      ; IO_INPUT_BUFFER_OUTPUT_X89_Y35_N61_I2 ; IO_INPUT_BUFFER_OUTPUT    ;
;   0.739 ;   0.000 ;    ; RE   ; 1      ; IO_RE_X89_Y35_N60_I96                 ; IO_RE                     ;
;   0.827 ;   0.088 ;    ; RE   ; 1      ; IO_RE_X89_Y35_N60_I66                 ; IO_RE                     ;
;   1.102 ;   0.275 ;    ; RE   ; 1      ; CLKBUF_CLUSTER_RE_X89_Y39_N3_I421     ; CLKBUF_CLUSTER_RE         ;
;   1.102 ;   0.000 ;    ; RE   ; 1      ; CLKBUF_CLUSTER_RE_X89_Y39_N3_I772     ; CLKBUF_CLUSTER_RE         ;
;   1.102 ;   0.000 ;    ; RE   ; 1      ; CLKBUF_CLUSTER_RE_X89_Y39_N3_I557     ; CLKBUF_CLUSTER_RE         ;
;   1.102 ;   0.000 ;    ; RE   ; 1      ; GCLK_CLUSTER_RE_X89_Y39_N6_I10        ; GCLK_CLUSTER_RE           ;
;   1.102 ;   0.000 ;    ; RE   ; 1      ; CLKBUFBLOCK_INPUT_X89_Y39_N7_I0       ; CLKBUFBLOCK_INPUT         ;
;   1.102 ;   0.000 ; RR ; IC   ; 1      ; CLKCTRL_G9                            ; clk~inputCLKENA0|inclk    ;
;   1.572 ;   0.470 ; RR ; CELL ; 3357   ; CLKCTRL_G9                            ; clk~inputCLKENA0|outclk   ;
;   1.572 ;   0.000 ;    ; RE   ; 1      ; CLKCTRL_G9                            ; ARRIAV_CLKBUF             ;
;   1.572 ;   0.000 ;    ; RE   ; 1      ; CLKBUFBLOCK_OUTPUT_X89_Y39_N7_I2      ; CLKBUFBLOCK_OUTPUT        ;
;   1.572 ;   0.000 ;    ; RE   ; 1      ; GCLK_CLUSTER_RE_X89_Y39_N6_I12        ; GCLK_CLUSTER_RE           ;
;   1.572 ;   0.000 ;    ; RE   ; 1      ; CLKBUF_CLUSTER_RE_X89_Y39_N3_I416     ; CLKBUF_CLUSTER_RE         ;
;   2.355 ;   0.783 ;    ; RE   ; 4      ; GLOBAL_CLOCK_X0_Y36_N0_I9             ; GLOBAL_CLOCK              ;
;   2.496 ;   0.141 ;    ; RE   ; 14     ; SPINE_CLOCK_X77_Y0_N0_I7              ; SPINE_CLOCK               ;
;   2.893 ;   0.397 ;    ; RE   ; 1      ; SCLK_TO_ROWCLK_BUF_X77_Y10_N0_I43     ; SCLK_TO_ROWCLK_BUF        ;
;   2.973 ;   0.080 ;    ; RE   ; 1      ; SCLK_TO_ROWCLK_BUF_X77_Y10_N0_I46     ; SCLK_TO_ROWCLK_BUF        ;
;   3.425 ;   0.452 ;    ; RE   ; 9      ; LAB_CLK_X67_Y10_N0_I5                 ; LAB_CLK                   ;
;   3.549 ;   0.124 ;    ; RE   ; 1      ; BLK_CLK_BUF_X73_Y10_N0_I5             ; BLK_CLK_BUF               ;
;   3.602 ;   0.053 ;    ; RE   ; 1      ; ROWCLKSEL_PREBUF_X73_Y10_N0_I5        ; ROWCLKSEL_PREBUF          ;
;   3.657 ;   0.055 ;    ; RE   ; 1      ; ROWCLKSEL_X73_Y10_N0_I0               ; ROWCLKSEL                 ;
;   3.657 ;   0.000 ;    ; RE   ; 2      ; GLOBAL_LOCAL_SEL_X73_Y10_N0_I0        ; GLOBAL_LOCAL_SEL          ;
;   3.657 ;   0.000 ;    ; RE   ; 6      ; LAB_INPUT_X73_Y10_N0_I0               ; LAB_INPUT                 ;
;   3.658 ;   0.001 ; RR ; IC   ; 1      ; FF_X73_Y10_N56                        ; state_array[0][1][40]|clk ;
;   4.237 ;   0.579 ; RR ; CELL ; 1      ; FF_X73_Y10_N56                        ; state_array[0][1][40]     ;
; 4.834   ; 0.597   ;    ;      ;        ;                                       ; data path                 ;
;   4.237 ;   0.000 ;    ; uTco ; 1      ; FF_X73_Y10_N56                        ; state_array[0][1][40]     ;
;   4.237 ;   0.000 ; RR ; CELL ; 4      ; FF_X73_Y10_N56                        ; state_array[0][1][40]|q   ;
;   4.296 ;   0.059 ;    ; RE   ; 2      ; FF_X73_Y10_N56                        ; ARRIAV_FF                 ;
;   4.393 ;   0.097 ;    ; RE   ; 1      ; LOCAL_LINE_X73_Y10_N0_I18             ; LOCAL_LINE                ;
;   4.531 ;   0.138 ;    ; RE   ; 1      ; BLOCK_INPUT_MUX_X73_Y10_N0_I78        ; LEIM_INPUT                ;
;   4.531 ;   0.000 ; RR ; IC   ; 1      ; LABCELL_X73_Y10_N54                   ; state_array~2321|datag    ;
;   4.752 ;   0.221 ; RR ; CELL ; 1      ; LABCELL_X73_Y10_N54                   ; state_array~2321|combout  ;
;   4.752 ;   0.000 ;    ; RE   ; 1      ; LABCELL_X73_Y10_N54                   ; ARRIAV_LCELL_COMB         ;
;   4.752 ;   0.000 ; RR ; IC   ; 1      ; FF_X73_Y10_N56                        ; state_array[0][1][40]|d   ;
;   4.834 ;   0.082 ; RR ; CELL ; 1      ; FF_X73_Y10_N56                        ; state_array[0][1][40]     ;
+---------+---------+----+------+--------+---------------------------------------+---------------------------+

+-------------------------------------------------------------------------------------------------------------+
; Data Required Path                                                                                          ;
+---------+----------+----+------+--------+---------------------------------------+---------------------------+
; Total   ; Incr     ; RF ; Type ; Fanout ; Location                              ; Element                   ;
+---------+----------+----+------+--------+---------------------------------------+---------------------------+
; 0.000   ; 0.000    ;    ;      ;        ;                                       ; latch edge time           ;
; 4.362   ; 4.362    ;    ;      ;        ;                                       ; clock path                ;
;   0.000 ;   0.000  ;    ;      ;        ;                                       ; source latency            ;
;   0.000 ;   0.000  ;    ;      ; 1      ; PIN_M16                               ; clk                       ;
;   0.000 ;   0.000  ;    ; RE   ; 1      ; IOPAD_X89_Y35_N60                     ; ARRIAV_IO_PAD             ;
;   0.000 ;   0.000  ;    ; RE   ; 1      ; IO_PAD_OUTPUT_X89_Y35_N60_I1          ; IO_PAD_OUTPUT             ;
;   0.000 ;   0.000  ;    ; RE   ; 1      ; IO_INPUT_BUFFER_INPUT_X89_Y35_N61_I0  ; IO_INPUT_BUFFER_INPUT     ;
;   0.000 ;   0.000  ; RR ; IC   ; 1      ; IOIBUF_X89_Y35_N61                    ; clk~input|i               ;
;   0.739 ;   0.739  ; RR ; CELL ; 1      ; IOIBUF_X89_Y35_N61                    ; clk~input|o               ;
;   0.739 ;   0.000  ;    ; RE   ; 1      ; IOIBUF_X89_Y35_N61                    ; ARRIAV_IO_IBUF            ;
;   0.739 ;   0.000  ;    ; RE   ; 1      ; IO_INPUT_BUFFER_OUTPUT_X89_Y35_N61_I2 ; IO_INPUT_BUFFER_OUTPUT    ;
;   0.739 ;   0.000  ;    ; RE   ; 1      ; IO_RE_X89_Y35_N60_I96                 ; IO_RE                     ;
;   0.833 ;   0.094  ;    ; RE   ; 1      ; IO_RE_X89_Y35_N60_I66                 ; IO_RE                     ;
;   1.125 ;   0.292  ;    ; RE   ; 1      ; CLKBUF_CLUSTER_RE_X89_Y39_N3_I421     ; CLKBUF_CLUSTER_RE         ;
;   1.125 ;   0.000  ;    ; RE   ; 1      ; CLKBUF_CLUSTER_RE_X89_Y39_N3_I772     ; CLKBUF_CLUSTER_RE         ;
;   1.125 ;   0.000  ;    ; RE   ; 1      ; CLKBUF_CLUSTER_RE_X89_Y39_N3_I557     ; CLKBUF_CLUSTER_RE         ;
;   1.125 ;   0.000  ;    ; RE   ; 1      ; GCLK_CLUSTER_RE_X89_Y39_N6_I10        ; GCLK_CLUSTER_RE           ;
;   1.125 ;   0.000  ;    ; RE   ; 1      ; CLKBUFBLOCK_INPUT_X89_Y39_N7_I0       ; CLKBUFBLOCK_INPUT         ;
;   1.125 ;   0.000  ; RR ; IC   ; 1      ; CLKCTRL_G9                            ; clk~inputCLKENA0|inclk    ;
;   1.632 ;   0.507  ; RR ; CELL ; 3357   ; CLKCTRL_G9                            ; clk~inputCLKENA0|outclk   ;
;   1.632 ;   0.000  ;    ; RE   ; 1      ; CLKCTRL_G9                            ; ARRIAV_CLKBUF             ;
;   1.632 ;   0.000  ;    ; RE   ; 1      ; CLKBUFBLOCK_OUTPUT_X89_Y39_N7_I2      ; CLKBUFBLOCK_OUTPUT        ;
;   1.632 ;   0.000  ;    ; RE   ; 1      ; GCLK_CLUSTER_RE_X89_Y39_N6_I12        ; GCLK_CLUSTER_RE           ;
;   1.632 ;   0.000  ;    ; RE   ; 1      ; CLKBUF_CLUSTER_RE_X89_Y39_N3_I416     ; CLKBUF_CLUSTER_RE         ;
;   2.460 ;   0.828  ;    ; RE   ; 4      ; GLOBAL_CLOCK_X0_Y36_N0_I9             ; GLOBAL_CLOCK              ;
;   2.606 ;   0.146  ;    ; RE   ; 14     ; SPINE_CLOCK_X77_Y0_N0_I7              ; SPINE_CLOCK               ;
;   3.018 ;   0.412  ;    ; RE   ; 1      ; SCLK_TO_ROWCLK_BUF_X77_Y10_N0_I43     ; SCLK_TO_ROWCLK_BUF        ;
;   3.101 ;   0.083  ;    ; RE   ; 1      ; SCLK_TO_ROWCLK_BUF_X77_Y10_N0_I46     ; SCLK_TO_ROWCLK_BUF        ;
;   3.569 ;   0.468  ;    ; RE   ; 9      ; LAB_CLK_X67_Y10_N0_I5                 ; LAB_CLK                   ;
;   3.704 ;   0.135  ;    ; RE   ; 1      ; BLK_CLK_BUF_X73_Y10_N0_I5             ; BLK_CLK_BUF               ;
;   3.759 ;   0.055  ;    ; RE   ; 1      ; ROWCLKSEL_PREBUF_X73_Y10_N0_I5        ; ROWCLKSEL_PREBUF          ;
;   3.819 ;   0.060  ;    ; RE   ; 1      ; ROWCLKSEL_X73_Y10_N0_I0               ; ROWCLKSEL                 ;
;   3.819 ;   0.000  ;    ; RE   ; 2      ; GLOBAL_LOCAL_SEL_X73_Y10_N0_I0        ; GLOBAL_LOCAL_SEL          ;
;   3.819 ;   0.000  ;    ; RE   ; 6      ; LAB_INPUT_X73_Y10_N0_I0               ; LAB_INPUT                 ;
;   3.819 ;   0.000  ; RR ; IC   ; 1      ; FF_X73_Y10_N56                        ; state_array[0][1][40]|clk ;
;   4.490 ;   0.671  ; RR ; CELL ; 1      ; FF_X73_Y10_N56                        ; state_array[0][1][40]     ;
;   4.362 ;   -0.128 ;    ;      ;        ;                                       ; clock pessimism removed   ;
; 4.362   ; 0.000    ;    ;      ;        ;                                       ; clock uncertainty         ;
; 4.362   ; 0.000    ;    ; uTh  ; 1      ; FF_X73_Y10_N56                        ; state_array[0][1][40]     ;
+---------+----------+----+------+--------+---------------------------------------+---------------------------+

----------------------------
; Extra Fitter Information ;
----------------------------
HTML report is unavailable in plain text report export.


Path #17: Hold slack is 0.472 
===============================================================================
+--------------------------------------------+
; Path Summary                               ;
+--------------------+-----------------------+
; Property           ; Value                 ;
+--------------------+-----------------------+
; From Node          ; state_array[1][1][11] ;
; To Node            ; state_array[1][1][11] ;
; Launch Clock       ; clk                   ;
; Latch Clock        ; clk                   ;
; Data Arrival Time  ; 4.871                 ;
; Data Required Time ; 4.399                 ;
; Slack              ; 0.472                 ;
+--------------------+-----------------------+

+-----------------------------------------------------------------------------------+
; Statistics                                                                        ;
+------------------------+-------+-------+-------------+------------+-------+-------+
; Property               ; Value ; Count ; Total Delay ; % of Total ; Min   ; Max   ;
+------------------------+-------+-------+-------------+------------+-------+-------+
; Hold Relationship      ; 0.000 ;       ;             ;            ;       ;       ;
; Clock Skew             ; 0.125 ;       ;             ;            ;       ;       ;
; Data Delay             ; 0.597 ;       ;             ;            ;       ;       ;
; Number of Logic Levels ;       ; 1     ;             ;            ;       ;       ;
; Physical Delays        ;       ;       ;             ;            ;       ;       ;
;  Arrival Path          ;       ;       ;             ;            ;       ;       ;
;   Clock                ;       ;       ;             ;            ;       ;       ;
;    IC                  ;       ; 3     ; 0.000       ; 0          ; 0.000 ; 0.000 ;
;    Cell                ;       ; 3     ; 1.788       ; 42         ; 0.470 ; 0.739 ;
;    Routing Element     ;       ; 26    ; 2.486       ; 58         ; 0.000 ; 0.786 ;
;   Data                 ;       ;       ;             ;            ;       ;       ;
;    IC                  ;       ; 2     ; 0.000       ; 0          ; 0.000 ; 0.000 ;
;    Cell                ;       ; 3     ; 0.303       ; 51         ; 0.000 ; 0.221 ;
;    uTco                ;       ; 1     ; 0.000       ; 0          ; 0.000 ; 0.000 ;
;    Routing Element     ;       ; 4     ; 0.294       ; 49         ; 0.000 ; 0.138 ;
;  Required Path         ;       ;       ;             ;            ;       ;       ;
;   Clock                ;       ;       ;             ;            ;       ;       ;
;    IC                  ;       ; 3     ; 0.000       ; 0          ; 0.000 ; 0.000 ;
;    Cell                ;       ; 3     ; 1.917       ; 42         ; 0.507 ; 0.739 ;
;    Routing Element     ;       ; 26    ; 2.609       ; 58         ; 0.000 ; 0.830 ;
+------------------------+-------+-------+-------------+------------+-------+-------+
Note: Negative delays are omitted from totals when calculating percentages

+------------------------------------------------------------------------------------------------------------+
; Data Arrival Path                                                                                          ;
+---------+---------+----+------+--------+---------------------------------------+---------------------------+
; Total   ; Incr    ; RF ; Type ; Fanout ; Location                              ; Element                   ;
+---------+---------+----+------+--------+---------------------------------------+---------------------------+
; 0.000   ; 0.000   ;    ;      ;        ;                                       ; launch edge time          ;
; 4.274   ; 4.274   ;    ;      ;        ;                                       ; clock path                ;
;   0.000 ;   0.000 ;    ;      ;        ;                                       ; source latency            ;
;   0.000 ;   0.000 ;    ;      ; 1      ; PIN_M16                               ; clk                       ;
;   0.000 ;   0.000 ;    ; RE   ; 1      ; IOPAD_X89_Y35_N60                     ; ARRIAV_IO_PAD             ;
;   0.000 ;   0.000 ;    ; RE   ; 1      ; IO_PAD_OUTPUT_X89_Y35_N60_I1          ; IO_PAD_OUTPUT             ;
;   0.000 ;   0.000 ;    ; RE   ; 1      ; IO_INPUT_BUFFER_INPUT_X89_Y35_N61_I0  ; IO_INPUT_BUFFER_INPUT     ;
;   0.000 ;   0.000 ; RR ; IC   ; 1      ; IOIBUF_X89_Y35_N61                    ; clk~input|i               ;
;   0.739 ;   0.739 ; RR ; CELL ; 1      ; IOIBUF_X89_Y35_N61                    ; clk~input|o               ;
;   0.739 ;   0.000 ;    ; RE   ; 1      ; IOIBUF_X89_Y35_N61                    ; ARRIAV_IO_IBUF            ;
;   0.739 ;   0.000 ;    ; RE   ; 1      ; IO_INPUT_BUFFER_OUTPUT_X89_Y35_N61_I2 ; IO_INPUT_BUFFER_OUTPUT    ;
;   0.739 ;   0.000 ;    ; RE   ; 1      ; IO_RE_X89_Y35_N60_I96                 ; IO_RE                     ;
;   0.827 ;   0.088 ;    ; RE   ; 1      ; IO_RE_X89_Y35_N60_I66                 ; IO_RE                     ;
;   1.102 ;   0.275 ;    ; RE   ; 1      ; CLKBUF_CLUSTER_RE_X89_Y39_N3_I421     ; CLKBUF_CLUSTER_RE         ;
;   1.102 ;   0.000 ;    ; RE   ; 1      ; CLKBUF_CLUSTER_RE_X89_Y39_N3_I772     ; CLKBUF_CLUSTER_RE         ;
;   1.102 ;   0.000 ;    ; RE   ; 1      ; CLKBUF_CLUSTER_RE_X89_Y39_N3_I557     ; CLKBUF_CLUSTER_RE         ;
;   1.102 ;   0.000 ;    ; RE   ; 1      ; GCLK_CLUSTER_RE_X89_Y39_N6_I10        ; GCLK_CLUSTER_RE           ;
;   1.102 ;   0.000 ;    ; RE   ; 1      ; CLKBUFBLOCK_INPUT_X89_Y39_N7_I0       ; CLKBUFBLOCK_INPUT         ;
;   1.102 ;   0.000 ; RR ; IC   ; 1      ; CLKCTRL_G9                            ; clk~inputCLKENA0|inclk    ;
;   1.572 ;   0.470 ; RR ; CELL ; 3357   ; CLKCTRL_G9                            ; clk~inputCLKENA0|outclk   ;
;   1.572 ;   0.000 ;    ; RE   ; 1      ; CLKCTRL_G9                            ; ARRIAV_CLKBUF             ;
;   1.572 ;   0.000 ;    ; RE   ; 1      ; CLKBUFBLOCK_OUTPUT_X89_Y39_N7_I2      ; CLKBUFBLOCK_OUTPUT        ;
;   1.572 ;   0.000 ;    ; RE   ; 1      ; GCLK_CLUSTER_RE_X89_Y39_N6_I12        ; GCLK_CLUSTER_RE           ;
;   1.572 ;   0.000 ;    ; RE   ; 1      ; CLKBUF_CLUSTER_RE_X89_Y39_N3_I416     ; CLKBUF_CLUSTER_RE         ;
;   2.358 ;   0.786 ;    ; RE   ; 4      ; GLOBAL_CLOCK_X0_Y36_N0_I9             ; GLOBAL_CLOCK              ;
;   2.504 ;   0.146 ;    ; RE   ; 14     ; SPINE_CLOCK_X55_Y0_N0_I22             ; SPINE_CLOCK               ;
;   2.910 ;   0.406 ;    ; RE   ; 1      ; SCLK_TO_ROWCLK_BUF_X55_Y13_N0_I133    ; SCLK_TO_ROWCLK_BUF        ;
;   3.001 ;   0.091 ;    ; RE   ; 2      ; SCLK_TO_ROWCLK_BUF_X55_Y13_N0_I136    ; SCLK_TO_ROWCLK_BUF        ;
;   3.462 ;   0.461 ;    ; RE   ; 6      ; LAB_CLK_X45_Y13_N0_I5                 ; LAB_CLK                   ;
;   3.587 ;   0.125 ;    ; RE   ; 1      ; BLK_CLK_BUF_X48_Y13_N0_I5             ; BLK_CLK_BUF               ;
;   3.640 ;   0.053 ;    ; RE   ; 1      ; ROWCLKSEL_PREBUF_X48_Y13_N0_I5        ; ROWCLKSEL_PREBUF          ;
;   3.695 ;   0.055 ;    ; RE   ; 1      ; ROWCLKSEL_X48_Y13_N0_I0               ; ROWCLKSEL                 ;
;   3.695 ;   0.000 ;    ; RE   ; 2      ; GLOBAL_LOCAL_SEL_X48_Y13_N0_I0        ; GLOBAL_LOCAL_SEL          ;
;   3.695 ;   0.000 ;    ; RE   ; 5      ; LAB_INPUT_X48_Y13_N0_I0               ; LAB_INPUT                 ;
;   3.695 ;   0.000 ; RR ; IC   ; 1      ; FF_X48_Y13_N56                        ; state_array[1][1][11]|clk ;
;   4.274 ;   0.579 ; RR ; CELL ; 1      ; FF_X48_Y13_N56                        ; state_array[1][1][11]     ;
; 4.871   ; 0.597   ;    ;      ;        ;                                       ; data path                 ;
;   4.274 ;   0.000 ;    ; uTco ; 1      ; FF_X48_Y13_N56                        ; state_array[1][1][11]     ;
;   4.274 ;   0.000 ; RR ; CELL ; 4      ; FF_X48_Y13_N56                        ; state_array[1][1][11]|q   ;
;   4.333 ;   0.059 ;    ; RE   ; 2      ; FF_X48_Y13_N56                        ; ARRIAV_FF                 ;
;   4.430 ;   0.097 ;    ; RE   ; 1      ; LOCAL_LINE_X48_Y13_N0_I18             ; LOCAL_LINE                ;
;   4.568 ;   0.138 ;    ; RE   ; 1      ; BLOCK_INPUT_MUX_X48_Y13_N0_I78        ; LEIM_INPUT                ;
;   4.568 ;   0.000 ; RR ; IC   ; 1      ; LABCELL_X48_Y13_N54                   ; state_array~3833|datag    ;
;   4.789 ;   0.221 ; RR ; CELL ; 1      ; LABCELL_X48_Y13_N54                   ; state_array~3833|combout  ;
;   4.789 ;   0.000 ;    ; RE   ; 1      ; LABCELL_X48_Y13_N54                   ; ARRIAV_LCELL_COMB         ;
;   4.789 ;   0.000 ; RR ; IC   ; 1      ; FF_X48_Y13_N56                        ; state_array[1][1][11]|d   ;
;   4.871 ;   0.082 ; RR ; CELL ; 1      ; FF_X48_Y13_N56                        ; state_array[1][1][11]     ;
+---------+---------+----+------+--------+---------------------------------------+---------------------------+

+-------------------------------------------------------------------------------------------------------------+
; Data Required Path                                                                                          ;
+---------+----------+----+------+--------+---------------------------------------+---------------------------+
; Total   ; Incr     ; RF ; Type ; Fanout ; Location                              ; Element                   ;
+---------+----------+----+------+--------+---------------------------------------+---------------------------+
; 0.000   ; 0.000    ;    ;      ;        ;                                       ; latch edge time           ;
; 4.399   ; 4.399    ;    ;      ;        ;                                       ; clock path                ;
;   0.000 ;   0.000  ;    ;      ;        ;                                       ; source latency            ;
;   0.000 ;   0.000  ;    ;      ; 1      ; PIN_M16                               ; clk                       ;
;   0.000 ;   0.000  ;    ; RE   ; 1      ; IOPAD_X89_Y35_N60                     ; ARRIAV_IO_PAD             ;
;   0.000 ;   0.000  ;    ; RE   ; 1      ; IO_PAD_OUTPUT_X89_Y35_N60_I1          ; IO_PAD_OUTPUT             ;
;   0.000 ;   0.000  ;    ; RE   ; 1      ; IO_INPUT_BUFFER_INPUT_X89_Y35_N61_I0  ; IO_INPUT_BUFFER_INPUT     ;
;   0.000 ;   0.000  ; RR ; IC   ; 1      ; IOIBUF_X89_Y35_N61                    ; clk~input|i               ;
;   0.739 ;   0.739  ; RR ; CELL ; 1      ; IOIBUF_X89_Y35_N61                    ; clk~input|o               ;
;   0.739 ;   0.000  ;    ; RE   ; 1      ; IOIBUF_X89_Y35_N61                    ; ARRIAV_IO_IBUF            ;
;   0.739 ;   0.000  ;    ; RE   ; 1      ; IO_INPUT_BUFFER_OUTPUT_X89_Y35_N61_I2 ; IO_INPUT_BUFFER_OUTPUT    ;
;   0.739 ;   0.000  ;    ; RE   ; 1      ; IO_RE_X89_Y35_N60_I96                 ; IO_RE                     ;
;   0.833 ;   0.094  ;    ; RE   ; 1      ; IO_RE_X89_Y35_N60_I66                 ; IO_RE                     ;
;   1.125 ;   0.292  ;    ; RE   ; 1      ; CLKBUF_CLUSTER_RE_X89_Y39_N3_I421     ; CLKBUF_CLUSTER_RE         ;
;   1.125 ;   0.000  ;    ; RE   ; 1      ; CLKBUF_CLUSTER_RE_X89_Y39_N3_I772     ; CLKBUF_CLUSTER_RE         ;
;   1.125 ;   0.000  ;    ; RE   ; 1      ; CLKBUF_CLUSTER_RE_X89_Y39_N3_I557     ; CLKBUF_CLUSTER_RE         ;
;   1.125 ;   0.000  ;    ; RE   ; 1      ; GCLK_CLUSTER_RE_X89_Y39_N6_I10        ; GCLK_CLUSTER_RE           ;
;   1.125 ;   0.000  ;    ; RE   ; 1      ; CLKBUFBLOCK_INPUT_X89_Y39_N7_I0       ; CLKBUFBLOCK_INPUT         ;
;   1.125 ;   0.000  ; RR ; IC   ; 1      ; CLKCTRL_G9                            ; clk~inputCLKENA0|inclk    ;
;   1.632 ;   0.507  ; RR ; CELL ; 3357   ; CLKCTRL_G9                            ; clk~inputCLKENA0|outclk   ;
;   1.632 ;   0.000  ;    ; RE   ; 1      ; CLKCTRL_G9                            ; ARRIAV_CLKBUF             ;
;   1.632 ;   0.000  ;    ; RE   ; 1      ; CLKBUFBLOCK_OUTPUT_X89_Y39_N7_I2      ; CLKBUFBLOCK_OUTPUT        ;
;   1.632 ;   0.000  ;    ; RE   ; 1      ; GCLK_CLUSTER_RE_X89_Y39_N6_I12        ; GCLK_CLUSTER_RE           ;
;   1.632 ;   0.000  ;    ; RE   ; 1      ; CLKBUF_CLUSTER_RE_X89_Y39_N3_I416     ; CLKBUF_CLUSTER_RE         ;
;   2.462 ;   0.830  ;    ; RE   ; 4      ; GLOBAL_CLOCK_X0_Y36_N0_I9             ; GLOBAL_CLOCK              ;
;   2.613 ;   0.151  ;    ; RE   ; 14     ; SPINE_CLOCK_X55_Y0_N0_I22             ; SPINE_CLOCK               ;
;   3.034 ;   0.421  ;    ; RE   ; 1      ; SCLK_TO_ROWCLK_BUF_X55_Y13_N0_I133    ; SCLK_TO_ROWCLK_BUF        ;
;   3.128 ;   0.094  ;    ; RE   ; 2      ; SCLK_TO_ROWCLK_BUF_X55_Y13_N0_I136    ; SCLK_TO_ROWCLK_BUF        ;
;   3.605 ;   0.477  ;    ; RE   ; 6      ; LAB_CLK_X45_Y13_N0_I5                 ; LAB_CLK                   ;
;   3.740 ;   0.135  ;    ; RE   ; 1      ; BLK_CLK_BUF_X48_Y13_N0_I5             ; BLK_CLK_BUF               ;
;   3.795 ;   0.055  ;    ; RE   ; 1      ; ROWCLKSEL_PREBUF_X48_Y13_N0_I5        ; ROWCLKSEL_PREBUF          ;
;   3.855 ;   0.060  ;    ; RE   ; 1      ; ROWCLKSEL_X48_Y13_N0_I0               ; ROWCLKSEL                 ;
;   3.855 ;   0.000  ;    ; RE   ; 2      ; GLOBAL_LOCAL_SEL_X48_Y13_N0_I0        ; GLOBAL_LOCAL_SEL          ;
;   3.855 ;   0.000  ;    ; RE   ; 5      ; LAB_INPUT_X48_Y13_N0_I0               ; LAB_INPUT                 ;
;   3.855 ;   0.000  ; RR ; IC   ; 1      ; FF_X48_Y13_N56                        ; state_array[1][1][11]|clk ;
;   4.526 ;   0.671  ; RR ; CELL ; 1      ; FF_X48_Y13_N56                        ; state_array[1][1][11]     ;
;   4.399 ;   -0.127 ;    ;      ;        ;                                       ; clock pessimism removed   ;
; 4.399   ; 0.000    ;    ;      ;        ;                                       ; clock uncertainty         ;
; 4.399   ; 0.000    ;    ; uTh  ; 1      ; FF_X48_Y13_N56                        ; state_array[1][1][11]     ;
+---------+----------+----+------+--------+---------------------------------------+---------------------------+

----------------------------
; Extra Fitter Information ;
----------------------------
HTML report is unavailable in plain text report export.


Path #18: Hold slack is 0.473 
===============================================================================
+--------------------------------------------+
; Path Summary                               ;
+--------------------+-----------------------+
; Property           ; Value                 ;
+--------------------+-----------------------+
; From Node          ; state_array[2][4][35] ;
; To Node            ; state_array[2][4][35] ;
; Launch Clock       ; clk                   ;
; Latch Clock        ; clk                   ;
; Data Arrival Time  ; 4.862                 ;
; Data Required Time ; 4.389                 ;
; Slack              ; 0.473                 ;
+--------------------+-----------------------+

+------------------------------------------------------------------------------------+
; Statistics                                                                         ;
+------------------------+-------+-------+-------------+------------+--------+-------+
; Property               ; Value ; Count ; Total Delay ; % of Total ; Min    ; Max   ;
+------------------------+-------+-------+-------------+------------+--------+-------+
; Hold Relationship      ; 0.000 ;       ;             ;            ;        ;       ;
; Clock Skew             ; 0.124 ;       ;             ;            ;        ;       ;
; Data Delay             ; 0.597 ;       ;             ;            ;        ;       ;
; Number of Logic Levels ;       ; 1     ;             ;            ;        ;       ;
; Physical Delays        ;       ;       ;             ;            ;        ;       ;
;  Arrival Path          ;       ;       ;             ;            ;        ;       ;
;   Clock                ;       ;       ;             ;            ;        ;       ;
;    IC                  ;       ; 3     ; 0.000       ; 0          ; 0.000  ; 0.000 ;
;    Cell                ;       ; 3     ; 1.782       ; 42         ; 0.470  ; 0.739 ;
;    Routing Element     ;       ; 26    ; 2.483       ; 58         ; 0.000  ; 0.786 ;
;   Data                 ;       ;       ;             ;            ;        ;       ;
;    IC                  ;       ; 2     ; 0.000       ; 0          ; 0.000  ; 0.000 ;
;    Cell                ;       ; 3     ; 0.303       ; 51         ; 0.000  ; 0.221 ;
;    uTco                ;       ; 1     ; 0.000       ; 0          ; 0.000  ; 0.000 ;
;    Routing Element     ;       ; 4     ; 0.294       ; 49         ; 0.000  ; 0.138 ;
;  Required Path         ;       ;       ;             ;            ;        ;       ;
;   Clock                ;       ;       ;             ;            ;        ;       ;
;    IC                  ;       ; 3     ; -0.001      ; 0          ; -0.001 ; 0.000 ;
;    Cell                ;       ; 3     ; 1.910       ; 42         ; 0.507  ; 0.739 ;
;    Routing Element     ;       ; 26    ; 2.607       ; 58         ; 0.000  ; 0.830 ;
+------------------------+-------+-------+-------------+------------+--------+-------+
Note: Negative delays are omitted from totals when calculating percentages

+------------------------------------------------------------------------------------------------------------+
; Data Arrival Path                                                                                          ;
+---------+---------+----+------+--------+---------------------------------------+---------------------------+
; Total   ; Incr    ; RF ; Type ; Fanout ; Location                              ; Element                   ;
+---------+---------+----+------+--------+---------------------------------------+---------------------------+
; 0.000   ; 0.000   ;    ;      ;        ;                                       ; launch edge time          ;
; 4.265   ; 4.265   ;    ;      ;        ;                                       ; clock path                ;
;   0.000 ;   0.000 ;    ;      ;        ;                                       ; source latency            ;
;   0.000 ;   0.000 ;    ;      ; 1      ; PIN_M16                               ; clk                       ;
;   0.000 ;   0.000 ;    ; RE   ; 1      ; IOPAD_X89_Y35_N60                     ; ARRIAV_IO_PAD             ;
;   0.000 ;   0.000 ;    ; RE   ; 1      ; IO_PAD_OUTPUT_X89_Y35_N60_I1          ; IO_PAD_OUTPUT             ;
;   0.000 ;   0.000 ;    ; RE   ; 1      ; IO_INPUT_BUFFER_INPUT_X89_Y35_N61_I0  ; IO_INPUT_BUFFER_INPUT     ;
;   0.000 ;   0.000 ; RR ; IC   ; 1      ; IOIBUF_X89_Y35_N61                    ; clk~input|i               ;
;   0.739 ;   0.739 ; RR ; CELL ; 1      ; IOIBUF_X89_Y35_N61                    ; clk~input|o               ;
;   0.739 ;   0.000 ;    ; RE   ; 1      ; IOIBUF_X89_Y35_N61                    ; ARRIAV_IO_IBUF            ;
;   0.739 ;   0.000 ;    ; RE   ; 1      ; IO_INPUT_BUFFER_OUTPUT_X89_Y35_N61_I2 ; IO_INPUT_BUFFER_OUTPUT    ;
;   0.739 ;   0.000 ;    ; RE   ; 1      ; IO_RE_X89_Y35_N60_I96                 ; IO_RE                     ;
;   0.827 ;   0.088 ;    ; RE   ; 1      ; IO_RE_X89_Y35_N60_I66                 ; IO_RE                     ;
;   1.102 ;   0.275 ;    ; RE   ; 1      ; CLKBUF_CLUSTER_RE_X89_Y39_N3_I421     ; CLKBUF_CLUSTER_RE         ;
;   1.102 ;   0.000 ;    ; RE   ; 1      ; CLKBUF_CLUSTER_RE_X89_Y39_N3_I772     ; CLKBUF_CLUSTER_RE         ;
;   1.102 ;   0.000 ;    ; RE   ; 1      ; CLKBUF_CLUSTER_RE_X89_Y39_N3_I557     ; CLKBUF_CLUSTER_RE         ;
;   1.102 ;   0.000 ;    ; RE   ; 1      ; GCLK_CLUSTER_RE_X89_Y39_N6_I10        ; GCLK_CLUSTER_RE           ;
;   1.102 ;   0.000 ;    ; RE   ; 1      ; CLKBUFBLOCK_INPUT_X89_Y39_N7_I0       ; CLKBUFBLOCK_INPUT         ;
;   1.102 ;   0.000 ; RR ; IC   ; 1      ; CLKCTRL_G9                            ; clk~inputCLKENA0|inclk    ;
;   1.572 ;   0.470 ; RR ; CELL ; 3357   ; CLKCTRL_G9                            ; clk~inputCLKENA0|outclk   ;
;   1.572 ;   0.000 ;    ; RE   ; 1      ; CLKCTRL_G9                            ; ARRIAV_CLKBUF             ;
;   1.572 ;   0.000 ;    ; RE   ; 1      ; CLKBUFBLOCK_OUTPUT_X89_Y39_N7_I2      ; CLKBUFBLOCK_OUTPUT        ;
;   1.572 ;   0.000 ;    ; RE   ; 1      ; GCLK_CLUSTER_RE_X89_Y39_N6_I12        ; GCLK_CLUSTER_RE           ;
;   1.572 ;   0.000 ;    ; RE   ; 1      ; CLKBUF_CLUSTER_RE_X89_Y39_N3_I416     ; CLKBUF_CLUSTER_RE         ;
;   2.358 ;   0.786 ;    ; RE   ; 4      ; GLOBAL_CLOCK_X0_Y36_N0_I9             ; GLOBAL_CLOCK              ;
;   2.500 ;   0.142 ;    ; RE   ; 14     ; SPINE_CLOCK_X55_Y0_N0_I22             ; SPINE_CLOCK               ;
;   2.897 ;   0.397 ;    ; RE   ; 1      ; SCLK_TO_ROWCLK_BUF_X55_Y11_N0_I133    ; SCLK_TO_ROWCLK_BUF        ;
;   2.988 ;   0.091 ;    ; RE   ; 2      ; SCLK_TO_ROWCLK_BUF_X55_Y11_N0_I136    ; SCLK_TO_ROWCLK_BUF        ;
;   3.454 ;   0.466 ;    ; RE   ; 10     ; LAB_CLK_X56_Y11_N0_I5                 ; LAB_CLK                   ;
;   3.583 ;   0.129 ;    ; RE   ; 1      ; BLK_CLK_BUF_X61_Y11_N0_I5             ; BLK_CLK_BUF               ;
;   3.638 ;   0.055 ;    ; RE   ; 1      ; ROWCLKSEL_PREBUF_X61_Y11_N0_I5        ; ROWCLKSEL_PREBUF          ;
;   3.692 ;   0.054 ;    ; RE   ; 1      ; ROWCLKSEL_X61_Y11_N0_I1               ; ROWCLKSEL                 ;
;   3.692 ;   0.000 ;    ; RE   ; 2      ; GLOBAL_LOCAL_SEL_X61_Y11_N0_I1        ; GLOBAL_LOCAL_SEL          ;
;   3.692 ;   0.000 ;    ; RE   ; 7      ; LAB_INPUT_X61_Y11_N0_I0               ; LAB_INPUT                 ;
;   3.692 ;   0.000 ; RR ; IC   ; 1      ; FF_X61_Y11_N56                        ; state_array[2][4][35]|clk ;
;   4.265 ;   0.573 ; RR ; CELL ; 1      ; FF_X61_Y11_N56                        ; state_array[2][4][35]     ;
; 4.862   ; 0.597   ;    ;      ;        ;                                       ; data path                 ;
;   4.265 ;   0.000 ;    ; uTco ; 1      ; FF_X61_Y11_N56                        ; state_array[2][4][35]     ;
;   4.265 ;   0.000 ; RR ; CELL ; 4      ; FF_X61_Y11_N56                        ; state_array[2][4][35]|q   ;
;   4.324 ;   0.059 ;    ; RE   ; 2      ; FF_X61_Y11_N56                        ; ARRIAV_FF                 ;
;   4.421 ;   0.097 ;    ; RE   ; 1      ; LOCAL_LINE_X61_Y11_N0_I18             ; LOCAL_LINE                ;
;   4.559 ;   0.138 ;    ; RE   ; 1      ; BLOCK_INPUT_MUX_X61_Y11_N0_I78        ; LEIM_INPUT                ;
;   4.559 ;   0.000 ; RR ; IC   ; 1      ; LABCELL_X61_Y11_N54                   ; state_array~2553|datag    ;
;   4.780 ;   0.221 ; RR ; CELL ; 1      ; LABCELL_X61_Y11_N54                   ; state_array~2553|combout  ;
;   4.780 ;   0.000 ;    ; RE   ; 1      ; LABCELL_X61_Y11_N54                   ; ARRIAV_LCELL_COMB         ;
;   4.780 ;   0.000 ; RR ; IC   ; 1      ; FF_X61_Y11_N56                        ; state_array[2][4][35]|d   ;
;   4.862 ;   0.082 ; RR ; CELL ; 1      ; FF_X61_Y11_N56                        ; state_array[2][4][35]     ;
+---------+---------+----+------+--------+---------------------------------------+---------------------------+

+-------------------------------------------------------------------------------------------------------------+
; Data Required Path                                                                                          ;
+---------+----------+----+------+--------+---------------------------------------+---------------------------+
; Total   ; Incr     ; RF ; Type ; Fanout ; Location                              ; Element                   ;
+---------+----------+----+------+--------+---------------------------------------+---------------------------+
; 0.000   ; 0.000    ;    ;      ;        ;                                       ; latch edge time           ;
; 4.389   ; 4.389    ;    ;      ;        ;                                       ; clock path                ;
;   0.000 ;   0.000  ;    ;      ;        ;                                       ; source latency            ;
;   0.000 ;   0.000  ;    ;      ; 1      ; PIN_M16                               ; clk                       ;
;   0.000 ;   0.000  ;    ; RE   ; 1      ; IOPAD_X89_Y35_N60                     ; ARRIAV_IO_PAD             ;
;   0.000 ;   0.000  ;    ; RE   ; 1      ; IO_PAD_OUTPUT_X89_Y35_N60_I1          ; IO_PAD_OUTPUT             ;
;   0.000 ;   0.000  ;    ; RE   ; 1      ; IO_INPUT_BUFFER_INPUT_X89_Y35_N61_I0  ; IO_INPUT_BUFFER_INPUT     ;
;   0.000 ;   0.000  ; RR ; IC   ; 1      ; IOIBUF_X89_Y35_N61                    ; clk~input|i               ;
;   0.739 ;   0.739  ; RR ; CELL ; 1      ; IOIBUF_X89_Y35_N61                    ; clk~input|o               ;
;   0.739 ;   0.000  ;    ; RE   ; 1      ; IOIBUF_X89_Y35_N61                    ; ARRIAV_IO_IBUF            ;
;   0.739 ;   0.000  ;    ; RE   ; 1      ; IO_INPUT_BUFFER_OUTPUT_X89_Y35_N61_I2 ; IO_INPUT_BUFFER_OUTPUT    ;
;   0.739 ;   0.000  ;    ; RE   ; 1      ; IO_RE_X89_Y35_N60_I96                 ; IO_RE                     ;
;   0.833 ;   0.094  ;    ; RE   ; 1      ; IO_RE_X89_Y35_N60_I66                 ; IO_RE                     ;
;   1.125 ;   0.292  ;    ; RE   ; 1      ; CLKBUF_CLUSTER_RE_X89_Y39_N3_I421     ; CLKBUF_CLUSTER_RE         ;
;   1.125 ;   0.000  ;    ; RE   ; 1      ; CLKBUF_CLUSTER_RE_X89_Y39_N3_I772     ; CLKBUF_CLUSTER_RE         ;
;   1.125 ;   0.000  ;    ; RE   ; 1      ; CLKBUF_CLUSTER_RE_X89_Y39_N3_I557     ; CLKBUF_CLUSTER_RE         ;
;   1.125 ;   0.000  ;    ; RE   ; 1      ; GCLK_CLUSTER_RE_X89_Y39_N6_I10        ; GCLK_CLUSTER_RE           ;
;   1.125 ;   0.000  ;    ; RE   ; 1      ; CLKBUFBLOCK_INPUT_X89_Y39_N7_I0       ; CLKBUFBLOCK_INPUT         ;
;   1.125 ;   0.000  ; RR ; IC   ; 1      ; CLKCTRL_G9                            ; clk~inputCLKENA0|inclk    ;
;   1.632 ;   0.507  ; RR ; CELL ; 3357   ; CLKCTRL_G9                            ; clk~inputCLKENA0|outclk   ;
;   1.632 ;   0.000  ;    ; RE   ; 1      ; CLKCTRL_G9                            ; ARRIAV_CLKBUF             ;
;   1.632 ;   0.000  ;    ; RE   ; 1      ; CLKBUFBLOCK_OUTPUT_X89_Y39_N7_I2      ; CLKBUFBLOCK_OUTPUT        ;
;   1.632 ;   0.000  ;    ; RE   ; 1      ; GCLK_CLUSTER_RE_X89_Y39_N6_I12        ; GCLK_CLUSTER_RE           ;
;   1.632 ;   0.000  ;    ; RE   ; 1      ; CLKBUF_CLUSTER_RE_X89_Y39_N3_I416     ; CLKBUF_CLUSTER_RE         ;
;   2.462 ;   0.830  ;    ; RE   ; 4      ; GLOBAL_CLOCK_X0_Y36_N0_I9             ; GLOBAL_CLOCK              ;
;   2.610 ;   0.148  ;    ; RE   ; 14     ; SPINE_CLOCK_X55_Y0_N0_I22             ; SPINE_CLOCK               ;
;   3.021 ;   0.411  ;    ; RE   ; 1      ; SCLK_TO_ROWCLK_BUF_X55_Y11_N0_I133    ; SCLK_TO_ROWCLK_BUF        ;
;   3.115 ;   0.094  ;    ; RE   ; 2      ; SCLK_TO_ROWCLK_BUF_X55_Y11_N0_I136    ; SCLK_TO_ROWCLK_BUF        ;
;   3.598 ;   0.483  ;    ; RE   ; 10     ; LAB_CLK_X56_Y11_N0_I5                 ; LAB_CLK                   ;
;   3.738 ;   0.140  ;    ; RE   ; 1      ; BLK_CLK_BUF_X61_Y11_N0_I5             ; BLK_CLK_BUF               ;
;   3.794 ;   0.056  ;    ; RE   ; 1      ; ROWCLKSEL_PREBUF_X61_Y11_N0_I5        ; ROWCLKSEL_PREBUF          ;
;   3.853 ;   0.059  ;    ; RE   ; 1      ; ROWCLKSEL_X61_Y11_N0_I1               ; ROWCLKSEL                 ;
;   3.853 ;   0.000  ;    ; RE   ; 2      ; GLOBAL_LOCAL_SEL_X61_Y11_N0_I1        ; GLOBAL_LOCAL_SEL          ;
;   3.853 ;   0.000  ;    ; RE   ; 7      ; LAB_INPUT_X61_Y11_N0_I0               ; LAB_INPUT                 ;
;   3.852 ;   -0.001 ; RR ; IC   ; 1      ; FF_X61_Y11_N56                        ; state_array[2][4][35]|clk ;
;   4.516 ;   0.664  ; RR ; CELL ; 1      ; FF_X61_Y11_N56                        ; state_array[2][4][35]     ;
;   4.389 ;   -0.127 ;    ;      ;        ;                                       ; clock pessimism removed   ;
; 4.389   ; 0.000    ;    ;      ;        ;                                       ; clock uncertainty         ;
; 4.389   ; 0.000    ;    ; uTh  ; 1      ; FF_X61_Y11_N56                        ; state_array[2][4][35]     ;
+---------+----------+----+------+--------+---------------------------------------+---------------------------+

----------------------------
; Extra Fitter Information ;
----------------------------
HTML report is unavailable in plain text report export.


Path #19: Hold slack is 0.474 
===============================================================================
+--------------------------------------------+
; Path Summary                               ;
+--------------------+-----------------------+
; Property           ; Value                 ;
+--------------------+-----------------------+
; From Node          ; state_array[0][3][60] ;
; To Node            ; state_array[0][3][60] ;
; Launch Clock       ; clk                   ;
; Latch Clock        ; clk                   ;
; Data Arrival Time  ; 4.859                 ;
; Data Required Time ; 4.385                 ;
; Slack              ; 0.474                 ;
+--------------------+-----------------------+

+-----------------------------------------------------------------------------------+
; Statistics                                                                        ;
+------------------------+-------+-------+-------------+------------+-------+-------+
; Property               ; Value ; Count ; Total Delay ; % of Total ; Min   ; Max   ;
+------------------------+-------+-------+-------------+------------+-------+-------+
; Hold Relationship      ; 0.000 ;       ;             ;            ;       ;       ;
; Clock Skew             ; 0.125 ;       ;             ;            ;       ;       ;
; Data Delay             ; 0.599 ;       ;             ;            ;       ;       ;
; Number of Logic Levels ;       ; 1     ;             ;            ;       ;       ;
; Physical Delays        ;       ;       ;             ;            ;       ;       ;
;  Arrival Path          ;       ;       ;             ;            ;       ;       ;
;   Clock                ;       ;       ;             ;            ;       ;       ;
;    IC                  ;       ; 3     ; 0.001       ; 0          ; 0.000 ; 0.001 ;
;    Cell                ;       ; 3     ; 1.773       ; 42         ; 0.470 ; 0.739 ;
;    Routing Element     ;       ; 26    ; 2.486       ; 58         ; 0.000 ; 0.786 ;
;   Data                 ;       ;       ;             ;            ;       ;       ;
;    IC                  ;       ; 2     ; 0.000       ; 0          ; 0.000 ; 0.000 ;
;    Cell                ;       ; 3     ; 0.303       ; 51         ; 0.000 ; 0.221 ;
;    uTco                ;       ; 1     ; 0.000       ; 0          ; 0.000 ; 0.000 ;
;    Routing Element     ;       ; 4     ; 0.296       ; 49         ; 0.000 ; 0.139 ;
;  Required Path         ;       ;       ;             ;            ;       ;       ;
;   Clock                ;       ;       ;             ;            ;       ;       ;
;    IC                  ;       ; 3     ; 0.000       ; 0          ; 0.000 ; 0.000 ;
;    Cell                ;       ; 3     ; 1.901       ; 42         ; 0.507 ; 0.739 ;
;    Routing Element     ;       ; 26    ; 2.611       ; 58         ; 0.000 ; 0.830 ;
+------------------------+-------+-------+-------------+------------+-------+-------+
Note: Negative delays are omitted from totals when calculating percentages

+------------------------------------------------------------------------------------------------------------+
; Data Arrival Path                                                                                          ;
+---------+---------+----+------+--------+---------------------------------------+---------------------------+
; Total   ; Incr    ; RF ; Type ; Fanout ; Location                              ; Element                   ;
+---------+---------+----+------+--------+---------------------------------------+---------------------------+
; 0.000   ; 0.000   ;    ;      ;        ;                                       ; launch edge time          ;
; 4.260   ; 4.260   ;    ;      ;        ;                                       ; clock path                ;
;   0.000 ;   0.000 ;    ;      ;        ;                                       ; source latency            ;
;   0.000 ;   0.000 ;    ;      ; 1      ; PIN_M16                               ; clk                       ;
;   0.000 ;   0.000 ;    ; RE   ; 1      ; IOPAD_X89_Y35_N60                     ; ARRIAV_IO_PAD             ;
;   0.000 ;   0.000 ;    ; RE   ; 1      ; IO_PAD_OUTPUT_X89_Y35_N60_I1          ; IO_PAD_OUTPUT             ;
;   0.000 ;   0.000 ;    ; RE   ; 1      ; IO_INPUT_BUFFER_INPUT_X89_Y35_N61_I0  ; IO_INPUT_BUFFER_INPUT     ;
;   0.000 ;   0.000 ; RR ; IC   ; 1      ; IOIBUF_X89_Y35_N61                    ; clk~input|i               ;
;   0.739 ;   0.739 ; RR ; CELL ; 1      ; IOIBUF_X89_Y35_N61                    ; clk~input|o               ;
;   0.739 ;   0.000 ;    ; RE   ; 1      ; IOIBUF_X89_Y35_N61                    ; ARRIAV_IO_IBUF            ;
;   0.739 ;   0.000 ;    ; RE   ; 1      ; IO_INPUT_BUFFER_OUTPUT_X89_Y35_N61_I2 ; IO_INPUT_BUFFER_OUTPUT    ;
;   0.739 ;   0.000 ;    ; RE   ; 1      ; IO_RE_X89_Y35_N60_I96                 ; IO_RE                     ;
;   0.827 ;   0.088 ;    ; RE   ; 1      ; IO_RE_X89_Y35_N60_I66                 ; IO_RE                     ;
;   1.102 ;   0.275 ;    ; RE   ; 1      ; CLKBUF_CLUSTER_RE_X89_Y39_N3_I421     ; CLKBUF_CLUSTER_RE         ;
;   1.102 ;   0.000 ;    ; RE   ; 1      ; CLKBUF_CLUSTER_RE_X89_Y39_N3_I772     ; CLKBUF_CLUSTER_RE         ;
;   1.102 ;   0.000 ;    ; RE   ; 1      ; CLKBUF_CLUSTER_RE_X89_Y39_N3_I557     ; CLKBUF_CLUSTER_RE         ;
;   1.102 ;   0.000 ;    ; RE   ; 1      ; GCLK_CLUSTER_RE_X89_Y39_N6_I10        ; GCLK_CLUSTER_RE           ;
;   1.102 ;   0.000 ;    ; RE   ; 1      ; CLKBUFBLOCK_INPUT_X89_Y39_N7_I0       ; CLKBUFBLOCK_INPUT         ;
;   1.102 ;   0.000 ; RR ; IC   ; 1      ; CLKCTRL_G9                            ; clk~inputCLKENA0|inclk    ;
;   1.572 ;   0.470 ; RR ; CELL ; 3357   ; CLKCTRL_G9                            ; clk~inputCLKENA0|outclk   ;
;   1.572 ;   0.000 ;    ; RE   ; 1      ; CLKCTRL_G9                            ; ARRIAV_CLKBUF             ;
;   1.572 ;   0.000 ;    ; RE   ; 1      ; CLKBUFBLOCK_OUTPUT_X89_Y39_N7_I2      ; CLKBUFBLOCK_OUTPUT        ;
;   1.572 ;   0.000 ;    ; RE   ; 1      ; GCLK_CLUSTER_RE_X89_Y39_N6_I12        ; GCLK_CLUSTER_RE           ;
;   1.572 ;   0.000 ;    ; RE   ; 1      ; CLKBUF_CLUSTER_RE_X89_Y39_N3_I416     ; CLKBUF_CLUSTER_RE         ;
;   2.358 ;   0.786 ;    ; RE   ; 4      ; GLOBAL_CLOCK_X0_Y36_N0_I9             ; GLOBAL_CLOCK              ;
;   2.497 ;   0.139 ;    ; RE   ; 14     ; SPINE_CLOCK_X55_Y0_N0_I22             ; SPINE_CLOCK               ;
;   2.894 ;   0.397 ;    ; RE   ; 1      ; SCLK_TO_ROWCLK_BUF_X55_Y9_N0_I133     ; SCLK_TO_ROWCLK_BUF        ;
;   2.987 ;   0.093 ;    ; RE   ; 2      ; SCLK_TO_ROWCLK_BUF_X55_Y9_N0_I136     ; SCLK_TO_ROWCLK_BUF        ;
;   3.456 ;   0.469 ;    ; RE   ; 10     ; LAB_CLK_X56_Y9_N0_I5                  ; LAB_CLK                   ;
;   3.586 ;   0.130 ;    ; RE   ; 1      ; BLK_CLK_BUF_X66_Y9_N0_I5              ; BLK_CLK_BUF               ;
;   3.640 ;   0.054 ;    ; RE   ; 1      ; ROWCLKSEL_PREBUF_X66_Y9_N0_I5         ; ROWCLKSEL_PREBUF          ;
;   3.695 ;   0.055 ;    ; RE   ; 1      ; ROWCLKSEL_X66_Y9_N0_I0                ; ROWCLKSEL                 ;
;   3.695 ;   0.000 ;    ; RE   ; 1      ; GLOBAL_LOCAL_SEL_X66_Y9_N0_I0         ; GLOBAL_LOCAL_SEL          ;
;   3.695 ;   0.000 ;    ; RE   ; 5      ; LAB_INPUT_X66_Y9_N0_I0                ; LAB_INPUT                 ;
;   3.696 ;   0.001 ; RR ; IC   ; 1      ; FF_X66_Y9_N2                          ; state_array[0][3][60]|clk ;
;   4.260 ;   0.564 ; RR ; CELL ; 1      ; FF_X66_Y9_N2                          ; state_array[0][3][60]     ;
; 4.859   ; 0.599   ;    ;      ;        ;                                       ; data path                 ;
;   4.260 ;   0.000 ;    ; uTco ; 1      ; FF_X66_Y9_N2                          ; state_array[0][3][60]     ;
;   4.260 ;   0.000 ; RR ; CELL ; 4      ; FF_X66_Y9_N2                          ; state_array[0][3][60]|q   ;
;   4.319 ;   0.059 ;    ; RE   ; 2      ; FF_X66_Y9_N2                          ; ARRIAV_FF                 ;
;   4.417 ;   0.098 ;    ; RE   ; 1      ; LOCAL_LINE_X66_Y9_N0_I0               ; LOCAL_LINE                ;
;   4.556 ;   0.139 ;    ; RE   ; 1      ; BLOCK_INPUT_MUX_X66_Y9_N0_I6          ; LEIM_INPUT                ;
;   4.556 ;   0.000 ; RR ; IC   ; 1      ; LABCELL_X66_Y9_N0                     ; state_array~1065|datag    ;
;   4.777 ;   0.221 ; RR ; CELL ; 1      ; LABCELL_X66_Y9_N0                     ; state_array~1065|combout  ;
;   4.777 ;   0.000 ;    ; RE   ; 1      ; LABCELL_X66_Y9_N0                     ; ARRIAV_LCELL_COMB         ;
;   4.777 ;   0.000 ; RR ; IC   ; 1      ; FF_X66_Y9_N2                          ; state_array[0][3][60]|d   ;
;   4.859 ;   0.082 ; RR ; CELL ; 1      ; FF_X66_Y9_N2                          ; state_array[0][3][60]     ;
+---------+---------+----+------+--------+---------------------------------------+---------------------------+

+-------------------------------------------------------------------------------------------------------------+
; Data Required Path                                                                                          ;
+---------+----------+----+------+--------+---------------------------------------+---------------------------+
; Total   ; Incr     ; RF ; Type ; Fanout ; Location                              ; Element                   ;
+---------+----------+----+------+--------+---------------------------------------+---------------------------+
; 0.000   ; 0.000    ;    ;      ;        ;                                       ; latch edge time           ;
; 4.385   ; 4.385    ;    ;      ;        ;                                       ; clock path                ;
;   0.000 ;   0.000  ;    ;      ;        ;                                       ; source latency            ;
;   0.000 ;   0.000  ;    ;      ; 1      ; PIN_M16                               ; clk                       ;
;   0.000 ;   0.000  ;    ; RE   ; 1      ; IOPAD_X89_Y35_N60                     ; ARRIAV_IO_PAD             ;
;   0.000 ;   0.000  ;    ; RE   ; 1      ; IO_PAD_OUTPUT_X89_Y35_N60_I1          ; IO_PAD_OUTPUT             ;
;   0.000 ;   0.000  ;    ; RE   ; 1      ; IO_INPUT_BUFFER_INPUT_X89_Y35_N61_I0  ; IO_INPUT_BUFFER_INPUT     ;
;   0.000 ;   0.000  ; RR ; IC   ; 1      ; IOIBUF_X89_Y35_N61                    ; clk~input|i               ;
;   0.739 ;   0.739  ; RR ; CELL ; 1      ; IOIBUF_X89_Y35_N61                    ; clk~input|o               ;
;   0.739 ;   0.000  ;    ; RE   ; 1      ; IOIBUF_X89_Y35_N61                    ; ARRIAV_IO_IBUF            ;
;   0.739 ;   0.000  ;    ; RE   ; 1      ; IO_INPUT_BUFFER_OUTPUT_X89_Y35_N61_I2 ; IO_INPUT_BUFFER_OUTPUT    ;
;   0.739 ;   0.000  ;    ; RE   ; 1      ; IO_RE_X89_Y35_N60_I96                 ; IO_RE                     ;
;   0.833 ;   0.094  ;    ; RE   ; 1      ; IO_RE_X89_Y35_N60_I66                 ; IO_RE                     ;
;   1.125 ;   0.292  ;    ; RE   ; 1      ; CLKBUF_CLUSTER_RE_X89_Y39_N3_I421     ; CLKBUF_CLUSTER_RE         ;
;   1.125 ;   0.000  ;    ; RE   ; 1      ; CLKBUF_CLUSTER_RE_X89_Y39_N3_I772     ; CLKBUF_CLUSTER_RE         ;
;   1.125 ;   0.000  ;    ; RE   ; 1      ; CLKBUF_CLUSTER_RE_X89_Y39_N3_I557     ; CLKBUF_CLUSTER_RE         ;
;   1.125 ;   0.000  ;    ; RE   ; 1      ; GCLK_CLUSTER_RE_X89_Y39_N6_I10        ; GCLK_CLUSTER_RE           ;
;   1.125 ;   0.000  ;    ; RE   ; 1      ; CLKBUFBLOCK_INPUT_X89_Y39_N7_I0       ; CLKBUFBLOCK_INPUT         ;
;   1.125 ;   0.000  ; RR ; IC   ; 1      ; CLKCTRL_G9                            ; clk~inputCLKENA0|inclk    ;
;   1.632 ;   0.507  ; RR ; CELL ; 3357   ; CLKCTRL_G9                            ; clk~inputCLKENA0|outclk   ;
;   1.632 ;   0.000  ;    ; RE   ; 1      ; CLKCTRL_G9                            ; ARRIAV_CLKBUF             ;
;   1.632 ;   0.000  ;    ; RE   ; 1      ; CLKBUFBLOCK_OUTPUT_X89_Y39_N7_I2      ; CLKBUFBLOCK_OUTPUT        ;
;   1.632 ;   0.000  ;    ; RE   ; 1      ; GCLK_CLUSTER_RE_X89_Y39_N6_I12        ; GCLK_CLUSTER_RE           ;
;   1.632 ;   0.000  ;    ; RE   ; 1      ; CLKBUF_CLUSTER_RE_X89_Y39_N3_I416     ; CLKBUF_CLUSTER_RE         ;
;   2.462 ;   0.830  ;    ; RE   ; 4      ; GLOBAL_CLOCK_X0_Y36_N0_I9             ; GLOBAL_CLOCK              ;
;   2.606 ;   0.144  ;    ; RE   ; 14     ; SPINE_CLOCK_X55_Y0_N0_I22             ; SPINE_CLOCK               ;
;   3.018 ;   0.412  ;    ; RE   ; 1      ; SCLK_TO_ROWCLK_BUF_X55_Y9_N0_I133     ; SCLK_TO_ROWCLK_BUF        ;
;   3.114 ;   0.096  ;    ; RE   ; 2      ; SCLK_TO_ROWCLK_BUF_X55_Y9_N0_I136     ; SCLK_TO_ROWCLK_BUF        ;
;   3.600 ;   0.486  ;    ; RE   ; 10     ; LAB_CLK_X56_Y9_N0_I5                  ; LAB_CLK                   ;
;   3.742 ;   0.142  ;    ; RE   ; 1      ; BLK_CLK_BUF_X66_Y9_N0_I5              ; BLK_CLK_BUF               ;
;   3.798 ;   0.056  ;    ; RE   ; 1      ; ROWCLKSEL_PREBUF_X66_Y9_N0_I5         ; ROWCLKSEL_PREBUF          ;
;   3.857 ;   0.059  ;    ; RE   ; 1      ; ROWCLKSEL_X66_Y9_N0_I0                ; ROWCLKSEL                 ;
;   3.857 ;   0.000  ;    ; RE   ; 1      ; GLOBAL_LOCAL_SEL_X66_Y9_N0_I0         ; GLOBAL_LOCAL_SEL          ;
;   3.857 ;   0.000  ;    ; RE   ; 5      ; LAB_INPUT_X66_Y9_N0_I0                ; LAB_INPUT                 ;
;   3.857 ;   0.000  ; RR ; IC   ; 1      ; FF_X66_Y9_N2                          ; state_array[0][3][60]|clk ;
;   4.512 ;   0.655  ; RR ; CELL ; 1      ; FF_X66_Y9_N2                          ; state_array[0][3][60]     ;
;   4.385 ;   -0.127 ;    ;      ;        ;                                       ; clock pessimism removed   ;
; 4.385   ; 0.000    ;    ;      ;        ;                                       ; clock uncertainty         ;
; 4.385   ; 0.000    ;    ; uTh  ; 1      ; FF_X66_Y9_N2                          ; state_array[0][3][60]     ;
+---------+----------+----+------+--------+---------------------------------------+---------------------------+

----------------------------
; Extra Fitter Information ;
----------------------------
HTML report is unavailable in plain text report export.


Path #20: Hold slack is 0.474 
===============================================================================
+--------------------------------------------+
; Path Summary                               ;
+--------------------+-----------------------+
; Property           ; Value                 ;
+--------------------+-----------------------+
; From Node          ; state_array[3][0][16] ;
; To Node            ; state_array[3][0][16] ;
; Launch Clock       ; clk                   ;
; Latch Clock        ; clk                   ;
; Data Arrival Time  ; 4.868                 ;
; Data Required Time ; 4.394                 ;
; Slack              ; 0.474                 ;
+--------------------+-----------------------+

+-----------------------------------------------------------------------------------+
; Statistics                                                                        ;
+------------------------+-------+-------+-------------+------------+-------+-------+
; Property               ; Value ; Count ; Total Delay ; % of Total ; Min   ; Max   ;
+------------------------+-------+-------+-------------+------------+-------+-------+
; Hold Relationship      ; 0.000 ;       ;             ;            ;       ;       ;
; Clock Skew             ; 0.125 ;       ;             ;            ;       ;       ;
; Data Delay             ; 0.599 ;       ;             ;            ;       ;       ;
; Number of Logic Levels ;       ; 1     ;             ;            ;       ;       ;
; Physical Delays        ;       ;       ;             ;            ;       ;       ;
;  Arrival Path          ;       ;       ;             ;            ;       ;       ;
;   Clock                ;       ;       ;             ;            ;       ;       ;
;    IC                  ;       ; 3     ; 0.001       ; 0          ; 0.000 ; 0.001 ;
;    Cell                ;       ; 3     ; 1.782       ; 42         ; 0.470 ; 0.739 ;
;    Routing Element     ;       ; 26    ; 2.486       ; 58         ; 0.000 ; 0.786 ;
;   Data                 ;       ;       ;             ;            ;       ;       ;
;    IC                  ;       ; 2     ; 0.000       ; 0          ; 0.000 ; 0.000 ;
;    Cell                ;       ; 3     ; 0.303       ; 51         ; 0.000 ; 0.221 ;
;    uTco                ;       ; 1     ; 0.000       ; 0          ; 0.000 ; 0.000 ;
;    Routing Element     ;       ; 4     ; 0.296       ; 49         ; 0.000 ; 0.138 ;
;  Required Path         ;       ;       ;             ;            ;       ;       ;
;   Clock                ;       ;       ;             ;            ;       ;       ;
;    IC                  ;       ; 3     ; 0.000       ; 0          ; 0.000 ; 0.000 ;
;    Cell                ;       ; 3     ; 1.910       ; 42         ; 0.507 ; 0.739 ;
;    Routing Element     ;       ; 26    ; 2.611       ; 58         ; 0.000 ; 0.830 ;
+------------------------+-------+-------+-------------+------------+-------+-------+
Note: Negative delays are omitted from totals when calculating percentages

+------------------------------------------------------------------------------------------------------------+
; Data Arrival Path                                                                                          ;
+---------+---------+----+------+--------+---------------------------------------+---------------------------+
; Total   ; Incr    ; RF ; Type ; Fanout ; Location                              ; Element                   ;
+---------+---------+----+------+--------+---------------------------------------+---------------------------+
; 0.000   ; 0.000   ;    ;      ;        ;                                       ; launch edge time          ;
; 4.269   ; 4.269   ;    ;      ;        ;                                       ; clock path                ;
;   0.000 ;   0.000 ;    ;      ;        ;                                       ; source latency            ;
;   0.000 ;   0.000 ;    ;      ; 1      ; PIN_M16                               ; clk                       ;
;   0.000 ;   0.000 ;    ; RE   ; 1      ; IOPAD_X89_Y35_N60                     ; ARRIAV_IO_PAD             ;
;   0.000 ;   0.000 ;    ; RE   ; 1      ; IO_PAD_OUTPUT_X89_Y35_N60_I1          ; IO_PAD_OUTPUT             ;
;   0.000 ;   0.000 ;    ; RE   ; 1      ; IO_INPUT_BUFFER_INPUT_X89_Y35_N61_I0  ; IO_INPUT_BUFFER_INPUT     ;
;   0.000 ;   0.000 ; RR ; IC   ; 1      ; IOIBUF_X89_Y35_N61                    ; clk~input|i               ;
;   0.739 ;   0.739 ; RR ; CELL ; 1      ; IOIBUF_X89_Y35_N61                    ; clk~input|o               ;
;   0.739 ;   0.000 ;    ; RE   ; 1      ; IOIBUF_X89_Y35_N61                    ; ARRIAV_IO_IBUF            ;
;   0.739 ;   0.000 ;    ; RE   ; 1      ; IO_INPUT_BUFFER_OUTPUT_X89_Y35_N61_I2 ; IO_INPUT_BUFFER_OUTPUT    ;
;   0.739 ;   0.000 ;    ; RE   ; 1      ; IO_RE_X89_Y35_N60_I96                 ; IO_RE                     ;
;   0.827 ;   0.088 ;    ; RE   ; 1      ; IO_RE_X89_Y35_N60_I66                 ; IO_RE                     ;
;   1.102 ;   0.275 ;    ; RE   ; 1      ; CLKBUF_CLUSTER_RE_X89_Y39_N3_I421     ; CLKBUF_CLUSTER_RE         ;
;   1.102 ;   0.000 ;    ; RE   ; 1      ; CLKBUF_CLUSTER_RE_X89_Y39_N3_I772     ; CLKBUF_CLUSTER_RE         ;
;   1.102 ;   0.000 ;    ; RE   ; 1      ; CLKBUF_CLUSTER_RE_X89_Y39_N3_I557     ; CLKBUF_CLUSTER_RE         ;
;   1.102 ;   0.000 ;    ; RE   ; 1      ; GCLK_CLUSTER_RE_X89_Y39_N6_I10        ; GCLK_CLUSTER_RE           ;
;   1.102 ;   0.000 ;    ; RE   ; 1      ; CLKBUFBLOCK_INPUT_X89_Y39_N7_I0       ; CLKBUFBLOCK_INPUT         ;
;   1.102 ;   0.000 ; RR ; IC   ; 1      ; CLKCTRL_G9                            ; clk~inputCLKENA0|inclk    ;
;   1.572 ;   0.470 ; RR ; CELL ; 3357   ; CLKCTRL_G9                            ; clk~inputCLKENA0|outclk   ;
;   1.572 ;   0.000 ;    ; RE   ; 1      ; CLKCTRL_G9                            ; ARRIAV_CLKBUF             ;
;   1.572 ;   0.000 ;    ; RE   ; 1      ; CLKBUFBLOCK_OUTPUT_X89_Y39_N7_I2      ; CLKBUFBLOCK_OUTPUT        ;
;   1.572 ;   0.000 ;    ; RE   ; 1      ; GCLK_CLUSTER_RE_X89_Y39_N6_I12        ; GCLK_CLUSTER_RE           ;
;   1.572 ;   0.000 ;    ; RE   ; 1      ; CLKBUF_CLUSTER_RE_X89_Y39_N3_I416     ; CLKBUF_CLUSTER_RE         ;
;   2.358 ;   0.786 ;    ; RE   ; 4      ; GLOBAL_CLOCK_X0_Y36_N0_I9             ; GLOBAL_CLOCK              ;
;   2.497 ;   0.139 ;    ; RE   ; 14     ; SPINE_CLOCK_X55_Y0_N0_I22             ; SPINE_CLOCK               ;
;   2.894 ;   0.397 ;    ; RE   ; 1      ; SCLK_TO_ROWCLK_BUF_X55_Y9_N0_I133     ; SCLK_TO_ROWCLK_BUF        ;
;   2.987 ;   0.093 ;    ; RE   ; 2      ; SCLK_TO_ROWCLK_BUF_X55_Y9_N0_I136     ; SCLK_TO_ROWCLK_BUF        ;
;   3.456 ;   0.469 ;    ; RE   ; 10     ; LAB_CLK_X56_Y9_N0_I5                  ; LAB_CLK                   ;
;   3.586 ;   0.130 ;    ; RE   ; 1      ; BLK_CLK_BUF_X65_Y9_N0_I5              ; BLK_CLK_BUF               ;
;   3.640 ;   0.054 ;    ; RE   ; 1      ; ROWCLKSEL_PREBUF_X65_Y9_N0_I5         ; ROWCLKSEL_PREBUF          ;
;   3.695 ;   0.055 ;    ; RE   ; 1      ; ROWCLKSEL_X65_Y9_N0_I1                ; ROWCLKSEL                 ;
;   3.695 ;   0.000 ;    ; RE   ; 2      ; GLOBAL_LOCAL_SEL_X65_Y9_N0_I1         ; GLOBAL_LOCAL_SEL          ;
;   3.695 ;   0.000 ;    ; RE   ; 8      ; LAB_INPUT_X65_Y9_N0_I0                ; LAB_INPUT                 ;
;   3.696 ;   0.001 ; RR ; IC   ; 1      ; FF_X65_Y9_N56                         ; state_array[3][0][16]|clk ;
;   4.269 ;   0.573 ; RR ; CELL ; 1      ; FF_X65_Y9_N56                         ; state_array[3][0][16]     ;
; 4.868   ; 0.599   ;    ;      ;        ;                                       ; data path                 ;
;   4.269 ;   0.000 ;    ; uTco ; 1      ; FF_X65_Y9_N56                         ; state_array[3][0][16]     ;
;   4.269 ;   0.000 ; RR ; CELL ; 4      ; FF_X65_Y9_N56                         ; state_array[3][0][16]|q   ;
;   4.328 ;   0.059 ;    ; RE   ; 2      ; FF_X65_Y9_N56                         ; ARRIAV_FF                 ;
;   4.427 ;   0.099 ;    ; RE   ; 1      ; LOCAL_LINE_X65_Y9_N0_I18              ; LOCAL_LINE                ;
;   4.565 ;   0.138 ;    ; RE   ; 1      ; BLOCK_INPUT_MUX_X65_Y9_N0_I78         ; LEIM_INPUT                ;
;   4.565 ;   0.000 ; RR ; IC   ; 1      ; MLABCELL_X65_Y9_N54                   ; state_array~3629|datag    ;
;   4.786 ;   0.221 ; RR ; CELL ; 1      ; MLABCELL_X65_Y9_N54                   ; state_array~3629|combout  ;
;   4.786 ;   0.000 ;    ; RE   ; 1      ; MLABCELL_X65_Y9_N54                   ; ARRIAV_LCELL_COMB         ;
;   4.786 ;   0.000 ; RR ; IC   ; 1      ; FF_X65_Y9_N56                         ; state_array[3][0][16]|d   ;
;   4.868 ;   0.082 ; RR ; CELL ; 1      ; FF_X65_Y9_N56                         ; state_array[3][0][16]     ;
+---------+---------+----+------+--------+---------------------------------------+---------------------------+

+-------------------------------------------------------------------------------------------------------------+
; Data Required Path                                                                                          ;
+---------+----------+----+------+--------+---------------------------------------+---------------------------+
; Total   ; Incr     ; RF ; Type ; Fanout ; Location                              ; Element                   ;
+---------+----------+----+------+--------+---------------------------------------+---------------------------+
; 0.000   ; 0.000    ;    ;      ;        ;                                       ; latch edge time           ;
; 4.394   ; 4.394    ;    ;      ;        ;                                       ; clock path                ;
;   0.000 ;   0.000  ;    ;      ;        ;                                       ; source latency            ;
;   0.000 ;   0.000  ;    ;      ; 1      ; PIN_M16                               ; clk                       ;
;   0.000 ;   0.000  ;    ; RE   ; 1      ; IOPAD_X89_Y35_N60                     ; ARRIAV_IO_PAD             ;
;   0.000 ;   0.000  ;    ; RE   ; 1      ; IO_PAD_OUTPUT_X89_Y35_N60_I1          ; IO_PAD_OUTPUT             ;
;   0.000 ;   0.000  ;    ; RE   ; 1      ; IO_INPUT_BUFFER_INPUT_X89_Y35_N61_I0  ; IO_INPUT_BUFFER_INPUT     ;
;   0.000 ;   0.000  ; RR ; IC   ; 1      ; IOIBUF_X89_Y35_N61                    ; clk~input|i               ;
;   0.739 ;   0.739  ; RR ; CELL ; 1      ; IOIBUF_X89_Y35_N61                    ; clk~input|o               ;
;   0.739 ;   0.000  ;    ; RE   ; 1      ; IOIBUF_X89_Y35_N61                    ; ARRIAV_IO_IBUF            ;
;   0.739 ;   0.000  ;    ; RE   ; 1      ; IO_INPUT_BUFFER_OUTPUT_X89_Y35_N61_I2 ; IO_INPUT_BUFFER_OUTPUT    ;
;   0.739 ;   0.000  ;    ; RE   ; 1      ; IO_RE_X89_Y35_N60_I96                 ; IO_RE                     ;
;   0.833 ;   0.094  ;    ; RE   ; 1      ; IO_RE_X89_Y35_N60_I66                 ; IO_RE                     ;
;   1.125 ;   0.292  ;    ; RE   ; 1      ; CLKBUF_CLUSTER_RE_X89_Y39_N3_I421     ; CLKBUF_CLUSTER_RE         ;
;   1.125 ;   0.000  ;    ; RE   ; 1      ; CLKBUF_CLUSTER_RE_X89_Y39_N3_I772     ; CLKBUF_CLUSTER_RE         ;
;   1.125 ;   0.000  ;    ; RE   ; 1      ; CLKBUF_CLUSTER_RE_X89_Y39_N3_I557     ; CLKBUF_CLUSTER_RE         ;
;   1.125 ;   0.000  ;    ; RE   ; 1      ; GCLK_CLUSTER_RE_X89_Y39_N6_I10        ; GCLK_CLUSTER_RE           ;
;   1.125 ;   0.000  ;    ; RE   ; 1      ; CLKBUFBLOCK_INPUT_X89_Y39_N7_I0       ; CLKBUFBLOCK_INPUT         ;
;   1.125 ;   0.000  ; RR ; IC   ; 1      ; CLKCTRL_G9                            ; clk~inputCLKENA0|inclk    ;
;   1.632 ;   0.507  ; RR ; CELL ; 3357   ; CLKCTRL_G9                            ; clk~inputCLKENA0|outclk   ;
;   1.632 ;   0.000  ;    ; RE   ; 1      ; CLKCTRL_G9                            ; ARRIAV_CLKBUF             ;
;   1.632 ;   0.000  ;    ; RE   ; 1      ; CLKBUFBLOCK_OUTPUT_X89_Y39_N7_I2      ; CLKBUFBLOCK_OUTPUT        ;
;   1.632 ;   0.000  ;    ; RE   ; 1      ; GCLK_CLUSTER_RE_X89_Y39_N6_I12        ; GCLK_CLUSTER_RE           ;
;   1.632 ;   0.000  ;    ; RE   ; 1      ; CLKBUF_CLUSTER_RE_X89_Y39_N3_I416     ; CLKBUF_CLUSTER_RE         ;
;   2.462 ;   0.830  ;    ; RE   ; 4      ; GLOBAL_CLOCK_X0_Y36_N0_I9             ; GLOBAL_CLOCK              ;
;   2.606 ;   0.144  ;    ; RE   ; 14     ; SPINE_CLOCK_X55_Y0_N0_I22             ; SPINE_CLOCK               ;
;   3.018 ;   0.412  ;    ; RE   ; 1      ; SCLK_TO_ROWCLK_BUF_X55_Y9_N0_I133     ; SCLK_TO_ROWCLK_BUF        ;
;   3.114 ;   0.096  ;    ; RE   ; 2      ; SCLK_TO_ROWCLK_BUF_X55_Y9_N0_I136     ; SCLK_TO_ROWCLK_BUF        ;
;   3.600 ;   0.486  ;    ; RE   ; 10     ; LAB_CLK_X56_Y9_N0_I5                  ; LAB_CLK                   ;
;   3.742 ;   0.142  ;    ; RE   ; 1      ; BLK_CLK_BUF_X65_Y9_N0_I5              ; BLK_CLK_BUF               ;
;   3.798 ;   0.056  ;    ; RE   ; 1      ; ROWCLKSEL_PREBUF_X65_Y9_N0_I5         ; ROWCLKSEL_PREBUF          ;
;   3.857 ;   0.059  ;    ; RE   ; 1      ; ROWCLKSEL_X65_Y9_N0_I1                ; ROWCLKSEL                 ;
;   3.857 ;   0.000  ;    ; RE   ; 2      ; GLOBAL_LOCAL_SEL_X65_Y9_N0_I1         ; GLOBAL_LOCAL_SEL          ;
;   3.857 ;   0.000  ;    ; RE   ; 8      ; LAB_INPUT_X65_Y9_N0_I0                ; LAB_INPUT                 ;
;   3.857 ;   0.000  ; RR ; IC   ; 1      ; FF_X65_Y9_N56                         ; state_array[3][0][16]|clk ;
;   4.521 ;   0.664  ; RR ; CELL ; 1      ; FF_X65_Y9_N56                         ; state_array[3][0][16]     ;
;   4.394 ;   -0.127 ;    ;      ;        ;                                       ; clock pessimism removed   ;
; 4.394   ; 0.000    ;    ;      ;        ;                                       ; clock uncertainty         ;
; 4.394   ; 0.000    ;    ; uTh  ; 1      ; FF_X65_Y9_N56                         ; state_array[3][0][16]     ;
+---------+----------+----+------+--------+---------------------------------------+---------------------------+

----------------------------
; Extra Fitter Information ;
----------------------------
HTML report is unavailable in plain text report export.


