----------------
; Command Info ;
----------------
Report Timing: Found 20 hold paths (0 violated).  Worst case slack is 0.493 

Tcl Command:
    report_timing -hold -show_routing -multi_corner -file critical_paths/worst_hold_paths.rpt -panel_name {LightHD challenge: worst hold paths} -npaths 20 -detail full_path

Options:
    -hold 
    -npaths 20 
    -show_routing 
    -detail full_path 
    -panel_name {LightHD challenge: worst hold paths} 
    -file {critical_paths/worst_hold_paths.rpt} 
    -multi_corner 

Delay Model:
    Slow 1100mV 85C Model

+-----------------------------------------------------------------------------------------------------------------------------------------+
; Summary of Paths                                                                                                                        ;
+-------+-----------------------------+-----------------------------+--------------+-------------+--------------+------------+------------+
; Slack ; From Node                   ; To Node                     ; Launch Clock ; Latch Clock ; Relationship ; Clock Skew ; Data Delay ;
+-------+-----------------------------+-----------------------------+--------------+-------------+--------------+------------+------------+
; 0.493 ; message_bytes_remaining[3]  ; message_bytes_remaining[3]  ; clk          ; clk         ; 0.000        ; 0.124      ; 0.617      ;
; 0.495 ; message_bytes_remaining[5]  ; message_bytes_remaining[5]  ; clk          ; clk         ; 0.000        ; 0.124      ; 0.619      ;
; 0.495 ; message_bytes_remaining[8]  ; message_bytes_remaining[8]  ; clk          ; clk         ; 0.000        ; 0.124      ; 0.619      ;
; 0.500 ; message_bytes_remaining[6]  ; message_bytes_remaining[6]  ; clk          ; clk         ; 0.000        ; 0.124      ; 0.624      ;
; 0.504 ; message_bytes_remaining[12] ; message_bytes_remaining[12] ; clk          ; clk         ; 0.000        ; 0.124      ; 0.628      ;
; 0.504 ; message_bytes_remaining[15] ; message_bytes_remaining[15] ; clk          ; clk         ; 0.000        ; 0.124      ; 0.628      ;
; 0.508 ; xof_bytes_remaining[3]      ; xof_bytes_remaining[3]      ; clk          ; clk         ; 0.000        ; 0.122      ; 0.630      ;
; 0.510 ; xof_bytes_remaining[11]     ; xof_bytes_remaining[11]     ; clk          ; clk         ; 0.000        ; 0.122      ; 0.632      ;
; 0.511 ; state_array[3][4][7]        ; state_array[3][4][7]        ; clk          ; clk         ; 0.000        ; 0.125      ; 0.636      ;
; 0.517 ; xof_bytes_remaining[8]      ; xof_bytes_remaining[8]      ; clk          ; clk         ; 0.000        ; 0.122      ; 0.639      ;
; 0.519 ; message_bytes_remaining[0]  ; message_bytes_remaining[0]  ; clk          ; clk         ; 0.000        ; 0.124      ; 0.643      ;
; 0.520 ; xof_bytes_remaining[6]      ; xof_bytes_remaining[6]      ; clk          ; clk         ; 0.000        ; 0.122      ; 0.642      ;
; 0.520 ; xof_bytes_remaining[9]      ; xof_bytes_remaining[9]      ; clk          ; clk         ; 0.000        ; 0.122      ; 0.642      ;
; 0.521 ; xof_bytes_remaining[15]     ; xof_bytes_remaining[15]     ; clk          ; clk         ; 0.000        ; 0.122      ; 0.643      ;
; 0.524 ; state_array[1][1][25]       ; state_array[1][1][25]       ; clk          ; clk         ; 0.000        ; 0.127      ; 0.651      ;
; 0.524 ; state_array[1][4][25]       ; state_array[1][4][25]       ; clk          ; clk         ; 0.000        ; 0.127      ; 0.651      ;
; 0.524 ; state_array[1][3][34]       ; state_array[1][3][34]       ; clk          ; clk         ; 0.000        ; 0.127      ; 0.651      ;
; 0.524 ; state_array[1][0][23]       ; state_array[1][0][23]       ; clk          ; clk         ; 0.000        ; 0.127      ; 0.651      ;
; 0.524 ; state_array[0][1][23]       ; state_array[0][1][23]       ; clk          ; clk         ; 0.000        ; 0.127      ; 0.651      ;
; 0.524 ; state_array[3][4][6]        ; state_array[3][4][6]        ; clk          ; clk         ; 0.000        ; 0.127      ; 0.651      ;
+-------+-----------------------------+-----------------------------+--------------+-------------+--------------+------------+------------+

Path #1: Hold slack is 0.493 
===============================================================================
+-------------------------------------------------+
; Path Summary                                    ;
+--------------------+----------------------------+
; Property           ; Value                      ;
+--------------------+----------------------------+
; From Node          ; message_bytes_remaining[3] ;
; To Node            ; message_bytes_remaining[3] ;
; Launch Clock       ; clk                        ;
; Latch Clock        ; clk                        ;
; Data Arrival Time  ; 4.829                      ;
; Data Required Time ; 4.336                      ;
; Slack              ; 0.493                      ;
+--------------------+----------------------------+

+------------------------------------------------------------------------------------+
; Statistics                                                                         ;
+------------------------+-------+-------+-------------+------------+--------+-------+
; Property               ; Value ; Count ; Total Delay ; % of Total ; Min    ; Max   ;
+------------------------+-------+-------+-------------+------------+--------+-------+
; Hold Relationship      ; 0.000 ;       ;             ;            ;        ;       ;
; Clock Skew             ; 0.124 ;       ;             ;            ;        ;       ;
; Data Delay             ; 0.617 ;       ;             ;            ;        ;       ;
; Number of Logic Levels ;       ; 1     ;             ;            ;        ;       ;
; Physical Delays        ;       ;       ;             ;            ;        ;       ;
;  Arrival Path          ;       ;       ;             ;            ;        ;       ;
;   Clock                ;       ;       ;             ;            ;        ;       ;
;    IC                  ;       ; 3     ; 0.000       ; 0          ; 0.000  ; 0.000 ;
;    Cell                ;       ; 3     ; 1.770       ; 42         ; 0.470  ; 0.739 ;
;    Routing Element     ;       ; 26    ; 2.442       ; 58         ; 0.000  ; 0.776 ;
;   Data                 ;       ;       ;             ;            ;        ;       ;
;    IC                  ;       ; 2     ; 0.000       ; 0          ; 0.000  ; 0.000 ;
;    Cell                ;       ; 3     ; 0.353       ; 57         ; 0.000  ; 0.271 ;
;    uTco                ;       ; 1     ; 0.000       ; 0          ; 0.000  ; 0.000 ;
;    Routing Element     ;       ; 4     ; 0.264       ; 43         ; 0.000  ; 0.133 ;
;  Required Path         ;       ;       ;             ;            ;        ;       ;
;   Clock                ;       ;       ;             ;            ;        ;       ;
;    IC                  ;       ; 3     ; -0.001      ; 0          ; -0.001 ; 0.000 ;
;    Cell                ;       ; 3     ; 1.897       ; 42         ; 0.507  ; 0.739 ;
;    Routing Element     ;       ; 26    ; 2.567       ; 58         ; 0.000  ; 0.821 ;
+------------------------+-------+-------+-------------+------------+--------+-------+
Note: Negative delays are omitted from totals when calculating percentages

+-----------------------------------------------------------------------------------------------------------------+
; Data Arrival Path                                                                                               ;
+---------+---------+----+------+--------+---------------------------------------+--------------------------------+
; Total   ; Incr    ; RF ; Type ; Fanout ; Location                              ; Element                        ;
+---------+---------+----+------+--------+---------------------------------------+--------------------------------+
; 0.000   ; 0.000   ;    ;      ;        ;                                       ; launch edge time               ;
; 4.212   ; 4.212   ;    ;      ;        ;                                       ; clock path                     ;
;   0.000 ;   0.000 ;    ;      ;        ;                                       ; source latency                 ;
;   0.000 ;   0.000 ;    ;      ; 1      ; PIN_M16                               ; clk                            ;
;   0.000 ;   0.000 ;    ; RE   ; 1      ; IOPAD_X89_Y35_N60                     ; ARRIAV_IO_PAD                  ;
;   0.000 ;   0.000 ;    ; RE   ; 1      ; IO_PAD_OUTPUT_X89_Y35_N60_I1          ; IO_PAD_OUTPUT                  ;
;   0.000 ;   0.000 ;    ; RE   ; 1      ; IO_INPUT_BUFFER_INPUT_X89_Y35_N61_I0  ; IO_INPUT_BUFFER_INPUT          ;
;   0.000 ;   0.000 ; RR ; IC   ; 1      ; IOIBUF_X89_Y35_N61                    ; clk~input|i                    ;
;   0.739 ;   0.739 ; RR ; CELL ; 1      ; IOIBUF_X89_Y35_N61                    ; clk~input|o                    ;
;   0.739 ;   0.000 ;    ; RE   ; 1      ; IOIBUF_X89_Y35_N61                    ; ARRIAV_IO_IBUF                 ;
;   0.739 ;   0.000 ;    ; RE   ; 1      ; IO_INPUT_BUFFER_OUTPUT_X89_Y35_N61_I2 ; IO_INPUT_BUFFER_OUTPUT         ;
;   0.739 ;   0.000 ;    ; RE   ; 1      ; IO_RE_X89_Y35_N60_I96                 ; IO_RE                          ;
;   0.827 ;   0.088 ;    ; RE   ; 1      ; IO_RE_X89_Y35_N60_I66                 ; IO_RE                          ;
;   1.102 ;   0.275 ;    ; RE   ; 1      ; CLKBUF_CLUSTER_RE_X89_Y39_N3_I421     ; CLKBUF_CLUSTER_RE              ;
;   1.102 ;   0.000 ;    ; RE   ; 1      ; CLKBUF_CLUSTER_RE_X89_Y39_N3_I772     ; CLKBUF_CLUSTER_RE              ;
;   1.102 ;   0.000 ;    ; RE   ; 1      ; CLKBUF_CLUSTER_RE_X89_Y39_N3_I557     ; CLKBUF_CLUSTER_RE              ;
;   1.102 ;   0.000 ;    ; RE   ; 1      ; GCLK_CLUSTER_RE_X89_Y39_N6_I10        ; GCLK_CLUSTER_RE                ;
;   1.102 ;   0.000 ;    ; RE   ; 1      ; CLKBUFBLOCK_INPUT_X89_Y39_N7_I0       ; CLKBUFBLOCK_INPUT              ;
;   1.102 ;   0.000 ; RR ; IC   ; 1      ; CLKCTRL_G9                            ; clk~inputCLKENA0|inclk         ;
;   1.572 ;   0.470 ; RR ; CELL ; 1674   ; CLKCTRL_G9                            ; clk~inputCLKENA0|outclk        ;
;   1.572 ;   0.000 ;    ; RE   ; 1      ; CLKCTRL_G9                            ; ARRIAV_CLKBUF                  ;
;   1.572 ;   0.000 ;    ; RE   ; 1      ; CLKBUFBLOCK_OUTPUT_X89_Y39_N7_I2      ; CLKBUFBLOCK_OUTPUT             ;
;   1.572 ;   0.000 ;    ; RE   ; 1      ; GCLK_CLUSTER_RE_X89_Y39_N6_I12        ; GCLK_CLUSTER_RE                ;
;   1.572 ;   0.000 ;    ; RE   ; 1      ; CLKBUF_CLUSTER_RE_X89_Y39_N3_I416     ; CLKBUF_CLUSTER_RE              ;
;   2.348 ;   0.776 ;    ; RE   ; 4      ; GLOBAL_CLOCK_X0_Y36_N0_I9             ; GLOBAL_CLOCK                   ;
;   2.486 ;   0.138 ;    ; RE   ; 15     ; SPINE_CLOCK_X55_Y19_N0_I22            ; SPINE_CLOCK                    ;
;   2.875 ;   0.389 ;    ; RE   ; 1      ; SCLK_TO_ROWCLK_BUF_X55_Y22_N0_I133    ; SCLK_TO_ROWCLK_BUF             ;
;   2.956 ;   0.081 ;    ; RE   ; 1      ; SCLK_TO_ROWCLK_BUF_X55_Y22_N0_I136    ; SCLK_TO_ROWCLK_BUF             ;
;   3.414 ;   0.458 ;    ; RE   ; 3      ; LAB_CLK_X56_Y22_N0_I5                 ; LAB_CLK                        ;
;   3.542 ;   0.128 ;    ; RE   ; 1      ; BLK_CLK_BUF_X61_Y22_N0_I5             ; BLK_CLK_BUF                    ;
;   3.597 ;   0.055 ;    ; RE   ; 1      ; ROWCLKSEL_PREBUF_X61_Y22_N0_I5        ; ROWCLKSEL_PREBUF               ;
;   3.651 ;   0.054 ;    ; RE   ; 1      ; ROWCLKSEL_X61_Y22_N0_I0               ; ROWCLKSEL                      ;
;   3.651 ;   0.000 ;    ; RE   ; 1      ; GLOBAL_LOCAL_SEL_X61_Y22_N0_I0        ; GLOBAL_LOCAL_SEL               ;
;   3.651 ;   0.000 ;    ; RE   ; 16     ; LAB_INPUT_X61_Y22_N0_I2               ; LAB_INPUT                      ;
;   3.651 ;   0.000 ; RR ; IC   ; 1      ; FF_X61_Y22_N11                        ; message_bytes_remaining[3]|clk ;
;   4.212 ;   0.561 ; RR ; CELL ; 1      ; FF_X61_Y22_N11                        ; message_bytes_remaining[3]     ;
; 4.829   ; 0.617   ;    ;      ;        ;                                       ; data path                      ;
;   4.212 ;   0.000 ;    ; uTco ; 1      ; FF_X61_Y22_N11                        ; message_bytes_remaining[3]     ;
;   4.212 ;   0.000 ; FF ; CELL ; 6      ; FF_X61_Y22_N11                        ; message_bytes_remaining[3]|q   ;
;   4.266 ;   0.054 ;    ; RE   ; 2      ; FF_X61_Y22_N11                        ; ARRIAV_FF                      ;
;   4.343 ;   0.077 ;    ; RE   ; 1      ; LOCAL_LINE_X61_Y22_N0_I3              ; LOCAL_LINE                     ;
;   4.476 ;   0.133 ;    ; RE   ; 1      ; BLOCK_INPUT_MUX_X61_Y22_N0_I13        ; LEIM_INPUT                     ;
;   4.476 ;   0.000 ; FF ; IC   ; 4      ; LABCELL_X61_Y22_N9                    ; Add1~37|datac                  ;
;   4.747 ;   0.271 ; FR ; CELL ; 1      ; LABCELL_X61_Y22_N9                    ; Add1~37|sumout                 ;
;   4.747 ;   0.000 ;    ; RE   ; 3      ; LABCELL_X61_Y22_N9                    ; ARRIAV_LCELL_COMB              ;
;   4.747 ;   0.000 ; RR ; IC   ; 1      ; FF_X61_Y22_N11                        ; message_bytes_remaining[3]|d   ;
;   4.829 ;   0.082 ; RR ; CELL ; 1      ; FF_X61_Y22_N11                        ; message_bytes_remaining[3]     ;
+---------+---------+----+------+--------+---------------------------------------+--------------------------------+

+------------------------------------------------------------------------------------------------------------------+
; Data Required Path                                                                                               ;
+---------+----------+----+------+--------+---------------------------------------+--------------------------------+
; Total   ; Incr     ; RF ; Type ; Fanout ; Location                              ; Element                        ;
+---------+----------+----+------+--------+---------------------------------------+--------------------------------+
; 0.000   ; 0.000    ;    ;      ;        ;                                       ; latch edge time                ;
; 4.336   ; 4.336    ;    ;      ;        ;                                       ; clock path                     ;
;   0.000 ;   0.000  ;    ;      ;        ;                                       ; source latency                 ;
;   0.000 ;   0.000  ;    ;      ; 1      ; PIN_M16                               ; clk                            ;
;   0.000 ;   0.000  ;    ; RE   ; 1      ; IOPAD_X89_Y35_N60                     ; ARRIAV_IO_PAD                  ;
;   0.000 ;   0.000  ;    ; RE   ; 1      ; IO_PAD_OUTPUT_X89_Y35_N60_I1          ; IO_PAD_OUTPUT                  ;
;   0.000 ;   0.000  ;    ; RE   ; 1      ; IO_INPUT_BUFFER_INPUT_X89_Y35_N61_I0  ; IO_INPUT_BUFFER_INPUT          ;
;   0.000 ;   0.000  ; RR ; IC   ; 1      ; IOIBUF_X89_Y35_N61                    ; clk~input|i                    ;
;   0.739 ;   0.739  ; RR ; CELL ; 1      ; IOIBUF_X89_Y35_N61                    ; clk~input|o                    ;
;   0.739 ;   0.000  ;    ; RE   ; 1      ; IOIBUF_X89_Y35_N61                    ; ARRIAV_IO_IBUF                 ;
;   0.739 ;   0.000  ;    ; RE   ; 1      ; IO_INPUT_BUFFER_OUTPUT_X89_Y35_N61_I2 ; IO_INPUT_BUFFER_OUTPUT         ;
;   0.739 ;   0.000  ;    ; RE   ; 1      ; IO_RE_X89_Y35_N60_I96                 ; IO_RE                          ;
;   0.833 ;   0.094  ;    ; RE   ; 1      ; IO_RE_X89_Y35_N60_I66                 ; IO_RE                          ;
;   1.125 ;   0.292  ;    ; RE   ; 1      ; CLKBUF_CLUSTER_RE_X89_Y39_N3_I421     ; CLKBUF_CLUSTER_RE              ;
;   1.125 ;   0.000  ;    ; RE   ; 1      ; CLKBUF_CLUSTER_RE_X89_Y39_N3_I772     ; CLKBUF_CLUSTER_RE              ;
;   1.125 ;   0.000  ;    ; RE   ; 1      ; CLKBUF_CLUSTER_RE_X89_Y39_N3_I557     ; CLKBUF_CLUSTER_RE              ;
;   1.125 ;   0.000  ;    ; RE   ; 1      ; GCLK_CLUSTER_RE_X89_Y39_N6_I10        ; GCLK_CLUSTER_RE                ;
;   1.125 ;   0.000  ;    ; RE   ; 1      ; CLKBUFBLOCK_INPUT_X89_Y39_N7_I0       ; CLKBUFBLOCK_INPUT              ;
;   1.125 ;   0.000  ; RR ; IC   ; 1      ; CLKCTRL_G9                            ; clk~inputCLKENA0|inclk         ;
;   1.632 ;   0.507  ; RR ; CELL ; 1674   ; CLKCTRL_G9                            ; clk~inputCLKENA0|outclk        ;
;   1.632 ;   0.000  ;    ; RE   ; 1      ; CLKCTRL_G9                            ; ARRIAV_CLKBUF                  ;
;   1.632 ;   0.000  ;    ; RE   ; 1      ; CLKBUFBLOCK_OUTPUT_X89_Y39_N7_I2      ; CLKBUFBLOCK_OUTPUT             ;
;   1.632 ;   0.000  ;    ; RE   ; 1      ; GCLK_CLUSTER_RE_X89_Y39_N6_I12        ; GCLK_CLUSTER_RE                ;
;   1.632 ;   0.000  ;    ; RE   ; 1      ; CLKBUF_CLUSTER_RE_X89_Y39_N3_I416     ; CLKBUF_CLUSTER_RE              ;
;   2.453 ;   0.821  ;    ; RE   ; 4      ; GLOBAL_CLOCK_X0_Y36_N0_I9             ; GLOBAL_CLOCK                   ;
;   2.596 ;   0.143  ;    ; RE   ; 15     ; SPINE_CLOCK_X55_Y19_N0_I22            ; SPINE_CLOCK                    ;
;   2.999 ;   0.403  ;    ; RE   ; 1      ; SCLK_TO_ROWCLK_BUF_X55_Y22_N0_I133    ; SCLK_TO_ROWCLK_BUF             ;
;   3.083 ;   0.084  ;    ; RE   ; 1      ; SCLK_TO_ROWCLK_BUF_X55_Y22_N0_I136    ; SCLK_TO_ROWCLK_BUF             ;
;   3.558 ;   0.475  ;    ; RE   ; 3      ; LAB_CLK_X56_Y22_N0_I5                 ; LAB_CLK                        ;
;   3.697 ;   0.139  ;    ; RE   ; 1      ; BLK_CLK_BUF_X61_Y22_N0_I5             ; BLK_CLK_BUF                    ;
;   3.754 ;   0.057  ;    ; RE   ; 1      ; ROWCLKSEL_PREBUF_X61_Y22_N0_I5        ; ROWCLKSEL_PREBUF               ;
;   3.813 ;   0.059  ;    ; RE   ; 1      ; ROWCLKSEL_X61_Y22_N0_I0               ; ROWCLKSEL                      ;
;   3.813 ;   0.000  ;    ; RE   ; 1      ; GLOBAL_LOCAL_SEL_X61_Y22_N0_I0        ; GLOBAL_LOCAL_SEL               ;
;   3.813 ;   0.000  ;    ; RE   ; 16     ; LAB_INPUT_X61_Y22_N0_I2               ; LAB_INPUT                      ;
;   3.812 ;   -0.001 ; RR ; IC   ; 1      ; FF_X61_Y22_N11                        ; message_bytes_remaining[3]|clk ;
;   4.463 ;   0.651  ; RR ; CELL ; 1      ; FF_X61_Y22_N11                        ; message_bytes_remaining[3]     ;
;   4.336 ;   -0.127 ;    ;      ;        ;                                       ; clock pessimism removed        ;
; 4.336   ; 0.000    ;    ;      ;        ;                                       ; clock uncertainty              ;
; 4.336   ; 0.000    ;    ; uTh  ; 1      ; FF_X61_Y22_N11                        ; message_bytes_remaining[3]     ;
+---------+----------+----+------+--------+---------------------------------------+--------------------------------+

----------------------------
; Extra Fitter Information ;
----------------------------
HTML report is unavailable in plain text report export.


Path #2: Hold slack is 0.495 
===============================================================================
+-------------------------------------------------+
; Path Summary                                    ;
+--------------------+----------------------------+
; Property           ; Value                      ;
+--------------------+----------------------------+
; From Node          ; message_bytes_remaining[5] ;
; To Node            ; message_bytes_remaining[5] ;
; Launch Clock       ; clk                        ;
; Latch Clock        ; clk                        ;
; Data Arrival Time  ; 4.831                      ;
; Data Required Time ; 4.336                      ;
; Slack              ; 0.495                      ;
+--------------------+----------------------------+

+------------------------------------------------------------------------------------+
; Statistics                                                                         ;
+------------------------+-------+-------+-------------+------------+--------+-------+
; Property               ; Value ; Count ; Total Delay ; % of Total ; Min    ; Max   ;
+------------------------+-------+-------+-------------+------------+--------+-------+
; Hold Relationship      ; 0.000 ;       ;             ;            ;        ;       ;
; Clock Skew             ; 0.124 ;       ;             ;            ;        ;       ;
; Data Delay             ; 0.619 ;       ;             ;            ;        ;       ;
; Number of Logic Levels ;       ; 1     ;             ;            ;        ;       ;
; Physical Delays        ;       ;       ;             ;            ;        ;       ;
;  Arrival Path          ;       ;       ;             ;            ;        ;       ;
;   Clock                ;       ;       ;             ;            ;        ;       ;
;    IC                  ;       ; 3     ; 0.000       ; 0          ; 0.000  ; 0.000 ;
;    Cell                ;       ; 3     ; 1.770       ; 42         ; 0.470  ; 0.739 ;
;    Routing Element     ;       ; 26    ; 2.442       ; 58         ; 0.000  ; 0.776 ;
;   Data                 ;       ;       ;             ;            ;        ;       ;
;    IC                  ;       ; 2     ; 0.000       ; 0          ; 0.000  ; 0.000 ;
;    Cell                ;       ; 3     ; 0.353       ; 57         ; 0.000  ; 0.271 ;
;    uTco                ;       ; 1     ; 0.000       ; 0          ; 0.000  ; 0.000 ;
;    Routing Element     ;       ; 4     ; 0.266       ; 43         ; 0.000  ; 0.134 ;
;  Required Path         ;       ;       ;             ;            ;        ;       ;
;   Clock                ;       ;       ;             ;            ;        ;       ;
;    IC                  ;       ; 3     ; -0.001      ; 0          ; -0.001 ; 0.000 ;
;    Cell                ;       ; 3     ; 1.897       ; 42         ; 0.507  ; 0.739 ;
;    Routing Element     ;       ; 26    ; 2.567       ; 58         ; 0.000  ; 0.821 ;
+------------------------+-------+-------+-------------+------------+--------+-------+
Note: Negative delays are omitted from totals when calculating percentages

+-----------------------------------------------------------------------------------------------------------------+
; Data Arrival Path                                                                                               ;
+---------+---------+----+------+--------+---------------------------------------+--------------------------------+
; Total   ; Incr    ; RF ; Type ; Fanout ; Location                              ; Element                        ;
+---------+---------+----+------+--------+---------------------------------------+--------------------------------+
; 0.000   ; 0.000   ;    ;      ;        ;                                       ; launch edge time               ;
; 4.212   ; 4.212   ;    ;      ;        ;                                       ; clock path                     ;
;   0.000 ;   0.000 ;    ;      ;        ;                                       ; source latency                 ;
;   0.000 ;   0.000 ;    ;      ; 1      ; PIN_M16                               ; clk                            ;
;   0.000 ;   0.000 ;    ; RE   ; 1      ; IOPAD_X89_Y35_N60                     ; ARRIAV_IO_PAD                  ;
;   0.000 ;   0.000 ;    ; RE   ; 1      ; IO_PAD_OUTPUT_X89_Y35_N60_I1          ; IO_PAD_OUTPUT                  ;
;   0.000 ;   0.000 ;    ; RE   ; 1      ; IO_INPUT_BUFFER_INPUT_X89_Y35_N61_I0  ; IO_INPUT_BUFFER_INPUT          ;
;   0.000 ;   0.000 ; RR ; IC   ; 1      ; IOIBUF_X89_Y35_N61                    ; clk~input|i                    ;
;   0.739 ;   0.739 ; RR ; CELL ; 1      ; IOIBUF_X89_Y35_N61                    ; clk~input|o                    ;
;   0.739 ;   0.000 ;    ; RE   ; 1      ; IOIBUF_X89_Y35_N61                    ; ARRIAV_IO_IBUF                 ;
;   0.739 ;   0.000 ;    ; RE   ; 1      ; IO_INPUT_BUFFER_OUTPUT_X89_Y35_N61_I2 ; IO_INPUT_BUFFER_OUTPUT         ;
;   0.739 ;   0.000 ;    ; RE   ; 1      ; IO_RE_X89_Y35_N60_I96                 ; IO_RE                          ;
;   0.827 ;   0.088 ;    ; RE   ; 1      ; IO_RE_X89_Y35_N60_I66                 ; IO_RE                          ;
;   1.102 ;   0.275 ;    ; RE   ; 1      ; CLKBUF_CLUSTER_RE_X89_Y39_N3_I421     ; CLKBUF_CLUSTER_RE              ;
;   1.102 ;   0.000 ;    ; RE   ; 1      ; CLKBUF_CLUSTER_RE_X89_Y39_N3_I772     ; CLKBUF_CLUSTER_RE              ;
;   1.102 ;   0.000 ;    ; RE   ; 1      ; CLKBUF_CLUSTER_RE_X89_Y39_N3_I557     ; CLKBUF_CLUSTER_RE              ;
;   1.102 ;   0.000 ;    ; RE   ; 1      ; GCLK_CLUSTER_RE_X89_Y39_N6_I10        ; GCLK_CLUSTER_RE                ;
;   1.102 ;   0.000 ;    ; RE   ; 1      ; CLKBUFBLOCK_INPUT_X89_Y39_N7_I0       ; CLKBUFBLOCK_INPUT              ;
;   1.102 ;   0.000 ; RR ; IC   ; 1      ; CLKCTRL_G9                            ; clk~inputCLKENA0|inclk         ;
;   1.572 ;   0.470 ; RR ; CELL ; 1674   ; CLKCTRL_G9                            ; clk~inputCLKENA0|outclk        ;
;   1.572 ;   0.000 ;    ; RE   ; 1      ; CLKCTRL_G9                            ; ARRIAV_CLKBUF                  ;
;   1.572 ;   0.000 ;    ; RE   ; 1      ; CLKBUFBLOCK_OUTPUT_X89_Y39_N7_I2      ; CLKBUFBLOCK_OUTPUT             ;
;   1.572 ;   0.000 ;    ; RE   ; 1      ; GCLK_CLUSTER_RE_X89_Y39_N6_I12        ; GCLK_CLUSTER_RE                ;
;   1.572 ;   0.000 ;    ; RE   ; 1      ; CLKBUF_CLUSTER_RE_X89_Y39_N3_I416     ; CLKBUF_CLUSTER_RE              ;
;   2.348 ;   0.776 ;    ; RE   ; 4      ; GLOBAL_CLOCK_X0_Y36_N0_I9             ; GLOBAL_CLOCK                   ;
;   2.486 ;   0.138 ;    ; RE   ; 15     ; SPINE_CLOCK_X55_Y19_N0_I22            ; SPINE_CLOCK                    ;
;   2.875 ;   0.389 ;    ; RE   ; 1      ; SCLK_TO_ROWCLK_BUF_X55_Y22_N0_I133    ; SCLK_TO_ROWCLK_BUF             ;
;   2.956 ;   0.081 ;    ; RE   ; 1      ; SCLK_TO_ROWCLK_BUF_X55_Y22_N0_I136    ; SCLK_TO_ROWCLK_BUF             ;
;   3.414 ;   0.458 ;    ; RE   ; 3      ; LAB_CLK_X56_Y22_N0_I5                 ; LAB_CLK                        ;
;   3.542 ;   0.128 ;    ; RE   ; 1      ; BLK_CLK_BUF_X61_Y22_N0_I5             ; BLK_CLK_BUF                    ;
;   3.597 ;   0.055 ;    ; RE   ; 1      ; ROWCLKSEL_PREBUF_X61_Y22_N0_I5        ; ROWCLKSEL_PREBUF               ;
;   3.651 ;   0.054 ;    ; RE   ; 1      ; ROWCLKSEL_X61_Y22_N0_I0               ; ROWCLKSEL                      ;
;   3.651 ;   0.000 ;    ; RE   ; 1      ; GLOBAL_LOCAL_SEL_X61_Y22_N0_I0        ; GLOBAL_LOCAL_SEL               ;
;   3.651 ;   0.000 ;    ; RE   ; 16     ; LAB_INPUT_X61_Y22_N0_I2               ; LAB_INPUT                      ;
;   3.651 ;   0.000 ; RR ; IC   ; 1      ; FF_X61_Y22_N17                        ; message_bytes_remaining[5]|clk ;
;   4.212 ;   0.561 ; RR ; CELL ; 1      ; FF_X61_Y22_N17                        ; message_bytes_remaining[5]     ;
; 4.831   ; 0.619   ;    ;      ;        ;                                       ; data path                      ;
;   4.212 ;   0.000 ;    ; uTco ; 1      ; FF_X61_Y22_N17                        ; message_bytes_remaining[5]     ;
;   4.212 ;   0.000 ; FF ; CELL ; 3      ; FF_X61_Y22_N17                        ; message_bytes_remaining[5]|q   ;
;   4.266 ;   0.054 ;    ; RE   ; 2      ; FF_X61_Y22_N17                        ; ARRIAV_FF                      ;
;   4.344 ;   0.078 ;    ; RE   ; 1      ; LOCAL_LINE_X61_Y22_N0_I5              ; LOCAL_LINE                     ;
;   4.478 ;   0.134 ;    ; RE   ; 1      ; BLOCK_INPUT_MUX_X61_Y22_N0_I21        ; LEIM_INPUT                     ;
;   4.478 ;   0.000 ; FF ; IC   ; 4      ; LABCELL_X61_Y22_N15                   ; Add1~13|datac                  ;
;   4.749 ;   0.271 ; FR ; CELL ; 1      ; LABCELL_X61_Y22_N15                   ; Add1~13|sumout                 ;
;   4.749 ;   0.000 ;    ; RE   ; 3      ; LABCELL_X61_Y22_N15                   ; ARRIAV_LCELL_COMB              ;
;   4.749 ;   0.000 ; RR ; IC   ; 1      ; FF_X61_Y22_N17                        ; message_bytes_remaining[5]|d   ;
;   4.831 ;   0.082 ; RR ; CELL ; 1      ; FF_X61_Y22_N17                        ; message_bytes_remaining[5]     ;
+---------+---------+----+------+--------+---------------------------------------+--------------------------------+

+------------------------------------------------------------------------------------------------------------------+
; Data Required Path                                                                                               ;
+---------+----------+----+------+--------+---------------------------------------+--------------------------------+
; Total   ; Incr     ; RF ; Type ; Fanout ; Location                              ; Element                        ;
+---------+----------+----+------+--------+---------------------------------------+--------------------------------+
; 0.000   ; 0.000    ;    ;      ;        ;                                       ; latch edge time                ;
; 4.336   ; 4.336    ;    ;      ;        ;                                       ; clock path                     ;
;   0.000 ;   0.000  ;    ;      ;        ;                                       ; source latency                 ;
;   0.000 ;   0.000  ;    ;      ; 1      ; PIN_M16                               ; clk                            ;
;   0.000 ;   0.000  ;    ; RE   ; 1      ; IOPAD_X89_Y35_N60                     ; ARRIAV_IO_PAD                  ;
;   0.000 ;   0.000  ;    ; RE   ; 1      ; IO_PAD_OUTPUT_X89_Y35_N60_I1          ; IO_PAD_OUTPUT                  ;
;   0.000 ;   0.000  ;    ; RE   ; 1      ; IO_INPUT_BUFFER_INPUT_X89_Y35_N61_I0  ; IO_INPUT_BUFFER_INPUT          ;
;   0.000 ;   0.000  ; RR ; IC   ; 1      ; IOIBUF_X89_Y35_N61                    ; clk~input|i                    ;
;   0.739 ;   0.739  ; RR ; CELL ; 1      ; IOIBUF_X89_Y35_N61                    ; clk~input|o                    ;
;   0.739 ;   0.000  ;    ; RE   ; 1      ; IOIBUF_X89_Y35_N61                    ; ARRIAV_IO_IBUF                 ;
;   0.739 ;   0.000  ;    ; RE   ; 1      ; IO_INPUT_BUFFER_OUTPUT_X89_Y35_N61_I2 ; IO_INPUT_BUFFER_OUTPUT         ;
;   0.739 ;   0.000  ;    ; RE   ; 1      ; IO_RE_X89_Y35_N60_I96                 ; IO_RE                          ;
;   0.833 ;   0.094  ;    ; RE   ; 1      ; IO_RE_X89_Y35_N60_I66                 ; IO_RE                          ;
;   1.125 ;   0.292  ;    ; RE   ; 1      ; CLKBUF_CLUSTER_RE_X89_Y39_N3_I421     ; CLKBUF_CLUSTER_RE              ;
;   1.125 ;   0.000  ;    ; RE   ; 1      ; CLKBUF_CLUSTER_RE_X89_Y39_N3_I772     ; CLKBUF_CLUSTER_RE              ;
;   1.125 ;   0.000  ;    ; RE   ; 1      ; CLKBUF_CLUSTER_RE_X89_Y39_N3_I557     ; CLKBUF_CLUSTER_RE              ;
;   1.125 ;   0.000  ;    ; RE   ; 1      ; GCLK_CLUSTER_RE_X89_Y39_N6_I10        ; GCLK_CLUSTER_RE                ;
;   1.125 ;   0.000  ;    ; RE   ; 1      ; CLKBUFBLOCK_INPUT_X89_Y39_N7_I0       ; CLKBUFBLOCK_INPUT              ;
;   1.125 ;   0.000  ; RR ; IC   ; 1      ; CLKCTRL_G9                            ; clk~inputCLKENA0|inclk         ;
;   1.632 ;   0.507  ; RR ; CELL ; 1674   ; CLKCTRL_G9                            ; clk~inputCLKENA0|outclk        ;
;   1.632 ;   0.000  ;    ; RE   ; 1      ; CLKCTRL_G9                            ; ARRIAV_CLKBUF                  ;
;   1.632 ;   0.000  ;    ; RE   ; 1      ; CLKBUFBLOCK_OUTPUT_X89_Y39_N7_I2      ; CLKBUFBLOCK_OUTPUT             ;
;   1.632 ;   0.000  ;    ; RE   ; 1      ; GCLK_CLUSTER_RE_X89_Y39_N6_I12        ; GCLK_CLUSTER_RE                ;
;   1.632 ;   0.000  ;    ; RE   ; 1      ; CLKBUF_CLUSTER_RE_X89_Y39_N3_I416     ; CLKBUF_CLUSTER_RE              ;
;   2.453 ;   0.821  ;    ; RE   ; 4      ; GLOBAL_CLOCK_X0_Y36_N0_I9             ; GLOBAL_CLOCK                   ;
;   2.596 ;   0.143  ;    ; RE   ; 15     ; SPINE_CLOCK_X55_Y19_N0_I22            ; SPINE_CLOCK                    ;
;   2.999 ;   0.403  ;    ; RE   ; 1      ; SCLK_TO_ROWCLK_BUF_X55_Y22_N0_I133    ; SCLK_TO_ROWCLK_BUF             ;
;   3.083 ;   0.084  ;    ; RE   ; 1      ; SCLK_TO_ROWCLK_BUF_X55_Y22_N0_I136    ; SCLK_TO_ROWCLK_BUF             ;
;   3.558 ;   0.475  ;    ; RE   ; 3      ; LAB_CLK_X56_Y22_N0_I5                 ; LAB_CLK                        ;
;   3.697 ;   0.139  ;    ; RE   ; 1      ; BLK_CLK_BUF_X61_Y22_N0_I5             ; BLK_CLK_BUF                    ;
;   3.754 ;   0.057  ;    ; RE   ; 1      ; ROWCLKSEL_PREBUF_X61_Y22_N0_I5        ; ROWCLKSEL_PREBUF               ;
;   3.813 ;   0.059  ;    ; RE   ; 1      ; ROWCLKSEL_X61_Y22_N0_I0               ; ROWCLKSEL                      ;
;   3.813 ;   0.000  ;    ; RE   ; 1      ; GLOBAL_LOCAL_SEL_X61_Y22_N0_I0        ; GLOBAL_LOCAL_SEL               ;
;   3.813 ;   0.000  ;    ; RE   ; 16     ; LAB_INPUT_X61_Y22_N0_I2               ; LAB_INPUT                      ;
;   3.812 ;   -0.001 ; RR ; IC   ; 1      ; FF_X61_Y22_N17                        ; message_bytes_remaining[5]|clk ;
;   4.463 ;   0.651  ; RR ; CELL ; 1      ; FF_X61_Y22_N17                        ; message_bytes_remaining[5]     ;
;   4.336 ;   -0.127 ;    ;      ;        ;                                       ; clock pessimism removed        ;
; 4.336   ; 0.000    ;    ;      ;        ;                                       ; clock uncertainty              ;
; 4.336   ; 0.000    ;    ; uTh  ; 1      ; FF_X61_Y22_N17                        ; message_bytes_remaining[5]     ;
+---------+----------+----+------+--------+---------------------------------------+--------------------------------+

----------------------------
; Extra Fitter Information ;
----------------------------
HTML report is unavailable in plain text report export.


Path #3: Hold slack is 0.495 
===============================================================================
+-------------------------------------------------+
; Path Summary                                    ;
+--------------------+----------------------------+
; Property           ; Value                      ;
+--------------------+----------------------------+
; From Node          ; message_bytes_remaining[8] ;
; To Node            ; message_bytes_remaining[8] ;
; Launch Clock       ; clk                        ;
; Latch Clock        ; clk                        ;
; Data Arrival Time  ; 4.825                      ;
; Data Required Time ; 4.330                      ;
; Slack              ; 0.495                      ;
+--------------------+----------------------------+

+------------------------------------------------------------------------------------+
; Statistics                                                                         ;
+------------------------+-------+-------+-------------+------------+--------+-------+
; Property               ; Value ; Count ; Total Delay ; % of Total ; Min    ; Max   ;
+------------------------+-------+-------+-------------+------------+--------+-------+
; Hold Relationship      ; 0.000 ;       ;             ;            ;        ;       ;
; Clock Skew             ; 0.124 ;       ;             ;            ;        ;       ;
; Data Delay             ; 0.619 ;       ;             ;            ;        ;       ;
; Number of Logic Levels ;       ; 1     ;             ;            ;        ;       ;
; Physical Delays        ;       ;       ;             ;            ;        ;       ;
;  Arrival Path          ;       ;       ;             ;            ;        ;       ;
;   Clock                ;       ;       ;             ;            ;        ;       ;
;    IC                  ;       ; 3     ; 0.000       ; 0          ; 0.000  ; 0.000 ;
;    Cell                ;       ; 3     ; 1.764       ; 42         ; 0.470  ; 0.739 ;
;    Routing Element     ;       ; 26    ; 2.442       ; 58         ; 0.000  ; 0.776 ;
;   Data                 ;       ;       ;             ;            ;        ;       ;
;    IC                  ;       ; 2     ; 0.000       ; 0          ; 0.000  ; 0.000 ;
;    Cell                ;       ; 3     ; 0.347       ; 56         ; 0.000  ; 0.265 ;
;    uTco                ;       ; 1     ; 0.000       ; 0          ; 0.000  ; 0.000 ;
;    Routing Element     ;       ; 4     ; 0.272       ; 44         ; 0.000  ; 0.137 ;
;  Required Path         ;       ;       ;             ;            ;        ;       ;
;   Clock                ;       ;       ;             ;            ;        ;       ;
;    IC                  ;       ; 3     ; -0.001      ; 0          ; -0.001 ; 0.000 ;
;    Cell                ;       ; 3     ; 1.891       ; 42         ; 0.507  ; 0.739 ;
;    Routing Element     ;       ; 26    ; 2.567       ; 58         ; 0.000  ; 0.821 ;
+------------------------+-------+-------+-------------+------------+--------+-------+
Note: Negative delays are omitted from totals when calculating percentages

+-----------------------------------------------------------------------------------------------------------------+
; Data Arrival Path                                                                                               ;
+---------+---------+----+------+--------+---------------------------------------+--------------------------------+
; Total   ; Incr    ; RF ; Type ; Fanout ; Location                              ; Element                        ;
+---------+---------+----+------+--------+---------------------------------------+--------------------------------+
; 0.000   ; 0.000   ;    ;      ;        ;                                       ; launch edge time               ;
; 4.206   ; 4.206   ;    ;      ;        ;                                       ; clock path                     ;
;   0.000 ;   0.000 ;    ;      ;        ;                                       ; source latency                 ;
;   0.000 ;   0.000 ;    ;      ; 1      ; PIN_M16                               ; clk                            ;
;   0.000 ;   0.000 ;    ; RE   ; 1      ; IOPAD_X89_Y35_N60                     ; ARRIAV_IO_PAD                  ;
;   0.000 ;   0.000 ;    ; RE   ; 1      ; IO_PAD_OUTPUT_X89_Y35_N60_I1          ; IO_PAD_OUTPUT                  ;
;   0.000 ;   0.000 ;    ; RE   ; 1      ; IO_INPUT_BUFFER_INPUT_X89_Y35_N61_I0  ; IO_INPUT_BUFFER_INPUT          ;
;   0.000 ;   0.000 ; RR ; IC   ; 1      ; IOIBUF_X89_Y35_N61                    ; clk~input|i                    ;
;   0.739 ;   0.739 ; RR ; CELL ; 1      ; IOIBUF_X89_Y35_N61                    ; clk~input|o                    ;
;   0.739 ;   0.000 ;    ; RE   ; 1      ; IOIBUF_X89_Y35_N61                    ; ARRIAV_IO_IBUF                 ;
;   0.739 ;   0.000 ;    ; RE   ; 1      ; IO_INPUT_BUFFER_OUTPUT_X89_Y35_N61_I2 ; IO_INPUT_BUFFER_OUTPUT         ;
;   0.739 ;   0.000 ;    ; RE   ; 1      ; IO_RE_X89_Y35_N60_I96                 ; IO_RE                          ;
;   0.827 ;   0.088 ;    ; RE   ; 1      ; IO_RE_X89_Y35_N60_I66                 ; IO_RE                          ;
;   1.102 ;   0.275 ;    ; RE   ; 1      ; CLKBUF_CLUSTER_RE_X89_Y39_N3_I421     ; CLKBUF_CLUSTER_RE              ;
;   1.102 ;   0.000 ;    ; RE   ; 1      ; CLKBUF_CLUSTER_RE_X89_Y39_N3_I772     ; CLKBUF_CLUSTER_RE              ;
;   1.102 ;   0.000 ;    ; RE   ; 1      ; CLKBUF_CLUSTER_RE_X89_Y39_N3_I557     ; CLKBUF_CLUSTER_RE              ;
;   1.102 ;   0.000 ;    ; RE   ; 1      ; GCLK_CLUSTER_RE_X89_Y39_N6_I10        ; GCLK_CLUSTER_RE                ;
;   1.102 ;   0.000 ;    ; RE   ; 1      ; CLKBUFBLOCK_INPUT_X89_Y39_N7_I0       ; CLKBUFBLOCK_INPUT              ;
;   1.102 ;   0.000 ; RR ; IC   ; 1      ; CLKCTRL_G9                            ; clk~inputCLKENA0|inclk         ;
;   1.572 ;   0.470 ; RR ; CELL ; 1674   ; CLKCTRL_G9                            ; clk~inputCLKENA0|outclk        ;
;   1.572 ;   0.000 ;    ; RE   ; 1      ; CLKCTRL_G9                            ; ARRIAV_CLKBUF                  ;
;   1.572 ;   0.000 ;    ; RE   ; 1      ; CLKBUFBLOCK_OUTPUT_X89_Y39_N7_I2      ; CLKBUFBLOCK_OUTPUT             ;
;   1.572 ;   0.000 ;    ; RE   ; 1      ; GCLK_CLUSTER_RE_X89_Y39_N6_I12        ; GCLK_CLUSTER_RE                ;
;   1.572 ;   0.000 ;    ; RE   ; 1      ; CLKBUF_CLUSTER_RE_X89_Y39_N3_I416     ; CLKBUF_CLUSTER_RE              ;
;   2.348 ;   0.776 ;    ; RE   ; 4      ; GLOBAL_CLOCK_X0_Y36_N0_I9             ; GLOBAL_CLOCK                   ;
;   2.486 ;   0.138 ;    ; RE   ; 15     ; SPINE_CLOCK_X55_Y19_N0_I22            ; SPINE_CLOCK                    ;
;   2.875 ;   0.389 ;    ; RE   ; 1      ; SCLK_TO_ROWCLK_BUF_X55_Y22_N0_I133    ; SCLK_TO_ROWCLK_BUF             ;
;   2.956 ;   0.081 ;    ; RE   ; 1      ; SCLK_TO_ROWCLK_BUF_X55_Y22_N0_I136    ; SCLK_TO_ROWCLK_BUF             ;
;   3.414 ;   0.458 ;    ; RE   ; 3      ; LAB_CLK_X56_Y22_N0_I5                 ; LAB_CLK                        ;
;   3.542 ;   0.128 ;    ; RE   ; 1      ; BLK_CLK_BUF_X61_Y22_N0_I5             ; BLK_CLK_BUF                    ;
;   3.597 ;   0.055 ;    ; RE   ; 1      ; ROWCLKSEL_PREBUF_X61_Y22_N0_I5        ; ROWCLKSEL_PREBUF               ;
;   3.651 ;   0.054 ;    ; RE   ; 1      ; ROWCLKSEL_X61_Y22_N0_I0               ; ROWCLKSEL                      ;
;   3.651 ;   0.000 ;    ; RE   ; 1      ; GLOBAL_LOCAL_SEL_X61_Y22_N0_I0        ; GLOBAL_LOCAL_SEL               ;
;   3.651 ;   0.000 ;    ; RE   ; 16     ; LAB_INPUT_X61_Y22_N0_I2               ; LAB_INPUT                      ;
;   3.651 ;   0.000 ; RR ; IC   ; 1      ; FF_X61_Y22_N26                        ; message_bytes_remaining[8]|clk ;
;   4.206 ;   0.555 ; RR ; CELL ; 1      ; FF_X61_Y22_N26                        ; message_bytes_remaining[8]     ;
; 4.825   ; 0.619   ;    ;      ;        ;                                       ; data path                      ;
;   4.206 ;   0.000 ;    ; uTco ; 1      ; FF_X61_Y22_N26                        ; message_bytes_remaining[8]     ;
;   4.206 ;   0.000 ; FF ; CELL ; 3      ; FF_X61_Y22_N26                        ; message_bytes_remaining[8]|q   ;
;   4.263 ;   0.057 ;    ; RE   ; 2      ; FF_X61_Y22_N26                        ; ARRIAV_FF                      ;
;   4.341 ;   0.078 ;    ; RE   ; 1      ; LOCAL_LINE_X61_Y22_N0_I8              ; LOCAL_LINE                     ;
;   4.478 ;   0.137 ;    ; RE   ; 1      ; BLOCK_INPUT_MUX_X61_Y22_N0_I36        ; LEIM_INPUT                     ;
;   4.478 ;   0.000 ; FF ; IC   ; 4      ; LABCELL_X61_Y22_N24                   ; Add1~25|datac                  ;
;   4.743 ;   0.265 ; FR ; CELL ; 1      ; LABCELL_X61_Y22_N24                   ; Add1~25|sumout                 ;
;   4.743 ;   0.000 ;    ; RE   ; 3      ; LABCELL_X61_Y22_N24                   ; ARRIAV_LCELL_COMB              ;
;   4.743 ;   0.000 ; RR ; IC   ; 1      ; FF_X61_Y22_N26                        ; message_bytes_remaining[8]|d   ;
;   4.825 ;   0.082 ; RR ; CELL ; 1      ; FF_X61_Y22_N26                        ; message_bytes_remaining[8]     ;
+---------+---------+----+------+--------+---------------------------------------+--------------------------------+

+------------------------------------------------------------------------------------------------------------------+
; Data Required Path                                                                                               ;
+---------+----------+----+------+--------+---------------------------------------+--------------------------------+
; Total   ; Incr     ; RF ; Type ; Fanout ; Location                              ; Element                        ;
+---------+----------+----+------+--------+---------------------------------------+--------------------------------+
; 0.000   ; 0.000    ;    ;      ;        ;                                       ; latch edge time                ;
; 4.330   ; 4.330    ;    ;      ;        ;                                       ; clock path                     ;
;   0.000 ;   0.000  ;    ;      ;        ;                                       ; source latency                 ;
;   0.000 ;   0.000  ;    ;      ; 1      ; PIN_M16                               ; clk                            ;
;   0.000 ;   0.000  ;    ; RE   ; 1      ; IOPAD_X89_Y35_N60                     ; ARRIAV_IO_PAD                  ;
;   0.000 ;   0.000  ;    ; RE   ; 1      ; IO_PAD_OUTPUT_X89_Y35_N60_I1          ; IO_PAD_OUTPUT                  ;
;   0.000 ;   0.000  ;    ; RE   ; 1      ; IO_INPUT_BUFFER_INPUT_X89_Y35_N61_I0  ; IO_INPUT_BUFFER_INPUT          ;
;   0.000 ;   0.000  ; RR ; IC   ; 1      ; IOIBUF_X89_Y35_N61                    ; clk~input|i                    ;
;   0.739 ;   0.739  ; RR ; CELL ; 1      ; IOIBUF_X89_Y35_N61                    ; clk~input|o                    ;
;   0.739 ;   0.000  ;    ; RE   ; 1      ; IOIBUF_X89_Y35_N61                    ; ARRIAV_IO_IBUF                 ;
;   0.739 ;   0.000  ;    ; RE   ; 1      ; IO_INPUT_BUFFER_OUTPUT_X89_Y35_N61_I2 ; IO_INPUT_BUFFER_OUTPUT         ;
;   0.739 ;   0.000  ;    ; RE   ; 1      ; IO_RE_X89_Y35_N60_I96                 ; IO_RE                          ;
;   0.833 ;   0.094  ;    ; RE   ; 1      ; IO_RE_X89_Y35_N60_I66                 ; IO_RE                          ;
;   1.125 ;   0.292  ;    ; RE   ; 1      ; CLKBUF_CLUSTER_RE_X89_Y39_N3_I421     ; CLKBUF_CLUSTER_RE              ;
;   1.125 ;   0.000  ;    ; RE   ; 1      ; CLKBUF_CLUSTER_RE_X89_Y39_N3_I772     ; CLKBUF_CLUSTER_RE              ;
;   1.125 ;   0.000  ;    ; RE   ; 1      ; CLKBUF_CLUSTER_RE_X89_Y39_N3_I557     ; CLKBUF_CLUSTER_RE              ;
;   1.125 ;   0.000  ;    ; RE   ; 1      ; GCLK_CLUSTER_RE_X89_Y39_N6_I10        ; GCLK_CLUSTER_RE                ;
;   1.125 ;   0.000  ;    ; RE   ; 1      ; CLKBUFBLOCK_INPUT_X89_Y39_N7_I0       ; CLKBUFBLOCK_INPUT              ;
;   1.125 ;   0.000  ; RR ; IC   ; 1      ; CLKCTRL_G9                            ; clk~inputCLKENA0|inclk         ;
;   1.632 ;   0.507  ; RR ; CELL ; 1674   ; CLKCTRL_G9                            ; clk~inputCLKENA0|outclk        ;
;   1.632 ;   0.000  ;    ; RE   ; 1      ; CLKCTRL_G9                            ; ARRIAV_CLKBUF                  ;
;   1.632 ;   0.000  ;    ; RE   ; 1      ; CLKBUFBLOCK_OUTPUT_X89_Y39_N7_I2      ; CLKBUFBLOCK_OUTPUT             ;
;   1.632 ;   0.000  ;    ; RE   ; 1      ; GCLK_CLUSTER_RE_X89_Y39_N6_I12        ; GCLK_CLUSTER_RE                ;
;   1.632 ;   0.000  ;    ; RE   ; 1      ; CLKBUF_CLUSTER_RE_X89_Y39_N3_I416     ; CLKBUF_CLUSTER_RE              ;
;   2.453 ;   0.821  ;    ; RE   ; 4      ; GLOBAL_CLOCK_X0_Y36_N0_I9             ; GLOBAL_CLOCK                   ;
;   2.596 ;   0.143  ;    ; RE   ; 15     ; SPINE_CLOCK_X55_Y19_N0_I22            ; SPINE_CLOCK                    ;
;   2.999 ;   0.403  ;    ; RE   ; 1      ; SCLK_TO_ROWCLK_BUF_X55_Y22_N0_I133    ; SCLK_TO_ROWCLK_BUF             ;
;   3.083 ;   0.084  ;    ; RE   ; 1      ; SCLK_TO_ROWCLK_BUF_X55_Y22_N0_I136    ; SCLK_TO_ROWCLK_BUF             ;
;   3.558 ;   0.475  ;    ; RE   ; 3      ; LAB_CLK_X56_Y22_N0_I5                 ; LAB_CLK                        ;
;   3.697 ;   0.139  ;    ; RE   ; 1      ; BLK_CLK_BUF_X61_Y22_N0_I5             ; BLK_CLK_BUF                    ;
;   3.754 ;   0.057  ;    ; RE   ; 1      ; ROWCLKSEL_PREBUF_X61_Y22_N0_I5        ; ROWCLKSEL_PREBUF               ;
;   3.813 ;   0.059  ;    ; RE   ; 1      ; ROWCLKSEL_X61_Y22_N0_I0               ; ROWCLKSEL                      ;
;   3.813 ;   0.000  ;    ; RE   ; 1      ; GLOBAL_LOCAL_SEL_X61_Y22_N0_I0        ; GLOBAL_LOCAL_SEL               ;
;   3.813 ;   0.000  ;    ; RE   ; 16     ; LAB_INPUT_X61_Y22_N0_I2               ; LAB_INPUT                      ;
;   3.812 ;   -0.001 ; RR ; IC   ; 1      ; FF_X61_Y22_N26                        ; message_bytes_remaining[8]|clk ;
;   4.457 ;   0.645  ; RR ; CELL ; 1      ; FF_X61_Y22_N26                        ; message_bytes_remaining[8]     ;
;   4.330 ;   -0.127 ;    ;      ;        ;                                       ; clock pessimism removed        ;
; 4.330   ; 0.000    ;    ;      ;        ;                                       ; clock uncertainty              ;
; 4.330   ; 0.000    ;    ; uTh  ; 1      ; FF_X61_Y22_N26                        ; message_bytes_remaining[8]     ;
+---------+----------+----+------+--------+---------------------------------------+--------------------------------+

----------------------------
; Extra Fitter Information ;
----------------------------
HTML report is unavailable in plain text report export.


Path #4: Hold slack is 0.500 
===============================================================================
+-------------------------------------------------+
; Path Summary                                    ;
+--------------------+----------------------------+
; Property           ; Value                      ;
+--------------------+----------------------------+
; From Node          ; message_bytes_remaining[6] ;
; To Node            ; message_bytes_remaining[6] ;
; Launch Clock       ; clk                        ;
; Latch Clock        ; clk                        ;
; Data Arrival Time  ; 4.830                      ;
; Data Required Time ; 4.330                      ;
; Slack              ; 0.500                      ;
+--------------------+----------------------------+

+------------------------------------------------------------------------------------+
; Statistics                                                                         ;
+------------------------+-------+-------+-------------+------------+--------+-------+
; Property               ; Value ; Count ; Total Delay ; % of Total ; Min    ; Max   ;
+------------------------+-------+-------+-------------+------------+--------+-------+
; Hold Relationship      ; 0.000 ;       ;             ;            ;        ;       ;
; Clock Skew             ; 0.124 ;       ;             ;            ;        ;       ;
; Data Delay             ; 0.624 ;       ;             ;            ;        ;       ;
; Number of Logic Levels ;       ; 1     ;             ;            ;        ;       ;
; Physical Delays        ;       ;       ;             ;            ;        ;       ;
;  Arrival Path          ;       ;       ;             ;            ;        ;       ;
;   Clock                ;       ;       ;             ;            ;        ;       ;
;    IC                  ;       ; 3     ; 0.000       ; 0          ; 0.000  ; 0.000 ;
;    Cell                ;       ; 3     ; 1.764       ; 42         ; 0.470  ; 0.739 ;
;    Routing Element     ;       ; 26    ; 2.442       ; 58         ; 0.000  ; 0.776 ;
;   Data                 ;       ;       ;             ;            ;        ;       ;
;    IC                  ;       ; 2     ; 0.000       ; 0          ; 0.000  ; 0.000 ;
;    Cell                ;       ; 3     ; 0.347       ; 56         ; 0.000  ; 0.265 ;
;    uTco                ;       ; 1     ; 0.000       ; 0          ; 0.000  ; 0.000 ;
;    Routing Element     ;       ; 4     ; 0.277       ; 44         ; 0.000  ; 0.139 ;
;  Required Path         ;       ;       ;             ;            ;        ;       ;
;   Clock                ;       ;       ;             ;            ;        ;       ;
;    IC                  ;       ; 3     ; -0.001      ; 0          ; -0.001 ; 0.000 ;
;    Cell                ;       ; 3     ; 1.891       ; 42         ; 0.507  ; 0.739 ;
;    Routing Element     ;       ; 26    ; 2.567       ; 58         ; 0.000  ; 0.821 ;
+------------------------+-------+-------+-------------+------------+--------+-------+
Note: Negative delays are omitted from totals when calculating percentages

+-----------------------------------------------------------------------------------------------------------------+
; Data Arrival Path                                                                                               ;
+---------+---------+----+------+--------+---------------------------------------+--------------------------------+
; Total   ; Incr    ; RF ; Type ; Fanout ; Location                              ; Element                        ;
+---------+---------+----+------+--------+---------------------------------------+--------------------------------+
; 0.000   ; 0.000   ;    ;      ;        ;                                       ; launch edge time               ;
; 4.206   ; 4.206   ;    ;      ;        ;                                       ; clock path                     ;
;   0.000 ;   0.000 ;    ;      ;        ;                                       ; source latency                 ;
;   0.000 ;   0.000 ;    ;      ; 1      ; PIN_M16                               ; clk                            ;
;   0.000 ;   0.000 ;    ; RE   ; 1      ; IOPAD_X89_Y35_N60                     ; ARRIAV_IO_PAD                  ;
;   0.000 ;   0.000 ;    ; RE   ; 1      ; IO_PAD_OUTPUT_X89_Y35_N60_I1          ; IO_PAD_OUTPUT                  ;
;   0.000 ;   0.000 ;    ; RE   ; 1      ; IO_INPUT_BUFFER_INPUT_X89_Y35_N61_I0  ; IO_INPUT_BUFFER_INPUT          ;
;   0.000 ;   0.000 ; RR ; IC   ; 1      ; IOIBUF_X89_Y35_N61                    ; clk~input|i                    ;
;   0.739 ;   0.739 ; RR ; CELL ; 1      ; IOIBUF_X89_Y35_N61                    ; clk~input|o                    ;
;   0.739 ;   0.000 ;    ; RE   ; 1      ; IOIBUF_X89_Y35_N61                    ; ARRIAV_IO_IBUF                 ;
;   0.739 ;   0.000 ;    ; RE   ; 1      ; IO_INPUT_BUFFER_OUTPUT_X89_Y35_N61_I2 ; IO_INPUT_BUFFER_OUTPUT         ;
;   0.739 ;   0.000 ;    ; RE   ; 1      ; IO_RE_X89_Y35_N60_I96                 ; IO_RE                          ;
;   0.827 ;   0.088 ;    ; RE   ; 1      ; IO_RE_X89_Y35_N60_I66                 ; IO_RE                          ;
;   1.102 ;   0.275 ;    ; RE   ; 1      ; CLKBUF_CLUSTER_RE_X89_Y39_N3_I421     ; CLKBUF_CLUSTER_RE              ;
;   1.102 ;   0.000 ;    ; RE   ; 1      ; CLKBUF_CLUSTER_RE_X89_Y39_N3_I772     ; CLKBUF_CLUSTER_RE              ;
;   1.102 ;   0.000 ;    ; RE   ; 1      ; CLKBUF_CLUSTER_RE_X89_Y39_N3_I557     ; CLKBUF_CLUSTER_RE              ;
;   1.102 ;   0.000 ;    ; RE   ; 1      ; GCLK_CLUSTER_RE_X89_Y39_N6_I10        ; GCLK_CLUSTER_RE                ;
;   1.102 ;   0.000 ;    ; RE   ; 1      ; CLKBUFBLOCK_INPUT_X89_Y39_N7_I0       ; CLKBUFBLOCK_INPUT              ;
;   1.102 ;   0.000 ; RR ; IC   ; 1      ; CLKCTRL_G9                            ; clk~inputCLKENA0|inclk         ;
;   1.572 ;   0.470 ; RR ; CELL ; 1674   ; CLKCTRL_G9                            ; clk~inputCLKENA0|outclk        ;
;   1.572 ;   0.000 ;    ; RE   ; 1      ; CLKCTRL_G9                            ; ARRIAV_CLKBUF                  ;
;   1.572 ;   0.000 ;    ; RE   ; 1      ; CLKBUFBLOCK_OUTPUT_X89_Y39_N7_I2      ; CLKBUFBLOCK_OUTPUT             ;
;   1.572 ;   0.000 ;    ; RE   ; 1      ; GCLK_CLUSTER_RE_X89_Y39_N6_I12        ; GCLK_CLUSTER_RE                ;
;   1.572 ;   0.000 ;    ; RE   ; 1      ; CLKBUF_CLUSTER_RE_X89_Y39_N3_I416     ; CLKBUF_CLUSTER_RE              ;
;   2.348 ;   0.776 ;    ; RE   ; 4      ; GLOBAL_CLOCK_X0_Y36_N0_I9             ; GLOBAL_CLOCK                   ;
;   2.486 ;   0.138 ;    ; RE   ; 15     ; SPINE_CLOCK_X55_Y19_N0_I22            ; SPINE_CLOCK                    ;
;   2.875 ;   0.389 ;    ; RE   ; 1      ; SCLK_TO_ROWCLK_BUF_X55_Y22_N0_I133    ; SCLK_TO_ROWCLK_BUF             ;
;   2.956 ;   0.081 ;    ; RE   ; 1      ; SCLK_TO_ROWCLK_BUF_X55_Y22_N0_I136    ; SCLK_TO_ROWCLK_BUF             ;
;   3.414 ;   0.458 ;    ; RE   ; 3      ; LAB_CLK_X56_Y22_N0_I5                 ; LAB_CLK                        ;
;   3.542 ;   0.128 ;    ; RE   ; 1      ; BLK_CLK_BUF_X61_Y22_N0_I5             ; BLK_CLK_BUF                    ;
;   3.597 ;   0.055 ;    ; RE   ; 1      ; ROWCLKSEL_PREBUF_X61_Y22_N0_I5        ; ROWCLKSEL_PREBUF               ;
;   3.651 ;   0.054 ;    ; RE   ; 1      ; ROWCLKSEL_X61_Y22_N0_I0               ; ROWCLKSEL                      ;
;   3.651 ;   0.000 ;    ; RE   ; 1      ; GLOBAL_LOCAL_SEL_X61_Y22_N0_I0        ; GLOBAL_LOCAL_SEL               ;
;   3.651 ;   0.000 ;    ; RE   ; 16     ; LAB_INPUT_X61_Y22_N0_I2               ; LAB_INPUT                      ;
;   3.651 ;   0.000 ; RR ; IC   ; 1      ; FF_X61_Y22_N20                        ; message_bytes_remaining[6]|clk ;
;   4.206 ;   0.555 ; RR ; CELL ; 1      ; FF_X61_Y22_N20                        ; message_bytes_remaining[6]     ;
; 4.830   ; 0.624   ;    ;      ;        ;                                       ; data path                      ;
;   4.206 ;   0.000 ;    ; uTco ; 1      ; FF_X61_Y22_N20                        ; message_bytes_remaining[6]     ;
;   4.206 ;   0.000 ; FF ; CELL ; 3      ; FF_X61_Y22_N20                        ; message_bytes_remaining[6]|q   ;
;   4.263 ;   0.057 ;    ; RE   ; 2      ; FF_X61_Y22_N20                        ; ARRIAV_FF                      ;
;   4.344 ;   0.081 ;    ; RE   ; 1      ; LOCAL_LINE_X61_Y22_N0_I6              ; LOCAL_LINE                     ;
;   4.483 ;   0.139 ;    ; RE   ; 1      ; BLOCK_INPUT_MUX_X61_Y22_N0_I28        ; LEIM_INPUT                     ;
;   4.483 ;   0.000 ; FF ; IC   ; 4      ; LABCELL_X61_Y22_N18                   ; Add1~17|datac                  ;
;   4.748 ;   0.265 ; FR ; CELL ; 1      ; LABCELL_X61_Y22_N18                   ; Add1~17|sumout                 ;
;   4.748 ;   0.000 ;    ; RE   ; 3      ; LABCELL_X61_Y22_N18                   ; ARRIAV_LCELL_COMB              ;
;   4.748 ;   0.000 ; RR ; IC   ; 1      ; FF_X61_Y22_N20                        ; message_bytes_remaining[6]|d   ;
;   4.830 ;   0.082 ; RR ; CELL ; 1      ; FF_X61_Y22_N20                        ; message_bytes_remaining[6]     ;
+---------+---------+----+------+--------+---------------------------------------+--------------------------------+

+------------------------------------------------------------------------------------------------------------------+
; Data Required Path                                                                                               ;
+---------+----------+----+------+--------+---------------------------------------+--------------------------------+
; Total   ; Incr     ; RF ; Type ; Fanout ; Location                              ; Element                        ;
+---------+----------+----+------+--------+---------------------------------------+--------------------------------+
; 0.000   ; 0.000    ;    ;      ;        ;                                       ; latch edge time                ;
; 4.330   ; 4.330    ;    ;      ;        ;                                       ; clock path                     ;
;   0.000 ;   0.000  ;    ;      ;        ;                                       ; source latency                 ;
;   0.000 ;   0.000  ;    ;      ; 1      ; PIN_M16                               ; clk                            ;
;   0.000 ;   0.000  ;    ; RE   ; 1      ; IOPAD_X89_Y35_N60                     ; ARRIAV_IO_PAD                  ;
;   0.000 ;   0.000  ;    ; RE   ; 1      ; IO_PAD_OUTPUT_X89_Y35_N60_I1          ; IO_PAD_OUTPUT                  ;
;   0.000 ;   0.000  ;    ; RE   ; 1      ; IO_INPUT_BUFFER_INPUT_X89_Y35_N61_I0  ; IO_INPUT_BUFFER_INPUT          ;
;   0.000 ;   0.000  ; RR ; IC   ; 1      ; IOIBUF_X89_Y35_N61                    ; clk~input|i                    ;
;   0.739 ;   0.739  ; RR ; CELL ; 1      ; IOIBUF_X89_Y35_N61                    ; clk~input|o                    ;
;   0.739 ;   0.000  ;    ; RE   ; 1      ; IOIBUF_X89_Y35_N61                    ; ARRIAV_IO_IBUF                 ;
;   0.739 ;   0.000  ;    ; RE   ; 1      ; IO_INPUT_BUFFER_OUTPUT_X89_Y35_N61_I2 ; IO_INPUT_BUFFER_OUTPUT         ;
;   0.739 ;   0.000  ;    ; RE   ; 1      ; IO_RE_X89_Y35_N60_I96                 ; IO_RE                          ;
;   0.833 ;   0.094  ;    ; RE   ; 1      ; IO_RE_X89_Y35_N60_I66                 ; IO_RE                          ;
;   1.125 ;   0.292  ;    ; RE   ; 1      ; CLKBUF_CLUSTER_RE_X89_Y39_N3_I421     ; CLKBUF_CLUSTER_RE              ;
;   1.125 ;   0.000  ;    ; RE   ; 1      ; CLKBUF_CLUSTER_RE_X89_Y39_N3_I772     ; CLKBUF_CLUSTER_RE              ;
;   1.125 ;   0.000  ;    ; RE   ; 1      ; CLKBUF_CLUSTER_RE_X89_Y39_N3_I557     ; CLKBUF_CLUSTER_RE              ;
;   1.125 ;   0.000  ;    ; RE   ; 1      ; GCLK_CLUSTER_RE_X89_Y39_N6_I10        ; GCLK_CLUSTER_RE                ;
;   1.125 ;   0.000  ;    ; RE   ; 1      ; CLKBUFBLOCK_INPUT_X89_Y39_N7_I0       ; CLKBUFBLOCK_INPUT              ;
;   1.125 ;   0.000  ; RR ; IC   ; 1      ; CLKCTRL_G9                            ; clk~inputCLKENA0|inclk         ;
;   1.632 ;   0.507  ; RR ; CELL ; 1674   ; CLKCTRL_G9                            ; clk~inputCLKENA0|outclk        ;
;   1.632 ;   0.000  ;    ; RE   ; 1      ; CLKCTRL_G9                            ; ARRIAV_CLKBUF                  ;
;   1.632 ;   0.000  ;    ; RE   ; 1      ; CLKBUFBLOCK_OUTPUT_X89_Y39_N7_I2      ; CLKBUFBLOCK_OUTPUT             ;
;   1.632 ;   0.000  ;    ; RE   ; 1      ; GCLK_CLUSTER_RE_X89_Y39_N6_I12        ; GCLK_CLUSTER_RE                ;
;   1.632 ;   0.000  ;    ; RE   ; 1      ; CLKBUF_CLUSTER_RE_X89_Y39_N3_I416     ; CLKBUF_CLUSTER_RE              ;
;   2.453 ;   0.821  ;    ; RE   ; 4      ; GLOBAL_CLOCK_X0_Y36_N0_I9             ; GLOBAL_CLOCK                   ;
;   2.596 ;   0.143  ;    ; RE   ; 15     ; SPINE_CLOCK_X55_Y19_N0_I22            ; SPINE_CLOCK                    ;
;   2.999 ;   0.403  ;    ; RE   ; 1      ; SCLK_TO_ROWCLK_BUF_X55_Y22_N0_I133    ; SCLK_TO_ROWCLK_BUF             ;
;   3.083 ;   0.084  ;    ; RE   ; 1      ; SCLK_TO_ROWCLK_BUF_X55_Y22_N0_I136    ; SCLK_TO_ROWCLK_BUF             ;
;   3.558 ;   0.475  ;    ; RE   ; 3      ; LAB_CLK_X56_Y22_N0_I5                 ; LAB_CLK                        ;
;   3.697 ;   0.139  ;    ; RE   ; 1      ; BLK_CLK_BUF_X61_Y22_N0_I5             ; BLK_CLK_BUF                    ;
;   3.754 ;   0.057  ;    ; RE   ; 1      ; ROWCLKSEL_PREBUF_X61_Y22_N0_I5        ; ROWCLKSEL_PREBUF               ;
;   3.813 ;   0.059  ;    ; RE   ; 1      ; ROWCLKSEL_X61_Y22_N0_I0               ; ROWCLKSEL                      ;
;   3.813 ;   0.000  ;    ; RE   ; 1      ; GLOBAL_LOCAL_SEL_X61_Y22_N0_I0        ; GLOBAL_LOCAL_SEL               ;
;   3.813 ;   0.000  ;    ; RE   ; 16     ; LAB_INPUT_X61_Y22_N0_I2               ; LAB_INPUT                      ;
;   3.812 ;   -0.001 ; RR ; IC   ; 1      ; FF_X61_Y22_N20                        ; message_bytes_remaining[6]|clk ;
;   4.457 ;   0.645  ; RR ; CELL ; 1      ; FF_X61_Y22_N20                        ; message_bytes_remaining[6]     ;
;   4.330 ;   -0.127 ;    ;      ;        ;                                       ; clock pessimism removed        ;
; 4.330   ; 0.000    ;    ;      ;        ;                                       ; clock uncertainty              ;
; 4.330   ; 0.000    ;    ; uTh  ; 1      ; FF_X61_Y22_N20                        ; message_bytes_remaining[6]     ;
+---------+----------+----+------+--------+---------------------------------------+--------------------------------+

----------------------------
; Extra Fitter Information ;
----------------------------
HTML report is unavailable in plain text report export.


Path #5: Hold slack is 0.504 
===============================================================================
+--------------------------------------------------+
; Path Summary                                     ;
+--------------------+-----------------------------+
; Property           ; Value                       ;
+--------------------+-----------------------------+
; From Node          ; message_bytes_remaining[12] ;
; To Node            ; message_bytes_remaining[12] ;
; Launch Clock       ; clk                         ;
; Latch Clock        ; clk                         ;
; Data Arrival Time  ; 4.834                       ;
; Data Required Time ; 4.330                       ;
; Slack              ; 0.504                       ;
+--------------------+-----------------------------+

+------------------------------------------------------------------------------------+
; Statistics                                                                         ;
+------------------------+-------+-------+-------------+------------+--------+-------+
; Property               ; Value ; Count ; Total Delay ; % of Total ; Min    ; Max   ;
+------------------------+-------+-------+-------------+------------+--------+-------+
; Hold Relationship      ; 0.000 ;       ;             ;            ;        ;       ;
; Clock Skew             ; 0.124 ;       ;             ;            ;        ;       ;
; Data Delay             ; 0.628 ;       ;             ;            ;        ;       ;
; Number of Logic Levels ;       ; 1     ;             ;            ;        ;       ;
; Physical Delays        ;       ;       ;             ;            ;        ;       ;
;  Arrival Path          ;       ;       ;             ;            ;        ;       ;
;   Clock                ;       ;       ;             ;            ;        ;       ;
;    IC                  ;       ; 3     ; 0.000       ; 0          ; 0.000  ; 0.000 ;
;    Cell                ;       ; 3     ; 1.764       ; 42         ; 0.470  ; 0.739 ;
;    Routing Element     ;       ; 26    ; 2.442       ; 58         ; 0.000  ; 0.776 ;
;   Data                 ;       ;       ;             ;            ;        ;       ;
;    IC                  ;       ; 2     ; 0.000       ; 0          ; 0.000  ; 0.000 ;
;    Cell                ;       ; 3     ; 0.347       ; 55         ; 0.000  ; 0.265 ;
;    uTco                ;       ; 1     ; 0.000       ; 0          ; 0.000  ; 0.000 ;
;    Routing Element     ;       ; 4     ; 0.281       ; 45         ; 0.000  ; 0.141 ;
;  Required Path         ;       ;       ;             ;            ;        ;       ;
;   Clock                ;       ;       ;             ;            ;        ;       ;
;    IC                  ;       ; 3     ; -0.001      ; 0          ; -0.001 ; 0.000 ;
;    Cell                ;       ; 3     ; 1.891       ; 42         ; 0.507  ; 0.739 ;
;    Routing Element     ;       ; 26    ; 2.567       ; 58         ; 0.000  ; 0.821 ;
+------------------------+-------+-------+-------------+------------+--------+-------+
Note: Negative delays are omitted from totals when calculating percentages

+------------------------------------------------------------------------------------------------------------------+
; Data Arrival Path                                                                                                ;
+---------+---------+----+------+--------+---------------------------------------+---------------------------------+
; Total   ; Incr    ; RF ; Type ; Fanout ; Location                              ; Element                         ;
+---------+---------+----+------+--------+---------------------------------------+---------------------------------+
; 0.000   ; 0.000   ;    ;      ;        ;                                       ; launch edge time                ;
; 4.206   ; 4.206   ;    ;      ;        ;                                       ; clock path                      ;
;   0.000 ;   0.000 ;    ;      ;        ;                                       ; source latency                  ;
;   0.000 ;   0.000 ;    ;      ; 1      ; PIN_M16                               ; clk                             ;
;   0.000 ;   0.000 ;    ; RE   ; 1      ; IOPAD_X89_Y35_N60                     ; ARRIAV_IO_PAD                   ;
;   0.000 ;   0.000 ;    ; RE   ; 1      ; IO_PAD_OUTPUT_X89_Y35_N60_I1          ; IO_PAD_OUTPUT                   ;
;   0.000 ;   0.000 ;    ; RE   ; 1      ; IO_INPUT_BUFFER_INPUT_X89_Y35_N61_I0  ; IO_INPUT_BUFFER_INPUT           ;
;   0.000 ;   0.000 ; RR ; IC   ; 1      ; IOIBUF_X89_Y35_N61                    ; clk~input|i                     ;
;   0.739 ;   0.739 ; RR ; CELL ; 1      ; IOIBUF_X89_Y35_N61                    ; clk~input|o                     ;
;   0.739 ;   0.000 ;    ; RE   ; 1      ; IOIBUF_X89_Y35_N61                    ; ARRIAV_IO_IBUF                  ;
;   0.739 ;   0.000 ;    ; RE   ; 1      ; IO_INPUT_BUFFER_OUTPUT_X89_Y35_N61_I2 ; IO_INPUT_BUFFER_OUTPUT          ;
;   0.739 ;   0.000 ;    ; RE   ; 1      ; IO_RE_X89_Y35_N60_I96                 ; IO_RE                           ;
;   0.827 ;   0.088 ;    ; RE   ; 1      ; IO_RE_X89_Y35_N60_I66                 ; IO_RE                           ;
;   1.102 ;   0.275 ;    ; RE   ; 1      ; CLKBUF_CLUSTER_RE_X89_Y39_N3_I421     ; CLKBUF_CLUSTER_RE               ;
;   1.102 ;   0.000 ;    ; RE   ; 1      ; CLKBUF_CLUSTER_RE_X89_Y39_N3_I772     ; CLKBUF_CLUSTER_RE               ;
;   1.102 ;   0.000 ;    ; RE   ; 1      ; CLKBUF_CLUSTER_RE_X89_Y39_N3_I557     ; CLKBUF_CLUSTER_RE               ;
;   1.102 ;   0.000 ;    ; RE   ; 1      ; GCLK_CLUSTER_RE_X89_Y39_N6_I10        ; GCLK_CLUSTER_RE                 ;
;   1.102 ;   0.000 ;    ; RE   ; 1      ; CLKBUFBLOCK_INPUT_X89_Y39_N7_I0       ; CLKBUFBLOCK_INPUT               ;
;   1.102 ;   0.000 ; RR ; IC   ; 1      ; CLKCTRL_G9                            ; clk~inputCLKENA0|inclk          ;
;   1.572 ;   0.470 ; RR ; CELL ; 1674   ; CLKCTRL_G9                            ; clk~inputCLKENA0|outclk         ;
;   1.572 ;   0.000 ;    ; RE   ; 1      ; CLKCTRL_G9                            ; ARRIAV_CLKBUF                   ;
;   1.572 ;   0.000 ;    ; RE   ; 1      ; CLKBUFBLOCK_OUTPUT_X89_Y39_N7_I2      ; CLKBUFBLOCK_OUTPUT              ;
;   1.572 ;   0.000 ;    ; RE   ; 1      ; GCLK_CLUSTER_RE_X89_Y39_N6_I12        ; GCLK_CLUSTER_RE                 ;
;   1.572 ;   0.000 ;    ; RE   ; 1      ; CLKBUF_CLUSTER_RE_X89_Y39_N3_I416     ; CLKBUF_CLUSTER_RE               ;
;   2.348 ;   0.776 ;    ; RE   ; 4      ; GLOBAL_CLOCK_X0_Y36_N0_I9             ; GLOBAL_CLOCK                    ;
;   2.486 ;   0.138 ;    ; RE   ; 15     ; SPINE_CLOCK_X55_Y19_N0_I22            ; SPINE_CLOCK                     ;
;   2.875 ;   0.389 ;    ; RE   ; 1      ; SCLK_TO_ROWCLK_BUF_X55_Y22_N0_I133    ; SCLK_TO_ROWCLK_BUF              ;
;   2.956 ;   0.081 ;    ; RE   ; 1      ; SCLK_TO_ROWCLK_BUF_X55_Y22_N0_I136    ; SCLK_TO_ROWCLK_BUF              ;
;   3.414 ;   0.458 ;    ; RE   ; 3      ; LAB_CLK_X56_Y22_N0_I5                 ; LAB_CLK                         ;
;   3.542 ;   0.128 ;    ; RE   ; 1      ; BLK_CLK_BUF_X61_Y22_N0_I5             ; BLK_CLK_BUF                     ;
;   3.597 ;   0.055 ;    ; RE   ; 1      ; ROWCLKSEL_PREBUF_X61_Y22_N0_I5        ; ROWCLKSEL_PREBUF                ;
;   3.651 ;   0.054 ;    ; RE   ; 1      ; ROWCLKSEL_X61_Y22_N0_I0               ; ROWCLKSEL                       ;
;   3.651 ;   0.000 ;    ; RE   ; 1      ; GLOBAL_LOCAL_SEL_X61_Y22_N0_I0        ; GLOBAL_LOCAL_SEL                ;
;   3.651 ;   0.000 ;    ; RE   ; 16     ; LAB_INPUT_X61_Y22_N0_I2               ; LAB_INPUT                       ;
;   3.651 ;   0.000 ; RR ; IC   ; 1      ; FF_X61_Y22_N38                        ; message_bytes_remaining[12]|clk ;
;   4.206 ;   0.555 ; RR ; CELL ; 1      ; FF_X61_Y22_N38                        ; message_bytes_remaining[12]     ;
; 4.834   ; 0.628   ;    ;      ;        ;                                       ; data path                       ;
;   4.206 ;   0.000 ;    ; uTco ; 1      ; FF_X61_Y22_N38                        ; message_bytes_remaining[12]     ;
;   4.206 ;   0.000 ; FF ; CELL ; 3      ; FF_X61_Y22_N38                        ; message_bytes_remaining[12]|q   ;
;   4.263 ;   0.057 ;    ; RE   ; 2      ; FF_X61_Y22_N38                        ; ARRIAV_FF                       ;
;   4.346 ;   0.083 ;    ; RE   ; 2      ; LOCAL_LINE_X61_Y22_N0_I12             ; LOCAL_LINE                      ;
;   4.487 ;   0.141 ;    ; RE   ; 1      ; BLOCK_INPUT_MUX_X61_Y22_N0_I52        ; LEIM_INPUT                      ;
;   4.487 ;   0.000 ; FF ; IC   ; 3      ; LABCELL_X61_Y22_N36                   ; Add1~53|datac                   ;
;   4.752 ;   0.265 ; FR ; CELL ; 1      ; LABCELL_X61_Y22_N36                   ; Add1~53|sumout                  ;
;   4.752 ;   0.000 ;    ; RE   ; 3      ; LABCELL_X61_Y22_N36                   ; ARRIAV_LCELL_COMB               ;
;   4.752 ;   0.000 ; RR ; IC   ; 1      ; FF_X61_Y22_N38                        ; message_bytes_remaining[12]|d   ;
;   4.834 ;   0.082 ; RR ; CELL ; 1      ; FF_X61_Y22_N38                        ; message_bytes_remaining[12]     ;
+---------+---------+----+------+--------+---------------------------------------+---------------------------------+

+-------------------------------------------------------------------------------------------------------------------+
; Data Required Path                                                                                                ;
+---------+----------+----+------+--------+---------------------------------------+---------------------------------+
; Total   ; Incr     ; RF ; Type ; Fanout ; Location                              ; Element                         ;
+---------+----------+----+------+--------+---------------------------------------+---------------------------------+
; 0.000   ; 0.000    ;    ;      ;        ;                                       ; latch edge time                 ;
; 4.330   ; 4.330    ;    ;      ;        ;                                       ; clock path                      ;
;   0.000 ;   0.000  ;    ;      ;        ;                                       ; source latency                  ;
;   0.000 ;   0.000  ;    ;      ; 1      ; PIN_M16                               ; clk                             ;
;   0.000 ;   0.000  ;    ; RE   ; 1      ; IOPAD_X89_Y35_N60                     ; ARRIAV_IO_PAD                   ;
;   0.000 ;   0.000  ;    ; RE   ; 1      ; IO_PAD_OUTPUT_X89_Y35_N60_I1          ; IO_PAD_OUTPUT                   ;
;   0.000 ;   0.000  ;    ; RE   ; 1      ; IO_INPUT_BUFFER_INPUT_X89_Y35_N61_I0  ; IO_INPUT_BUFFER_INPUT           ;
;   0.000 ;   0.000  ; RR ; IC   ; 1      ; IOIBUF_X89_Y35_N61                    ; clk~input|i                     ;
;   0.739 ;   0.739  ; RR ; CELL ; 1      ; IOIBUF_X89_Y35_N61                    ; clk~input|o                     ;
;   0.739 ;   0.000  ;    ; RE   ; 1      ; IOIBUF_X89_Y35_N61                    ; ARRIAV_IO_IBUF                  ;
;   0.739 ;   0.000  ;    ; RE   ; 1      ; IO_INPUT_BUFFER_OUTPUT_X89_Y35_N61_I2 ; IO_INPUT_BUFFER_OUTPUT          ;
;   0.739 ;   0.000  ;    ; RE   ; 1      ; IO_RE_X89_Y35_N60_I96                 ; IO_RE                           ;
;   0.833 ;   0.094  ;    ; RE   ; 1      ; IO_RE_X89_Y35_N60_I66                 ; IO_RE                           ;
;   1.125 ;   0.292  ;    ; RE   ; 1      ; CLKBUF_CLUSTER_RE_X89_Y39_N3_I421     ; CLKBUF_CLUSTER_RE               ;
;   1.125 ;   0.000  ;    ; RE   ; 1      ; CLKBUF_CLUSTER_RE_X89_Y39_N3_I772     ; CLKBUF_CLUSTER_RE               ;
;   1.125 ;   0.000  ;    ; RE   ; 1      ; CLKBUF_CLUSTER_RE_X89_Y39_N3_I557     ; CLKBUF_CLUSTER_RE               ;
;   1.125 ;   0.000  ;    ; RE   ; 1      ; GCLK_CLUSTER_RE_X89_Y39_N6_I10        ; GCLK_CLUSTER_RE                 ;
;   1.125 ;   0.000  ;    ; RE   ; 1      ; CLKBUFBLOCK_INPUT_X89_Y39_N7_I0       ; CLKBUFBLOCK_INPUT               ;
;   1.125 ;   0.000  ; RR ; IC   ; 1      ; CLKCTRL_G9                            ; clk~inputCLKENA0|inclk          ;
;   1.632 ;   0.507  ; RR ; CELL ; 1674   ; CLKCTRL_G9                            ; clk~inputCLKENA0|outclk         ;
;   1.632 ;   0.000  ;    ; RE   ; 1      ; CLKCTRL_G9                            ; ARRIAV_CLKBUF                   ;
;   1.632 ;   0.000  ;    ; RE   ; 1      ; CLKBUFBLOCK_OUTPUT_X89_Y39_N7_I2      ; CLKBUFBLOCK_OUTPUT              ;
;   1.632 ;   0.000  ;    ; RE   ; 1      ; GCLK_CLUSTER_RE_X89_Y39_N6_I12        ; GCLK_CLUSTER_RE                 ;
;   1.632 ;   0.000  ;    ; RE   ; 1      ; CLKBUF_CLUSTER_RE_X89_Y39_N3_I416     ; CLKBUF_CLUSTER_RE               ;
;   2.453 ;   0.821  ;    ; RE   ; 4      ; GLOBAL_CLOCK_X0_Y36_N0_I9             ; GLOBAL_CLOCK                    ;
;   2.596 ;   0.143  ;    ; RE   ; 15     ; SPINE_CLOCK_X55_Y19_N0_I22            ; SPINE_CLOCK                     ;
;   2.999 ;   0.403  ;    ; RE   ; 1      ; SCLK_TO_ROWCLK_BUF_X55_Y22_N0_I133    ; SCLK_TO_ROWCLK_BUF              ;
;   3.083 ;   0.084  ;    ; RE   ; 1      ; SCLK_TO_ROWCLK_BUF_X55_Y22_N0_I136    ; SCLK_TO_ROWCLK_BUF              ;
;   3.558 ;   0.475  ;    ; RE   ; 3      ; LAB_CLK_X56_Y22_N0_I5                 ; LAB_CLK                         ;
;   3.697 ;   0.139  ;    ; RE   ; 1      ; BLK_CLK_BUF_X61_Y22_N0_I5             ; BLK_CLK_BUF                     ;
;   3.754 ;   0.057  ;    ; RE   ; 1      ; ROWCLKSEL_PREBUF_X61_Y22_N0_I5        ; ROWCLKSEL_PREBUF                ;
;   3.813 ;   0.059  ;    ; RE   ; 1      ; ROWCLKSEL_X61_Y22_N0_I0               ; ROWCLKSEL                       ;
;   3.813 ;   0.000  ;    ; RE   ; 1      ; GLOBAL_LOCAL_SEL_X61_Y22_N0_I0        ; GLOBAL_LOCAL_SEL                ;
;   3.813 ;   0.000  ;    ; RE   ; 16     ; LAB_INPUT_X61_Y22_N0_I2               ; LAB_INPUT                       ;
;   3.812 ;   -0.001 ; RR ; IC   ; 1      ; FF_X61_Y22_N38                        ; message_bytes_remaining[12]|clk ;
;   4.457 ;   0.645  ; RR ; CELL ; 1      ; FF_X61_Y22_N38                        ; message_bytes_remaining[12]     ;
;   4.330 ;   -0.127 ;    ;      ;        ;                                       ; clock pessimism removed         ;
; 4.330   ; 0.000    ;    ;      ;        ;                                       ; clock uncertainty               ;
; 4.330   ; 0.000    ;    ; uTh  ; 1      ; FF_X61_Y22_N38                        ; message_bytes_remaining[12]     ;
+---------+----------+----+------+--------+---------------------------------------+---------------------------------+

----------------------------
; Extra Fitter Information ;
----------------------------
HTML report is unavailable in plain text report export.


Path #6: Hold slack is 0.504 
===============================================================================
+--------------------------------------------------+
; Path Summary                                     ;
+--------------------+-----------------------------+
; Property           ; Value                       ;
+--------------------+-----------------------------+
; From Node          ; message_bytes_remaining[15] ;
; To Node            ; message_bytes_remaining[15] ;
; Launch Clock       ; clk                         ;
; Latch Clock        ; clk                         ;
; Data Arrival Time  ; 4.840                       ;
; Data Required Time ; 4.336                       ;
; Slack              ; 0.504                       ;
+--------------------+-----------------------------+

+------------------------------------------------------------------------------------+
; Statistics                                                                         ;
+------------------------+-------+-------+-------------+------------+--------+-------+
; Property               ; Value ; Count ; Total Delay ; % of Total ; Min    ; Max   ;
+------------------------+-------+-------+-------------+------------+--------+-------+
; Hold Relationship      ; 0.000 ;       ;             ;            ;        ;       ;
; Clock Skew             ; 0.124 ;       ;             ;            ;        ;       ;
; Data Delay             ; 0.628 ;       ;             ;            ;        ;       ;
; Number of Logic Levels ;       ; 1     ;             ;            ;        ;       ;
; Physical Delays        ;       ;       ;             ;            ;        ;       ;
;  Arrival Path          ;       ;       ;             ;            ;        ;       ;
;   Clock                ;       ;       ;             ;            ;        ;       ;
;    IC                  ;       ; 3     ; 0.000       ; 0          ; 0.000  ; 0.000 ;
;    Cell                ;       ; 3     ; 1.770       ; 42         ; 0.470  ; 0.739 ;
;    Routing Element     ;       ; 26    ; 2.442       ; 58         ; 0.000  ; 0.776 ;
;   Data                 ;       ;       ;             ;            ;        ;       ;
;    IC                  ;       ; 2     ; 0.000       ; 0          ; 0.000  ; 0.000 ;
;    Cell                ;       ; 3     ; 0.353       ; 56         ; 0.000  ; 0.271 ;
;    uTco                ;       ; 1     ; 0.000       ; 0          ; 0.000  ; 0.000 ;
;    Routing Element     ;       ; 4     ; 0.275       ; 44         ; 0.000  ; 0.137 ;
;  Required Path         ;       ;       ;             ;            ;        ;       ;
;   Clock                ;       ;       ;             ;            ;        ;       ;
;    IC                  ;       ; 3     ; -0.001      ; 0          ; -0.001 ; 0.000 ;
;    Cell                ;       ; 3     ; 1.897       ; 42         ; 0.507  ; 0.739 ;
;    Routing Element     ;       ; 26    ; 2.567       ; 58         ; 0.000  ; 0.821 ;
+------------------------+-------+-------+-------------+------------+--------+-------+
Note: Negative delays are omitted from totals when calculating percentages

+------------------------------------------------------------------------------------------------------------------+
; Data Arrival Path                                                                                                ;
+---------+---------+----+------+--------+---------------------------------------+---------------------------------+
; Total   ; Incr    ; RF ; Type ; Fanout ; Location                              ; Element                         ;
+---------+---------+----+------+--------+---------------------------------------+---------------------------------+
; 0.000   ; 0.000   ;    ;      ;        ;                                       ; launch edge time                ;
; 4.212   ; 4.212   ;    ;      ;        ;                                       ; clock path                      ;
;   0.000 ;   0.000 ;    ;      ;        ;                                       ; source latency                  ;
;   0.000 ;   0.000 ;    ;      ; 1      ; PIN_M16                               ; clk                             ;
;   0.000 ;   0.000 ;    ; RE   ; 1      ; IOPAD_X89_Y35_N60                     ; ARRIAV_IO_PAD                   ;
;   0.000 ;   0.000 ;    ; RE   ; 1      ; IO_PAD_OUTPUT_X89_Y35_N60_I1          ; IO_PAD_OUTPUT                   ;
;   0.000 ;   0.000 ;    ; RE   ; 1      ; IO_INPUT_BUFFER_INPUT_X89_Y35_N61_I0  ; IO_INPUT_BUFFER_INPUT           ;
;   0.000 ;   0.000 ; RR ; IC   ; 1      ; IOIBUF_X89_Y35_N61                    ; clk~input|i                     ;
;   0.739 ;   0.739 ; RR ; CELL ; 1      ; IOIBUF_X89_Y35_N61                    ; clk~input|o                     ;
;   0.739 ;   0.000 ;    ; RE   ; 1      ; IOIBUF_X89_Y35_N61                    ; ARRIAV_IO_IBUF                  ;
;   0.739 ;   0.000 ;    ; RE   ; 1      ; IO_INPUT_BUFFER_OUTPUT_X89_Y35_N61_I2 ; IO_INPUT_BUFFER_OUTPUT          ;
;   0.739 ;   0.000 ;    ; RE   ; 1      ; IO_RE_X89_Y35_N60_I96                 ; IO_RE                           ;
;   0.827 ;   0.088 ;    ; RE   ; 1      ; IO_RE_X89_Y35_N60_I66                 ; IO_RE                           ;
;   1.102 ;   0.275 ;    ; RE   ; 1      ; CLKBUF_CLUSTER_RE_X89_Y39_N3_I421     ; CLKBUF_CLUSTER_RE               ;
;   1.102 ;   0.000 ;    ; RE   ; 1      ; CLKBUF_CLUSTER_RE_X89_Y39_N3_I772     ; CLKBUF_CLUSTER_RE               ;
;   1.102 ;   0.000 ;    ; RE   ; 1      ; CLKBUF_CLUSTER_RE_X89_Y39_N3_I557     ; CLKBUF_CLUSTER_RE               ;
;   1.102 ;   0.000 ;    ; RE   ; 1      ; GCLK_CLUSTER_RE_X89_Y39_N6_I10        ; GCLK_CLUSTER_RE                 ;
;   1.102 ;   0.000 ;    ; RE   ; 1      ; CLKBUFBLOCK_INPUT_X89_Y39_N7_I0       ; CLKBUFBLOCK_INPUT               ;
;   1.102 ;   0.000 ; RR ; IC   ; 1      ; CLKCTRL_G9                            ; clk~inputCLKENA0|inclk          ;
;   1.572 ;   0.470 ; RR ; CELL ; 1674   ; CLKCTRL_G9                            ; clk~inputCLKENA0|outclk         ;
;   1.572 ;   0.000 ;    ; RE   ; 1      ; CLKCTRL_G9                            ; ARRIAV_CLKBUF                   ;
;   1.572 ;   0.000 ;    ; RE   ; 1      ; CLKBUFBLOCK_OUTPUT_X89_Y39_N7_I2      ; CLKBUFBLOCK_OUTPUT              ;
;   1.572 ;   0.000 ;    ; RE   ; 1      ; GCLK_CLUSTER_RE_X89_Y39_N6_I12        ; GCLK_CLUSTER_RE                 ;
;   1.572 ;   0.000 ;    ; RE   ; 1      ; CLKBUF_CLUSTER_RE_X89_Y39_N3_I416     ; CLKBUF_CLUSTER_RE               ;
;   2.348 ;   0.776 ;    ; RE   ; 4      ; GLOBAL_CLOCK_X0_Y36_N0_I9             ; GLOBAL_CLOCK                    ;
;   2.486 ;   0.138 ;    ; RE   ; 15     ; SPINE_CLOCK_X55_Y19_N0_I22            ; SPINE_CLOCK                     ;
;   2.875 ;   0.389 ;    ; RE   ; 1      ; SCLK_TO_ROWCLK_BUF_X55_Y22_N0_I133    ; SCLK_TO_ROWCLK_BUF              ;
;   2.956 ;   0.081 ;    ; RE   ; 1      ; SCLK_TO_ROWCLK_BUF_X55_Y22_N0_I136    ; SCLK_TO_ROWCLK_BUF              ;
;   3.414 ;   0.458 ;    ; RE   ; 3      ; LAB_CLK_X56_Y22_N0_I5                 ; LAB_CLK                         ;
;   3.542 ;   0.128 ;    ; RE   ; 1      ; BLK_CLK_BUF_X61_Y22_N0_I5             ; BLK_CLK_BUF                     ;
;   3.597 ;   0.055 ;    ; RE   ; 1      ; ROWCLKSEL_PREBUF_X61_Y22_N0_I5        ; ROWCLKSEL_PREBUF                ;
;   3.651 ;   0.054 ;    ; RE   ; 1      ; ROWCLKSEL_X61_Y22_N0_I0               ; ROWCLKSEL                       ;
;   3.651 ;   0.000 ;    ; RE   ; 1      ; GLOBAL_LOCAL_SEL_X61_Y22_N0_I0        ; GLOBAL_LOCAL_SEL                ;
;   3.651 ;   0.000 ;    ; RE   ; 16     ; LAB_INPUT_X61_Y22_N0_I2               ; LAB_INPUT                       ;
;   3.651 ;   0.000 ; RR ; IC   ; 1      ; FF_X61_Y22_N47                        ; message_bytes_remaining[15]|clk ;
;   4.212 ;   0.561 ; RR ; CELL ; 1      ; FF_X61_Y22_N47                        ; message_bytes_remaining[15]     ;
; 4.840   ; 0.628   ;    ;      ;        ;                                       ; data path                       ;
;   4.212 ;   0.000 ;    ; uTco ; 1      ; FF_X61_Y22_N47                        ; message_bytes_remaining[15]     ;
;   4.212 ;   0.000 ; FF ; CELL ; 3      ; FF_X61_Y22_N47                        ; message_bytes_remaining[15]|q   ;
;   4.269 ;   0.057 ;    ; RE   ; 2      ; FF_X61_Y22_N47                        ; ARRIAV_FF                       ;
;   4.350 ;   0.081 ;    ; RE   ; 1      ; LOCAL_LINE_X61_Y22_N0_I15             ; LOCAL_LINE                      ;
;   4.487 ;   0.137 ;    ; RE   ; 1      ; BLOCK_INPUT_MUX_X61_Y22_N0_I61        ; LEIM_INPUT                      ;
;   4.487 ;   0.000 ; FF ; IC   ; 1      ; LABCELL_X61_Y22_N45                   ; Add1~33|datac                   ;
;   4.758 ;   0.271 ; FR ; CELL ; 1      ; LABCELL_X61_Y22_N45                   ; Add1~33|sumout                  ;
;   4.758 ;   0.000 ;    ; RE   ; 1      ; LABCELL_X61_Y22_N45                   ; ARRIAV_LCELL_COMB               ;
;   4.758 ;   0.000 ; RR ; IC   ; 1      ; FF_X61_Y22_N47                        ; message_bytes_remaining[15]|d   ;
;   4.840 ;   0.082 ; RR ; CELL ; 1      ; FF_X61_Y22_N47                        ; message_bytes_remaining[15]     ;
+---------+---------+----+------+--------+---------------------------------------+---------------------------------+

+-------------------------------------------------------------------------------------------------------------------+
; Data Required Path                                                                                                ;
+---------+----------+----+------+--------+---------------------------------------+---------------------------------+
; Total   ; Incr     ; RF ; Type ; Fanout ; Location                              ; Element                         ;
+---------+----------+----+------+--------+---------------------------------------+---------------------------------+
; 0.000   ; 0.000    ;    ;      ;        ;                                       ; latch edge time                 ;
; 4.336   ; 4.336    ;    ;      ;        ;                                       ; clock path                      ;
;   0.000 ;   0.000  ;    ;      ;        ;                                       ; source latency                  ;
;   0.000 ;   0.000  ;    ;      ; 1      ; PIN_M16                               ; clk                             ;
;   0.000 ;   0.000  ;    ; RE   ; 1      ; IOPAD_X89_Y35_N60                     ; ARRIAV_IO_PAD                   ;
;   0.000 ;   0.000  ;    ; RE   ; 1      ; IO_PAD_OUTPUT_X89_Y35_N60_I1          ; IO_PAD_OUTPUT                   ;
;   0.000 ;   0.000  ;    ; RE   ; 1      ; IO_INPUT_BUFFER_INPUT_X89_Y35_N61_I0  ; IO_INPUT_BUFFER_INPUT           ;
;   0.000 ;   0.000  ; RR ; IC   ; 1      ; IOIBUF_X89_Y35_N61                    ; clk~input|i                     ;
;   0.739 ;   0.739  ; RR ; CELL ; 1      ; IOIBUF_X89_Y35_N61                    ; clk~input|o                     ;
;   0.739 ;   0.000  ;    ; RE   ; 1      ; IOIBUF_X89_Y35_N61                    ; ARRIAV_IO_IBUF                  ;
;   0.739 ;   0.000  ;    ; RE   ; 1      ; IO_INPUT_BUFFER_OUTPUT_X89_Y35_N61_I2 ; IO_INPUT_BUFFER_OUTPUT          ;
;   0.739 ;   0.000  ;    ; RE   ; 1      ; IO_RE_X89_Y35_N60_I96                 ; IO_RE                           ;
;   0.833 ;   0.094  ;    ; RE   ; 1      ; IO_RE_X89_Y35_N60_I66                 ; IO_RE                           ;
;   1.125 ;   0.292  ;    ; RE   ; 1      ; CLKBUF_CLUSTER_RE_X89_Y39_N3_I421     ; CLKBUF_CLUSTER_RE               ;
;   1.125 ;   0.000  ;    ; RE   ; 1      ; CLKBUF_CLUSTER_RE_X89_Y39_N3_I772     ; CLKBUF_CLUSTER_RE               ;
;   1.125 ;   0.000  ;    ; RE   ; 1      ; CLKBUF_CLUSTER_RE_X89_Y39_N3_I557     ; CLKBUF_CLUSTER_RE               ;
;   1.125 ;   0.000  ;    ; RE   ; 1      ; GCLK_CLUSTER_RE_X89_Y39_N6_I10        ; GCLK_CLUSTER_RE                 ;
;   1.125 ;   0.000  ;    ; RE   ; 1      ; CLKBUFBLOCK_INPUT_X89_Y39_N7_I0       ; CLKBUFBLOCK_INPUT               ;
;   1.125 ;   0.000  ; RR ; IC   ; 1      ; CLKCTRL_G9                            ; clk~inputCLKENA0|inclk          ;
;   1.632 ;   0.507  ; RR ; CELL ; 1674   ; CLKCTRL_G9                            ; clk~inputCLKENA0|outclk         ;
;   1.632 ;   0.000  ;    ; RE   ; 1      ; CLKCTRL_G9                            ; ARRIAV_CLKBUF                   ;
;   1.632 ;   0.000  ;    ; RE   ; 1      ; CLKBUFBLOCK_OUTPUT_X89_Y39_N7_I2      ; CLKBUFBLOCK_OUTPUT              ;
;   1.632 ;   0.000  ;    ; RE   ; 1      ; GCLK_CLUSTER_RE_X89_Y39_N6_I12        ; GCLK_CLUSTER_RE                 ;
;   1.632 ;   0.000  ;    ; RE   ; 1      ; CLKBUF_CLUSTER_RE_X89_Y39_N3_I416     ; CLKBUF_CLUSTER_RE               ;
;   2.453 ;   0.821  ;    ; RE   ; 4      ; GLOBAL_CLOCK_X0_Y36_N0_I9             ; GLOBAL_CLOCK                    ;
;   2.596 ;   0.143  ;    ; RE   ; 15     ; SPINE_CLOCK_X55_Y19_N0_I22            ; SPINE_CLOCK                     ;
;   2.999 ;   0.403  ;    ; RE   ; 1      ; SCLK_TO_ROWCLK_BUF_X55_Y22_N0_I133    ; SCLK_TO_ROWCLK_BUF              ;
;   3.083 ;   0.084  ;    ; RE   ; 1      ; SCLK_TO_ROWCLK_BUF_X55_Y22_N0_I136    ; SCLK_TO_ROWCLK_BUF              ;
;   3.558 ;   0.475  ;    ; RE   ; 3      ; LAB_CLK_X56_Y22_N0_I5                 ; LAB_CLK                         ;
;   3.697 ;   0.139  ;    ; RE   ; 1      ; BLK_CLK_BUF_X61_Y22_N0_I5             ; BLK_CLK_BUF                     ;
;   3.754 ;   0.057  ;    ; RE   ; 1      ; ROWCLKSEL_PREBUF_X61_Y22_N0_I5        ; ROWCLKSEL_PREBUF                ;
;   3.813 ;   0.059  ;    ; RE   ; 1      ; ROWCLKSEL_X61_Y22_N0_I0               ; ROWCLKSEL                       ;
;   3.813 ;   0.000  ;    ; RE   ; 1      ; GLOBAL_LOCAL_SEL_X61_Y22_N0_I0        ; GLOBAL_LOCAL_SEL                ;
;   3.813 ;   0.000  ;    ; RE   ; 16     ; LAB_INPUT_X61_Y22_N0_I2               ; LAB_INPUT                       ;
;   3.812 ;   -0.001 ; RR ; IC   ; 1      ; FF_X61_Y22_N47                        ; message_bytes_remaining[15]|clk ;
;   4.463 ;   0.651  ; RR ; CELL ; 1      ; FF_X61_Y22_N47                        ; message_bytes_remaining[15]     ;
;   4.336 ;   -0.127 ;    ;      ;        ;                                       ; clock pessimism removed         ;
; 4.336   ; 0.000    ;    ;      ;        ;                                       ; clock uncertainty               ;
; 4.336   ; 0.000    ;    ; uTh  ; 1      ; FF_X61_Y22_N47                        ; message_bytes_remaining[15]     ;
+---------+----------+----+------+--------+---------------------------------------+---------------------------------+

----------------------------
; Extra Fitter Information ;
----------------------------
HTML report is unavailable in plain text report export.


Path #7: Hold slack is 0.508 
===============================================================================
+---------------------------------------------+
; Path Summary                                ;
+--------------------+------------------------+
; Property           ; Value                  ;
+--------------------+------------------------+
; From Node          ; xof_bytes_remaining[3] ;
; To Node            ; xof_bytes_remaining[3] ;
; Launch Clock       ; clk                    ;
; Latch Clock        ; clk                    ;
; Data Arrival Time  ; 4.827                  ;
; Data Required Time ; 4.319                  ;
; Slack              ; 0.508                  ;
+--------------------+------------------------+

+------------------------------------------------------------------------------------+
; Statistics                                                                         ;
+------------------------+-------+-------+-------------+------------+--------+-------+
; Property               ; Value ; Count ; Total Delay ; % of Total ; Min    ; Max   ;
+------------------------+-------+-------+-------------+------------+--------+-------+
; Hold Relationship      ; 0.000 ;       ;             ;            ;        ;       ;
; Clock Skew             ; 0.122 ;       ;             ;            ;        ;       ;
; Data Delay             ; 0.630 ;       ;             ;            ;        ;       ;
; Number of Logic Levels ;       ; 1     ;             ;            ;        ;       ;
; Physical Delays        ;       ;       ;             ;            ;        ;       ;
;  Arrival Path          ;       ;       ;             ;            ;        ;       ;
;   Clock                ;       ;       ;             ;            ;        ;       ;
;    IC                  ;       ; 3     ; 0.000       ; 0          ; 0.000  ; 0.000 ;
;    Cell                ;       ; 3     ; 1.759       ; 42         ; 0.470  ; 0.739 ;
;    Routing Element     ;       ; 26    ; 2.438       ; 58         ; 0.000  ; 0.782 ;
;   Data                 ;       ;       ;             ;            ;        ;       ;
;    IC                  ;       ; 2     ; 0.000       ; 0          ; 0.000  ; 0.000 ;
;    Cell                ;       ; 3     ; 0.348       ; 55         ; 0.000  ; 0.266 ;
;    uTco                ;       ; 1     ; 0.000       ; 0          ; 0.000  ; 0.000 ;
;    Routing Element     ;       ; 4     ; 0.282       ; 45         ; 0.000  ; 0.146 ;
;  Required Path         ;       ;       ;             ;            ;        ;       ;
;   Clock                ;       ;       ;             ;            ;        ;       ;
;    IC                  ;       ; 3     ; -0.001      ; 0          ; -0.001 ; 0.000 ;
;    Cell                ;       ; 3     ; 1.885       ; 42         ; 0.507  ; 0.739 ;
;    Routing Element     ;       ; 26    ; 2.561       ; 58         ; 0.000  ; 0.826 ;
+------------------------+-------+-------+-------------+------------+--------+-------+
Note: Negative delays are omitted from totals when calculating percentages

+-------------------------------------------------------------------------------------------------------------+
; Data Arrival Path                                                                                           ;
+---------+---------+----+------+--------+---------------------------------------+----------------------------+
; Total   ; Incr    ; RF ; Type ; Fanout ; Location                              ; Element                    ;
+---------+---------+----+------+--------+---------------------------------------+----------------------------+
; 0.000   ; 0.000   ;    ;      ;        ;                                       ; launch edge time           ;
; 4.197   ; 4.197   ;    ;      ;        ;                                       ; clock path                 ;
;   0.000 ;   0.000 ;    ;      ;        ;                                       ; source latency             ;
;   0.000 ;   0.000 ;    ;      ; 1      ; PIN_M16                               ; clk                        ;
;   0.000 ;   0.000 ;    ; RE   ; 1      ; IOPAD_X89_Y35_N60                     ; ARRIAV_IO_PAD              ;
;   0.000 ;   0.000 ;    ; RE   ; 1      ; IO_PAD_OUTPUT_X89_Y35_N60_I1          ; IO_PAD_OUTPUT              ;
;   0.000 ;   0.000 ;    ; RE   ; 1      ; IO_INPUT_BUFFER_INPUT_X89_Y35_N61_I0  ; IO_INPUT_BUFFER_INPUT      ;
;   0.000 ;   0.000 ; RR ; IC   ; 1      ; IOIBUF_X89_Y35_N61                    ; clk~input|i                ;
;   0.739 ;   0.739 ; RR ; CELL ; 1      ; IOIBUF_X89_Y35_N61                    ; clk~input|o                ;
;   0.739 ;   0.000 ;    ; RE   ; 1      ; IOIBUF_X89_Y35_N61                    ; ARRIAV_IO_IBUF             ;
;   0.739 ;   0.000 ;    ; RE   ; 1      ; IO_INPUT_BUFFER_OUTPUT_X89_Y35_N61_I2 ; IO_INPUT_BUFFER_OUTPUT     ;
;   0.739 ;   0.000 ;    ; RE   ; 1      ; IO_RE_X89_Y35_N60_I96                 ; IO_RE                      ;
;   0.827 ;   0.088 ;    ; RE   ; 1      ; IO_RE_X89_Y35_N60_I66                 ; IO_RE                      ;
;   1.102 ;   0.275 ;    ; RE   ; 1      ; CLKBUF_CLUSTER_RE_X89_Y39_N3_I421     ; CLKBUF_CLUSTER_RE          ;
;   1.102 ;   0.000 ;    ; RE   ; 1      ; CLKBUF_CLUSTER_RE_X89_Y39_N3_I772     ; CLKBUF_CLUSTER_RE          ;
;   1.102 ;   0.000 ;    ; RE   ; 1      ; CLKBUF_CLUSTER_RE_X89_Y39_N3_I557     ; CLKBUF_CLUSTER_RE          ;
;   1.102 ;   0.000 ;    ; RE   ; 1      ; GCLK_CLUSTER_RE_X89_Y39_N6_I10        ; GCLK_CLUSTER_RE            ;
;   1.102 ;   0.000 ;    ; RE   ; 1      ; CLKBUFBLOCK_INPUT_X89_Y39_N7_I0       ; CLKBUFBLOCK_INPUT          ;
;   1.102 ;   0.000 ; RR ; IC   ; 1      ; CLKCTRL_G9                            ; clk~inputCLKENA0|inclk     ;
;   1.572 ;   0.470 ; RR ; CELL ; 1674   ; CLKCTRL_G9                            ; clk~inputCLKENA0|outclk    ;
;   1.572 ;   0.000 ;    ; RE   ; 1      ; CLKCTRL_G9                            ; ARRIAV_CLKBUF              ;
;   1.572 ;   0.000 ;    ; RE   ; 1      ; CLKBUFBLOCK_OUTPUT_X89_Y39_N7_I2      ; CLKBUFBLOCK_OUTPUT         ;
;   1.572 ;   0.000 ;    ; RE   ; 1      ; GCLK_CLUSTER_RE_X89_Y39_N6_I12        ; GCLK_CLUSTER_RE            ;
;   1.572 ;   0.000 ;    ; RE   ; 1      ; CLKBUF_CLUSTER_RE_X89_Y39_N3_I416     ; CLKBUF_CLUSTER_RE          ;
;   2.354 ;   0.782 ;    ; RE   ; 4      ; GLOBAL_CLOCK_X0_Y36_N0_I9             ; GLOBAL_CLOCK               ;
;   2.492 ;   0.138 ;    ; RE   ; 15     ; SPINE_CLOCK_X77_Y19_N0_I7             ; SPINE_CLOCK                ;
;   2.881 ;   0.389 ;    ; RE   ; 1      ; SCLK_TO_ROWCLK_BUF_X77_Y22_N0_I42     ; SCLK_TO_ROWCLK_BUF         ;
;   2.962 ;   0.081 ;    ; RE   ; 1      ; SCLK_TO_ROWCLK_BUF_X77_Y22_N0_I45     ; SCLK_TO_ROWCLK_BUF         ;
;   3.415 ;   0.453 ;    ; RE   ; 2      ; LAB_CLK_X67_Y22_N0_I2                 ; LAB_CLK                    ;
;   3.539 ;   0.124 ;    ; RE   ; 1      ; BLK_CLK_BUF_X68_Y22_N0_I2             ; BLK_CLK_BUF                ;
;   3.592 ;   0.053 ;    ; RE   ; 1      ; ROWCLKSEL_PREBUF_X68_Y22_N0_I2        ; ROWCLKSEL_PREBUF           ;
;   3.647 ;   0.055 ;    ; RE   ; 1      ; ROWCLKSEL_X68_Y22_N0_I1               ; ROWCLKSEL                  ;
;   3.647 ;   0.000 ;    ; RE   ; 1      ; GLOBAL_LOCAL_SEL_X68_Y22_N0_I1        ; GLOBAL_LOCAL_SEL           ;
;   3.647 ;   0.000 ;    ; RE   ; 13     ; LAB_INPUT_X68_Y22_N0_I2               ; LAB_INPUT                  ;
;   3.647 ;   0.000 ; RR ; IC   ; 1      ; FF_X68_Y22_N2                         ; xof_bytes_remaining[3]|clk ;
;   4.197 ;   0.550 ; RR ; CELL ; 1      ; FF_X68_Y22_N2                         ; xof_bytes_remaining[3]     ;
; 4.827   ; 0.630   ;    ;      ;        ;                                       ; data path                  ;
;   4.197 ;   0.000 ;    ; uTco ; 1      ; FF_X68_Y22_N2                         ; xof_bytes_remaining[3]     ;
;   4.197 ;   0.000 ; FF ; CELL ; 6      ; FF_X68_Y22_N2                         ; xof_bytes_remaining[3]|q   ;
;   4.251 ;   0.054 ;    ; RE   ; 2      ; FF_X68_Y22_N2                         ; ARRIAV_FF                  ;
;   4.333 ;   0.082 ;    ; RE   ; 1      ; LOCAL_LINE_X68_Y22_N0_I0              ; LOCAL_LINE                 ;
;   4.479 ;   0.146 ;    ; RE   ; 1      ; BLOCK_INPUT_MUX_X68_Y22_N0_I4         ; LEIM_INPUT                 ;
;   4.479 ;   0.000 ; FF ; IC   ; 3      ; LABCELL_X68_Y22_N0                    ; Add5~1|datac               ;
;   4.745 ;   0.266 ; FR ; CELL ; 1      ; LABCELL_X68_Y22_N0                    ; Add5~1|sumout              ;
;   4.745 ;   0.000 ;    ; RE   ; 2      ; LABCELL_X68_Y22_N0                    ; ARRIAV_LCELL_COMB          ;
;   4.745 ;   0.000 ; RR ; IC   ; 1      ; FF_X68_Y22_N2                         ; xof_bytes_remaining[3]|d   ;
;   4.827 ;   0.082 ; RR ; CELL ; 1      ; FF_X68_Y22_N2                         ; xof_bytes_remaining[3]     ;
+---------+---------+----+------+--------+---------------------------------------+----------------------------+

+--------------------------------------------------------------------------------------------------------------+
; Data Required Path                                                                                           ;
+---------+----------+----+------+--------+---------------------------------------+----------------------------+
; Total   ; Incr     ; RF ; Type ; Fanout ; Location                              ; Element                    ;
+---------+----------+----+------+--------+---------------------------------------+----------------------------+
; 0.000   ; 0.000    ;    ;      ;        ;                                       ; latch edge time            ;
; 4.319   ; 4.319    ;    ;      ;        ;                                       ; clock path                 ;
;   0.000 ;   0.000  ;    ;      ;        ;                                       ; source latency             ;
;   0.000 ;   0.000  ;    ;      ; 1      ; PIN_M16                               ; clk                        ;
;   0.000 ;   0.000  ;    ; RE   ; 1      ; IOPAD_X89_Y35_N60                     ; ARRIAV_IO_PAD              ;
;   0.000 ;   0.000  ;    ; RE   ; 1      ; IO_PAD_OUTPUT_X89_Y35_N60_I1          ; IO_PAD_OUTPUT              ;
;   0.000 ;   0.000  ;    ; RE   ; 1      ; IO_INPUT_BUFFER_INPUT_X89_Y35_N61_I0  ; IO_INPUT_BUFFER_INPUT      ;
;   0.000 ;   0.000  ; RR ; IC   ; 1      ; IOIBUF_X89_Y35_N61                    ; clk~input|i                ;
;   0.739 ;   0.739  ; RR ; CELL ; 1      ; IOIBUF_X89_Y35_N61                    ; clk~input|o                ;
;   0.739 ;   0.000  ;    ; RE   ; 1      ; IOIBUF_X89_Y35_N61                    ; ARRIAV_IO_IBUF             ;
;   0.739 ;   0.000  ;    ; RE   ; 1      ; IO_INPUT_BUFFER_OUTPUT_X89_Y35_N61_I2 ; IO_INPUT_BUFFER_OUTPUT     ;
;   0.739 ;   0.000  ;    ; RE   ; 1      ; IO_RE_X89_Y35_N60_I96                 ; IO_RE                      ;
;   0.833 ;   0.094  ;    ; RE   ; 1      ; IO_RE_X89_Y35_N60_I66                 ; IO_RE                      ;
;   1.125 ;   0.292  ;    ; RE   ; 1      ; CLKBUF_CLUSTER_RE_X89_Y39_N3_I421     ; CLKBUF_CLUSTER_RE          ;
;   1.125 ;   0.000  ;    ; RE   ; 1      ; CLKBUF_CLUSTER_RE_X89_Y39_N3_I772     ; CLKBUF_CLUSTER_RE          ;
;   1.125 ;   0.000  ;    ; RE   ; 1      ; CLKBUF_CLUSTER_RE_X89_Y39_N3_I557     ; CLKBUF_CLUSTER_RE          ;
;   1.125 ;   0.000  ;    ; RE   ; 1      ; GCLK_CLUSTER_RE_X89_Y39_N6_I10        ; GCLK_CLUSTER_RE            ;
;   1.125 ;   0.000  ;    ; RE   ; 1      ; CLKBUFBLOCK_INPUT_X89_Y39_N7_I0       ; CLKBUFBLOCK_INPUT          ;
;   1.125 ;   0.000  ; RR ; IC   ; 1      ; CLKCTRL_G9                            ; clk~inputCLKENA0|inclk     ;
;   1.632 ;   0.507  ; RR ; CELL ; 1674   ; CLKCTRL_G9                            ; clk~inputCLKENA0|outclk    ;
;   1.632 ;   0.000  ;    ; RE   ; 1      ; CLKCTRL_G9                            ; ARRIAV_CLKBUF              ;
;   1.632 ;   0.000  ;    ; RE   ; 1      ; CLKBUFBLOCK_OUTPUT_X89_Y39_N7_I2      ; CLKBUFBLOCK_OUTPUT         ;
;   1.632 ;   0.000  ;    ; RE   ; 1      ; GCLK_CLUSTER_RE_X89_Y39_N6_I12        ; GCLK_CLUSTER_RE            ;
;   1.632 ;   0.000  ;    ; RE   ; 1      ; CLKBUF_CLUSTER_RE_X89_Y39_N3_I416     ; CLKBUF_CLUSTER_RE          ;
;   2.458 ;   0.826  ;    ; RE   ; 4      ; GLOBAL_CLOCK_X0_Y36_N0_I9             ; GLOBAL_CLOCK               ;
;   2.601 ;   0.143  ;    ; RE   ; 15     ; SPINE_CLOCK_X77_Y19_N0_I7             ; SPINE_CLOCK                ;
;   3.004 ;   0.403  ;    ; RE   ; 1      ; SCLK_TO_ROWCLK_BUF_X77_Y22_N0_I42     ; SCLK_TO_ROWCLK_BUF         ;
;   3.088 ;   0.084  ;    ; RE   ; 1      ; SCLK_TO_ROWCLK_BUF_X77_Y22_N0_I45     ; SCLK_TO_ROWCLK_BUF         ;
;   3.558 ;   0.470  ;    ; RE   ; 2      ; LAB_CLK_X67_Y22_N0_I2                 ; LAB_CLK                    ;
;   3.692 ;   0.134  ;    ; RE   ; 1      ; BLK_CLK_BUF_X68_Y22_N0_I2             ; BLK_CLK_BUF                ;
;   3.747 ;   0.055  ;    ; RE   ; 1      ; ROWCLKSEL_PREBUF_X68_Y22_N0_I2        ; ROWCLKSEL_PREBUF           ;
;   3.807 ;   0.060  ;    ; RE   ; 1      ; ROWCLKSEL_X68_Y22_N0_I1               ; ROWCLKSEL                  ;
;   3.807 ;   0.000  ;    ; RE   ; 1      ; GLOBAL_LOCAL_SEL_X68_Y22_N0_I1        ; GLOBAL_LOCAL_SEL           ;
;   3.807 ;   0.000  ;    ; RE   ; 13     ; LAB_INPUT_X68_Y22_N0_I2               ; LAB_INPUT                  ;
;   3.806 ;   -0.001 ; RR ; IC   ; 1      ; FF_X68_Y22_N2                         ; xof_bytes_remaining[3]|clk ;
;   4.445 ;   0.639  ; RR ; CELL ; 1      ; FF_X68_Y22_N2                         ; xof_bytes_remaining[3]     ;
;   4.319 ;   -0.126 ;    ;      ;        ;                                       ; clock pessimism removed    ;
; 4.319   ; 0.000    ;    ;      ;        ;                                       ; clock uncertainty          ;
; 4.319   ; 0.000    ;    ; uTh  ; 1      ; FF_X68_Y22_N2                         ; xof_bytes_remaining[3]     ;
+---------+----------+----+------+--------+---------------------------------------+----------------------------+

----------------------------
; Extra Fitter Information ;
----------------------------
HTML report is unavailable in plain text report export.


Path #8: Hold slack is 0.510 
===============================================================================
+----------------------------------------------+
; Path Summary                                 ;
+--------------------+-------------------------+
; Property           ; Value                   ;
+--------------------+-------------------------+
; From Node          ; xof_bytes_remaining[11] ;
; To Node            ; xof_bytes_remaining[11] ;
; Launch Clock       ; clk                     ;
; Latch Clock        ; clk                     ;
; Data Arrival Time  ; 4.829                   ;
; Data Required Time ; 4.319                   ;
; Slack              ; 0.510                   ;
+--------------------+-------------------------+

+------------------------------------------------------------------------------------+
; Statistics                                                                         ;
+------------------------+-------+-------+-------------+------------+--------+-------+
; Property               ; Value ; Count ; Total Delay ; % of Total ; Min    ; Max   ;
+------------------------+-------+-------+-------------+------------+--------+-------+
; Hold Relationship      ; 0.000 ;       ;             ;            ;        ;       ;
; Clock Skew             ; 0.122 ;       ;             ;            ;        ;       ;
; Data Delay             ; 0.632 ;       ;             ;            ;        ;       ;
; Number of Logic Levels ;       ; 1     ;             ;            ;        ;       ;
; Physical Delays        ;       ;       ;             ;            ;        ;       ;
;  Arrival Path          ;       ;       ;             ;            ;        ;       ;
;   Clock                ;       ;       ;             ;            ;        ;       ;
;    IC                  ;       ; 3     ; 0.000       ; 0          ; 0.000  ; 0.000 ;
;    Cell                ;       ; 3     ; 1.759       ; 42         ; 0.470  ; 0.739 ;
;    Routing Element     ;       ; 26    ; 2.438       ; 58         ; 0.000  ; 0.782 ;
;   Data                 ;       ;       ;             ;            ;        ;       ;
;    IC                  ;       ; 2     ; 0.001       ; 0          ; 0.000  ; 0.001 ;
;    Cell                ;       ; 3     ; 0.348       ; 55         ; 0.000  ; 0.266 ;
;    uTco                ;       ; 1     ; 0.000       ; 0          ; 0.000  ; 0.000 ;
;    Routing Element     ;       ; 4     ; 0.283       ; 45         ; 0.000  ; 0.141 ;
;  Required Path         ;       ;       ;             ;            ;        ;       ;
;   Clock                ;       ;       ;             ;            ;        ;       ;
;    IC                  ;       ; 3     ; -0.001      ; 0          ; -0.001 ; 0.000 ;
;    Cell                ;       ; 3     ; 1.885       ; 42         ; 0.507  ; 0.739 ;
;    Routing Element     ;       ; 26    ; 2.561       ; 58         ; 0.000  ; 0.826 ;
+------------------------+-------+-------+-------------+------------+--------+-------+
Note: Negative delays are omitted from totals when calculating percentages

+--------------------------------------------------------------------------------------------------------------+
; Data Arrival Path                                                                                            ;
+---------+---------+----+------+--------+---------------------------------------+-----------------------------+
; Total   ; Incr    ; RF ; Type ; Fanout ; Location                              ; Element                     ;
+---------+---------+----+------+--------+---------------------------------------+-----------------------------+
; 0.000   ; 0.000   ;    ;      ;        ;                                       ; launch edge time            ;
; 4.197   ; 4.197   ;    ;      ;        ;                                       ; clock path                  ;
;   0.000 ;   0.000 ;    ;      ;        ;                                       ; source latency              ;
;   0.000 ;   0.000 ;    ;      ; 1      ; PIN_M16                               ; clk                         ;
;   0.000 ;   0.000 ;    ; RE   ; 1      ; IOPAD_X89_Y35_N60                     ; ARRIAV_IO_PAD               ;
;   0.000 ;   0.000 ;    ; RE   ; 1      ; IO_PAD_OUTPUT_X89_Y35_N60_I1          ; IO_PAD_OUTPUT               ;
;   0.000 ;   0.000 ;    ; RE   ; 1      ; IO_INPUT_BUFFER_INPUT_X89_Y35_N61_I0  ; IO_INPUT_BUFFER_INPUT       ;
;   0.000 ;   0.000 ; RR ; IC   ; 1      ; IOIBUF_X89_Y35_N61                    ; clk~input|i                 ;
;   0.739 ;   0.739 ; RR ; CELL ; 1      ; IOIBUF_X89_Y35_N61                    ; clk~input|o                 ;
;   0.739 ;   0.000 ;    ; RE   ; 1      ; IOIBUF_X89_Y35_N61                    ; ARRIAV_IO_IBUF              ;
;   0.739 ;   0.000 ;    ; RE   ; 1      ; IO_INPUT_BUFFER_OUTPUT_X89_Y35_N61_I2 ; IO_INPUT_BUFFER_OUTPUT      ;
;   0.739 ;   0.000 ;    ; RE   ; 1      ; IO_RE_X89_Y35_N60_I96                 ; IO_RE                       ;
;   0.827 ;   0.088 ;    ; RE   ; 1      ; IO_RE_X89_Y35_N60_I66                 ; IO_RE                       ;
;   1.102 ;   0.275 ;    ; RE   ; 1      ; CLKBUF_CLUSTER_RE_X89_Y39_N3_I421     ; CLKBUF_CLUSTER_RE           ;
;   1.102 ;   0.000 ;    ; RE   ; 1      ; CLKBUF_CLUSTER_RE_X89_Y39_N3_I772     ; CLKBUF_CLUSTER_RE           ;
;   1.102 ;   0.000 ;    ; RE   ; 1      ; CLKBUF_CLUSTER_RE_X89_Y39_N3_I557     ; CLKBUF_CLUSTER_RE           ;
;   1.102 ;   0.000 ;    ; RE   ; 1      ; GCLK_CLUSTER_RE_X89_Y39_N6_I10        ; GCLK_CLUSTER_RE             ;
;   1.102 ;   0.000 ;    ; RE   ; 1      ; CLKBUFBLOCK_INPUT_X89_Y39_N7_I0       ; CLKBUFBLOCK_INPUT           ;
;   1.102 ;   0.000 ; RR ; IC   ; 1      ; CLKCTRL_G9                            ; clk~inputCLKENA0|inclk      ;
;   1.572 ;   0.470 ; RR ; CELL ; 1674   ; CLKCTRL_G9                            ; clk~inputCLKENA0|outclk     ;
;   1.572 ;   0.000 ;    ; RE   ; 1      ; CLKCTRL_G9                            ; ARRIAV_CLKBUF               ;
;   1.572 ;   0.000 ;    ; RE   ; 1      ; CLKBUFBLOCK_OUTPUT_X89_Y39_N7_I2      ; CLKBUFBLOCK_OUTPUT          ;
;   1.572 ;   0.000 ;    ; RE   ; 1      ; GCLK_CLUSTER_RE_X89_Y39_N6_I12        ; GCLK_CLUSTER_RE             ;
;   1.572 ;   0.000 ;    ; RE   ; 1      ; CLKBUF_CLUSTER_RE_X89_Y39_N3_I416     ; CLKBUF_CLUSTER_RE           ;
;   2.354 ;   0.782 ;    ; RE   ; 4      ; GLOBAL_CLOCK_X0_Y36_N0_I9             ; GLOBAL_CLOCK                ;
;   2.492 ;   0.138 ;    ; RE   ; 15     ; SPINE_CLOCK_X77_Y19_N0_I7             ; SPINE_CLOCK                 ;
;   2.881 ;   0.389 ;    ; RE   ; 1      ; SCLK_TO_ROWCLK_BUF_X77_Y22_N0_I42     ; SCLK_TO_ROWCLK_BUF          ;
;   2.962 ;   0.081 ;    ; RE   ; 1      ; SCLK_TO_ROWCLK_BUF_X77_Y22_N0_I45     ; SCLK_TO_ROWCLK_BUF          ;
;   3.415 ;   0.453 ;    ; RE   ; 2      ; LAB_CLK_X67_Y22_N0_I2                 ; LAB_CLK                     ;
;   3.539 ;   0.124 ;    ; RE   ; 1      ; BLK_CLK_BUF_X68_Y22_N0_I2             ; BLK_CLK_BUF                 ;
;   3.592 ;   0.053 ;    ; RE   ; 1      ; ROWCLKSEL_PREBUF_X68_Y22_N0_I2        ; ROWCLKSEL_PREBUF            ;
;   3.647 ;   0.055 ;    ; RE   ; 1      ; ROWCLKSEL_X68_Y22_N0_I1               ; ROWCLKSEL                   ;
;   3.647 ;   0.000 ;    ; RE   ; 1      ; GLOBAL_LOCAL_SEL_X68_Y22_N0_I1        ; GLOBAL_LOCAL_SEL            ;
;   3.647 ;   0.000 ;    ; RE   ; 13     ; LAB_INPUT_X68_Y22_N0_I2               ; LAB_INPUT                   ;
;   3.647 ;   0.000 ; RR ; IC   ; 1      ; FF_X68_Y22_N26                        ; xof_bytes_remaining[11]|clk ;
;   4.197 ;   0.550 ; RR ; CELL ; 1      ; FF_X68_Y22_N26                        ; xof_bytes_remaining[11]     ;
; 4.829   ; 0.632   ;    ;      ;        ;                                       ; data path                   ;
;   4.197 ;   0.000 ;    ; uTco ; 1      ; FF_X68_Y22_N26                        ; xof_bytes_remaining[11]     ;
;   4.197 ;   0.000 ; FF ; CELL ; 2      ; FF_X68_Y22_N26                        ; xof_bytes_remaining[11]|q   ;
;   4.251 ;   0.054 ;    ; RE   ; 1      ; FF_X68_Y22_N26                        ; ARRIAV_FF                   ;
;   4.339 ;   0.088 ;    ; RE   ; 2      ; LOCAL_LINE_X68_Y22_N0_I8              ; LOCAL_LINE                  ;
;   4.480 ;   0.141 ;    ; RE   ; 1      ; BLOCK_INPUT_MUX_X68_Y22_N0_I36        ; LEIM_INPUT                  ;
;   4.481 ;   0.001 ; FF ; IC   ; 3      ; LABCELL_X68_Y22_N24                   ; Add5~41|datac               ;
;   4.747 ;   0.266 ; FR ; CELL ; 1      ; LABCELL_X68_Y22_N24                   ; Add5~41|sumout              ;
;   4.747 ;   0.000 ;    ; RE   ; 2      ; LABCELL_X68_Y22_N24                   ; ARRIAV_LCELL_COMB           ;
;   4.747 ;   0.000 ; RR ; IC   ; 1      ; FF_X68_Y22_N26                        ; xof_bytes_remaining[11]|d   ;
;   4.829 ;   0.082 ; RR ; CELL ; 1      ; FF_X68_Y22_N26                        ; xof_bytes_remaining[11]     ;
+---------+---------+----+------+--------+---------------------------------------+-----------------------------+

+---------------------------------------------------------------------------------------------------------------+
; Data Required Path                                                                                            ;
+---------+----------+----+------+--------+---------------------------------------+-----------------------------+
; Total   ; Incr     ; RF ; Type ; Fanout ; Location                              ; Element                     ;
+---------+----------+----+------+--------+---------------------------------------+-----------------------------+
; 0.000   ; 0.000    ;    ;      ;        ;                                       ; latch edge time             ;
; 4.319   ; 4.319    ;    ;      ;        ;                                       ; clock path                  ;
;   0.000 ;   0.000  ;    ;      ;        ;                                       ; source latency              ;
;   0.000 ;   0.000  ;    ;      ; 1      ; PIN_M16                               ; clk                         ;
;   0.000 ;   0.000  ;    ; RE   ; 1      ; IOPAD_X89_Y35_N60                     ; ARRIAV_IO_PAD               ;
;   0.000 ;   0.000  ;    ; RE   ; 1      ; IO_PAD_OUTPUT_X89_Y35_N60_I1          ; IO_PAD_OUTPUT               ;
;   0.000 ;   0.000  ;    ; RE   ; 1      ; IO_INPUT_BUFFER_INPUT_X89_Y35_N61_I0  ; IO_INPUT_BUFFER_INPUT       ;
;   0.000 ;   0.000  ; RR ; IC   ; 1      ; IOIBUF_X89_Y35_N61                    ; clk~input|i                 ;
;   0.739 ;   0.739  ; RR ; CELL ; 1      ; IOIBUF_X89_Y35_N61                    ; clk~input|o                 ;
;   0.739 ;   0.000  ;    ; RE   ; 1      ; IOIBUF_X89_Y35_N61                    ; ARRIAV_IO_IBUF              ;
;   0.739 ;   0.000  ;    ; RE   ; 1      ; IO_INPUT_BUFFER_OUTPUT_X89_Y35_N61_I2 ; IO_INPUT_BUFFER_OUTPUT      ;
;   0.739 ;   0.000  ;    ; RE   ; 1      ; IO_RE_X89_Y35_N60_I96                 ; IO_RE                       ;
;   0.833 ;   0.094  ;    ; RE   ; 1      ; IO_RE_X89_Y35_N60_I66                 ; IO_RE                       ;
;   1.125 ;   0.292  ;    ; RE   ; 1      ; CLKBUF_CLUSTER_RE_X89_Y39_N3_I421     ; CLKBUF_CLUSTER_RE           ;
;   1.125 ;   0.000  ;    ; RE   ; 1      ; CLKBUF_CLUSTER_RE_X89_Y39_N3_I772     ; CLKBUF_CLUSTER_RE           ;
;   1.125 ;   0.000  ;    ; RE   ; 1      ; CLKBUF_CLUSTER_RE_X89_Y39_N3_I557     ; CLKBUF_CLUSTER_RE           ;
;   1.125 ;   0.000  ;    ; RE   ; 1      ; GCLK_CLUSTER_RE_X89_Y39_N6_I10        ; GCLK_CLUSTER_RE             ;
;   1.125 ;   0.000  ;    ; RE   ; 1      ; CLKBUFBLOCK_INPUT_X89_Y39_N7_I0       ; CLKBUFBLOCK_INPUT           ;
;   1.125 ;   0.000  ; RR ; IC   ; 1      ; CLKCTRL_G9                            ; clk~inputCLKENA0|inclk      ;
;   1.632 ;   0.507  ; RR ; CELL ; 1674   ; CLKCTRL_G9                            ; clk~inputCLKENA0|outclk     ;
;   1.632 ;   0.000  ;    ; RE   ; 1      ; CLKCTRL_G9                            ; ARRIAV_CLKBUF               ;
;   1.632 ;   0.000  ;    ; RE   ; 1      ; CLKBUFBLOCK_OUTPUT_X89_Y39_N7_I2      ; CLKBUFBLOCK_OUTPUT          ;
;   1.632 ;   0.000  ;    ; RE   ; 1      ; GCLK_CLUSTER_RE_X89_Y39_N6_I12        ; GCLK_CLUSTER_RE             ;
;   1.632 ;   0.000  ;    ; RE   ; 1      ; CLKBUF_CLUSTER_RE_X89_Y39_N3_I416     ; CLKBUF_CLUSTER_RE           ;
;   2.458 ;   0.826  ;    ; RE   ; 4      ; GLOBAL_CLOCK_X0_Y36_N0_I9             ; GLOBAL_CLOCK                ;
;   2.601 ;   0.143  ;    ; RE   ; 15     ; SPINE_CLOCK_X77_Y19_N0_I7             ; SPINE_CLOCK                 ;
;   3.004 ;   0.403  ;    ; RE   ; 1      ; SCLK_TO_ROWCLK_BUF_X77_Y22_N0_I42     ; SCLK_TO_ROWCLK_BUF          ;
;   3.088 ;   0.084  ;    ; RE   ; 1      ; SCLK_TO_ROWCLK_BUF_X77_Y22_N0_I45     ; SCLK_TO_ROWCLK_BUF          ;
;   3.558 ;   0.470  ;    ; RE   ; 2      ; LAB_CLK_X67_Y22_N0_I2                 ; LAB_CLK                     ;
;   3.692 ;   0.134  ;    ; RE   ; 1      ; BLK_CLK_BUF_X68_Y22_N0_I2             ; BLK_CLK_BUF                 ;
;   3.747 ;   0.055  ;    ; RE   ; 1      ; ROWCLKSEL_PREBUF_X68_Y22_N0_I2        ; ROWCLKSEL_PREBUF            ;
;   3.807 ;   0.060  ;    ; RE   ; 1      ; ROWCLKSEL_X68_Y22_N0_I1               ; ROWCLKSEL                   ;
;   3.807 ;   0.000  ;    ; RE   ; 1      ; GLOBAL_LOCAL_SEL_X68_Y22_N0_I1        ; GLOBAL_LOCAL_SEL            ;
;   3.807 ;   0.000  ;    ; RE   ; 13     ; LAB_INPUT_X68_Y22_N0_I2               ; LAB_INPUT                   ;
;   3.806 ;   -0.001 ; RR ; IC   ; 1      ; FF_X68_Y22_N26                        ; xof_bytes_remaining[11]|clk ;
;   4.445 ;   0.639  ; RR ; CELL ; 1      ; FF_X68_Y22_N26                        ; xof_bytes_remaining[11]     ;
;   4.319 ;   -0.126 ;    ;      ;        ;                                       ; clock pessimism removed     ;
; 4.319   ; 0.000    ;    ;      ;        ;                                       ; clock uncertainty           ;
; 4.319   ; 0.000    ;    ; uTh  ; 1      ; FF_X68_Y22_N26                        ; xof_bytes_remaining[11]     ;
+---------+----------+----+------+--------+---------------------------------------+-----------------------------+

----------------------------
; Extra Fitter Information ;
----------------------------
HTML report is unavailable in plain text report export.


Path #9: Hold slack is 0.511 
===============================================================================
+-------------------------------------------+
; Path Summary                              ;
+--------------------+----------------------+
; Property           ; Value                ;
+--------------------+----------------------+
; From Node          ; state_array[3][4][7] ;
; To Node            ; state_array[3][4][7] ;
; Launch Clock       ; clk                  ;
; Latch Clock        ; clk                  ;
; Data Arrival Time  ; 4.863                ;
; Data Required Time ; 4.352                ;
; Slack              ; 0.511                ;
+--------------------+----------------------+

+-----------------------------------------------------------------------------------+
; Statistics                                                                        ;
+------------------------+-------+-------+-------------+------------+-------+-------+
; Property               ; Value ; Count ; Total Delay ; % of Total ; Min   ; Max   ;
+------------------------+-------+-------+-------------+------------+-------+-------+
; Hold Relationship      ; 0.000 ;       ;             ;            ;       ;       ;
; Clock Skew             ; 0.125 ;       ;             ;            ;       ;       ;
; Data Delay             ; 0.636 ;       ;             ;            ;       ;       ;
; Number of Logic Levels ;       ; 1     ;             ;            ;       ;       ;
; Physical Delays        ;       ;       ;             ;            ;       ;       ;
;  Arrival Path          ;       ;       ;             ;            ;       ;       ;
;   Clock                ;       ;       ;             ;            ;       ;       ;
;    IC                  ;       ; 3     ; 0.001       ; 0          ; 0.000 ; 0.001 ;
;    Cell                ;       ; 3     ; 1.773       ; 42         ; 0.470 ; 0.739 ;
;    Routing Element     ;       ; 26    ; 2.453       ; 58         ; 0.000 ; 0.776 ;
;   Data                 ;       ;       ;             ;            ;       ;       ;
;    IC                  ;       ; 2     ; 0.000       ; 0          ; 0.000 ; 0.000 ;
;    Cell                ;       ; 3     ; 0.303       ; 48         ; 0.000 ; 0.221 ;
;    uTco                ;       ; 1     ; 0.000       ; 0          ; 0.000 ; 0.000 ;
;    Routing Element     ;       ; 4     ; 0.333       ; 52         ; 0.000 ; 0.144 ;
;  Required Path         ;       ;       ;             ;            ;       ;       ;
;   Clock                ;       ;       ;             ;            ;       ;       ;
;    IC                  ;       ; 3     ; 0.000       ; 0          ; 0.000 ; 0.000 ;
;    Cell                ;       ; 3     ; 1.901       ; 42         ; 0.507 ; 0.739 ;
;    Routing Element     ;       ; 26    ; 2.578       ; 58         ; 0.000 ; 0.821 ;
+------------------------+-------+-------+-------------+------------+-------+-------+
Note: Negative delays are omitted from totals when calculating percentages

+-----------------------------------------------------------------------------------------------------------+
; Data Arrival Path                                                                                         ;
+---------+---------+----+------+--------+---------------------------------------+--------------------------+
; Total   ; Incr    ; RF ; Type ; Fanout ; Location                              ; Element                  ;
+---------+---------+----+------+--------+---------------------------------------+--------------------------+
; 0.000   ; 0.000   ;    ;      ;        ;                                       ; launch edge time         ;
; 4.227   ; 4.227   ;    ;      ;        ;                                       ; clock path               ;
;   0.000 ;   0.000 ;    ;      ;        ;                                       ; source latency           ;
;   0.000 ;   0.000 ;    ;      ; 1      ; PIN_M16                               ; clk                      ;
;   0.000 ;   0.000 ;    ; RE   ; 1      ; IOPAD_X89_Y35_N60                     ; ARRIAV_IO_PAD            ;
;   0.000 ;   0.000 ;    ; RE   ; 1      ; IO_PAD_OUTPUT_X89_Y35_N60_I1          ; IO_PAD_OUTPUT            ;
;   0.000 ;   0.000 ;    ; RE   ; 1      ; IO_INPUT_BUFFER_INPUT_X89_Y35_N61_I0  ; IO_INPUT_BUFFER_INPUT    ;
;   0.000 ;   0.000 ; RR ; IC   ; 1      ; IOIBUF_X89_Y35_N61                    ; clk~input|i              ;
;   0.739 ;   0.739 ; RR ; CELL ; 1      ; IOIBUF_X89_Y35_N61                    ; clk~input|o              ;
;   0.739 ;   0.000 ;    ; RE   ; 1      ; IOIBUF_X89_Y35_N61                    ; ARRIAV_IO_IBUF           ;
;   0.739 ;   0.000 ;    ; RE   ; 1      ; IO_INPUT_BUFFER_OUTPUT_X89_Y35_N61_I2 ; IO_INPUT_BUFFER_OUTPUT   ;
;   0.739 ;   0.000 ;    ; RE   ; 1      ; IO_RE_X89_Y35_N60_I96                 ; IO_RE                    ;
;   0.827 ;   0.088 ;    ; RE   ; 1      ; IO_RE_X89_Y35_N60_I66                 ; IO_RE                    ;
;   1.102 ;   0.275 ;    ; RE   ; 1      ; CLKBUF_CLUSTER_RE_X89_Y39_N3_I421     ; CLKBUF_CLUSTER_RE        ;
;   1.102 ;   0.000 ;    ; RE   ; 1      ; CLKBUF_CLUSTER_RE_X89_Y39_N3_I772     ; CLKBUF_CLUSTER_RE        ;
;   1.102 ;   0.000 ;    ; RE   ; 1      ; CLKBUF_CLUSTER_RE_X89_Y39_N3_I557     ; CLKBUF_CLUSTER_RE        ;
;   1.102 ;   0.000 ;    ; RE   ; 1      ; GCLK_CLUSTER_RE_X89_Y39_N6_I10        ; GCLK_CLUSTER_RE          ;
;   1.102 ;   0.000 ;    ; RE   ; 1      ; CLKBUFBLOCK_INPUT_X89_Y39_N7_I0       ; CLKBUFBLOCK_INPUT        ;
;   1.102 ;   0.000 ; RR ; IC   ; 1      ; CLKCTRL_G9                            ; clk~inputCLKENA0|inclk   ;
;   1.572 ;   0.470 ; RR ; CELL ; 1674   ; CLKCTRL_G9                            ; clk~inputCLKENA0|outclk  ;
;   1.572 ;   0.000 ;    ; RE   ; 1      ; CLKCTRL_G9                            ; ARRIAV_CLKBUF            ;
;   1.572 ;   0.000 ;    ; RE   ; 1      ; CLKBUFBLOCK_OUTPUT_X89_Y39_N7_I2      ; CLKBUFBLOCK_OUTPUT       ;
;   1.572 ;   0.000 ;    ; RE   ; 1      ; GCLK_CLUSTER_RE_X89_Y39_N6_I12        ; GCLK_CLUSTER_RE          ;
;   1.572 ;   0.000 ;    ; RE   ; 1      ; CLKBUF_CLUSTER_RE_X89_Y39_N3_I416     ; CLKBUF_CLUSTER_RE        ;
;   2.348 ;   0.776 ;    ; RE   ; 4      ; GLOBAL_CLOCK_X0_Y36_N0_I9             ; GLOBAL_CLOCK             ;
;   2.485 ;   0.137 ;    ; RE   ; 15     ; SPINE_CLOCK_X55_Y19_N0_I22            ; SPINE_CLOCK              ;
;   2.874 ;   0.389 ;    ; RE   ; 1      ; SCLK_TO_ROWCLK_BUF_X55_Y32_N0_I133    ; SCLK_TO_ROWCLK_BUF       ;
;   2.965 ;   0.091 ;    ; RE   ; 2      ; SCLK_TO_ROWCLK_BUF_X55_Y32_N0_I136    ; SCLK_TO_ROWCLK_BUF       ;
;   3.425 ;   0.460 ;    ; RE   ; 10     ; LAB_CLK_X56_Y32_N0_I5                 ; LAB_CLK                  ;
;   3.554 ;   0.129 ;    ; RE   ; 1      ; BLK_CLK_BUF_X56_Y32_N0_I5             ; BLK_CLK_BUF              ;
;   3.608 ;   0.054 ;    ; RE   ; 1      ; ROWCLKSEL_PREBUF_X56_Y32_N0_I5        ; ROWCLKSEL_PREBUF         ;
;   3.662 ;   0.054 ;    ; RE   ; 1      ; ROWCLKSEL_X56_Y32_N0_I0               ; ROWCLKSEL                ;
;   3.662 ;   0.000 ;    ; RE   ; 1      ; GLOBAL_LOCAL_SEL_X56_Y32_N0_I0        ; GLOBAL_LOCAL_SEL         ;
;   3.662 ;   0.000 ;    ; RE   ; 8      ; LAB_INPUT_X56_Y32_N0_I0               ; LAB_INPUT                ;
;   3.663 ;   0.001 ; RR ; IC   ; 1      ; FF_X56_Y32_N2                         ; state_array[3][4][7]|clk ;
;   4.227 ;   0.564 ; RR ; CELL ; 1      ; FF_X56_Y32_N2                         ; state_array[3][4][7]     ;
; 4.863   ; 0.636   ;    ;      ;        ;                                       ; data path                ;
;   4.227 ;   0.000 ;    ; uTco ; 1      ; FF_X56_Y32_N2                         ; state_array[3][4][7]     ;
;   4.227 ;   0.000 ; RR ; CELL ; 6      ; FF_X56_Y32_N2                         ; state_array[3][4][7]|q   ;
;   4.304 ;   0.077 ;    ; RE   ; 2      ; FF_X56_Y32_N2                         ; ARRIAV_FF                ;
;   4.416 ;   0.112 ;    ; RE   ; 2      ; LOCAL_LINE_X56_Y32_N0_I0              ; LOCAL_LINE               ;
;   4.560 ;   0.144 ;    ; RE   ; 1      ; BLOCK_INPUT_MUX_X56_Y32_N0_I6         ; LEIM_INPUT               ;
;   4.560 ;   0.000 ; RR ; IC   ; 1      ; LABCELL_X56_Y32_N0                    ; state_array~2133|datag   ;
;   4.781 ;   0.221 ; RR ; CELL ; 1      ; LABCELL_X56_Y32_N0                    ; state_array~2133|combout ;
;   4.781 ;   0.000 ;    ; RE   ; 1      ; LABCELL_X56_Y32_N0                    ; ARRIAV_LCELL_COMB        ;
;   4.781 ;   0.000 ; RR ; IC   ; 1      ; FF_X56_Y32_N2                         ; state_array[3][4][7]|d   ;
;   4.863 ;   0.082 ; RR ; CELL ; 1      ; FF_X56_Y32_N2                         ; state_array[3][4][7]     ;
+---------+---------+----+------+--------+---------------------------------------+--------------------------+

+------------------------------------------------------------------------------------------------------------+
; Data Required Path                                                                                         ;
+---------+----------+----+------+--------+---------------------------------------+--------------------------+
; Total   ; Incr     ; RF ; Type ; Fanout ; Location                              ; Element                  ;
+---------+----------+----+------+--------+---------------------------------------+--------------------------+
; 0.000   ; 0.000    ;    ;      ;        ;                                       ; latch edge time          ;
; 4.352   ; 4.352    ;    ;      ;        ;                                       ; clock path               ;
;   0.000 ;   0.000  ;    ;      ;        ;                                       ; source latency           ;
;   0.000 ;   0.000  ;    ;      ; 1      ; PIN_M16                               ; clk                      ;
;   0.000 ;   0.000  ;    ; RE   ; 1      ; IOPAD_X89_Y35_N60                     ; ARRIAV_IO_PAD            ;
;   0.000 ;   0.000  ;    ; RE   ; 1      ; IO_PAD_OUTPUT_X89_Y35_N60_I1          ; IO_PAD_OUTPUT            ;
;   0.000 ;   0.000  ;    ; RE   ; 1      ; IO_INPUT_BUFFER_INPUT_X89_Y35_N61_I0  ; IO_INPUT_BUFFER_INPUT    ;
;   0.000 ;   0.000  ; RR ; IC   ; 1      ; IOIBUF_X89_Y35_N61                    ; clk~input|i              ;
;   0.739 ;   0.739  ; RR ; CELL ; 1      ; IOIBUF_X89_Y35_N61                    ; clk~input|o              ;
;   0.739 ;   0.000  ;    ; RE   ; 1      ; IOIBUF_X89_Y35_N61                    ; ARRIAV_IO_IBUF           ;
;   0.739 ;   0.000  ;    ; RE   ; 1      ; IO_INPUT_BUFFER_OUTPUT_X89_Y35_N61_I2 ; IO_INPUT_BUFFER_OUTPUT   ;
;   0.739 ;   0.000  ;    ; RE   ; 1      ; IO_RE_X89_Y35_N60_I96                 ; IO_RE                    ;
;   0.833 ;   0.094  ;    ; RE   ; 1      ; IO_RE_X89_Y35_N60_I66                 ; IO_RE                    ;
;   1.125 ;   0.292  ;    ; RE   ; 1      ; CLKBUF_CLUSTER_RE_X89_Y39_N3_I421     ; CLKBUF_CLUSTER_RE        ;
;   1.125 ;   0.000  ;    ; RE   ; 1      ; CLKBUF_CLUSTER_RE_X89_Y39_N3_I772     ; CLKBUF_CLUSTER_RE        ;
;   1.125 ;   0.000  ;    ; RE   ; 1      ; CLKBUF_CLUSTER_RE_X89_Y39_N3_I557     ; CLKBUF_CLUSTER_RE        ;
;   1.125 ;   0.000  ;    ; RE   ; 1      ; GCLK_CLUSTER_RE_X89_Y39_N6_I10        ; GCLK_CLUSTER_RE          ;
;   1.125 ;   0.000  ;    ; RE   ; 1      ; CLKBUFBLOCK_INPUT_X89_Y39_N7_I0       ; CLKBUFBLOCK_INPUT        ;
;   1.125 ;   0.000  ; RR ; IC   ; 1      ; CLKCTRL_G9                            ; clk~inputCLKENA0|inclk   ;
;   1.632 ;   0.507  ; RR ; CELL ; 1674   ; CLKCTRL_G9                            ; clk~inputCLKENA0|outclk  ;
;   1.632 ;   0.000  ;    ; RE   ; 1      ; CLKCTRL_G9                            ; ARRIAV_CLKBUF            ;
;   1.632 ;   0.000  ;    ; RE   ; 1      ; CLKBUFBLOCK_OUTPUT_X89_Y39_N7_I2      ; CLKBUFBLOCK_OUTPUT       ;
;   1.632 ;   0.000  ;    ; RE   ; 1      ; GCLK_CLUSTER_RE_X89_Y39_N6_I12        ; GCLK_CLUSTER_RE          ;
;   1.632 ;   0.000  ;    ; RE   ; 1      ; CLKBUF_CLUSTER_RE_X89_Y39_N3_I416     ; CLKBUF_CLUSTER_RE        ;
;   2.453 ;   0.821  ;    ; RE   ; 4      ; GLOBAL_CLOCK_X0_Y36_N0_I9             ; GLOBAL_CLOCK             ;
;   2.595 ;   0.142  ;    ; RE   ; 15     ; SPINE_CLOCK_X55_Y19_N0_I22            ; SPINE_CLOCK              ;
;   2.998 ;   0.403  ;    ; RE   ; 1      ; SCLK_TO_ROWCLK_BUF_X55_Y32_N0_I133    ; SCLK_TO_ROWCLK_BUF       ;
;   3.092 ;   0.094  ;    ; RE   ; 2      ; SCLK_TO_ROWCLK_BUF_X55_Y32_N0_I136    ; SCLK_TO_ROWCLK_BUF       ;
;   3.568 ;   0.476  ;    ; RE   ; 10     ; LAB_CLK_X56_Y32_N0_I5                 ; LAB_CLK                  ;
;   3.709 ;   0.141  ;    ; RE   ; 1      ; BLK_CLK_BUF_X56_Y32_N0_I5             ; BLK_CLK_BUF              ;
;   3.765 ;   0.056  ;    ; RE   ; 1      ; ROWCLKSEL_PREBUF_X56_Y32_N0_I5        ; ROWCLKSEL_PREBUF         ;
;   3.824 ;   0.059  ;    ; RE   ; 1      ; ROWCLKSEL_X56_Y32_N0_I0               ; ROWCLKSEL                ;
;   3.824 ;   0.000  ;    ; RE   ; 1      ; GLOBAL_LOCAL_SEL_X56_Y32_N0_I0        ; GLOBAL_LOCAL_SEL         ;
;   3.824 ;   0.000  ;    ; RE   ; 8      ; LAB_INPUT_X56_Y32_N0_I0               ; LAB_INPUT                ;
;   3.824 ;   0.000  ; RR ; IC   ; 1      ; FF_X56_Y32_N2                         ; state_array[3][4][7]|clk ;
;   4.479 ;   0.655  ; RR ; CELL ; 1      ; FF_X56_Y32_N2                         ; state_array[3][4][7]     ;
;   4.352 ;   -0.127 ;    ;      ;        ;                                       ; clock pessimism removed  ;
; 4.352   ; 0.000    ;    ;      ;        ;                                       ; clock uncertainty        ;
; 4.352   ; 0.000    ;    ; uTh  ; 1      ; FF_X56_Y32_N2                         ; state_array[3][4][7]     ;
+---------+----------+----+------+--------+---------------------------------------+--------------------------+

----------------------------
; Extra Fitter Information ;
----------------------------
HTML report is unavailable in plain text report export.


Path #10: Hold slack is 0.517 
===============================================================================
+---------------------------------------------+
; Path Summary                                ;
+--------------------+------------------------+
; Property           ; Value                  ;
+--------------------+------------------------+
; From Node          ; xof_bytes_remaining[8] ;
; To Node            ; xof_bytes_remaining[8] ;
; Launch Clock       ; clk                    ;
; Latch Clock        ; clk                    ;
; Data Arrival Time  ; 4.842                  ;
; Data Required Time ; 4.325                  ;
; Slack              ; 0.517                  ;
+--------------------+------------------------+

+------------------------------------------------------------------------------------+
; Statistics                                                                         ;
+------------------------+-------+-------+-------------+------------+--------+-------+
; Property               ; Value ; Count ; Total Delay ; % of Total ; Min    ; Max   ;
+------------------------+-------+-------+-------------+------------+--------+-------+
; Hold Relationship      ; 0.000 ;       ;             ;            ;        ;       ;
; Clock Skew             ; 0.122 ;       ;             ;            ;        ;       ;
; Data Delay             ; 0.639 ;       ;             ;            ;        ;       ;
; Number of Logic Levels ;       ; 1     ;             ;            ;        ;       ;
; Physical Delays        ;       ;       ;             ;            ;        ;       ;
;  Arrival Path          ;       ;       ;             ;            ;        ;       ;
;   Clock                ;       ;       ;             ;            ;        ;       ;
;    IC                  ;       ; 3     ; 0.000       ; 0          ; 0.000  ; 0.000 ;
;    Cell                ;       ; 3     ; 1.765       ; 42         ; 0.470  ; 0.739 ;
;    Routing Element     ;       ; 26    ; 2.438       ; 58         ; 0.000  ; 0.782 ;
;   Data                 ;       ;       ;             ;            ;        ;       ;
;    IC                  ;       ; 2     ; 0.000       ; 0          ; 0.000  ; 0.000 ;
;    Cell                ;       ; 3     ; 0.353       ; 55         ; 0.000  ; 0.271 ;
;    uTco                ;       ; 1     ; 0.000       ; 0          ; 0.000  ; 0.000 ;
;    Routing Element     ;       ; 4     ; 0.286       ; 45         ; 0.000  ; 0.145 ;
;  Required Path         ;       ;       ;             ;            ;        ;       ;
;   Clock                ;       ;       ;             ;            ;        ;       ;
;    IC                  ;       ; 3     ; -0.001      ; 0          ; -0.001 ; 0.000 ;
;    Cell                ;       ; 3     ; 1.891       ; 42         ; 0.507  ; 0.739 ;
;    Routing Element     ;       ; 26    ; 2.561       ; 58         ; 0.000  ; 0.826 ;
+------------------------+-------+-------+-------------+------------+--------+-------+
Note: Negative delays are omitted from totals when calculating percentages

+-------------------------------------------------------------------------------------------------------------+
; Data Arrival Path                                                                                           ;
+---------+---------+----+------+--------+---------------------------------------+----------------------------+
; Total   ; Incr    ; RF ; Type ; Fanout ; Location                              ; Element                    ;
+---------+---------+----+------+--------+---------------------------------------+----------------------------+
; 0.000   ; 0.000   ;    ;      ;        ;                                       ; launch edge time           ;
; 4.203   ; 4.203   ;    ;      ;        ;                                       ; clock path                 ;
;   0.000 ;   0.000 ;    ;      ;        ;                                       ; source latency             ;
;   0.000 ;   0.000 ;    ;      ; 1      ; PIN_M16                               ; clk                        ;
;   0.000 ;   0.000 ;    ; RE   ; 1      ; IOPAD_X89_Y35_N60                     ; ARRIAV_IO_PAD              ;
;   0.000 ;   0.000 ;    ; RE   ; 1      ; IO_PAD_OUTPUT_X89_Y35_N60_I1          ; IO_PAD_OUTPUT              ;
;   0.000 ;   0.000 ;    ; RE   ; 1      ; IO_INPUT_BUFFER_INPUT_X89_Y35_N61_I0  ; IO_INPUT_BUFFER_INPUT      ;
;   0.000 ;   0.000 ; RR ; IC   ; 1      ; IOIBUF_X89_Y35_N61                    ; clk~input|i                ;
;   0.739 ;   0.739 ; RR ; CELL ; 1      ; IOIBUF_X89_Y35_N61                    ; clk~input|o                ;
;   0.739 ;   0.000 ;    ; RE   ; 1      ; IOIBUF_X89_Y35_N61                    ; ARRIAV_IO_IBUF             ;
;   0.739 ;   0.000 ;    ; RE   ; 1      ; IO_INPUT_BUFFER_OUTPUT_X89_Y35_N61_I2 ; IO_INPUT_BUFFER_OUTPUT     ;
;   0.739 ;   0.000 ;    ; RE   ; 1      ; IO_RE_X89_Y35_N60_I96                 ; IO_RE                      ;
;   0.827 ;   0.088 ;    ; RE   ; 1      ; IO_RE_X89_Y35_N60_I66                 ; IO_RE                      ;
;   1.102 ;   0.275 ;    ; RE   ; 1      ; CLKBUF_CLUSTER_RE_X89_Y39_N3_I421     ; CLKBUF_CLUSTER_RE          ;
;   1.102 ;   0.000 ;    ; RE   ; 1      ; CLKBUF_CLUSTER_RE_X89_Y39_N3_I772     ; CLKBUF_CLUSTER_RE          ;
;   1.102 ;   0.000 ;    ; RE   ; 1      ; CLKBUF_CLUSTER_RE_X89_Y39_N3_I557     ; CLKBUF_CLUSTER_RE          ;
;   1.102 ;   0.000 ;    ; RE   ; 1      ; GCLK_CLUSTER_RE_X89_Y39_N6_I10        ; GCLK_CLUSTER_RE            ;
;   1.102 ;   0.000 ;    ; RE   ; 1      ; CLKBUFBLOCK_INPUT_X89_Y39_N7_I0       ; CLKBUFBLOCK_INPUT          ;
;   1.102 ;   0.000 ; RR ; IC   ; 1      ; CLKCTRL_G9                            ; clk~inputCLKENA0|inclk     ;
;   1.572 ;   0.470 ; RR ; CELL ; 1674   ; CLKCTRL_G9                            ; clk~inputCLKENA0|outclk    ;
;   1.572 ;   0.000 ;    ; RE   ; 1      ; CLKCTRL_G9                            ; ARRIAV_CLKBUF              ;
;   1.572 ;   0.000 ;    ; RE   ; 1      ; CLKBUFBLOCK_OUTPUT_X89_Y39_N7_I2      ; CLKBUFBLOCK_OUTPUT         ;
;   1.572 ;   0.000 ;    ; RE   ; 1      ; GCLK_CLUSTER_RE_X89_Y39_N6_I12        ; GCLK_CLUSTER_RE            ;
;   1.572 ;   0.000 ;    ; RE   ; 1      ; CLKBUF_CLUSTER_RE_X89_Y39_N3_I416     ; CLKBUF_CLUSTER_RE          ;
;   2.354 ;   0.782 ;    ; RE   ; 4      ; GLOBAL_CLOCK_X0_Y36_N0_I9             ; GLOBAL_CLOCK               ;
;   2.492 ;   0.138 ;    ; RE   ; 15     ; SPINE_CLOCK_X77_Y19_N0_I7             ; SPINE_CLOCK                ;
;   2.881 ;   0.389 ;    ; RE   ; 1      ; SCLK_TO_ROWCLK_BUF_X77_Y22_N0_I42     ; SCLK_TO_ROWCLK_BUF         ;
;   2.962 ;   0.081 ;    ; RE   ; 1      ; SCLK_TO_ROWCLK_BUF_X77_Y22_N0_I45     ; SCLK_TO_ROWCLK_BUF         ;
;   3.415 ;   0.453 ;    ; RE   ; 2      ; LAB_CLK_X67_Y22_N0_I2                 ; LAB_CLK                    ;
;   3.539 ;   0.124 ;    ; RE   ; 1      ; BLK_CLK_BUF_X68_Y22_N0_I2             ; BLK_CLK_BUF                ;
;   3.592 ;   0.053 ;    ; RE   ; 1      ; ROWCLKSEL_PREBUF_X68_Y22_N0_I2        ; ROWCLKSEL_PREBUF           ;
;   3.647 ;   0.055 ;    ; RE   ; 1      ; ROWCLKSEL_X68_Y22_N0_I1               ; ROWCLKSEL                  ;
;   3.647 ;   0.000 ;    ; RE   ; 1      ; GLOBAL_LOCAL_SEL_X68_Y22_N0_I1        ; GLOBAL_LOCAL_SEL           ;
;   3.647 ;   0.000 ;    ; RE   ; 13     ; LAB_INPUT_X68_Y22_N0_I2               ; LAB_INPUT                  ;
;   3.647 ;   0.000 ; RR ; IC   ; 1      ; FF_X68_Y22_N17                        ; xof_bytes_remaining[8]|clk ;
;   4.203 ;   0.556 ; RR ; CELL ; 1      ; FF_X68_Y22_N17                        ; xof_bytes_remaining[8]     ;
; 4.842   ; 0.639   ;    ;      ;        ;                                       ; data path                  ;
;   4.203 ;   0.000 ;    ; uTco ; 1      ; FF_X68_Y22_N17                        ; xof_bytes_remaining[8]     ;
;   4.203 ;   0.000 ; FF ; CELL ; 2      ; FF_X68_Y22_N17                        ; xof_bytes_remaining[8]|q   ;
;   4.257 ;   0.054 ;    ; RE   ; 1      ; FF_X68_Y22_N17                        ; ARRIAV_FF                  ;
;   4.344 ;   0.087 ;    ; RE   ; 2      ; LOCAL_LINE_X68_Y22_N0_I5              ; LOCAL_LINE                 ;
;   4.489 ;   0.145 ;    ; RE   ; 1      ; BLOCK_INPUT_MUX_X68_Y22_N0_I21        ; LEIM_INPUT                 ;
;   4.489 ;   0.000 ; FF ; IC   ; 3      ; LABCELL_X68_Y22_N15                   ; Add5~9|datac               ;
;   4.760 ;   0.271 ; FR ; CELL ; 1      ; LABCELL_X68_Y22_N15                   ; Add5~9|sumout              ;
;   4.760 ;   0.000 ;    ; RE   ; 2      ; LABCELL_X68_Y22_N15                   ; ARRIAV_LCELL_COMB          ;
;   4.760 ;   0.000 ; RR ; IC   ; 1      ; FF_X68_Y22_N17                        ; xof_bytes_remaining[8]|d   ;
;   4.842 ;   0.082 ; RR ; CELL ; 1      ; FF_X68_Y22_N17                        ; xof_bytes_remaining[8]     ;
+---------+---------+----+------+--------+---------------------------------------+----------------------------+

+--------------------------------------------------------------------------------------------------------------+
; Data Required Path                                                                                           ;
+---------+----------+----+------+--------+---------------------------------------+----------------------------+
; Total   ; Incr     ; RF ; Type ; Fanout ; Location                              ; Element                    ;
+---------+----------+----+------+--------+---------------------------------------+----------------------------+
; 0.000   ; 0.000    ;    ;      ;        ;                                       ; latch edge time            ;
; 4.325   ; 4.325    ;    ;      ;        ;                                       ; clock path                 ;
;   0.000 ;   0.000  ;    ;      ;        ;                                       ; source latency             ;
;   0.000 ;   0.000  ;    ;      ; 1      ; PIN_M16                               ; clk                        ;
;   0.000 ;   0.000  ;    ; RE   ; 1      ; IOPAD_X89_Y35_N60                     ; ARRIAV_IO_PAD              ;
;   0.000 ;   0.000  ;    ; RE   ; 1      ; IO_PAD_OUTPUT_X89_Y35_N60_I1          ; IO_PAD_OUTPUT              ;
;   0.000 ;   0.000  ;    ; RE   ; 1      ; IO_INPUT_BUFFER_INPUT_X89_Y35_N61_I0  ; IO_INPUT_BUFFER_INPUT      ;
;   0.000 ;   0.000  ; RR ; IC   ; 1      ; IOIBUF_X89_Y35_N61                    ; clk~input|i                ;
;   0.739 ;   0.739  ; RR ; CELL ; 1      ; IOIBUF_X89_Y35_N61                    ; clk~input|o                ;
;   0.739 ;   0.000  ;    ; RE   ; 1      ; IOIBUF_X89_Y35_N61                    ; ARRIAV_IO_IBUF             ;
;   0.739 ;   0.000  ;    ; RE   ; 1      ; IO_INPUT_BUFFER_OUTPUT_X89_Y35_N61_I2 ; IO_INPUT_BUFFER_OUTPUT     ;
;   0.739 ;   0.000  ;    ; RE   ; 1      ; IO_RE_X89_Y35_N60_I96                 ; IO_RE                      ;
;   0.833 ;   0.094  ;    ; RE   ; 1      ; IO_RE_X89_Y35_N60_I66                 ; IO_RE                      ;
;   1.125 ;   0.292  ;    ; RE   ; 1      ; CLKBUF_CLUSTER_RE_X89_Y39_N3_I421     ; CLKBUF_CLUSTER_RE          ;
;   1.125 ;   0.000  ;    ; RE   ; 1      ; CLKBUF_CLUSTER_RE_X89_Y39_N3_I772     ; CLKBUF_CLUSTER_RE          ;
;   1.125 ;   0.000  ;    ; RE   ; 1      ; CLKBUF_CLUSTER_RE_X89_Y39_N3_I557     ; CLKBUF_CLUSTER_RE          ;
;   1.125 ;   0.000  ;    ; RE   ; 1      ; GCLK_CLUSTER_RE_X89_Y39_N6_I10        ; GCLK_CLUSTER_RE            ;
;   1.125 ;   0.000  ;    ; RE   ; 1      ; CLKBUFBLOCK_INPUT_X89_Y39_N7_I0       ; CLKBUFBLOCK_INPUT          ;
;   1.125 ;   0.000  ; RR ; IC   ; 1      ; CLKCTRL_G9                            ; clk~inputCLKENA0|inclk     ;
;   1.632 ;   0.507  ; RR ; CELL ; 1674   ; CLKCTRL_G9                            ; clk~inputCLKENA0|outclk    ;
;   1.632 ;   0.000  ;    ; RE   ; 1      ; CLKCTRL_G9                            ; ARRIAV_CLKBUF              ;
;   1.632 ;   0.000  ;    ; RE   ; 1      ; CLKBUFBLOCK_OUTPUT_X89_Y39_N7_I2      ; CLKBUFBLOCK_OUTPUT         ;
;   1.632 ;   0.000  ;    ; RE   ; 1      ; GCLK_CLUSTER_RE_X89_Y39_N6_I12        ; GCLK_CLUSTER_RE            ;
;   1.632 ;   0.000  ;    ; RE   ; 1      ; CLKBUF_CLUSTER_RE_X89_Y39_N3_I416     ; CLKBUF_CLUSTER_RE          ;
;   2.458 ;   0.826  ;    ; RE   ; 4      ; GLOBAL_CLOCK_X0_Y36_N0_I9             ; GLOBAL_CLOCK               ;
;   2.601 ;   0.143  ;    ; RE   ; 15     ; SPINE_CLOCK_X77_Y19_N0_I7             ; SPINE_CLOCK                ;
;   3.004 ;   0.403  ;    ; RE   ; 1      ; SCLK_TO_ROWCLK_BUF_X77_Y22_N0_I42     ; SCLK_TO_ROWCLK_BUF         ;
;   3.088 ;   0.084  ;    ; RE   ; 1      ; SCLK_TO_ROWCLK_BUF_X77_Y22_N0_I45     ; SCLK_TO_ROWCLK_BUF         ;
;   3.558 ;   0.470  ;    ; RE   ; 2      ; LAB_CLK_X67_Y22_N0_I2                 ; LAB_CLK                    ;
;   3.692 ;   0.134  ;    ; RE   ; 1      ; BLK_CLK_BUF_X68_Y22_N0_I2             ; BLK_CLK_BUF                ;
;   3.747 ;   0.055  ;    ; RE   ; 1      ; ROWCLKSEL_PREBUF_X68_Y22_N0_I2        ; ROWCLKSEL_PREBUF           ;
;   3.807 ;   0.060  ;    ; RE   ; 1      ; ROWCLKSEL_X68_Y22_N0_I1               ; ROWCLKSEL                  ;
;   3.807 ;   0.000  ;    ; RE   ; 1      ; GLOBAL_LOCAL_SEL_X68_Y22_N0_I1        ; GLOBAL_LOCAL_SEL           ;
;   3.807 ;   0.000  ;    ; RE   ; 13     ; LAB_INPUT_X68_Y22_N0_I2               ; LAB_INPUT                  ;
;   3.806 ;   -0.001 ; RR ; IC   ; 1      ; FF_X68_Y22_N17                        ; xof_bytes_remaining[8]|clk ;
;   4.451 ;   0.645  ; RR ; CELL ; 1      ; FF_X68_Y22_N17                        ; xof_bytes_remaining[8]     ;
;   4.325 ;   -0.126 ;    ;      ;        ;                                       ; clock pessimism removed    ;
; 4.325   ; 0.000    ;    ;      ;        ;                                       ; clock uncertainty          ;
; 4.325   ; 0.000    ;    ; uTh  ; 1      ; FF_X68_Y22_N17                        ; xof_bytes_remaining[8]     ;
+---------+----------+----+------+--------+---------------------------------------+----------------------------+

----------------------------
; Extra Fitter Information ;
----------------------------
HTML report is unavailable in plain text report export.


Path #11: Hold slack is 0.519 
===============================================================================
+-------------------------------------------------+
; Path Summary                                    ;
+--------------------+----------------------------+
; Property           ; Value                      ;
+--------------------+----------------------------+
; From Node          ; message_bytes_remaining[0] ;
; To Node            ; message_bytes_remaining[0] ;
; Launch Clock       ; clk                        ;
; Latch Clock        ; clk                        ;
; Data Arrival Time  ; 4.849                      ;
; Data Required Time ; 4.330                      ;
; Slack              ; 0.519                      ;
+--------------------+----------------------------+

+------------------------------------------------------------------------------------+
; Statistics                                                                         ;
+------------------------+-------+-------+-------------+------------+--------+-------+
; Property               ; Value ; Count ; Total Delay ; % of Total ; Min    ; Max   ;
+------------------------+-------+-------+-------------+------------+--------+-------+
; Hold Relationship      ; 0.000 ;       ;             ;            ;        ;       ;
; Clock Skew             ; 0.124 ;       ;             ;            ;        ;       ;
; Data Delay             ; 0.643 ;       ;             ;            ;        ;       ;
; Number of Logic Levels ;       ; 1     ;             ;            ;        ;       ;
; Physical Delays        ;       ;       ;             ;            ;        ;       ;
;  Arrival Path          ;       ;       ;             ;            ;        ;       ;
;   Clock                ;       ;       ;             ;            ;        ;       ;
;    IC                  ;       ; 3     ; 0.000       ; 0          ; 0.000  ; 0.000 ;
;    Cell                ;       ; 3     ; 1.764       ; 42         ; 0.470  ; 0.739 ;
;    Routing Element     ;       ; 26    ; 2.442       ; 58         ; 0.000  ; 0.776 ;
;   Data                 ;       ;       ;             ;            ;        ;       ;
;    IC                  ;       ; 2     ; -0.001      ; 0          ; -0.001 ; 0.000 ;
;    Cell                ;       ; 3     ; 0.321       ; 50         ; 0.000  ; 0.238 ;
;    uTco                ;       ; 1     ; 0.000       ; 0          ; 0.000  ; 0.000 ;
;    Routing Element     ;       ; 4     ; 0.323       ; 50         ; 0.000  ; 0.161 ;
;  Required Path         ;       ;       ;             ;            ;        ;       ;
;   Clock                ;       ;       ;             ;            ;        ;       ;
;    IC                  ;       ; 3     ; -0.001      ; 0          ; -0.001 ; 0.000 ;
;    Cell                ;       ; 3     ; 1.891       ; 42         ; 0.507  ; 0.739 ;
;    Routing Element     ;       ; 26    ; 2.567       ; 58         ; 0.000  ; 0.821 ;
+------------------------+-------+-------+-------------+------------+--------+-------+
Note: Negative delays are omitted from totals when calculating percentages

+------------------------------------------------------------------------------------------------------------------+
; Data Arrival Path                                                                                                ;
+---------+----------+----+------+--------+---------------------------------------+--------------------------------+
; Total   ; Incr     ; RF ; Type ; Fanout ; Location                              ; Element                        ;
+---------+----------+----+------+--------+---------------------------------------+--------------------------------+
; 0.000   ; 0.000    ;    ;      ;        ;                                       ; launch edge time               ;
; 4.206   ; 4.206    ;    ;      ;        ;                                       ; clock path                     ;
;   0.000 ;   0.000  ;    ;      ;        ;                                       ; source latency                 ;
;   0.000 ;   0.000  ;    ;      ; 1      ; PIN_M16                               ; clk                            ;
;   0.000 ;   0.000  ;    ; RE   ; 1      ; IOPAD_X89_Y35_N60                     ; ARRIAV_IO_PAD                  ;
;   0.000 ;   0.000  ;    ; RE   ; 1      ; IO_PAD_OUTPUT_X89_Y35_N60_I1          ; IO_PAD_OUTPUT                  ;
;   0.000 ;   0.000  ;    ; RE   ; 1      ; IO_INPUT_BUFFER_INPUT_X89_Y35_N61_I0  ; IO_INPUT_BUFFER_INPUT          ;
;   0.000 ;   0.000  ; RR ; IC   ; 1      ; IOIBUF_X89_Y35_N61                    ; clk~input|i                    ;
;   0.739 ;   0.739  ; RR ; CELL ; 1      ; IOIBUF_X89_Y35_N61                    ; clk~input|o                    ;
;   0.739 ;   0.000  ;    ; RE   ; 1      ; IOIBUF_X89_Y35_N61                    ; ARRIAV_IO_IBUF                 ;
;   0.739 ;   0.000  ;    ; RE   ; 1      ; IO_INPUT_BUFFER_OUTPUT_X89_Y35_N61_I2 ; IO_INPUT_BUFFER_OUTPUT         ;
;   0.739 ;   0.000  ;    ; RE   ; 1      ; IO_RE_X89_Y35_N60_I96                 ; IO_RE                          ;
;   0.827 ;   0.088  ;    ; RE   ; 1      ; IO_RE_X89_Y35_N60_I66                 ; IO_RE                          ;
;   1.102 ;   0.275  ;    ; RE   ; 1      ; CLKBUF_CLUSTER_RE_X89_Y39_N3_I421     ; CLKBUF_CLUSTER_RE              ;
;   1.102 ;   0.000  ;    ; RE   ; 1      ; CLKBUF_CLUSTER_RE_X89_Y39_N3_I772     ; CLKBUF_CLUSTER_RE              ;
;   1.102 ;   0.000  ;    ; RE   ; 1      ; CLKBUF_CLUSTER_RE_X89_Y39_N3_I557     ; CLKBUF_CLUSTER_RE              ;
;   1.102 ;   0.000  ;    ; RE   ; 1      ; GCLK_CLUSTER_RE_X89_Y39_N6_I10        ; GCLK_CLUSTER_RE                ;
;   1.102 ;   0.000  ;    ; RE   ; 1      ; CLKBUFBLOCK_INPUT_X89_Y39_N7_I0       ; CLKBUFBLOCK_INPUT              ;
;   1.102 ;   0.000  ; RR ; IC   ; 1      ; CLKCTRL_G9                            ; clk~inputCLKENA0|inclk         ;
;   1.572 ;   0.470  ; RR ; CELL ; 1674   ; CLKCTRL_G9                            ; clk~inputCLKENA0|outclk        ;
;   1.572 ;   0.000  ;    ; RE   ; 1      ; CLKCTRL_G9                            ; ARRIAV_CLKBUF                  ;
;   1.572 ;   0.000  ;    ; RE   ; 1      ; CLKBUFBLOCK_OUTPUT_X89_Y39_N7_I2      ; CLKBUFBLOCK_OUTPUT             ;
;   1.572 ;   0.000  ;    ; RE   ; 1      ; GCLK_CLUSTER_RE_X89_Y39_N6_I12        ; GCLK_CLUSTER_RE                ;
;   1.572 ;   0.000  ;    ; RE   ; 1      ; CLKBUF_CLUSTER_RE_X89_Y39_N3_I416     ; CLKBUF_CLUSTER_RE              ;
;   2.348 ;   0.776  ;    ; RE   ; 4      ; GLOBAL_CLOCK_X0_Y36_N0_I9             ; GLOBAL_CLOCK                   ;
;   2.486 ;   0.138  ;    ; RE   ; 15     ; SPINE_CLOCK_X55_Y19_N0_I22            ; SPINE_CLOCK                    ;
;   2.875 ;   0.389  ;    ; RE   ; 1      ; SCLK_TO_ROWCLK_BUF_X55_Y22_N0_I133    ; SCLK_TO_ROWCLK_BUF             ;
;   2.956 ;   0.081  ;    ; RE   ; 1      ; SCLK_TO_ROWCLK_BUF_X55_Y22_N0_I136    ; SCLK_TO_ROWCLK_BUF             ;
;   3.414 ;   0.458  ;    ; RE   ; 3      ; LAB_CLK_X56_Y22_N0_I5                 ; LAB_CLK                        ;
;   3.542 ;   0.128  ;    ; RE   ; 1      ; BLK_CLK_BUF_X61_Y22_N0_I5             ; BLK_CLK_BUF                    ;
;   3.597 ;   0.055  ;    ; RE   ; 1      ; ROWCLKSEL_PREBUF_X61_Y22_N0_I5        ; ROWCLKSEL_PREBUF               ;
;   3.651 ;   0.054  ;    ; RE   ; 1      ; ROWCLKSEL_X61_Y22_N0_I0               ; ROWCLKSEL                      ;
;   3.651 ;   0.000  ;    ; RE   ; 1      ; GLOBAL_LOCAL_SEL_X61_Y22_N0_I0        ; GLOBAL_LOCAL_SEL               ;
;   3.651 ;   0.000  ;    ; RE   ; 16     ; LAB_INPUT_X61_Y22_N0_I2               ; LAB_INPUT                      ;
;   3.651 ;   0.000  ; RR ; IC   ; 1      ; FF_X61_Y22_N2                         ; message_bytes_remaining[0]|clk ;
;   4.206 ;   0.555  ; RR ; CELL ; 1      ; FF_X61_Y22_N2                         ; message_bytes_remaining[0]     ;
; 4.849   ; 0.643    ;    ;      ;        ;                                       ; data path                      ;
;   4.206 ;   0.000  ;    ; uTco ; 1      ; FF_X61_Y22_N2                         ; message_bytes_remaining[0]     ;
;   4.206 ;   0.000  ; RR ; CELL ; 7      ; FF_X61_Y22_N2                         ; message_bytes_remaining[0]|q   ;
;   4.265 ;   0.059  ;    ; RE   ; 2      ; FF_X61_Y22_N2                         ; ARRIAV_FF                      ;
;   4.368 ;   0.103  ;    ; RE   ; 1      ; LOCAL_LINE_X61_Y22_N0_I0              ; LOCAL_LINE                     ;
;   4.529 ;   0.161  ;    ; RE   ; 1      ; BLOCK_INPUT_MUX_X61_Y22_N0_I0         ; LEIM_INPUT                     ;
;   4.528 ;   -0.001 ; RR ; IC   ; 2      ; LABCELL_X61_Y22_N0                    ; Add1~9|datad                   ;
;   4.766 ;   0.238  ; RR ; CELL ; 1      ; LABCELL_X61_Y22_N0                    ; Add1~9|sumout                  ;
;   4.766 ;   0.000  ;    ; RE   ; 3      ; LABCELL_X61_Y22_N0                    ; ARRIAV_LCELL_COMB              ;
;   4.766 ;   0.000  ; RR ; IC   ; 1      ; FF_X61_Y22_N2                         ; message_bytes_remaining[0]|d   ;
;   4.849 ;   0.083  ; RR ; CELL ; 1      ; FF_X61_Y22_N2                         ; message_bytes_remaining[0]     ;
+---------+----------+----+------+--------+---------------------------------------+--------------------------------+

+------------------------------------------------------------------------------------------------------------------+
; Data Required Path                                                                                               ;
+---------+----------+----+------+--------+---------------------------------------+--------------------------------+
; Total   ; Incr     ; RF ; Type ; Fanout ; Location                              ; Element                        ;
+---------+----------+----+------+--------+---------------------------------------+--------------------------------+
; 0.000   ; 0.000    ;    ;      ;        ;                                       ; latch edge time                ;
; 4.330   ; 4.330    ;    ;      ;        ;                                       ; clock path                     ;
;   0.000 ;   0.000  ;    ;      ;        ;                                       ; source latency                 ;
;   0.000 ;   0.000  ;    ;      ; 1      ; PIN_M16                               ; clk                            ;
;   0.000 ;   0.000  ;    ; RE   ; 1      ; IOPAD_X89_Y35_N60                     ; ARRIAV_IO_PAD                  ;
;   0.000 ;   0.000  ;    ; RE   ; 1      ; IO_PAD_OUTPUT_X89_Y35_N60_I1          ; IO_PAD_OUTPUT                  ;
;   0.000 ;   0.000  ;    ; RE   ; 1      ; IO_INPUT_BUFFER_INPUT_X89_Y35_N61_I0  ; IO_INPUT_BUFFER_INPUT          ;
;   0.000 ;   0.000  ; RR ; IC   ; 1      ; IOIBUF_X89_Y35_N61                    ; clk~input|i                    ;
;   0.739 ;   0.739  ; RR ; CELL ; 1      ; IOIBUF_X89_Y35_N61                    ; clk~input|o                    ;
;   0.739 ;   0.000  ;    ; RE   ; 1      ; IOIBUF_X89_Y35_N61                    ; ARRIAV_IO_IBUF                 ;
;   0.739 ;   0.000  ;    ; RE   ; 1      ; IO_INPUT_BUFFER_OUTPUT_X89_Y35_N61_I2 ; IO_INPUT_BUFFER_OUTPUT         ;
;   0.739 ;   0.000  ;    ; RE   ; 1      ; IO_RE_X89_Y35_N60_I96                 ; IO_RE                          ;
;   0.833 ;   0.094  ;    ; RE   ; 1      ; IO_RE_X89_Y35_N60_I66                 ; IO_RE                          ;
;   1.125 ;   0.292  ;    ; RE   ; 1      ; CLKBUF_CLUSTER_RE_X89_Y39_N3_I421     ; CLKBUF_CLUSTER_RE              ;
;   1.125 ;   0.000  ;    ; RE   ; 1      ; CLKBUF_CLUSTER_RE_X89_Y39_N3_I772     ; CLKBUF_CLUSTER_RE              ;
;   1.125 ;   0.000  ;    ; RE   ; 1      ; CLKBUF_CLUSTER_RE_X89_Y39_N3_I557     ; CLKBUF_CLUSTER_RE              ;
;   1.125 ;   0.000  ;    ; RE   ; 1      ; GCLK_CLUSTER_RE_X89_Y39_N6_I10        ; GCLK_CLUSTER_RE                ;
;   1.125 ;   0.000  ;    ; RE   ; 1      ; CLKBUFBLOCK_INPUT_X89_Y39_N7_I0       ; CLKBUFBLOCK_INPUT              ;
;   1.125 ;   0.000  ; RR ; IC   ; 1      ; CLKCTRL_G9                            ; clk~inputCLKENA0|inclk         ;
;   1.632 ;   0.507  ; RR ; CELL ; 1674   ; CLKCTRL_G9                            ; clk~inputCLKENA0|outclk        ;
;   1.632 ;   0.000  ;    ; RE   ; 1      ; CLKCTRL_G9                            ; ARRIAV_CLKBUF                  ;
;   1.632 ;   0.000  ;    ; RE   ; 1      ; CLKBUFBLOCK_OUTPUT_X89_Y39_N7_I2      ; CLKBUFBLOCK_OUTPUT             ;
;   1.632 ;   0.000  ;    ; RE   ; 1      ; GCLK_CLUSTER_RE_X89_Y39_N6_I12        ; GCLK_CLUSTER_RE                ;
;   1.632 ;   0.000  ;    ; RE   ; 1      ; CLKBUF_CLUSTER_RE_X89_Y39_N3_I416     ; CLKBUF_CLUSTER_RE              ;
;   2.453 ;   0.821  ;    ; RE   ; 4      ; GLOBAL_CLOCK_X0_Y36_N0_I9             ; GLOBAL_CLOCK                   ;
;   2.596 ;   0.143  ;    ; RE   ; 15     ; SPINE_CLOCK_X55_Y19_N0_I22            ; SPINE_CLOCK                    ;
;   2.999 ;   0.403  ;    ; RE   ; 1      ; SCLK_TO_ROWCLK_BUF_X55_Y22_N0_I133    ; SCLK_TO_ROWCLK_BUF             ;
;   3.083 ;   0.084  ;    ; RE   ; 1      ; SCLK_TO_ROWCLK_BUF_X55_Y22_N0_I136    ; SCLK_TO_ROWCLK_BUF             ;
;   3.558 ;   0.475  ;    ; RE   ; 3      ; LAB_CLK_X56_Y22_N0_I5                 ; LAB_CLK                        ;
;   3.697 ;   0.139  ;    ; RE   ; 1      ; BLK_CLK_BUF_X61_Y22_N0_I5             ; BLK_CLK_BUF                    ;
;   3.754 ;   0.057  ;    ; RE   ; 1      ; ROWCLKSEL_PREBUF_X61_Y22_N0_I5        ; ROWCLKSEL_PREBUF               ;
;   3.813 ;   0.059  ;    ; RE   ; 1      ; ROWCLKSEL_X61_Y22_N0_I0               ; ROWCLKSEL                      ;
;   3.813 ;   0.000  ;    ; RE   ; 1      ; GLOBAL_LOCAL_SEL_X61_Y22_N0_I0        ; GLOBAL_LOCAL_SEL               ;
;   3.813 ;   0.000  ;    ; RE   ; 16     ; LAB_INPUT_X61_Y22_N0_I2               ; LAB_INPUT                      ;
;   3.812 ;   -0.001 ; RR ; IC   ; 1      ; FF_X61_Y22_N2                         ; message_bytes_remaining[0]|clk ;
;   4.457 ;   0.645  ; RR ; CELL ; 1      ; FF_X61_Y22_N2                         ; message_bytes_remaining[0]     ;
;   4.330 ;   -0.127 ;    ;      ;        ;                                       ; clock pessimism removed        ;
; 4.330   ; 0.000    ;    ;      ;        ;                                       ; clock uncertainty              ;
; 4.330   ; 0.000    ;    ; uTh  ; 1      ; FF_X61_Y22_N2                         ; message_bytes_remaining[0]     ;
+---------+----------+----+------+--------+---------------------------------------+--------------------------------+

----------------------------
; Extra Fitter Information ;
----------------------------
HTML report is unavailable in plain text report export.


Path #12: Hold slack is 0.520 
===============================================================================
+---------------------------------------------+
; Path Summary                                ;
+--------------------+------------------------+
; Property           ; Value                  ;
+--------------------+------------------------+
; From Node          ; xof_bytes_remaining[6] ;
; To Node            ; xof_bytes_remaining[6] ;
; Launch Clock       ; clk                    ;
; Latch Clock        ; clk                    ;
; Data Arrival Time  ; 4.845                  ;
; Data Required Time ; 4.325                  ;
; Slack              ; 0.520                  ;
+--------------------+------------------------+

+------------------------------------------------------------------------------------+
; Statistics                                                                         ;
+------------------------+-------+-------+-------------+------------+--------+-------+
; Property               ; Value ; Count ; Total Delay ; % of Total ; Min    ; Max   ;
+------------------------+-------+-------+-------------+------------+--------+-------+
; Hold Relationship      ; 0.000 ;       ;             ;            ;        ;       ;
; Clock Skew             ; 0.122 ;       ;             ;            ;        ;       ;
; Data Delay             ; 0.642 ;       ;             ;            ;        ;       ;
; Number of Logic Levels ;       ; 1     ;             ;            ;        ;       ;
; Physical Delays        ;       ;       ;             ;            ;        ;       ;
;  Arrival Path          ;       ;       ;             ;            ;        ;       ;
;   Clock                ;       ;       ;             ;            ;        ;       ;
;    IC                  ;       ; 3     ; 0.000       ; 0          ; 0.000  ; 0.000 ;
;    Cell                ;       ; 3     ; 1.765       ; 42         ; 0.470  ; 0.739 ;
;    Routing Element     ;       ; 26    ; 2.438       ; 58         ; 0.000  ; 0.782 ;
;   Data                 ;       ;       ;             ;            ;        ;       ;
;    IC                  ;       ; 2     ; 0.001       ; 0          ; 0.000  ; 0.001 ;
;    Cell                ;       ; 3     ; 0.353       ; 55         ; 0.000  ; 0.271 ;
;    uTco                ;       ; 1     ; 0.000       ; 0          ; 0.000  ; 0.000 ;
;    Routing Element     ;       ; 4     ; 0.288       ; 45         ; 0.000  ; 0.145 ;
;  Required Path         ;       ;       ;             ;            ;        ;       ;
;   Clock                ;       ;       ;             ;            ;        ;       ;
;    IC                  ;       ; 3     ; -0.001      ; 0          ; -0.001 ; 0.000 ;
;    Cell                ;       ; 3     ; 1.891       ; 42         ; 0.507  ; 0.739 ;
;    Routing Element     ;       ; 26    ; 2.561       ; 58         ; 0.000  ; 0.826 ;
+------------------------+-------+-------+-------------+------------+--------+-------+
Note: Negative delays are omitted from totals when calculating percentages

+-------------------------------------------------------------------------------------------------------------+
; Data Arrival Path                                                                                           ;
+---------+---------+----+------+--------+---------------------------------------+----------------------------+
; Total   ; Incr    ; RF ; Type ; Fanout ; Location                              ; Element                    ;
+---------+---------+----+------+--------+---------------------------------------+----------------------------+
; 0.000   ; 0.000   ;    ;      ;        ;                                       ; launch edge time           ;
; 4.203   ; 4.203   ;    ;      ;        ;                                       ; clock path                 ;
;   0.000 ;   0.000 ;    ;      ;        ;                                       ; source latency             ;
;   0.000 ;   0.000 ;    ;      ; 1      ; PIN_M16                               ; clk                        ;
;   0.000 ;   0.000 ;    ; RE   ; 1      ; IOPAD_X89_Y35_N60                     ; ARRIAV_IO_PAD              ;
;   0.000 ;   0.000 ;    ; RE   ; 1      ; IO_PAD_OUTPUT_X89_Y35_N60_I1          ; IO_PAD_OUTPUT              ;
;   0.000 ;   0.000 ;    ; RE   ; 1      ; IO_INPUT_BUFFER_INPUT_X89_Y35_N61_I0  ; IO_INPUT_BUFFER_INPUT      ;
;   0.000 ;   0.000 ; RR ; IC   ; 1      ; IOIBUF_X89_Y35_N61                    ; clk~input|i                ;
;   0.739 ;   0.739 ; RR ; CELL ; 1      ; IOIBUF_X89_Y35_N61                    ; clk~input|o                ;
;   0.739 ;   0.000 ;    ; RE   ; 1      ; IOIBUF_X89_Y35_N61                    ; ARRIAV_IO_IBUF             ;
;   0.739 ;   0.000 ;    ; RE   ; 1      ; IO_INPUT_BUFFER_OUTPUT_X89_Y35_N61_I2 ; IO_INPUT_BUFFER_OUTPUT     ;
;   0.739 ;   0.000 ;    ; RE   ; 1      ; IO_RE_X89_Y35_N60_I96                 ; IO_RE                      ;
;   0.827 ;   0.088 ;    ; RE   ; 1      ; IO_RE_X89_Y35_N60_I66                 ; IO_RE                      ;
;   1.102 ;   0.275 ;    ; RE   ; 1      ; CLKBUF_CLUSTER_RE_X89_Y39_N3_I421     ; CLKBUF_CLUSTER_RE          ;
;   1.102 ;   0.000 ;    ; RE   ; 1      ; CLKBUF_CLUSTER_RE_X89_Y39_N3_I772     ; CLKBUF_CLUSTER_RE          ;
;   1.102 ;   0.000 ;    ; RE   ; 1      ; CLKBUF_CLUSTER_RE_X89_Y39_N3_I557     ; CLKBUF_CLUSTER_RE          ;
;   1.102 ;   0.000 ;    ; RE   ; 1      ; GCLK_CLUSTER_RE_X89_Y39_N6_I10        ; GCLK_CLUSTER_RE            ;
;   1.102 ;   0.000 ;    ; RE   ; 1      ; CLKBUFBLOCK_INPUT_X89_Y39_N7_I0       ; CLKBUFBLOCK_INPUT          ;
;   1.102 ;   0.000 ; RR ; IC   ; 1      ; CLKCTRL_G9                            ; clk~inputCLKENA0|inclk     ;
;   1.572 ;   0.470 ; RR ; CELL ; 1674   ; CLKCTRL_G9                            ; clk~inputCLKENA0|outclk    ;
;   1.572 ;   0.000 ;    ; RE   ; 1      ; CLKCTRL_G9                            ; ARRIAV_CLKBUF              ;
;   1.572 ;   0.000 ;    ; RE   ; 1      ; CLKBUFBLOCK_OUTPUT_X89_Y39_N7_I2      ; CLKBUFBLOCK_OUTPUT         ;
;   1.572 ;   0.000 ;    ; RE   ; 1      ; GCLK_CLUSTER_RE_X89_Y39_N6_I12        ; GCLK_CLUSTER_RE            ;
;   1.572 ;   0.000 ;    ; RE   ; 1      ; CLKBUF_CLUSTER_RE_X89_Y39_N3_I416     ; CLKBUF_CLUSTER_RE          ;
;   2.354 ;   0.782 ;    ; RE   ; 4      ; GLOBAL_CLOCK_X0_Y36_N0_I9             ; GLOBAL_CLOCK               ;
;   2.492 ;   0.138 ;    ; RE   ; 15     ; SPINE_CLOCK_X77_Y19_N0_I7             ; SPINE_CLOCK                ;
;   2.881 ;   0.389 ;    ; RE   ; 1      ; SCLK_TO_ROWCLK_BUF_X77_Y22_N0_I42     ; SCLK_TO_ROWCLK_BUF         ;
;   2.962 ;   0.081 ;    ; RE   ; 1      ; SCLK_TO_ROWCLK_BUF_X77_Y22_N0_I45     ; SCLK_TO_ROWCLK_BUF         ;
;   3.415 ;   0.453 ;    ; RE   ; 2      ; LAB_CLK_X67_Y22_N0_I2                 ; LAB_CLK                    ;
;   3.539 ;   0.124 ;    ; RE   ; 1      ; BLK_CLK_BUF_X68_Y22_N0_I2             ; BLK_CLK_BUF                ;
;   3.592 ;   0.053 ;    ; RE   ; 1      ; ROWCLKSEL_PREBUF_X68_Y22_N0_I2        ; ROWCLKSEL_PREBUF           ;
;   3.647 ;   0.055 ;    ; RE   ; 1      ; ROWCLKSEL_X68_Y22_N0_I1               ; ROWCLKSEL                  ;
;   3.647 ;   0.000 ;    ; RE   ; 1      ; GLOBAL_LOCAL_SEL_X68_Y22_N0_I1        ; GLOBAL_LOCAL_SEL           ;
;   3.647 ;   0.000 ;    ; RE   ; 13     ; LAB_INPUT_X68_Y22_N0_I2               ; LAB_INPUT                  ;
;   3.647 ;   0.000 ; RR ; IC   ; 1      ; FF_X68_Y22_N11                        ; xof_bytes_remaining[6]|clk ;
;   4.203 ;   0.556 ; RR ; CELL ; 1      ; FF_X68_Y22_N11                        ; xof_bytes_remaining[6]     ;
; 4.845   ; 0.642   ;    ;      ;        ;                                       ; data path                  ;
;   4.203 ;   0.000 ;    ; uTco ; 1      ; FF_X68_Y22_N11                        ; xof_bytes_remaining[6]     ;
;   4.203 ;   0.000 ; FF ; CELL ; 2      ; FF_X68_Y22_N11                        ; xof_bytes_remaining[6]|q   ;
;   4.260 ;   0.057 ;    ; RE   ; 2      ; FF_X68_Y22_N11                        ; ARRIAV_FF                  ;
;   4.346 ;   0.086 ;    ; RE   ; 1      ; LOCAL_LINE_X68_Y22_N0_I3              ; LOCAL_LINE                 ;
;   4.491 ;   0.145 ;    ; RE   ; 1      ; BLOCK_INPUT_MUX_X68_Y22_N0_I13        ; LEIM_INPUT                 ;
;   4.492 ;   0.001 ; FF ; IC   ; 3      ; LABCELL_X68_Y22_N9                    ; Add5~21|datac              ;
;   4.763 ;   0.271 ; FR ; CELL ; 1      ; LABCELL_X68_Y22_N9                    ; Add5~21|sumout             ;
;   4.763 ;   0.000 ;    ; RE   ; 2      ; LABCELL_X68_Y22_N9                    ; ARRIAV_LCELL_COMB          ;
;   4.763 ;   0.000 ; RR ; IC   ; 1      ; FF_X68_Y22_N11                        ; xof_bytes_remaining[6]|d   ;
;   4.845 ;   0.082 ; RR ; CELL ; 1      ; FF_X68_Y22_N11                        ; xof_bytes_remaining[6]     ;
+---------+---------+----+------+--------+---------------------------------------+----------------------------+

+--------------------------------------------------------------------------------------------------------------+
; Data Required Path                                                                                           ;
+---------+----------+----+------+--------+---------------------------------------+----------------------------+
; Total   ; Incr     ; RF ; Type ; Fanout ; Location                              ; Element                    ;
+---------+----------+----+------+--------+---------------------------------------+----------------------------+
; 0.000   ; 0.000    ;    ;      ;        ;                                       ; latch edge time            ;
; 4.325   ; 4.325    ;    ;      ;        ;                                       ; clock path                 ;
;   0.000 ;   0.000  ;    ;      ;        ;                                       ; source latency             ;
;   0.000 ;   0.000  ;    ;      ; 1      ; PIN_M16                               ; clk                        ;
;   0.000 ;   0.000  ;    ; RE   ; 1      ; IOPAD_X89_Y35_N60                     ; ARRIAV_IO_PAD              ;
;   0.000 ;   0.000  ;    ; RE   ; 1      ; IO_PAD_OUTPUT_X89_Y35_N60_I1          ; IO_PAD_OUTPUT              ;
;   0.000 ;   0.000  ;    ; RE   ; 1      ; IO_INPUT_BUFFER_INPUT_X89_Y35_N61_I0  ; IO_INPUT_BUFFER_INPUT      ;
;   0.000 ;   0.000  ; RR ; IC   ; 1      ; IOIBUF_X89_Y35_N61                    ; clk~input|i                ;
;   0.739 ;   0.739  ; RR ; CELL ; 1      ; IOIBUF_X89_Y35_N61                    ; clk~input|o                ;
;   0.739 ;   0.000  ;    ; RE   ; 1      ; IOIBUF_X89_Y35_N61                    ; ARRIAV_IO_IBUF             ;
;   0.739 ;   0.000  ;    ; RE   ; 1      ; IO_INPUT_BUFFER_OUTPUT_X89_Y35_N61_I2 ; IO_INPUT_BUFFER_OUTPUT     ;
;   0.739 ;   0.000  ;    ; RE   ; 1      ; IO_RE_X89_Y35_N60_I96                 ; IO_RE                      ;
;   0.833 ;   0.094  ;    ; RE   ; 1      ; IO_RE_X89_Y35_N60_I66                 ; IO_RE                      ;
;   1.125 ;   0.292  ;    ; RE   ; 1      ; CLKBUF_CLUSTER_RE_X89_Y39_N3_I421     ; CLKBUF_CLUSTER_RE          ;
;   1.125 ;   0.000  ;    ; RE   ; 1      ; CLKBUF_CLUSTER_RE_X89_Y39_N3_I772     ; CLKBUF_CLUSTER_RE          ;
;   1.125 ;   0.000  ;    ; RE   ; 1      ; CLKBUF_CLUSTER_RE_X89_Y39_N3_I557     ; CLKBUF_CLUSTER_RE          ;
;   1.125 ;   0.000  ;    ; RE   ; 1      ; GCLK_CLUSTER_RE_X89_Y39_N6_I10        ; GCLK_CLUSTER_RE            ;
;   1.125 ;   0.000  ;    ; RE   ; 1      ; CLKBUFBLOCK_INPUT_X89_Y39_N7_I0       ; CLKBUFBLOCK_INPUT          ;
;   1.125 ;   0.000  ; RR ; IC   ; 1      ; CLKCTRL_G9                            ; clk~inputCLKENA0|inclk     ;
;   1.632 ;   0.507  ; RR ; CELL ; 1674   ; CLKCTRL_G9                            ; clk~inputCLKENA0|outclk    ;
;   1.632 ;   0.000  ;    ; RE   ; 1      ; CLKCTRL_G9                            ; ARRIAV_CLKBUF              ;
;   1.632 ;   0.000  ;    ; RE   ; 1      ; CLKBUFBLOCK_OUTPUT_X89_Y39_N7_I2      ; CLKBUFBLOCK_OUTPUT         ;
;   1.632 ;   0.000  ;    ; RE   ; 1      ; GCLK_CLUSTER_RE_X89_Y39_N6_I12        ; GCLK_CLUSTER_RE            ;
;   1.632 ;   0.000  ;    ; RE   ; 1      ; CLKBUF_CLUSTER_RE_X89_Y39_N3_I416     ; CLKBUF_CLUSTER_RE          ;
;   2.458 ;   0.826  ;    ; RE   ; 4      ; GLOBAL_CLOCK_X0_Y36_N0_I9             ; GLOBAL_CLOCK               ;
;   2.601 ;   0.143  ;    ; RE   ; 15     ; SPINE_CLOCK_X77_Y19_N0_I7             ; SPINE_CLOCK                ;
;   3.004 ;   0.403  ;    ; RE   ; 1      ; SCLK_TO_ROWCLK_BUF_X77_Y22_N0_I42     ; SCLK_TO_ROWCLK_BUF         ;
;   3.088 ;   0.084  ;    ; RE   ; 1      ; SCLK_TO_ROWCLK_BUF_X77_Y22_N0_I45     ; SCLK_TO_ROWCLK_BUF         ;
;   3.558 ;   0.470  ;    ; RE   ; 2      ; LAB_CLK_X67_Y22_N0_I2                 ; LAB_CLK                    ;
;   3.692 ;   0.134  ;    ; RE   ; 1      ; BLK_CLK_BUF_X68_Y22_N0_I2             ; BLK_CLK_BUF                ;
;   3.747 ;   0.055  ;    ; RE   ; 1      ; ROWCLKSEL_PREBUF_X68_Y22_N0_I2        ; ROWCLKSEL_PREBUF           ;
;   3.807 ;   0.060  ;    ; RE   ; 1      ; ROWCLKSEL_X68_Y22_N0_I1               ; ROWCLKSEL                  ;
;   3.807 ;   0.000  ;    ; RE   ; 1      ; GLOBAL_LOCAL_SEL_X68_Y22_N0_I1        ; GLOBAL_LOCAL_SEL           ;
;   3.807 ;   0.000  ;    ; RE   ; 13     ; LAB_INPUT_X68_Y22_N0_I2               ; LAB_INPUT                  ;
;   3.806 ;   -0.001 ; RR ; IC   ; 1      ; FF_X68_Y22_N11                        ; xof_bytes_remaining[6]|clk ;
;   4.451 ;   0.645  ; RR ; CELL ; 1      ; FF_X68_Y22_N11                        ; xof_bytes_remaining[6]     ;
;   4.325 ;   -0.126 ;    ;      ;        ;                                       ; clock pessimism removed    ;
; 4.325   ; 0.000    ;    ;      ;        ;                                       ; clock uncertainty          ;
; 4.325   ; 0.000    ;    ; uTh  ; 1      ; FF_X68_Y22_N11                        ; xof_bytes_remaining[6]     ;
+---------+----------+----+------+--------+---------------------------------------+----------------------------+

----------------------------
; Extra Fitter Information ;
----------------------------
HTML report is unavailable in plain text report export.


Path #13: Hold slack is 0.520 
===============================================================================
+---------------------------------------------+
; Path Summary                                ;
+--------------------+------------------------+
; Property           ; Value                  ;
+--------------------+------------------------+
; From Node          ; xof_bytes_remaining[9] ;
; To Node            ; xof_bytes_remaining[9] ;
; Launch Clock       ; clk                    ;
; Latch Clock        ; clk                    ;
; Data Arrival Time  ; 4.839                  ;
; Data Required Time ; 4.319                  ;
; Slack              ; 0.520                  ;
+--------------------+------------------------+

+------------------------------------------------------------------------------------+
; Statistics                                                                         ;
+------------------------+-------+-------+-------------+------------+--------+-------+
; Property               ; Value ; Count ; Total Delay ; % of Total ; Min    ; Max   ;
+------------------------+-------+-------+-------------+------------+--------+-------+
; Hold Relationship      ; 0.000 ;       ;             ;            ;        ;       ;
; Clock Skew             ; 0.122 ;       ;             ;            ;        ;       ;
; Data Delay             ; 0.642 ;       ;             ;            ;        ;       ;
; Number of Logic Levels ;       ; 1     ;             ;            ;        ;       ;
; Physical Delays        ;       ;       ;             ;            ;        ;       ;
;  Arrival Path          ;       ;       ;             ;            ;        ;       ;
;   Clock                ;       ;       ;             ;            ;        ;       ;
;    IC                  ;       ; 3     ; 0.000       ; 0          ; 0.000  ; 0.000 ;
;    Cell                ;       ; 3     ; 1.759       ; 42         ; 0.470  ; 0.739 ;
;    Routing Element     ;       ; 26    ; 2.438       ; 58         ; 0.000  ; 0.782 ;
;   Data                 ;       ;       ;             ;            ;        ;       ;
;    IC                  ;       ; 2     ; 0.000       ; 0          ; 0.000  ; 0.000 ;
;    Cell                ;       ; 3     ; 0.349       ; 54         ; 0.000  ; 0.266 ;
;    uTco                ;       ; 1     ; 0.000       ; 0          ; 0.000  ; 0.000 ;
;    Routing Element     ;       ; 4     ; 0.293       ; 46         ; 0.000  ; 0.149 ;
;  Required Path         ;       ;       ;             ;            ;        ;       ;
;   Clock                ;       ;       ;             ;            ;        ;       ;
;    IC                  ;       ; 3     ; -0.001      ; 0          ; -0.001 ; 0.000 ;
;    Cell                ;       ; 3     ; 1.885       ; 42         ; 0.507  ; 0.739 ;
;    Routing Element     ;       ; 26    ; 2.561       ; 58         ; 0.000  ; 0.826 ;
+------------------------+-------+-------+-------------+------------+--------+-------+
Note: Negative delays are omitted from totals when calculating percentages

+-------------------------------------------------------------------------------------------------------------+
; Data Arrival Path                                                                                           ;
+---------+---------+----+------+--------+---------------------------------------+----------------------------+
; Total   ; Incr    ; RF ; Type ; Fanout ; Location                              ; Element                    ;
+---------+---------+----+------+--------+---------------------------------------+----------------------------+
; 0.000   ; 0.000   ;    ;      ;        ;                                       ; launch edge time           ;
; 4.197   ; 4.197   ;    ;      ;        ;                                       ; clock path                 ;
;   0.000 ;   0.000 ;    ;      ;        ;                                       ; source latency             ;
;   0.000 ;   0.000 ;    ;      ; 1      ; PIN_M16                               ; clk                        ;
;   0.000 ;   0.000 ;    ; RE   ; 1      ; IOPAD_X89_Y35_N60                     ; ARRIAV_IO_PAD              ;
;   0.000 ;   0.000 ;    ; RE   ; 1      ; IO_PAD_OUTPUT_X89_Y35_N60_I1          ; IO_PAD_OUTPUT              ;
;   0.000 ;   0.000 ;    ; RE   ; 1      ; IO_INPUT_BUFFER_INPUT_X89_Y35_N61_I0  ; IO_INPUT_BUFFER_INPUT      ;
;   0.000 ;   0.000 ; RR ; IC   ; 1      ; IOIBUF_X89_Y35_N61                    ; clk~input|i                ;
;   0.739 ;   0.739 ; RR ; CELL ; 1      ; IOIBUF_X89_Y35_N61                    ; clk~input|o                ;
;   0.739 ;   0.000 ;    ; RE   ; 1      ; IOIBUF_X89_Y35_N61                    ; ARRIAV_IO_IBUF             ;
;   0.739 ;   0.000 ;    ; RE   ; 1      ; IO_INPUT_BUFFER_OUTPUT_X89_Y35_N61_I2 ; IO_INPUT_BUFFER_OUTPUT     ;
;   0.739 ;   0.000 ;    ; RE   ; 1      ; IO_RE_X89_Y35_N60_I96                 ; IO_RE                      ;
;   0.827 ;   0.088 ;    ; RE   ; 1      ; IO_RE_X89_Y35_N60_I66                 ; IO_RE                      ;
;   1.102 ;   0.275 ;    ; RE   ; 1      ; CLKBUF_CLUSTER_RE_X89_Y39_N3_I421     ; CLKBUF_CLUSTER_RE          ;
;   1.102 ;   0.000 ;    ; RE   ; 1      ; CLKBUF_CLUSTER_RE_X89_Y39_N3_I772     ; CLKBUF_CLUSTER_RE          ;
;   1.102 ;   0.000 ;    ; RE   ; 1      ; CLKBUF_CLUSTER_RE_X89_Y39_N3_I557     ; CLKBUF_CLUSTER_RE          ;
;   1.102 ;   0.000 ;    ; RE   ; 1      ; GCLK_CLUSTER_RE_X89_Y39_N6_I10        ; GCLK_CLUSTER_RE            ;
;   1.102 ;   0.000 ;    ; RE   ; 1      ; CLKBUFBLOCK_INPUT_X89_Y39_N7_I0       ; CLKBUFBLOCK_INPUT          ;
;   1.102 ;   0.000 ; RR ; IC   ; 1      ; CLKCTRL_G9                            ; clk~inputCLKENA0|inclk     ;
;   1.572 ;   0.470 ; RR ; CELL ; 1674   ; CLKCTRL_G9                            ; clk~inputCLKENA0|outclk    ;
;   1.572 ;   0.000 ;    ; RE   ; 1      ; CLKCTRL_G9                            ; ARRIAV_CLKBUF              ;
;   1.572 ;   0.000 ;    ; RE   ; 1      ; CLKBUFBLOCK_OUTPUT_X89_Y39_N7_I2      ; CLKBUFBLOCK_OUTPUT         ;
;   1.572 ;   0.000 ;    ; RE   ; 1      ; GCLK_CLUSTER_RE_X89_Y39_N6_I12        ; GCLK_CLUSTER_RE            ;
;   1.572 ;   0.000 ;    ; RE   ; 1      ; CLKBUF_CLUSTER_RE_X89_Y39_N3_I416     ; CLKBUF_CLUSTER_RE          ;
;   2.354 ;   0.782 ;    ; RE   ; 4      ; GLOBAL_CLOCK_X0_Y36_N0_I9             ; GLOBAL_CLOCK               ;
;   2.492 ;   0.138 ;    ; RE   ; 15     ; SPINE_CLOCK_X77_Y19_N0_I7             ; SPINE_CLOCK                ;
;   2.881 ;   0.389 ;    ; RE   ; 1      ; SCLK_TO_ROWCLK_BUF_X77_Y22_N0_I42     ; SCLK_TO_ROWCLK_BUF         ;
;   2.962 ;   0.081 ;    ; RE   ; 1      ; SCLK_TO_ROWCLK_BUF_X77_Y22_N0_I45     ; SCLK_TO_ROWCLK_BUF         ;
;   3.415 ;   0.453 ;    ; RE   ; 2      ; LAB_CLK_X67_Y22_N0_I2                 ; LAB_CLK                    ;
;   3.539 ;   0.124 ;    ; RE   ; 1      ; BLK_CLK_BUF_X68_Y22_N0_I2             ; BLK_CLK_BUF                ;
;   3.592 ;   0.053 ;    ; RE   ; 1      ; ROWCLKSEL_PREBUF_X68_Y22_N0_I2        ; ROWCLKSEL_PREBUF           ;
;   3.647 ;   0.055 ;    ; RE   ; 1      ; ROWCLKSEL_X68_Y22_N0_I1               ; ROWCLKSEL                  ;
;   3.647 ;   0.000 ;    ; RE   ; 1      ; GLOBAL_LOCAL_SEL_X68_Y22_N0_I1        ; GLOBAL_LOCAL_SEL           ;
;   3.647 ;   0.000 ;    ; RE   ; 13     ; LAB_INPUT_X68_Y22_N0_I2               ; LAB_INPUT                  ;
;   3.647 ;   0.000 ; RR ; IC   ; 1      ; FF_X68_Y22_N20                        ; xof_bytes_remaining[9]|clk ;
;   4.197 ;   0.550 ; RR ; CELL ; 1      ; FF_X68_Y22_N20                        ; xof_bytes_remaining[9]     ;
; 4.839   ; 0.642   ;    ;      ;        ;                                       ; data path                  ;
;   4.197 ;   0.000 ;    ; uTco ; 1      ; FF_X68_Y22_N20                        ; xof_bytes_remaining[9]     ;
;   4.197 ;   0.000 ; FF ; CELL ; 2      ; FF_X68_Y22_N20                        ; xof_bytes_remaining[9]|q   ;
;   4.251 ;   0.054 ;    ; RE   ; 1      ; FF_X68_Y22_N20                        ; ARRIAV_FF                  ;
;   4.341 ;   0.090 ;    ; RE   ; 2      ; LOCAL_LINE_X68_Y22_N0_I6              ; LOCAL_LINE                 ;
;   4.490 ;   0.149 ;    ; RE   ; 1      ; BLOCK_INPUT_MUX_X68_Y22_N0_I28        ; LEIM_INPUT                 ;
;   4.490 ;   0.000 ; FF ; IC   ; 3      ; LABCELL_X68_Y22_N18                   ; Add5~33|datac              ;
;   4.756 ;   0.266 ; FR ; CELL ; 1      ; LABCELL_X68_Y22_N18                   ; Add5~33|sumout             ;
;   4.756 ;   0.000 ;    ; RE   ; 2      ; LABCELL_X68_Y22_N18                   ; ARRIAV_LCELL_COMB          ;
;   4.756 ;   0.000 ; RR ; IC   ; 1      ; FF_X68_Y22_N20                        ; xof_bytes_remaining[9]|d   ;
;   4.839 ;   0.083 ; RR ; CELL ; 1      ; FF_X68_Y22_N20                        ; xof_bytes_remaining[9]     ;
+---------+---------+----+------+--------+---------------------------------------+----------------------------+

+--------------------------------------------------------------------------------------------------------------+
; Data Required Path                                                                                           ;
+---------+----------+----+------+--------+---------------------------------------+----------------------------+
; Total   ; Incr     ; RF ; Type ; Fanout ; Location                              ; Element                    ;
+---------+----------+----+------+--------+---------------------------------------+----------------------------+
; 0.000   ; 0.000    ;    ;      ;        ;                                       ; latch edge time            ;
; 4.319   ; 4.319    ;    ;      ;        ;                                       ; clock path                 ;
;   0.000 ;   0.000  ;    ;      ;        ;                                       ; source latency             ;
;   0.000 ;   0.000  ;    ;      ; 1      ; PIN_M16                               ; clk                        ;
;   0.000 ;   0.000  ;    ; RE   ; 1      ; IOPAD_X89_Y35_N60                     ; ARRIAV_IO_PAD              ;
;   0.000 ;   0.000  ;    ; RE   ; 1      ; IO_PAD_OUTPUT_X89_Y35_N60_I1          ; IO_PAD_OUTPUT              ;
;   0.000 ;   0.000  ;    ; RE   ; 1      ; IO_INPUT_BUFFER_INPUT_X89_Y35_N61_I0  ; IO_INPUT_BUFFER_INPUT      ;
;   0.000 ;   0.000  ; RR ; IC   ; 1      ; IOIBUF_X89_Y35_N61                    ; clk~input|i                ;
;   0.739 ;   0.739  ; RR ; CELL ; 1      ; IOIBUF_X89_Y35_N61                    ; clk~input|o                ;
;   0.739 ;   0.000  ;    ; RE   ; 1      ; IOIBUF_X89_Y35_N61                    ; ARRIAV_IO_IBUF             ;
;   0.739 ;   0.000  ;    ; RE   ; 1      ; IO_INPUT_BUFFER_OUTPUT_X89_Y35_N61_I2 ; IO_INPUT_BUFFER_OUTPUT     ;
;   0.739 ;   0.000  ;    ; RE   ; 1      ; IO_RE_X89_Y35_N60_I96                 ; IO_RE                      ;
;   0.833 ;   0.094  ;    ; RE   ; 1      ; IO_RE_X89_Y35_N60_I66                 ; IO_RE                      ;
;   1.125 ;   0.292  ;    ; RE   ; 1      ; CLKBUF_CLUSTER_RE_X89_Y39_N3_I421     ; CLKBUF_CLUSTER_RE          ;
;   1.125 ;   0.000  ;    ; RE   ; 1      ; CLKBUF_CLUSTER_RE_X89_Y39_N3_I772     ; CLKBUF_CLUSTER_RE          ;
;   1.125 ;   0.000  ;    ; RE   ; 1      ; CLKBUF_CLUSTER_RE_X89_Y39_N3_I557     ; CLKBUF_CLUSTER_RE          ;
;   1.125 ;   0.000  ;    ; RE   ; 1      ; GCLK_CLUSTER_RE_X89_Y39_N6_I10        ; GCLK_CLUSTER_RE            ;
;   1.125 ;   0.000  ;    ; RE   ; 1      ; CLKBUFBLOCK_INPUT_X89_Y39_N7_I0       ; CLKBUFBLOCK_INPUT          ;
;   1.125 ;   0.000  ; RR ; IC   ; 1      ; CLKCTRL_G9                            ; clk~inputCLKENA0|inclk     ;
;   1.632 ;   0.507  ; RR ; CELL ; 1674   ; CLKCTRL_G9                            ; clk~inputCLKENA0|outclk    ;
;   1.632 ;   0.000  ;    ; RE   ; 1      ; CLKCTRL_G9                            ; ARRIAV_CLKBUF              ;
;   1.632 ;   0.000  ;    ; RE   ; 1      ; CLKBUFBLOCK_OUTPUT_X89_Y39_N7_I2      ; CLKBUFBLOCK_OUTPUT         ;
;   1.632 ;   0.000  ;    ; RE   ; 1      ; GCLK_CLUSTER_RE_X89_Y39_N6_I12        ; GCLK_CLUSTER_RE            ;
;   1.632 ;   0.000  ;    ; RE   ; 1      ; CLKBUF_CLUSTER_RE_X89_Y39_N3_I416     ; CLKBUF_CLUSTER_RE          ;
;   2.458 ;   0.826  ;    ; RE   ; 4      ; GLOBAL_CLOCK_X0_Y36_N0_I9             ; GLOBAL_CLOCK               ;
;   2.601 ;   0.143  ;    ; RE   ; 15     ; SPINE_CLOCK_X77_Y19_N0_I7             ; SPINE_CLOCK                ;
;   3.004 ;   0.403  ;    ; RE   ; 1      ; SCLK_TO_ROWCLK_BUF_X77_Y22_N0_I42     ; SCLK_TO_ROWCLK_BUF         ;
;   3.088 ;   0.084  ;    ; RE   ; 1      ; SCLK_TO_ROWCLK_BUF_X77_Y22_N0_I45     ; SCLK_TO_ROWCLK_BUF         ;
;   3.558 ;   0.470  ;    ; RE   ; 2      ; LAB_CLK_X67_Y22_N0_I2                 ; LAB_CLK                    ;
;   3.692 ;   0.134  ;    ; RE   ; 1      ; BLK_CLK_BUF_X68_Y22_N0_I2             ; BLK_CLK_BUF                ;
;   3.747 ;   0.055  ;    ; RE   ; 1      ; ROWCLKSEL_PREBUF_X68_Y22_N0_I2        ; ROWCLKSEL_PREBUF           ;
;   3.807 ;   0.060  ;    ; RE   ; 1      ; ROWCLKSEL_X68_Y22_N0_I1               ; ROWCLKSEL                  ;
;   3.807 ;   0.000  ;    ; RE   ; 1      ; GLOBAL_LOCAL_SEL_X68_Y22_N0_I1        ; GLOBAL_LOCAL_SEL           ;
;   3.807 ;   0.000  ;    ; RE   ; 13     ; LAB_INPUT_X68_Y22_N0_I2               ; LAB_INPUT                  ;
;   3.806 ;   -0.001 ; RR ; IC   ; 1      ; FF_X68_Y22_N20                        ; xof_bytes_remaining[9]|clk ;
;   4.445 ;   0.639  ; RR ; CELL ; 1      ; FF_X68_Y22_N20                        ; xof_bytes_remaining[9]     ;
;   4.319 ;   -0.126 ;    ;      ;        ;                                       ; clock pessimism removed    ;
; 4.319   ; 0.000    ;    ;      ;        ;                                       ; clock uncertainty          ;
; 4.319   ; 0.000    ;    ; uTh  ; 1      ; FF_X68_Y22_N20                        ; xof_bytes_remaining[9]     ;
+---------+----------+----+------+--------+---------------------------------------+----------------------------+

----------------------------
; Extra Fitter Information ;
----------------------------
HTML report is unavailable in plain text report export.


Path #14: Hold slack is 0.521 
===============================================================================
+----------------------------------------------+
; Path Summary                                 ;
+--------------------+-------------------------+
; Property           ; Value                   ;
+--------------------+-------------------------+
; From Node          ; xof_bytes_remaining[15] ;
; To Node            ; xof_bytes_remaining[15] ;
; Launch Clock       ; clk                     ;
; Latch Clock        ; clk                     ;
; Data Arrival Time  ; 4.840                   ;
; Data Required Time ; 4.319                   ;
; Slack              ; 0.521                   ;
+--------------------+-------------------------+

+------------------------------------------------------------------------------------+
; Statistics                                                                         ;
+------------------------+-------+-------+-------------+------------+--------+-------+
; Property               ; Value ; Count ; Total Delay ; % of Total ; Min    ; Max   ;
+------------------------+-------+-------+-------------+------------+--------+-------+
; Hold Relationship      ; 0.000 ;       ;             ;            ;        ;       ;
; Clock Skew             ; 0.122 ;       ;             ;            ;        ;       ;
; Data Delay             ; 0.643 ;       ;             ;            ;        ;       ;
; Number of Logic Levels ;       ; 1     ;             ;            ;        ;       ;
; Physical Delays        ;       ;       ;             ;            ;        ;       ;
;  Arrival Path          ;       ;       ;             ;            ;        ;       ;
;   Clock                ;       ;       ;             ;            ;        ;       ;
;    IC                  ;       ; 3     ; 0.000       ; 0          ; 0.000  ; 0.000 ;
;    Cell                ;       ; 3     ; 1.759       ; 42         ; 0.470  ; 0.739 ;
;    Routing Element     ;       ; 26    ; 2.438       ; 58         ; 0.000  ; 0.782 ;
;   Data                 ;       ;       ;             ;            ;        ;       ;
;    IC                  ;       ; 2     ; 0.000       ; 0          ; 0.000  ; 0.000 ;
;    Cell                ;       ; 3     ; 0.349       ; 54         ; 0.000  ; 0.266 ;
;    uTco                ;       ; 1     ; 0.000       ; 0          ; 0.000  ; 0.000 ;
;    Routing Element     ;       ; 4     ; 0.294       ; 46         ; 0.000  ; 0.150 ;
;  Required Path         ;       ;       ;             ;            ;        ;       ;
;   Clock                ;       ;       ;             ;            ;        ;       ;
;    IC                  ;       ; 3     ; -0.001      ; 0          ; -0.001 ; 0.000 ;
;    Cell                ;       ; 3     ; 1.885       ; 42         ; 0.507  ; 0.739 ;
;    Routing Element     ;       ; 26    ; 2.561       ; 58         ; 0.000  ; 0.826 ;
+------------------------+-------+-------+-------------+------------+--------+-------+
Note: Negative delays are omitted from totals when calculating percentages

+--------------------------------------------------------------------------------------------------------------+
; Data Arrival Path                                                                                            ;
+---------+---------+----+------+--------+---------------------------------------+-----------------------------+
; Total   ; Incr    ; RF ; Type ; Fanout ; Location                              ; Element                     ;
+---------+---------+----+------+--------+---------------------------------------+-----------------------------+
; 0.000   ; 0.000   ;    ;      ;        ;                                       ; launch edge time            ;
; 4.197   ; 4.197   ;    ;      ;        ;                                       ; clock path                  ;
;   0.000 ;   0.000 ;    ;      ;        ;                                       ; source latency              ;
;   0.000 ;   0.000 ;    ;      ; 1      ; PIN_M16                               ; clk                         ;
;   0.000 ;   0.000 ;    ; RE   ; 1      ; IOPAD_X89_Y35_N60                     ; ARRIAV_IO_PAD               ;
;   0.000 ;   0.000 ;    ; RE   ; 1      ; IO_PAD_OUTPUT_X89_Y35_N60_I1          ; IO_PAD_OUTPUT               ;
;   0.000 ;   0.000 ;    ; RE   ; 1      ; IO_INPUT_BUFFER_INPUT_X89_Y35_N61_I0  ; IO_INPUT_BUFFER_INPUT       ;
;   0.000 ;   0.000 ; RR ; IC   ; 1      ; IOIBUF_X89_Y35_N61                    ; clk~input|i                 ;
;   0.739 ;   0.739 ; RR ; CELL ; 1      ; IOIBUF_X89_Y35_N61                    ; clk~input|o                 ;
;   0.739 ;   0.000 ;    ; RE   ; 1      ; IOIBUF_X89_Y35_N61                    ; ARRIAV_IO_IBUF              ;
;   0.739 ;   0.000 ;    ; RE   ; 1      ; IO_INPUT_BUFFER_OUTPUT_X89_Y35_N61_I2 ; IO_INPUT_BUFFER_OUTPUT      ;
;   0.739 ;   0.000 ;    ; RE   ; 1      ; IO_RE_X89_Y35_N60_I96                 ; IO_RE                       ;
;   0.827 ;   0.088 ;    ; RE   ; 1      ; IO_RE_X89_Y35_N60_I66                 ; IO_RE                       ;
;   1.102 ;   0.275 ;    ; RE   ; 1      ; CLKBUF_CLUSTER_RE_X89_Y39_N3_I421     ; CLKBUF_CLUSTER_RE           ;
;   1.102 ;   0.000 ;    ; RE   ; 1      ; CLKBUF_CLUSTER_RE_X89_Y39_N3_I772     ; CLKBUF_CLUSTER_RE           ;
;   1.102 ;   0.000 ;    ; RE   ; 1      ; CLKBUF_CLUSTER_RE_X89_Y39_N3_I557     ; CLKBUF_CLUSTER_RE           ;
;   1.102 ;   0.000 ;    ; RE   ; 1      ; GCLK_CLUSTER_RE_X89_Y39_N6_I10        ; GCLK_CLUSTER_RE             ;
;   1.102 ;   0.000 ;    ; RE   ; 1      ; CLKBUFBLOCK_INPUT_X89_Y39_N7_I0       ; CLKBUFBLOCK_INPUT           ;
;   1.102 ;   0.000 ; RR ; IC   ; 1      ; CLKCTRL_G9                            ; clk~inputCLKENA0|inclk      ;
;   1.572 ;   0.470 ; RR ; CELL ; 1674   ; CLKCTRL_G9                            ; clk~inputCLKENA0|outclk     ;
;   1.572 ;   0.000 ;    ; RE   ; 1      ; CLKCTRL_G9                            ; ARRIAV_CLKBUF               ;
;   1.572 ;   0.000 ;    ; RE   ; 1      ; CLKBUFBLOCK_OUTPUT_X89_Y39_N7_I2      ; CLKBUFBLOCK_OUTPUT          ;
;   1.572 ;   0.000 ;    ; RE   ; 1      ; GCLK_CLUSTER_RE_X89_Y39_N6_I12        ; GCLK_CLUSTER_RE             ;
;   1.572 ;   0.000 ;    ; RE   ; 1      ; CLKBUF_CLUSTER_RE_X89_Y39_N3_I416     ; CLKBUF_CLUSTER_RE           ;
;   2.354 ;   0.782 ;    ; RE   ; 4      ; GLOBAL_CLOCK_X0_Y36_N0_I9             ; GLOBAL_CLOCK                ;
;   2.492 ;   0.138 ;    ; RE   ; 15     ; SPINE_CLOCK_X77_Y19_N0_I7             ; SPINE_CLOCK                 ;
;   2.881 ;   0.389 ;    ; RE   ; 1      ; SCLK_TO_ROWCLK_BUF_X77_Y22_N0_I42     ; SCLK_TO_ROWCLK_BUF          ;
;   2.962 ;   0.081 ;    ; RE   ; 1      ; SCLK_TO_ROWCLK_BUF_X77_Y22_N0_I45     ; SCLK_TO_ROWCLK_BUF          ;
;   3.415 ;   0.453 ;    ; RE   ; 2      ; LAB_CLK_X67_Y22_N0_I2                 ; LAB_CLK                     ;
;   3.539 ;   0.124 ;    ; RE   ; 1      ; BLK_CLK_BUF_X68_Y22_N0_I2             ; BLK_CLK_BUF                 ;
;   3.592 ;   0.053 ;    ; RE   ; 1      ; ROWCLKSEL_PREBUF_X68_Y22_N0_I2        ; ROWCLKSEL_PREBUF            ;
;   3.647 ;   0.055 ;    ; RE   ; 1      ; ROWCLKSEL_X68_Y22_N0_I1               ; ROWCLKSEL                   ;
;   3.647 ;   0.000 ;    ; RE   ; 1      ; GLOBAL_LOCAL_SEL_X68_Y22_N0_I1        ; GLOBAL_LOCAL_SEL            ;
;   3.647 ;   0.000 ;    ; RE   ; 13     ; LAB_INPUT_X68_Y22_N0_I2               ; LAB_INPUT                   ;
;   3.647 ;   0.000 ; RR ; IC   ; 1      ; FF_X68_Y22_N38                        ; xof_bytes_remaining[15]|clk ;
;   4.197 ;   0.550 ; RR ; CELL ; 1      ; FF_X68_Y22_N38                        ; xof_bytes_remaining[15]     ;
; 4.840   ; 0.643   ;    ;      ;        ;                                       ; data path                   ;
;   4.197 ;   0.000 ;    ; uTco ; 1      ; FF_X68_Y22_N38                        ; xof_bytes_remaining[15]     ;
;   4.197 ;   0.000 ; FF ; CELL ; 2      ; FF_X68_Y22_N38                        ; xof_bytes_remaining[15]|q   ;
;   4.251 ;   0.054 ;    ; RE   ; 1      ; FF_X68_Y22_N38                        ; ARRIAV_FF                   ;
;   4.341 ;   0.090 ;    ; RE   ; 2      ; LOCAL_LINE_X68_Y22_N0_I12             ; LOCAL_LINE                  ;
;   4.491 ;   0.150 ;    ; RE   ; 1      ; BLOCK_INPUT_MUX_X68_Y22_N0_I52        ; LEIM_INPUT                  ;
;   4.491 ;   0.000 ; FF ; IC   ; 1      ; LABCELL_X68_Y22_N36                   ; Add5~29|datac               ;
;   4.757 ;   0.266 ; FR ; CELL ; 1      ; LABCELL_X68_Y22_N36                   ; Add5~29|sumout              ;
;   4.757 ;   0.000 ;    ; RE   ; 1      ; LABCELL_X68_Y22_N36                   ; ARRIAV_LCELL_COMB           ;
;   4.757 ;   0.000 ; RR ; IC   ; 1      ; FF_X68_Y22_N38                        ; xof_bytes_remaining[15]|d   ;
;   4.840 ;   0.083 ; RR ; CELL ; 1      ; FF_X68_Y22_N38                        ; xof_bytes_remaining[15]     ;
+---------+---------+----+------+--------+---------------------------------------+-----------------------------+

+---------------------------------------------------------------------------------------------------------------+
; Data Required Path                                                                                            ;
+---------+----------+----+------+--------+---------------------------------------+-----------------------------+
; Total   ; Incr     ; RF ; Type ; Fanout ; Location                              ; Element                     ;
+---------+----------+----+------+--------+---------------------------------------+-----------------------------+
; 0.000   ; 0.000    ;    ;      ;        ;                                       ; latch edge time             ;
; 4.319   ; 4.319    ;    ;      ;        ;                                       ; clock path                  ;
;   0.000 ;   0.000  ;    ;      ;        ;                                       ; source latency              ;
;   0.000 ;   0.000  ;    ;      ; 1      ; PIN_M16                               ; clk                         ;
;   0.000 ;   0.000  ;    ; RE   ; 1      ; IOPAD_X89_Y35_N60                     ; ARRIAV_IO_PAD               ;
;   0.000 ;   0.000  ;    ; RE   ; 1      ; IO_PAD_OUTPUT_X89_Y35_N60_I1          ; IO_PAD_OUTPUT               ;
;   0.000 ;   0.000  ;    ; RE   ; 1      ; IO_INPUT_BUFFER_INPUT_X89_Y35_N61_I0  ; IO_INPUT_BUFFER_INPUT       ;
;   0.000 ;   0.000  ; RR ; IC   ; 1      ; IOIBUF_X89_Y35_N61                    ; clk~input|i                 ;
;   0.739 ;   0.739  ; RR ; CELL ; 1      ; IOIBUF_X89_Y35_N61                    ; clk~input|o                 ;
;   0.739 ;   0.000  ;    ; RE   ; 1      ; IOIBUF_X89_Y35_N61                    ; ARRIAV_IO_IBUF              ;
;   0.739 ;   0.000  ;    ; RE   ; 1      ; IO_INPUT_BUFFER_OUTPUT_X89_Y35_N61_I2 ; IO_INPUT_BUFFER_OUTPUT      ;
;   0.739 ;   0.000  ;    ; RE   ; 1      ; IO_RE_X89_Y35_N60_I96                 ; IO_RE                       ;
;   0.833 ;   0.094  ;    ; RE   ; 1      ; IO_RE_X89_Y35_N60_I66                 ; IO_RE                       ;
;   1.125 ;   0.292  ;    ; RE   ; 1      ; CLKBUF_CLUSTER_RE_X89_Y39_N3_I421     ; CLKBUF_CLUSTER_RE           ;
;   1.125 ;   0.000  ;    ; RE   ; 1      ; CLKBUF_CLUSTER_RE_X89_Y39_N3_I772     ; CLKBUF_CLUSTER_RE           ;
;   1.125 ;   0.000  ;    ; RE   ; 1      ; CLKBUF_CLUSTER_RE_X89_Y39_N3_I557     ; CLKBUF_CLUSTER_RE           ;
;   1.125 ;   0.000  ;    ; RE   ; 1      ; GCLK_CLUSTER_RE_X89_Y39_N6_I10        ; GCLK_CLUSTER_RE             ;
;   1.125 ;   0.000  ;    ; RE   ; 1      ; CLKBUFBLOCK_INPUT_X89_Y39_N7_I0       ; CLKBUFBLOCK_INPUT           ;
;   1.125 ;   0.000  ; RR ; IC   ; 1      ; CLKCTRL_G9                            ; clk~inputCLKENA0|inclk      ;
;   1.632 ;   0.507  ; RR ; CELL ; 1674   ; CLKCTRL_G9                            ; clk~inputCLKENA0|outclk     ;
;   1.632 ;   0.000  ;    ; RE   ; 1      ; CLKCTRL_G9                            ; ARRIAV_CLKBUF               ;
;   1.632 ;   0.000  ;    ; RE   ; 1      ; CLKBUFBLOCK_OUTPUT_X89_Y39_N7_I2      ; CLKBUFBLOCK_OUTPUT          ;
;   1.632 ;   0.000  ;    ; RE   ; 1      ; GCLK_CLUSTER_RE_X89_Y39_N6_I12        ; GCLK_CLUSTER_RE             ;
;   1.632 ;   0.000  ;    ; RE   ; 1      ; CLKBUF_CLUSTER_RE_X89_Y39_N3_I416     ; CLKBUF_CLUSTER_RE           ;
;   2.458 ;   0.826  ;    ; RE   ; 4      ; GLOBAL_CLOCK_X0_Y36_N0_I9             ; GLOBAL_CLOCK                ;
;   2.601 ;   0.143  ;    ; RE   ; 15     ; SPINE_CLOCK_X77_Y19_N0_I7             ; SPINE_CLOCK                 ;
;   3.004 ;   0.403  ;    ; RE   ; 1      ; SCLK_TO_ROWCLK_BUF_X77_Y22_N0_I42     ; SCLK_TO_ROWCLK_BUF          ;
;   3.088 ;   0.084  ;    ; RE   ; 1      ; SCLK_TO_ROWCLK_BUF_X77_Y22_N0_I45     ; SCLK_TO_ROWCLK_BUF          ;
;   3.558 ;   0.470  ;    ; RE   ; 2      ; LAB_CLK_X67_Y22_N0_I2                 ; LAB_CLK                     ;
;   3.692 ;   0.134  ;    ; RE   ; 1      ; BLK_CLK_BUF_X68_Y22_N0_I2             ; BLK_CLK_BUF                 ;
;   3.747 ;   0.055  ;    ; RE   ; 1      ; ROWCLKSEL_PREBUF_X68_Y22_N0_I2        ; ROWCLKSEL_PREBUF            ;
;   3.807 ;   0.060  ;    ; RE   ; 1      ; ROWCLKSEL_X68_Y22_N0_I1               ; ROWCLKSEL                   ;
;   3.807 ;   0.000  ;    ; RE   ; 1      ; GLOBAL_LOCAL_SEL_X68_Y22_N0_I1        ; GLOBAL_LOCAL_SEL            ;
;   3.807 ;   0.000  ;    ; RE   ; 13     ; LAB_INPUT_X68_Y22_N0_I2               ; LAB_INPUT                   ;
;   3.806 ;   -0.001 ; RR ; IC   ; 1      ; FF_X68_Y22_N38                        ; xof_bytes_remaining[15]|clk ;
;   4.445 ;   0.639  ; RR ; CELL ; 1      ; FF_X68_Y22_N38                        ; xof_bytes_remaining[15]     ;
;   4.319 ;   -0.126 ;    ;      ;        ;                                       ; clock pessimism removed     ;
; 4.319   ; 0.000    ;    ;      ;        ;                                       ; clock uncertainty           ;
; 4.319   ; 0.000    ;    ; uTh  ; 1      ; FF_X68_Y22_N38                        ; xof_bytes_remaining[15]     ;
+---------+----------+----+------+--------+---------------------------------------+-----------------------------+

----------------------------
; Extra Fitter Information ;
----------------------------
HTML report is unavailable in plain text report export.


Path #15: Hold slack is 0.524 
===============================================================================
+--------------------------------------------+
; Path Summary                               ;
+--------------------+-----------------------+
; Property           ; Value                 ;
+--------------------+-----------------------+
; From Node          ; state_array[1][1][25] ;
; To Node            ; state_array[1][1][25] ;
; Launch Clock       ; clk                   ;
; Latch Clock        ; clk                   ;
; Data Arrival Time  ; 4.879                 ;
; Data Required Time ; 4.355                 ;
; Slack              ; 0.524                 ;
+--------------------+-----------------------+

+-----------------------------------------------------------------------------------+
; Statistics                                                                        ;
+------------------------+-------+-------+-------------+------------+-------+-------+
; Property               ; Value ; Count ; Total Delay ; % of Total ; Min   ; Max   ;
+------------------------+-------+-------+-------------+------------+-------+-------+
; Hold Relationship      ; 0.000 ;       ;             ;            ;       ;       ;
; Clock Skew             ; 0.127 ;       ;             ;            ;       ;       ;
; Data Delay             ; 0.651 ;       ;             ;            ;       ;       ;
; Number of Logic Levels ;       ; 1     ;             ;            ;       ;       ;
; Physical Delays        ;       ;       ;             ;            ;       ;       ;
;  Arrival Path          ;       ;       ;             ;            ;       ;       ;
;   Clock                ;       ;       ;             ;            ;       ;       ;
;    IC                  ;       ; 3     ; 0.000       ; 0          ; 0.000 ; 0.000 ;
;    Cell                ;       ; 3     ; 1.773       ; 42         ; 0.470 ; 0.739 ;
;    Routing Element     ;       ; 26    ; 2.455       ; 58         ; 0.000 ; 0.776 ;
;   Data                 ;       ;       ;             ;            ;       ;       ;
;    IC                  ;       ; 2     ; 0.000       ; 0          ; 0.000 ; 0.000 ;
;    Cell                ;       ; 3     ; 0.651       ; 100        ; 0.000 ; 0.568 ;
;    uTco                ;       ; 1     ; 0.000       ; 0          ; 0.000 ; 0.000 ;
;    Routing Element     ;       ; 2     ; 0.000       ; 0          ; 0.000 ; 0.000 ;
;  Required Path         ;       ;       ;             ;            ;       ;       ;
;   Clock                ;       ;       ;             ;            ;       ;       ;
;    IC                  ;       ; 3     ; 0.001       ; 0          ; 0.000 ; 0.001 ;
;    Cell                ;       ; 3     ; 1.901       ; 42         ; 0.507 ; 0.739 ;
;    Routing Element     ;       ; 26    ; 2.579       ; 58         ; 0.000 ; 0.821 ;
+------------------------+-------+-------+-------------+------------+-------+-------+
Note: Negative delays are omitted from totals when calculating percentages

+------------------------------------------------------------------------------------------------------------+
; Data Arrival Path                                                                                          ;
+---------+---------+----+------+--------+---------------------------------------+---------------------------+
; Total   ; Incr    ; RF ; Type ; Fanout ; Location                              ; Element                   ;
+---------+---------+----+------+--------+---------------------------------------+---------------------------+
; 0.000   ; 0.000   ;    ;      ;        ;                                       ; launch edge time          ;
; 4.228   ; 4.228   ;    ;      ;        ;                                       ; clock path                ;
;   0.000 ;   0.000 ;    ;      ;        ;                                       ; source latency            ;
;   0.000 ;   0.000 ;    ;      ; 1      ; PIN_M16                               ; clk                       ;
;   0.000 ;   0.000 ;    ; RE   ; 1      ; IOPAD_X89_Y35_N60                     ; ARRIAV_IO_PAD             ;
;   0.000 ;   0.000 ;    ; RE   ; 1      ; IO_PAD_OUTPUT_X89_Y35_N60_I1          ; IO_PAD_OUTPUT             ;
;   0.000 ;   0.000 ;    ; RE   ; 1      ; IO_INPUT_BUFFER_INPUT_X89_Y35_N61_I0  ; IO_INPUT_BUFFER_INPUT     ;
;   0.000 ;   0.000 ; RR ; IC   ; 1      ; IOIBUF_X89_Y35_N61                    ; clk~input|i               ;
;   0.739 ;   0.739 ; RR ; CELL ; 1      ; IOIBUF_X89_Y35_N61                    ; clk~input|o               ;
;   0.739 ;   0.000 ;    ; RE   ; 1      ; IOIBUF_X89_Y35_N61                    ; ARRIAV_IO_IBUF            ;
;   0.739 ;   0.000 ;    ; RE   ; 1      ; IO_INPUT_BUFFER_OUTPUT_X89_Y35_N61_I2 ; IO_INPUT_BUFFER_OUTPUT    ;
;   0.739 ;   0.000 ;    ; RE   ; 1      ; IO_RE_X89_Y35_N60_I96                 ; IO_RE                     ;
;   0.827 ;   0.088 ;    ; RE   ; 1      ; IO_RE_X89_Y35_N60_I66                 ; IO_RE                     ;
;   1.102 ;   0.275 ;    ; RE   ; 1      ; CLKBUF_CLUSTER_RE_X89_Y39_N3_I421     ; CLKBUF_CLUSTER_RE         ;
;   1.102 ;   0.000 ;    ; RE   ; 1      ; CLKBUF_CLUSTER_RE_X89_Y39_N3_I772     ; CLKBUF_CLUSTER_RE         ;
;   1.102 ;   0.000 ;    ; RE   ; 1      ; CLKBUF_CLUSTER_RE_X89_Y39_N3_I557     ; CLKBUF_CLUSTER_RE         ;
;   1.102 ;   0.000 ;    ; RE   ; 1      ; GCLK_CLUSTER_RE_X89_Y39_N6_I10        ; GCLK_CLUSTER_RE           ;
;   1.102 ;   0.000 ;    ; RE   ; 1      ; CLKBUFBLOCK_INPUT_X89_Y39_N7_I0       ; CLKBUFBLOCK_INPUT         ;
;   1.102 ;   0.000 ; RR ; IC   ; 1      ; CLKCTRL_G9                            ; clk~inputCLKENA0|inclk    ;
;   1.572 ;   0.470 ; RR ; CELL ; 1674   ; CLKCTRL_G9                            ; clk~inputCLKENA0|outclk   ;
;   1.572 ;   0.000 ;    ; RE   ; 1      ; CLKCTRL_G9                            ; ARRIAV_CLKBUF             ;
;   1.572 ;   0.000 ;    ; RE   ; 1      ; CLKBUFBLOCK_OUTPUT_X89_Y39_N7_I2      ; CLKBUFBLOCK_OUTPUT        ;
;   1.572 ;   0.000 ;    ; RE   ; 1      ; GCLK_CLUSTER_RE_X89_Y39_N6_I12        ; GCLK_CLUSTER_RE           ;
;   1.572 ;   0.000 ;    ; RE   ; 1      ; CLKBUF_CLUSTER_RE_X89_Y39_N3_I416     ; CLKBUF_CLUSTER_RE         ;
;   2.348 ;   0.776 ;    ; RE   ; 4      ; GLOBAL_CLOCK_X0_Y36_N0_I9             ; GLOBAL_CLOCK              ;
;   2.482 ;   0.134 ;    ; RE   ; 15     ; SPINE_CLOCK_X55_Y19_N0_I22            ; SPINE_CLOCK               ;
;   2.872 ;   0.390 ;    ; RE   ; 1      ; SCLK_TO_ROWCLK_BUF_X55_Y29_N0_I133    ; SCLK_TO_ROWCLK_BUF        ;
;   2.963 ;   0.091 ;    ; RE   ; 2      ; SCLK_TO_ROWCLK_BUF_X55_Y29_N0_I136    ; SCLK_TO_ROWCLK_BUF        ;
;   3.427 ;   0.464 ;    ; RE   ; 10     ; LAB_CLK_X56_Y29_N0_I5                 ; LAB_CLK                   ;
;   3.556 ;   0.129 ;    ; RE   ; 1      ; BLK_CLK_BUF_X59_Y29_N0_I5             ; BLK_CLK_BUF               ;
;   3.610 ;   0.054 ;    ; RE   ; 1      ; ROWCLKSEL_PREBUF_X59_Y29_N0_I5        ; ROWCLKSEL_PREBUF          ;
;   3.664 ;   0.054 ;    ; RE   ; 1      ; ROWCLKSEL_X59_Y29_N0_I0               ; ROWCLKSEL                 ;
;   3.664 ;   0.000 ;    ; RE   ; 1      ; GLOBAL_LOCAL_SEL_X59_Y29_N0_I0        ; GLOBAL_LOCAL_SEL          ;
;   3.664 ;   0.000 ;    ; RE   ; 4      ; LAB_INPUT_X59_Y29_N0_I0               ; LAB_INPUT                 ;
;   3.664 ;   0.000 ; RR ; IC   ; 1      ; FF_X59_Y29_N2                         ; state_array[1][1][25]|clk ;
;   4.228 ;   0.564 ; RR ; CELL ; 1      ; FF_X59_Y29_N2                         ; state_array[1][1][25]     ;
; 4.879   ; 0.651   ;    ;      ;        ;                                       ; data path                 ;
;   4.228 ;   0.000 ;    ; uTco ; 1      ; FF_X59_Y29_N2                         ; state_array[1][1][25]     ;
;   4.228 ;   0.000 ; FF ; CELL ; 4      ; FF_X59_Y29_N2                         ; state_array[1][1][25]|q   ;
;   4.228 ;   0.000 ;    ; RE   ; 2      ; FF_X59_Y29_N2                         ; ARRIAV_FF                 ;
;   4.228 ;   0.000 ; FF ; IC   ; 1      ; MLABCELL_X59_Y29_N0                   ; state_array~822|datae     ;
;   4.796 ;   0.568 ; FF ; CELL ; 1      ; MLABCELL_X59_Y29_N0                   ; state_array~822|combout   ;
;   4.796 ;   0.000 ;    ; RE   ; 1      ; MLABCELL_X59_Y29_N0                   ; ARRIAV_LCELL_COMB         ;
;   4.796 ;   0.000 ; FF ; IC   ; 1      ; FF_X59_Y29_N2                         ; state_array[1][1][25]|d   ;
;   4.879 ;   0.083 ; FF ; CELL ; 1      ; FF_X59_Y29_N2                         ; state_array[1][1][25]     ;
+---------+---------+----+------+--------+---------------------------------------+---------------------------+

+-------------------------------------------------------------------------------------------------------------+
; Data Required Path                                                                                          ;
+---------+----------+----+------+--------+---------------------------------------+---------------------------+
; Total   ; Incr     ; RF ; Type ; Fanout ; Location                              ; Element                   ;
+---------+----------+----+------+--------+---------------------------------------+---------------------------+
; 0.000   ; 0.000    ;    ;      ;        ;                                       ; latch edge time           ;
; 4.355   ; 4.355    ;    ;      ;        ;                                       ; clock path                ;
;   0.000 ;   0.000  ;    ;      ;        ;                                       ; source latency            ;
;   0.000 ;   0.000  ;    ;      ; 1      ; PIN_M16                               ; clk                       ;
;   0.000 ;   0.000  ;    ; RE   ; 1      ; IOPAD_X89_Y35_N60                     ; ARRIAV_IO_PAD             ;
;   0.000 ;   0.000  ;    ; RE   ; 1      ; IO_PAD_OUTPUT_X89_Y35_N60_I1          ; IO_PAD_OUTPUT             ;
;   0.000 ;   0.000  ;    ; RE   ; 1      ; IO_INPUT_BUFFER_INPUT_X89_Y35_N61_I0  ; IO_INPUT_BUFFER_INPUT     ;
;   0.000 ;   0.000  ; RR ; IC   ; 1      ; IOIBUF_X89_Y35_N61                    ; clk~input|i               ;
;   0.739 ;   0.739  ; RR ; CELL ; 1      ; IOIBUF_X89_Y35_N61                    ; clk~input|o               ;
;   0.739 ;   0.000  ;    ; RE   ; 1      ; IOIBUF_X89_Y35_N61                    ; ARRIAV_IO_IBUF            ;
;   0.739 ;   0.000  ;    ; RE   ; 1      ; IO_INPUT_BUFFER_OUTPUT_X89_Y35_N61_I2 ; IO_INPUT_BUFFER_OUTPUT    ;
;   0.739 ;   0.000  ;    ; RE   ; 1      ; IO_RE_X89_Y35_N60_I96                 ; IO_RE                     ;
;   0.833 ;   0.094  ;    ; RE   ; 1      ; IO_RE_X89_Y35_N60_I66                 ; IO_RE                     ;
;   1.125 ;   0.292  ;    ; RE   ; 1      ; CLKBUF_CLUSTER_RE_X89_Y39_N3_I421     ; CLKBUF_CLUSTER_RE         ;
;   1.125 ;   0.000  ;    ; RE   ; 1      ; CLKBUF_CLUSTER_RE_X89_Y39_N3_I772     ; CLKBUF_CLUSTER_RE         ;
;   1.125 ;   0.000  ;    ; RE   ; 1      ; CLKBUF_CLUSTER_RE_X89_Y39_N3_I557     ; CLKBUF_CLUSTER_RE         ;
;   1.125 ;   0.000  ;    ; RE   ; 1      ; GCLK_CLUSTER_RE_X89_Y39_N6_I10        ; GCLK_CLUSTER_RE           ;
;   1.125 ;   0.000  ;    ; RE   ; 1      ; CLKBUFBLOCK_INPUT_X89_Y39_N7_I0       ; CLKBUFBLOCK_INPUT         ;
;   1.125 ;   0.000  ; RR ; IC   ; 1      ; CLKCTRL_G9                            ; clk~inputCLKENA0|inclk    ;
;   1.632 ;   0.507  ; RR ; CELL ; 1674   ; CLKCTRL_G9                            ; clk~inputCLKENA0|outclk   ;
;   1.632 ;   0.000  ;    ; RE   ; 1      ; CLKCTRL_G9                            ; ARRIAV_CLKBUF             ;
;   1.632 ;   0.000  ;    ; RE   ; 1      ; CLKBUFBLOCK_OUTPUT_X89_Y39_N7_I2      ; CLKBUFBLOCK_OUTPUT        ;
;   1.632 ;   0.000  ;    ; RE   ; 1      ; GCLK_CLUSTER_RE_X89_Y39_N6_I12        ; GCLK_CLUSTER_RE           ;
;   1.632 ;   0.000  ;    ; RE   ; 1      ; CLKBUF_CLUSTER_RE_X89_Y39_N3_I416     ; CLKBUF_CLUSTER_RE         ;
;   2.453 ;   0.821  ;    ; RE   ; 4      ; GLOBAL_CLOCK_X0_Y36_N0_I9             ; GLOBAL_CLOCK              ;
;   2.592 ;   0.139  ;    ; RE   ; 15     ; SPINE_CLOCK_X55_Y19_N0_I22            ; SPINE_CLOCK               ;
;   2.995 ;   0.403  ;    ; RE   ; 1      ; SCLK_TO_ROWCLK_BUF_X55_Y29_N0_I133    ; SCLK_TO_ROWCLK_BUF        ;
;   3.089 ;   0.094  ;    ; RE   ; 2      ; SCLK_TO_ROWCLK_BUF_X55_Y29_N0_I136    ; SCLK_TO_ROWCLK_BUF        ;
;   3.570 ;   0.481  ;    ; RE   ; 10     ; LAB_CLK_X56_Y29_N0_I5                 ; LAB_CLK                   ;
;   3.710 ;   0.140  ;    ; RE   ; 1      ; BLK_CLK_BUF_X59_Y29_N0_I5             ; BLK_CLK_BUF               ;
;   3.766 ;   0.056  ;    ; RE   ; 1      ; ROWCLKSEL_PREBUF_X59_Y29_N0_I5        ; ROWCLKSEL_PREBUF          ;
;   3.825 ;   0.059  ;    ; RE   ; 1      ; ROWCLKSEL_X59_Y29_N0_I0               ; ROWCLKSEL                 ;
;   3.825 ;   0.000  ;    ; RE   ; 1      ; GLOBAL_LOCAL_SEL_X59_Y29_N0_I0        ; GLOBAL_LOCAL_SEL          ;
;   3.825 ;   0.000  ;    ; RE   ; 4      ; LAB_INPUT_X59_Y29_N0_I0               ; LAB_INPUT                 ;
;   3.826 ;   0.001  ; RR ; IC   ; 1      ; FF_X59_Y29_N2                         ; state_array[1][1][25]|clk ;
;   4.481 ;   0.655  ; RR ; CELL ; 1      ; FF_X59_Y29_N2                         ; state_array[1][1][25]     ;
;   4.355 ;   -0.126 ;    ;      ;        ;                                       ; clock pessimism removed   ;
; 4.355   ; 0.000    ;    ;      ;        ;                                       ; clock uncertainty         ;
; 4.355   ; 0.000    ;    ; uTh  ; 1      ; FF_X59_Y29_N2                         ; state_array[1][1][25]     ;
+---------+----------+----+------+--------+---------------------------------------+---------------------------+

----------------------------
; Extra Fitter Information ;
----------------------------
HTML report is unavailable in plain text report export.


Path #16: Hold slack is 0.524 
===============================================================================
+--------------------------------------------+
; Path Summary                               ;
+--------------------+-----------------------+
; Property           ; Value                 ;
+--------------------+-----------------------+
; From Node          ; state_array[1][4][25] ;
; To Node            ; state_array[1][4][25] ;
; Launch Clock       ; clk                   ;
; Latch Clock        ; clk                   ;
; Data Arrival Time  ; 4.879                 ;
; Data Required Time ; 4.355                 ;
; Slack              ; 0.524                 ;
+--------------------+-----------------------+

+-----------------------------------------------------------------------------------+
; Statistics                                                                        ;
+------------------------+-------+-------+-------------+------------+-------+-------+
; Property               ; Value ; Count ; Total Delay ; % of Total ; Min   ; Max   ;
+------------------------+-------+-------+-------------+------------+-------+-------+
; Hold Relationship      ; 0.000 ;       ;             ;            ;       ;       ;
; Clock Skew             ; 0.127 ;       ;             ;            ;       ;       ;
; Data Delay             ; 0.651 ;       ;             ;            ;       ;       ;
; Number of Logic Levels ;       ; 1     ;             ;            ;       ;       ;
; Physical Delays        ;       ;       ;             ;            ;       ;       ;
;  Arrival Path          ;       ;       ;             ;            ;       ;       ;
;   Clock                ;       ;       ;             ;            ;       ;       ;
;    IC                  ;       ; 3     ; 0.000       ; 0          ; 0.000 ; 0.000 ;
;    Cell                ;       ; 3     ; 1.773       ; 42         ; 0.470 ; 0.739 ;
;    Routing Element     ;       ; 26    ; 2.455       ; 58         ; 0.000 ; 0.776 ;
;   Data                 ;       ;       ;             ;            ;       ;       ;
;    IC                  ;       ; 2     ; 0.000       ; 0          ; 0.000 ; 0.000 ;
;    Cell                ;       ; 3     ; 0.651       ; 100        ; 0.000 ; 0.568 ;
;    uTco                ;       ; 1     ; 0.000       ; 0          ; 0.000 ; 0.000 ;
;    Routing Element     ;       ; 2     ; 0.000       ; 0          ; 0.000 ; 0.000 ;
;  Required Path         ;       ;       ;             ;            ;       ;       ;
;   Clock                ;       ;       ;             ;            ;       ;       ;
;    IC                  ;       ; 3     ; 0.001       ; 0          ; 0.000 ; 0.001 ;
;    Cell                ;       ; 3     ; 1.901       ; 42         ; 0.507 ; 0.739 ;
;    Routing Element     ;       ; 26    ; 2.579       ; 58         ; 0.000 ; 0.821 ;
+------------------------+-------+-------+-------------+------------+-------+-------+
Note: Negative delays are omitted from totals when calculating percentages

+------------------------------------------------------------------------------------------------------------+
; Data Arrival Path                                                                                          ;
+---------+---------+----+------+--------+---------------------------------------+---------------------------+
; Total   ; Incr    ; RF ; Type ; Fanout ; Location                              ; Element                   ;
+---------+---------+----+------+--------+---------------------------------------+---------------------------+
; 0.000   ; 0.000   ;    ;      ;        ;                                       ; launch edge time          ;
; 4.228   ; 4.228   ;    ;      ;        ;                                       ; clock path                ;
;   0.000 ;   0.000 ;    ;      ;        ;                                       ; source latency            ;
;   0.000 ;   0.000 ;    ;      ; 1      ; PIN_M16                               ; clk                       ;
;   0.000 ;   0.000 ;    ; RE   ; 1      ; IOPAD_X89_Y35_N60                     ; ARRIAV_IO_PAD             ;
;   0.000 ;   0.000 ;    ; RE   ; 1      ; IO_PAD_OUTPUT_X89_Y35_N60_I1          ; IO_PAD_OUTPUT             ;
;   0.000 ;   0.000 ;    ; RE   ; 1      ; IO_INPUT_BUFFER_INPUT_X89_Y35_N61_I0  ; IO_INPUT_BUFFER_INPUT     ;
;   0.000 ;   0.000 ; RR ; IC   ; 1      ; IOIBUF_X89_Y35_N61                    ; clk~input|i               ;
;   0.739 ;   0.739 ; RR ; CELL ; 1      ; IOIBUF_X89_Y35_N61                    ; clk~input|o               ;
;   0.739 ;   0.000 ;    ; RE   ; 1      ; IOIBUF_X89_Y35_N61                    ; ARRIAV_IO_IBUF            ;
;   0.739 ;   0.000 ;    ; RE   ; 1      ; IO_INPUT_BUFFER_OUTPUT_X89_Y35_N61_I2 ; IO_INPUT_BUFFER_OUTPUT    ;
;   0.739 ;   0.000 ;    ; RE   ; 1      ; IO_RE_X89_Y35_N60_I96                 ; IO_RE                     ;
;   0.827 ;   0.088 ;    ; RE   ; 1      ; IO_RE_X89_Y35_N60_I66                 ; IO_RE                     ;
;   1.102 ;   0.275 ;    ; RE   ; 1      ; CLKBUF_CLUSTER_RE_X89_Y39_N3_I421     ; CLKBUF_CLUSTER_RE         ;
;   1.102 ;   0.000 ;    ; RE   ; 1      ; CLKBUF_CLUSTER_RE_X89_Y39_N3_I772     ; CLKBUF_CLUSTER_RE         ;
;   1.102 ;   0.000 ;    ; RE   ; 1      ; CLKBUF_CLUSTER_RE_X89_Y39_N3_I557     ; CLKBUF_CLUSTER_RE         ;
;   1.102 ;   0.000 ;    ; RE   ; 1      ; GCLK_CLUSTER_RE_X89_Y39_N6_I10        ; GCLK_CLUSTER_RE           ;
;   1.102 ;   0.000 ;    ; RE   ; 1      ; CLKBUFBLOCK_INPUT_X89_Y39_N7_I0       ; CLKBUFBLOCK_INPUT         ;
;   1.102 ;   0.000 ; RR ; IC   ; 1      ; CLKCTRL_G9                            ; clk~inputCLKENA0|inclk    ;
;   1.572 ;   0.470 ; RR ; CELL ; 1674   ; CLKCTRL_G9                            ; clk~inputCLKENA0|outclk   ;
;   1.572 ;   0.000 ;    ; RE   ; 1      ; CLKCTRL_G9                            ; ARRIAV_CLKBUF             ;
;   1.572 ;   0.000 ;    ; RE   ; 1      ; CLKBUFBLOCK_OUTPUT_X89_Y39_N7_I2      ; CLKBUFBLOCK_OUTPUT        ;
;   1.572 ;   0.000 ;    ; RE   ; 1      ; GCLK_CLUSTER_RE_X89_Y39_N6_I12        ; GCLK_CLUSTER_RE           ;
;   1.572 ;   0.000 ;    ; RE   ; 1      ; CLKBUF_CLUSTER_RE_X89_Y39_N3_I416     ; CLKBUF_CLUSTER_RE         ;
;   2.348 ;   0.776 ;    ; RE   ; 4      ; GLOBAL_CLOCK_X0_Y36_N0_I9             ; GLOBAL_CLOCK              ;
;   2.482 ;   0.134 ;    ; RE   ; 15     ; SPINE_CLOCK_X55_Y19_N0_I22            ; SPINE_CLOCK               ;
;   2.872 ;   0.390 ;    ; RE   ; 1      ; SCLK_TO_ROWCLK_BUF_X55_Y29_N0_I133    ; SCLK_TO_ROWCLK_BUF        ;
;   2.963 ;   0.091 ;    ; RE   ; 2      ; SCLK_TO_ROWCLK_BUF_X55_Y29_N0_I136    ; SCLK_TO_ROWCLK_BUF        ;
;   3.427 ;   0.464 ;    ; RE   ; 10     ; LAB_CLK_X56_Y29_N0_I5                 ; LAB_CLK                   ;
;   3.556 ;   0.129 ;    ; RE   ; 1      ; BLK_CLK_BUF_X59_Y29_N0_I5             ; BLK_CLK_BUF               ;
;   3.610 ;   0.054 ;    ; RE   ; 1      ; ROWCLKSEL_PREBUF_X59_Y29_N0_I5        ; ROWCLKSEL_PREBUF          ;
;   3.664 ;   0.054 ;    ; RE   ; 1      ; ROWCLKSEL_X59_Y29_N0_I0               ; ROWCLKSEL                 ;
;   3.664 ;   0.000 ;    ; RE   ; 1      ; GLOBAL_LOCAL_SEL_X59_Y29_N0_I0        ; GLOBAL_LOCAL_SEL          ;
;   3.664 ;   0.000 ;    ; RE   ; 4      ; LAB_INPUT_X59_Y29_N0_I0               ; LAB_INPUT                 ;
;   3.664 ;   0.000 ; RR ; IC   ; 1      ; FF_X59_Y29_N50                        ; state_array[1][4][25]|clk ;
;   4.228 ;   0.564 ; RR ; CELL ; 1      ; FF_X59_Y29_N50                        ; state_array[1][4][25]     ;
; 4.879   ; 0.651   ;    ;      ;        ;                                       ; data path                 ;
;   4.228 ;   0.000 ;    ; uTco ; 1      ; FF_X59_Y29_N50                        ; state_array[1][4][25]     ;
;   4.228 ;   0.000 ; FF ; CELL ; 6      ; FF_X59_Y29_N50                        ; state_array[1][4][25]|q   ;
;   4.228 ;   0.000 ;    ; RE   ; 2      ; FF_X59_Y29_N50                        ; ARRIAV_FF                 ;
;   4.228 ;   0.000 ; FF ; IC   ; 1      ; MLABCELL_X59_Y29_N48                  ; state_array~803|datae     ;
;   4.796 ;   0.568 ; FF ; CELL ; 1      ; MLABCELL_X59_Y29_N48                  ; state_array~803|combout   ;
;   4.796 ;   0.000 ;    ; RE   ; 1      ; MLABCELL_X59_Y29_N48                  ; ARRIAV_LCELL_COMB         ;
;   4.796 ;   0.000 ; FF ; IC   ; 1      ; FF_X59_Y29_N50                        ; state_array[1][4][25]|d   ;
;   4.879 ;   0.083 ; FF ; CELL ; 1      ; FF_X59_Y29_N50                        ; state_array[1][4][25]     ;
+---------+---------+----+------+--------+---------------------------------------+---------------------------+

+-------------------------------------------------------------------------------------------------------------+
; Data Required Path                                                                                          ;
+---------+----------+----+------+--------+---------------------------------------+---------------------------+
; Total   ; Incr     ; RF ; Type ; Fanout ; Location                              ; Element                   ;
+---------+----------+----+------+--------+---------------------------------------+---------------------------+
; 0.000   ; 0.000    ;    ;      ;        ;                                       ; latch edge time           ;
; 4.355   ; 4.355    ;    ;      ;        ;                                       ; clock path                ;
;   0.000 ;   0.000  ;    ;      ;        ;                                       ; source latency            ;
;   0.000 ;   0.000  ;    ;      ; 1      ; PIN_M16                               ; clk                       ;
;   0.000 ;   0.000  ;    ; RE   ; 1      ; IOPAD_X89_Y35_N60                     ; ARRIAV_IO_PAD             ;
;   0.000 ;   0.000  ;    ; RE   ; 1      ; IO_PAD_OUTPUT_X89_Y35_N60_I1          ; IO_PAD_OUTPUT             ;
;   0.000 ;   0.000  ;    ; RE   ; 1      ; IO_INPUT_BUFFER_INPUT_X89_Y35_N61_I0  ; IO_INPUT_BUFFER_INPUT     ;
;   0.000 ;   0.000  ; RR ; IC   ; 1      ; IOIBUF_X89_Y35_N61                    ; clk~input|i               ;
;   0.739 ;   0.739  ; RR ; CELL ; 1      ; IOIBUF_X89_Y35_N61                    ; clk~input|o               ;
;   0.739 ;   0.000  ;    ; RE   ; 1      ; IOIBUF_X89_Y35_N61                    ; ARRIAV_IO_IBUF            ;
;   0.739 ;   0.000  ;    ; RE   ; 1      ; IO_INPUT_BUFFER_OUTPUT_X89_Y35_N61_I2 ; IO_INPUT_BUFFER_OUTPUT    ;
;   0.739 ;   0.000  ;    ; RE   ; 1      ; IO_RE_X89_Y35_N60_I96                 ; IO_RE                     ;
;   0.833 ;   0.094  ;    ; RE   ; 1      ; IO_RE_X89_Y35_N60_I66                 ; IO_RE                     ;
;   1.125 ;   0.292  ;    ; RE   ; 1      ; CLKBUF_CLUSTER_RE_X89_Y39_N3_I421     ; CLKBUF_CLUSTER_RE         ;
;   1.125 ;   0.000  ;    ; RE   ; 1      ; CLKBUF_CLUSTER_RE_X89_Y39_N3_I772     ; CLKBUF_CLUSTER_RE         ;
;   1.125 ;   0.000  ;    ; RE   ; 1      ; CLKBUF_CLUSTER_RE_X89_Y39_N3_I557     ; CLKBUF_CLUSTER_RE         ;
;   1.125 ;   0.000  ;    ; RE   ; 1      ; GCLK_CLUSTER_RE_X89_Y39_N6_I10        ; GCLK_CLUSTER_RE           ;
;   1.125 ;   0.000  ;    ; RE   ; 1      ; CLKBUFBLOCK_INPUT_X89_Y39_N7_I0       ; CLKBUFBLOCK_INPUT         ;
;   1.125 ;   0.000  ; RR ; IC   ; 1      ; CLKCTRL_G9                            ; clk~inputCLKENA0|inclk    ;
;   1.632 ;   0.507  ; RR ; CELL ; 1674   ; CLKCTRL_G9                            ; clk~inputCLKENA0|outclk   ;
;   1.632 ;   0.000  ;    ; RE   ; 1      ; CLKCTRL_G9                            ; ARRIAV_CLKBUF             ;
;   1.632 ;   0.000  ;    ; RE   ; 1      ; CLKBUFBLOCK_OUTPUT_X89_Y39_N7_I2      ; CLKBUFBLOCK_OUTPUT        ;
;   1.632 ;   0.000  ;    ; RE   ; 1      ; GCLK_CLUSTER_RE_X89_Y39_N6_I12        ; GCLK_CLUSTER_RE           ;
;   1.632 ;   0.000  ;    ; RE   ; 1      ; CLKBUF_CLUSTER_RE_X89_Y39_N3_I416     ; CLKBUF_CLUSTER_RE         ;
;   2.453 ;   0.821  ;    ; RE   ; 4      ; GLOBAL_CLOCK_X0_Y36_N0_I9             ; GLOBAL_CLOCK              ;
;   2.592 ;   0.139  ;    ; RE   ; 15     ; SPINE_CLOCK_X55_Y19_N0_I22            ; SPINE_CLOCK               ;
;   2.995 ;   0.403  ;    ; RE   ; 1      ; SCLK_TO_ROWCLK_BUF_X55_Y29_N0_I133    ; SCLK_TO_ROWCLK_BUF        ;
;   3.089 ;   0.094  ;    ; RE   ; 2      ; SCLK_TO_ROWCLK_BUF_X55_Y29_N0_I136    ; SCLK_TO_ROWCLK_BUF        ;
;   3.570 ;   0.481  ;    ; RE   ; 10     ; LAB_CLK_X56_Y29_N0_I5                 ; LAB_CLK                   ;
;   3.710 ;   0.140  ;    ; RE   ; 1      ; BLK_CLK_BUF_X59_Y29_N0_I5             ; BLK_CLK_BUF               ;
;   3.766 ;   0.056  ;    ; RE   ; 1      ; ROWCLKSEL_PREBUF_X59_Y29_N0_I5        ; ROWCLKSEL_PREBUF          ;
;   3.825 ;   0.059  ;    ; RE   ; 1      ; ROWCLKSEL_X59_Y29_N0_I0               ; ROWCLKSEL                 ;
;   3.825 ;   0.000  ;    ; RE   ; 1      ; GLOBAL_LOCAL_SEL_X59_Y29_N0_I0        ; GLOBAL_LOCAL_SEL          ;
;   3.825 ;   0.000  ;    ; RE   ; 4      ; LAB_INPUT_X59_Y29_N0_I0               ; LAB_INPUT                 ;
;   3.826 ;   0.001  ; RR ; IC   ; 1      ; FF_X59_Y29_N50                        ; state_array[1][4][25]|clk ;
;   4.481 ;   0.655  ; RR ; CELL ; 1      ; FF_X59_Y29_N50                        ; state_array[1][4][25]     ;
;   4.355 ;   -0.126 ;    ;      ;        ;                                       ; clock pessimism removed   ;
; 4.355   ; 0.000    ;    ;      ;        ;                                       ; clock uncertainty         ;
; 4.355   ; 0.000    ;    ; uTh  ; 1      ; FF_X59_Y29_N50                        ; state_array[1][4][25]     ;
+---------+----------+----+------+--------+---------------------------------------+---------------------------+

----------------------------
; Extra Fitter Information ;
----------------------------
HTML report is unavailable in plain text report export.


Path #17: Hold slack is 0.524 
===============================================================================
+--------------------------------------------+
; Path Summary                               ;
+--------------------+-----------------------+
; Property           ; Value                 ;
+--------------------+-----------------------+
; From Node          ; state_array[1][3][34] ;
; To Node            ; state_array[1][3][34] ;
; Launch Clock       ; clk                   ;
; Latch Clock        ; clk                   ;
; Data Arrival Time  ; 4.879                 ;
; Data Required Time ; 4.355                 ;
; Slack              ; 0.524                 ;
+--------------------+-----------------------+

+-----------------------------------------------------------------------------------+
; Statistics                                                                        ;
+------------------------+-------+-------+-------------+------------+-------+-------+
; Property               ; Value ; Count ; Total Delay ; % of Total ; Min   ; Max   ;
+------------------------+-------+-------+-------------+------------+-------+-------+
; Hold Relationship      ; 0.000 ;       ;             ;            ;       ;       ;
; Clock Skew             ; 0.127 ;       ;             ;            ;       ;       ;
; Data Delay             ; 0.651 ;       ;             ;            ;       ;       ;
; Number of Logic Levels ;       ; 1     ;             ;            ;       ;       ;
; Physical Delays        ;       ;       ;             ;            ;       ;       ;
;  Arrival Path          ;       ;       ;             ;            ;       ;       ;
;   Clock                ;       ;       ;             ;            ;       ;       ;
;    IC                  ;       ; 3     ; 0.000       ; 0          ; 0.000 ; 0.000 ;
;    Cell                ;       ; 3     ; 1.773       ; 42         ; 0.470 ; 0.739 ;
;    Routing Element     ;       ; 26    ; 2.455       ; 58         ; 0.000 ; 0.776 ;
;   Data                 ;       ;       ;             ;            ;       ;       ;
;    IC                  ;       ; 2     ; 0.000       ; 0          ; 0.000 ; 0.000 ;
;    Cell                ;       ; 3     ; 0.651       ; 100        ; 0.000 ; 0.568 ;
;    uTco                ;       ; 1     ; 0.000       ; 0          ; 0.000 ; 0.000 ;
;    Routing Element     ;       ; 2     ; 0.000       ; 0          ; 0.000 ; 0.000 ;
;  Required Path         ;       ;       ;             ;            ;       ;       ;
;   Clock                ;       ;       ;             ;            ;       ;       ;
;    IC                  ;       ; 3     ; 0.001       ; 0          ; 0.000 ; 0.001 ;
;    Cell                ;       ; 3     ; 1.901       ; 42         ; 0.507 ; 0.739 ;
;    Routing Element     ;       ; 26    ; 2.579       ; 58         ; 0.000 ; 0.821 ;
+------------------------+-------+-------+-------------+------------+-------+-------+
Note: Negative delays are omitted from totals when calculating percentages

+------------------------------------------------------------------------------------------------------------+
; Data Arrival Path                                                                                          ;
+---------+---------+----+------+--------+---------------------------------------+---------------------------+
; Total   ; Incr    ; RF ; Type ; Fanout ; Location                              ; Element                   ;
+---------+---------+----+------+--------+---------------------------------------+---------------------------+
; 0.000   ; 0.000   ;    ;      ;        ;                                       ; launch edge time          ;
; 4.228   ; 4.228   ;    ;      ;        ;                                       ; clock path                ;
;   0.000 ;   0.000 ;    ;      ;        ;                                       ; source latency            ;
;   0.000 ;   0.000 ;    ;      ; 1      ; PIN_M16                               ; clk                       ;
;   0.000 ;   0.000 ;    ; RE   ; 1      ; IOPAD_X89_Y35_N60                     ; ARRIAV_IO_PAD             ;
;   0.000 ;   0.000 ;    ; RE   ; 1      ; IO_PAD_OUTPUT_X89_Y35_N60_I1          ; IO_PAD_OUTPUT             ;
;   0.000 ;   0.000 ;    ; RE   ; 1      ; IO_INPUT_BUFFER_INPUT_X89_Y35_N61_I0  ; IO_INPUT_BUFFER_INPUT     ;
;   0.000 ;   0.000 ; RR ; IC   ; 1      ; IOIBUF_X89_Y35_N61                    ; clk~input|i               ;
;   0.739 ;   0.739 ; RR ; CELL ; 1      ; IOIBUF_X89_Y35_N61                    ; clk~input|o               ;
;   0.739 ;   0.000 ;    ; RE   ; 1      ; IOIBUF_X89_Y35_N61                    ; ARRIAV_IO_IBUF            ;
;   0.739 ;   0.000 ;    ; RE   ; 1      ; IO_INPUT_BUFFER_OUTPUT_X89_Y35_N61_I2 ; IO_INPUT_BUFFER_OUTPUT    ;
;   0.739 ;   0.000 ;    ; RE   ; 1      ; IO_RE_X89_Y35_N60_I96                 ; IO_RE                     ;
;   0.827 ;   0.088 ;    ; RE   ; 1      ; IO_RE_X89_Y35_N60_I66                 ; IO_RE                     ;
;   1.102 ;   0.275 ;    ; RE   ; 1      ; CLKBUF_CLUSTER_RE_X89_Y39_N3_I421     ; CLKBUF_CLUSTER_RE         ;
;   1.102 ;   0.000 ;    ; RE   ; 1      ; CLKBUF_CLUSTER_RE_X89_Y39_N3_I772     ; CLKBUF_CLUSTER_RE         ;
;   1.102 ;   0.000 ;    ; RE   ; 1      ; CLKBUF_CLUSTER_RE_X89_Y39_N3_I557     ; CLKBUF_CLUSTER_RE         ;
;   1.102 ;   0.000 ;    ; RE   ; 1      ; GCLK_CLUSTER_RE_X89_Y39_N6_I10        ; GCLK_CLUSTER_RE           ;
;   1.102 ;   0.000 ;    ; RE   ; 1      ; CLKBUFBLOCK_INPUT_X89_Y39_N7_I0       ; CLKBUFBLOCK_INPUT         ;
;   1.102 ;   0.000 ; RR ; IC   ; 1      ; CLKCTRL_G9                            ; clk~inputCLKENA0|inclk    ;
;   1.572 ;   0.470 ; RR ; CELL ; 1674   ; CLKCTRL_G9                            ; clk~inputCLKENA0|outclk   ;
;   1.572 ;   0.000 ;    ; RE   ; 1      ; CLKCTRL_G9                            ; ARRIAV_CLKBUF             ;
;   1.572 ;   0.000 ;    ; RE   ; 1      ; CLKBUFBLOCK_OUTPUT_X89_Y39_N7_I2      ; CLKBUFBLOCK_OUTPUT        ;
;   1.572 ;   0.000 ;    ; RE   ; 1      ; GCLK_CLUSTER_RE_X89_Y39_N6_I12        ; GCLK_CLUSTER_RE           ;
;   1.572 ;   0.000 ;    ; RE   ; 1      ; CLKBUF_CLUSTER_RE_X89_Y39_N3_I416     ; CLKBUF_CLUSTER_RE         ;
;   2.348 ;   0.776 ;    ; RE   ; 4      ; GLOBAL_CLOCK_X0_Y36_N0_I9             ; GLOBAL_CLOCK              ;
;   2.482 ;   0.134 ;    ; RE   ; 15     ; SPINE_CLOCK_X55_Y19_N0_I22            ; SPINE_CLOCK               ;
;   2.872 ;   0.390 ;    ; RE   ; 1      ; SCLK_TO_ROWCLK_BUF_X55_Y29_N0_I133    ; SCLK_TO_ROWCLK_BUF        ;
;   2.963 ;   0.091 ;    ; RE   ; 2      ; SCLK_TO_ROWCLK_BUF_X55_Y29_N0_I136    ; SCLK_TO_ROWCLK_BUF        ;
;   3.427 ;   0.464 ;    ; RE   ; 10     ; LAB_CLK_X56_Y29_N0_I5                 ; LAB_CLK                   ;
;   3.556 ;   0.129 ;    ; RE   ; 1      ; BLK_CLK_BUF_X59_Y29_N0_I5             ; BLK_CLK_BUF               ;
;   3.610 ;   0.054 ;    ; RE   ; 1      ; ROWCLKSEL_PREBUF_X59_Y29_N0_I5        ; ROWCLKSEL_PREBUF          ;
;   3.664 ;   0.054 ;    ; RE   ; 1      ; ROWCLKSEL_X59_Y29_N0_I0               ; ROWCLKSEL                 ;
;   3.664 ;   0.000 ;    ; RE   ; 1      ; GLOBAL_LOCAL_SEL_X59_Y29_N0_I0        ; GLOBAL_LOCAL_SEL          ;
;   3.664 ;   0.000 ;    ; RE   ; 4      ; LAB_INPUT_X59_Y29_N0_I0               ; LAB_INPUT                 ;
;   3.664 ;   0.000 ; RR ; IC   ; 1      ; FF_X59_Y29_N32                        ; state_array[1][3][34]|clk ;
;   4.228 ;   0.564 ; RR ; CELL ; 1      ; FF_X59_Y29_N32                        ; state_array[1][3][34]     ;
; 4.879   ; 0.651   ;    ;      ;        ;                                       ; data path                 ;
;   4.228 ;   0.000 ;    ; uTco ; 1      ; FF_X59_Y29_N32                        ; state_array[1][3][34]     ;
;   4.228 ;   0.000 ; FF ; CELL ; 6      ; FF_X59_Y29_N32                        ; state_array[1][3][34]|q   ;
;   4.228 ;   0.000 ;    ; RE   ; 2      ; FF_X59_Y29_N32                        ; ARRIAV_FF                 ;
;   4.228 ;   0.000 ; FF ; IC   ; 1      ; MLABCELL_X59_Y29_N30                  ; state_array~1104|datae    ;
;   4.796 ;   0.568 ; FF ; CELL ; 1      ; MLABCELL_X59_Y29_N30                  ; state_array~1104|combout  ;
;   4.796 ;   0.000 ;    ; RE   ; 1      ; MLABCELL_X59_Y29_N30                  ; ARRIAV_LCELL_COMB         ;
;   4.796 ;   0.000 ; FF ; IC   ; 1      ; FF_X59_Y29_N32                        ; state_array[1][3][34]|d   ;
;   4.879 ;   0.083 ; FF ; CELL ; 1      ; FF_X59_Y29_N32                        ; state_array[1][3][34]     ;
+---------+---------+----+------+--------+---------------------------------------+---------------------------+

+-------------------------------------------------------------------------------------------------------------+
; Data Required Path                                                                                          ;
+---------+----------+----+------+--------+---------------------------------------+---------------------------+
; Total   ; Incr     ; RF ; Type ; Fanout ; Location                              ; Element                   ;
+---------+----------+----+------+--------+---------------------------------------+---------------------------+
; 0.000   ; 0.000    ;    ;      ;        ;                                       ; latch edge time           ;
; 4.355   ; 4.355    ;    ;      ;        ;                                       ; clock path                ;
;   0.000 ;   0.000  ;    ;      ;        ;                                       ; source latency            ;
;   0.000 ;   0.000  ;    ;      ; 1      ; PIN_M16                               ; clk                       ;
;   0.000 ;   0.000  ;    ; RE   ; 1      ; IOPAD_X89_Y35_N60                     ; ARRIAV_IO_PAD             ;
;   0.000 ;   0.000  ;    ; RE   ; 1      ; IO_PAD_OUTPUT_X89_Y35_N60_I1          ; IO_PAD_OUTPUT             ;
;   0.000 ;   0.000  ;    ; RE   ; 1      ; IO_INPUT_BUFFER_INPUT_X89_Y35_N61_I0  ; IO_INPUT_BUFFER_INPUT     ;
;   0.000 ;   0.000  ; RR ; IC   ; 1      ; IOIBUF_X89_Y35_N61                    ; clk~input|i               ;
;   0.739 ;   0.739  ; RR ; CELL ; 1      ; IOIBUF_X89_Y35_N61                    ; clk~input|o               ;
;   0.739 ;   0.000  ;    ; RE   ; 1      ; IOIBUF_X89_Y35_N61                    ; ARRIAV_IO_IBUF            ;
;   0.739 ;   0.000  ;    ; RE   ; 1      ; IO_INPUT_BUFFER_OUTPUT_X89_Y35_N61_I2 ; IO_INPUT_BUFFER_OUTPUT    ;
;   0.739 ;   0.000  ;    ; RE   ; 1      ; IO_RE_X89_Y35_N60_I96                 ; IO_RE                     ;
;   0.833 ;   0.094  ;    ; RE   ; 1      ; IO_RE_X89_Y35_N60_I66                 ; IO_RE                     ;
;   1.125 ;   0.292  ;    ; RE   ; 1      ; CLKBUF_CLUSTER_RE_X89_Y39_N3_I421     ; CLKBUF_CLUSTER_RE         ;
;   1.125 ;   0.000  ;    ; RE   ; 1      ; CLKBUF_CLUSTER_RE_X89_Y39_N3_I772     ; CLKBUF_CLUSTER_RE         ;
;   1.125 ;   0.000  ;    ; RE   ; 1      ; CLKBUF_CLUSTER_RE_X89_Y39_N3_I557     ; CLKBUF_CLUSTER_RE         ;
;   1.125 ;   0.000  ;    ; RE   ; 1      ; GCLK_CLUSTER_RE_X89_Y39_N6_I10        ; GCLK_CLUSTER_RE           ;
;   1.125 ;   0.000  ;    ; RE   ; 1      ; CLKBUFBLOCK_INPUT_X89_Y39_N7_I0       ; CLKBUFBLOCK_INPUT         ;
;   1.125 ;   0.000  ; RR ; IC   ; 1      ; CLKCTRL_G9                            ; clk~inputCLKENA0|inclk    ;
;   1.632 ;   0.507  ; RR ; CELL ; 1674   ; CLKCTRL_G9                            ; clk~inputCLKENA0|outclk   ;
;   1.632 ;   0.000  ;    ; RE   ; 1      ; CLKCTRL_G9                            ; ARRIAV_CLKBUF             ;
;   1.632 ;   0.000  ;    ; RE   ; 1      ; CLKBUFBLOCK_OUTPUT_X89_Y39_N7_I2      ; CLKBUFBLOCK_OUTPUT        ;
;   1.632 ;   0.000  ;    ; RE   ; 1      ; GCLK_CLUSTER_RE_X89_Y39_N6_I12        ; GCLK_CLUSTER_RE           ;
;   1.632 ;   0.000  ;    ; RE   ; 1      ; CLKBUF_CLUSTER_RE_X89_Y39_N3_I416     ; CLKBUF_CLUSTER_RE         ;
;   2.453 ;   0.821  ;    ; RE   ; 4      ; GLOBAL_CLOCK_X0_Y36_N0_I9             ; GLOBAL_CLOCK              ;
;   2.592 ;   0.139  ;    ; RE   ; 15     ; SPINE_CLOCK_X55_Y19_N0_I22            ; SPINE_CLOCK               ;
;   2.995 ;   0.403  ;    ; RE   ; 1      ; SCLK_TO_ROWCLK_BUF_X55_Y29_N0_I133    ; SCLK_TO_ROWCLK_BUF        ;
;   3.089 ;   0.094  ;    ; RE   ; 2      ; SCLK_TO_ROWCLK_BUF_X55_Y29_N0_I136    ; SCLK_TO_ROWCLK_BUF        ;
;   3.570 ;   0.481  ;    ; RE   ; 10     ; LAB_CLK_X56_Y29_N0_I5                 ; LAB_CLK                   ;
;   3.710 ;   0.140  ;    ; RE   ; 1      ; BLK_CLK_BUF_X59_Y29_N0_I5             ; BLK_CLK_BUF               ;
;   3.766 ;   0.056  ;    ; RE   ; 1      ; ROWCLKSEL_PREBUF_X59_Y29_N0_I5        ; ROWCLKSEL_PREBUF          ;
;   3.825 ;   0.059  ;    ; RE   ; 1      ; ROWCLKSEL_X59_Y29_N0_I0               ; ROWCLKSEL                 ;
;   3.825 ;   0.000  ;    ; RE   ; 1      ; GLOBAL_LOCAL_SEL_X59_Y29_N0_I0        ; GLOBAL_LOCAL_SEL          ;
;   3.825 ;   0.000  ;    ; RE   ; 4      ; LAB_INPUT_X59_Y29_N0_I0               ; LAB_INPUT                 ;
;   3.826 ;   0.001  ; RR ; IC   ; 1      ; FF_X59_Y29_N32                        ; state_array[1][3][34]|clk ;
;   4.481 ;   0.655  ; RR ; CELL ; 1      ; FF_X59_Y29_N32                        ; state_array[1][3][34]     ;
;   4.355 ;   -0.126 ;    ;      ;        ;                                       ; clock pessimism removed   ;
; 4.355   ; 0.000    ;    ;      ;        ;                                       ; clock uncertainty         ;
; 4.355   ; 0.000    ;    ; uTh  ; 1      ; FF_X59_Y29_N32                        ; state_array[1][3][34]     ;
+---------+----------+----+------+--------+---------------------------------------+---------------------------+

----------------------------
; Extra Fitter Information ;
----------------------------
HTML report is unavailable in plain text report export.


Path #18: Hold slack is 0.524 
===============================================================================
+--------------------------------------------+
; Path Summary                               ;
+--------------------+-----------------------+
; Property           ; Value                 ;
+--------------------+-----------------------+
; From Node          ; state_array[1][0][23] ;
; To Node            ; state_array[1][0][23] ;
; Launch Clock       ; clk                   ;
; Latch Clock        ; clk                   ;
; Data Arrival Time  ; 4.883                 ;
; Data Required Time ; 4.359                 ;
; Slack              ; 0.524                 ;
+--------------------+-----------------------+

+-----------------------------------------------------------------------------------+
; Statistics                                                                        ;
+------------------------+-------+-------+-------------+------------+-------+-------+
; Property               ; Value ; Count ; Total Delay ; % of Total ; Min   ; Max   ;
+------------------------+-------+-------+-------------+------------+-------+-------+
; Hold Relationship      ; 0.000 ;       ;             ;            ;       ;       ;
; Clock Skew             ; 0.127 ;       ;             ;            ;       ;       ;
; Data Delay             ; 0.651 ;       ;             ;            ;       ;       ;
; Number of Logic Levels ;       ; 1     ;             ;            ;       ;       ;
; Physical Delays        ;       ;       ;             ;            ;       ;       ;
;  Arrival Path          ;       ;       ;             ;            ;       ;       ;
;   Clock                ;       ;       ;             ;            ;       ;       ;
;    IC                  ;       ; 3     ; 0.000       ; 0          ; 0.000 ; 0.000 ;
;    Cell                ;       ; 3     ; 1.773       ; 42         ; 0.470 ; 0.739 ;
;    Routing Element     ;       ; 26    ; 2.459       ; 58         ; 0.000 ; 0.776 ;
;   Data                 ;       ;       ;             ;            ;       ;       ;
;    IC                  ;       ; 2     ; 0.000       ; 0          ; 0.000 ; 0.000 ;
;    Cell                ;       ; 3     ; 0.651       ; 100        ; 0.000 ; 0.568 ;
;    uTco                ;       ; 1     ; 0.000       ; 0          ; 0.000 ; 0.000 ;
;    Routing Element     ;       ; 2     ; 0.000       ; 0          ; 0.000 ; 0.000 ;
;  Required Path         ;       ;       ;             ;            ;       ;       ;
;   Clock                ;       ;       ;             ;            ;       ;       ;
;    IC                  ;       ; 3     ; 0.001       ; 0          ; 0.000 ; 0.001 ;
;    Cell                ;       ; 3     ; 1.901       ; 42         ; 0.507 ; 0.739 ;
;    Routing Element     ;       ; 26    ; 2.583       ; 58         ; 0.000 ; 0.821 ;
+------------------------+-------+-------+-------------+------------+-------+-------+
Note: Negative delays are omitted from totals when calculating percentages

+------------------------------------------------------------------------------------------------------------+
; Data Arrival Path                                                                                          ;
+---------+---------+----+------+--------+---------------------------------------+---------------------------+
; Total   ; Incr    ; RF ; Type ; Fanout ; Location                              ; Element                   ;
+---------+---------+----+------+--------+---------------------------------------+---------------------------+
; 0.000   ; 0.000   ;    ;      ;        ;                                       ; launch edge time          ;
; 4.232   ; 4.232   ;    ;      ;        ;                                       ; clock path                ;
;   0.000 ;   0.000 ;    ;      ;        ;                                       ; source latency            ;
;   0.000 ;   0.000 ;    ;      ; 1      ; PIN_M16                               ; clk                       ;
;   0.000 ;   0.000 ;    ; RE   ; 1      ; IOPAD_X89_Y35_N60                     ; ARRIAV_IO_PAD             ;
;   0.000 ;   0.000 ;    ; RE   ; 1      ; IO_PAD_OUTPUT_X89_Y35_N60_I1          ; IO_PAD_OUTPUT             ;
;   0.000 ;   0.000 ;    ; RE   ; 1      ; IO_INPUT_BUFFER_INPUT_X89_Y35_N61_I0  ; IO_INPUT_BUFFER_INPUT     ;
;   0.000 ;   0.000 ; RR ; IC   ; 1      ; IOIBUF_X89_Y35_N61                    ; clk~input|i               ;
;   0.739 ;   0.739 ; RR ; CELL ; 1      ; IOIBUF_X89_Y35_N61                    ; clk~input|o               ;
;   0.739 ;   0.000 ;    ; RE   ; 1      ; IOIBUF_X89_Y35_N61                    ; ARRIAV_IO_IBUF            ;
;   0.739 ;   0.000 ;    ; RE   ; 1      ; IO_INPUT_BUFFER_OUTPUT_X89_Y35_N61_I2 ; IO_INPUT_BUFFER_OUTPUT    ;
;   0.739 ;   0.000 ;    ; RE   ; 1      ; IO_RE_X89_Y35_N60_I96                 ; IO_RE                     ;
;   0.827 ;   0.088 ;    ; RE   ; 1      ; IO_RE_X89_Y35_N60_I66                 ; IO_RE                     ;
;   1.102 ;   0.275 ;    ; RE   ; 1      ; CLKBUF_CLUSTER_RE_X89_Y39_N3_I421     ; CLKBUF_CLUSTER_RE         ;
;   1.102 ;   0.000 ;    ; RE   ; 1      ; CLKBUF_CLUSTER_RE_X89_Y39_N3_I772     ; CLKBUF_CLUSTER_RE         ;
;   1.102 ;   0.000 ;    ; RE   ; 1      ; CLKBUF_CLUSTER_RE_X89_Y39_N3_I557     ; CLKBUF_CLUSTER_RE         ;
;   1.102 ;   0.000 ;    ; RE   ; 1      ; GCLK_CLUSTER_RE_X89_Y39_N6_I10        ; GCLK_CLUSTER_RE           ;
;   1.102 ;   0.000 ;    ; RE   ; 1      ; CLKBUFBLOCK_INPUT_X89_Y39_N7_I0       ; CLKBUFBLOCK_INPUT         ;
;   1.102 ;   0.000 ; RR ; IC   ; 1      ; CLKCTRL_G9                            ; clk~inputCLKENA0|inclk    ;
;   1.572 ;   0.470 ; RR ; CELL ; 1674   ; CLKCTRL_G9                            ; clk~inputCLKENA0|outclk   ;
;   1.572 ;   0.000 ;    ; RE   ; 1      ; CLKCTRL_G9                            ; ARRIAV_CLKBUF             ;
;   1.572 ;   0.000 ;    ; RE   ; 1      ; CLKBUFBLOCK_OUTPUT_X89_Y39_N7_I2      ; CLKBUFBLOCK_OUTPUT        ;
;   1.572 ;   0.000 ;    ; RE   ; 1      ; GCLK_CLUSTER_RE_X89_Y39_N6_I12        ; GCLK_CLUSTER_RE           ;
;   1.572 ;   0.000 ;    ; RE   ; 1      ; CLKBUF_CLUSTER_RE_X89_Y39_N3_I416     ; CLKBUF_CLUSTER_RE         ;
;   2.348 ;   0.776 ;    ; RE   ; 4      ; GLOBAL_CLOCK_X0_Y36_N0_I9             ; GLOBAL_CLOCK              ;
;   2.482 ;   0.134 ;    ; RE   ; 15     ; SPINE_CLOCK_X55_Y19_N0_I22            ; SPINE_CLOCK               ;
;   2.872 ;   0.390 ;    ; RE   ; 1      ; SCLK_TO_ROWCLK_BUF_X55_Y29_N0_I133    ; SCLK_TO_ROWCLK_BUF        ;
;   2.963 ;   0.091 ;    ; RE   ; 2      ; SCLK_TO_ROWCLK_BUF_X55_Y29_N0_I136    ; SCLK_TO_ROWCLK_BUF        ;
;   3.430 ;   0.467 ;    ; RE   ; 10     ; LAB_CLK_X56_Y29_N0_I5                 ; LAB_CLK                   ;
;   3.559 ;   0.129 ;    ; RE   ; 1      ; BLK_CLK_BUF_X64_Y29_N0_I5             ; BLK_CLK_BUF               ;
;   3.613 ;   0.054 ;    ; RE   ; 1      ; ROWCLKSEL_PREBUF_X64_Y29_N0_I5        ; ROWCLKSEL_PREBUF          ;
;   3.668 ;   0.055 ;    ; RE   ; 1      ; ROWCLKSEL_X64_Y29_N0_I0               ; ROWCLKSEL                 ;
;   3.668 ;   0.000 ;    ; RE   ; 1      ; GLOBAL_LOCAL_SEL_X64_Y29_N0_I0        ; GLOBAL_LOCAL_SEL          ;
;   3.668 ;   0.000 ;    ; RE   ; 3      ; LAB_INPUT_X64_Y29_N0_I0               ; LAB_INPUT                 ;
;   3.668 ;   0.000 ; RR ; IC   ; 1      ; FF_X64_Y29_N56                        ; state_array[1][0][23]|clk ;
;   4.232 ;   0.564 ; RR ; CELL ; 1      ; FF_X64_Y29_N56                        ; state_array[1][0][23]     ;
; 4.883   ; 0.651   ;    ;      ;        ;                                       ; data path                 ;
;   4.232 ;   0.000 ;    ; uTco ; 1      ; FF_X64_Y29_N56                        ; state_array[1][0][23]     ;
;   4.232 ;   0.000 ; FF ; CELL ; 6      ; FF_X64_Y29_N56                        ; state_array[1][0][23]|q   ;
;   4.232 ;   0.000 ;    ; RE   ; 3      ; FF_X64_Y29_N56                        ; ARRIAV_FF                 ;
;   4.232 ;   0.000 ; FF ; IC   ; 1      ; LABCELL_X64_Y29_N54                   ; state_array~750|datae     ;
;   4.800 ;   0.568 ; FF ; CELL ; 1      ; LABCELL_X64_Y29_N54                   ; state_array~750|combout   ;
;   4.800 ;   0.000 ;    ; RE   ; 1      ; LABCELL_X64_Y29_N54                   ; ARRIAV_LCELL_COMB         ;
;   4.800 ;   0.000 ; FF ; IC   ; 1      ; FF_X64_Y29_N56                        ; state_array[1][0][23]|d   ;
;   4.883 ;   0.083 ; FF ; CELL ; 1      ; FF_X64_Y29_N56                        ; state_array[1][0][23]     ;
+---------+---------+----+------+--------+---------------------------------------+---------------------------+

+-------------------------------------------------------------------------------------------------------------+
; Data Required Path                                                                                          ;
+---------+----------+----+------+--------+---------------------------------------+---------------------------+
; Total   ; Incr     ; RF ; Type ; Fanout ; Location                              ; Element                   ;
+---------+----------+----+------+--------+---------------------------------------+---------------------------+
; 0.000   ; 0.000    ;    ;      ;        ;                                       ; latch edge time           ;
; 4.359   ; 4.359    ;    ;      ;        ;                                       ; clock path                ;
;   0.000 ;   0.000  ;    ;      ;        ;                                       ; source latency            ;
;   0.000 ;   0.000  ;    ;      ; 1      ; PIN_M16                               ; clk                       ;
;   0.000 ;   0.000  ;    ; RE   ; 1      ; IOPAD_X89_Y35_N60                     ; ARRIAV_IO_PAD             ;
;   0.000 ;   0.000  ;    ; RE   ; 1      ; IO_PAD_OUTPUT_X89_Y35_N60_I1          ; IO_PAD_OUTPUT             ;
;   0.000 ;   0.000  ;    ; RE   ; 1      ; IO_INPUT_BUFFER_INPUT_X89_Y35_N61_I0  ; IO_INPUT_BUFFER_INPUT     ;
;   0.000 ;   0.000  ; RR ; IC   ; 1      ; IOIBUF_X89_Y35_N61                    ; clk~input|i               ;
;   0.739 ;   0.739  ; RR ; CELL ; 1      ; IOIBUF_X89_Y35_N61                    ; clk~input|o               ;
;   0.739 ;   0.000  ;    ; RE   ; 1      ; IOIBUF_X89_Y35_N61                    ; ARRIAV_IO_IBUF            ;
;   0.739 ;   0.000  ;    ; RE   ; 1      ; IO_INPUT_BUFFER_OUTPUT_X89_Y35_N61_I2 ; IO_INPUT_BUFFER_OUTPUT    ;
;   0.739 ;   0.000  ;    ; RE   ; 1      ; IO_RE_X89_Y35_N60_I96                 ; IO_RE                     ;
;   0.833 ;   0.094  ;    ; RE   ; 1      ; IO_RE_X89_Y35_N60_I66                 ; IO_RE                     ;
;   1.125 ;   0.292  ;    ; RE   ; 1      ; CLKBUF_CLUSTER_RE_X89_Y39_N3_I421     ; CLKBUF_CLUSTER_RE         ;
;   1.125 ;   0.000  ;    ; RE   ; 1      ; CLKBUF_CLUSTER_RE_X89_Y39_N3_I772     ; CLKBUF_CLUSTER_RE         ;
;   1.125 ;   0.000  ;    ; RE   ; 1      ; CLKBUF_CLUSTER_RE_X89_Y39_N3_I557     ; CLKBUF_CLUSTER_RE         ;
;   1.125 ;   0.000  ;    ; RE   ; 1      ; GCLK_CLUSTER_RE_X89_Y39_N6_I10        ; GCLK_CLUSTER_RE           ;
;   1.125 ;   0.000  ;    ; RE   ; 1      ; CLKBUFBLOCK_INPUT_X89_Y39_N7_I0       ; CLKBUFBLOCK_INPUT         ;
;   1.125 ;   0.000  ; RR ; IC   ; 1      ; CLKCTRL_G9                            ; clk~inputCLKENA0|inclk    ;
;   1.632 ;   0.507  ; RR ; CELL ; 1674   ; CLKCTRL_G9                            ; clk~inputCLKENA0|outclk   ;
;   1.632 ;   0.000  ;    ; RE   ; 1      ; CLKCTRL_G9                            ; ARRIAV_CLKBUF             ;
;   1.632 ;   0.000  ;    ; RE   ; 1      ; CLKBUFBLOCK_OUTPUT_X89_Y39_N7_I2      ; CLKBUFBLOCK_OUTPUT        ;
;   1.632 ;   0.000  ;    ; RE   ; 1      ; GCLK_CLUSTER_RE_X89_Y39_N6_I12        ; GCLK_CLUSTER_RE           ;
;   1.632 ;   0.000  ;    ; RE   ; 1      ; CLKBUF_CLUSTER_RE_X89_Y39_N3_I416     ; CLKBUF_CLUSTER_RE         ;
;   2.453 ;   0.821  ;    ; RE   ; 4      ; GLOBAL_CLOCK_X0_Y36_N0_I9             ; GLOBAL_CLOCK              ;
;   2.592 ;   0.139  ;    ; RE   ; 15     ; SPINE_CLOCK_X55_Y19_N0_I22            ; SPINE_CLOCK               ;
;   2.995 ;   0.403  ;    ; RE   ; 1      ; SCLK_TO_ROWCLK_BUF_X55_Y29_N0_I133    ; SCLK_TO_ROWCLK_BUF        ;
;   3.089 ;   0.094  ;    ; RE   ; 2      ; SCLK_TO_ROWCLK_BUF_X55_Y29_N0_I136    ; SCLK_TO_ROWCLK_BUF        ;
;   3.573 ;   0.484  ;    ; RE   ; 10     ; LAB_CLK_X56_Y29_N0_I5                 ; LAB_CLK                   ;
;   3.713 ;   0.140  ;    ; RE   ; 1      ; BLK_CLK_BUF_X64_Y29_N0_I5             ; BLK_CLK_BUF               ;
;   3.769 ;   0.056  ;    ; RE   ; 1      ; ROWCLKSEL_PREBUF_X64_Y29_N0_I5        ; ROWCLKSEL_PREBUF          ;
;   3.829 ;   0.060  ;    ; RE   ; 1      ; ROWCLKSEL_X64_Y29_N0_I0               ; ROWCLKSEL                 ;
;   3.829 ;   0.000  ;    ; RE   ; 1      ; GLOBAL_LOCAL_SEL_X64_Y29_N0_I0        ; GLOBAL_LOCAL_SEL          ;
;   3.829 ;   0.000  ;    ; RE   ; 3      ; LAB_INPUT_X64_Y29_N0_I0               ; LAB_INPUT                 ;
;   3.830 ;   0.001  ; RR ; IC   ; 1      ; FF_X64_Y29_N56                        ; state_array[1][0][23]|clk ;
;   4.485 ;   0.655  ; RR ; CELL ; 1      ; FF_X64_Y29_N56                        ; state_array[1][0][23]     ;
;   4.359 ;   -0.126 ;    ;      ;        ;                                       ; clock pessimism removed   ;
; 4.359   ; 0.000    ;    ;      ;        ;                                       ; clock uncertainty         ;
; 4.359   ; 0.000    ;    ; uTh  ; 1      ; FF_X64_Y29_N56                        ; state_array[1][0][23]     ;
+---------+----------+----+------+--------+---------------------------------------+---------------------------+

----------------------------
; Extra Fitter Information ;
----------------------------
HTML report is unavailable in plain text report export.


Path #19: Hold slack is 0.524 
===============================================================================
+--------------------------------------------+
; Path Summary                               ;
+--------------------+-----------------------+
; Property           ; Value                 ;
+--------------------+-----------------------+
; From Node          ; state_array[0][1][23] ;
; To Node            ; state_array[0][1][23] ;
; Launch Clock       ; clk                   ;
; Latch Clock        ; clk                   ;
; Data Arrival Time  ; 4.883                 ;
; Data Required Time ; 4.359                 ;
; Slack              ; 0.524                 ;
+--------------------+-----------------------+

+-----------------------------------------------------------------------------------+
; Statistics                                                                        ;
+------------------------+-------+-------+-------------+------------+-------+-------+
; Property               ; Value ; Count ; Total Delay ; % of Total ; Min   ; Max   ;
+------------------------+-------+-------+-------------+------------+-------+-------+
; Hold Relationship      ; 0.000 ;       ;             ;            ;       ;       ;
; Clock Skew             ; 0.127 ;       ;             ;            ;       ;       ;
; Data Delay             ; 0.651 ;       ;             ;            ;       ;       ;
; Number of Logic Levels ;       ; 1     ;             ;            ;       ;       ;
; Physical Delays        ;       ;       ;             ;            ;       ;       ;
;  Arrival Path          ;       ;       ;             ;            ;       ;       ;
;   Clock                ;       ;       ;             ;            ;       ;       ;
;    IC                  ;       ; 3     ; 0.000       ; 0          ; 0.000 ; 0.000 ;
;    Cell                ;       ; 3     ; 1.773       ; 42         ; 0.470 ; 0.739 ;
;    Routing Element     ;       ; 26    ; 2.459       ; 58         ; 0.000 ; 0.776 ;
;   Data                 ;       ;       ;             ;            ;       ;       ;
;    IC                  ;       ; 2     ; 0.000       ; 0          ; 0.000 ; 0.000 ;
;    Cell                ;       ; 3     ; 0.651       ; 100        ; 0.000 ; 0.568 ;
;    uTco                ;       ; 1     ; 0.000       ; 0          ; 0.000 ; 0.000 ;
;    Routing Element     ;       ; 2     ; 0.000       ; 0          ; 0.000 ; 0.000 ;
;  Required Path         ;       ;       ;             ;            ;       ;       ;
;   Clock                ;       ;       ;             ;            ;       ;       ;
;    IC                  ;       ; 3     ; 0.001       ; 0          ; 0.000 ; 0.001 ;
;    Cell                ;       ; 3     ; 1.901       ; 42         ; 0.507 ; 0.739 ;
;    Routing Element     ;       ; 26    ; 2.583       ; 58         ; 0.000 ; 0.821 ;
+------------------------+-------+-------+-------------+------------+-------+-------+
Note: Negative delays are omitted from totals when calculating percentages

+------------------------------------------------------------------------------------------------------------+
; Data Arrival Path                                                                                          ;
+---------+---------+----+------+--------+---------------------------------------+---------------------------+
; Total   ; Incr    ; RF ; Type ; Fanout ; Location                              ; Element                   ;
+---------+---------+----+------+--------+---------------------------------------+---------------------------+
; 0.000   ; 0.000   ;    ;      ;        ;                                       ; launch edge time          ;
; 4.232   ; 4.232   ;    ;      ;        ;                                       ; clock path                ;
;   0.000 ;   0.000 ;    ;      ;        ;                                       ; source latency            ;
;   0.000 ;   0.000 ;    ;      ; 1      ; PIN_M16                               ; clk                       ;
;   0.000 ;   0.000 ;    ; RE   ; 1      ; IOPAD_X89_Y35_N60                     ; ARRIAV_IO_PAD             ;
;   0.000 ;   0.000 ;    ; RE   ; 1      ; IO_PAD_OUTPUT_X89_Y35_N60_I1          ; IO_PAD_OUTPUT             ;
;   0.000 ;   0.000 ;    ; RE   ; 1      ; IO_INPUT_BUFFER_INPUT_X89_Y35_N61_I0  ; IO_INPUT_BUFFER_INPUT     ;
;   0.000 ;   0.000 ; RR ; IC   ; 1      ; IOIBUF_X89_Y35_N61                    ; clk~input|i               ;
;   0.739 ;   0.739 ; RR ; CELL ; 1      ; IOIBUF_X89_Y35_N61                    ; clk~input|o               ;
;   0.739 ;   0.000 ;    ; RE   ; 1      ; IOIBUF_X89_Y35_N61                    ; ARRIAV_IO_IBUF            ;
;   0.739 ;   0.000 ;    ; RE   ; 1      ; IO_INPUT_BUFFER_OUTPUT_X89_Y35_N61_I2 ; IO_INPUT_BUFFER_OUTPUT    ;
;   0.739 ;   0.000 ;    ; RE   ; 1      ; IO_RE_X89_Y35_N60_I96                 ; IO_RE                     ;
;   0.827 ;   0.088 ;    ; RE   ; 1      ; IO_RE_X89_Y35_N60_I66                 ; IO_RE                     ;
;   1.102 ;   0.275 ;    ; RE   ; 1      ; CLKBUF_CLUSTER_RE_X89_Y39_N3_I421     ; CLKBUF_CLUSTER_RE         ;
;   1.102 ;   0.000 ;    ; RE   ; 1      ; CLKBUF_CLUSTER_RE_X89_Y39_N3_I772     ; CLKBUF_CLUSTER_RE         ;
;   1.102 ;   0.000 ;    ; RE   ; 1      ; CLKBUF_CLUSTER_RE_X89_Y39_N3_I557     ; CLKBUF_CLUSTER_RE         ;
;   1.102 ;   0.000 ;    ; RE   ; 1      ; GCLK_CLUSTER_RE_X89_Y39_N6_I10        ; GCLK_CLUSTER_RE           ;
;   1.102 ;   0.000 ;    ; RE   ; 1      ; CLKBUFBLOCK_INPUT_X89_Y39_N7_I0       ; CLKBUFBLOCK_INPUT         ;
;   1.102 ;   0.000 ; RR ; IC   ; 1      ; CLKCTRL_G9                            ; clk~inputCLKENA0|inclk    ;
;   1.572 ;   0.470 ; RR ; CELL ; 1674   ; CLKCTRL_G9                            ; clk~inputCLKENA0|outclk   ;
;   1.572 ;   0.000 ;    ; RE   ; 1      ; CLKCTRL_G9                            ; ARRIAV_CLKBUF             ;
;   1.572 ;   0.000 ;    ; RE   ; 1      ; CLKBUFBLOCK_OUTPUT_X89_Y39_N7_I2      ; CLKBUFBLOCK_OUTPUT        ;
;   1.572 ;   0.000 ;    ; RE   ; 1      ; GCLK_CLUSTER_RE_X89_Y39_N6_I12        ; GCLK_CLUSTER_RE           ;
;   1.572 ;   0.000 ;    ; RE   ; 1      ; CLKBUF_CLUSTER_RE_X89_Y39_N3_I416     ; CLKBUF_CLUSTER_RE         ;
;   2.348 ;   0.776 ;    ; RE   ; 4      ; GLOBAL_CLOCK_X0_Y36_N0_I9             ; GLOBAL_CLOCK              ;
;   2.482 ;   0.134 ;    ; RE   ; 15     ; SPINE_CLOCK_X55_Y19_N0_I22            ; SPINE_CLOCK               ;
;   2.872 ;   0.390 ;    ; RE   ; 1      ; SCLK_TO_ROWCLK_BUF_X55_Y29_N0_I133    ; SCLK_TO_ROWCLK_BUF        ;
;   2.963 ;   0.091 ;    ; RE   ; 2      ; SCLK_TO_ROWCLK_BUF_X55_Y29_N0_I136    ; SCLK_TO_ROWCLK_BUF        ;
;   3.430 ;   0.467 ;    ; RE   ; 10     ; LAB_CLK_X56_Y29_N0_I5                 ; LAB_CLK                   ;
;   3.559 ;   0.129 ;    ; RE   ; 1      ; BLK_CLK_BUF_X65_Y29_N0_I5             ; BLK_CLK_BUF               ;
;   3.613 ;   0.054 ;    ; RE   ; 1      ; ROWCLKSEL_PREBUF_X65_Y29_N0_I5        ; ROWCLKSEL_PREBUF          ;
;   3.668 ;   0.055 ;    ; RE   ; 1      ; ROWCLKSEL_X65_Y29_N0_I0               ; ROWCLKSEL                 ;
;   3.668 ;   0.000 ;    ; RE   ; 1      ; GLOBAL_LOCAL_SEL_X65_Y29_N0_I0        ; GLOBAL_LOCAL_SEL          ;
;   3.668 ;   0.000 ;    ; RE   ; 7      ; LAB_INPUT_X65_Y29_N0_I0               ; LAB_INPUT                 ;
;   3.668 ;   0.000 ; RR ; IC   ; 1      ; FF_X65_Y29_N14                        ; state_array[0][1][23]|clk ;
;   4.232 ;   0.564 ; RR ; CELL ; 1      ; FF_X65_Y29_N14                        ; state_array[0][1][23]     ;
; 4.883   ; 0.651   ;    ;      ;        ;                                       ; data path                 ;
;   4.232 ;   0.000 ;    ; uTco ; 1      ; FF_X65_Y29_N14                        ; state_array[0][1][23]     ;
;   4.232 ;   0.000 ; FF ; CELL ; 6      ; FF_X65_Y29_N14                        ; state_array[0][1][23]|q   ;
;   4.232 ;   0.000 ;    ; RE   ; 2      ; FF_X65_Y29_N14                        ; ARRIAV_FF                 ;
;   4.232 ;   0.000 ; FF ; IC   ; 1      ; MLABCELL_X65_Y29_N12                  ; state_array~751|datae     ;
;   4.800 ;   0.568 ; FF ; CELL ; 1      ; MLABCELL_X65_Y29_N12                  ; state_array~751|combout   ;
;   4.800 ;   0.000 ;    ; RE   ; 1      ; MLABCELL_X65_Y29_N12                  ; ARRIAV_LCELL_COMB         ;
;   4.800 ;   0.000 ; FF ; IC   ; 1      ; FF_X65_Y29_N14                        ; state_array[0][1][23]|d   ;
;   4.883 ;   0.083 ; FF ; CELL ; 1      ; FF_X65_Y29_N14                        ; state_array[0][1][23]     ;
+---------+---------+----+------+--------+---------------------------------------+---------------------------+

+-------------------------------------------------------------------------------------------------------------+
; Data Required Path                                                                                          ;
+---------+----------+----+------+--------+---------------------------------------+---------------------------+
; Total   ; Incr     ; RF ; Type ; Fanout ; Location                              ; Element                   ;
+---------+----------+----+------+--------+---------------------------------------+---------------------------+
; 0.000   ; 0.000    ;    ;      ;        ;                                       ; latch edge time           ;
; 4.359   ; 4.359    ;    ;      ;        ;                                       ; clock path                ;
;   0.000 ;   0.000  ;    ;      ;        ;                                       ; source latency            ;
;   0.000 ;   0.000  ;    ;      ; 1      ; PIN_M16                               ; clk                       ;
;   0.000 ;   0.000  ;    ; RE   ; 1      ; IOPAD_X89_Y35_N60                     ; ARRIAV_IO_PAD             ;
;   0.000 ;   0.000  ;    ; RE   ; 1      ; IO_PAD_OUTPUT_X89_Y35_N60_I1          ; IO_PAD_OUTPUT             ;
;   0.000 ;   0.000  ;    ; RE   ; 1      ; IO_INPUT_BUFFER_INPUT_X89_Y35_N61_I0  ; IO_INPUT_BUFFER_INPUT     ;
;   0.000 ;   0.000  ; RR ; IC   ; 1      ; IOIBUF_X89_Y35_N61                    ; clk~input|i               ;
;   0.739 ;   0.739  ; RR ; CELL ; 1      ; IOIBUF_X89_Y35_N61                    ; clk~input|o               ;
;   0.739 ;   0.000  ;    ; RE   ; 1      ; IOIBUF_X89_Y35_N61                    ; ARRIAV_IO_IBUF            ;
;   0.739 ;   0.000  ;    ; RE   ; 1      ; IO_INPUT_BUFFER_OUTPUT_X89_Y35_N61_I2 ; IO_INPUT_BUFFER_OUTPUT    ;
;   0.739 ;   0.000  ;    ; RE   ; 1      ; IO_RE_X89_Y35_N60_I96                 ; IO_RE                     ;
;   0.833 ;   0.094  ;    ; RE   ; 1      ; IO_RE_X89_Y35_N60_I66                 ; IO_RE                     ;
;   1.125 ;   0.292  ;    ; RE   ; 1      ; CLKBUF_CLUSTER_RE_X89_Y39_N3_I421     ; CLKBUF_CLUSTER_RE         ;
;   1.125 ;   0.000  ;    ; RE   ; 1      ; CLKBUF_CLUSTER_RE_X89_Y39_N3_I772     ; CLKBUF_CLUSTER_RE         ;
;   1.125 ;   0.000  ;    ; RE   ; 1      ; CLKBUF_CLUSTER_RE_X89_Y39_N3_I557     ; CLKBUF_CLUSTER_RE         ;
;   1.125 ;   0.000  ;    ; RE   ; 1      ; GCLK_CLUSTER_RE_X89_Y39_N6_I10        ; GCLK_CLUSTER_RE           ;
;   1.125 ;   0.000  ;    ; RE   ; 1      ; CLKBUFBLOCK_INPUT_X89_Y39_N7_I0       ; CLKBUFBLOCK_INPUT         ;
;   1.125 ;   0.000  ; RR ; IC   ; 1      ; CLKCTRL_G9                            ; clk~inputCLKENA0|inclk    ;
;   1.632 ;   0.507  ; RR ; CELL ; 1674   ; CLKCTRL_G9                            ; clk~inputCLKENA0|outclk   ;
;   1.632 ;   0.000  ;    ; RE   ; 1      ; CLKCTRL_G9                            ; ARRIAV_CLKBUF             ;
;   1.632 ;   0.000  ;    ; RE   ; 1      ; CLKBUFBLOCK_OUTPUT_X89_Y39_N7_I2      ; CLKBUFBLOCK_OUTPUT        ;
;   1.632 ;   0.000  ;    ; RE   ; 1      ; GCLK_CLUSTER_RE_X89_Y39_N6_I12        ; GCLK_CLUSTER_RE           ;
;   1.632 ;   0.000  ;    ; RE   ; 1      ; CLKBUF_CLUSTER_RE_X89_Y39_N3_I416     ; CLKBUF_CLUSTER_RE         ;
;   2.453 ;   0.821  ;    ; RE   ; 4      ; GLOBAL_CLOCK_X0_Y36_N0_I9             ; GLOBAL_CLOCK              ;
;   2.592 ;   0.139  ;    ; RE   ; 15     ; SPINE_CLOCK_X55_Y19_N0_I22            ; SPINE_CLOCK               ;
;   2.995 ;   0.403  ;    ; RE   ; 1      ; SCLK_TO_ROWCLK_BUF_X55_Y29_N0_I133    ; SCLK_TO_ROWCLK_BUF        ;
;   3.089 ;   0.094  ;    ; RE   ; 2      ; SCLK_TO_ROWCLK_BUF_X55_Y29_N0_I136    ; SCLK_TO_ROWCLK_BUF        ;
;   3.573 ;   0.484  ;    ; RE   ; 10     ; LAB_CLK_X56_Y29_N0_I5                 ; LAB_CLK                   ;
;   3.713 ;   0.140  ;    ; RE   ; 1      ; BLK_CLK_BUF_X65_Y29_N0_I5             ; BLK_CLK_BUF               ;
;   3.769 ;   0.056  ;    ; RE   ; 1      ; ROWCLKSEL_PREBUF_X65_Y29_N0_I5        ; ROWCLKSEL_PREBUF          ;
;   3.829 ;   0.060  ;    ; RE   ; 1      ; ROWCLKSEL_X65_Y29_N0_I0               ; ROWCLKSEL                 ;
;   3.829 ;   0.000  ;    ; RE   ; 1      ; GLOBAL_LOCAL_SEL_X65_Y29_N0_I0        ; GLOBAL_LOCAL_SEL          ;
;   3.829 ;   0.000  ;    ; RE   ; 7      ; LAB_INPUT_X65_Y29_N0_I0               ; LAB_INPUT                 ;
;   3.830 ;   0.001  ; RR ; IC   ; 1      ; FF_X65_Y29_N14                        ; state_array[0][1][23]|clk ;
;   4.485 ;   0.655  ; RR ; CELL ; 1      ; FF_X65_Y29_N14                        ; state_array[0][1][23]     ;
;   4.359 ;   -0.126 ;    ;      ;        ;                                       ; clock pessimism removed   ;
; 4.359   ; 0.000    ;    ;      ;        ;                                       ; clock uncertainty         ;
; 4.359   ; 0.000    ;    ; uTh  ; 1      ; FF_X65_Y29_N14                        ; state_array[0][1][23]     ;
+---------+----------+----+------+--------+---------------------------------------+---------------------------+

----------------------------
; Extra Fitter Information ;
----------------------------
HTML report is unavailable in plain text report export.


Path #20: Hold slack is 0.524 
===============================================================================
+-------------------------------------------+
; Path Summary                              ;
+--------------------+----------------------+
; Property           ; Value                ;
+--------------------+----------------------+
; From Node          ; state_array[3][4][6] ;
; To Node            ; state_array[3][4][6] ;
; Launch Clock       ; clk                  ;
; Latch Clock        ; clk                  ;
; Data Arrival Time  ; 4.879                ;
; Data Required Time ; 4.355                ;
; Slack              ; 0.524                ;
+--------------------+----------------------+

+-----------------------------------------------------------------------------------+
; Statistics                                                                        ;
+------------------------+-------+-------+-------------+------------+-------+-------+
; Property               ; Value ; Count ; Total Delay ; % of Total ; Min   ; Max   ;
+------------------------+-------+-------+-------------+------------+-------+-------+
; Hold Relationship      ; 0.000 ;       ;             ;            ;       ;       ;
; Clock Skew             ; 0.127 ;       ;             ;            ;       ;       ;
; Data Delay             ; 0.651 ;       ;             ;            ;       ;       ;
; Number of Logic Levels ;       ; 1     ;             ;            ;       ;       ;
; Physical Delays        ;       ;       ;             ;            ;       ;       ;
;  Arrival Path          ;       ;       ;             ;            ;       ;       ;
;   Clock                ;       ;       ;             ;            ;       ;       ;
;    IC                  ;       ; 3     ; 0.000       ; 0          ; 0.000 ; 0.000 ;
;    Cell                ;       ; 3     ; 1.773       ; 42         ; 0.470 ; 0.739 ;
;    Routing Element     ;       ; 26    ; 2.455       ; 58         ; 0.000 ; 0.776 ;
;   Data                 ;       ;       ;             ;            ;       ;       ;
;    IC                  ;       ; 2     ; 0.000       ; 0          ; 0.000 ; 0.000 ;
;    Cell                ;       ; 3     ; 0.651       ; 100        ; 0.000 ; 0.568 ;
;    uTco                ;       ; 1     ; 0.000       ; 0          ; 0.000 ; 0.000 ;
;    Routing Element     ;       ; 2     ; 0.000       ; 0          ; 0.000 ; 0.000 ;
;  Required Path         ;       ;       ;             ;            ;       ;       ;
;   Clock                ;       ;       ;             ;            ;       ;       ;
;    IC                  ;       ; 3     ; 0.002       ; 0          ; 0.000 ; 0.002 ;
;    Cell                ;       ; 3     ; 1.901       ; 42         ; 0.507 ; 0.739 ;
;    Routing Element     ;       ; 26    ; 2.578       ; 58         ; 0.000 ; 0.821 ;
+------------------------+-------+-------+-------------+------------+-------+-------+
Note: Negative delays are omitted from totals when calculating percentages

+-----------------------------------------------------------------------------------------------------------+
; Data Arrival Path                                                                                         ;
+---------+---------+----+------+--------+---------------------------------------+--------------------------+
; Total   ; Incr    ; RF ; Type ; Fanout ; Location                              ; Element                  ;
+---------+---------+----+------+--------+---------------------------------------+--------------------------+
; 0.000   ; 0.000   ;    ;      ;        ;                                       ; launch edge time         ;
; 4.228   ; 4.228   ;    ;      ;        ;                                       ; clock path               ;
;   0.000 ;   0.000 ;    ;      ;        ;                                       ; source latency           ;
;   0.000 ;   0.000 ;    ;      ; 1      ; PIN_M16                               ; clk                      ;
;   0.000 ;   0.000 ;    ; RE   ; 1      ; IOPAD_X89_Y35_N60                     ; ARRIAV_IO_PAD            ;
;   0.000 ;   0.000 ;    ; RE   ; 1      ; IO_PAD_OUTPUT_X89_Y35_N60_I1          ; IO_PAD_OUTPUT            ;
;   0.000 ;   0.000 ;    ; RE   ; 1      ; IO_INPUT_BUFFER_INPUT_X89_Y35_N61_I0  ; IO_INPUT_BUFFER_INPUT    ;
;   0.000 ;   0.000 ; RR ; IC   ; 1      ; IOIBUF_X89_Y35_N61                    ; clk~input|i              ;
;   0.739 ;   0.739 ; RR ; CELL ; 1      ; IOIBUF_X89_Y35_N61                    ; clk~input|o              ;
;   0.739 ;   0.000 ;    ; RE   ; 1      ; IOIBUF_X89_Y35_N61                    ; ARRIAV_IO_IBUF           ;
;   0.739 ;   0.000 ;    ; RE   ; 1      ; IO_INPUT_BUFFER_OUTPUT_X89_Y35_N61_I2 ; IO_INPUT_BUFFER_OUTPUT   ;
;   0.739 ;   0.000 ;    ; RE   ; 1      ; IO_RE_X89_Y35_N60_I96                 ; IO_RE                    ;
;   0.827 ;   0.088 ;    ; RE   ; 1      ; IO_RE_X89_Y35_N60_I66                 ; IO_RE                    ;
;   1.102 ;   0.275 ;    ; RE   ; 1      ; CLKBUF_CLUSTER_RE_X89_Y39_N3_I421     ; CLKBUF_CLUSTER_RE        ;
;   1.102 ;   0.000 ;    ; RE   ; 1      ; CLKBUF_CLUSTER_RE_X89_Y39_N3_I772     ; CLKBUF_CLUSTER_RE        ;
;   1.102 ;   0.000 ;    ; RE   ; 1      ; CLKBUF_CLUSTER_RE_X89_Y39_N3_I557     ; CLKBUF_CLUSTER_RE        ;
;   1.102 ;   0.000 ;    ; RE   ; 1      ; GCLK_CLUSTER_RE_X89_Y39_N6_I10        ; GCLK_CLUSTER_RE          ;
;   1.102 ;   0.000 ;    ; RE   ; 1      ; CLKBUFBLOCK_INPUT_X89_Y39_N7_I0       ; CLKBUFBLOCK_INPUT        ;
;   1.102 ;   0.000 ; RR ; IC   ; 1      ; CLKCTRL_G9                            ; clk~inputCLKENA0|inclk   ;
;   1.572 ;   0.470 ; RR ; CELL ; 1674   ; CLKCTRL_G9                            ; clk~inputCLKENA0|outclk  ;
;   1.572 ;   0.000 ;    ; RE   ; 1      ; CLKCTRL_G9                            ; ARRIAV_CLKBUF            ;
;   1.572 ;   0.000 ;    ; RE   ; 1      ; CLKBUFBLOCK_OUTPUT_X89_Y39_N7_I2      ; CLKBUFBLOCK_OUTPUT       ;
;   1.572 ;   0.000 ;    ; RE   ; 1      ; GCLK_CLUSTER_RE_X89_Y39_N6_I12        ; GCLK_CLUSTER_RE          ;
;   1.572 ;   0.000 ;    ; RE   ; 1      ; CLKBUF_CLUSTER_RE_X89_Y39_N3_I416     ; CLKBUF_CLUSTER_RE        ;
;   2.348 ;   0.776 ;    ; RE   ; 4      ; GLOBAL_CLOCK_X0_Y36_N0_I9             ; GLOBAL_CLOCK             ;
;   2.486 ;   0.138 ;    ; RE   ; 15     ; SPINE_CLOCK_X55_Y19_N0_I22            ; SPINE_CLOCK              ;
;   2.875 ;   0.389 ;    ; RE   ; 1      ; SCLK_TO_ROWCLK_BUF_X55_Y33_N0_I133    ; SCLK_TO_ROWCLK_BUF       ;
;   2.966 ;   0.091 ;    ; RE   ; 2      ; SCLK_TO_ROWCLK_BUF_X55_Y33_N0_I136    ; SCLK_TO_ROWCLK_BUF       ;
;   3.427 ;   0.461 ;    ; RE   ; 9      ; LAB_CLK_X56_Y33_N0_I5                 ; LAB_CLK                  ;
;   3.556 ;   0.129 ;    ; RE   ; 1      ; BLK_CLK_BUF_X57_Y33_N0_I5             ; BLK_CLK_BUF              ;
;   3.610 ;   0.054 ;    ; RE   ; 1      ; ROWCLKSEL_PREBUF_X57_Y33_N0_I5        ; ROWCLKSEL_PREBUF         ;
;   3.664 ;   0.054 ;    ; RE   ; 1      ; ROWCLKSEL_X57_Y33_N0_I0               ; ROWCLKSEL                ;
;   3.664 ;   0.000 ;    ; RE   ; 1      ; GLOBAL_LOCAL_SEL_X57_Y33_N0_I0        ; GLOBAL_LOCAL_SEL         ;
;   3.664 ;   0.000 ;    ; RE   ; 7      ; LAB_INPUT_X57_Y33_N0_I0               ; LAB_INPUT                ;
;   3.664 ;   0.000 ; RR ; IC   ; 1      ; FF_X57_Y33_N14                        ; state_array[3][4][6]|clk ;
;   4.228 ;   0.564 ; RR ; CELL ; 1      ; FF_X57_Y33_N14                        ; state_array[3][4][6]     ;
; 4.879   ; 0.651   ;    ;      ;        ;                                       ; data path                ;
;   4.228 ;   0.000 ;    ; uTco ; 1      ; FF_X57_Y33_N14                        ; state_array[3][4][6]     ;
;   4.228 ;   0.000 ; FF ; CELL ; 6      ; FF_X57_Y33_N14                        ; state_array[3][4][6]|q   ;
;   4.228 ;   0.000 ;    ; RE   ; 3      ; FF_X57_Y33_N14                        ; ARRIAV_FF                ;
;   4.228 ;   0.000 ; FF ; IC   ; 1      ; LABCELL_X57_Y33_N12                   ; state_array~194|datae    ;
;   4.796 ;   0.568 ; FF ; CELL ; 1      ; LABCELL_X57_Y33_N12                   ; state_array~194|combout  ;
;   4.796 ;   0.000 ;    ; RE   ; 1      ; LABCELL_X57_Y33_N12                   ; ARRIAV_LCELL_COMB        ;
;   4.796 ;   0.000 ; FF ; IC   ; 1      ; FF_X57_Y33_N14                        ; state_array[3][4][6]|d   ;
;   4.879 ;   0.083 ; FF ; CELL ; 1      ; FF_X57_Y33_N14                        ; state_array[3][4][6]     ;
+---------+---------+----+------+--------+---------------------------------------+--------------------------+

+------------------------------------------------------------------------------------------------------------+
; Data Required Path                                                                                         ;
+---------+----------+----+------+--------+---------------------------------------+--------------------------+
; Total   ; Incr     ; RF ; Type ; Fanout ; Location                              ; Element                  ;
+---------+----------+----+------+--------+---------------------------------------+--------------------------+
; 0.000   ; 0.000    ;    ;      ;        ;                                       ; latch edge time          ;
; 4.355   ; 4.355    ;    ;      ;        ;                                       ; clock path               ;
;   0.000 ;   0.000  ;    ;      ;        ;                                       ; source latency           ;
;   0.000 ;   0.000  ;    ;      ; 1      ; PIN_M16                               ; clk                      ;
;   0.000 ;   0.000  ;    ; RE   ; 1      ; IOPAD_X89_Y35_N60                     ; ARRIAV_IO_PAD            ;
;   0.000 ;   0.000  ;    ; RE   ; 1      ; IO_PAD_OUTPUT_X89_Y35_N60_I1          ; IO_PAD_OUTPUT            ;
;   0.000 ;   0.000  ;    ; RE   ; 1      ; IO_INPUT_BUFFER_INPUT_X89_Y35_N61_I0  ; IO_INPUT_BUFFER_INPUT    ;
;   0.000 ;   0.000  ; RR ; IC   ; 1      ; IOIBUF_X89_Y35_N61                    ; clk~input|i              ;
;   0.739 ;   0.739  ; RR ; CELL ; 1      ; IOIBUF_X89_Y35_N61                    ; clk~input|o              ;
;   0.739 ;   0.000  ;    ; RE   ; 1      ; IOIBUF_X89_Y35_N61                    ; ARRIAV_IO_IBUF           ;
;   0.739 ;   0.000  ;    ; RE   ; 1      ; IO_INPUT_BUFFER_OUTPUT_X89_Y35_N61_I2 ; IO_INPUT_BUFFER_OUTPUT   ;
;   0.739 ;   0.000  ;    ; RE   ; 1      ; IO_RE_X89_Y35_N60_I96                 ; IO_RE                    ;
;   0.833 ;   0.094  ;    ; RE   ; 1      ; IO_RE_X89_Y35_N60_I66                 ; IO_RE                    ;
;   1.125 ;   0.292  ;    ; RE   ; 1      ; CLKBUF_CLUSTER_RE_X89_Y39_N3_I421     ; CLKBUF_CLUSTER_RE        ;
;   1.125 ;   0.000  ;    ; RE   ; 1      ; CLKBUF_CLUSTER_RE_X89_Y39_N3_I772     ; CLKBUF_CLUSTER_RE        ;
;   1.125 ;   0.000  ;    ; RE   ; 1      ; CLKBUF_CLUSTER_RE_X89_Y39_N3_I557     ; CLKBUF_CLUSTER_RE        ;
;   1.125 ;   0.000  ;    ; RE   ; 1      ; GCLK_CLUSTER_RE_X89_Y39_N6_I10        ; GCLK_CLUSTER_RE          ;
;   1.125 ;   0.000  ;    ; RE   ; 1      ; CLKBUFBLOCK_INPUT_X89_Y39_N7_I0       ; CLKBUFBLOCK_INPUT        ;
;   1.125 ;   0.000  ; RR ; IC   ; 1      ; CLKCTRL_G9                            ; clk~inputCLKENA0|inclk   ;
;   1.632 ;   0.507  ; RR ; CELL ; 1674   ; CLKCTRL_G9                            ; clk~inputCLKENA0|outclk  ;
;   1.632 ;   0.000  ;    ; RE   ; 1      ; CLKCTRL_G9                            ; ARRIAV_CLKBUF            ;
;   1.632 ;   0.000  ;    ; RE   ; 1      ; CLKBUFBLOCK_OUTPUT_X89_Y39_N7_I2      ; CLKBUFBLOCK_OUTPUT       ;
;   1.632 ;   0.000  ;    ; RE   ; 1      ; GCLK_CLUSTER_RE_X89_Y39_N6_I12        ; GCLK_CLUSTER_RE          ;
;   1.632 ;   0.000  ;    ; RE   ; 1      ; CLKBUF_CLUSTER_RE_X89_Y39_N3_I416     ; CLKBUF_CLUSTER_RE        ;
;   2.453 ;   0.821  ;    ; RE   ; 4      ; GLOBAL_CLOCK_X0_Y36_N0_I9             ; GLOBAL_CLOCK             ;
;   2.595 ;   0.142  ;    ; RE   ; 15     ; SPINE_CLOCK_X55_Y19_N0_I22            ; SPINE_CLOCK              ;
;   2.998 ;   0.403  ;    ; RE   ; 1      ; SCLK_TO_ROWCLK_BUF_X55_Y33_N0_I133    ; SCLK_TO_ROWCLK_BUF       ;
;   3.092 ;   0.094  ;    ; RE   ; 2      ; SCLK_TO_ROWCLK_BUF_X55_Y33_N0_I136    ; SCLK_TO_ROWCLK_BUF       ;
;   3.569 ;   0.477  ;    ; RE   ; 9      ; LAB_CLK_X56_Y33_N0_I5                 ; LAB_CLK                  ;
;   3.709 ;   0.140  ;    ; RE   ; 1      ; BLK_CLK_BUF_X57_Y33_N0_I5             ; BLK_CLK_BUF              ;
;   3.765 ;   0.056  ;    ; RE   ; 1      ; ROWCLKSEL_PREBUF_X57_Y33_N0_I5        ; ROWCLKSEL_PREBUF         ;
;   3.824 ;   0.059  ;    ; RE   ; 1      ; ROWCLKSEL_X57_Y33_N0_I0               ; ROWCLKSEL                ;
;   3.824 ;   0.000  ;    ; RE   ; 1      ; GLOBAL_LOCAL_SEL_X57_Y33_N0_I0        ; GLOBAL_LOCAL_SEL         ;
;   3.824 ;   0.000  ;    ; RE   ; 7      ; LAB_INPUT_X57_Y33_N0_I0               ; LAB_INPUT                ;
;   3.826 ;   0.002  ; RR ; IC   ; 1      ; FF_X57_Y33_N14                        ; state_array[3][4][6]|clk ;
;   4.481 ;   0.655  ; RR ; CELL ; 1      ; FF_X57_Y33_N14                        ; state_array[3][4][6]     ;
;   4.355 ;   -0.126 ;    ;      ;        ;                                       ; clock pessimism removed  ;
; 4.355   ; 0.000    ;    ;      ;        ;                                       ; clock uncertainty        ;
; 4.355   ; 0.000    ;    ; uTh  ; 1      ; FF_X57_Y33_N14                        ; state_array[3][4][6]     ;
+---------+----------+----+------+--------+---------------------------------------+--------------------------+

----------------------------
; Extra Fitter Information ;
----------------------------
HTML report is unavailable in plain text report export.


