----------------
; Command Info ;
----------------
Report Timing: Found 20 setup paths (0 violated).  Worst case slack is 0.160 

Tcl Command:
    report_timing -setup -show_routing -multi_corner -file critical_paths/worst_setup_paths.rpt -panel_name {LightHD challenge: worst setup paths} -npaths 20 -detail full_path

Options:
    -setup 
    -npaths 20 
    -show_routing 
    -detail full_path 
    -panel_name {LightHD challenge: worst setup paths} 
    -file {critical_paths/worst_setup_paths.rpt} 
    -multi_corner 

Delay Model:
    Slow 1100mV 85C Model

+-----------------------------------------------------------------------------------------------------------------------------+
; Summary of Paths                                                                                                            ;
+-------+-----------------------+-----------------------+--------------+-------------+--------------+------------+------------+
; Slack ; From Node             ; To Node               ; Launch Clock ; Latch Clock ; Relationship ; Clock Skew ; Data Delay ;
+-------+-----------------------+-----------------------+--------------+-------------+--------------+------------+------------+
; 0.160 ; state_array[1][4][38] ; state_array[2][1][42] ; clk          ; clk         ; 7.407        ; -0.116     ; 7.031      ;
; 0.243 ; state_array[4][4][51] ; state_array[3][1][16] ; clk          ; clk         ; 7.407        ; -0.156     ; 6.908      ;
; 0.249 ; state_array[1][2][47] ; state_array[0][3][20] ; clk          ; clk         ; 7.407        ; -0.155     ; 6.903      ;
; 0.255 ; state_array[1][4][38] ; state_array[1][1][42] ; clk          ; clk         ; 7.407        ; -0.095     ; 6.957      ;
; 0.259 ; state_array[3][3][21] ; state_array[3][4][20] ; clk          ; clk         ; 7.407        ; -0.234     ; 6.814      ;
; 0.265 ; state_array[1][4][38] ; state_array[0][1][42] ; clk          ; clk         ; 7.407        ; -0.095     ; 6.947      ;
; 0.275 ; state_array[4][2][31] ; state_array[4][3][3]  ; clk          ; clk         ; 7.407        ; -0.213     ; 6.819      ;
; 0.290 ; state_array[4][4][51] ; state_array[2][2][13] ; clk          ; clk         ; 7.407        ; -0.156     ; 6.861      ;
; 0.304 ; state_array[1][4][38] ; state_array[3][0][39] ; clk          ; clk         ; 7.407        ; -0.121     ; 6.882      ;
; 0.305 ; state_array[2][1][45] ; state_array[0][3][56] ; clk          ; clk         ; 7.407        ; -0.183     ; 6.819      ;
; 0.316 ; state_array[0][3][48] ; state_array[0][3][58] ; clk          ; clk         ; 7.407        ; -0.154     ; 6.837      ;
; 0.328 ; state_array[4][4][51] ; state_array[1][0][9]  ; clk          ; clk         ; 7.407        ; -0.222     ; 6.757      ;
; 0.342 ; state_array[2][2][11] ; state_array[4][3][3]  ; clk          ; clk         ; 7.407        ; -0.211     ; 6.754      ;
; 0.343 ; state_array[4][3][56] ; state_array[0][3][28] ; clk          ; clk         ; 7.407        ; -0.197     ; 6.767      ;
; 0.359 ; state_array[4][4][51] ; state_array[3][0][9]  ; clk          ; clk         ; 7.407        ; -0.222     ; 6.726      ;
; 0.367 ; state_array[4][4][51] ; state_array[2][0][9]  ; clk          ; clk         ; 7.407        ; -0.222     ; 6.718      ;
; 0.373 ; state_array[2][2][2]  ; state_array[2][3][13] ; clk          ; clk         ; 7.407        ; -0.271     ; 6.663      ;
; 0.385 ; state_array[3][2][12] ; state_array[2][3][28] ; clk          ; clk         ; 7.407        ; -0.201     ; 6.721      ;
; 0.388 ; state_array[0][3][48] ; state_array[4][4][50] ; clk          ; clk         ; 7.407        ; -0.109     ; 6.810      ;
; 0.390 ; state_array[1][1][47] ; state_array[0][3][20] ; clk          ; clk         ; 7.407        ; -0.162     ; 6.755      ;
+-------+-----------------------+-----------------------+--------------+-------------+--------------+------------+------------+

Path #1: Setup slack is 0.160 
===============================================================================
+--------------------------------------------+
; Path Summary                               ;
+--------------------+-----------------------+
; Property           ; Value                 ;
+--------------------+-----------------------+
; From Node          ; state_array[1][4][38] ;
; To Node            ; state_array[2][1][42] ;
; Launch Clock       ; clk                   ;
; Latch Clock        ; clk                   ;
; Data Arrival Time  ; 11.494                ;
; Data Required Time ; 11.654                ;
; Slack              ; 0.160                 ;
+--------------------+-----------------------+

+-------------------------------------------------------------------------------------+
; Statistics                                                                          ;
+------------------------+--------+-------+-------------+------------+--------+-------+
; Property               ; Value  ; Count ; Total Delay ; % of Total ; Min    ; Max   ;
+------------------------+--------+-------+-------------+------------+--------+-------+
; Setup Relationship     ; 7.407  ;       ;             ;            ;        ;       ;
; Clock Skew             ; -0.116 ;       ;             ;            ;        ;       ;
; Data Delay             ; 7.031  ;       ;             ;            ;        ;       ;
; Number of Logic Levels ;        ; 4     ;             ;            ;        ;       ;
; Physical Delays        ;        ;       ;             ;            ;        ;       ;
;  Arrival Path          ;        ;       ;             ;            ;        ;       ;
;   Clock                ;        ;       ;             ;            ;        ;       ;
;    IC                  ;        ; 3     ; -0.002      ; 0          ; -0.002 ; 0.000 ;
;    Cell                ;        ; 3     ; 1.901       ; 43         ; 0.507  ; 0.739 ;
;    Routing Element     ;        ; 26    ; 2.564       ; 57         ; 0.000  ; 0.821 ;
;   Data                 ;        ;       ;             ;            ;        ;       ;
;    IC                  ;        ; 5     ; 0.000       ; 0          ; -0.001 ; 0.001 ;
;    Cell                ;        ; 6     ; 1.193       ; 17         ; 0.000  ; 0.600 ;
;    uTco                ;        ; 1     ; 0.000       ; 0          ; 0.000  ; 0.000 ;
;    Routing Element     ;        ; 28    ; 5.838       ; 83         ; 0.000  ; 0.548 ;
;  Required Path         ;        ;       ;             ;            ;        ;       ;
;   Clock                ;        ;       ;             ;            ;        ;       ;
;    IC                  ;        ; 3     ; 0.000       ; 0          ; 0.000  ; 0.000 ;
;    Cell                ;        ; 3     ; 1.773       ; 42         ; 0.470  ; 0.739 ;
;    Routing Element     ;        ; 26    ; 2.469       ; 58         ; 0.000  ; 0.776 ;
+------------------------+--------+-------+-------------+------------+--------+-------+
Note: Negative delays are omitted from totals when calculating percentages

+--------------------------------------------------------------------------------------------------------------------------------------+
; Data Arrival Path                                                                                                                    ;
+----------+----------+----+------+--------+-------------------------------------------+-----------------------------------------------+
; Total    ; Incr     ; RF ; Type ; Fanout ; Location                                  ; Element                                       ;
+----------+----------+----+------+--------+-------------------------------------------+-----------------------------------------------+
; 0.000    ; 0.000    ;    ;      ;        ;                                           ; launch edge time                              ;
; 4.463    ; 4.463    ;    ;      ;        ;                                           ; clock path                                    ;
;   0.000  ;   0.000  ;    ;      ;        ;                                           ; source latency                                ;
;   0.000  ;   0.000  ;    ;      ; 1      ; PIN_M16                                   ; clk                                           ;
;   0.000  ;   0.000  ;    ; RE   ; 1      ; IOPAD_X89_Y35_N60                         ; ARRIAV_IO_PAD                                 ;
;   0.000  ;   0.000  ;    ; RE   ; 1      ; IO_PAD_OUTPUT_X89_Y35_N60_I1              ; IO_PAD_OUTPUT                                 ;
;   0.000  ;   0.000  ;    ; RE   ; 1      ; IO_INPUT_BUFFER_INPUT_X89_Y35_N61_I0      ; IO_INPUT_BUFFER_INPUT                         ;
;   0.000  ;   0.000  ; RR ; IC   ; 1      ; IOIBUF_X89_Y35_N61                        ; clk~input|i                                   ;
;   0.739  ;   0.739  ; RR ; CELL ; 1      ; IOIBUF_X89_Y35_N61                        ; clk~input|o                                   ;
;   0.739  ;   0.000  ;    ; RE   ; 1      ; IOIBUF_X89_Y35_N61                        ; ARRIAV_IO_IBUF                                ;
;   0.739  ;   0.000  ;    ; RE   ; 1      ; IO_INPUT_BUFFER_OUTPUT_X89_Y35_N61_I2     ; IO_INPUT_BUFFER_OUTPUT                        ;
;   0.739  ;   0.000  ;    ; RE   ; 1      ; IO_RE_X89_Y35_N60_I96                     ; IO_RE                                         ;
;   0.833  ;   0.094  ;    ; RE   ; 1      ; IO_RE_X89_Y35_N60_I66                     ; IO_RE                                         ;
;   1.125  ;   0.292  ;    ; RE   ; 1      ; CLKBUF_CLUSTER_RE_X89_Y39_N3_I421         ; CLKBUF_CLUSTER_RE                             ;
;   1.125  ;   0.000  ;    ; RE   ; 1      ; CLKBUF_CLUSTER_RE_X89_Y39_N3_I788         ; CLKBUF_CLUSTER_RE                             ;
;   1.125  ;   0.000  ;    ; RE   ; 1      ; CLKBUF_CLUSTER_RE_X89_Y39_N3_I621         ; CLKBUF_CLUSTER_RE                             ;
;   1.125  ;   0.000  ;    ; RE   ; 1      ; GCLK_CLUSTER_RE_X89_Y39_N9_I10            ; GCLK_CLUSTER_RE                               ;
;   1.125  ;   0.000  ;    ; RE   ; 1      ; CLKBUFBLOCK_INPUT_X89_Y39_N10_I0          ; CLKBUFBLOCK_INPUT                             ;
;   1.125  ;   0.000  ; RR ; IC   ; 1      ; CLKCTRL_G10                               ; clk~inputCLKENA0|inclk                        ;
;   1.632  ;   0.507  ; RR ; CELL ; 1674   ; CLKCTRL_G10                               ; clk~inputCLKENA0|outclk                       ;
;   1.632  ;   0.000  ;    ; RE   ; 1      ; CLKCTRL_G10                               ; ARRIAV_CLKBUF                                 ;
;   1.632  ;   0.000  ;    ; RE   ; 1      ; CLKBUFBLOCK_OUTPUT_X89_Y39_N10_I2         ; CLKBUFBLOCK_OUTPUT                            ;
;   1.632  ;   0.000  ;    ; RE   ; 1      ; GCLK_CLUSTER_RE_X89_Y39_N9_I12            ; GCLK_CLUSTER_RE                               ;
;   1.632  ;   0.000  ;    ; RE   ; 1      ; CLKBUF_CLUSTER_RE_X89_Y39_N3_I417         ; CLKBUF_CLUSTER_RE                             ;
;   2.453  ;   0.821  ;    ; RE   ; 5      ; GLOBAL_CLOCK_X0_Y36_N0_I10                ; GLOBAL_CLOCK                                  ;
;   2.591  ;   0.138  ;    ; RE   ; 16     ; SPINE_CLOCK_X55_Y19_N0_I11                ; SPINE_CLOCK                                   ;
;   2.996  ;   0.405  ;    ; RE   ; 1      ; SCLK_TO_ROWCLK_BUF_X55_Y22_N0_I67         ; SCLK_TO_ROWCLK_BUF                            ;
;   3.080  ;   0.084  ;    ; RE   ; 1      ; SCLK_TO_ROWCLK_BUF_X55_Y22_N0_I70         ; SCLK_TO_ROWCLK_BUF                            ;
;   3.555  ;   0.475  ;    ; RE   ; 7      ; LAB_CLK_X56_Y22_N0_I5                     ; LAB_CLK                                       ;
;   3.694  ;   0.139  ;    ; RE   ; 1      ; BLK_CLK_BUF_X61_Y22_N0_I5                 ; BLK_CLK_BUF                                   ;
;   3.751  ;   0.057  ;    ; RE   ; 1      ; ROWCLKSEL_PREBUF_X61_Y22_N0_I5            ; ROWCLKSEL_PREBUF                              ;
;   3.810  ;   0.059  ;    ; RE   ; 1      ; ROWCLKSEL_X61_Y22_N0_I0                   ; ROWCLKSEL                                     ;
;   3.810  ;   0.000  ;    ; RE   ; 1      ; GLOBAL_LOCAL_SEL_X61_Y22_N0_I0            ; GLOBAL_LOCAL_SEL                              ;
;   3.810  ;   0.000  ;    ; RE   ; 3      ; LAB_INPUT_X61_Y22_N0_I0                   ; LAB_INPUT                                     ;
;   3.808  ;   -0.002 ; RR ; IC   ; 1      ; FF_X61_Y22_N32                            ; state_array[1][4][38]|clk                     ;
;   4.463  ;   0.655  ; RR ; CELL ; 1      ; FF_X61_Y22_N32                            ; state_array[1][4][38]                         ;
; 11.494   ; 7.031    ;    ;      ;        ;                                           ; data path                                     ;
;   4.463  ;   0.000  ;    ; uTco ; 1      ; FF_X61_Y22_N32                            ; state_array[1][4][38]                         ;
;   4.463  ;   0.000  ; FF ; CELL ; 6      ; FF_X61_Y22_N32                            ; state_array[1][4][38]|q                       ;
;   4.522  ;   0.059  ;    ; RE   ; 2      ; FF_X61_Y22_N32                            ; ARRIAV_FF                                     ;
;   4.644  ;   0.122  ;    ; RE   ; 2      ; LE_BUFFER_X61_Y22_N0_I21                  ; LE_BUFFER                                     ;
;   5.007  ;   0.363  ;    ; RE   ; 2      ; C4_X60_Y23_N0_I3                          ; V_SEG4                                        ;
;   5.340  ;   0.333  ;    ; RE   ; 1      ; R3_X58_Y25_N0_I19                         ; H_SEG3                                        ;
;   5.525  ;   0.185  ;    ; RE   ; 1      ; LOCAL_INTERCONNECT_X60_Y25_N0_I27         ; LAB_LINE                                      ;
;   5.662  ;   0.137  ;    ; RE   ; 1      ; BLOCK_INPUT_MUX_X60_Y25_N0_I61            ; LEIM_INPUT                                    ;
;   5.661  ;   -0.001 ; FF ; IC   ; 1      ; LABCELL_X60_Y25_N42                       ; KSU|u_theta|C[1][38]|datad                    ;
;   6.261  ;   0.600  ; FF ; CELL ; 2      ; LABCELL_X60_Y25_N42                       ; KSU|u_theta|C[1][38]|combout                  ;
;   6.261  ;   0.000  ;    ; RE   ; 2      ; LABCELL_X60_Y25_N42                       ; ARRIAV_LCELL_COMB                             ;
;   6.356  ;   0.095  ;    ; RE   ; 1      ; LE_BUFFER_X60_Y25_N0_I29                  ; LE_BUFFER                                     ;
;   6.625  ;   0.269  ;    ; RE   ; 1      ; C4_X59_Y26_N0_I0                          ; V_SEG4                                        ;
;   6.986  ;   0.361  ;    ; RE   ; 1      ; R3_X57_Y27_N0_I17                         ; H_SEG3                                        ;
;   7.431  ;   0.445  ;    ; RE   ; 1      ; R6_X51_Y27_N0_I39                         ; H_SEG6                                        ;
;   7.732  ;   0.301  ;    ; RE   ; 1      ; LOCAL_INTERCONNECT_X51_Y27_N0_I17         ; LAB_LINE                                      ;
;   7.874  ;   0.142  ;    ; RE   ; 1      ; BLOCK_INPUT_MUX_X51_Y27_N0_I23            ; LEIM_INPUT                                    ;
;   7.875  ;   0.001  ; FF ; IC   ; 1      ; LABCELL_X51_Y27_N15                       ; KSU|u_theta|state_array_o[0][0][39]~0|dataf   ;
;   7.970  ;   0.095  ; FF ; CELL ; 5      ; LABCELL_X51_Y27_N15                       ; KSU|u_theta|state_array_o[0][0][39]~0|combout ;
;   7.970  ;   0.000  ;    ; RE   ; 3      ; LABCELL_X51_Y27_N15                       ; ARRIAV_LCELL_COMB                             ;
;   8.073  ;   0.103  ;    ; RE   ; 1      ; LE_BUFFER_X51_Y27_N0_I11                  ; LE_BUFFER                                     ;
;   8.301  ;   0.228  ;    ; RE   ; 1      ; R3_X51_Y27_N0_I4                          ; H_SEG3                                        ;
;   8.301  ;   0.000  ;    ; RE   ; 1      ; R14_C12_INTERCONNECT_DRIVER_X51_Y27_N0_I1 ; WIRE_MUX                                      ;
;   8.706  ;   0.405  ;    ; RE   ; 1      ; C12_X51_Y28_N0_I0                         ; V_SEG12                                       ;
;   9.254  ;   0.548  ;    ; RE   ; 1      ; R6_X52_Y37_N0_I0                          ; H_SEG6                                        ;
;   9.764  ;   0.510  ;    ; RE   ; 1      ; R6_X57_Y37_N0_I3                          ; H_SEG6                                        ;
;   10.042 ;   0.278  ;    ; RE   ; 1      ; LOCAL_INTERCONNECT_X63_Y37_N0_I6          ; LAB_LINE                                      ;
;   10.179 ;   0.137  ;    ; RE   ; 1      ; BLOCK_INPUT_MUX_X63_Y37_N0_I15            ; LEIM_INPUT                                    ;
;   10.179 ;   0.000  ; FF ; IC   ; 1      ; LABCELL_X63_Y37_N9                        ; KSU|u_theta|state_array_o[0][2][39]|dataf     ;
;   10.271 ;   0.092  ; FF ; CELL ; 3      ; LABCELL_X63_Y37_N9                        ; KSU|u_theta|state_array_o[0][2][39]|combout   ;
;   10.271 ;   0.000  ;    ; RE   ; 2      ; LABCELL_X63_Y37_N9                        ; ARRIAV_LCELL_COMB                             ;
;   10.353 ;   0.082  ;    ; RE   ; 1      ; LE_BUFFER_X63_Y37_N0_I6                   ; LE_BUFFER                                     ;
;   10.663 ;   0.310  ;    ; RE   ; 1      ; C2_X63_Y35_N0_I19                         ; V_SEG2                                        ;
;   10.955 ;   0.292  ;    ; RE   ; 1      ; LOCAL_INTERCONNECT_X64_Y36_N0_I18         ; LAB_LINE                                      ;
;   11.088 ;   0.133  ;    ; RE   ; 1      ; BLOCK_INPUT_MUX_X64_Y36_N0_I17            ; LEIM_INPUT                                    ;
;   11.088 ;   0.000  ; FF ; IC   ; 1      ; LABCELL_X64_Y36_N12                       ; state_array~1416|dataf                        ;
;   11.188 ;   0.100  ; FR ; CELL ; 1      ; LABCELL_X64_Y36_N12                       ; state_array~1416|combout                      ;
;   11.188 ;   0.000  ;    ; RE   ; 1      ; LABCELL_X64_Y36_N12                       ; ARRIAV_LCELL_COMB                             ;
;   11.188 ;   0.000  ; RR ; IC   ; 1      ; FF_X64_Y36_N14                            ; state_array[2][1][42]|d                       ;
;   11.494 ;   0.306  ; RR ; CELL ; 1      ; FF_X64_Y36_N14                            ; state_array[2][1][42]                         ;
+----------+----------+----+------+--------+-------------------------------------------+-----------------------------------------------+

+-------------------------------------------------------------------------------------------------------------+
; Data Required Path                                                                                          ;
+----------+---------+----+------+--------+---------------------------------------+---------------------------+
; Total    ; Incr    ; RF ; Type ; Fanout ; Location                              ; Element                   ;
+----------+---------+----+------+--------+---------------------------------------+---------------------------+
; 7.407    ; 7.407   ;    ;      ;        ;                                       ; latch edge time           ;
; 11.754   ; 4.347   ;    ;      ;        ;                                       ; clock path                ;
;   7.407  ;   0.000 ;    ;      ;        ;                                       ; source latency            ;
;   7.407  ;   0.000 ;    ;      ; 1      ; PIN_M16                               ; clk                       ;
;   7.407  ;   0.000 ;    ; RE   ; 1      ; IOPAD_X89_Y35_N60                     ; ARRIAV_IO_PAD             ;
;   7.407  ;   0.000 ;    ; RE   ; 1      ; IO_PAD_OUTPUT_X89_Y35_N60_I1          ; IO_PAD_OUTPUT             ;
;   7.407  ;   0.000 ;    ; RE   ; 1      ; IO_INPUT_BUFFER_INPUT_X89_Y35_N61_I0  ; IO_INPUT_BUFFER_INPUT     ;
;   7.407  ;   0.000 ; RR ; IC   ; 1      ; IOIBUF_X89_Y35_N61                    ; clk~input|i               ;
;   8.146  ;   0.739 ; RR ; CELL ; 1      ; IOIBUF_X89_Y35_N61                    ; clk~input|o               ;
;   8.146  ;   0.000 ;    ; RE   ; 1      ; IOIBUF_X89_Y35_N61                    ; ARRIAV_IO_IBUF            ;
;   8.146  ;   0.000 ;    ; RE   ; 1      ; IO_INPUT_BUFFER_OUTPUT_X89_Y35_N61_I2 ; IO_INPUT_BUFFER_OUTPUT    ;
;   8.146  ;   0.000 ;    ; RE   ; 1      ; IO_RE_X89_Y35_N60_I96                 ; IO_RE                     ;
;   8.234  ;   0.088 ;    ; RE   ; 1      ; IO_RE_X89_Y35_N60_I66                 ; IO_RE                     ;
;   8.509  ;   0.275 ;    ; RE   ; 1      ; CLKBUF_CLUSTER_RE_X89_Y39_N3_I421     ; CLKBUF_CLUSTER_RE         ;
;   8.509  ;   0.000 ;    ; RE   ; 1      ; CLKBUF_CLUSTER_RE_X89_Y39_N3_I788     ; CLKBUF_CLUSTER_RE         ;
;   8.509  ;   0.000 ;    ; RE   ; 1      ; CLKBUF_CLUSTER_RE_X89_Y39_N3_I621     ; CLKBUF_CLUSTER_RE         ;
;   8.509  ;   0.000 ;    ; RE   ; 1      ; GCLK_CLUSTER_RE_X89_Y39_N9_I10        ; GCLK_CLUSTER_RE           ;
;   8.509  ;   0.000 ;    ; RE   ; 1      ; CLKBUFBLOCK_INPUT_X89_Y39_N10_I0      ; CLKBUFBLOCK_INPUT         ;
;   8.509  ;   0.000 ; RR ; IC   ; 1      ; CLKCTRL_G10                           ; clk~inputCLKENA0|inclk    ;
;   8.979  ;   0.470 ; RR ; CELL ; 1674   ; CLKCTRL_G10                           ; clk~inputCLKENA0|outclk   ;
;   8.979  ;   0.000 ;    ; RE   ; 1      ; CLKCTRL_G10                           ; ARRIAV_CLKBUF             ;
;   8.979  ;   0.000 ;    ; RE   ; 1      ; CLKBUFBLOCK_OUTPUT_X89_Y39_N10_I2     ; CLKBUFBLOCK_OUTPUT        ;
;   8.979  ;   0.000 ;    ; RE   ; 1      ; GCLK_CLUSTER_RE_X89_Y39_N9_I12        ; GCLK_CLUSTER_RE           ;
;   8.979  ;   0.000 ;    ; RE   ; 1      ; CLKBUF_CLUSTER_RE_X89_Y39_N3_I417     ; CLKBUF_CLUSTER_RE         ;
;   9.755  ;   0.776 ;    ; RE   ; 5      ; GLOBAL_CLOCK_X0_Y36_N0_I10            ; GLOBAL_CLOCK              ;
;   9.898  ;   0.143 ;    ; RE   ; 16     ; SPINE_CLOCK_X55_Y19_N0_I11            ; SPINE_CLOCK               ;
;   10.288 ;   0.390 ;    ; RE   ; 1      ; SCLK_TO_ROWCLK_BUF_X55_Y36_N0_I67     ; SCLK_TO_ROWCLK_BUF        ;
;   10.379 ;   0.091 ;    ; RE   ; 2      ; SCLK_TO_ROWCLK_BUF_X55_Y36_N0_I70     ; SCLK_TO_ROWCLK_BUF        ;
;   10.846 ;   0.467 ;    ; RE   ; 10     ; LAB_CLK_X56_Y36_N0_I5                 ; LAB_CLK                   ;
;   10.975 ;   0.129 ;    ; RE   ; 1      ; BLK_CLK_BUF_X64_Y36_N0_I5             ; BLK_CLK_BUF               ;
;   11.029 ;   0.054 ;    ; RE   ; 1      ; ROWCLKSEL_PREBUF_X64_Y36_N0_I5        ; ROWCLKSEL_PREBUF          ;
;   11.085 ;   0.056 ;    ; RE   ; 1      ; ROWCLKSEL_X64_Y36_N0_I0               ; ROWCLKSEL                 ;
;   11.085 ;   0.000 ;    ; RE   ; 1      ; GLOBAL_LOCAL_SEL_X64_Y36_N0_I0        ; GLOBAL_LOCAL_SEL          ;
;   11.085 ;   0.000 ;    ; RE   ; 7      ; LAB_INPUT_X64_Y36_N0_I0               ; LAB_INPUT                 ;
;   11.085 ;   0.000 ; RR ; IC   ; 1      ; FF_X64_Y36_N14                        ; state_array[2][1][42]|clk ;
;   11.649 ;   0.564 ; RR ; CELL ; 1      ; FF_X64_Y36_N14                        ; state_array[2][1][42]     ;
;   11.754 ;   0.105 ;    ;      ;        ;                                       ; clock pessimism removed   ;
; 11.654   ; -0.100  ;    ;      ;        ;                                       ; clock uncertainty         ;
; 11.654   ; 0.000   ;    ; uTsu ; 1      ; FF_X64_Y36_N14                        ; state_array[2][1][42]     ;
+----------+---------+----+------+--------+---------------------------------------+---------------------------+

----------------------------
; Extra Fitter Information ;
----------------------------
HTML report is unavailable in plain text report export.


Path #2: Setup slack is 0.243 
===============================================================================
+--------------------------------------------+
; Path Summary                               ;
+--------------------+-----------------------+
; Property           ; Value                 ;
+--------------------+-----------------------+
; From Node          ; state_array[4][4][51] ;
; To Node            ; state_array[3][1][16] ;
; Launch Clock       ; clk                   ;
; Latch Clock        ; clk                   ;
; Data Arrival Time  ; 11.401                ;
; Data Required Time ; 11.644                ;
; Slack              ; 0.243                 ;
+--------------------+-----------------------+

+-------------------------------------------------------------------------------------+
; Statistics                                                                          ;
+------------------------+--------+-------+-------------+------------+--------+-------+
; Property               ; Value  ; Count ; Total Delay ; % of Total ; Min    ; Max   ;
+------------------------+--------+-------+-------------+------------+--------+-------+
; Setup Relationship     ; 7.407  ;       ;             ;            ;        ;       ;
; Clock Skew             ; -0.156 ;       ;             ;            ;        ;       ;
; Data Delay             ; 6.908  ;       ;             ;            ;        ;       ;
; Number of Logic Levels ;        ; 4     ;             ;            ;        ;       ;
; Physical Delays        ;        ;       ;             ;            ;        ;       ;
;  Arrival Path          ;        ;       ;             ;            ;        ;       ;
;   Clock                ;        ;       ;             ;            ;        ;       ;
;    IC                  ;        ; 3     ; 0.001       ; 0          ; 0.000  ; 0.001 ;
;    Cell                ;        ; 3     ; 1.908       ; 42         ; 0.507  ; 0.739 ;
;    Routing Element     ;        ; 26    ; 2.584       ; 58         ; 0.000  ; 0.821 ;
;   Data                 ;        ;       ;             ;            ;        ;       ;
;    IC                  ;        ; 5     ; 0.000       ; 0          ; -0.001 ; 0.001 ;
;    Cell                ;        ; 6     ; 1.175       ; 17         ; 0.000  ; 0.602 ;
;    uTco                ;        ; 1     ; 0.000       ; 0          ; 0.000  ; 0.000 ;
;    Routing Element     ;        ; 31    ; 5.733       ; 83         ; 0.000  ; 0.452 ;
;  Required Path         ;        ;       ;             ;            ;        ;       ;
;   Clock                ;        ;       ;             ;            ;        ;       ;
;    IC                  ;        ; 3     ; 0.000       ; 0          ; 0.000  ; 0.000 ;
;    Cell                ;        ; 3     ; 1.773       ; 42         ; 0.470  ; 0.739 ;
;    Routing Element     ;        ; 26    ; 2.459       ; 58         ; 0.000  ; 0.776 ;
+------------------------+--------+-------+-------------+------------+--------+-------+
Note: Negative delays are omitted from totals when calculating percentages

+--------------------------------------------------------------------------------------------------------------------------------------+
; Data Arrival Path                                                                                                                    ;
+----------+----------+----+------+--------+-------------------------------------------+-----------------------------------------------+
; Total    ; Incr     ; RF ; Type ; Fanout ; Location                                  ; Element                                       ;
+----------+----------+----+------+--------+-------------------------------------------+-----------------------------------------------+
; 0.000    ; 0.000    ;    ;      ;        ;                                           ; launch edge time                              ;
; 4.493    ; 4.493    ;    ;      ;        ;                                           ; clock path                                    ;
;   0.000  ;   0.000  ;    ;      ;        ;                                           ; source latency                                ;
;   0.000  ;   0.000  ;    ;      ; 1      ; PIN_M16                                   ; clk                                           ;
;   0.000  ;   0.000  ;    ; RE   ; 1      ; IOPAD_X89_Y35_N60                         ; ARRIAV_IO_PAD                                 ;
;   0.000  ;   0.000  ;    ; RE   ; 1      ; IO_PAD_OUTPUT_X89_Y35_N60_I1              ; IO_PAD_OUTPUT                                 ;
;   0.000  ;   0.000  ;    ; RE   ; 1      ; IO_INPUT_BUFFER_INPUT_X89_Y35_N61_I0      ; IO_INPUT_BUFFER_INPUT                         ;
;   0.000  ;   0.000  ; RR ; IC   ; 1      ; IOIBUF_X89_Y35_N61                        ; clk~input|i                                   ;
;   0.739  ;   0.739  ; RR ; CELL ; 1      ; IOIBUF_X89_Y35_N61                        ; clk~input|o                                   ;
;   0.739  ;   0.000  ;    ; RE   ; 1      ; IOIBUF_X89_Y35_N61                        ; ARRIAV_IO_IBUF                                ;
;   0.739  ;   0.000  ;    ; RE   ; 1      ; IO_INPUT_BUFFER_OUTPUT_X89_Y35_N61_I2     ; IO_INPUT_BUFFER_OUTPUT                        ;
;   0.739  ;   0.000  ;    ; RE   ; 1      ; IO_RE_X89_Y35_N60_I96                     ; IO_RE                                         ;
;   0.833  ;   0.094  ;    ; RE   ; 1      ; IO_RE_X89_Y35_N60_I66                     ; IO_RE                                         ;
;   1.125  ;   0.292  ;    ; RE   ; 1      ; CLKBUF_CLUSTER_RE_X89_Y39_N3_I421         ; CLKBUF_CLUSTER_RE                             ;
;   1.125  ;   0.000  ;    ; RE   ; 1      ; CLKBUF_CLUSTER_RE_X89_Y39_N3_I788         ; CLKBUF_CLUSTER_RE                             ;
;   1.125  ;   0.000  ;    ; RE   ; 1      ; CLKBUF_CLUSTER_RE_X89_Y39_N3_I621         ; CLKBUF_CLUSTER_RE                             ;
;   1.125  ;   0.000  ;    ; RE   ; 1      ; GCLK_CLUSTER_RE_X89_Y39_N9_I10            ; GCLK_CLUSTER_RE                               ;
;   1.125  ;   0.000  ;    ; RE   ; 1      ; CLKBUFBLOCK_INPUT_X89_Y39_N10_I0          ; CLKBUFBLOCK_INPUT                             ;
;   1.125  ;   0.000  ; RR ; IC   ; 1      ; CLKCTRL_G10                               ; clk~inputCLKENA0|inclk                        ;
;   1.632  ;   0.507  ; RR ; CELL ; 1674   ; CLKCTRL_G10                               ; clk~inputCLKENA0|outclk                       ;
;   1.632  ;   0.000  ;    ; RE   ; 1      ; CLKCTRL_G10                               ; ARRIAV_CLKBUF                                 ;
;   1.632  ;   0.000  ;    ; RE   ; 1      ; CLKBUFBLOCK_OUTPUT_X89_Y39_N10_I2         ; CLKBUFBLOCK_OUTPUT                            ;
;   1.632  ;   0.000  ;    ; RE   ; 1      ; GCLK_CLUSTER_RE_X89_Y39_N9_I12            ; GCLK_CLUSTER_RE                               ;
;   1.632  ;   0.000  ;    ; RE   ; 1      ; CLKBUF_CLUSTER_RE_X89_Y39_N3_I417         ; CLKBUF_CLUSTER_RE                             ;
;   2.453  ;   0.821  ;    ; RE   ; 5      ; GLOBAL_CLOCK_X0_Y36_N0_I10                ; GLOBAL_CLOCK                                  ;
;   2.600  ;   0.147  ;    ; RE   ; 16     ; SPINE_CLOCK_X55_Y19_N0_I11                ; SPINE_CLOCK                                   ;
;   3.004  ;   0.404  ;    ; RE   ; 1      ; SCLK_TO_ROWCLK_BUF_X55_Y32_N0_I67         ; SCLK_TO_ROWCLK_BUF                            ;
;   3.098  ;   0.094  ;    ; RE   ; 2      ; SCLK_TO_ROWCLK_BUF_X55_Y32_N0_I70         ; SCLK_TO_ROWCLK_BUF                            ;
;   3.575  ;   0.477  ;    ; RE   ; 8      ; LAB_CLK_X56_Y32_N0_I5                     ; LAB_CLK                                       ;
;   3.715  ;   0.140  ;    ; RE   ; 1      ; BLK_CLK_BUF_X56_Y32_N0_I5                 ; BLK_CLK_BUF                                   ;
;   3.771  ;   0.056  ;    ; RE   ; 1      ; ROWCLKSEL_PREBUF_X56_Y32_N0_I5            ; ROWCLKSEL_PREBUF                              ;
;   3.830  ;   0.059  ;    ; RE   ; 1      ; ROWCLKSEL_X56_Y32_N0_I0                   ; ROWCLKSEL                                     ;
;   3.830  ;   0.000  ;    ; RE   ; 1      ; GLOBAL_LOCAL_SEL_X56_Y32_N0_I0            ; GLOBAL_LOCAL_SEL                              ;
;   3.830  ;   0.000  ;    ; RE   ; 5      ; LAB_INPUT_X56_Y32_N0_I0                   ; LAB_INPUT                                     ;
;   3.831  ;   0.001  ; RR ; IC   ; 1      ; FF_X56_Y32_N29                            ; state_array[4][4][51]|clk                     ;
;   4.493  ;   0.662  ; RR ; CELL ; 1      ; FF_X56_Y32_N29                            ; state_array[4][4][51]                         ;
; 11.401   ; 6.908    ;    ;      ;        ;                                           ; data path                                     ;
;   4.493  ;   0.000  ;    ; uTco ; 1      ; FF_X56_Y32_N29                            ; state_array[4][4][51]                         ;
;   4.493  ;   0.000  ; FF ; CELL ; 6      ; FF_X56_Y32_N29                            ; state_array[4][4][51]|q                       ;
;   4.553  ;   0.060  ;    ; RE   ; 2      ; FF_X56_Y32_N29                            ; ARRIAV_FF                                     ;
;   4.680  ;   0.127  ;    ; RE   ; 1      ; LE_BUFFER_X56_Y32_N0_I19                  ; LE_BUFFER                                     ;
;   4.997  ;   0.317  ;    ; RE   ; 1      ; R3_X56_Y32_N0_I11                         ; H_SEG3                                        ;
;   4.997  ;   0.000  ;    ; RE   ; 3      ; R14_C12_INTERCONNECT_DRIVER_X56_Y32_N0_I3 ; WIRE_MUX                                      ;
;   5.449  ;   0.452  ;    ; RE   ; 1      ; C12_X56_Y33_N0_I0                         ; V_SEG12                                       ;
;   5.827  ;   0.378  ;    ; RE   ; 1      ; C2_X56_Y39_N0_I18                         ; V_SEG2                                        ;
;   6.022  ;   0.195  ;    ; RE   ; 1      ; LOCAL_INTERCONNECT_X57_Y39_N0_I0          ; LAB_LINE                                      ;
;   6.155  ;   0.133  ;    ; RE   ; 1      ; BLOCK_INPUT_MUX_X57_Y39_N0_I13            ; LEIM_INPUT                                    ;
;   6.154  ;   -0.001 ; FF ; IC   ; 1      ; LABCELL_X57_Y39_N6                        ; KSU|u_theta|C[4][51]|datad                    ;
;   6.756  ;   0.602  ; FF ; CELL ; 2      ; LABCELL_X57_Y39_N6                        ; KSU|u_theta|C[4][51]|combout                  ;
;   6.756  ;   0.000  ;    ; RE   ; 2      ; LABCELL_X57_Y39_N6                        ; ARRIAV_LCELL_COMB                             ;
;   6.849  ;   0.093  ;    ; RE   ; 1      ; LE_BUFFER_X57_Y39_N0_I5                   ; LE_BUFFER                                     ;
;   7.215  ;   0.366  ;    ; RE   ; 1      ; C4_X56_Y35_N0_I5                          ; V_SEG4                                        ;
;   7.614  ;   0.399  ;    ; RE   ; 1      ; R3_X57_Y36_N0_I9                          ; H_SEG3                                        ;
;   7.882  ;   0.268  ;    ; RE   ; 1      ; R3_X60_Y36_N0_I7                          ; H_SEG3                                        ;
;   8.076  ;   0.194  ;    ; RE   ; 1      ; LOCAL_INTERCONNECT_X61_Y36_N0_I21         ; LAB_LINE                                      ;
;   8.205  ;   0.129  ;    ; RE   ; 1      ; BLOCK_INPUT_MUX_X61_Y36_N0_I39            ; LEIM_INPUT                                    ;
;   8.206  ;   0.001  ; FF ; IC   ; 1      ; LABCELL_X61_Y36_N27                       ; KSU|u_theta|state_array_o[3][0][52]~0|dataf   ;
;   8.296  ;   0.090  ; FF ; CELL ; 15     ; LABCELL_X61_Y36_N27                       ; KSU|u_theta|state_array_o[3][0][52]~0|combout ;
;   8.296  ;   0.000  ;    ; RE   ; 2      ; LABCELL_X61_Y36_N27                       ; ARRIAV_LCELL_COMB                             ;
;   8.375  ;   0.079  ;    ; RE   ; 1      ; LE_BUFFER_X61_Y36_N0_I18                  ; LE_BUFFER                                     ;
;   8.588  ;   0.213  ;    ; RE   ; 3      ; R3_X62_Y36_N0_I9                          ; H_SEG3                                        ;
;   8.588  ;   0.000  ;    ; RE   ; 2      ; R14_C12_INTERCONNECT_DRIVER_X62_Y36_N0_I3 ; WIRE_MUX                                      ;
;   8.977  ;   0.389  ;    ; RE   ; 3      ; C12_X62_Y24_N0_I1                         ; V_SEG12                                       ;
;   9.341  ;   0.364  ;    ; RE   ; 1      ; C2_X62_Y22_N0_I12                         ; V_SEG2                                        ;
;   9.562  ;   0.221  ;    ; RE   ; 1      ; R6_X63_Y22_N0_I1                          ; H_SEG6                                        ;
;   9.756  ;   0.194  ;    ; RE   ; 1      ; LOCAL_INTERCONNECT_X63_Y22_N0_I23         ; LAB_LINE                                      ;
;   9.877  ;   0.121  ;    ; RE   ; 1      ; BLOCK_INPUT_MUX_X63_Y22_N0_I49            ; LEIM_INPUT                                    ;
;   9.877  ;   0.000  ; FF ; IC   ; 1      ; LABCELL_X63_Y22_N36                       ; KSU|u_chi|state_array_o[3][1][16]|dataf       ;
;   9.967  ;   0.090  ; FF ; CELL ; 1      ; LABCELL_X63_Y22_N36                       ; KSU|u_chi|state_array_o[3][1][16]|combout     ;
;   9.967  ;   0.000  ;    ; RE   ; 1      ; LABCELL_X63_Y22_N36                       ; ARRIAV_LCELL_COMB                             ;
;   10.042 ;   0.075  ;    ; RE   ; 1      ; LE_BUFFER_X63_Y22_N0_I24                  ; LE_BUFFER                                     ;
;   10.322 ;   0.280  ;    ; RE   ; 1      ; C4_X63_Y23_N0_I0                          ; V_SEG4                                        ;
;   10.648 ;   0.326  ;    ; RE   ; 1      ; R6_X64_Y26_N0_I17                         ; H_SEG6                                        ;
;   10.883 ;   0.235  ;    ; RE   ; 1      ; LOCAL_INTERCONNECT_X64_Y26_N0_I17         ; LAB_LINE                                      ;
;   11.008 ;   0.125  ;    ; RE   ; 1      ; BLOCK_INPUT_MUX_X64_Y26_N0_I25            ; LEIM_INPUT                                    ;
;   11.008 ;   0.000  ; FF ; IC   ; 1      ; LABCELL_X64_Y26_N18                       ; state_array~550|dataf                         ;
;   11.094 ;   0.086  ; FF ; CELL ; 1      ; LABCELL_X64_Y26_N18                       ; state_array~550|combout                       ;
;   11.094 ;   0.000  ;    ; RE   ; 1      ; LABCELL_X64_Y26_N18                       ; ARRIAV_LCELL_COMB                             ;
;   11.094 ;   0.000  ; FF ; IC   ; 1      ; FF_X64_Y26_N20                            ; state_array[3][1][16]|d                       ;
;   11.401 ;   0.307  ; FF ; CELL ; 1      ; FF_X64_Y26_N20                            ; state_array[3][1][16]                         ;
+----------+----------+----+------+--------+-------------------------------------------+-----------------------------------------------+

+-------------------------------------------------------------------------------------------------------------+
; Data Required Path                                                                                          ;
+----------+---------+----+------+--------+---------------------------------------+---------------------------+
; Total    ; Incr    ; RF ; Type ; Fanout ; Location                              ; Element                   ;
+----------+---------+----+------+--------+---------------------------------------+---------------------------+
; 7.407    ; 7.407   ;    ;      ;        ;                                       ; latch edge time           ;
; 11.744   ; 4.337   ;    ;      ;        ;                                       ; clock path                ;
;   7.407  ;   0.000 ;    ;      ;        ;                                       ; source latency            ;
;   7.407  ;   0.000 ;    ;      ; 1      ; PIN_M16                               ; clk                       ;
;   7.407  ;   0.000 ;    ; RE   ; 1      ; IOPAD_X89_Y35_N60                     ; ARRIAV_IO_PAD             ;
;   7.407  ;   0.000 ;    ; RE   ; 1      ; IO_PAD_OUTPUT_X89_Y35_N60_I1          ; IO_PAD_OUTPUT             ;
;   7.407  ;   0.000 ;    ; RE   ; 1      ; IO_INPUT_BUFFER_INPUT_X89_Y35_N61_I0  ; IO_INPUT_BUFFER_INPUT     ;
;   7.407  ;   0.000 ; RR ; IC   ; 1      ; IOIBUF_X89_Y35_N61                    ; clk~input|i               ;
;   8.146  ;   0.739 ; RR ; CELL ; 1      ; IOIBUF_X89_Y35_N61                    ; clk~input|o               ;
;   8.146  ;   0.000 ;    ; RE   ; 1      ; IOIBUF_X89_Y35_N61                    ; ARRIAV_IO_IBUF            ;
;   8.146  ;   0.000 ;    ; RE   ; 1      ; IO_INPUT_BUFFER_OUTPUT_X89_Y35_N61_I2 ; IO_INPUT_BUFFER_OUTPUT    ;
;   8.146  ;   0.000 ;    ; RE   ; 1      ; IO_RE_X89_Y35_N60_I96                 ; IO_RE                     ;
;   8.234  ;   0.088 ;    ; RE   ; 1      ; IO_RE_X89_Y35_N60_I66                 ; IO_RE                     ;
;   8.509  ;   0.275 ;    ; RE   ; 1      ; CLKBUF_CLUSTER_RE_X89_Y39_N3_I421     ; CLKBUF_CLUSTER_RE         ;
;   8.509  ;   0.000 ;    ; RE   ; 1      ; CLKBUF_CLUSTER_RE_X89_Y39_N3_I788     ; CLKBUF_CLUSTER_RE         ;
;   8.509  ;   0.000 ;    ; RE   ; 1      ; CLKBUF_CLUSTER_RE_X89_Y39_N3_I621     ; CLKBUF_CLUSTER_RE         ;
;   8.509  ;   0.000 ;    ; RE   ; 1      ; GCLK_CLUSTER_RE_X89_Y39_N9_I10        ; GCLK_CLUSTER_RE           ;
;   8.509  ;   0.000 ;    ; RE   ; 1      ; CLKBUFBLOCK_INPUT_X89_Y39_N10_I0      ; CLKBUFBLOCK_INPUT         ;
;   8.509  ;   0.000 ; RR ; IC   ; 1      ; CLKCTRL_G10                           ; clk~inputCLKENA0|inclk    ;
;   8.979  ;   0.470 ; RR ; CELL ; 1674   ; CLKCTRL_G10                           ; clk~inputCLKENA0|outclk   ;
;   8.979  ;   0.000 ;    ; RE   ; 1      ; CLKCTRL_G10                           ; ARRIAV_CLKBUF             ;
;   8.979  ;   0.000 ;    ; RE   ; 1      ; CLKBUFBLOCK_OUTPUT_X89_Y39_N10_I2     ; CLKBUFBLOCK_OUTPUT        ;
;   8.979  ;   0.000 ;    ; RE   ; 1      ; GCLK_CLUSTER_RE_X89_Y39_N9_I12        ; GCLK_CLUSTER_RE           ;
;   8.979  ;   0.000 ;    ; RE   ; 1      ; CLKBUF_CLUSTER_RE_X89_Y39_N3_I417     ; CLKBUF_CLUSTER_RE         ;
;   9.755  ;   0.776 ;    ; RE   ; 5      ; GLOBAL_CLOCK_X0_Y36_N0_I10            ; GLOBAL_CLOCK              ;
;   9.888  ;   0.133 ;    ; RE   ; 16     ; SPINE_CLOCK_X55_Y19_N0_I11            ; SPINE_CLOCK               ;
;   10.279 ;   0.391 ;    ; RE   ; 1      ; SCLK_TO_ROWCLK_BUF_X55_Y26_N0_I67     ; SCLK_TO_ROWCLK_BUF        ;
;   10.370 ;   0.091 ;    ; RE   ; 2      ; SCLK_TO_ROWCLK_BUF_X55_Y26_N0_I70     ; SCLK_TO_ROWCLK_BUF        ;
;   10.837 ;   0.467 ;    ; RE   ; 10     ; LAB_CLK_X56_Y26_N0_I5                 ; LAB_CLK                   ;
;   10.966 ;   0.129 ;    ; RE   ; 1      ; BLK_CLK_BUF_X64_Y26_N0_I5             ; BLK_CLK_BUF               ;
;   11.020 ;   0.054 ;    ; RE   ; 1      ; ROWCLKSEL_PREBUF_X64_Y26_N0_I5        ; ROWCLKSEL_PREBUF          ;
;   11.075 ;   0.055 ;    ; RE   ; 1      ; ROWCLKSEL_X64_Y26_N0_I0               ; ROWCLKSEL                 ;
;   11.075 ;   0.000 ;    ; RE   ; 1      ; GLOBAL_LOCAL_SEL_X64_Y26_N0_I0        ; GLOBAL_LOCAL_SEL          ;
;   11.075 ;   0.000 ;    ; RE   ; 7      ; LAB_INPUT_X64_Y26_N0_I0               ; LAB_INPUT                 ;
;   11.075 ;   0.000 ; RR ; IC   ; 1      ; FF_X64_Y26_N20                        ; state_array[3][1][16]|clk ;
;   11.639 ;   0.564 ; RR ; CELL ; 1      ; FF_X64_Y26_N20                        ; state_array[3][1][16]     ;
;   11.744 ;   0.105 ;    ;      ;        ;                                       ; clock pessimism removed   ;
; 11.644   ; -0.100  ;    ;      ;        ;                                       ; clock uncertainty         ;
; 11.644   ; 0.000   ;    ; uTsu ; 1      ; FF_X64_Y26_N20                        ; state_array[3][1][16]     ;
+----------+---------+----+------+--------+---------------------------------------+---------------------------+

----------------------------
; Extra Fitter Information ;
----------------------------
HTML report is unavailable in plain text report export.


Path #3: Setup slack is 0.249 
===============================================================================
+--------------------------------------------+
; Path Summary                               ;
+--------------------+-----------------------+
; Property           ; Value                 ;
+--------------------+-----------------------+
; From Node          ; state_array[1][2][47] ;
; To Node            ; state_array[0][3][20] ;
; Launch Clock       ; clk                   ;
; Latch Clock        ; clk                   ;
; Data Arrival Time  ; 11.394                ;
; Data Required Time ; 11.643                ;
; Slack              ; 0.249                 ;
+--------------------+-----------------------+

+-------------------------------------------------------------------------------------+
; Statistics                                                                          ;
+------------------------+--------+-------+-------------+------------+--------+-------+
; Property               ; Value  ; Count ; Total Delay ; % of Total ; Min    ; Max   ;
+------------------------+--------+-------+-------------+------------+--------+-------+
; Setup Relationship     ; 7.407  ;       ;             ;            ;        ;       ;
; Clock Skew             ; -0.155 ;       ;             ;            ;        ;       ;
; Data Delay             ; 6.903  ;       ;             ;            ;        ;       ;
; Number of Logic Levels ;        ; 5     ;             ;            ;        ;       ;
; Physical Delays        ;        ;       ;             ;            ;        ;       ;
;  Arrival Path          ;        ;       ;             ;            ;        ;       ;
;   Clock                ;        ;       ;             ;            ;        ;       ;
;    IC                  ;        ; 3     ; -0.001      ; 0          ; -0.001 ; 0.000 ;
;    Cell                ;        ; 3     ; 1.901       ; 42         ; 0.507  ; 0.739 ;
;    Routing Element     ;        ; 26    ; 2.591       ; 58         ; 0.000  ; 0.821 ;
;   Data                 ;        ;       ;             ;            ;        ;       ;
;    IC                  ;        ; 6     ; -0.003      ; 0          ; -0.001 ; 0.000 ;
;    Cell                ;        ; 7     ; 1.263       ; 18         ; 0.000  ; 0.566 ;
;    uTco                ;        ; 1     ; 0.000       ; 0          ; 0.000  ; 0.000 ;
;    Routing Element     ;        ; 34    ; 5.643       ; 82         ; 0.000  ; 0.464 ;
;  Required Path         ;        ;       ;             ;            ;        ;       ;
;   Clock                ;        ;       ;             ;            ;        ;       ;
;    IC                  ;        ; 3     ; 0.000       ; 0          ; 0.000  ; 0.000 ;
;    Cell                ;        ; 3     ; 1.773       ; 42         ; 0.470  ; 0.739 ;
;    Routing Element     ;        ; 26    ; 2.458       ; 58         ; 0.000  ; 0.776 ;
+------------------------+--------+-------+-------------+------------+--------+-------+
Note: Negative delays are omitted from totals when calculating percentages

+--------------------------------------------------------------------------------------------------------------------------------------+
; Data Arrival Path                                                                                                                    ;
+----------+----------+----+------+--------+-------------------------------------------+-----------------------------------------------+
; Total    ; Incr     ; RF ; Type ; Fanout ; Location                                  ; Element                                       ;
+----------+----------+----+------+--------+-------------------------------------------+-----------------------------------------------+
; 0.000    ; 0.000    ;    ;      ;        ;                                           ; launch edge time                              ;
; 4.491    ; 4.491    ;    ;      ;        ;                                           ; clock path                                    ;
;   0.000  ;   0.000  ;    ;      ;        ;                                           ; source latency                                ;
;   0.000  ;   0.000  ;    ;      ; 1      ; PIN_M16                                   ; clk                                           ;
;   0.000  ;   0.000  ;    ; RE   ; 1      ; IOPAD_X89_Y35_N60                         ; ARRIAV_IO_PAD                                 ;
;   0.000  ;   0.000  ;    ; RE   ; 1      ; IO_PAD_OUTPUT_X89_Y35_N60_I1              ; IO_PAD_OUTPUT                                 ;
;   0.000  ;   0.000  ;    ; RE   ; 1      ; IO_INPUT_BUFFER_INPUT_X89_Y35_N61_I0      ; IO_INPUT_BUFFER_INPUT                         ;
;   0.000  ;   0.000  ; RR ; IC   ; 1      ; IOIBUF_X89_Y35_N61                        ; clk~input|i                                   ;
;   0.739  ;   0.739  ; RR ; CELL ; 1      ; IOIBUF_X89_Y35_N61                        ; clk~input|o                                   ;
;   0.739  ;   0.000  ;    ; RE   ; 1      ; IOIBUF_X89_Y35_N61                        ; ARRIAV_IO_IBUF                                ;
;   0.739  ;   0.000  ;    ; RE   ; 1      ; IO_INPUT_BUFFER_OUTPUT_X89_Y35_N61_I2     ; IO_INPUT_BUFFER_OUTPUT                        ;
;   0.739  ;   0.000  ;    ; RE   ; 1      ; IO_RE_X89_Y35_N60_I96                     ; IO_RE                                         ;
;   0.833  ;   0.094  ;    ; RE   ; 1      ; IO_RE_X89_Y35_N60_I66                     ; IO_RE                                         ;
;   1.125  ;   0.292  ;    ; RE   ; 1      ; CLKBUF_CLUSTER_RE_X89_Y39_N3_I421         ; CLKBUF_CLUSTER_RE                             ;
;   1.125  ;   0.000  ;    ; RE   ; 1      ; CLKBUF_CLUSTER_RE_X89_Y39_N3_I788         ; CLKBUF_CLUSTER_RE                             ;
;   1.125  ;   0.000  ;    ; RE   ; 1      ; CLKBUF_CLUSTER_RE_X89_Y39_N3_I621         ; CLKBUF_CLUSTER_RE                             ;
;   1.125  ;   0.000  ;    ; RE   ; 1      ; GCLK_CLUSTER_RE_X89_Y39_N9_I10            ; GCLK_CLUSTER_RE                               ;
;   1.125  ;   0.000  ;    ; RE   ; 1      ; CLKBUFBLOCK_INPUT_X89_Y39_N10_I0          ; CLKBUFBLOCK_INPUT                             ;
;   1.125  ;   0.000  ; RR ; IC   ; 1      ; CLKCTRL_G10                               ; clk~inputCLKENA0|inclk                        ;
;   1.632  ;   0.507  ; RR ; CELL ; 1674   ; CLKCTRL_G10                               ; clk~inputCLKENA0|outclk                       ;
;   1.632  ;   0.000  ;    ; RE   ; 1      ; CLKCTRL_G10                               ; ARRIAV_CLKBUF                                 ;
;   1.632  ;   0.000  ;    ; RE   ; 1      ; CLKBUFBLOCK_OUTPUT_X89_Y39_N10_I2         ; CLKBUFBLOCK_OUTPUT                            ;
;   1.632  ;   0.000  ;    ; RE   ; 1      ; GCLK_CLUSTER_RE_X89_Y39_N9_I12            ; GCLK_CLUSTER_RE                               ;
;   1.632  ;   0.000  ;    ; RE   ; 1      ; CLKBUF_CLUSTER_RE_X89_Y39_N3_I417         ; CLKBUF_CLUSTER_RE                             ;
;   2.453  ;   0.821  ;    ; RE   ; 5      ; GLOBAL_CLOCK_X0_Y36_N0_I10                ; GLOBAL_CLOCK                                  ;
;   2.601  ;   0.148  ;    ; RE   ; 16     ; SPINE_CLOCK_X55_Y19_N0_I11                ; SPINE_CLOCK                                   ;
;   3.005  ;   0.404  ;    ; RE   ; 1      ; SCLK_TO_ROWCLK_BUF_X55_Y34_N0_I67         ; SCLK_TO_ROWCLK_BUF                            ;
;   3.099  ;   0.094  ;    ; RE   ; 2      ; SCLK_TO_ROWCLK_BUF_X55_Y34_N0_I70         ; SCLK_TO_ROWCLK_BUF                            ;
;   3.581  ;   0.482  ;    ; RE   ; 10     ; LAB_CLK_X56_Y34_N0_I5                     ; LAB_CLK                                       ;
;   3.721  ;   0.140  ;    ; RE   ; 1      ; BLK_CLK_BUF_X60_Y34_N0_I5                 ; BLK_CLK_BUF                                   ;
;   3.778  ;   0.057  ;    ; RE   ; 1      ; ROWCLKSEL_PREBUF_X60_Y34_N0_I5            ; ROWCLKSEL_PREBUF                              ;
;   3.837  ;   0.059  ;    ; RE   ; 1      ; ROWCLKSEL_X60_Y34_N0_I0                   ; ROWCLKSEL                                     ;
;   3.837  ;   0.000  ;    ; RE   ; 1      ; GLOBAL_LOCAL_SEL_X60_Y34_N0_I0            ; GLOBAL_LOCAL_SEL                              ;
;   3.837  ;   0.000  ;    ; RE   ; 6      ; LAB_INPUT_X60_Y34_N0_I0                   ; LAB_INPUT                                     ;
;   3.836  ;   -0.001 ; RR ; IC   ; 1      ; FF_X60_Y34_N38                            ; state_array[1][2][47]|clk                     ;
;   4.491  ;   0.655  ; RR ; CELL ; 1      ; FF_X60_Y34_N38                            ; state_array[1][2][47]                         ;
; 11.394   ; 6.903    ;    ;      ;        ;                                           ; data path                                     ;
;   4.491  ;   0.000  ;    ; uTco ; 1      ; FF_X60_Y34_N38                            ; state_array[1][2][47]                         ;
;   4.491  ;   0.000  ; FF ; CELL ; 7      ; FF_X60_Y34_N38                            ; state_array[1][2][47]|q                       ;
;   4.550  ;   0.059  ;    ; RE   ; 2      ; FF_X60_Y34_N38                            ; ARRIAV_FF                                     ;
;   4.650  ;   0.100  ;    ; RE   ; 2      ; LE_BUFFER_X60_Y34_N0_I25                  ; LE_BUFFER                                     ;
;   4.869  ;   0.219  ;    ; RE   ; 1      ; C2_X59_Y35_N0_I1                          ; V_SEG2                                        ;
;   5.117  ;   0.248  ;    ; RE   ; 1      ; R3_X60_Y35_N0_I8                          ; H_SEG3                                        ;
;   5.314  ;   0.197  ;    ; RE   ; 1      ; LOCAL_INTERCONNECT_X61_Y35_N0_I30         ; LAB_LINE                                      ;
;   5.443  ;   0.129  ;    ; RE   ; 1      ; BLOCK_INPUT_MUX_X61_Y35_N0_I44            ; LEIM_INPUT                                    ;
;   5.442  ;   -0.001 ; FF ; IC   ; 1      ; LABCELL_X61_Y35_N30                       ; KSU|u_theta|C[1][47]|datac                    ;
;   6.008  ;   0.566  ; FF ; CELL ; 2      ; LABCELL_X61_Y35_N30                       ; KSU|u_theta|C[1][47]|combout                  ;
;   6.008  ;   0.000  ;    ; RE   ; 2      ; LABCELL_X61_Y35_N30                       ; ARRIAV_LCELL_COMB                             ;
;   6.124  ;   0.116  ;    ; RE   ; 1      ; LE_BUFFER_X61_Y35_N0_I21                  ; LE_BUFFER                                     ;
;   6.386  ;   0.262  ;    ; RE   ; 1      ; R3_X58_Y35_N0_I19                         ; H_SEG3                                        ;
;   6.632  ;   0.246  ;    ; RE   ; 1      ; C2_X57_Y36_N0_I1                          ; V_SEG2                                        ;
;   7.096  ;   0.464  ;    ; RE   ; 1      ; R6_X52_Y36_N0_I26                         ; H_SEG6                                        ;
;   7.390  ;   0.294  ;    ; RE   ; 1      ; LOCAL_INTERCONNECT_X53_Y36_N0_I28         ; LAB_LINE                                      ;
;   7.531  ;   0.141  ;    ; RE   ; 1      ; BLOCK_INPUT_MUX_X53_Y36_N0_I23            ; LEIM_INPUT                                    ;
;   7.531  ;   0.000  ; FF ; IC   ; 1      ; LABCELL_X53_Y36_N15                       ; KSU|u_theta|state_array_o[0][4][48]~0|dataf   ;
;   7.626  ;   0.095  ; FF ; CELL ; 6      ; LABCELL_X53_Y36_N15                       ; KSU|u_theta|state_array_o[0][4][48]~0|combout ;
;   7.626  ;   0.000  ;    ; RE   ; 3      ; LABCELL_X53_Y36_N15                       ; ARRIAV_LCELL_COMB                             ;
;   7.706  ;   0.080  ;    ; RE   ; 1      ; LE_BUFFER_X53_Y36_N0_I10                  ; LE_BUFFER                                     ;
;   7.900  ;   0.194  ;    ; RE   ; 1      ; R3_X51_Y36_N0_I18                         ; H_SEG3                                        ;
;   7.900  ;   0.000  ;    ; RE   ; 1      ; R14_C12_INTERCONNECT_DRIVER_X53_Y36_N0_I1 ; WIRE_MUX                                      ;
;   8.191  ;   0.291  ;    ; RE   ; 2      ; R14_X54_Y36_N0_I0                         ; H_SEG14                                       ;
;   8.191  ;   0.000  ;    ; RE   ; 1      ; R14_C12_INTERCONNECT_DRIVER_X67_Y36_N0_I2 ; WIRE_MUX                                      ;
;   8.584  ;   0.393  ;    ; RE   ; 1      ; C12_X67_Y24_N0_I1                         ; V_SEG12                                       ;
;   8.950  ;   0.366  ;    ; RE   ; 1      ; C2_X67_Y28_N0_I14                         ; V_SEG2                                        ;
;   9.178  ;   0.228  ;    ; RE   ; 1      ; R3_X65_Y28_N0_I20                         ; H_SEG3                                        ;
;   9.358  ;   0.180  ;    ; RE   ; 1      ; LOCAL_INTERCONNECT_X67_Y28_N0_I28         ; LAB_LINE                                      ;
;   9.503  ;   0.145  ;    ; RE   ; 1      ; BLOCK_INPUT_MUX_X67_Y28_N0_I71            ; LEIM_INPUT                                    ;
;   9.502  ;   -0.001 ; FF ; IC   ; 1      ; LABCELL_X67_Y28_N51                       ; KSU|u_theta|state_array_o[0][1][48]|dataf     ;
;   9.608  ;   0.106  ; FR ; CELL ; 3      ; LABCELL_X67_Y28_N51                       ; KSU|u_theta|state_array_o[0][1][48]|combout   ;
;   9.608  ;   0.000  ;    ; RE   ; 1      ; LABCELL_X67_Y28_N51                       ; ARRIAV_LCELL_COMB                             ;
;   9.759  ;   0.151  ;    ; RE   ; 3      ; LOCAL_LINE_X67_Y28_N0_I17                 ; LOCAL_LINE                                    ;
;   9.947  ;   0.188  ;    ; RE   ; 1      ; BLOCK_INPUT_MUX_X67_Y28_N0_I39            ; LEIM_INPUT                                    ;
;   9.947  ;   0.000  ; RR ; IC   ; 1      ; LABCELL_X67_Y28_N27                       ; KSU|u_chi|state_array_o[0][3][20]|dataf       ;
;   10.050 ;   0.103  ; RF ; CELL ; 1      ; LABCELL_X67_Y28_N27                       ; KSU|u_chi|state_array_o[0][3][20]|combout     ;
;   10.050 ;   0.000  ;    ; RE   ; 1      ; LABCELL_X67_Y28_N27                       ; ARRIAV_LCELL_COMB                             ;
;   10.125 ;   0.075  ;    ; RE   ; 1      ; LE_BUFFER_X67_Y28_N0_I18                  ; LE_BUFFER                                     ;
;   10.400 ;   0.275  ;    ; RE   ; 1      ; C4_X67_Y24_N0_I7                          ; V_SEG4                                        ;
;   10.702 ;   0.302  ;    ; RE   ; 1      ; R3_X65_Y24_N0_I22                         ; H_SEG3                                        ;
;   10.884 ;   0.182  ;    ; RE   ; 1      ; LOCAL_INTERCONNECT_X66_Y24_N0_I18         ; LAB_LINE                                      ;
;   11.002 ;   0.118  ;    ; RE   ; 1      ; BLOCK_INPUT_MUX_X66_Y24_N0_I73            ; LEIM_INPUT                                    ;
;   11.001 ;   -0.001 ; FF ; IC   ; 1      ; LABCELL_X66_Y24_N54                       ; state_array~703|dataf                         ;
;   11.087 ;   0.086  ; FF ; CELL ; 1      ; LABCELL_X66_Y24_N54                       ; state_array~703|combout                       ;
;   11.087 ;   0.000  ;    ; RE   ; 1      ; LABCELL_X66_Y24_N54                       ; ARRIAV_LCELL_COMB                             ;
;   11.087 ;   0.000  ; FF ; IC   ; 1      ; FF_X66_Y24_N56                            ; state_array[0][3][20]|d                       ;
;   11.394 ;   0.307  ; FF ; CELL ; 1      ; FF_X66_Y24_N56                            ; state_array[0][3][20]                         ;
+----------+----------+----+------+--------+-------------------------------------------+-----------------------------------------------+

+-------------------------------------------------------------------------------------------------------------+
; Data Required Path                                                                                          ;
+----------+---------+----+------+--------+---------------------------------------+---------------------------+
; Total    ; Incr    ; RF ; Type ; Fanout ; Location                              ; Element                   ;
+----------+---------+----+------+--------+---------------------------------------+---------------------------+
; 7.407    ; 7.407   ;    ;      ;        ;                                       ; latch edge time           ;
; 11.743   ; 4.336   ;    ;      ;        ;                                       ; clock path                ;
;   7.407  ;   0.000 ;    ;      ;        ;                                       ; source latency            ;
;   7.407  ;   0.000 ;    ;      ; 1      ; PIN_M16                               ; clk                       ;
;   7.407  ;   0.000 ;    ; RE   ; 1      ; IOPAD_X89_Y35_N60                     ; ARRIAV_IO_PAD             ;
;   7.407  ;   0.000 ;    ; RE   ; 1      ; IO_PAD_OUTPUT_X89_Y35_N60_I1          ; IO_PAD_OUTPUT             ;
;   7.407  ;   0.000 ;    ; RE   ; 1      ; IO_INPUT_BUFFER_INPUT_X89_Y35_N61_I0  ; IO_INPUT_BUFFER_INPUT     ;
;   7.407  ;   0.000 ; RR ; IC   ; 1      ; IOIBUF_X89_Y35_N61                    ; clk~input|i               ;
;   8.146  ;   0.739 ; RR ; CELL ; 1      ; IOIBUF_X89_Y35_N61                    ; clk~input|o               ;
;   8.146  ;   0.000 ;    ; RE   ; 1      ; IOIBUF_X89_Y35_N61                    ; ARRIAV_IO_IBUF            ;
;   8.146  ;   0.000 ;    ; RE   ; 1      ; IO_INPUT_BUFFER_OUTPUT_X89_Y35_N61_I2 ; IO_INPUT_BUFFER_OUTPUT    ;
;   8.146  ;   0.000 ;    ; RE   ; 1      ; IO_RE_X89_Y35_N60_I96                 ; IO_RE                     ;
;   8.234  ;   0.088 ;    ; RE   ; 1      ; IO_RE_X89_Y35_N60_I66                 ; IO_RE                     ;
;   8.509  ;   0.275 ;    ; RE   ; 1      ; CLKBUF_CLUSTER_RE_X89_Y39_N3_I421     ; CLKBUF_CLUSTER_RE         ;
;   8.509  ;   0.000 ;    ; RE   ; 1      ; CLKBUF_CLUSTER_RE_X89_Y39_N3_I788     ; CLKBUF_CLUSTER_RE         ;
;   8.509  ;   0.000 ;    ; RE   ; 1      ; CLKBUF_CLUSTER_RE_X89_Y39_N3_I621     ; CLKBUF_CLUSTER_RE         ;
;   8.509  ;   0.000 ;    ; RE   ; 1      ; GCLK_CLUSTER_RE_X89_Y39_N9_I10        ; GCLK_CLUSTER_RE           ;
;   8.509  ;   0.000 ;    ; RE   ; 1      ; CLKBUFBLOCK_INPUT_X89_Y39_N10_I0      ; CLKBUFBLOCK_INPUT         ;
;   8.509  ;   0.000 ; RR ; IC   ; 1      ; CLKCTRL_G10                           ; clk~inputCLKENA0|inclk    ;
;   8.979  ;   0.470 ; RR ; CELL ; 1674   ; CLKCTRL_G10                           ; clk~inputCLKENA0|outclk   ;
;   8.979  ;   0.000 ;    ; RE   ; 1      ; CLKCTRL_G10                           ; ARRIAV_CLKBUF             ;
;   8.979  ;   0.000 ;    ; RE   ; 1      ; CLKBUFBLOCK_OUTPUT_X89_Y39_N10_I2     ; CLKBUFBLOCK_OUTPUT        ;
;   8.979  ;   0.000 ;    ; RE   ; 1      ; GCLK_CLUSTER_RE_X89_Y39_N9_I12        ; GCLK_CLUSTER_RE           ;
;   8.979  ;   0.000 ;    ; RE   ; 1      ; CLKBUF_CLUSTER_RE_X89_Y39_N3_I417     ; CLKBUF_CLUSTER_RE         ;
;   9.755  ;   0.776 ;    ; RE   ; 5      ; GLOBAL_CLOCK_X0_Y36_N0_I10            ; GLOBAL_CLOCK              ;
;   9.887  ;   0.132 ;    ; RE   ; 16     ; SPINE_CLOCK_X55_Y19_N0_I11            ; SPINE_CLOCK               ;
;   10.278 ;   0.391 ;    ; RE   ; 1      ; SCLK_TO_ROWCLK_BUF_X55_Y24_N0_I67     ; SCLK_TO_ROWCLK_BUF        ;
;   10.369 ;   0.091 ;    ; RE   ; 2      ; SCLK_TO_ROWCLK_BUF_X55_Y24_N0_I70     ; SCLK_TO_ROWCLK_BUF        ;
;   10.836 ;   0.467 ;    ; RE   ; 10     ; LAB_CLK_X56_Y24_N0_I5                 ; LAB_CLK                   ;
;   10.965 ;   0.129 ;    ; RE   ; 1      ; BLK_CLK_BUF_X66_Y24_N0_I5             ; BLK_CLK_BUF               ;
;   11.019 ;   0.054 ;    ; RE   ; 1      ; ROWCLKSEL_PREBUF_X66_Y24_N0_I5        ; ROWCLKSEL_PREBUF          ;
;   11.074 ;   0.055 ;    ; RE   ; 1      ; ROWCLKSEL_X66_Y24_N0_I0               ; ROWCLKSEL                 ;
;   11.074 ;   0.000 ;    ; RE   ; 1      ; GLOBAL_LOCAL_SEL_X66_Y24_N0_I0        ; GLOBAL_LOCAL_SEL          ;
;   11.074 ;   0.000 ;    ; RE   ; 5      ; LAB_INPUT_X66_Y24_N0_I0               ; LAB_INPUT                 ;
;   11.074 ;   0.000 ; RR ; IC   ; 1      ; FF_X66_Y24_N56                        ; state_array[0][3][20]|clk ;
;   11.638 ;   0.564 ; RR ; CELL ; 1      ; FF_X66_Y24_N56                        ; state_array[0][3][20]     ;
;   11.743 ;   0.105 ;    ;      ;        ;                                       ; clock pessimism removed   ;
; 11.643   ; -0.100  ;    ;      ;        ;                                       ; clock uncertainty         ;
; 11.643   ; 0.000   ;    ; uTsu ; 1      ; FF_X66_Y24_N56                        ; state_array[0][3][20]     ;
+----------+---------+----+------+--------+---------------------------------------+---------------------------+

----------------------------
; Extra Fitter Information ;
----------------------------
HTML report is unavailable in plain text report export.


Path #4: Setup slack is 0.255 
===============================================================================
+--------------------------------------------+
; Path Summary                               ;
+--------------------+-----------------------+
; Property           ; Value                 ;
+--------------------+-----------------------+
; From Node          ; state_array[1][4][38] ;
; To Node            ; state_array[1][1][42] ;
; Launch Clock       ; clk                   ;
; Latch Clock        ; clk                   ;
; Data Arrival Time  ; 11.420                ;
; Data Required Time ; 11.675                ;
; Slack              ; 0.255                 ;
+--------------------+-----------------------+

+-------------------------------------------------------------------------------------+
; Statistics                                                                          ;
+------------------------+--------+-------+-------------+------------+--------+-------+
; Property               ; Value  ; Count ; Total Delay ; % of Total ; Min    ; Max   ;
+------------------------+--------+-------+-------------+------------+--------+-------+
; Setup Relationship     ; 7.407  ;       ;             ;            ;        ;       ;
; Clock Skew             ; -0.095 ;       ;             ;            ;        ;       ;
; Data Delay             ; 6.957  ;       ;             ;            ;        ;       ;
; Number of Logic Levels ;        ; 5     ;             ;            ;        ;       ;
; Physical Delays        ;        ;       ;             ;            ;        ;       ;
;  Arrival Path          ;        ;       ;             ;            ;        ;       ;
;   Clock                ;        ;       ;             ;            ;        ;       ;
;    IC                  ;        ; 3     ; -0.002      ; 0          ; -0.002 ; 0.000 ;
;    Cell                ;        ; 3     ; 1.901       ; 43         ; 0.507  ; 0.739 ;
;    Routing Element     ;        ; 26    ; 2.564       ; 57         ; 0.000  ; 0.821 ;
;   Data                 ;        ;       ;             ;            ;        ;       ;
;    IC                  ;        ; 6     ; -0.002      ; 0          ; -0.001 ; 0.001 ;
;    Cell                ;        ; 7     ; 1.300       ; 19         ; 0.000  ; 0.600 ;
;    uTco                ;        ; 1     ; 0.000       ; 0          ; 0.000  ; 0.000 ;
;    Routing Element     ;        ; 29    ; 5.659       ; 81         ; 0.000  ; 0.548 ;
;  Required Path         ;        ;       ;             ;            ;        ;       ;
;   Clock                ;        ;       ;             ;            ;        ;       ;
;    IC                  ;        ; 3     ; 0.000       ; 0          ; 0.000  ; 0.000 ;
;    Cell                ;        ; 3     ; 1.780       ; 41         ; 0.470  ; 0.739 ;
;    Routing Element     ;        ; 26    ; 2.528       ; 59         ; 0.000  ; 0.792 ;
+------------------------+--------+-------+-------------+------------+--------+-------+
Note: Negative delays are omitted from totals when calculating percentages

+--------------------------------------------------------------------------------------------------------------------------------------+
; Data Arrival Path                                                                                                                    ;
+----------+----------+----+------+--------+-------------------------------------------+-----------------------------------------------+
; Total    ; Incr     ; RF ; Type ; Fanout ; Location                                  ; Element                                       ;
+----------+----------+----+------+--------+-------------------------------------------+-----------------------------------------------+
; 0.000    ; 0.000    ;    ;      ;        ;                                           ; launch edge time                              ;
; 4.463    ; 4.463    ;    ;      ;        ;                                           ; clock path                                    ;
;   0.000  ;   0.000  ;    ;      ;        ;                                           ; source latency                                ;
;   0.000  ;   0.000  ;    ;      ; 1      ; PIN_M16                                   ; clk                                           ;
;   0.000  ;   0.000  ;    ; RE   ; 1      ; IOPAD_X89_Y35_N60                         ; ARRIAV_IO_PAD                                 ;
;   0.000  ;   0.000  ;    ; RE   ; 1      ; IO_PAD_OUTPUT_X89_Y35_N60_I1              ; IO_PAD_OUTPUT                                 ;
;   0.000  ;   0.000  ;    ; RE   ; 1      ; IO_INPUT_BUFFER_INPUT_X89_Y35_N61_I0      ; IO_INPUT_BUFFER_INPUT                         ;
;   0.000  ;   0.000  ; RR ; IC   ; 1      ; IOIBUF_X89_Y35_N61                        ; clk~input|i                                   ;
;   0.739  ;   0.739  ; RR ; CELL ; 1      ; IOIBUF_X89_Y35_N61                        ; clk~input|o                                   ;
;   0.739  ;   0.000  ;    ; RE   ; 1      ; IOIBUF_X89_Y35_N61                        ; ARRIAV_IO_IBUF                                ;
;   0.739  ;   0.000  ;    ; RE   ; 1      ; IO_INPUT_BUFFER_OUTPUT_X89_Y35_N61_I2     ; IO_INPUT_BUFFER_OUTPUT                        ;
;   0.739  ;   0.000  ;    ; RE   ; 1      ; IO_RE_X89_Y35_N60_I96                     ; IO_RE                                         ;
;   0.833  ;   0.094  ;    ; RE   ; 1      ; IO_RE_X89_Y35_N60_I66                     ; IO_RE                                         ;
;   1.125  ;   0.292  ;    ; RE   ; 1      ; CLKBUF_CLUSTER_RE_X89_Y39_N3_I421         ; CLKBUF_CLUSTER_RE                             ;
;   1.125  ;   0.000  ;    ; RE   ; 1      ; CLKBUF_CLUSTER_RE_X89_Y39_N3_I788         ; CLKBUF_CLUSTER_RE                             ;
;   1.125  ;   0.000  ;    ; RE   ; 1      ; CLKBUF_CLUSTER_RE_X89_Y39_N3_I621         ; CLKBUF_CLUSTER_RE                             ;
;   1.125  ;   0.000  ;    ; RE   ; 1      ; GCLK_CLUSTER_RE_X89_Y39_N9_I10            ; GCLK_CLUSTER_RE                               ;
;   1.125  ;   0.000  ;    ; RE   ; 1      ; CLKBUFBLOCK_INPUT_X89_Y39_N10_I0          ; CLKBUFBLOCK_INPUT                             ;
;   1.125  ;   0.000  ; RR ; IC   ; 1      ; CLKCTRL_G10                               ; clk~inputCLKENA0|inclk                        ;
;   1.632  ;   0.507  ; RR ; CELL ; 1674   ; CLKCTRL_G10                               ; clk~inputCLKENA0|outclk                       ;
;   1.632  ;   0.000  ;    ; RE   ; 1      ; CLKCTRL_G10                               ; ARRIAV_CLKBUF                                 ;
;   1.632  ;   0.000  ;    ; RE   ; 1      ; CLKBUFBLOCK_OUTPUT_X89_Y39_N10_I2         ; CLKBUFBLOCK_OUTPUT                            ;
;   1.632  ;   0.000  ;    ; RE   ; 1      ; GCLK_CLUSTER_RE_X89_Y39_N9_I12            ; GCLK_CLUSTER_RE                               ;
;   1.632  ;   0.000  ;    ; RE   ; 1      ; CLKBUF_CLUSTER_RE_X89_Y39_N3_I417         ; CLKBUF_CLUSTER_RE                             ;
;   2.453  ;   0.821  ;    ; RE   ; 5      ; GLOBAL_CLOCK_X0_Y36_N0_I10                ; GLOBAL_CLOCK                                  ;
;   2.591  ;   0.138  ;    ; RE   ; 16     ; SPINE_CLOCK_X55_Y19_N0_I11                ; SPINE_CLOCK                                   ;
;   2.996  ;   0.405  ;    ; RE   ; 1      ; SCLK_TO_ROWCLK_BUF_X55_Y22_N0_I67         ; SCLK_TO_ROWCLK_BUF                            ;
;   3.080  ;   0.084  ;    ; RE   ; 1      ; SCLK_TO_ROWCLK_BUF_X55_Y22_N0_I70         ; SCLK_TO_ROWCLK_BUF                            ;
;   3.555  ;   0.475  ;    ; RE   ; 7      ; LAB_CLK_X56_Y22_N0_I5                     ; LAB_CLK                                       ;
;   3.694  ;   0.139  ;    ; RE   ; 1      ; BLK_CLK_BUF_X61_Y22_N0_I5                 ; BLK_CLK_BUF                                   ;
;   3.751  ;   0.057  ;    ; RE   ; 1      ; ROWCLKSEL_PREBUF_X61_Y22_N0_I5            ; ROWCLKSEL_PREBUF                              ;
;   3.810  ;   0.059  ;    ; RE   ; 1      ; ROWCLKSEL_X61_Y22_N0_I0                   ; ROWCLKSEL                                     ;
;   3.810  ;   0.000  ;    ; RE   ; 1      ; GLOBAL_LOCAL_SEL_X61_Y22_N0_I0            ; GLOBAL_LOCAL_SEL                              ;
;   3.810  ;   0.000  ;    ; RE   ; 3      ; LAB_INPUT_X61_Y22_N0_I0                   ; LAB_INPUT                                     ;
;   3.808  ;   -0.002 ; RR ; IC   ; 1      ; FF_X61_Y22_N32                            ; state_array[1][4][38]|clk                     ;
;   4.463  ;   0.655  ; RR ; CELL ; 1      ; FF_X61_Y22_N32                            ; state_array[1][4][38]                         ;
; 11.420   ; 6.957    ;    ;      ;        ;                                           ; data path                                     ;
;   4.463  ;   0.000  ;    ; uTco ; 1      ; FF_X61_Y22_N32                            ; state_array[1][4][38]                         ;
;   4.463  ;   0.000  ; FF ; CELL ; 6      ; FF_X61_Y22_N32                            ; state_array[1][4][38]|q                       ;
;   4.522  ;   0.059  ;    ; RE   ; 2      ; FF_X61_Y22_N32                            ; ARRIAV_FF                                     ;
;   4.644  ;   0.122  ;    ; RE   ; 2      ; LE_BUFFER_X61_Y22_N0_I21                  ; LE_BUFFER                                     ;
;   5.007  ;   0.363  ;    ; RE   ; 2      ; C4_X60_Y23_N0_I3                          ; V_SEG4                                        ;
;   5.340  ;   0.333  ;    ; RE   ; 1      ; R3_X58_Y25_N0_I19                         ; H_SEG3                                        ;
;   5.525  ;   0.185  ;    ; RE   ; 1      ; LOCAL_INTERCONNECT_X60_Y25_N0_I27         ; LAB_LINE                                      ;
;   5.662  ;   0.137  ;    ; RE   ; 1      ; BLOCK_INPUT_MUX_X60_Y25_N0_I61            ; LEIM_INPUT                                    ;
;   5.661  ;   -0.001 ; FF ; IC   ; 1      ; LABCELL_X60_Y25_N42                       ; KSU|u_theta|C[1][38]|datad                    ;
;   6.261  ;   0.600  ; FF ; CELL ; 2      ; LABCELL_X60_Y25_N42                       ; KSU|u_theta|C[1][38]|combout                  ;
;   6.261  ;   0.000  ;    ; RE   ; 2      ; LABCELL_X60_Y25_N42                       ; ARRIAV_LCELL_COMB                             ;
;   6.356  ;   0.095  ;    ; RE   ; 1      ; LE_BUFFER_X60_Y25_N0_I29                  ; LE_BUFFER                                     ;
;   6.625  ;   0.269  ;    ; RE   ; 1      ; C4_X59_Y26_N0_I0                          ; V_SEG4                                        ;
;   6.986  ;   0.361  ;    ; RE   ; 1      ; R3_X57_Y27_N0_I17                         ; H_SEG3                                        ;
;   7.431  ;   0.445  ;    ; RE   ; 1      ; R6_X51_Y27_N0_I39                         ; H_SEG6                                        ;
;   7.732  ;   0.301  ;    ; RE   ; 1      ; LOCAL_INTERCONNECT_X51_Y27_N0_I17         ; LAB_LINE                                      ;
;   7.874  ;   0.142  ;    ; RE   ; 1      ; BLOCK_INPUT_MUX_X51_Y27_N0_I23            ; LEIM_INPUT                                    ;
;   7.875  ;   0.001  ; FF ; IC   ; 1      ; LABCELL_X51_Y27_N15                       ; KSU|u_theta|state_array_o[0][0][39]~0|dataf   ;
;   7.970  ;   0.095  ; FF ; CELL ; 5      ; LABCELL_X51_Y27_N15                       ; KSU|u_theta|state_array_o[0][0][39]~0|combout ;
;   7.970  ;   0.000  ;    ; RE   ; 3      ; LABCELL_X51_Y27_N15                       ; ARRIAV_LCELL_COMB                             ;
;   8.073  ;   0.103  ;    ; RE   ; 1      ; LE_BUFFER_X51_Y27_N0_I11                  ; LE_BUFFER                                     ;
;   8.301  ;   0.228  ;    ; RE   ; 1      ; R3_X51_Y27_N0_I4                          ; H_SEG3                                        ;
;   8.301  ;   0.000  ;    ; RE   ; 1      ; R14_C12_INTERCONNECT_DRIVER_X51_Y27_N0_I1 ; WIRE_MUX                                      ;
;   8.706  ;   0.405  ;    ; RE   ; 1      ; C12_X51_Y28_N0_I0                         ; V_SEG12                                       ;
;   9.254  ;   0.548  ;    ; RE   ; 1      ; R6_X52_Y37_N0_I0                          ; H_SEG6                                        ;
;   9.764  ;   0.510  ;    ; RE   ; 1      ; R6_X57_Y37_N0_I3                          ; H_SEG6                                        ;
;   10.042 ;   0.278  ;    ; RE   ; 1      ; LOCAL_INTERCONNECT_X63_Y37_N0_I6          ; LAB_LINE                                      ;
;   10.179 ;   0.137  ;    ; RE   ; 1      ; BLOCK_INPUT_MUX_X63_Y37_N0_I15            ; LEIM_INPUT                                    ;
;   10.179 ;   0.000  ; FF ; IC   ; 1      ; LABCELL_X63_Y37_N9                        ; KSU|u_theta|state_array_o[0][2][39]|dataf     ;
;   10.287 ;   0.108  ; FR ; CELL ; 3      ; LABCELL_X63_Y37_N9                        ; KSU|u_theta|state_array_o[0][2][39]|combout   ;
;   10.287 ;   0.000  ;    ; RE   ; 2      ; LABCELL_X63_Y37_N9                        ; ARRIAV_LCELL_COMB                             ;
;   10.426 ;   0.139  ;    ; RE   ; 2      ; LOCAL_LINE_X63_Y37_N0_I3                  ; LOCAL_LINE                                    ;
;   10.614 ;   0.188  ;    ; RE   ; 1      ; BLOCK_INPUT_MUX_X63_Y37_N0_I71            ; LEIM_INPUT                                    ;
;   10.613 ;   -0.001 ; RR ; IC   ; 1      ; LABCELL_X63_Y37_N51                       ; KSU|u_chi|state_array_o[1][1][42]|dataf       ;
;   10.711 ;   0.098  ; RR ; CELL ; 1      ; LABCELL_X63_Y37_N51                       ; KSU|u_chi|state_array_o[1][1][42]|combout     ;
;   10.711 ;   0.000  ;    ; RE   ; 1      ; LABCELL_X63_Y37_N51                       ; ARRIAV_LCELL_COMB                             ;
;   10.839 ;   0.128  ;    ; RE   ; 1      ; LOCAL_LINE_X63_Y37_N0_I17                 ; LOCAL_LINE                                    ;
;   11.022 ;   0.183  ;    ; RE   ; 1      ; BLOCK_INPUT_MUX_X63_Y37_N0_I39            ; LEIM_INPUT                                    ;
;   11.021 ;   -0.001 ; RR ; IC   ; 1      ; LABCELL_X63_Y37_N27                       ; state_array~1408|dataf                        ;
;   11.114 ;   0.093  ; RR ; CELL ; 1      ; LABCELL_X63_Y37_N27                       ; state_array~1408|combout                      ;
;   11.114 ;   0.000  ;    ; RE   ; 1      ; LABCELL_X63_Y37_N27                       ; ARRIAV_LCELL_COMB                             ;
;   11.114 ;   0.000  ; RR ; IC   ; 1      ; FF_X63_Y37_N29                            ; state_array[1][1][42]|d                       ;
;   11.420 ;   0.306  ; RR ; CELL ; 1      ; FF_X63_Y37_N29                            ; state_array[1][1][42]                         ;
+----------+----------+----+------+--------+-------------------------------------------+-----------------------------------------------+

+-------------------------------------------------------------------------------------------------------------+
; Data Required Path                                                                                          ;
+----------+---------+----+------+--------+---------------------------------------+---------------------------+
; Total    ; Incr    ; RF ; Type ; Fanout ; Location                              ; Element                   ;
+----------+---------+----+------+--------+---------------------------------------+---------------------------+
; 7.407    ; 7.407   ;    ;      ;        ;                                       ; latch edge time           ;
; 11.775   ; 4.368   ;    ;      ;        ;                                       ; clock path                ;
;   7.407  ;   0.000 ;    ;      ;        ;                                       ; source latency            ;
;   7.407  ;   0.000 ;    ;      ; 1      ; PIN_M16                               ; clk                       ;
;   7.407  ;   0.000 ;    ; RE   ; 1      ; IOPAD_X89_Y35_N60                     ; ARRIAV_IO_PAD             ;
;   7.407  ;   0.000 ;    ; RE   ; 1      ; IO_PAD_OUTPUT_X89_Y35_N60_I1          ; IO_PAD_OUTPUT             ;
;   7.407  ;   0.000 ;    ; RE   ; 1      ; IO_INPUT_BUFFER_INPUT_X89_Y35_N61_I0  ; IO_INPUT_BUFFER_INPUT     ;
;   7.407  ;   0.000 ; RR ; IC   ; 1      ; IOIBUF_X89_Y35_N61                    ; clk~input|i               ;
;   8.146  ;   0.739 ; RR ; CELL ; 1      ; IOIBUF_X89_Y35_N61                    ; clk~input|o               ;
;   8.146  ;   0.000 ;    ; RE   ; 1      ; IOIBUF_X89_Y35_N61                    ; ARRIAV_IO_IBUF            ;
;   8.146  ;   0.000 ;    ; RE   ; 1      ; IO_INPUT_BUFFER_OUTPUT_X89_Y35_N61_I2 ; IO_INPUT_BUFFER_OUTPUT    ;
;   8.146  ;   0.000 ;    ; RE   ; 1      ; IO_RE_X89_Y35_N60_I96                 ; IO_RE                     ;
;   8.234  ;   0.088 ;    ; RE   ; 1      ; IO_RE_X89_Y35_N60_I66                 ; IO_RE                     ;
;   8.509  ;   0.275 ;    ; RE   ; 1      ; CLKBUF_CLUSTER_RE_X89_Y39_N3_I421     ; CLKBUF_CLUSTER_RE         ;
;   8.509  ;   0.000 ;    ; RE   ; 1      ; CLKBUF_CLUSTER_RE_X89_Y39_N3_I788     ; CLKBUF_CLUSTER_RE         ;
;   8.509  ;   0.000 ;    ; RE   ; 1      ; CLKBUF_CLUSTER_RE_X89_Y39_N3_I621     ; CLKBUF_CLUSTER_RE         ;
;   8.509  ;   0.000 ;    ; RE   ; 1      ; GCLK_CLUSTER_RE_X89_Y39_N9_I10        ; GCLK_CLUSTER_RE           ;
;   8.509  ;   0.000 ;    ; RE   ; 1      ; CLKBUFBLOCK_INPUT_X89_Y39_N10_I0      ; CLKBUFBLOCK_INPUT         ;
;   8.509  ;   0.000 ; RR ; IC   ; 1      ; CLKCTRL_G10                           ; clk~inputCLKENA0|inclk    ;
;   8.979  ;   0.470 ; RR ; CELL ; 1674   ; CLKCTRL_G10                           ; clk~inputCLKENA0|outclk   ;
;   8.979  ;   0.000 ;    ; RE   ; 1      ; CLKCTRL_G10                           ; ARRIAV_CLKBUF             ;
;   8.979  ;   0.000 ;    ; RE   ; 1      ; CLKBUFBLOCK_OUTPUT_X89_Y39_N10_I2     ; CLKBUFBLOCK_OUTPUT        ;
;   8.979  ;   0.000 ;    ; RE   ; 1      ; GCLK_CLUSTER_RE_X89_Y39_N9_I12        ; GCLK_CLUSTER_RE           ;
;   8.979  ;   0.000 ;    ; RE   ; 1      ; CLKBUF_CLUSTER_RE_X89_Y39_N3_I417     ; CLKBUF_CLUSTER_RE         ;
;   9.771  ;   0.792 ;    ; RE   ; 5      ; GLOBAL_CLOCK_X0_Y36_N0_I10            ; GLOBAL_CLOCK              ;
;   9.925  ;   0.154 ;    ; RE   ; 4      ; SPINE_CLOCK_X55_Y37_N0_I11            ; SPINE_CLOCK               ;
;   10.348 ;   0.423 ;    ; RE   ; 1      ; SCLK_TO_ROWCLK_BUF_X55_Y37_N0_I66     ; SCLK_TO_ROWCLK_BUF        ;
;   10.440 ;   0.092 ;    ; RE   ; 2      ; SCLK_TO_ROWCLK_BUF_X55_Y37_N0_I69     ; SCLK_TO_ROWCLK_BUF        ;
;   10.907 ;   0.467 ;    ; RE   ; 10     ; LAB_CLK_X56_Y37_N0_I2                 ; LAB_CLK                   ;
;   11.036 ;   0.129 ;    ; RE   ; 1      ; BLK_CLK_BUF_X63_Y37_N0_I2             ; BLK_CLK_BUF               ;
;   11.090 ;   0.054 ;    ; RE   ; 1      ; ROWCLKSEL_PREBUF_X63_Y37_N0_I2        ; ROWCLKSEL_PREBUF          ;
;   11.144 ;   0.054 ;    ; RE   ; 1      ; ROWCLKSEL_X63_Y37_N0_I0               ; ROWCLKSEL                 ;
;   11.144 ;   0.000 ;    ; RE   ; 1      ; GLOBAL_LOCAL_SEL_X63_Y37_N0_I0        ; GLOBAL_LOCAL_SEL          ;
;   11.144 ;   0.000 ;    ; RE   ; 8      ; LAB_INPUT_X63_Y37_N0_I0               ; LAB_INPUT                 ;
;   11.144 ;   0.000 ; RR ; IC   ; 1      ; FF_X63_Y37_N29                        ; state_array[1][1][42]|clk ;
;   11.715 ;   0.571 ; RR ; CELL ; 1      ; FF_X63_Y37_N29                        ; state_array[1][1][42]     ;
;   11.775 ;   0.060 ;    ;      ;        ;                                       ; clock pessimism removed   ;
; 11.675   ; -0.100  ;    ;      ;        ;                                       ; clock uncertainty         ;
; 11.675   ; 0.000   ;    ; uTsu ; 1      ; FF_X63_Y37_N29                        ; state_array[1][1][42]     ;
+----------+---------+----+------+--------+---------------------------------------+---------------------------+

----------------------------
; Extra Fitter Information ;
----------------------------
HTML report is unavailable in plain text report export.


Path #5: Setup slack is 0.259 
===============================================================================
+--------------------------------------------+
; Path Summary                               ;
+--------------------+-----------------------+
; Property           ; Value                 ;
+--------------------+-----------------------+
; From Node          ; state_array[3][3][21] ;
; To Node            ; state_array[3][4][20] ;
; Launch Clock       ; clk                   ;
; Latch Clock        ; clk                   ;
; Data Arrival Time  ; 11.314                ;
; Data Required Time ; 11.573                ;
; Slack              ; 0.259                 ;
+--------------------+-----------------------+

+-------------------------------------------------------------------------------------+
; Statistics                                                                          ;
+------------------------+--------+-------+-------------+------------+--------+-------+
; Property               ; Value  ; Count ; Total Delay ; % of Total ; Min    ; Max   ;
+------------------------+--------+-------+-------------+------------+--------+-------+
; Setup Relationship     ; 7.407  ;       ;             ;            ;        ;       ;
; Clock Skew             ; -0.234 ;       ;             ;            ;        ;       ;
; Data Delay             ; 6.814  ;       ;             ;            ;        ;       ;
; Number of Logic Levels ;        ; 5     ;             ;            ;        ;       ;
; Physical Delays        ;        ;       ;             ;            ;        ;       ;
;  Arrival Path          ;        ;       ;             ;            ;        ;       ;
;   Clock                ;        ;       ;             ;            ;        ;       ;
;    IC                  ;        ; 3     ; 0.000       ; 0          ; 0.000  ; 0.000 ;
;    Cell                ;        ; 3     ; 1.908       ; 42         ; 0.507  ; 0.739 ;
;    Routing Element     ;        ; 26    ; 2.592       ; 58         ; 0.000  ; 0.821 ;
;   Data                 ;        ;       ;             ;            ;        ;       ;
;    IC                  ;        ; 6     ; 0.002       ; 0          ; 0.000  ; 0.001 ;
;    Cell                ;        ; 7     ; 1.341       ; 20         ; 0.000  ; 0.646 ;
;    uTco                ;        ; 1     ; 0.000       ; 0          ; 0.000  ; 0.000 ;
;    Routing Element     ;        ; 31    ; 5.471       ; 80         ; 0.000  ; 0.387 ;
;  Required Path         ;        ;       ;             ;            ;        ;       ;
;   Clock                ;        ;       ;             ;            ;        ;       ;
;    IC                  ;        ; 3     ; -0.001      ; 0          ; -0.001 ; 0.000 ;
;    Cell                ;        ; 3     ; 1.773       ; 42         ; 0.470  ; 0.739 ;
;    Routing Element     ;        ; 26    ; 2.434       ; 58         ; 0.000  ; 0.782 ;
+------------------------+--------+-------+-------------+------------+--------+-------+
Note: Negative delays are omitted from totals when calculating percentages

+---------------------------------------------------------------------------------------------------------------------------------+
; Data Arrival Path                                                                                                               ;
+----------+---------+----+------+--------+---------------------------------------+-----------------------------------------------+
; Total    ; Incr    ; RF ; Type ; Fanout ; Location                              ; Element                                       ;
+----------+---------+----+------+--------+---------------------------------------+-----------------------------------------------+
; 0.000    ; 0.000   ;    ;      ;        ;                                       ; launch edge time                              ;
; 4.500    ; 4.500   ;    ;      ;        ;                                       ; clock path                                    ;
;   0.000  ;   0.000 ;    ;      ;        ;                                       ; source latency                                ;
;   0.000  ;   0.000 ;    ;      ; 1      ; PIN_M16                               ; clk                                           ;
;   0.000  ;   0.000 ;    ; RE   ; 1      ; IOPAD_X89_Y35_N60                     ; ARRIAV_IO_PAD                                 ;
;   0.000  ;   0.000 ;    ; RE   ; 1      ; IO_PAD_OUTPUT_X89_Y35_N60_I1          ; IO_PAD_OUTPUT                                 ;
;   0.000  ;   0.000 ;    ; RE   ; 1      ; IO_INPUT_BUFFER_INPUT_X89_Y35_N61_I0  ; IO_INPUT_BUFFER_INPUT                         ;
;   0.000  ;   0.000 ; RR ; IC   ; 1      ; IOIBUF_X89_Y35_N61                    ; clk~input|i                                   ;
;   0.739  ;   0.739 ; RR ; CELL ; 1      ; IOIBUF_X89_Y35_N61                    ; clk~input|o                                   ;
;   0.739  ;   0.000 ;    ; RE   ; 1      ; IOIBUF_X89_Y35_N61                    ; ARRIAV_IO_IBUF                                ;
;   0.739  ;   0.000 ;    ; RE   ; 1      ; IO_INPUT_BUFFER_OUTPUT_X89_Y35_N61_I2 ; IO_INPUT_BUFFER_OUTPUT                        ;
;   0.739  ;   0.000 ;    ; RE   ; 1      ; IO_RE_X89_Y35_N60_I96                 ; IO_RE                                         ;
;   0.833  ;   0.094 ;    ; RE   ; 1      ; IO_RE_X89_Y35_N60_I66                 ; IO_RE                                         ;
;   1.125  ;   0.292 ;    ; RE   ; 1      ; CLKBUF_CLUSTER_RE_X89_Y39_N3_I421     ; CLKBUF_CLUSTER_RE                             ;
;   1.125  ;   0.000 ;    ; RE   ; 1      ; CLKBUF_CLUSTER_RE_X89_Y39_N3_I788     ; CLKBUF_CLUSTER_RE                             ;
;   1.125  ;   0.000 ;    ; RE   ; 1      ; CLKBUF_CLUSTER_RE_X89_Y39_N3_I621     ; CLKBUF_CLUSTER_RE                             ;
;   1.125  ;   0.000 ;    ; RE   ; 1      ; GCLK_CLUSTER_RE_X89_Y39_N9_I10        ; GCLK_CLUSTER_RE                               ;
;   1.125  ;   0.000 ;    ; RE   ; 1      ; CLKBUFBLOCK_INPUT_X89_Y39_N10_I0      ; CLKBUFBLOCK_INPUT                             ;
;   1.125  ;   0.000 ; RR ; IC   ; 1      ; CLKCTRL_G10                           ; clk~inputCLKENA0|inclk                        ;
;   1.632  ;   0.507 ; RR ; CELL ; 1674   ; CLKCTRL_G10                           ; clk~inputCLKENA0|outclk                       ;
;   1.632  ;   0.000 ;    ; RE   ; 1      ; CLKCTRL_G10                           ; ARRIAV_CLKBUF                                 ;
;   1.632  ;   0.000 ;    ; RE   ; 1      ; CLKBUFBLOCK_OUTPUT_X89_Y39_N10_I2     ; CLKBUFBLOCK_OUTPUT                            ;
;   1.632  ;   0.000 ;    ; RE   ; 1      ; GCLK_CLUSTER_RE_X89_Y39_N9_I12        ; GCLK_CLUSTER_RE                               ;
;   1.632  ;   0.000 ;    ; RE   ; 1      ; CLKBUF_CLUSTER_RE_X89_Y39_N3_I417     ; CLKBUF_CLUSTER_RE                             ;
;   2.453  ;   0.821 ;    ; RE   ; 5      ; GLOBAL_CLOCK_X0_Y36_N0_I10            ; GLOBAL_CLOCK                                  ;
;   2.598  ;   0.145 ;    ; RE   ; 16     ; SPINE_CLOCK_X55_Y19_N0_I11            ; SPINE_CLOCK                                   ;
;   3.002  ;   0.404 ;    ; RE   ; 1      ; SCLK_TO_ROWCLK_BUF_X55_Y31_N0_I67     ; SCLK_TO_ROWCLK_BUF                            ;
;   3.096  ;   0.094 ;    ; RE   ; 2      ; SCLK_TO_ROWCLK_BUF_X55_Y31_N0_I70     ; SCLK_TO_ROWCLK_BUF                            ;
;   3.581  ;   0.485 ;    ; RE   ; 10     ; LAB_CLK_X56_Y31_N0_I5                 ; LAB_CLK                                       ;
;   3.722  ;   0.141 ;    ; RE   ; 1      ; BLK_CLK_BUF_X65_Y31_N0_I5             ; BLK_CLK_BUF                                   ;
;   3.778  ;   0.056 ;    ; RE   ; 1      ; ROWCLKSEL_PREBUF_X65_Y31_N0_I5        ; ROWCLKSEL_PREBUF                              ;
;   3.838  ;   0.060 ;    ; RE   ; 1      ; ROWCLKSEL_X65_Y31_N0_I0               ; ROWCLKSEL                                     ;
;   3.838  ;   0.000 ;    ; RE   ; 1      ; GLOBAL_LOCAL_SEL_X65_Y31_N0_I0        ; GLOBAL_LOCAL_SEL                              ;
;   3.838  ;   0.000 ;    ; RE   ; 5      ; LAB_INPUT_X65_Y31_N0_I0               ; LAB_INPUT                                     ;
;   3.838  ;   0.000 ; RR ; IC   ; 1      ; FF_X65_Y31_N29                        ; state_array[3][3][21]|clk                     ;
;   4.500  ;   0.662 ; RR ; CELL ; 1      ; FF_X65_Y31_N29                        ; state_array[3][3][21]                         ;
; 11.314   ; 6.814   ;    ;      ;        ;                                       ; data path                                     ;
;   4.500  ;   0.000 ;    ; uTco ; 1      ; FF_X65_Y31_N29                        ; state_array[3][3][21]                         ;
;   4.500  ;   0.000 ; RR ; CELL ; 6      ; FF_X65_Y31_N29                        ; state_array[3][3][21]|q                       ;
;   4.584  ;   0.084 ;    ; RE   ; 2      ; FF_X65_Y31_N29                        ; ARRIAV_FF                                     ;
;   4.711  ;   0.127 ;    ; RE   ; 2      ; LE_BUFFER_X65_Y31_N0_I19              ; LE_BUFFER                                     ;
;   4.896  ;   0.185 ;    ; RE   ; 1      ; R3_X65_Y31_N0_I11                     ; H_SEG3                                        ;
;   5.079  ;   0.183 ;    ; RE   ; 1      ; LOCAL_INTERCONNECT_X65_Y31_N0_I19     ; LAB_LINE                                      ;
;   5.209  ;   0.130 ;    ; RE   ; 1      ; BLOCK_INPUT_MUX_X65_Y31_N0_I43        ; LEIM_INPUT                                    ;
;   5.209  ;   0.000 ; RR ; IC   ; 1      ; MLABCELL_X65_Y31_N30                  ; KSU|u_theta|C[3][21]|datab                    ;
;   5.855  ;   0.646 ; RF ; CELL ; 2      ; MLABCELL_X65_Y31_N30                  ; KSU|u_theta|C[3][21]|combout                  ;
;   5.855  ;   0.000 ;    ; RE   ; 2      ; MLABCELL_X65_Y31_N30                  ; ARRIAV_LCELL_COMB                             ;
;   5.932  ;   0.077 ;    ; RE   ; 1      ; LE_BUFFER_X65_Y31_N0_I20              ; LE_BUFFER                                     ;
;   6.222  ;   0.290 ;    ; RE   ; 1      ; C4_X65_Y32_N0_I3                      ; V_SEG4                                        ;
;   6.537  ;   0.315 ;    ; RE   ; 1      ; R3_X63_Y34_N0_I18                     ; H_SEG3                                        ;
;   6.920  ;   0.383 ;    ; RE   ; 1      ; R6_X57_Y34_N0_I32                     ; H_SEG6                                        ;
;   7.203  ;   0.283 ;    ; RE   ; 1      ; LOCAL_INTERCONNECT_X57_Y34_N0_I20     ; LAB_LINE                                      ;
;   7.329  ;   0.126 ;    ; RE   ; 1      ; BLOCK_INPUT_MUX_X57_Y34_N0_I65        ; LEIM_INPUT                                    ;
;   7.330  ;   0.001 ; FF ; IC   ; 1      ; LABCELL_X57_Y34_N48                   ; KSU|u_theta|state_array_o[2][0][22]~0|dataf   ;
;   7.427  ;   0.097 ; FF ; CELL ; 5      ; LABCELL_X57_Y34_N48                   ; KSU|u_theta|state_array_o[2][0][22]~0|combout ;
;   7.427  ;   0.000 ;    ; RE   ; 3      ; LABCELL_X57_Y34_N48                   ; ARRIAV_LCELL_COMB                             ;
;   7.505  ;   0.078 ;    ; RE   ; 1      ; LE_BUFFER_X57_Y34_N0_I32              ; LE_BUFFER                                     ;
;   7.816  ;   0.311 ;    ; RE   ; 3      ; C4_X57_Y30_N0_I6                      ; V_SEG4                                        ;
;   8.200  ;   0.384 ;    ; RE   ; 1      ; C4_X57_Y26_N0_I6                      ; V_SEG4                                        ;
;   8.587  ;   0.387 ;    ; RE   ; 1      ; R3_X58_Y26_N0_I4                      ; H_SEG3                                        ;
;   8.881  ;   0.294 ;    ; RE   ; 1      ; R3_X61_Y26_N0_I2                      ; H_SEG3                                        ;
;   9.106  ;   0.225 ;    ; RE   ; 1      ; R3_X64_Y26_N0_I0                      ; H_SEG3                                        ;
;   9.299  ;   0.193 ;    ; RE   ; 1      ; LOCAL_INTERCONNECT_X67_Y26_N0_I33     ; LAB_LINE                                      ;
;   9.437  ;   0.138 ;    ; RE   ; 1      ; BLOCK_INPUT_MUX_X67_Y26_N0_I9         ; LEIM_INPUT                                    ;
;   9.438  ;   0.001 ; FF ; IC   ; 1      ; LABCELL_X67_Y26_N6                    ; KSU|u_theta|state_array_o[2][0][22]|dataf     ;
;   9.532  ;   0.094 ; FF ; CELL ; 3      ; LABCELL_X67_Y26_N6                    ; KSU|u_theta|state_array_o[2][0][22]|combout   ;
;   9.532  ;   0.000 ;    ; RE   ; 2      ; LABCELL_X67_Y26_N6                    ; ARRIAV_LCELL_COMB                             ;
;   9.608  ;   0.076 ;    ; RE   ; 1      ; LE_BUFFER_X67_Y26_N0_I4               ; LE_BUFFER                                     ;
;   9.821  ;   0.213 ;    ; RE   ; 1      ; C2_X67_Y24_N0_I11                     ; V_SEG2                                        ;
;   10.107 ;   0.286 ;    ; RE   ; 1      ; R6_X68_Y24_N0_I4                      ; H_SEG6                                        ;
;   10.368 ;   0.261 ;    ; RE   ; 1      ; LOCAL_INTERCONNECT_X70_Y24_N0_I8      ; LAB_LINE                                      ;
;   10.497 ;   0.129 ;    ; RE   ; 1      ; BLOCK_INPUT_MUX_X70_Y24_N0_I57        ; LEIM_INPUT                                    ;
;   10.497 ;   0.000 ; FF ; IC   ; 1      ; LABCELL_X70_Y24_N42                   ; state_array~674|dataf                         ;
;   10.601 ;   0.104 ; FR ; CELL ; 1      ; LABCELL_X70_Y24_N42                   ; state_array~674|combout                       ;
;   10.601 ;   0.000 ;    ; RE   ; 1      ; LABCELL_X70_Y24_N42                   ; ARRIAV_LCELL_COMB                             ;
;   10.742 ;   0.141 ;    ; RE   ; 1      ; LOCAL_LINE_X70_Y24_N0_I14             ; LOCAL_LINE                                    ;
;   10.914 ;   0.172 ;    ; RE   ; 1      ; BLOCK_INPUT_MUX_X70_Y24_N0_I17        ; LEIM_INPUT                                    ;
;   10.914 ;   0.000 ; RR ; IC   ; 1      ; LABCELL_X70_Y24_N12                   ; state_array~675|dataf                         ;
;   11.008 ;   0.094 ; RR ; CELL ; 1      ; LABCELL_X70_Y24_N12                   ; state_array~675|combout                       ;
;   11.008 ;   0.000 ;    ; RE   ; 1      ; LABCELL_X70_Y24_N12                   ; ARRIAV_LCELL_COMB                             ;
;   11.008 ;   0.000 ; RR ; IC   ; 1      ; FF_X70_Y24_N14                        ; state_array[3][4][20]|d                       ;
;   11.314 ;   0.306 ; RR ; CELL ; 1      ; FF_X70_Y24_N14                        ; state_array[3][4][20]                         ;
+----------+---------+----+------+--------+---------------------------------------+-----------------------------------------------+

+--------------------------------------------------------------------------------------------------------------+
; Data Required Path                                                                                           ;
+----------+----------+----+------+--------+---------------------------------------+---------------------------+
; Total    ; Incr     ; RF ; Type ; Fanout ; Location                              ; Element                   ;
+----------+----------+----+------+--------+---------------------------------------+---------------------------+
; 7.407    ; 7.407    ;    ;      ;        ;                                       ; latch edge time           ;
; 11.673   ; 4.266    ;    ;      ;        ;                                       ; clock path                ;
;   7.407  ;   0.000  ;    ;      ;        ;                                       ; source latency            ;
;   7.407  ;   0.000  ;    ;      ; 1      ; PIN_M16                               ; clk                       ;
;   7.407  ;   0.000  ;    ; RE   ; 1      ; IOPAD_X89_Y35_N60                     ; ARRIAV_IO_PAD             ;
;   7.407  ;   0.000  ;    ; RE   ; 1      ; IO_PAD_OUTPUT_X89_Y35_N60_I1          ; IO_PAD_OUTPUT             ;
;   7.407  ;   0.000  ;    ; RE   ; 1      ; IO_INPUT_BUFFER_INPUT_X89_Y35_N61_I0  ; IO_INPUT_BUFFER_INPUT     ;
;   7.407  ;   0.000  ; RR ; IC   ; 1      ; IOIBUF_X89_Y35_N61                    ; clk~input|i               ;
;   8.146  ;   0.739  ; RR ; CELL ; 1      ; IOIBUF_X89_Y35_N61                    ; clk~input|o               ;
;   8.146  ;   0.000  ;    ; RE   ; 1      ; IOIBUF_X89_Y35_N61                    ; ARRIAV_IO_IBUF            ;
;   8.146  ;   0.000  ;    ; RE   ; 1      ; IO_INPUT_BUFFER_OUTPUT_X89_Y35_N61_I2 ; IO_INPUT_BUFFER_OUTPUT    ;
;   8.146  ;   0.000  ;    ; RE   ; 1      ; IO_RE_X89_Y35_N60_I96                 ; IO_RE                     ;
;   8.234  ;   0.088  ;    ; RE   ; 1      ; IO_RE_X89_Y35_N60_I66                 ; IO_RE                     ;
;   8.509  ;   0.275  ;    ; RE   ; 1      ; CLKBUF_CLUSTER_RE_X89_Y39_N3_I421     ; CLKBUF_CLUSTER_RE         ;
;   8.509  ;   0.000  ;    ; RE   ; 1      ; CLKBUF_CLUSTER_RE_X89_Y39_N3_I788     ; CLKBUF_CLUSTER_RE         ;
;   8.509  ;   0.000  ;    ; RE   ; 1      ; CLKBUF_CLUSTER_RE_X89_Y39_N3_I621     ; CLKBUF_CLUSTER_RE         ;
;   8.509  ;   0.000  ;    ; RE   ; 1      ; GCLK_CLUSTER_RE_X89_Y39_N9_I10        ; GCLK_CLUSTER_RE           ;
;   8.509  ;   0.000  ;    ; RE   ; 1      ; CLKBUFBLOCK_INPUT_X89_Y39_N10_I0      ; CLKBUFBLOCK_INPUT         ;
;   8.509  ;   0.000  ; RR ; IC   ; 1      ; CLKCTRL_G10                           ; clk~inputCLKENA0|inclk    ;
;   8.979  ;   0.470  ; RR ; CELL ; 1674   ; CLKCTRL_G10                           ; clk~inputCLKENA0|outclk   ;
;   8.979  ;   0.000  ;    ; RE   ; 1      ; CLKCTRL_G10                           ; ARRIAV_CLKBUF             ;
;   8.979  ;   0.000  ;    ; RE   ; 1      ; CLKBUFBLOCK_OUTPUT_X89_Y39_N10_I2     ; CLKBUFBLOCK_OUTPUT        ;
;   8.979  ;   0.000  ;    ; RE   ; 1      ; GCLK_CLUSTER_RE_X89_Y39_N9_I12        ; GCLK_CLUSTER_RE           ;
;   8.979  ;   0.000  ;    ; RE   ; 1      ; CLKBUF_CLUSTER_RE_X89_Y39_N3_I417     ; CLKBUF_CLUSTER_RE         ;
;   9.761  ;   0.782  ;    ; RE   ; 5      ; GLOBAL_CLOCK_X0_Y36_N0_I10            ; GLOBAL_CLOCK              ;
;   9.893  ;   0.132  ;    ; RE   ; 15     ; SPINE_CLOCK_X77_Y19_N0_I16            ; SPINE_CLOCK               ;
;   10.284 ;   0.391  ;    ; RE   ; 1      ; SCLK_TO_ROWCLK_BUF_X77_Y24_N0_I97     ; SCLK_TO_ROWCLK_BUF        ;
;   10.365 ;   0.081  ;    ; RE   ; 1      ; SCLK_TO_ROWCLK_BUF_X77_Y24_N0_I100    ; SCLK_TO_ROWCLK_BUF        ;
;   10.818 ;   0.453  ;    ; RE   ; 7      ; LAB_CLK_X67_Y24_N0_I5                 ; LAB_CLK                   ;
;   10.942 ;   0.124  ;    ; RE   ; 1      ; BLK_CLK_BUF_X70_Y24_N0_I5             ; BLK_CLK_BUF               ;
;   10.995 ;   0.053  ;    ; RE   ; 1      ; ROWCLKSEL_PREBUF_X70_Y24_N0_I5        ; ROWCLKSEL_PREBUF          ;
;   11.050 ;   0.055  ;    ; RE   ; 1      ; ROWCLKSEL_X70_Y24_N0_I0               ; ROWCLKSEL                 ;
;   11.050 ;   0.000  ;    ; RE   ; 1      ; GLOBAL_LOCAL_SEL_X70_Y24_N0_I0        ; GLOBAL_LOCAL_SEL          ;
;   11.050 ;   0.000  ;    ; RE   ; 6      ; LAB_INPUT_X70_Y24_N0_I0               ; LAB_INPUT                 ;
;   11.049 ;   -0.001 ; RR ; IC   ; 1      ; FF_X70_Y24_N14                        ; state_array[3][4][20]|clk ;
;   11.613 ;   0.564  ; RR ; CELL ; 1      ; FF_X70_Y24_N14                        ; state_array[3][4][20]     ;
;   11.673 ;   0.060  ;    ;      ;        ;                                       ; clock pessimism removed   ;
; 11.573   ; -0.100   ;    ;      ;        ;                                       ; clock uncertainty         ;
; 11.573   ; 0.000    ;    ; uTsu ; 1      ; FF_X70_Y24_N14                        ; state_array[3][4][20]     ;
+----------+----------+----+------+--------+---------------------------------------+---------------------------+

----------------------------
; Extra Fitter Information ;
----------------------------
HTML report is unavailable in plain text report export.


Path #6: Setup slack is 0.265 
===============================================================================
+--------------------------------------------+
; Path Summary                               ;
+--------------------+-----------------------+
; Property           ; Value                 ;
+--------------------+-----------------------+
; From Node          ; state_array[1][4][38] ;
; To Node            ; state_array[0][1][42] ;
; Launch Clock       ; clk                   ;
; Latch Clock        ; clk                   ;
; Data Arrival Time  ; 11.410                ;
; Data Required Time ; 11.675                ;
; Slack              ; 0.265                 ;
+--------------------+-----------------------+

+-------------------------------------------------------------------------------------+
; Statistics                                                                          ;
+------------------------+--------+-------+-------------+------------+--------+-------+
; Property               ; Value  ; Count ; Total Delay ; % of Total ; Min    ; Max   ;
+------------------------+--------+-------+-------------+------------+--------+-------+
; Setup Relationship     ; 7.407  ;       ;             ;            ;        ;       ;
; Clock Skew             ; -0.095 ;       ;             ;            ;        ;       ;
; Data Delay             ; 6.947  ;       ;             ;            ;        ;       ;
; Number of Logic Levels ;        ; 5     ;             ;            ;        ;       ;
; Physical Delays        ;        ;       ;             ;            ;        ;       ;
;  Arrival Path          ;        ;       ;             ;            ;        ;       ;
;   Clock                ;        ;       ;             ;            ;        ;       ;
;    IC                  ;        ; 3     ; -0.002      ; 0          ; -0.002 ; 0.000 ;
;    Cell                ;        ; 3     ; 1.901       ; 43         ; 0.507  ; 0.739 ;
;    Routing Element     ;        ; 26    ; 2.564       ; 57         ; 0.000  ; 0.821 ;
;   Data                 ;        ;       ;             ;            ;        ;       ;
;    IC                  ;        ; 6     ; 0.000       ; 0          ; -0.001 ; 0.001 ;
;    Cell                ;        ; 7     ; 1.300       ; 19         ; 0.000  ; 0.600 ;
;    uTco                ;        ; 1     ; 0.000       ; 0          ; 0.000  ; 0.000 ;
;    Routing Element     ;        ; 29    ; 5.647       ; 81         ; 0.000  ; 0.548 ;
;  Required Path         ;        ;       ;             ;            ;        ;       ;
;   Clock                ;        ;       ;             ;            ;        ;       ;
;    IC                  ;        ; 3     ; 0.000       ; 0          ; 0.000  ; 0.000 ;
;    Cell                ;        ; 3     ; 1.780       ; 41         ; 0.470  ; 0.739 ;
;    Routing Element     ;        ; 26    ; 2.528       ; 59         ; 0.000  ; 0.792 ;
+------------------------+--------+-------+-------------+------------+--------+-------+
Note: Negative delays are omitted from totals when calculating percentages

+--------------------------------------------------------------------------------------------------------------------------------------+
; Data Arrival Path                                                                                                                    ;
+----------+----------+----+------+--------+-------------------------------------------+-----------------------------------------------+
; Total    ; Incr     ; RF ; Type ; Fanout ; Location                                  ; Element                                       ;
+----------+----------+----+------+--------+-------------------------------------------+-----------------------------------------------+
; 0.000    ; 0.000    ;    ;      ;        ;                                           ; launch edge time                              ;
; 4.463    ; 4.463    ;    ;      ;        ;                                           ; clock path                                    ;
;   0.000  ;   0.000  ;    ;      ;        ;                                           ; source latency                                ;
;   0.000  ;   0.000  ;    ;      ; 1      ; PIN_M16                                   ; clk                                           ;
;   0.000  ;   0.000  ;    ; RE   ; 1      ; IOPAD_X89_Y35_N60                         ; ARRIAV_IO_PAD                                 ;
;   0.000  ;   0.000  ;    ; RE   ; 1      ; IO_PAD_OUTPUT_X89_Y35_N60_I1              ; IO_PAD_OUTPUT                                 ;
;   0.000  ;   0.000  ;    ; RE   ; 1      ; IO_INPUT_BUFFER_INPUT_X89_Y35_N61_I0      ; IO_INPUT_BUFFER_INPUT                         ;
;   0.000  ;   0.000  ; RR ; IC   ; 1      ; IOIBUF_X89_Y35_N61                        ; clk~input|i                                   ;
;   0.739  ;   0.739  ; RR ; CELL ; 1      ; IOIBUF_X89_Y35_N61                        ; clk~input|o                                   ;
;   0.739  ;   0.000  ;    ; RE   ; 1      ; IOIBUF_X89_Y35_N61                        ; ARRIAV_IO_IBUF                                ;
;   0.739  ;   0.000  ;    ; RE   ; 1      ; IO_INPUT_BUFFER_OUTPUT_X89_Y35_N61_I2     ; IO_INPUT_BUFFER_OUTPUT                        ;
;   0.739  ;   0.000  ;    ; RE   ; 1      ; IO_RE_X89_Y35_N60_I96                     ; IO_RE                                         ;
;   0.833  ;   0.094  ;    ; RE   ; 1      ; IO_RE_X89_Y35_N60_I66                     ; IO_RE                                         ;
;   1.125  ;   0.292  ;    ; RE   ; 1      ; CLKBUF_CLUSTER_RE_X89_Y39_N3_I421         ; CLKBUF_CLUSTER_RE                             ;
;   1.125  ;   0.000  ;    ; RE   ; 1      ; CLKBUF_CLUSTER_RE_X89_Y39_N3_I788         ; CLKBUF_CLUSTER_RE                             ;
;   1.125  ;   0.000  ;    ; RE   ; 1      ; CLKBUF_CLUSTER_RE_X89_Y39_N3_I621         ; CLKBUF_CLUSTER_RE                             ;
;   1.125  ;   0.000  ;    ; RE   ; 1      ; GCLK_CLUSTER_RE_X89_Y39_N9_I10            ; GCLK_CLUSTER_RE                               ;
;   1.125  ;   0.000  ;    ; RE   ; 1      ; CLKBUFBLOCK_INPUT_X89_Y39_N10_I0          ; CLKBUFBLOCK_INPUT                             ;
;   1.125  ;   0.000  ; RR ; IC   ; 1      ; CLKCTRL_G10                               ; clk~inputCLKENA0|inclk                        ;
;   1.632  ;   0.507  ; RR ; CELL ; 1674   ; CLKCTRL_G10                               ; clk~inputCLKENA0|outclk                       ;
;   1.632  ;   0.000  ;    ; RE   ; 1      ; CLKCTRL_G10                               ; ARRIAV_CLKBUF                                 ;
;   1.632  ;   0.000  ;    ; RE   ; 1      ; CLKBUFBLOCK_OUTPUT_X89_Y39_N10_I2         ; CLKBUFBLOCK_OUTPUT                            ;
;   1.632  ;   0.000  ;    ; RE   ; 1      ; GCLK_CLUSTER_RE_X89_Y39_N9_I12            ; GCLK_CLUSTER_RE                               ;
;   1.632  ;   0.000  ;    ; RE   ; 1      ; CLKBUF_CLUSTER_RE_X89_Y39_N3_I417         ; CLKBUF_CLUSTER_RE                             ;
;   2.453  ;   0.821  ;    ; RE   ; 5      ; GLOBAL_CLOCK_X0_Y36_N0_I10                ; GLOBAL_CLOCK                                  ;
;   2.591  ;   0.138  ;    ; RE   ; 16     ; SPINE_CLOCK_X55_Y19_N0_I11                ; SPINE_CLOCK                                   ;
;   2.996  ;   0.405  ;    ; RE   ; 1      ; SCLK_TO_ROWCLK_BUF_X55_Y22_N0_I67         ; SCLK_TO_ROWCLK_BUF                            ;
;   3.080  ;   0.084  ;    ; RE   ; 1      ; SCLK_TO_ROWCLK_BUF_X55_Y22_N0_I70         ; SCLK_TO_ROWCLK_BUF                            ;
;   3.555  ;   0.475  ;    ; RE   ; 7      ; LAB_CLK_X56_Y22_N0_I5                     ; LAB_CLK                                       ;
;   3.694  ;   0.139  ;    ; RE   ; 1      ; BLK_CLK_BUF_X61_Y22_N0_I5                 ; BLK_CLK_BUF                                   ;
;   3.751  ;   0.057  ;    ; RE   ; 1      ; ROWCLKSEL_PREBUF_X61_Y22_N0_I5            ; ROWCLKSEL_PREBUF                              ;
;   3.810  ;   0.059  ;    ; RE   ; 1      ; ROWCLKSEL_X61_Y22_N0_I0                   ; ROWCLKSEL                                     ;
;   3.810  ;   0.000  ;    ; RE   ; 1      ; GLOBAL_LOCAL_SEL_X61_Y22_N0_I0            ; GLOBAL_LOCAL_SEL                              ;
;   3.810  ;   0.000  ;    ; RE   ; 3      ; LAB_INPUT_X61_Y22_N0_I0                   ; LAB_INPUT                                     ;
;   3.808  ;   -0.002 ; RR ; IC   ; 1      ; FF_X61_Y22_N32                            ; state_array[1][4][38]|clk                     ;
;   4.463  ;   0.655  ; RR ; CELL ; 1      ; FF_X61_Y22_N32                            ; state_array[1][4][38]                         ;
; 11.410   ; 6.947    ;    ;      ;        ;                                           ; data path                                     ;
;   4.463  ;   0.000  ;    ; uTco ; 1      ; FF_X61_Y22_N32                            ; state_array[1][4][38]                         ;
;   4.463  ;   0.000  ; FF ; CELL ; 6      ; FF_X61_Y22_N32                            ; state_array[1][4][38]|q                       ;
;   4.522  ;   0.059  ;    ; RE   ; 2      ; FF_X61_Y22_N32                            ; ARRIAV_FF                                     ;
;   4.644  ;   0.122  ;    ; RE   ; 2      ; LE_BUFFER_X61_Y22_N0_I21                  ; LE_BUFFER                                     ;
;   5.007  ;   0.363  ;    ; RE   ; 2      ; C4_X60_Y23_N0_I3                          ; V_SEG4                                        ;
;   5.340  ;   0.333  ;    ; RE   ; 1      ; R3_X58_Y25_N0_I19                         ; H_SEG3                                        ;
;   5.525  ;   0.185  ;    ; RE   ; 1      ; LOCAL_INTERCONNECT_X60_Y25_N0_I27         ; LAB_LINE                                      ;
;   5.662  ;   0.137  ;    ; RE   ; 1      ; BLOCK_INPUT_MUX_X60_Y25_N0_I61            ; LEIM_INPUT                                    ;
;   5.661  ;   -0.001 ; FF ; IC   ; 1      ; LABCELL_X60_Y25_N42                       ; KSU|u_theta|C[1][38]|datad                    ;
;   6.261  ;   0.600  ; FF ; CELL ; 2      ; LABCELL_X60_Y25_N42                       ; KSU|u_theta|C[1][38]|combout                  ;
;   6.261  ;   0.000  ;    ; RE   ; 2      ; LABCELL_X60_Y25_N42                       ; ARRIAV_LCELL_COMB                             ;
;   6.356  ;   0.095  ;    ; RE   ; 1      ; LE_BUFFER_X60_Y25_N0_I29                  ; LE_BUFFER                                     ;
;   6.625  ;   0.269  ;    ; RE   ; 1      ; C4_X59_Y26_N0_I0                          ; V_SEG4                                        ;
;   6.986  ;   0.361  ;    ; RE   ; 1      ; R3_X57_Y27_N0_I17                         ; H_SEG3                                        ;
;   7.431  ;   0.445  ;    ; RE   ; 1      ; R6_X51_Y27_N0_I39                         ; H_SEG6                                        ;
;   7.732  ;   0.301  ;    ; RE   ; 1      ; LOCAL_INTERCONNECT_X51_Y27_N0_I17         ; LAB_LINE                                      ;
;   7.874  ;   0.142  ;    ; RE   ; 1      ; BLOCK_INPUT_MUX_X51_Y27_N0_I23            ; LEIM_INPUT                                    ;
;   7.875  ;   0.001  ; FF ; IC   ; 1      ; LABCELL_X51_Y27_N15                       ; KSU|u_theta|state_array_o[0][0][39]~0|dataf   ;
;   7.970  ;   0.095  ; FF ; CELL ; 5      ; LABCELL_X51_Y27_N15                       ; KSU|u_theta|state_array_o[0][0][39]~0|combout ;
;   7.970  ;   0.000  ;    ; RE   ; 3      ; LABCELL_X51_Y27_N15                       ; ARRIAV_LCELL_COMB                             ;
;   8.073  ;   0.103  ;    ; RE   ; 1      ; LE_BUFFER_X51_Y27_N0_I11                  ; LE_BUFFER                                     ;
;   8.301  ;   0.228  ;    ; RE   ; 1      ; R3_X51_Y27_N0_I4                          ; H_SEG3                                        ;
;   8.301  ;   0.000  ;    ; RE   ; 1      ; R14_C12_INTERCONNECT_DRIVER_X51_Y27_N0_I1 ; WIRE_MUX                                      ;
;   8.706  ;   0.405  ;    ; RE   ; 1      ; C12_X51_Y28_N0_I0                         ; V_SEG12                                       ;
;   9.254  ;   0.548  ;    ; RE   ; 1      ; R6_X52_Y37_N0_I0                          ; H_SEG6                                        ;
;   9.764  ;   0.510  ;    ; RE   ; 1      ; R6_X57_Y37_N0_I3                          ; H_SEG6                                        ;
;   10.042 ;   0.278  ;    ; RE   ; 1      ; LOCAL_INTERCONNECT_X63_Y37_N0_I6          ; LAB_LINE                                      ;
;   10.179 ;   0.137  ;    ; RE   ; 1      ; BLOCK_INPUT_MUX_X63_Y37_N0_I15            ; LEIM_INPUT                                    ;
;   10.179 ;   0.000  ; FF ; IC   ; 1      ; LABCELL_X63_Y37_N9                        ; KSU|u_theta|state_array_o[0][2][39]|dataf     ;
;   10.287 ;   0.108  ; FR ; CELL ; 3      ; LABCELL_X63_Y37_N9                        ; KSU|u_theta|state_array_o[0][2][39]|combout   ;
;   10.287 ;   0.000  ;    ; RE   ; 2      ; LABCELL_X63_Y37_N9                        ; ARRIAV_LCELL_COMB                             ;
;   10.426 ;   0.139  ;    ; RE   ; 2      ; LOCAL_LINE_X63_Y37_N0_I3                  ; LOCAL_LINE                                    ;
;   10.598 ;   0.172  ;    ; RE   ; 1      ; BLOCK_INPUT_MUX_X63_Y37_N0_I65            ; LEIM_INPUT                                    ;
;   10.598 ;   0.000  ; RR ; IC   ; 1      ; LABCELL_X63_Y37_N48                       ; KSU|u_chi|state_array_o[0][1][42]|dataf       ;
;   10.696 ;   0.098  ; RR ; CELL ; 1      ; LABCELL_X63_Y37_N48                       ; KSU|u_chi|state_array_o[0][1][42]|combout     ;
;   10.696 ;   0.000  ;    ; RE   ; 1      ; LABCELL_X63_Y37_N48                       ; ARRIAV_LCELL_COMB                             ;
;   10.823 ;   0.127  ;    ; RE   ; 1      ; LOCAL_LINE_X63_Y37_N0_I16                 ; LOCAL_LINE                                    ;
;   11.011 ;   0.188  ;    ; RE   ; 1      ; BLOCK_INPUT_MUX_X63_Y37_N0_I63            ; LEIM_INPUT                                    ;
;   11.011 ;   0.000  ; RR ; IC   ; 1      ; LABCELL_X63_Y37_N45                       ; state_array~1414|dataf                        ;
;   11.104 ;   0.093  ; RR ; CELL ; 1      ; LABCELL_X63_Y37_N45                       ; state_array~1414|combout                      ;
;   11.104 ;   0.000  ;    ; RE   ; 1      ; LABCELL_X63_Y37_N45                       ; ARRIAV_LCELL_COMB                             ;
;   11.104 ;   0.000  ; RR ; IC   ; 1      ; FF_X63_Y37_N47                            ; state_array[0][1][42]|d                       ;
;   11.410 ;   0.306  ; RR ; CELL ; 1      ; FF_X63_Y37_N47                            ; state_array[0][1][42]                         ;
+----------+----------+----+------+--------+-------------------------------------------+-----------------------------------------------+

+-------------------------------------------------------------------------------------------------------------+
; Data Required Path                                                                                          ;
+----------+---------+----+------+--------+---------------------------------------+---------------------------+
; Total    ; Incr    ; RF ; Type ; Fanout ; Location                              ; Element                   ;
+----------+---------+----+------+--------+---------------------------------------+---------------------------+
; 7.407    ; 7.407   ;    ;      ;        ;                                       ; latch edge time           ;
; 11.775   ; 4.368   ;    ;      ;        ;                                       ; clock path                ;
;   7.407  ;   0.000 ;    ;      ;        ;                                       ; source latency            ;
;   7.407  ;   0.000 ;    ;      ; 1      ; PIN_M16                               ; clk                       ;
;   7.407  ;   0.000 ;    ; RE   ; 1      ; IOPAD_X89_Y35_N60                     ; ARRIAV_IO_PAD             ;
;   7.407  ;   0.000 ;    ; RE   ; 1      ; IO_PAD_OUTPUT_X89_Y35_N60_I1          ; IO_PAD_OUTPUT             ;
;   7.407  ;   0.000 ;    ; RE   ; 1      ; IO_INPUT_BUFFER_INPUT_X89_Y35_N61_I0  ; IO_INPUT_BUFFER_INPUT     ;
;   7.407  ;   0.000 ; RR ; IC   ; 1      ; IOIBUF_X89_Y35_N61                    ; clk~input|i               ;
;   8.146  ;   0.739 ; RR ; CELL ; 1      ; IOIBUF_X89_Y35_N61                    ; clk~input|o               ;
;   8.146  ;   0.000 ;    ; RE   ; 1      ; IOIBUF_X89_Y35_N61                    ; ARRIAV_IO_IBUF            ;
;   8.146  ;   0.000 ;    ; RE   ; 1      ; IO_INPUT_BUFFER_OUTPUT_X89_Y35_N61_I2 ; IO_INPUT_BUFFER_OUTPUT    ;
;   8.146  ;   0.000 ;    ; RE   ; 1      ; IO_RE_X89_Y35_N60_I96                 ; IO_RE                     ;
;   8.234  ;   0.088 ;    ; RE   ; 1      ; IO_RE_X89_Y35_N60_I66                 ; IO_RE                     ;
;   8.509  ;   0.275 ;    ; RE   ; 1      ; CLKBUF_CLUSTER_RE_X89_Y39_N3_I421     ; CLKBUF_CLUSTER_RE         ;
;   8.509  ;   0.000 ;    ; RE   ; 1      ; CLKBUF_CLUSTER_RE_X89_Y39_N3_I788     ; CLKBUF_CLUSTER_RE         ;
;   8.509  ;   0.000 ;    ; RE   ; 1      ; CLKBUF_CLUSTER_RE_X89_Y39_N3_I621     ; CLKBUF_CLUSTER_RE         ;
;   8.509  ;   0.000 ;    ; RE   ; 1      ; GCLK_CLUSTER_RE_X89_Y39_N9_I10        ; GCLK_CLUSTER_RE           ;
;   8.509  ;   0.000 ;    ; RE   ; 1      ; CLKBUFBLOCK_INPUT_X89_Y39_N10_I0      ; CLKBUFBLOCK_INPUT         ;
;   8.509  ;   0.000 ; RR ; IC   ; 1      ; CLKCTRL_G10                           ; clk~inputCLKENA0|inclk    ;
;   8.979  ;   0.470 ; RR ; CELL ; 1674   ; CLKCTRL_G10                           ; clk~inputCLKENA0|outclk   ;
;   8.979  ;   0.000 ;    ; RE   ; 1      ; CLKCTRL_G10                           ; ARRIAV_CLKBUF             ;
;   8.979  ;   0.000 ;    ; RE   ; 1      ; CLKBUFBLOCK_OUTPUT_X89_Y39_N10_I2     ; CLKBUFBLOCK_OUTPUT        ;
;   8.979  ;   0.000 ;    ; RE   ; 1      ; GCLK_CLUSTER_RE_X89_Y39_N9_I12        ; GCLK_CLUSTER_RE           ;
;   8.979  ;   0.000 ;    ; RE   ; 1      ; CLKBUF_CLUSTER_RE_X89_Y39_N3_I417     ; CLKBUF_CLUSTER_RE         ;
;   9.771  ;   0.792 ;    ; RE   ; 5      ; GLOBAL_CLOCK_X0_Y36_N0_I10            ; GLOBAL_CLOCK              ;
;   9.925  ;   0.154 ;    ; RE   ; 4      ; SPINE_CLOCK_X55_Y37_N0_I11            ; SPINE_CLOCK               ;
;   10.348 ;   0.423 ;    ; RE   ; 1      ; SCLK_TO_ROWCLK_BUF_X55_Y37_N0_I66     ; SCLK_TO_ROWCLK_BUF        ;
;   10.440 ;   0.092 ;    ; RE   ; 2      ; SCLK_TO_ROWCLK_BUF_X55_Y37_N0_I69     ; SCLK_TO_ROWCLK_BUF        ;
;   10.907 ;   0.467 ;    ; RE   ; 10     ; LAB_CLK_X56_Y37_N0_I2                 ; LAB_CLK                   ;
;   11.036 ;   0.129 ;    ; RE   ; 1      ; BLK_CLK_BUF_X63_Y37_N0_I2             ; BLK_CLK_BUF               ;
;   11.090 ;   0.054 ;    ; RE   ; 1      ; ROWCLKSEL_PREBUF_X63_Y37_N0_I2        ; ROWCLKSEL_PREBUF          ;
;   11.144 ;   0.054 ;    ; RE   ; 1      ; ROWCLKSEL_X63_Y37_N0_I0               ; ROWCLKSEL                 ;
;   11.144 ;   0.000 ;    ; RE   ; 1      ; GLOBAL_LOCAL_SEL_X63_Y37_N0_I0        ; GLOBAL_LOCAL_SEL          ;
;   11.144 ;   0.000 ;    ; RE   ; 8      ; LAB_INPUT_X63_Y37_N0_I0               ; LAB_INPUT                 ;
;   11.144 ;   0.000 ; RR ; IC   ; 1      ; FF_X63_Y37_N47                        ; state_array[0][1][42]|clk ;
;   11.715 ;   0.571 ; RR ; CELL ; 1      ; FF_X63_Y37_N47                        ; state_array[0][1][42]     ;
;   11.775 ;   0.060 ;    ;      ;        ;                                       ; clock pessimism removed   ;
; 11.675   ; -0.100  ;    ;      ;        ;                                       ; clock uncertainty         ;
; 11.675   ; 0.000   ;    ; uTsu ; 1      ; FF_X63_Y37_N47                        ; state_array[0][1][42]     ;
+----------+---------+----+------+--------+---------------------------------------+---------------------------+

----------------------------
; Extra Fitter Information ;
----------------------------
HTML report is unavailable in plain text report export.


Path #7: Setup slack is 0.275 
===============================================================================
+--------------------------------------------+
; Path Summary                               ;
+--------------------+-----------------------+
; Property           ; Value                 ;
+--------------------+-----------------------+
; From Node          ; state_array[4][2][31] ;
; To Node            ; state_array[4][3][3]  ;
; Launch Clock       ; clk                   ;
; Latch Clock        ; clk                   ;
; Data Arrival Time  ; 11.308                ;
; Data Required Time ; 11.583                ;
; Slack              ; 0.275                 ;
+--------------------+-----------------------+

+-------------------------------------------------------------------------------------+
; Statistics                                                                          ;
+------------------------+--------+-------+-------------+------------+--------+-------+
; Property               ; Value  ; Count ; Total Delay ; % of Total ; Min    ; Max   ;
+------------------------+--------+-------+-------------+------------+--------+-------+
; Setup Relationship     ; 7.407  ;       ;             ;            ;        ;       ;
; Clock Skew             ; -0.213 ;       ;             ;            ;        ;       ;
; Data Delay             ; 6.819  ;       ;             ;            ;        ;       ;
; Number of Logic Levels ;        ; 5     ;             ;            ;        ;       ;
; Physical Delays        ;        ;       ;             ;            ;        ;       ;
;  Arrival Path          ;        ;       ;             ;            ;        ;       ;
;   Clock                ;        ;       ;             ;            ;        ;       ;
;    IC                  ;        ; 3     ; 0.000       ; 0          ; 0.000  ; 0.000 ;
;    Cell                ;        ; 3     ; 1.908       ; 43         ; 0.507  ; 0.739 ;
;    Routing Element     ;        ; 26    ; 2.581       ; 57         ; 0.000  ; 0.821 ;
;   Data                 ;        ;       ;             ;            ;        ;       ;
;    IC                  ;        ; 6     ; 0.000       ; 0          ; 0.000  ; 0.000 ;
;    Cell                ;        ; 7     ; 1.824       ; 27         ; 0.000  ; 0.552 ;
;    uTco                ;        ; 1     ; 0.000       ; 0          ; 0.000  ; 0.000 ;
;    Routing Element     ;        ; 30    ; 4.995       ; 73         ; 0.000  ; 0.424 ;
;  Required Path         ;        ;       ;             ;            ;        ;       ;
;   Clock                ;        ;       ;             ;            ;        ;       ;
;    IC                  ;        ; 3     ; -0.001      ; 0          ; -0.001 ; 0.000 ;
;    Cell                ;        ; 3     ; 1.773       ; 42         ; 0.470  ; 0.739 ;
;    Routing Element     ;        ; 26    ; 2.444       ; 58         ; 0.000  ; 0.782 ;
+------------------------+--------+-------+-------------+------------+--------+-------+
Note: Negative delays are omitted from totals when calculating percentages

+-------------------------------------------------------------------------------------------------------------------------------------+
; Data Arrival Path                                                                                                                   ;
+----------+---------+----+------+--------+-------------------------------------------+-----------------------------------------------+
; Total    ; Incr    ; RF ; Type ; Fanout ; Location                                  ; Element                                       ;
+----------+---------+----+------+--------+-------------------------------------------+-----------------------------------------------+
; 0.000    ; 0.000   ;    ;      ;        ;                                           ; launch edge time                              ;
; 4.489    ; 4.489   ;    ;      ;        ;                                           ; clock path                                    ;
;   0.000  ;   0.000 ;    ;      ;        ;                                           ; source latency                                ;
;   0.000  ;   0.000 ;    ;      ; 1      ; PIN_M16                                   ; clk                                           ;
;   0.000  ;   0.000 ;    ; RE   ; 1      ; IOPAD_X89_Y35_N60                         ; ARRIAV_IO_PAD                                 ;
;   0.000  ;   0.000 ;    ; RE   ; 1      ; IO_PAD_OUTPUT_X89_Y35_N60_I1              ; IO_PAD_OUTPUT                                 ;
;   0.000  ;   0.000 ;    ; RE   ; 1      ; IO_INPUT_BUFFER_INPUT_X89_Y35_N61_I0      ; IO_INPUT_BUFFER_INPUT                         ;
;   0.000  ;   0.000 ; RR ; IC   ; 1      ; IOIBUF_X89_Y35_N61                        ; clk~input|i                                   ;
;   0.739  ;   0.739 ; RR ; CELL ; 1      ; IOIBUF_X89_Y35_N61                        ; clk~input|o                                   ;
;   0.739  ;   0.000 ;    ; RE   ; 1      ; IOIBUF_X89_Y35_N61                        ; ARRIAV_IO_IBUF                                ;
;   0.739  ;   0.000 ;    ; RE   ; 1      ; IO_INPUT_BUFFER_OUTPUT_X89_Y35_N61_I2     ; IO_INPUT_BUFFER_OUTPUT                        ;
;   0.739  ;   0.000 ;    ; RE   ; 1      ; IO_RE_X89_Y35_N60_I96                     ; IO_RE                                         ;
;   0.833  ;   0.094 ;    ; RE   ; 1      ; IO_RE_X89_Y35_N60_I66                     ; IO_RE                                         ;
;   1.125  ;   0.292 ;    ; RE   ; 1      ; CLKBUF_CLUSTER_RE_X89_Y39_N3_I421         ; CLKBUF_CLUSTER_RE                             ;
;   1.125  ;   0.000 ;    ; RE   ; 1      ; CLKBUF_CLUSTER_RE_X89_Y39_N3_I788         ; CLKBUF_CLUSTER_RE                             ;
;   1.125  ;   0.000 ;    ; RE   ; 1      ; CLKBUF_CLUSTER_RE_X89_Y39_N3_I621         ; CLKBUF_CLUSTER_RE                             ;
;   1.125  ;   0.000 ;    ; RE   ; 1      ; GCLK_CLUSTER_RE_X89_Y39_N9_I10            ; GCLK_CLUSTER_RE                               ;
;   1.125  ;   0.000 ;    ; RE   ; 1      ; CLKBUFBLOCK_INPUT_X89_Y39_N10_I0          ; CLKBUFBLOCK_INPUT                             ;
;   1.125  ;   0.000 ; RR ; IC   ; 1      ; CLKCTRL_G10                               ; clk~inputCLKENA0|inclk                        ;
;   1.632  ;   0.507 ; RR ; CELL ; 1674   ; CLKCTRL_G10                               ; clk~inputCLKENA0|outclk                       ;
;   1.632  ;   0.000 ;    ; RE   ; 1      ; CLKCTRL_G10                               ; ARRIAV_CLKBUF                                 ;
;   1.632  ;   0.000 ;    ; RE   ; 1      ; CLKBUFBLOCK_OUTPUT_X89_Y39_N10_I2         ; CLKBUFBLOCK_OUTPUT                            ;
;   1.632  ;   0.000 ;    ; RE   ; 1      ; GCLK_CLUSTER_RE_X89_Y39_N9_I12            ; GCLK_CLUSTER_RE                               ;
;   1.632  ;   0.000 ;    ; RE   ; 1      ; CLKBUF_CLUSTER_RE_X89_Y39_N3_I417         ; CLKBUF_CLUSTER_RE                             ;
;   2.453  ;   0.821 ;    ; RE   ; 5      ; GLOBAL_CLOCK_X0_Y36_N0_I10                ; GLOBAL_CLOCK                                  ;
;   2.601  ;   0.148 ;    ; RE   ; 16     ; SPINE_CLOCK_X55_Y19_N0_I11                ; SPINE_CLOCK                                   ;
;   3.005  ;   0.404 ;    ; RE   ; 1      ; SCLK_TO_ROWCLK_BUF_X55_Y34_N0_I67         ; SCLK_TO_ROWCLK_BUF                            ;
;   3.099  ;   0.094 ;    ; RE   ; 2      ; SCLK_TO_ROWCLK_BUF_X55_Y34_N0_I70         ; SCLK_TO_ROWCLK_BUF                            ;
;   3.578  ;   0.479 ;    ; RE   ; 7      ; LAB_CLK_X45_Y34_N0_I5                     ; LAB_CLK                                       ;
;   3.713  ;   0.135 ;    ; RE   ; 1      ; BLK_CLK_BUF_X48_Y34_N0_I5                 ; BLK_CLK_BUF                                   ;
;   3.768  ;   0.055 ;    ; RE   ; 1      ; ROWCLKSEL_PREBUF_X48_Y34_N0_I5            ; ROWCLKSEL_PREBUF                              ;
;   3.827  ;   0.059 ;    ; RE   ; 1      ; ROWCLKSEL_X48_Y34_N0_I0                   ; ROWCLKSEL                                     ;
;   3.827  ;   0.000 ;    ; RE   ; 1      ; GLOBAL_LOCAL_SEL_X48_Y34_N0_I0            ; GLOBAL_LOCAL_SEL                              ;
;   3.827  ;   0.000 ;    ; RE   ; 5      ; LAB_INPUT_X48_Y34_N0_I0                   ; LAB_INPUT                                     ;
;   3.827  ;   0.000 ; RR ; IC   ; 1      ; FF_X48_Y34_N11                            ; state_array[4][2][31]|clk                     ;
;   4.489  ;   0.662 ; RR ; CELL ; 1      ; FF_X48_Y34_N11                            ; state_array[4][2][31]                         ;
; 11.308   ; 6.819   ;    ;      ;        ;                                           ; data path                                     ;
;   4.489  ;   0.000 ;    ; uTco ; 1      ; FF_X48_Y34_N11                            ; state_array[4][2][31]                         ;
;   4.489  ;   0.000 ; FF ; CELL ; 5      ; FF_X48_Y34_N11                            ; state_array[4][2][31]|q                       ;
;   4.549  ;   0.060 ;    ; RE   ; 2      ; FF_X48_Y34_N11                            ; ARRIAV_FF                                     ;
;   4.654  ;   0.105 ;    ; RE   ; 2      ; LE_BUFFER_X48_Y34_N0_I7                   ; LE_BUFFER                                     ;
;   4.892  ;   0.238 ;    ; RE   ; 1      ; C2_X47_Y32_N0_I11                         ; V_SEG2                                        ;
;   5.214  ;   0.322 ;    ; RE   ; 1      ; R6_X48_Y32_N0_I12                         ; H_SEG6                                        ;
;   5.478  ;   0.264 ;    ; RE   ; 2      ; LOCAL_INTERCONNECT_X51_Y32_N0_I24         ; LAB_LINE                                      ;
;   5.626  ;   0.148 ;    ; RE   ; 1      ; BLOCK_INPUT_MUX_X51_Y32_N0_I56            ; LEIM_INPUT                                    ;
;   5.626  ;   0.000 ; FF ; IC   ; 1      ; LABCELL_X51_Y32_N42                       ; KSU|u_theta|C[4][31]|datad                    ;
;   6.066  ;   0.440 ; FR ; CELL ; 2      ; LABCELL_X51_Y32_N42                       ; KSU|u_theta|C[4][31]|combout                  ;
;   6.066  ;   0.000 ;    ; RE   ; 1      ; LABCELL_X51_Y32_N42                       ; ARRIAV_LCELL_COMB                             ;
;   6.190  ;   0.124 ;    ; RE   ; 2      ; LOCAL_LINE_X51_Y32_N0_I14                 ; LOCAL_LINE                                    ;
;   6.370  ;   0.180 ;    ; RE   ; 1      ; BLOCK_INPUT_MUX_X51_Y32_N0_I53            ; LEIM_INPUT                                    ;
;   6.370  ;   0.000 ; RR ; IC   ; 1      ; LABCELL_X51_Y32_N39                       ; KSU|u_theta|state_array_o[0][4][31]~0|datac   ;
;   6.922  ;   0.552 ; RF ; CELL ; 5      ; LABCELL_X51_Y32_N39                       ; KSU|u_theta|state_array_o[0][4][31]~0|combout ;
;   6.922  ;   0.000 ;    ; RE   ; 3      ; LABCELL_X51_Y32_N39                       ; ARRIAV_LCELL_COMB                             ;
;   7.012  ;   0.090 ;    ; RE   ; 2      ; LE_BUFFER_X51_Y32_N0_I26                  ; LE_BUFFER                                     ;
;   7.248  ;   0.236 ;    ; RE   ; 2      ; C2_X51_Y33_N0_I10                         ; V_SEG2                                        ;
;   7.511  ;   0.263 ;    ; RE   ; 1      ; C2_X51_Y35_N0_I10                         ; V_SEG2                                        ;
;   7.861  ;   0.350 ;    ; RE   ; 1      ; C2_X51_Y37_N0_I10                         ; V_SEG2                                        ;
;   8.137  ;   0.276 ;    ; RE   ; 1      ; LOCAL_INTERCONNECT_X52_Y37_N0_I8          ; LAB_LINE                                      ;
;   8.275  ;   0.138 ;    ; RE   ; 1      ; BLOCK_INPUT_MUX_X52_Y37_N0_I39            ; LEIM_INPUT                                    ;
;   8.275  ;   0.000 ; FF ; IC   ; 1      ; MLABCELL_X52_Y37_N27                      ; KSU|u_theta|state_array_o[0][1][31]|dataf     ;
;   8.365  ;   0.090 ; FF ; CELL ; 3      ; MLABCELL_X52_Y37_N27                      ; KSU|u_theta|state_array_o[0][1][31]|combout   ;
;   8.365  ;   0.000 ;    ; RE   ; 2      ; MLABCELL_X52_Y37_N27                      ; ARRIAV_LCELL_COMB                             ;
;   8.464  ;   0.099 ;    ; RE   ; 1      ; LE_BUFFER_X52_Y37_N0_I18                  ; LE_BUFFER                                     ;
;   8.630  ;   0.166 ;    ; RE   ; 2      ; LOCAL_INTERCONNECT_X53_Y37_N0_I26         ; LAB_LINE                                      ;
;   8.758  ;   0.128 ;    ; RE   ; 1      ; BLOCK_INPUT_MUX_X53_Y37_N0_I54            ; LEIM_INPUT                                    ;
;   8.758  ;   0.000 ; FF ; IC   ; 1      ; LABCELL_X53_Y37_N39                       ; state_array~120|datae                         ;
;   9.107  ;   0.349 ; FF ; CELL ; 1      ; LABCELL_X53_Y37_N39                       ; state_array~120|combout                       ;
;   9.107  ;   0.000 ;    ; RE   ; 1      ; LABCELL_X53_Y37_N39                       ; ARRIAV_LCELL_COMB                             ;
;   9.191  ;   0.084 ;    ; RE   ; 1      ; LE_BUFFER_X53_Y37_N0_I26                  ; LE_BUFFER                                     ;
;   9.411  ;   0.220 ;    ; RE   ; 1      ; R3_X54_Y37_N0_I5                          ; H_SEG3                                        ;
;   9.411  ;   0.000 ;    ; RE   ; 1      ; R14_C12_INTERCONNECT_DRIVER_X54_Y37_N0_I3 ; WIRE_MUX                                      ;
;   9.708  ;   0.297 ;    ; RE   ; 1      ; R14_X55_Y37_N0_I0                         ; H_SEG14                                       ;
;   10.104 ;   0.396 ;    ; RE   ; 1      ; C4_X68_Y33_N0_I5                          ; V_SEG4                                        ;
;   10.528 ;   0.424 ;    ; RE   ; 1      ; R6_X69_Y35_N0_I4                          ; H_SEG6                                        ;
;   10.783 ;   0.255 ;    ; RE   ; 1      ; LOCAL_INTERCONNECT_X70_Y35_N0_I38         ; LAB_LINE                                      ;
;   10.915 ;   0.132 ;    ; RE   ; 1      ; BLOCK_INPUT_MUX_X70_Y35_N0_I49            ; LEIM_INPUT                                    ;
;   10.915 ;   0.000 ; FF ; IC   ; 1      ; LABCELL_X70_Y35_N36                       ; state_array~121|dataf                         ;
;   11.001 ;   0.086 ; FF ; CELL ; 1      ; LABCELL_X70_Y35_N36                       ; state_array~121|combout                       ;
;   11.001 ;   0.000 ;    ; RE   ; 1      ; LABCELL_X70_Y35_N36                       ; ARRIAV_LCELL_COMB                             ;
;   11.001 ;   0.000 ; FF ; IC   ; 1      ; FF_X70_Y35_N38                            ; state_array[4][3][3]|d                        ;
;   11.308 ;   0.307 ; FF ; CELL ; 1      ; FF_X70_Y35_N38                            ; state_array[4][3][3]                          ;
+----------+---------+----+------+--------+-------------------------------------------+-----------------------------------------------+

+-------------------------------------------------------------------------------------------------------------+
; Data Required Path                                                                                          ;
+----------+----------+----+------+--------+---------------------------------------+--------------------------+
; Total    ; Incr     ; RF ; Type ; Fanout ; Location                              ; Element                  ;
+----------+----------+----+------+--------+---------------------------------------+--------------------------+
; 7.407    ; 7.407    ;    ;      ;        ;                                       ; latch edge time          ;
; 11.683   ; 4.276    ;    ;      ;        ;                                       ; clock path               ;
;   7.407  ;   0.000  ;    ;      ;        ;                                       ; source latency           ;
;   7.407  ;   0.000  ;    ;      ; 1      ; PIN_M16                               ; clk                      ;
;   7.407  ;   0.000  ;    ; RE   ; 1      ; IOPAD_X89_Y35_N60                     ; ARRIAV_IO_PAD            ;
;   7.407  ;   0.000  ;    ; RE   ; 1      ; IO_PAD_OUTPUT_X89_Y35_N60_I1          ; IO_PAD_OUTPUT            ;
;   7.407  ;   0.000  ;    ; RE   ; 1      ; IO_INPUT_BUFFER_INPUT_X89_Y35_N61_I0  ; IO_INPUT_BUFFER_INPUT    ;
;   7.407  ;   0.000  ; RR ; IC   ; 1      ; IOIBUF_X89_Y35_N61                    ; clk~input|i              ;
;   8.146  ;   0.739  ; RR ; CELL ; 1      ; IOIBUF_X89_Y35_N61                    ; clk~input|o              ;
;   8.146  ;   0.000  ;    ; RE   ; 1      ; IOIBUF_X89_Y35_N61                    ; ARRIAV_IO_IBUF           ;
;   8.146  ;   0.000  ;    ; RE   ; 1      ; IO_INPUT_BUFFER_OUTPUT_X89_Y35_N61_I2 ; IO_INPUT_BUFFER_OUTPUT   ;
;   8.146  ;   0.000  ;    ; RE   ; 1      ; IO_RE_X89_Y35_N60_I96                 ; IO_RE                    ;
;   8.234  ;   0.088  ;    ; RE   ; 1      ; IO_RE_X89_Y35_N60_I66                 ; IO_RE                    ;
;   8.509  ;   0.275  ;    ; RE   ; 1      ; CLKBUF_CLUSTER_RE_X89_Y39_N3_I421     ; CLKBUF_CLUSTER_RE        ;
;   8.509  ;   0.000  ;    ; RE   ; 1      ; CLKBUF_CLUSTER_RE_X89_Y39_N3_I788     ; CLKBUF_CLUSTER_RE        ;
;   8.509  ;   0.000  ;    ; RE   ; 1      ; CLKBUF_CLUSTER_RE_X89_Y39_N3_I621     ; CLKBUF_CLUSTER_RE        ;
;   8.509  ;   0.000  ;    ; RE   ; 1      ; GCLK_CLUSTER_RE_X89_Y39_N9_I10        ; GCLK_CLUSTER_RE          ;
;   8.509  ;   0.000  ;    ; RE   ; 1      ; CLKBUFBLOCK_INPUT_X89_Y39_N10_I0      ; CLKBUFBLOCK_INPUT        ;
;   8.509  ;   0.000  ; RR ; IC   ; 1      ; CLKCTRL_G10                           ; clk~inputCLKENA0|inclk   ;
;   8.979  ;   0.470  ; RR ; CELL ; 1674   ; CLKCTRL_G10                           ; clk~inputCLKENA0|outclk  ;
;   8.979  ;   0.000  ;    ; RE   ; 1      ; CLKCTRL_G10                           ; ARRIAV_CLKBUF            ;
;   8.979  ;   0.000  ;    ; RE   ; 1      ; CLKBUFBLOCK_OUTPUT_X89_Y39_N10_I2     ; CLKBUFBLOCK_OUTPUT       ;
;   8.979  ;   0.000  ;    ; RE   ; 1      ; GCLK_CLUSTER_RE_X89_Y39_N9_I12        ; GCLK_CLUSTER_RE          ;
;   8.979  ;   0.000  ;    ; RE   ; 1      ; CLKBUF_CLUSTER_RE_X89_Y39_N3_I417     ; CLKBUF_CLUSTER_RE        ;
;   9.761  ;   0.782  ;    ; RE   ; 5      ; GLOBAL_CLOCK_X0_Y36_N0_I10            ; GLOBAL_CLOCK             ;
;   9.904  ;   0.143  ;    ; RE   ; 15     ; SPINE_CLOCK_X77_Y19_N0_I16            ; SPINE_CLOCK              ;
;   10.294 ;   0.390  ;    ; RE   ; 1      ; SCLK_TO_ROWCLK_BUF_X77_Y35_N0_I97     ; SCLK_TO_ROWCLK_BUF       ;
;   10.375 ;   0.081  ;    ; RE   ; 1      ; SCLK_TO_ROWCLK_BUF_X77_Y35_N0_I100    ; SCLK_TO_ROWCLK_BUF       ;
;   10.828 ;   0.453  ;    ; RE   ; 7      ; LAB_CLK_X67_Y35_N0_I5                 ; LAB_CLK                  ;
;   10.952 ;   0.124  ;    ; RE   ; 1      ; BLK_CLK_BUF_X70_Y35_N0_I5             ; BLK_CLK_BUF              ;
;   11.005 ;   0.053  ;    ; RE   ; 1      ; ROWCLKSEL_PREBUF_X70_Y35_N0_I5        ; ROWCLKSEL_PREBUF         ;
;   11.060 ;   0.055  ;    ; RE   ; 1      ; ROWCLKSEL_X70_Y35_N0_I0               ; ROWCLKSEL                ;
;   11.060 ;   0.000  ;    ; RE   ; 1      ; GLOBAL_LOCAL_SEL_X70_Y35_N0_I0        ; GLOBAL_LOCAL_SEL         ;
;   11.060 ;   0.000  ;    ; RE   ; 5      ; LAB_INPUT_X70_Y35_N0_I0               ; LAB_INPUT                ;
;   11.059 ;   -0.001 ; RR ; IC   ; 1      ; FF_X70_Y35_N38                        ; state_array[4][3][3]|clk ;
;   11.623 ;   0.564  ; RR ; CELL ; 1      ; FF_X70_Y35_N38                        ; state_array[4][3][3]     ;
;   11.683 ;   0.060  ;    ;      ;        ;                                       ; clock pessimism removed  ;
; 11.583   ; -0.100   ;    ;      ;        ;                                       ; clock uncertainty        ;
; 11.583   ; 0.000    ;    ; uTsu ; 1      ; FF_X70_Y35_N38                        ; state_array[4][3][3]     ;
+----------+----------+----+------+--------+---------------------------------------+--------------------------+

----------------------------
; Extra Fitter Information ;
----------------------------
HTML report is unavailable in plain text report export.


Path #8: Setup slack is 0.290 
===============================================================================
+--------------------------------------------+
; Path Summary                               ;
+--------------------+-----------------------+
; Property           ; Value                 ;
+--------------------+-----------------------+
; From Node          ; state_array[4][4][51] ;
; To Node            ; state_array[2][2][13] ;
; Launch Clock       ; clk                   ;
; Latch Clock        ; clk                   ;
; Data Arrival Time  ; 11.354                ;
; Data Required Time ; 11.644                ;
; Slack              ; 0.290                 ;
+--------------------+-----------------------+

+-------------------------------------------------------------------------------------+
; Statistics                                                                          ;
+------------------------+--------+-------+-------------+------------+--------+-------+
; Property               ; Value  ; Count ; Total Delay ; % of Total ; Min    ; Max   ;
+------------------------+--------+-------+-------------+------------+--------+-------+
; Setup Relationship     ; 7.407  ;       ;             ;            ;        ;       ;
; Clock Skew             ; -0.156 ;       ;             ;            ;        ;       ;
; Data Delay             ; 6.861  ;       ;             ;            ;        ;       ;
; Number of Logic Levels ;        ; 4     ;             ;            ;        ;       ;
; Physical Delays        ;        ;       ;             ;            ;        ;       ;
;  Arrival Path          ;        ;       ;             ;            ;        ;       ;
;   Clock                ;        ;       ;             ;            ;        ;       ;
;    IC                  ;        ; 3     ; 0.001       ; 0          ; 0.000  ; 0.001 ;
;    Cell                ;        ; 3     ; 1.908       ; 42         ; 0.507  ; 0.739 ;
;    Routing Element     ;        ; 26    ; 2.584       ; 58         ; 0.000  ; 0.821 ;
;   Data                 ;        ;       ;             ;            ;        ;       ;
;    IC                  ;        ; 5     ; -0.001      ; 0          ; -0.001 ; 0.001 ;
;    Cell                ;        ; 6     ; 1.194       ; 17         ; 0.000  ; 0.602 ;
;    uTco                ;        ; 1     ; 0.000       ; 0          ; 0.000  ; 0.000 ;
;    Routing Element     ;        ; 30    ; 5.668       ; 83         ; 0.000  ; 0.452 ;
;  Required Path         ;        ;       ;             ;            ;        ;       ;
;   Clock                ;        ;       ;             ;            ;        ;       ;
;    IC                  ;        ; 3     ; 0.000       ; 0          ; 0.000  ; 0.000 ;
;    Cell                ;        ; 3     ; 1.780       ; 42         ; 0.470  ; 0.739 ;
;    Routing Element     ;        ; 26    ; 2.452       ; 58         ; 0.000  ; 0.776 ;
+------------------------+--------+-------+-------------+------------+--------+-------+
Note: Negative delays are omitted from totals when calculating percentages

+--------------------------------------------------------------------------------------------------------------------------------------+
; Data Arrival Path                                                                                                                    ;
+----------+----------+----+------+--------+-------------------------------------------+-----------------------------------------------+
; Total    ; Incr     ; RF ; Type ; Fanout ; Location                                  ; Element                                       ;
+----------+----------+----+------+--------+-------------------------------------------+-----------------------------------------------+
; 0.000    ; 0.000    ;    ;      ;        ;                                           ; launch edge time                              ;
; 4.493    ; 4.493    ;    ;      ;        ;                                           ; clock path                                    ;
;   0.000  ;   0.000  ;    ;      ;        ;                                           ; source latency                                ;
;   0.000  ;   0.000  ;    ;      ; 1      ; PIN_M16                                   ; clk                                           ;
;   0.000  ;   0.000  ;    ; RE   ; 1      ; IOPAD_X89_Y35_N60                         ; ARRIAV_IO_PAD                                 ;
;   0.000  ;   0.000  ;    ; RE   ; 1      ; IO_PAD_OUTPUT_X89_Y35_N60_I1              ; IO_PAD_OUTPUT                                 ;
;   0.000  ;   0.000  ;    ; RE   ; 1      ; IO_INPUT_BUFFER_INPUT_X89_Y35_N61_I0      ; IO_INPUT_BUFFER_INPUT                         ;
;   0.000  ;   0.000  ; RR ; IC   ; 1      ; IOIBUF_X89_Y35_N61                        ; clk~input|i                                   ;
;   0.739  ;   0.739  ; RR ; CELL ; 1      ; IOIBUF_X89_Y35_N61                        ; clk~input|o                                   ;
;   0.739  ;   0.000  ;    ; RE   ; 1      ; IOIBUF_X89_Y35_N61                        ; ARRIAV_IO_IBUF                                ;
;   0.739  ;   0.000  ;    ; RE   ; 1      ; IO_INPUT_BUFFER_OUTPUT_X89_Y35_N61_I2     ; IO_INPUT_BUFFER_OUTPUT                        ;
;   0.739  ;   0.000  ;    ; RE   ; 1      ; IO_RE_X89_Y35_N60_I96                     ; IO_RE                                         ;
;   0.833  ;   0.094  ;    ; RE   ; 1      ; IO_RE_X89_Y35_N60_I66                     ; IO_RE                                         ;
;   1.125  ;   0.292  ;    ; RE   ; 1      ; CLKBUF_CLUSTER_RE_X89_Y39_N3_I421         ; CLKBUF_CLUSTER_RE                             ;
;   1.125  ;   0.000  ;    ; RE   ; 1      ; CLKBUF_CLUSTER_RE_X89_Y39_N3_I788         ; CLKBUF_CLUSTER_RE                             ;
;   1.125  ;   0.000  ;    ; RE   ; 1      ; CLKBUF_CLUSTER_RE_X89_Y39_N3_I621         ; CLKBUF_CLUSTER_RE                             ;
;   1.125  ;   0.000  ;    ; RE   ; 1      ; GCLK_CLUSTER_RE_X89_Y39_N9_I10            ; GCLK_CLUSTER_RE                               ;
;   1.125  ;   0.000  ;    ; RE   ; 1      ; CLKBUFBLOCK_INPUT_X89_Y39_N10_I0          ; CLKBUFBLOCK_INPUT                             ;
;   1.125  ;   0.000  ; RR ; IC   ; 1      ; CLKCTRL_G10                               ; clk~inputCLKENA0|inclk                        ;
;   1.632  ;   0.507  ; RR ; CELL ; 1674   ; CLKCTRL_G10                               ; clk~inputCLKENA0|outclk                       ;
;   1.632  ;   0.000  ;    ; RE   ; 1      ; CLKCTRL_G10                               ; ARRIAV_CLKBUF                                 ;
;   1.632  ;   0.000  ;    ; RE   ; 1      ; CLKBUFBLOCK_OUTPUT_X89_Y39_N10_I2         ; CLKBUFBLOCK_OUTPUT                            ;
;   1.632  ;   0.000  ;    ; RE   ; 1      ; GCLK_CLUSTER_RE_X89_Y39_N9_I12            ; GCLK_CLUSTER_RE                               ;
;   1.632  ;   0.000  ;    ; RE   ; 1      ; CLKBUF_CLUSTER_RE_X89_Y39_N3_I417         ; CLKBUF_CLUSTER_RE                             ;
;   2.453  ;   0.821  ;    ; RE   ; 5      ; GLOBAL_CLOCK_X0_Y36_N0_I10                ; GLOBAL_CLOCK                                  ;
;   2.600  ;   0.147  ;    ; RE   ; 16     ; SPINE_CLOCK_X55_Y19_N0_I11                ; SPINE_CLOCK                                   ;
;   3.004  ;   0.404  ;    ; RE   ; 1      ; SCLK_TO_ROWCLK_BUF_X55_Y32_N0_I67         ; SCLK_TO_ROWCLK_BUF                            ;
;   3.098  ;   0.094  ;    ; RE   ; 2      ; SCLK_TO_ROWCLK_BUF_X55_Y32_N0_I70         ; SCLK_TO_ROWCLK_BUF                            ;
;   3.575  ;   0.477  ;    ; RE   ; 8      ; LAB_CLK_X56_Y32_N0_I5                     ; LAB_CLK                                       ;
;   3.715  ;   0.140  ;    ; RE   ; 1      ; BLK_CLK_BUF_X56_Y32_N0_I5                 ; BLK_CLK_BUF                                   ;
;   3.771  ;   0.056  ;    ; RE   ; 1      ; ROWCLKSEL_PREBUF_X56_Y32_N0_I5            ; ROWCLKSEL_PREBUF                              ;
;   3.830  ;   0.059  ;    ; RE   ; 1      ; ROWCLKSEL_X56_Y32_N0_I0                   ; ROWCLKSEL                                     ;
;   3.830  ;   0.000  ;    ; RE   ; 1      ; GLOBAL_LOCAL_SEL_X56_Y32_N0_I0            ; GLOBAL_LOCAL_SEL                              ;
;   3.830  ;   0.000  ;    ; RE   ; 5      ; LAB_INPUT_X56_Y32_N0_I0                   ; LAB_INPUT                                     ;
;   3.831  ;   0.001  ; RR ; IC   ; 1      ; FF_X56_Y32_N29                            ; state_array[4][4][51]|clk                     ;
;   4.493  ;   0.662  ; RR ; CELL ; 1      ; FF_X56_Y32_N29                            ; state_array[4][4][51]                         ;
; 11.354   ; 6.861    ;    ;      ;        ;                                           ; data path                                     ;
;   4.493  ;   0.000  ;    ; uTco ; 1      ; FF_X56_Y32_N29                            ; state_array[4][4][51]                         ;
;   4.493  ;   0.000  ; FF ; CELL ; 6      ; FF_X56_Y32_N29                            ; state_array[4][4][51]|q                       ;
;   4.553  ;   0.060  ;    ; RE   ; 2      ; FF_X56_Y32_N29                            ; ARRIAV_FF                                     ;
;   4.680  ;   0.127  ;    ; RE   ; 1      ; LE_BUFFER_X56_Y32_N0_I19                  ; LE_BUFFER                                     ;
;   4.997  ;   0.317  ;    ; RE   ; 1      ; R3_X56_Y32_N0_I11                         ; H_SEG3                                        ;
;   4.997  ;   0.000  ;    ; RE   ; 3      ; R14_C12_INTERCONNECT_DRIVER_X56_Y32_N0_I3 ; WIRE_MUX                                      ;
;   5.449  ;   0.452  ;    ; RE   ; 1      ; C12_X56_Y33_N0_I0                         ; V_SEG12                                       ;
;   5.827  ;   0.378  ;    ; RE   ; 1      ; C2_X56_Y39_N0_I18                         ; V_SEG2                                        ;
;   6.022  ;   0.195  ;    ; RE   ; 1      ; LOCAL_INTERCONNECT_X57_Y39_N0_I0          ; LAB_LINE                                      ;
;   6.155  ;   0.133  ;    ; RE   ; 1      ; BLOCK_INPUT_MUX_X57_Y39_N0_I13            ; LEIM_INPUT                                    ;
;   6.154  ;   -0.001 ; FF ; IC   ; 1      ; LABCELL_X57_Y39_N6                        ; KSU|u_theta|C[4][51]|datad                    ;
;   6.756  ;   0.602  ; FF ; CELL ; 2      ; LABCELL_X57_Y39_N6                        ; KSU|u_theta|C[4][51]|combout                  ;
;   6.756  ;   0.000  ;    ; RE   ; 2      ; LABCELL_X57_Y39_N6                        ; ARRIAV_LCELL_COMB                             ;
;   6.849  ;   0.093  ;    ; RE   ; 1      ; LE_BUFFER_X57_Y39_N0_I5                   ; LE_BUFFER                                     ;
;   7.215  ;   0.366  ;    ; RE   ; 1      ; C4_X56_Y35_N0_I5                          ; V_SEG4                                        ;
;   7.614  ;   0.399  ;    ; RE   ; 1      ; R3_X57_Y36_N0_I9                          ; H_SEG3                                        ;
;   7.882  ;   0.268  ;    ; RE   ; 1      ; R3_X60_Y36_N0_I7                          ; H_SEG3                                        ;
;   8.076  ;   0.194  ;    ; RE   ; 1      ; LOCAL_INTERCONNECT_X61_Y36_N0_I21         ; LAB_LINE                                      ;
;   8.205  ;   0.129  ;    ; RE   ; 1      ; BLOCK_INPUT_MUX_X61_Y36_N0_I39            ; LEIM_INPUT                                    ;
;   8.206  ;   0.001  ; FF ; IC   ; 1      ; LABCELL_X61_Y36_N27                       ; KSU|u_theta|state_array_o[3][0][52]~0|dataf   ;
;   8.296  ;   0.090  ; FF ; CELL ; 15     ; LABCELL_X61_Y36_N27                       ; KSU|u_theta|state_array_o[3][0][52]~0|combout ;
;   8.296  ;   0.000  ;    ; RE   ; 2      ; LABCELL_X61_Y36_N27                       ; ARRIAV_LCELL_COMB                             ;
;   8.375  ;   0.079  ;    ; RE   ; 1      ; LE_BUFFER_X61_Y36_N0_I18                  ; LE_BUFFER                                     ;
;   8.588  ;   0.213  ;    ; RE   ; 3      ; R3_X62_Y36_N0_I9                          ; H_SEG3                                        ;
;   8.588  ;   0.000  ;    ; RE   ; 2      ; R14_C12_INTERCONNECT_DRIVER_X62_Y36_N0_I3 ; WIRE_MUX                                      ;
;   8.901  ;   0.313  ;    ; RE   ; 2      ; R14_X49_Y36_N0_I1                         ; H_SEG14                                       ;
;   9.241  ;   0.340  ;    ; RE   ; 1      ; C4_X54_Y32_N0_I6                          ; V_SEG4                                        ;
;   9.602  ;   0.361  ;    ; RE   ; 1      ; C4_X54_Y28_N0_I6                          ; V_SEG4                                        ;
;   10.032 ;   0.430  ;    ; RE   ; 1      ; R6_X49_Y29_N0_I32                         ; H_SEG6                                        ;
;   10.291 ;   0.259  ;    ; RE   ; 1      ; LOCAL_INTERCONNECT_X52_Y29_N0_I23         ; LAB_LINE                                      ;
;   10.411 ;   0.120  ;    ; RE   ; 1      ; BLOCK_INPUT_MUX_X52_Y29_N0_I17            ; LEIM_INPUT                                    ;
;   10.411 ;   0.000  ; FF ; IC   ; 1      ; MLABCELL_X52_Y29_N12                      ; KSU|u_chi|state_array_o[2][2][13]|dataf       ;
;   10.514 ;   0.103  ; FR ; CELL ; 1      ; MLABCELL_X52_Y29_N12                      ; KSU|u_chi|state_array_o[2][2][13]|combout     ;
;   10.514 ;   0.000  ;    ; RE   ; 1      ; MLABCELL_X52_Y29_N12                      ; ARRIAV_LCELL_COMB                             ;
;   10.626 ;   0.112  ;    ; RE   ; 1      ; LE_BUFFER_X52_Y29_N0_I9                   ; LE_BUFFER                                     ;
;   10.778 ;   0.152  ;    ; RE   ; 1      ; LOCAL_INTERCONNECT_X51_Y29_N0_I35         ; LAB_LINE                                      ;
;   10.956 ;   0.178  ;    ; RE   ; 1      ; BLOCK_INPUT_MUX_X51_Y29_N0_I55            ; LEIM_INPUT                                    ;
;   10.955 ;   -0.001 ; RR ; IC   ; 1      ; LABCELL_X51_Y29_N39                       ; state_array~456|dataf                         ;
;   11.048 ;   0.093  ; RR ; CELL ; 1      ; LABCELL_X51_Y29_N39                       ; state_array~456|combout                       ;
;   11.048 ;   0.000  ;    ; RE   ; 1      ; LABCELL_X51_Y29_N39                       ; ARRIAV_LCELL_COMB                             ;
;   11.048 ;   0.000  ; RR ; IC   ; 1      ; FF_X51_Y29_N41                            ; state_array[2][2][13]|d                       ;
;   11.354 ;   0.306  ; RR ; CELL ; 1      ; FF_X51_Y29_N41                            ; state_array[2][2][13]                         ;
+----------+----------+----+------+--------+-------------------------------------------+-----------------------------------------------+

+-------------------------------------------------------------------------------------------------------------+
; Data Required Path                                                                                          ;
+----------+---------+----+------+--------+---------------------------------------+---------------------------+
; Total    ; Incr    ; RF ; Type ; Fanout ; Location                              ; Element                   ;
+----------+---------+----+------+--------+---------------------------------------+---------------------------+
; 7.407    ; 7.407   ;    ;      ;        ;                                       ; latch edge time           ;
; 11.744   ; 4.337   ;    ;      ;        ;                                       ; clock path                ;
;   7.407  ;   0.000 ;    ;      ;        ;                                       ; source latency            ;
;   7.407  ;   0.000 ;    ;      ; 1      ; PIN_M16                               ; clk                       ;
;   7.407  ;   0.000 ;    ; RE   ; 1      ; IOPAD_X89_Y35_N60                     ; ARRIAV_IO_PAD             ;
;   7.407  ;   0.000 ;    ; RE   ; 1      ; IO_PAD_OUTPUT_X89_Y35_N60_I1          ; IO_PAD_OUTPUT             ;
;   7.407  ;   0.000 ;    ; RE   ; 1      ; IO_INPUT_BUFFER_INPUT_X89_Y35_N61_I0  ; IO_INPUT_BUFFER_INPUT     ;
;   7.407  ;   0.000 ; RR ; IC   ; 1      ; IOIBUF_X89_Y35_N61                    ; clk~input|i               ;
;   8.146  ;   0.739 ; RR ; CELL ; 1      ; IOIBUF_X89_Y35_N61                    ; clk~input|o               ;
;   8.146  ;   0.000 ;    ; RE   ; 1      ; IOIBUF_X89_Y35_N61                    ; ARRIAV_IO_IBUF            ;
;   8.146  ;   0.000 ;    ; RE   ; 1      ; IO_INPUT_BUFFER_OUTPUT_X89_Y35_N61_I2 ; IO_INPUT_BUFFER_OUTPUT    ;
;   8.146  ;   0.000 ;    ; RE   ; 1      ; IO_RE_X89_Y35_N60_I96                 ; IO_RE                     ;
;   8.234  ;   0.088 ;    ; RE   ; 1      ; IO_RE_X89_Y35_N60_I66                 ; IO_RE                     ;
;   8.509  ;   0.275 ;    ; RE   ; 1      ; CLKBUF_CLUSTER_RE_X89_Y39_N3_I421     ; CLKBUF_CLUSTER_RE         ;
;   8.509  ;   0.000 ;    ; RE   ; 1      ; CLKBUF_CLUSTER_RE_X89_Y39_N3_I788     ; CLKBUF_CLUSTER_RE         ;
;   8.509  ;   0.000 ;    ; RE   ; 1      ; CLKBUF_CLUSTER_RE_X89_Y39_N3_I621     ; CLKBUF_CLUSTER_RE         ;
;   8.509  ;   0.000 ;    ; RE   ; 1      ; GCLK_CLUSTER_RE_X89_Y39_N9_I10        ; GCLK_CLUSTER_RE           ;
;   8.509  ;   0.000 ;    ; RE   ; 1      ; CLKBUFBLOCK_INPUT_X89_Y39_N10_I0      ; CLKBUFBLOCK_INPUT         ;
;   8.509  ;   0.000 ; RR ; IC   ; 1      ; CLKCTRL_G10                           ; clk~inputCLKENA0|inclk    ;
;   8.979  ;   0.470 ; RR ; CELL ; 1674   ; CLKCTRL_G10                           ; clk~inputCLKENA0|outclk   ;
;   8.979  ;   0.000 ;    ; RE   ; 1      ; CLKCTRL_G10                           ; ARRIAV_CLKBUF             ;
;   8.979  ;   0.000 ;    ; RE   ; 1      ; CLKBUFBLOCK_OUTPUT_X89_Y39_N10_I2     ; CLKBUFBLOCK_OUTPUT        ;
;   8.979  ;   0.000 ;    ; RE   ; 1      ; GCLK_CLUSTER_RE_X89_Y39_N9_I12        ; GCLK_CLUSTER_RE           ;
;   8.979  ;   0.000 ;    ; RE   ; 1      ; CLKBUF_CLUSTER_RE_X89_Y39_N3_I417     ; CLKBUF_CLUSTER_RE         ;
;   9.755  ;   0.776 ;    ; RE   ; 5      ; GLOBAL_CLOCK_X0_Y36_N0_I10            ; GLOBAL_CLOCK              ;
;   9.892  ;   0.137 ;    ; RE   ; 16     ; SPINE_CLOCK_X55_Y19_N0_I11            ; SPINE_CLOCK               ;
;   10.283 ;   0.391 ;    ; RE   ; 1      ; SCLK_TO_ROWCLK_BUF_X55_Y29_N0_I67     ; SCLK_TO_ROWCLK_BUF        ;
;   10.374 ;   0.091 ;    ; RE   ; 2      ; SCLK_TO_ROWCLK_BUF_X55_Y29_N0_I70     ; SCLK_TO_ROWCLK_BUF        ;
;   10.835 ;   0.461 ;    ; RE   ; 7      ; LAB_CLK_X45_Y29_N0_I5                 ; LAB_CLK                   ;
;   10.960 ;   0.125 ;    ; RE   ; 1      ; BLK_CLK_BUF_X51_Y29_N0_I5             ; BLK_CLK_BUF               ;
;   11.013 ;   0.053 ;    ; RE   ; 1      ; ROWCLKSEL_PREBUF_X51_Y29_N0_I5        ; ROWCLKSEL_PREBUF          ;
;   11.068 ;   0.055 ;    ; RE   ; 1      ; ROWCLKSEL_X51_Y29_N0_I0               ; ROWCLKSEL                 ;
;   11.068 ;   0.000 ;    ; RE   ; 1      ; GLOBAL_LOCAL_SEL_X51_Y29_N0_I0        ; GLOBAL_LOCAL_SEL          ;
;   11.068 ;   0.000 ;    ; RE   ; 6      ; LAB_INPUT_X51_Y29_N0_I0               ; LAB_INPUT                 ;
;   11.068 ;   0.000 ; RR ; IC   ; 1      ; FF_X51_Y29_N41                        ; state_array[2][2][13]|clk ;
;   11.639 ;   0.571 ; RR ; CELL ; 1      ; FF_X51_Y29_N41                        ; state_array[2][2][13]     ;
;   11.744 ;   0.105 ;    ;      ;        ;                                       ; clock pessimism removed   ;
; 11.644   ; -0.100  ;    ;      ;        ;                                       ; clock uncertainty         ;
; 11.644   ; 0.000   ;    ; uTsu ; 1      ; FF_X51_Y29_N41                        ; state_array[2][2][13]     ;
+----------+---------+----+------+--------+---------------------------------------+---------------------------+

----------------------------
; Extra Fitter Information ;
----------------------------
HTML report is unavailable in plain text report export.


Path #9: Setup slack is 0.304 
===============================================================================
+--------------------------------------------+
; Path Summary                               ;
+--------------------+-----------------------+
; Property           ; Value                 ;
+--------------------+-----------------------+
; From Node          ; state_array[1][4][38] ;
; To Node            ; state_array[3][0][39] ;
; Launch Clock       ; clk                   ;
; Latch Clock        ; clk                   ;
; Data Arrival Time  ; 11.345                ;
; Data Required Time ; 11.649                ;
; Slack              ; 0.304                 ;
+--------------------+-----------------------+

+-------------------------------------------------------------------------------------+
; Statistics                                                                          ;
+------------------------+--------+-------+-------------+------------+--------+-------+
; Property               ; Value  ; Count ; Total Delay ; % of Total ; Min    ; Max   ;
+------------------------+--------+-------+-------------+------------+--------+-------+
; Setup Relationship     ; 7.407  ;       ;             ;            ;        ;       ;
; Clock Skew             ; -0.121 ;       ;             ;            ;        ;       ;
; Data Delay             ; 6.882  ;       ;             ;            ;        ;       ;
; Number of Logic Levels ;        ; 5     ;             ;            ;        ;       ;
; Physical Delays        ;        ;       ;             ;            ;        ;       ;
;  Arrival Path          ;        ;       ;             ;            ;        ;       ;
;   Clock                ;        ;       ;             ;            ;        ;       ;
;    IC                  ;        ; 3     ; -0.002      ; 0          ; -0.002 ; 0.000 ;
;    Cell                ;        ; 3     ; 1.901       ; 43         ; 0.507  ; 0.739 ;
;    Routing Element     ;        ; 26    ; 2.564       ; 57         ; 0.000  ; 0.821 ;
;   Data                 ;        ;       ;             ;            ;        ;       ;
;    IC                  ;        ; 6     ; 0.001       ; 0          ; -0.001 ; 0.001 ;
;    Cell                ;        ; 7     ; 1.290       ; 19         ; 0.000  ; 0.600 ;
;    uTco                ;        ; 1     ; 0.000       ; 0          ; 0.000  ; 0.000 ;
;    Routing Element     ;        ; 30    ; 5.591       ; 81         ; 0.000  ; 0.466 ;
;  Required Path         ;        ;       ;             ;            ;        ;       ;
;   Clock                ;        ;       ;             ;            ;        ;       ;
;    IC                  ;        ; 3     ; 0.000       ; 0          ; 0.000  ; 0.000 ;
;    Cell                ;        ; 3     ; 1.780       ; 42         ; 0.470  ; 0.739 ;
;    Routing Element     ;        ; 26    ; 2.457       ; 58         ; 0.000  ; 0.776 ;
+------------------------+--------+-------+-------------+------------+--------+-------+
Note: Negative delays are omitted from totals when calculating percentages

+----------------------------------------------------------------------------------------------------------------------------------+
; Data Arrival Path                                                                                                                ;
+----------+----------+----+------+--------+---------------------------------------+-----------------------------------------------+
; Total    ; Incr     ; RF ; Type ; Fanout ; Location                              ; Element                                       ;
+----------+----------+----+------+--------+---------------------------------------+-----------------------------------------------+
; 0.000    ; 0.000    ;    ;      ;        ;                                       ; launch edge time                              ;
; 4.463    ; 4.463    ;    ;      ;        ;                                       ; clock path                                    ;
;   0.000  ;   0.000  ;    ;      ;        ;                                       ; source latency                                ;
;   0.000  ;   0.000  ;    ;      ; 1      ; PIN_M16                               ; clk                                           ;
;   0.000  ;   0.000  ;    ; RE   ; 1      ; IOPAD_X89_Y35_N60                     ; ARRIAV_IO_PAD                                 ;
;   0.000  ;   0.000  ;    ; RE   ; 1      ; IO_PAD_OUTPUT_X89_Y35_N60_I1          ; IO_PAD_OUTPUT                                 ;
;   0.000  ;   0.000  ;    ; RE   ; 1      ; IO_INPUT_BUFFER_INPUT_X89_Y35_N61_I0  ; IO_INPUT_BUFFER_INPUT                         ;
;   0.000  ;   0.000  ; RR ; IC   ; 1      ; IOIBUF_X89_Y35_N61                    ; clk~input|i                                   ;
;   0.739  ;   0.739  ; RR ; CELL ; 1      ; IOIBUF_X89_Y35_N61                    ; clk~input|o                                   ;
;   0.739  ;   0.000  ;    ; RE   ; 1      ; IOIBUF_X89_Y35_N61                    ; ARRIAV_IO_IBUF                                ;
;   0.739  ;   0.000  ;    ; RE   ; 1      ; IO_INPUT_BUFFER_OUTPUT_X89_Y35_N61_I2 ; IO_INPUT_BUFFER_OUTPUT                        ;
;   0.739  ;   0.000  ;    ; RE   ; 1      ; IO_RE_X89_Y35_N60_I96                 ; IO_RE                                         ;
;   0.833  ;   0.094  ;    ; RE   ; 1      ; IO_RE_X89_Y35_N60_I66                 ; IO_RE                                         ;
;   1.125  ;   0.292  ;    ; RE   ; 1      ; CLKBUF_CLUSTER_RE_X89_Y39_N3_I421     ; CLKBUF_CLUSTER_RE                             ;
;   1.125  ;   0.000  ;    ; RE   ; 1      ; CLKBUF_CLUSTER_RE_X89_Y39_N3_I788     ; CLKBUF_CLUSTER_RE                             ;
;   1.125  ;   0.000  ;    ; RE   ; 1      ; CLKBUF_CLUSTER_RE_X89_Y39_N3_I621     ; CLKBUF_CLUSTER_RE                             ;
;   1.125  ;   0.000  ;    ; RE   ; 1      ; GCLK_CLUSTER_RE_X89_Y39_N9_I10        ; GCLK_CLUSTER_RE                               ;
;   1.125  ;   0.000  ;    ; RE   ; 1      ; CLKBUFBLOCK_INPUT_X89_Y39_N10_I0      ; CLKBUFBLOCK_INPUT                             ;
;   1.125  ;   0.000  ; RR ; IC   ; 1      ; CLKCTRL_G10                           ; clk~inputCLKENA0|inclk                        ;
;   1.632  ;   0.507  ; RR ; CELL ; 1674   ; CLKCTRL_G10                           ; clk~inputCLKENA0|outclk                       ;
;   1.632  ;   0.000  ;    ; RE   ; 1      ; CLKCTRL_G10                           ; ARRIAV_CLKBUF                                 ;
;   1.632  ;   0.000  ;    ; RE   ; 1      ; CLKBUFBLOCK_OUTPUT_X89_Y39_N10_I2     ; CLKBUFBLOCK_OUTPUT                            ;
;   1.632  ;   0.000  ;    ; RE   ; 1      ; GCLK_CLUSTER_RE_X89_Y39_N9_I12        ; GCLK_CLUSTER_RE                               ;
;   1.632  ;   0.000  ;    ; RE   ; 1      ; CLKBUF_CLUSTER_RE_X89_Y39_N3_I417     ; CLKBUF_CLUSTER_RE                             ;
;   2.453  ;   0.821  ;    ; RE   ; 5      ; GLOBAL_CLOCK_X0_Y36_N0_I10            ; GLOBAL_CLOCK                                  ;
;   2.591  ;   0.138  ;    ; RE   ; 16     ; SPINE_CLOCK_X55_Y19_N0_I11            ; SPINE_CLOCK                                   ;
;   2.996  ;   0.405  ;    ; RE   ; 1      ; SCLK_TO_ROWCLK_BUF_X55_Y22_N0_I67     ; SCLK_TO_ROWCLK_BUF                            ;
;   3.080  ;   0.084  ;    ; RE   ; 1      ; SCLK_TO_ROWCLK_BUF_X55_Y22_N0_I70     ; SCLK_TO_ROWCLK_BUF                            ;
;   3.555  ;   0.475  ;    ; RE   ; 7      ; LAB_CLK_X56_Y22_N0_I5                 ; LAB_CLK                                       ;
;   3.694  ;   0.139  ;    ; RE   ; 1      ; BLK_CLK_BUF_X61_Y22_N0_I5             ; BLK_CLK_BUF                                   ;
;   3.751  ;   0.057  ;    ; RE   ; 1      ; ROWCLKSEL_PREBUF_X61_Y22_N0_I5        ; ROWCLKSEL_PREBUF                              ;
;   3.810  ;   0.059  ;    ; RE   ; 1      ; ROWCLKSEL_X61_Y22_N0_I0               ; ROWCLKSEL                                     ;
;   3.810  ;   0.000  ;    ; RE   ; 1      ; GLOBAL_LOCAL_SEL_X61_Y22_N0_I0        ; GLOBAL_LOCAL_SEL                              ;
;   3.810  ;   0.000  ;    ; RE   ; 3      ; LAB_INPUT_X61_Y22_N0_I0               ; LAB_INPUT                                     ;
;   3.808  ;   -0.002 ; RR ; IC   ; 1      ; FF_X61_Y22_N32                        ; state_array[1][4][38]|clk                     ;
;   4.463  ;   0.655  ; RR ; CELL ; 1      ; FF_X61_Y22_N32                        ; state_array[1][4][38]                         ;
; 11.345   ; 6.882    ;    ;      ;        ;                                       ; data path                                     ;
;   4.463  ;   0.000  ;    ; uTco ; 1      ; FF_X61_Y22_N32                        ; state_array[1][4][38]                         ;
;   4.463  ;   0.000  ; FF ; CELL ; 6      ; FF_X61_Y22_N32                        ; state_array[1][4][38]|q                       ;
;   4.522  ;   0.059  ;    ; RE   ; 2      ; FF_X61_Y22_N32                        ; ARRIAV_FF                                     ;
;   4.644  ;   0.122  ;    ; RE   ; 2      ; LE_BUFFER_X61_Y22_N0_I21              ; LE_BUFFER                                     ;
;   5.007  ;   0.363  ;    ; RE   ; 2      ; C4_X60_Y23_N0_I3                      ; V_SEG4                                        ;
;   5.340  ;   0.333  ;    ; RE   ; 1      ; R3_X58_Y25_N0_I19                     ; H_SEG3                                        ;
;   5.525  ;   0.185  ;    ; RE   ; 1      ; LOCAL_INTERCONNECT_X60_Y25_N0_I27     ; LAB_LINE                                      ;
;   5.662  ;   0.137  ;    ; RE   ; 1      ; BLOCK_INPUT_MUX_X60_Y25_N0_I61        ; LEIM_INPUT                                    ;
;   5.661  ;   -0.001 ; FF ; IC   ; 1      ; LABCELL_X60_Y25_N42                   ; KSU|u_theta|C[1][38]|datad                    ;
;   6.261  ;   0.600  ; FF ; CELL ; 2      ; LABCELL_X60_Y25_N42                   ; KSU|u_theta|C[1][38]|combout                  ;
;   6.261  ;   0.000  ;    ; RE   ; 2      ; LABCELL_X60_Y25_N42                   ; ARRIAV_LCELL_COMB                             ;
;   6.356  ;   0.095  ;    ; RE   ; 1      ; LE_BUFFER_X60_Y25_N0_I29              ; LE_BUFFER                                     ;
;   6.625  ;   0.269  ;    ; RE   ; 1      ; C4_X59_Y26_N0_I0                      ; V_SEG4                                        ;
;   6.986  ;   0.361  ;    ; RE   ; 1      ; R3_X57_Y27_N0_I17                     ; H_SEG3                                        ;
;   7.431  ;   0.445  ;    ; RE   ; 1      ; R6_X51_Y27_N0_I39                     ; H_SEG6                                        ;
;   7.732  ;   0.301  ;    ; RE   ; 1      ; LOCAL_INTERCONNECT_X51_Y27_N0_I17     ; LAB_LINE                                      ;
;   7.874  ;   0.142  ;    ; RE   ; 1      ; BLOCK_INPUT_MUX_X51_Y27_N0_I23        ; LEIM_INPUT                                    ;
;   7.875  ;   0.001  ; FF ; IC   ; 1      ; LABCELL_X51_Y27_N15                   ; KSU|u_theta|state_array_o[0][0][39]~0|dataf   ;
;   7.970  ;   0.095  ; FF ; CELL ; 5      ; LABCELL_X51_Y27_N15                   ; KSU|u_theta|state_array_o[0][0][39]~0|combout ;
;   7.970  ;   0.000  ;    ; RE   ; 3      ; LABCELL_X51_Y27_N15                   ; ARRIAV_LCELL_COMB                             ;
;   8.050  ;   0.080  ;    ; RE   ; 1      ; LE_BUFFER_X51_Y27_N0_I10              ; LE_BUFFER                                     ;
;   8.249  ;   0.199  ;    ; RE   ; 1      ; C2_X51_Y25_N0_I20                     ; V_SEG2                                        ;
;   8.490  ;   0.241  ;    ; RE   ; 1      ; R6_X46_Y26_N0_I35                     ; H_SEG6                                        ;
;   8.723  ;   0.233  ;    ; RE   ; 2      ; LOCAL_INTERCONNECT_X51_Y26_N0_I10     ; LAB_LINE                                      ;
;   8.876  ;   0.153  ;    ; RE   ; 1      ; BLOCK_INPUT_MUX_X51_Y26_N0_I7         ; LEIM_INPUT                                    ;
;   8.876  ;   0.000  ; FF ; IC   ; 1      ; LABCELL_X51_Y26_N3                    ; KSU|u_theta|state_array_o[0][0][39]|dataf     ;
;   8.968  ;   0.092  ; FF ; CELL ; 3      ; LABCELL_X51_Y26_N3                    ; KSU|u_theta|state_array_o[0][0][39]|combout   ;
;   8.968  ;   0.000  ;    ; RE   ; 2      ; LABCELL_X51_Y26_N3                    ; ARRIAV_LCELL_COMB                             ;
;   9.061  ;   0.093  ;    ; RE   ; 1      ; LE_BUFFER_X51_Y26_N0_I3               ; LE_BUFFER                                     ;
;   9.277  ;   0.216  ;    ; RE   ; 1      ; C2_X50_Y24_N0_I18                     ; V_SEG2                                        ;
;   9.675  ;   0.398  ;    ; RE   ; 1      ; R6_X51_Y25_N0_I15                     ; H_SEG6                                        ;
;   10.141 ;   0.466  ;    ; RE   ; 1      ; R6_X57_Y25_N0_I14                     ; H_SEG6                                        ;
;   10.406 ;   0.265  ;    ; RE   ; 1      ; LOCAL_INTERCONNECT_X61_Y25_N0_I11     ; LAB_LINE                                      ;
;   10.533 ;   0.127  ;    ; RE   ; 1      ; BLOCK_INPUT_MUX_X61_Y25_N0_I41        ; LEIM_INPUT                                    ;
;   10.534 ;   0.001  ; FF ; IC   ; 1      ; LABCELL_X61_Y25_N30                   ; KSU|u_chi|state_array_o[3][0][39]|dataf       ;
;   10.638 ;   0.104  ; FR ; CELL ; 1      ; LABCELL_X61_Y25_N30                   ; KSU|u_chi|state_array_o[3][0][39]|combout     ;
;   10.638 ;   0.000  ;    ; RE   ; 1      ; LABCELL_X61_Y25_N30                   ; ARRIAV_LCELL_COMB                             ;
;   10.762 ;   0.124  ;    ; RE   ; 1      ; LOCAL_LINE_X61_Y25_N0_I10             ; LOCAL_LINE                                    ;
;   10.946 ;   0.184  ;    ; RE   ; 1      ; BLOCK_INPUT_MUX_X61_Y25_N0_I63        ; LEIM_INPUT                                    ;
;   10.946 ;   0.000  ; RR ; IC   ; 1      ; LABCELL_X61_Y25_N45                   ; state_array~1315|dataf                        ;
;   11.039 ;   0.093  ; RR ; CELL ; 1      ; LABCELL_X61_Y25_N45                   ; state_array~1315|combout                      ;
;   11.039 ;   0.000  ;    ; RE   ; 1      ; LABCELL_X61_Y25_N45                   ; ARRIAV_LCELL_COMB                             ;
;   11.039 ;   0.000  ; RR ; IC   ; 1      ; FF_X61_Y25_N47                        ; state_array[3][0][39]|d                       ;
;   11.345 ;   0.306  ; RR ; CELL ; 1      ; FF_X61_Y25_N47                        ; state_array[3][0][39]                         ;
+----------+----------+----+------+--------+---------------------------------------+-----------------------------------------------+

+-------------------------------------------------------------------------------------------------------------+
; Data Required Path                                                                                          ;
+----------+---------+----+------+--------+---------------------------------------+---------------------------+
; Total    ; Incr    ; RF ; Type ; Fanout ; Location                              ; Element                   ;
+----------+---------+----+------+--------+---------------------------------------+---------------------------+
; 7.407    ; 7.407   ;    ;      ;        ;                                       ; latch edge time           ;
; 11.749   ; 4.342   ;    ;      ;        ;                                       ; clock path                ;
;   7.407  ;   0.000 ;    ;      ;        ;                                       ; source latency            ;
;   7.407  ;   0.000 ;    ;      ; 1      ; PIN_M16                               ; clk                       ;
;   7.407  ;   0.000 ;    ; RE   ; 1      ; IOPAD_X89_Y35_N60                     ; ARRIAV_IO_PAD             ;
;   7.407  ;   0.000 ;    ; RE   ; 1      ; IO_PAD_OUTPUT_X89_Y35_N60_I1          ; IO_PAD_OUTPUT             ;
;   7.407  ;   0.000 ;    ; RE   ; 1      ; IO_INPUT_BUFFER_INPUT_X89_Y35_N61_I0  ; IO_INPUT_BUFFER_INPUT     ;
;   7.407  ;   0.000 ; RR ; IC   ; 1      ; IOIBUF_X89_Y35_N61                    ; clk~input|i               ;
;   8.146  ;   0.739 ; RR ; CELL ; 1      ; IOIBUF_X89_Y35_N61                    ; clk~input|o               ;
;   8.146  ;   0.000 ;    ; RE   ; 1      ; IOIBUF_X89_Y35_N61                    ; ARRIAV_IO_IBUF            ;
;   8.146  ;   0.000 ;    ; RE   ; 1      ; IO_INPUT_BUFFER_OUTPUT_X89_Y35_N61_I2 ; IO_INPUT_BUFFER_OUTPUT    ;
;   8.146  ;   0.000 ;    ; RE   ; 1      ; IO_RE_X89_Y35_N60_I96                 ; IO_RE                     ;
;   8.234  ;   0.088 ;    ; RE   ; 1      ; IO_RE_X89_Y35_N60_I66                 ; IO_RE                     ;
;   8.509  ;   0.275 ;    ; RE   ; 1      ; CLKBUF_CLUSTER_RE_X89_Y39_N3_I421     ; CLKBUF_CLUSTER_RE         ;
;   8.509  ;   0.000 ;    ; RE   ; 1      ; CLKBUF_CLUSTER_RE_X89_Y39_N3_I788     ; CLKBUF_CLUSTER_RE         ;
;   8.509  ;   0.000 ;    ; RE   ; 1      ; CLKBUF_CLUSTER_RE_X89_Y39_N3_I621     ; CLKBUF_CLUSTER_RE         ;
;   8.509  ;   0.000 ;    ; RE   ; 1      ; GCLK_CLUSTER_RE_X89_Y39_N9_I10        ; GCLK_CLUSTER_RE           ;
;   8.509  ;   0.000 ;    ; RE   ; 1      ; CLKBUFBLOCK_INPUT_X89_Y39_N10_I0      ; CLKBUFBLOCK_INPUT         ;
;   8.509  ;   0.000 ; RR ; IC   ; 1      ; CLKCTRL_G10                           ; clk~inputCLKENA0|inclk    ;
;   8.979  ;   0.470 ; RR ; CELL ; 1674   ; CLKCTRL_G10                           ; clk~inputCLKENA0|outclk   ;
;   8.979  ;   0.000 ;    ; RE   ; 1      ; CLKCTRL_G10                           ; ARRIAV_CLKBUF             ;
;   8.979  ;   0.000 ;    ; RE   ; 1      ; CLKBUFBLOCK_OUTPUT_X89_Y39_N10_I2     ; CLKBUFBLOCK_OUTPUT        ;
;   8.979  ;   0.000 ;    ; RE   ; 1      ; GCLK_CLUSTER_RE_X89_Y39_N9_I12        ; GCLK_CLUSTER_RE           ;
;   8.979  ;   0.000 ;    ; RE   ; 1      ; CLKBUF_CLUSTER_RE_X89_Y39_N3_I417     ; CLKBUF_CLUSTER_RE         ;
;   9.755  ;   0.776 ;    ; RE   ; 5      ; GLOBAL_CLOCK_X0_Y36_N0_I10            ; GLOBAL_CLOCK              ;
;   9.886  ;   0.131 ;    ; RE   ; 16     ; SPINE_CLOCK_X55_Y19_N0_I11            ; SPINE_CLOCK               ;
;   10.277 ;   0.391 ;    ; RE   ; 1      ; SCLK_TO_ROWCLK_BUF_X55_Y25_N0_I67     ; SCLK_TO_ROWCLK_BUF        ;
;   10.368 ;   0.091 ;    ; RE   ; 2      ; SCLK_TO_ROWCLK_BUF_X55_Y25_N0_I70     ; SCLK_TO_ROWCLK_BUF        ;
;   10.834 ;   0.466 ;    ; RE   ; 10     ; LAB_CLK_X56_Y25_N0_I5                 ; LAB_CLK                   ;
;   10.963 ;   0.129 ;    ; RE   ; 1      ; BLK_CLK_BUF_X61_Y25_N0_I5             ; BLK_CLK_BUF               ;
;   11.017 ;   0.054 ;    ; RE   ; 1      ; ROWCLKSEL_PREBUF_X61_Y25_N0_I5        ; ROWCLKSEL_PREBUF          ;
;   11.073 ;   0.056 ;    ; RE   ; 1      ; ROWCLKSEL_X61_Y25_N0_I0               ; ROWCLKSEL                 ;
;   11.073 ;   0.000 ;    ; RE   ; 1      ; GLOBAL_LOCAL_SEL_X61_Y25_N0_I0        ; GLOBAL_LOCAL_SEL          ;
;   11.073 ;   0.000 ;    ; RE   ; 4      ; LAB_INPUT_X61_Y25_N0_I0               ; LAB_INPUT                 ;
;   11.073 ;   0.000 ; RR ; IC   ; 1      ; FF_X61_Y25_N47                        ; state_array[3][0][39]|clk ;
;   11.644 ;   0.571 ; RR ; CELL ; 1      ; FF_X61_Y25_N47                        ; state_array[3][0][39]     ;
;   11.749 ;   0.105 ;    ;      ;        ;                                       ; clock pessimism removed   ;
; 11.649   ; -0.100  ;    ;      ;        ;                                       ; clock uncertainty         ;
; 11.649   ; 0.000   ;    ; uTsu ; 1      ; FF_X61_Y25_N47                        ; state_array[3][0][39]     ;
+----------+---------+----+------+--------+---------------------------------------+---------------------------+

----------------------------
; Extra Fitter Information ;
----------------------------
HTML report is unavailable in plain text report export.


Path #10: Setup slack is 0.305 
===============================================================================
+--------------------------------------------+
; Path Summary                               ;
+--------------------+-----------------------+
; Property           ; Value                 ;
+--------------------+-----------------------+
; From Node          ; state_array[2][1][45] ;
; To Node            ; state_array[0][3][56] ;
; Launch Clock       ; clk                   ;
; Latch Clock        ; clk                   ;
; Data Arrival Time  ; 11.286                ;
; Data Required Time ; 11.591                ;
; Slack              ; 0.305                 ;
+--------------------+-----------------------+

+-------------------------------------------------------------------------------------+
; Statistics                                                                          ;
+------------------------+--------+-------+-------------+------------+--------+-------+
; Property               ; Value  ; Count ; Total Delay ; % of Total ; Min    ; Max   ;
+------------------------+--------+-------+-------------+------------+--------+-------+
; Setup Relationship     ; 7.407  ;       ;             ;            ;        ;       ;
; Clock Skew             ; -0.183 ;       ;             ;            ;        ;       ;
; Data Delay             ; 6.819  ;       ;             ;            ;        ;       ;
; Number of Logic Levels ;        ; 4     ;             ;            ;        ;       ;
; Physical Delays        ;        ;       ;             ;            ;        ;       ;
;  Arrival Path          ;        ;       ;             ;            ;        ;       ;
;   Clock                ;        ;       ;             ;            ;        ;       ;
;    IC                  ;        ; 3     ; -0.001      ; 0          ; -0.001 ; 0.000 ;
;    Cell                ;        ; 3     ; 1.901       ; 43         ; 0.507  ; 0.739 ;
;    Routing Element     ;        ; 26    ; 2.567       ; 57         ; 0.000  ; 0.826 ;
;   Data                 ;        ;       ;             ;            ;        ;       ;
;    IC                  ;        ; 5     ; -0.001      ; 0          ; -0.001 ; 0.000 ;
;    Cell                ;        ; 6     ; 2.017       ; 30         ; 0.000  ; 0.598 ;
;    uTco                ;        ; 1     ; 0.000       ; 0          ; 0.000  ; 0.000 ;
;    Routing Element     ;        ; 26    ; 4.803       ; 70         ; 0.000  ; 0.483 ;
;  Required Path         ;        ;       ;             ;            ;        ;       ;
;   Clock                ;        ;       ;             ;            ;        ;       ;
;    IC                  ;        ; 3     ; 0.001       ; 0          ; 0.000  ; 0.001 ;
;    Cell                ;        ; 3     ; 1.773       ; 42         ; 0.470  ; 0.739 ;
;    Routing Element     ;        ; 26    ; 2.450       ; 58         ; 0.000  ; 0.776 ;
+------------------------+--------+-------+-------------+------------+--------+-------+
Note: Negative delays are omitted from totals when calculating percentages

+--------------------------------------------------------------------------------------------------------------------------------------+
; Data Arrival Path                                                                                                                    ;
+----------+----------+----+------+--------+-------------------------------------------+-----------------------------------------------+
; Total    ; Incr     ; RF ; Type ; Fanout ; Location                                  ; Element                                       ;
+----------+----------+----+------+--------+-------------------------------------------+-----------------------------------------------+
; 0.000    ; 0.000    ;    ;      ;        ;                                           ; launch edge time                              ;
; 4.467    ; 4.467    ;    ;      ;        ;                                           ; clock path                                    ;
;   0.000  ;   0.000  ;    ;      ;        ;                                           ; source latency                                ;
;   0.000  ;   0.000  ;    ;      ; 1      ; PIN_M16                                   ; clk                                           ;
;   0.000  ;   0.000  ;    ; RE   ; 1      ; IOPAD_X89_Y35_N60                         ; ARRIAV_IO_PAD                                 ;
;   0.000  ;   0.000  ;    ; RE   ; 1      ; IO_PAD_OUTPUT_X89_Y35_N60_I1              ; IO_PAD_OUTPUT                                 ;
;   0.000  ;   0.000  ;    ; RE   ; 1      ; IO_INPUT_BUFFER_INPUT_X89_Y35_N61_I0      ; IO_INPUT_BUFFER_INPUT                         ;
;   0.000  ;   0.000  ; RR ; IC   ; 1      ; IOIBUF_X89_Y35_N61                        ; clk~input|i                                   ;
;   0.739  ;   0.739  ; RR ; CELL ; 1      ; IOIBUF_X89_Y35_N61                        ; clk~input|o                                   ;
;   0.739  ;   0.000  ;    ; RE   ; 1      ; IOIBUF_X89_Y35_N61                        ; ARRIAV_IO_IBUF                                ;
;   0.739  ;   0.000  ;    ; RE   ; 1      ; IO_INPUT_BUFFER_OUTPUT_X89_Y35_N61_I2     ; IO_INPUT_BUFFER_OUTPUT                        ;
;   0.739  ;   0.000  ;    ; RE   ; 1      ; IO_RE_X89_Y35_N60_I96                     ; IO_RE                                         ;
;   0.833  ;   0.094  ;    ; RE   ; 1      ; IO_RE_X89_Y35_N60_I66                     ; IO_RE                                         ;
;   1.125  ;   0.292  ;    ; RE   ; 1      ; CLKBUF_CLUSTER_RE_X89_Y39_N3_I421         ; CLKBUF_CLUSTER_RE                             ;
;   1.125  ;   0.000  ;    ; RE   ; 1      ; CLKBUF_CLUSTER_RE_X89_Y39_N3_I788         ; CLKBUF_CLUSTER_RE                             ;
;   1.125  ;   0.000  ;    ; RE   ; 1      ; CLKBUF_CLUSTER_RE_X89_Y39_N3_I621         ; CLKBUF_CLUSTER_RE                             ;
;   1.125  ;   0.000  ;    ; RE   ; 1      ; GCLK_CLUSTER_RE_X89_Y39_N9_I10            ; GCLK_CLUSTER_RE                               ;
;   1.125  ;   0.000  ;    ; RE   ; 1      ; CLKBUFBLOCK_INPUT_X89_Y39_N10_I0          ; CLKBUFBLOCK_INPUT                             ;
;   1.125  ;   0.000  ; RR ; IC   ; 1      ; CLKCTRL_G10                               ; clk~inputCLKENA0|inclk                        ;
;   1.632  ;   0.507  ; RR ; CELL ; 1674   ; CLKCTRL_G10                               ; clk~inputCLKENA0|outclk                       ;
;   1.632  ;   0.000  ;    ; RE   ; 1      ; CLKCTRL_G10                               ; ARRIAV_CLKBUF                                 ;
;   1.632  ;   0.000  ;    ; RE   ; 1      ; CLKBUFBLOCK_OUTPUT_X89_Y39_N10_I2         ; CLKBUFBLOCK_OUTPUT                            ;
;   1.632  ;   0.000  ;    ; RE   ; 1      ; GCLK_CLUSTER_RE_X89_Y39_N9_I12            ; GCLK_CLUSTER_RE                               ;
;   1.632  ;   0.000  ;    ; RE   ; 1      ; CLKBUF_CLUSTER_RE_X89_Y39_N3_I417         ; CLKBUF_CLUSTER_RE                             ;
;   2.458  ;   0.826  ;    ; RE   ; 5      ; GLOBAL_CLOCK_X0_Y36_N0_I10                ; GLOBAL_CLOCK                                  ;
;   2.606  ;   0.148  ;    ; RE   ; 15     ; SPINE_CLOCK_X77_Y19_N0_I16                ; SPINE_CLOCK                                   ;
;   3.010  ;   0.404  ;    ; RE   ; 1      ; SCLK_TO_ROWCLK_BUF_X77_Y33_N0_I97         ; SCLK_TO_ROWCLK_BUF                            ;
;   3.094  ;   0.084  ;    ; RE   ; 1      ; SCLK_TO_ROWCLK_BUF_X77_Y33_N0_I100        ; SCLK_TO_ROWCLK_BUF                            ;
;   3.564  ;   0.470  ;    ; RE   ; 6      ; LAB_CLK_X67_Y33_N0_I5                     ; LAB_CLK                                       ;
;   3.698  ;   0.134  ;    ; RE   ; 1      ; BLK_CLK_BUF_X67_Y33_N0_I5                 ; BLK_CLK_BUF                                   ;
;   3.753  ;   0.055  ;    ; RE   ; 1      ; ROWCLKSEL_PREBUF_X67_Y33_N0_I5            ; ROWCLKSEL_PREBUF                              ;
;   3.813  ;   0.060  ;    ; RE   ; 1      ; ROWCLKSEL_X67_Y33_N0_I0                   ; ROWCLKSEL                                     ;
;   3.813  ;   0.000  ;    ; RE   ; 1      ; GLOBAL_LOCAL_SEL_X67_Y33_N0_I0            ; GLOBAL_LOCAL_SEL                              ;
;   3.813  ;   0.000  ;    ; RE   ; 6      ; LAB_INPUT_X67_Y33_N0_I0                   ; LAB_INPUT                                     ;
;   3.812  ;   -0.001 ; RR ; IC   ; 1      ; FF_X67_Y33_N14                            ; state_array[2][1][45]|clk                     ;
;   4.467  ;   0.655  ; RR ; CELL ; 1      ; FF_X67_Y33_N14                            ; state_array[2][1][45]                         ;
; 11.286   ; 6.819    ;    ;      ;        ;                                           ; data path                                     ;
;   4.467  ;   0.000  ;    ; uTco ; 1      ; FF_X67_Y33_N14                            ; state_array[2][1][45]                         ;
;   4.467  ;   0.000  ; FF ; CELL ; 6      ; FF_X67_Y33_N14                            ; state_array[2][1][45]|q                       ;
;   4.526  ;   0.059  ;    ; RE   ; 2      ; FF_X67_Y33_N14                            ; ARRIAV_FF                                     ;
;   4.635  ;   0.109  ;    ; RE   ; 2      ; LE_BUFFER_X67_Y33_N0_I9                   ; LE_BUFFER                                     ;
;   5.103  ;   0.468  ;    ; RE   ; 3      ; C4_X66_Y34_N0_I2                          ; V_SEG4                                        ;
;   5.515  ;   0.412  ;    ; RE   ; 1      ; R3_X67_Y37_N0_I0                          ; H_SEG3                                        ;
;   5.712  ;   0.197  ;    ; RE   ; 1      ; LOCAL_INTERCONNECT_X70_Y37_N0_I0          ; LAB_LINE                                      ;
;   5.843  ;   0.131  ;    ; RE   ; 1      ; BLOCK_INPUT_MUX_X70_Y37_N0_I53            ; LEIM_INPUT                                    ;
;   5.843  ;   0.000  ; FF ; IC   ; 1      ; LABCELL_X70_Y37_N36                       ; KSU|u_theta|C[2][45]|datad                    ;
;   6.441  ;   0.598  ; FF ; CELL ; 2      ; LABCELL_X70_Y37_N36                       ; KSU|u_theta|C[2][45]|combout                  ;
;   6.441  ;   0.000  ;    ; RE   ; 1      ; LABCELL_X70_Y37_N36                       ; ARRIAV_LCELL_COMB                             ;
;   6.553  ;   0.112  ;    ; RE   ; 2      ; LOCAL_LINE_X70_Y37_N0_I12                 ; LOCAL_LINE                                    ;
;   6.714  ;   0.161  ;    ; RE   ; 1      ; BLOCK_INPUT_MUX_X70_Y37_N0_I38            ; LEIM_INPUT                                    ;
;   6.714  ;   0.000  ; FF ; IC   ; 1      ; LABCELL_X70_Y37_N27                       ; KSU|u_theta|state_array_o[1][4][46]~0|datad   ;
;   7.165  ;   0.451  ; FF ; CELL ; 15     ; LABCELL_X70_Y37_N27                       ; KSU|u_theta|state_array_o[1][4][46]~0|combout ;
;   7.165  ;   0.000  ;    ; RE   ; 2      ; LABCELL_X70_Y37_N27                       ; ARRIAV_LCELL_COMB                             ;
;   7.271  ;   0.106  ;    ; RE   ; 2      ; LE_BUFFER_X70_Y37_N0_I19                  ; LE_BUFFER                                     ;
;   7.549  ;   0.278  ;    ; RE   ; 1      ; R6_X64_Y37_N0_I38                         ; H_SEG6                                        ;
;   7.549  ;   0.000  ;    ; RE   ; 1      ; R14_C12_INTERCONNECT_DRIVER_X67_Y37_N0_I3 ; WIRE_MUX                                      ;
;   7.907  ;   0.358  ;    ; RE   ; 3      ; R14_X54_Y37_N0_I1                         ; H_SEG14                                       ;
;   7.907  ;   0.000  ;    ; RE   ; 1      ; R14_C12_INTERCONNECT_DRIVER_X53_Y37_N0_I1 ; WIRE_MUX                                      ;
;   8.340  ;   0.433  ;    ; RE   ; 2      ; C12_X53_Y25_N0_I1                         ; V_SEG12                                       ;
;   8.737  ;   0.397  ;    ; RE   ; 1      ; R3_X51_Y27_N0_I16                         ; H_SEG3                                        ;
;   8.943  ;   0.206  ;    ; RE   ; 1      ; LOCAL_INTERCONNECT_X50_Y27_N0_I24         ; LAB_LINE                                      ;
;   9.078  ;   0.135  ;    ; RE   ; 1      ; BLOCK_INPUT_MUX_X50_Y27_N0_I68            ; LEIM_INPUT                                    ;
;   9.077  ;   -0.001 ; FF ; IC   ; 1      ; LABCELL_X50_Y27_N48                       ; KSU|u_chi|state_array_o[0][3][56]|datac       ;
;   9.652  ;   0.575  ; FF ; CELL ; 1      ; LABCELL_X50_Y27_N48                       ; KSU|u_chi|state_array_o[0][3][56]|combout     ;
;   9.652  ;   0.000  ;    ; RE   ; 1      ; LABCELL_X50_Y27_N48                       ; ARRIAV_LCELL_COMB                             ;
;   9.732  ;   0.080  ;    ; RE   ; 1      ; LE_BUFFER_X50_Y27_N0_I32                  ; LE_BUFFER                                     ;
;   10.001 ;   0.269  ;    ; RE   ; 1      ; C4_X50_Y23_N0_I6                          ; V_SEG4                                        ;
;   10.484 ;   0.483  ;    ; RE   ; 1      ; R6_X51_Y24_N0_I17                         ; H_SEG6                                        ;
;   10.770 ;   0.286  ;    ; RE   ; 1      ; LOCAL_INTERCONNECT_X56_Y24_N0_I30         ; LAB_LINE                                      ;
;   10.893 ;   0.123  ;    ; RE   ; 1      ; BLOCK_INPUT_MUX_X56_Y24_N0_I65            ; LEIM_INPUT                                    ;
;   10.893 ;   0.000  ; FF ; IC   ; 1      ; LABCELL_X56_Y24_N48                       ; state_array~1878|dataf                        ;
;   10.979 ;   0.086  ; FF ; CELL ; 1      ; LABCELL_X56_Y24_N48                       ; state_array~1878|combout                      ;
;   10.979 ;   0.000  ;    ; RE   ; 1      ; LABCELL_X56_Y24_N48                       ; ARRIAV_LCELL_COMB                             ;
;   10.979 ;   0.000  ; FF ; IC   ; 1      ; FF_X56_Y24_N50                            ; state_array[0][3][56]|d                       ;
;   11.286 ;   0.307  ; FF ; CELL ; 1      ; FF_X56_Y24_N50                            ; state_array[0][3][56]                         ;
+----------+----------+----+------+--------+-------------------------------------------+-----------------------------------------------+

+-------------------------------------------------------------------------------------------------------------+
; Data Required Path                                                                                          ;
+----------+---------+----+------+--------+---------------------------------------+---------------------------+
; Total    ; Incr    ; RF ; Type ; Fanout ; Location                              ; Element                   ;
+----------+---------+----+------+--------+---------------------------------------+---------------------------+
; 7.407    ; 7.407   ;    ;      ;        ;                                       ; latch edge time           ;
; 11.691   ; 4.284   ;    ;      ;        ;                                       ; clock path                ;
;   7.407  ;   0.000 ;    ;      ;        ;                                       ; source latency            ;
;   7.407  ;   0.000 ;    ;      ; 1      ; PIN_M16                               ; clk                       ;
;   7.407  ;   0.000 ;    ; RE   ; 1      ; IOPAD_X89_Y35_N60                     ; ARRIAV_IO_PAD             ;
;   7.407  ;   0.000 ;    ; RE   ; 1      ; IO_PAD_OUTPUT_X89_Y35_N60_I1          ; IO_PAD_OUTPUT             ;
;   7.407  ;   0.000 ;    ; RE   ; 1      ; IO_INPUT_BUFFER_INPUT_X89_Y35_N61_I0  ; IO_INPUT_BUFFER_INPUT     ;
;   7.407  ;   0.000 ; RR ; IC   ; 1      ; IOIBUF_X89_Y35_N61                    ; clk~input|i               ;
;   8.146  ;   0.739 ; RR ; CELL ; 1      ; IOIBUF_X89_Y35_N61                    ; clk~input|o               ;
;   8.146  ;   0.000 ;    ; RE   ; 1      ; IOIBUF_X89_Y35_N61                    ; ARRIAV_IO_IBUF            ;
;   8.146  ;   0.000 ;    ; RE   ; 1      ; IO_INPUT_BUFFER_OUTPUT_X89_Y35_N61_I2 ; IO_INPUT_BUFFER_OUTPUT    ;
;   8.146  ;   0.000 ;    ; RE   ; 1      ; IO_RE_X89_Y35_N60_I96                 ; IO_RE                     ;
;   8.234  ;   0.088 ;    ; RE   ; 1      ; IO_RE_X89_Y35_N60_I66                 ; IO_RE                     ;
;   8.509  ;   0.275 ;    ; RE   ; 1      ; CLKBUF_CLUSTER_RE_X89_Y39_N3_I421     ; CLKBUF_CLUSTER_RE         ;
;   8.509  ;   0.000 ;    ; RE   ; 1      ; CLKBUF_CLUSTER_RE_X89_Y39_N3_I788     ; CLKBUF_CLUSTER_RE         ;
;   8.509  ;   0.000 ;    ; RE   ; 1      ; CLKBUF_CLUSTER_RE_X89_Y39_N3_I621     ; CLKBUF_CLUSTER_RE         ;
;   8.509  ;   0.000 ;    ; RE   ; 1      ; GCLK_CLUSTER_RE_X89_Y39_N9_I10        ; GCLK_CLUSTER_RE           ;
;   8.509  ;   0.000 ;    ; RE   ; 1      ; CLKBUFBLOCK_INPUT_X89_Y39_N10_I0      ; CLKBUFBLOCK_INPUT         ;
;   8.509  ;   0.000 ; RR ; IC   ; 1      ; CLKCTRL_G10                           ; clk~inputCLKENA0|inclk    ;
;   8.979  ;   0.470 ; RR ; CELL ; 1674   ; CLKCTRL_G10                           ; clk~inputCLKENA0|outclk   ;
;   8.979  ;   0.000 ;    ; RE   ; 1      ; CLKCTRL_G10                           ; ARRIAV_CLKBUF             ;
;   8.979  ;   0.000 ;    ; RE   ; 1      ; CLKBUFBLOCK_OUTPUT_X89_Y39_N10_I2     ; CLKBUFBLOCK_OUTPUT        ;
;   8.979  ;   0.000 ;    ; RE   ; 1      ; GCLK_CLUSTER_RE_X89_Y39_N9_I12        ; GCLK_CLUSTER_RE           ;
;   8.979  ;   0.000 ;    ; RE   ; 1      ; CLKBUF_CLUSTER_RE_X89_Y39_N3_I417     ; CLKBUF_CLUSTER_RE         ;
;   9.755  ;   0.776 ;    ; RE   ; 5      ; GLOBAL_CLOCK_X0_Y36_N0_I10            ; GLOBAL_CLOCK              ;
;   9.887  ;   0.132 ;    ; RE   ; 16     ; SPINE_CLOCK_X55_Y19_N0_I11            ; SPINE_CLOCK               ;
;   10.278 ;   0.391 ;    ; RE   ; 1      ; SCLK_TO_ROWCLK_BUF_X55_Y24_N0_I67     ; SCLK_TO_ROWCLK_BUF        ;
;   10.369 ;   0.091 ;    ; RE   ; 2      ; SCLK_TO_ROWCLK_BUF_X55_Y24_N0_I70     ; SCLK_TO_ROWCLK_BUF        ;
;   10.829 ;   0.460 ;    ; RE   ; 10     ; LAB_CLK_X56_Y24_N0_I5                 ; LAB_CLK                   ;
;   10.958 ;   0.129 ;    ; RE   ; 1      ; BLK_CLK_BUF_X56_Y24_N0_I5             ; BLK_CLK_BUF               ;
;   11.012 ;   0.054 ;    ; RE   ; 1      ; ROWCLKSEL_PREBUF_X56_Y24_N0_I5        ; ROWCLKSEL_PREBUF          ;
;   11.066 ;   0.054 ;    ; RE   ; 1      ; ROWCLKSEL_X56_Y24_N0_I0               ; ROWCLKSEL                 ;
;   11.066 ;   0.000 ;    ; RE   ; 1      ; GLOBAL_LOCAL_SEL_X56_Y24_N0_I0        ; GLOBAL_LOCAL_SEL          ;
;   11.066 ;   0.000 ;    ; RE   ; 10     ; LAB_INPUT_X56_Y24_N0_I0               ; LAB_INPUT                 ;
;   11.067 ;   0.001 ; RR ; IC   ; 1      ; FF_X56_Y24_N50                        ; state_array[0][3][56]|clk ;
;   11.631 ;   0.564 ; RR ; CELL ; 1      ; FF_X56_Y24_N50                        ; state_array[0][3][56]     ;
;   11.691 ;   0.060 ;    ;      ;        ;                                       ; clock pessimism removed   ;
; 11.591   ; -0.100  ;    ;      ;        ;                                       ; clock uncertainty         ;
; 11.591   ; 0.000   ;    ; uTsu ; 1      ; FF_X56_Y24_N50                        ; state_array[0][3][56]     ;
+----------+---------+----+------+--------+---------------------------------------+---------------------------+

----------------------------
; Extra Fitter Information ;
----------------------------
HTML report is unavailable in plain text report export.


Path #11: Setup slack is 0.316 
===============================================================================
+--------------------------------------------+
; Path Summary                               ;
+--------------------+-----------------------+
; Property           ; Value                 ;
+--------------------+-----------------------+
; From Node          ; state_array[0][3][48] ;
; To Node            ; state_array[0][3][58] ;
; Launch Clock       ; clk                   ;
; Latch Clock        ; clk                   ;
; Data Arrival Time  ; 11.311                ;
; Data Required Time ; 11.627                ;
; Slack              ; 0.316                 ;
+--------------------+-----------------------+

+------------------------------------------------------------------------------------+
; Statistics                                                                         ;
+------------------------+--------+-------+-------------+------------+-------+-------+
; Property               ; Value  ; Count ; Total Delay ; % of Total ; Min   ; Max   ;
+------------------------+--------+-------+-------------+------------+-------+-------+
; Setup Relationship     ; 7.407  ;       ;             ;            ;       ;       ;
; Clock Skew             ; -0.154 ;       ;             ;            ;       ;       ;
; Data Delay             ; 6.837  ;       ;             ;            ;       ;       ;
; Number of Logic Levels ;        ; 4     ;             ;            ;       ;       ;
; Physical Delays        ;        ;       ;             ;            ;       ;       ;
;  Arrival Path          ;        ;       ;             ;            ;       ;       ;
;   Clock                ;        ;       ;             ;            ;       ;       ;
;    IC                  ;        ; 3     ; 0.000       ; 0          ; 0.000 ; 0.000 ;
;    Cell                ;        ; 3     ; 1.901       ; 42         ; 0.507 ; 0.739 ;
;    Routing Element     ;        ; 26    ; 2.573       ; 58         ; 0.000 ; 0.821 ;
;   Data                 ;        ;       ;             ;            ;       ;       ;
;    IC                  ;        ; 5     ; 0.001       ; 0          ; 0.000 ; 0.001 ;
;    Cell                ;        ; 6     ; 0.842       ; 12         ; 0.000 ; 0.307 ;
;    uTco                ;        ; 1     ; 0.000       ; 0          ; 0.000 ; 0.000 ;
;    Routing Element     ;        ; 28    ; 5.994       ; 88         ; 0.000 ; 0.605 ;
;  Required Path         ;        ;       ;             ;            ;       ;       ;
;   Clock                ;        ;       ;             ;            ;       ;       ;
;    IC                  ;        ; 3     ; 0.001       ; 0          ; 0.000 ; 0.001 ;
;    Cell                ;        ; 3     ; 1.773       ; 42         ; 0.470 ; 0.739 ;
;    Routing Element     ;        ; 26    ; 2.441       ; 58         ; 0.000 ; 0.776 ;
+------------------------+--------+-------+-------------+------------+-------+-------+
Note: Negative delays are omitted from totals when calculating percentages

+---------------------------------------------------------------------------------------------------------------------------------+
; Data Arrival Path                                                                                                               ;
+----------+---------+----+------+--------+---------------------------------------+-----------------------------------------------+
; Total    ; Incr    ; RF ; Type ; Fanout ; Location                              ; Element                                       ;
+----------+---------+----+------+--------+---------------------------------------+-----------------------------------------------+
; 0.000    ; 0.000   ;    ;      ;        ;                                       ; launch edge time                              ;
; 4.474    ; 4.474   ;    ;      ;        ;                                       ; clock path                                    ;
;   0.000  ;   0.000 ;    ;      ;        ;                                       ; source latency                                ;
;   0.000  ;   0.000 ;    ;      ; 1      ; PIN_M16                               ; clk                                           ;
;   0.000  ;   0.000 ;    ; RE   ; 1      ; IOPAD_X89_Y35_N60                     ; ARRIAV_IO_PAD                                 ;
;   0.000  ;   0.000 ;    ; RE   ; 1      ; IO_PAD_OUTPUT_X89_Y35_N60_I1          ; IO_PAD_OUTPUT                                 ;
;   0.000  ;   0.000 ;    ; RE   ; 1      ; IO_INPUT_BUFFER_INPUT_X89_Y35_N61_I0  ; IO_INPUT_BUFFER_INPUT                         ;
;   0.000  ;   0.000 ; RR ; IC   ; 1      ; IOIBUF_X89_Y35_N61                    ; clk~input|i                                   ;
;   0.739  ;   0.739 ; RR ; CELL ; 1      ; IOIBUF_X89_Y35_N61                    ; clk~input|o                                   ;
;   0.739  ;   0.000 ;    ; RE   ; 1      ; IOIBUF_X89_Y35_N61                    ; ARRIAV_IO_IBUF                                ;
;   0.739  ;   0.000 ;    ; RE   ; 1      ; IO_INPUT_BUFFER_OUTPUT_X89_Y35_N61_I2 ; IO_INPUT_BUFFER_OUTPUT                        ;
;   0.739  ;   0.000 ;    ; RE   ; 1      ; IO_RE_X89_Y35_N60_I96                 ; IO_RE                                         ;
;   0.833  ;   0.094 ;    ; RE   ; 1      ; IO_RE_X89_Y35_N60_I66                 ; IO_RE                                         ;
;   1.125  ;   0.292 ;    ; RE   ; 1      ; CLKBUF_CLUSTER_RE_X89_Y39_N3_I421     ; CLKBUF_CLUSTER_RE                             ;
;   1.125  ;   0.000 ;    ; RE   ; 1      ; CLKBUF_CLUSTER_RE_X89_Y39_N3_I788     ; CLKBUF_CLUSTER_RE                             ;
;   1.125  ;   0.000 ;    ; RE   ; 1      ; CLKBUF_CLUSTER_RE_X89_Y39_N3_I621     ; CLKBUF_CLUSTER_RE                             ;
;   1.125  ;   0.000 ;    ; RE   ; 1      ; GCLK_CLUSTER_RE_X89_Y39_N9_I10        ; GCLK_CLUSTER_RE                               ;
;   1.125  ;   0.000 ;    ; RE   ; 1      ; CLKBUFBLOCK_INPUT_X89_Y39_N10_I0      ; CLKBUFBLOCK_INPUT                             ;
;   1.125  ;   0.000 ; RR ; IC   ; 1      ; CLKCTRL_G10                           ; clk~inputCLKENA0|inclk                        ;
;   1.632  ;   0.507 ; RR ; CELL ; 1674   ; CLKCTRL_G10                           ; clk~inputCLKENA0|outclk                       ;
;   1.632  ;   0.000 ;    ; RE   ; 1      ; CLKCTRL_G10                           ; ARRIAV_CLKBUF                                 ;
;   1.632  ;   0.000 ;    ; RE   ; 1      ; CLKBUFBLOCK_OUTPUT_X89_Y39_N10_I2     ; CLKBUFBLOCK_OUTPUT                            ;
;   1.632  ;   0.000 ;    ; RE   ; 1      ; GCLK_CLUSTER_RE_X89_Y39_N9_I12        ; GCLK_CLUSTER_RE                               ;
;   1.632  ;   0.000 ;    ; RE   ; 1      ; CLKBUF_CLUSTER_RE_X89_Y39_N3_I417     ; CLKBUF_CLUSTER_RE                             ;
;   2.453  ;   0.821 ;    ; RE   ; 5      ; GLOBAL_CLOCK_X0_Y36_N0_I10            ; GLOBAL_CLOCK                                  ;
;   2.598  ;   0.145 ;    ; RE   ; 16     ; SPINE_CLOCK_X55_Y19_N0_I11            ; SPINE_CLOCK                                   ;
;   3.002  ;   0.404 ;    ; RE   ; 1      ; SCLK_TO_ROWCLK_BUF_X55_Y31_N0_I67     ; SCLK_TO_ROWCLK_BUF                            ;
;   3.096  ;   0.094 ;    ; RE   ; 2      ; SCLK_TO_ROWCLK_BUF_X55_Y31_N0_I70     ; SCLK_TO_ROWCLK_BUF                            ;
;   3.574  ;   0.478 ;    ; RE   ; 7      ; LAB_CLK_X45_Y31_N0_I5                 ; LAB_CLK                                       ;
;   3.707  ;   0.133 ;    ; RE   ; 1      ; BLK_CLK_BUF_X51_Y31_N0_I5             ; BLK_CLK_BUF                                   ;
;   3.760  ;   0.053 ;    ; RE   ; 1      ; ROWCLKSEL_PREBUF_X51_Y31_N0_I5        ; ROWCLKSEL_PREBUF                              ;
;   3.819  ;   0.059 ;    ; RE   ; 1      ; ROWCLKSEL_X51_Y31_N0_I0               ; ROWCLKSEL                                     ;
;   3.819  ;   0.000 ;    ; RE   ; 1      ; GLOBAL_LOCAL_SEL_X51_Y31_N0_I0        ; GLOBAL_LOCAL_SEL                              ;
;   3.819  ;   0.000 ;    ; RE   ; 5      ; LAB_INPUT_X51_Y31_N0_I0               ; LAB_INPUT                                     ;
;   3.819  ;   0.000 ; RR ; IC   ; 1      ; FF_X51_Y31_N44                        ; state_array[0][3][48]|clk                     ;
;   4.474  ;   0.655 ; RR ; CELL ; 1      ; FF_X51_Y31_N44                        ; state_array[0][3][48]                         ;
; 11.311   ; 6.837   ;    ;      ;        ;                                       ; data path                                     ;
;   4.474  ;   0.000 ;    ; uTco ; 1      ; FF_X51_Y31_N44                        ; state_array[0][3][48]                         ;
;   4.474  ;   0.000 ; FF ; CELL ; 4      ; FF_X51_Y31_N44                        ; state_array[0][3][48]|q                       ;
;   4.533  ;   0.059 ;    ; RE   ; 2      ; FF_X51_Y31_N44                        ; ARRIAV_FF                                     ;
;   4.638  ;   0.105 ;    ; RE   ; 2      ; LE_BUFFER_X51_Y31_N0_I29              ; LE_BUFFER                                     ;
;   4.966  ;   0.328 ;    ; RE   ; 1      ; C4_X50_Y32_N0_I4                      ; V_SEG4                                        ;
;   5.413  ;   0.447 ;    ; RE   ; 1      ; C4_X50_Y36_N0_I4                      ; V_SEG4                                        ;
;   5.765  ;   0.352 ;    ; RE   ; 1      ; R3_X51_Y37_N0_I11                     ; H_SEG3                                        ;
;   5.948  ;   0.183 ;    ; RE   ; 1      ; LOCAL_INTERCONNECT_X52_Y37_N0_I31     ; LAB_LINE                                      ;
;   6.076  ;   0.128 ;    ; RE   ; 1      ; BLOCK_INPUT_MUX_X52_Y37_N0_I24        ; LEIM_INPUT                                    ;
;   6.076  ;   0.000 ; FF ; IC   ; 1      ; MLABCELL_X52_Y37_N18                  ; KSU|u_theta|C[0][48]|datae                    ;
;   6.338  ;   0.262 ; FF ; CELL ; 2      ; MLABCELL_X52_Y37_N18                  ; KSU|u_theta|C[0][48]|combout                  ;
;   6.338  ;   0.000 ;    ; RE   ; 2      ; MLABCELL_X52_Y37_N18                  ; ARRIAV_LCELL_COMB                             ;
;   6.441  ;   0.103 ;    ; RE   ; 1      ; LE_BUFFER_X52_Y37_N0_I12              ; LE_BUFFER                                     ;
;   6.640  ;   0.199 ;    ; RE   ; 1      ; R3_X53_Y37_N0_I9                      ; H_SEG3                                        ;
;   7.088  ;   0.448 ;    ; RE   ; 1      ; C4_X53_Y33_N0_I9                      ; V_SEG4                                        ;
;   7.693  ;   0.605 ;    ; RE   ; 1      ; R6_X54_Y33_N0_I5                      ; H_SEG6                                        ;
;   8.008  ;   0.315 ;    ; RE   ; 1      ; LOCAL_INTERCONNECT_X59_Y33_N0_I10     ; LAB_LINE                                      ;
;   8.139  ;   0.131 ;    ; RE   ; 1      ; BLOCK_INPUT_MUX_X59_Y33_N0_I25        ; LEIM_INPUT                                    ;
;   8.139  ;   0.000 ; FF ; IC   ; 1      ; MLABCELL_X59_Y33_N18                  ; KSU|u_theta|state_array_o[1][4][48]~0|dataf   ;
;   8.236  ;   0.097 ; FF ; CELL ; 15     ; MLABCELL_X59_Y33_N18                  ; KSU|u_theta|state_array_o[1][4][48]~0|combout ;
;   8.236  ;   0.000 ;    ; RE   ; 3      ; MLABCELL_X59_Y33_N18                  ; ARRIAV_LCELL_COMB                             ;
;   8.325  ;   0.089 ;    ; RE   ; 2      ; LE_BUFFER_X59_Y33_N0_I12              ; LE_BUFFER                                     ;
;   8.542  ;   0.217 ;    ; RE   ; 2      ; C2_X59_Y31_N0_I12                     ; V_SEG2                                        ;
;   8.970  ;   0.428 ;    ; RE   ; 1      ; R6_X54_Y32_N0_I37                     ; H_SEG6                                        ;
;   9.267  ;   0.297 ;    ; RE   ; 1      ; LOCAL_INTERCONNECT_X56_Y32_N0_I21     ; LAB_LINE                                      ;
;   9.387  ;   0.120 ;    ; RE   ; 1      ; BLOCK_INPUT_MUX_X56_Y32_N0_I65        ; LEIM_INPUT                                    ;
;   9.388  ;   0.001 ; FF ; IC   ; 1      ; LABCELL_X56_Y32_N48                   ; KSU|u_chi|state_array_o[0][3][58]|dataf       ;
;   9.478  ;   0.090 ; FF ; CELL ; 1      ; LABCELL_X56_Y32_N48                   ; KSU|u_chi|state_array_o[0][3][58]|combout     ;
;   9.478  ;   0.000 ;    ; RE   ; 1      ; LABCELL_X56_Y32_N48                   ; ARRIAV_LCELL_COMB                             ;
;   9.555  ;   0.077 ;    ; RE   ; 1      ; LE_BUFFER_X56_Y32_N0_I32              ; LE_BUFFER                                     ;
;   9.844  ;   0.289 ;    ; RE   ; 1      ; C4_X56_Y28_N0_I6                      ; V_SEG4                                        ;
;   10.199 ;   0.355 ;    ; RE   ; 1      ; C4_X56_Y24_N0_I6                      ; V_SEG4                                        ;
;   10.558 ;   0.359 ;    ; RE   ; 1      ; R3_X54_Y25_N0_I21                     ; H_SEG3                                        ;
;   10.796 ;   0.238 ;    ; RE   ; 1      ; LOCAL_INTERCONNECT_X55_Y25_N0_I21     ; LAB_LINE                                      ;
;   10.918 ;   0.122 ;    ; RE   ; 1      ; BLOCK_INPUT_MUX_X55_Y25_N0_I9         ; LEIM_INPUT                                    ;
;   10.918 ;   0.000 ; FF ; IC   ; 1      ; LABCELL_X55_Y25_N6                    ; state_array~1946|dataf                        ;
;   11.004 ;   0.086 ; FF ; CELL ; 1      ; LABCELL_X55_Y25_N6                    ; state_array~1946|combout                      ;
;   11.004 ;   0.000 ;    ; RE   ; 1      ; LABCELL_X55_Y25_N6                    ; ARRIAV_LCELL_COMB                             ;
;   11.004 ;   0.000 ; FF ; IC   ; 1      ; FF_X55_Y25_N8                         ; state_array[0][3][58]|d                       ;
;   11.311 ;   0.307 ; FF ; CELL ; 1      ; FF_X55_Y25_N8                         ; state_array[0][3][58]                         ;
+----------+---------+----+------+--------+---------------------------------------+-----------------------------------------------+

+-------------------------------------------------------------------------------------------------------------+
; Data Required Path                                                                                          ;
+----------+---------+----+------+--------+---------------------------------------+---------------------------+
; Total    ; Incr    ; RF ; Type ; Fanout ; Location                              ; Element                   ;
+----------+---------+----+------+--------+---------------------------------------+---------------------------+
; 7.407    ; 7.407   ;    ;      ;        ;                                       ; latch edge time           ;
; 11.727   ; 4.320   ;    ;      ;        ;                                       ; clock path                ;
;   7.407  ;   0.000 ;    ;      ;        ;                                       ; source latency            ;
;   7.407  ;   0.000 ;    ;      ; 1      ; PIN_M16                               ; clk                       ;
;   7.407  ;   0.000 ;    ; RE   ; 1      ; IOPAD_X89_Y35_N60                     ; ARRIAV_IO_PAD             ;
;   7.407  ;   0.000 ;    ; RE   ; 1      ; IO_PAD_OUTPUT_X89_Y35_N60_I1          ; IO_PAD_OUTPUT             ;
;   7.407  ;   0.000 ;    ; RE   ; 1      ; IO_INPUT_BUFFER_INPUT_X89_Y35_N61_I0  ; IO_INPUT_BUFFER_INPUT     ;
;   7.407  ;   0.000 ; RR ; IC   ; 1      ; IOIBUF_X89_Y35_N61                    ; clk~input|i               ;
;   8.146  ;   0.739 ; RR ; CELL ; 1      ; IOIBUF_X89_Y35_N61                    ; clk~input|o               ;
;   8.146  ;   0.000 ;    ; RE   ; 1      ; IOIBUF_X89_Y35_N61                    ; ARRIAV_IO_IBUF            ;
;   8.146  ;   0.000 ;    ; RE   ; 1      ; IO_INPUT_BUFFER_OUTPUT_X89_Y35_N61_I2 ; IO_INPUT_BUFFER_OUTPUT    ;
;   8.146  ;   0.000 ;    ; RE   ; 1      ; IO_RE_X89_Y35_N60_I96                 ; IO_RE                     ;
;   8.234  ;   0.088 ;    ; RE   ; 1      ; IO_RE_X89_Y35_N60_I66                 ; IO_RE                     ;
;   8.509  ;   0.275 ;    ; RE   ; 1      ; CLKBUF_CLUSTER_RE_X89_Y39_N3_I421     ; CLKBUF_CLUSTER_RE         ;
;   8.509  ;   0.000 ;    ; RE   ; 1      ; CLKBUF_CLUSTER_RE_X89_Y39_N3_I788     ; CLKBUF_CLUSTER_RE         ;
;   8.509  ;   0.000 ;    ; RE   ; 1      ; CLKBUF_CLUSTER_RE_X89_Y39_N3_I621     ; CLKBUF_CLUSTER_RE         ;
;   8.509  ;   0.000 ;    ; RE   ; 1      ; GCLK_CLUSTER_RE_X89_Y39_N9_I10        ; GCLK_CLUSTER_RE           ;
;   8.509  ;   0.000 ;    ; RE   ; 1      ; CLKBUFBLOCK_INPUT_X89_Y39_N10_I0      ; CLKBUFBLOCK_INPUT         ;
;   8.509  ;   0.000 ; RR ; IC   ; 1      ; CLKCTRL_G10                           ; clk~inputCLKENA0|inclk    ;
;   8.979  ;   0.470 ; RR ; CELL ; 1674   ; CLKCTRL_G10                           ; clk~inputCLKENA0|outclk   ;
;   8.979  ;   0.000 ;    ; RE   ; 1      ; CLKCTRL_G10                           ; ARRIAV_CLKBUF             ;
;   8.979  ;   0.000 ;    ; RE   ; 1      ; CLKBUFBLOCK_OUTPUT_X89_Y39_N10_I2     ; CLKBUFBLOCK_OUTPUT        ;
;   8.979  ;   0.000 ;    ; RE   ; 1      ; GCLK_CLUSTER_RE_X89_Y39_N9_I12        ; GCLK_CLUSTER_RE           ;
;   8.979  ;   0.000 ;    ; RE   ; 1      ; CLKBUF_CLUSTER_RE_X89_Y39_N3_I417     ; CLKBUF_CLUSTER_RE         ;
;   9.755  ;   0.776 ;    ; RE   ; 5      ; GLOBAL_CLOCK_X0_Y36_N0_I10            ; GLOBAL_CLOCK              ;
;   9.886  ;   0.131 ;    ; RE   ; 16     ; SPINE_CLOCK_X55_Y19_N0_I11            ; SPINE_CLOCK               ;
;   10.277 ;   0.391 ;    ; RE   ; 1      ; SCLK_TO_ROWCLK_BUF_X55_Y25_N0_I67     ; SCLK_TO_ROWCLK_BUF        ;
;   10.368 ;   0.091 ;    ; RE   ; 2      ; SCLK_TO_ROWCLK_BUF_X55_Y25_N0_I70     ; SCLK_TO_ROWCLK_BUF        ;
;   10.825 ;   0.457 ;    ; RE   ; 4      ; LAB_CLK_X45_Y25_N0_I5                 ; LAB_CLK                   ;
;   10.950 ;   0.125 ;    ; RE   ; 1      ; BLK_CLK_BUF_X55_Y25_N0_I5             ; BLK_CLK_BUF               ;
;   11.003 ;   0.053 ;    ; RE   ; 1      ; ROWCLKSEL_PREBUF_X55_Y25_N0_I5        ; ROWCLKSEL_PREBUF          ;
;   11.057 ;   0.054 ;    ; RE   ; 1      ; ROWCLKSEL_X55_Y25_N0_I0               ; ROWCLKSEL                 ;
;   11.057 ;   0.000 ;    ; RE   ; 1      ; GLOBAL_LOCAL_SEL_X55_Y25_N0_I0        ; GLOBAL_LOCAL_SEL          ;
;   11.057 ;   0.000 ;    ; RE   ; 5      ; LAB_INPUT_X55_Y25_N0_I0               ; LAB_INPUT                 ;
;   11.058 ;   0.001 ; RR ; IC   ; 1      ; FF_X55_Y25_N8                         ; state_array[0][3][58]|clk ;
;   11.622 ;   0.564 ; RR ; CELL ; 1      ; FF_X55_Y25_N8                         ; state_array[0][3][58]     ;
;   11.727 ;   0.105 ;    ;      ;        ;                                       ; clock pessimism removed   ;
; 11.627   ; -0.100  ;    ;      ;        ;                                       ; clock uncertainty         ;
; 11.627   ; 0.000   ;    ; uTsu ; 1      ; FF_X55_Y25_N8                         ; state_array[0][3][58]     ;
+----------+---------+----+------+--------+---------------------------------------+---------------------------+

----------------------------
; Extra Fitter Information ;
----------------------------
HTML report is unavailable in plain text report export.


Path #12: Setup slack is 0.328 
===============================================================================
+--------------------------------------------+
; Path Summary                               ;
+--------------------+-----------------------+
; Property           ; Value                 ;
+--------------------+-----------------------+
; From Node          ; state_array[4][4][51] ;
; To Node            ; state_array[1][0][9]  ;
; Launch Clock       ; clk                   ;
; Latch Clock        ; clk                   ;
; Data Arrival Time  ; 11.250                ;
; Data Required Time ; 11.578                ;
; Slack              ; 0.328                 ;
+--------------------+-----------------------+

+-------------------------------------------------------------------------------------+
; Statistics                                                                          ;
+------------------------+--------+-------+-------------+------------+--------+-------+
; Property               ; Value  ; Count ; Total Delay ; % of Total ; Min    ; Max   ;
+------------------------+--------+-------+-------------+------------+--------+-------+
; Setup Relationship     ; 7.407  ;       ;             ;            ;        ;       ;
; Clock Skew             ; -0.222 ;       ;             ;            ;        ;       ;
; Data Delay             ; 6.757  ;       ;             ;            ;        ;       ;
; Number of Logic Levels ;        ; 4     ;             ;            ;        ;       ;
; Physical Delays        ;        ;       ;             ;            ;        ;       ;
;  Arrival Path          ;        ;       ;             ;            ;        ;       ;
;   Clock                ;        ;       ;             ;            ;        ;       ;
;    IC                  ;        ; 3     ; 0.001       ; 0          ; 0.000  ; 0.001 ;
;    Cell                ;        ; 3     ; 1.908       ; 42         ; 0.507  ; 0.739 ;
;    Routing Element     ;        ; 26    ; 2.584       ; 58         ; 0.000  ; 0.821 ;
;   Data                 ;        ;       ;             ;            ;        ;       ;
;    IC                  ;        ; 5     ; 0.002       ; 0          ; -0.001 ; 0.002 ;
;    Cell                ;        ; 6     ; 1.198       ; 18         ; 0.000  ; 0.602 ;
;    uTco                ;        ; 1     ; 0.000       ; 0          ; 0.000  ; 0.000 ;
;    Routing Element     ;        ; 29    ; 5.557       ; 82         ; 0.000  ; 0.452 ;
;  Required Path         ;        ;       ;             ;            ;        ;       ;
;   Clock                ;        ;       ;             ;            ;        ;       ;
;    IC                  ;        ; 3     ; 0.000       ; 0          ; 0.000  ; 0.000 ;
;    Cell                ;        ; 3     ; 1.773       ; 42         ; 0.470  ; 0.739 ;
;    Routing Element     ;        ; 26    ; 2.438       ; 58         ; 0.000  ; 0.782 ;
+------------------------+--------+-------+-------------+------------+--------+-------+
Note: Negative delays are omitted from totals when calculating percentages

+--------------------------------------------------------------------------------------------------------------------------------------+
; Data Arrival Path                                                                                                                    ;
+----------+----------+----+------+--------+-------------------------------------------+-----------------------------------------------+
; Total    ; Incr     ; RF ; Type ; Fanout ; Location                                  ; Element                                       ;
+----------+----------+----+------+--------+-------------------------------------------+-----------------------------------------------+
; 0.000    ; 0.000    ;    ;      ;        ;                                           ; launch edge time                              ;
; 4.493    ; 4.493    ;    ;      ;        ;                                           ; clock path                                    ;
;   0.000  ;   0.000  ;    ;      ;        ;                                           ; source latency                                ;
;   0.000  ;   0.000  ;    ;      ; 1      ; PIN_M16                                   ; clk                                           ;
;   0.000  ;   0.000  ;    ; RE   ; 1      ; IOPAD_X89_Y35_N60                         ; ARRIAV_IO_PAD                                 ;
;   0.000  ;   0.000  ;    ; RE   ; 1      ; IO_PAD_OUTPUT_X89_Y35_N60_I1              ; IO_PAD_OUTPUT                                 ;
;   0.000  ;   0.000  ;    ; RE   ; 1      ; IO_INPUT_BUFFER_INPUT_X89_Y35_N61_I0      ; IO_INPUT_BUFFER_INPUT                         ;
;   0.000  ;   0.000  ; RR ; IC   ; 1      ; IOIBUF_X89_Y35_N61                        ; clk~input|i                                   ;
;   0.739  ;   0.739  ; RR ; CELL ; 1      ; IOIBUF_X89_Y35_N61                        ; clk~input|o                                   ;
;   0.739  ;   0.000  ;    ; RE   ; 1      ; IOIBUF_X89_Y35_N61                        ; ARRIAV_IO_IBUF                                ;
;   0.739  ;   0.000  ;    ; RE   ; 1      ; IO_INPUT_BUFFER_OUTPUT_X89_Y35_N61_I2     ; IO_INPUT_BUFFER_OUTPUT                        ;
;   0.739  ;   0.000  ;    ; RE   ; 1      ; IO_RE_X89_Y35_N60_I96                     ; IO_RE                                         ;
;   0.833  ;   0.094  ;    ; RE   ; 1      ; IO_RE_X89_Y35_N60_I66                     ; IO_RE                                         ;
;   1.125  ;   0.292  ;    ; RE   ; 1      ; CLKBUF_CLUSTER_RE_X89_Y39_N3_I421         ; CLKBUF_CLUSTER_RE                             ;
;   1.125  ;   0.000  ;    ; RE   ; 1      ; CLKBUF_CLUSTER_RE_X89_Y39_N3_I788         ; CLKBUF_CLUSTER_RE                             ;
;   1.125  ;   0.000  ;    ; RE   ; 1      ; CLKBUF_CLUSTER_RE_X89_Y39_N3_I621         ; CLKBUF_CLUSTER_RE                             ;
;   1.125  ;   0.000  ;    ; RE   ; 1      ; GCLK_CLUSTER_RE_X89_Y39_N9_I10            ; GCLK_CLUSTER_RE                               ;
;   1.125  ;   0.000  ;    ; RE   ; 1      ; CLKBUFBLOCK_INPUT_X89_Y39_N10_I0          ; CLKBUFBLOCK_INPUT                             ;
;   1.125  ;   0.000  ; RR ; IC   ; 1      ; CLKCTRL_G10                               ; clk~inputCLKENA0|inclk                        ;
;   1.632  ;   0.507  ; RR ; CELL ; 1674   ; CLKCTRL_G10                               ; clk~inputCLKENA0|outclk                       ;
;   1.632  ;   0.000  ;    ; RE   ; 1      ; CLKCTRL_G10                               ; ARRIAV_CLKBUF                                 ;
;   1.632  ;   0.000  ;    ; RE   ; 1      ; CLKBUFBLOCK_OUTPUT_X89_Y39_N10_I2         ; CLKBUFBLOCK_OUTPUT                            ;
;   1.632  ;   0.000  ;    ; RE   ; 1      ; GCLK_CLUSTER_RE_X89_Y39_N9_I12            ; GCLK_CLUSTER_RE                               ;
;   1.632  ;   0.000  ;    ; RE   ; 1      ; CLKBUF_CLUSTER_RE_X89_Y39_N3_I417         ; CLKBUF_CLUSTER_RE                             ;
;   2.453  ;   0.821  ;    ; RE   ; 5      ; GLOBAL_CLOCK_X0_Y36_N0_I10                ; GLOBAL_CLOCK                                  ;
;   2.600  ;   0.147  ;    ; RE   ; 16     ; SPINE_CLOCK_X55_Y19_N0_I11                ; SPINE_CLOCK                                   ;
;   3.004  ;   0.404  ;    ; RE   ; 1      ; SCLK_TO_ROWCLK_BUF_X55_Y32_N0_I67         ; SCLK_TO_ROWCLK_BUF                            ;
;   3.098  ;   0.094  ;    ; RE   ; 2      ; SCLK_TO_ROWCLK_BUF_X55_Y32_N0_I70         ; SCLK_TO_ROWCLK_BUF                            ;
;   3.575  ;   0.477  ;    ; RE   ; 8      ; LAB_CLK_X56_Y32_N0_I5                     ; LAB_CLK                                       ;
;   3.715  ;   0.140  ;    ; RE   ; 1      ; BLK_CLK_BUF_X56_Y32_N0_I5                 ; BLK_CLK_BUF                                   ;
;   3.771  ;   0.056  ;    ; RE   ; 1      ; ROWCLKSEL_PREBUF_X56_Y32_N0_I5            ; ROWCLKSEL_PREBUF                              ;
;   3.830  ;   0.059  ;    ; RE   ; 1      ; ROWCLKSEL_X56_Y32_N0_I0                   ; ROWCLKSEL                                     ;
;   3.830  ;   0.000  ;    ; RE   ; 1      ; GLOBAL_LOCAL_SEL_X56_Y32_N0_I0            ; GLOBAL_LOCAL_SEL                              ;
;   3.830  ;   0.000  ;    ; RE   ; 5      ; LAB_INPUT_X56_Y32_N0_I0                   ; LAB_INPUT                                     ;
;   3.831  ;   0.001  ; RR ; IC   ; 1      ; FF_X56_Y32_N29                            ; state_array[4][4][51]|clk                     ;
;   4.493  ;   0.662  ; RR ; CELL ; 1      ; FF_X56_Y32_N29                            ; state_array[4][4][51]                         ;
; 11.250   ; 6.757    ;    ;      ;        ;                                           ; data path                                     ;
;   4.493  ;   0.000  ;    ; uTco ; 1      ; FF_X56_Y32_N29                            ; state_array[4][4][51]                         ;
;   4.493  ;   0.000  ; FF ; CELL ; 6      ; FF_X56_Y32_N29                            ; state_array[4][4][51]|q                       ;
;   4.553  ;   0.060  ;    ; RE   ; 2      ; FF_X56_Y32_N29                            ; ARRIAV_FF                                     ;
;   4.680  ;   0.127  ;    ; RE   ; 1      ; LE_BUFFER_X56_Y32_N0_I19                  ; LE_BUFFER                                     ;
;   4.997  ;   0.317  ;    ; RE   ; 1      ; R3_X56_Y32_N0_I11                         ; H_SEG3                                        ;
;   4.997  ;   0.000  ;    ; RE   ; 3      ; R14_C12_INTERCONNECT_DRIVER_X56_Y32_N0_I3 ; WIRE_MUX                                      ;
;   5.449  ;   0.452  ;    ; RE   ; 1      ; C12_X56_Y33_N0_I0                         ; V_SEG12                                       ;
;   5.827  ;   0.378  ;    ; RE   ; 1      ; C2_X56_Y39_N0_I18                         ; V_SEG2                                        ;
;   6.022  ;   0.195  ;    ; RE   ; 1      ; LOCAL_INTERCONNECT_X57_Y39_N0_I0          ; LAB_LINE                                      ;
;   6.155  ;   0.133  ;    ; RE   ; 1      ; BLOCK_INPUT_MUX_X57_Y39_N0_I13            ; LEIM_INPUT                                    ;
;   6.154  ;   -0.001 ; FF ; IC   ; 1      ; LABCELL_X57_Y39_N6                        ; KSU|u_theta|C[4][51]|datad                    ;
;   6.756  ;   0.602  ; FF ; CELL ; 2      ; LABCELL_X57_Y39_N6                        ; KSU|u_theta|C[4][51]|combout                  ;
;   6.756  ;   0.000  ;    ; RE   ; 2      ; LABCELL_X57_Y39_N6                        ; ARRIAV_LCELL_COMB                             ;
;   6.849  ;   0.093  ;    ; RE   ; 1      ; LE_BUFFER_X57_Y39_N0_I5                   ; LE_BUFFER                                     ;
;   7.215  ;   0.366  ;    ; RE   ; 1      ; C4_X56_Y35_N0_I5                          ; V_SEG4                                        ;
;   7.614  ;   0.399  ;    ; RE   ; 1      ; R3_X57_Y36_N0_I9                          ; H_SEG3                                        ;
;   7.882  ;   0.268  ;    ; RE   ; 1      ; R3_X60_Y36_N0_I7                          ; H_SEG3                                        ;
;   8.076  ;   0.194  ;    ; RE   ; 1      ; LOCAL_INTERCONNECT_X61_Y36_N0_I21         ; LAB_LINE                                      ;
;   8.205  ;   0.129  ;    ; RE   ; 1      ; BLOCK_INPUT_MUX_X61_Y36_N0_I39            ; LEIM_INPUT                                    ;
;   8.206  ;   0.001  ; FF ; IC   ; 1      ; LABCELL_X61_Y36_N27                       ; KSU|u_theta|state_array_o[3][0][52]~0|dataf   ;
;   8.296  ;   0.090  ; FF ; CELL ; 15     ; LABCELL_X61_Y36_N27                       ; KSU|u_theta|state_array_o[3][0][52]~0|combout ;
;   8.296  ;   0.000  ;    ; RE   ; 2      ; LABCELL_X61_Y36_N27                       ; ARRIAV_LCELL_COMB                             ;
;   8.375  ;   0.079  ;    ; RE   ; 1      ; LE_BUFFER_X61_Y36_N0_I18                  ; LE_BUFFER                                     ;
;   8.588  ;   0.213  ;    ; RE   ; 3      ; R3_X62_Y36_N0_I9                          ; H_SEG3                                        ;
;   8.588  ;   0.000  ;    ; RE   ; 2      ; R14_C12_INTERCONNECT_DRIVER_X62_Y36_N0_I3 ; WIRE_MUX                                      ;
;   8.972  ;   0.384  ;    ; RE   ; 3      ; C12_X62_Y24_N0_I1                         ; V_SEG12                                       ;
;   9.395  ;   0.423  ;    ; RE   ; 1      ; R6_X63_Y30_N0_I14                         ; H_SEG6                                        ;
;   9.653  ;   0.258  ;    ; RE   ; 1      ; C2_X68_Y31_N0_I10                         ; V_SEG2                                        ;
;   10.024 ;   0.371  ;    ; RE   ; 1      ; R6_X69_Y31_N0_I8                          ; H_SEG6                                        ;
;   10.288 ;   0.264  ;    ; RE   ; 3      ; LOCAL_INTERCONNECT_X74_Y31_N0_I30         ; LAB_LINE                                      ;
;   10.435 ;   0.147  ;    ; RE   ; 1      ; BLOCK_INPUT_MUX_X74_Y31_N0_I47            ; LEIM_INPUT                                    ;
;   10.437 ;   0.002  ; FF ; IC   ; 1      ; LABCELL_X74_Y31_N33                       ; KSU|u_chi|state_array_o[1][0][9]|dataf        ;
;   10.543 ;   0.106  ; FR ; CELL ; 1      ; LABCELL_X74_Y31_N33                       ; KSU|u_chi|state_array_o[1][0][9]|combout      ;
;   10.543 ;   0.000  ;    ; RE   ; 1      ; LABCELL_X74_Y31_N33                       ; ARRIAV_LCELL_COMB                             ;
;   10.679 ;   0.136  ;    ; RE   ; 1      ; LOCAL_LINE_X74_Y31_N0_I11                 ; LOCAL_LINE                                    ;
;   10.850 ;   0.171  ;    ; RE   ; 1      ; BLOCK_INPUT_MUX_X74_Y31_N0_I17            ; LEIM_INPUT                                    ;
;   10.850 ;   0.000  ; RR ; IC   ; 1      ; LABCELL_X74_Y31_N12                       ; state_array~326|dataf                         ;
;   10.944 ;   0.094  ; RR ; CELL ; 1      ; LABCELL_X74_Y31_N12                       ; state_array~326|combout                       ;
;   10.944 ;   0.000  ;    ; RE   ; 1      ; LABCELL_X74_Y31_N12                       ; ARRIAV_LCELL_COMB                             ;
;   10.944 ;   0.000  ; RR ; IC   ; 1      ; FF_X74_Y31_N14                            ; state_array[1][0][9]|d                        ;
;   11.250 ;   0.306  ; RR ; CELL ; 1      ; FF_X74_Y31_N14                            ; state_array[1][0][9]                          ;
+----------+----------+----+------+--------+-------------------------------------------+-----------------------------------------------+

+------------------------------------------------------------------------------------------------------------+
; Data Required Path                                                                                         ;
+----------+---------+----+------+--------+---------------------------------------+--------------------------+
; Total    ; Incr    ; RF ; Type ; Fanout ; Location                              ; Element                  ;
+----------+---------+----+------+--------+---------------------------------------+--------------------------+
; 7.407    ; 7.407   ;    ;      ;        ;                                       ; latch edge time          ;
; 11.678   ; 4.271   ;    ;      ;        ;                                       ; clock path               ;
;   7.407  ;   0.000 ;    ;      ;        ;                                       ; source latency           ;
;   7.407  ;   0.000 ;    ;      ; 1      ; PIN_M16                               ; clk                      ;
;   7.407  ;   0.000 ;    ; RE   ; 1      ; IOPAD_X89_Y35_N60                     ; ARRIAV_IO_PAD            ;
;   7.407  ;   0.000 ;    ; RE   ; 1      ; IO_PAD_OUTPUT_X89_Y35_N60_I1          ; IO_PAD_OUTPUT            ;
;   7.407  ;   0.000 ;    ; RE   ; 1      ; IO_INPUT_BUFFER_INPUT_X89_Y35_N61_I0  ; IO_INPUT_BUFFER_INPUT    ;
;   7.407  ;   0.000 ; RR ; IC   ; 1      ; IOIBUF_X89_Y35_N61                    ; clk~input|i              ;
;   8.146  ;   0.739 ; RR ; CELL ; 1      ; IOIBUF_X89_Y35_N61                    ; clk~input|o              ;
;   8.146  ;   0.000 ;    ; RE   ; 1      ; IOIBUF_X89_Y35_N61                    ; ARRIAV_IO_IBUF           ;
;   8.146  ;   0.000 ;    ; RE   ; 1      ; IO_INPUT_BUFFER_OUTPUT_X89_Y35_N61_I2 ; IO_INPUT_BUFFER_OUTPUT   ;
;   8.146  ;   0.000 ;    ; RE   ; 1      ; IO_RE_X89_Y35_N60_I96                 ; IO_RE                    ;
;   8.234  ;   0.088 ;    ; RE   ; 1      ; IO_RE_X89_Y35_N60_I66                 ; IO_RE                    ;
;   8.509  ;   0.275 ;    ; RE   ; 1      ; CLKBUF_CLUSTER_RE_X89_Y39_N3_I421     ; CLKBUF_CLUSTER_RE        ;
;   8.509  ;   0.000 ;    ; RE   ; 1      ; CLKBUF_CLUSTER_RE_X89_Y39_N3_I788     ; CLKBUF_CLUSTER_RE        ;
;   8.509  ;   0.000 ;    ; RE   ; 1      ; CLKBUF_CLUSTER_RE_X89_Y39_N3_I621     ; CLKBUF_CLUSTER_RE        ;
;   8.509  ;   0.000 ;    ; RE   ; 1      ; GCLK_CLUSTER_RE_X89_Y39_N9_I10        ; GCLK_CLUSTER_RE          ;
;   8.509  ;   0.000 ;    ; RE   ; 1      ; CLKBUFBLOCK_INPUT_X89_Y39_N10_I0      ; CLKBUFBLOCK_INPUT        ;
;   8.509  ;   0.000 ; RR ; IC   ; 1      ; CLKCTRL_G10                           ; clk~inputCLKENA0|inclk   ;
;   8.979  ;   0.470 ; RR ; CELL ; 1674   ; CLKCTRL_G10                           ; clk~inputCLKENA0|outclk  ;
;   8.979  ;   0.000 ;    ; RE   ; 1      ; CLKCTRL_G10                           ; ARRIAV_CLKBUF            ;
;   8.979  ;   0.000 ;    ; RE   ; 1      ; CLKBUFBLOCK_OUTPUT_X89_Y39_N10_I2     ; CLKBUFBLOCK_OUTPUT       ;
;   8.979  ;   0.000 ;    ; RE   ; 1      ; GCLK_CLUSTER_RE_X89_Y39_N9_I12        ; GCLK_CLUSTER_RE          ;
;   8.979  ;   0.000 ;    ; RE   ; 1      ; CLKBUF_CLUSTER_RE_X89_Y39_N3_I417     ; CLKBUF_CLUSTER_RE        ;
;   9.761  ;   0.782 ;    ; RE   ; 5      ; GLOBAL_CLOCK_X0_Y36_N0_I10            ; GLOBAL_CLOCK             ;
;   9.901  ;   0.140 ;    ; RE   ; 15     ; SPINE_CLOCK_X77_Y19_N0_I16            ; SPINE_CLOCK              ;
;   10.291 ;   0.390 ;    ; RE   ; 1      ; SCLK_TO_ROWCLK_BUF_X77_Y31_N0_I97     ; SCLK_TO_ROWCLK_BUF       ;
;   10.372 ;   0.081 ;    ; RE   ; 1      ; SCLK_TO_ROWCLK_BUF_X77_Y31_N0_I100    ; SCLK_TO_ROWCLK_BUF       ;
;   10.823 ;   0.451 ;    ; RE   ; 7      ; LAB_CLK_X67_Y31_N0_I5                 ; LAB_CLK                  ;
;   10.947 ;   0.124 ;    ; RE   ; 1      ; BLK_CLK_BUF_X74_Y31_N0_I5             ; BLK_CLK_BUF              ;
;   11.000 ;   0.053 ;    ; RE   ; 1      ; ROWCLKSEL_PREBUF_X74_Y31_N0_I5        ; ROWCLKSEL_PREBUF         ;
;   11.054 ;   0.054 ;    ; RE   ; 1      ; ROWCLKSEL_X74_Y31_N0_I0               ; ROWCLKSEL                ;
;   11.054 ;   0.000 ;    ; RE   ; 1      ; GLOBAL_LOCAL_SEL_X74_Y31_N0_I0        ; GLOBAL_LOCAL_SEL         ;
;   11.054 ;   0.000 ;    ; RE   ; 5      ; LAB_INPUT_X74_Y31_N0_I0               ; LAB_INPUT                ;
;   11.054 ;   0.000 ; RR ; IC   ; 1      ; FF_X74_Y31_N14                        ; state_array[1][0][9]|clk ;
;   11.618 ;   0.564 ; RR ; CELL ; 1      ; FF_X74_Y31_N14                        ; state_array[1][0][9]     ;
;   11.678 ;   0.060 ;    ;      ;        ;                                       ; clock pessimism removed  ;
; 11.578   ; -0.100  ;    ;      ;        ;                                       ; clock uncertainty        ;
; 11.578   ; 0.000   ;    ; uTsu ; 1      ; FF_X74_Y31_N14                        ; state_array[1][0][9]     ;
+----------+---------+----+------+--------+---------------------------------------+--------------------------+

----------------------------
; Extra Fitter Information ;
----------------------------
HTML report is unavailable in plain text report export.


Path #13: Setup slack is 0.342 
===============================================================================
+--------------------------------------------+
; Path Summary                               ;
+--------------------+-----------------------+
; Property           ; Value                 ;
+--------------------+-----------------------+
; From Node          ; state_array[2][2][11] ;
; To Node            ; state_array[4][3][3]  ;
; Launch Clock       ; clk                   ;
; Latch Clock        ; clk                   ;
; Data Arrival Time  ; 11.241                ;
; Data Required Time ; 11.583                ;
; Slack              ; 0.342                 ;
+--------------------+-----------------------+

+-------------------------------------------------------------------------------------+
; Statistics                                                                          ;
+------------------------+--------+-------+-------------+------------+--------+-------+
; Property               ; Value  ; Count ; Total Delay ; % of Total ; Min    ; Max   ;
+------------------------+--------+-------+-------------+------------+--------+-------+
; Setup Relationship     ; 7.407  ;       ;             ;            ;        ;       ;
; Clock Skew             ; -0.211 ;       ;             ;            ;        ;       ;
; Data Delay             ; 6.754  ;       ;             ;            ;        ;       ;
; Number of Logic Levels ;        ; 4     ;             ;            ;        ;       ;
; Physical Delays        ;        ;       ;             ;            ;        ;       ;
;  Arrival Path          ;        ;       ;             ;            ;        ;       ;
;   Clock                ;        ;       ;             ;            ;        ;       ;
;    IC                  ;        ; 3     ; 0.000       ; 0          ; 0.000  ; 0.000 ;
;    Cell                ;        ; 3     ; 1.901       ; 42         ; 0.507  ; 0.739 ;
;    Routing Element     ;        ; 26    ; 2.586       ; 58         ; 0.000  ; 0.821 ;
;   Data                 ;        ;       ;             ;            ;        ;       ;
;    IC                  ;        ; 5     ; -0.001      ; 0          ; -0.001 ; 0.000 ;
;    Cell                ;        ; 6     ; 1.643       ; 24         ; 0.000  ; 0.601 ;
;    uTco                ;        ; 1     ; 0.000       ; 0          ; 0.000  ; 0.000 ;
;    Routing Element     ;        ; 29    ; 5.112       ; 76         ; 0.000  ; 0.508 ;
;  Required Path         ;        ;       ;             ;            ;        ;       ;
;   Clock                ;        ;       ;             ;            ;        ;       ;
;    IC                  ;        ; 3     ; -0.001      ; 0          ; -0.001 ; 0.000 ;
;    Cell                ;        ; 3     ; 1.773       ; 42         ; 0.470  ; 0.739 ;
;    Routing Element     ;        ; 26    ; 2.444       ; 58         ; 0.000  ; 0.782 ;
+------------------------+--------+-------+-------------+------------+--------+-------+
Note: Negative delays are omitted from totals when calculating percentages

+--------------------------------------------------------------------------------------------------------------------------------------+
; Data Arrival Path                                                                                                                    ;
+----------+----------+----+------+--------+-------------------------------------------+-----------------------------------------------+
; Total    ; Incr     ; RF ; Type ; Fanout ; Location                                  ; Element                                       ;
+----------+----------+----+------+--------+-------------------------------------------+-----------------------------------------------+
; 0.000    ; 0.000    ;    ;      ;        ;                                           ; launch edge time                              ;
; 4.487    ; 4.487    ;    ;      ;        ;                                           ; clock path                                    ;
;   0.000  ;   0.000  ;    ;      ;        ;                                           ; source latency                                ;
;   0.000  ;   0.000  ;    ;      ; 1      ; PIN_M16                                   ; clk                                           ;
;   0.000  ;   0.000  ;    ; RE   ; 1      ; IOPAD_X89_Y35_N60                         ; ARRIAV_IO_PAD                                 ;
;   0.000  ;   0.000  ;    ; RE   ; 1      ; IO_PAD_OUTPUT_X89_Y35_N60_I1              ; IO_PAD_OUTPUT                                 ;
;   0.000  ;   0.000  ;    ; RE   ; 1      ; IO_INPUT_BUFFER_INPUT_X89_Y35_N61_I0      ; IO_INPUT_BUFFER_INPUT                         ;
;   0.000  ;   0.000  ; RR ; IC   ; 1      ; IOIBUF_X89_Y35_N61                        ; clk~input|i                                   ;
;   0.739  ;   0.739  ; RR ; CELL ; 1      ; IOIBUF_X89_Y35_N61                        ; clk~input|o                                   ;
;   0.739  ;   0.000  ;    ; RE   ; 1      ; IOIBUF_X89_Y35_N61                        ; ARRIAV_IO_IBUF                                ;
;   0.739  ;   0.000  ;    ; RE   ; 1      ; IO_INPUT_BUFFER_OUTPUT_X89_Y35_N61_I2     ; IO_INPUT_BUFFER_OUTPUT                        ;
;   0.739  ;   0.000  ;    ; RE   ; 1      ; IO_RE_X89_Y35_N60_I96                     ; IO_RE                                         ;
;   0.833  ;   0.094  ;    ; RE   ; 1      ; IO_RE_X89_Y35_N60_I66                     ; IO_RE                                         ;
;   1.125  ;   0.292  ;    ; RE   ; 1      ; CLKBUF_CLUSTER_RE_X89_Y39_N3_I421         ; CLKBUF_CLUSTER_RE                             ;
;   1.125  ;   0.000  ;    ; RE   ; 1      ; CLKBUF_CLUSTER_RE_X89_Y39_N3_I788         ; CLKBUF_CLUSTER_RE                             ;
;   1.125  ;   0.000  ;    ; RE   ; 1      ; CLKBUF_CLUSTER_RE_X89_Y39_N3_I621         ; CLKBUF_CLUSTER_RE                             ;
;   1.125  ;   0.000  ;    ; RE   ; 1      ; GCLK_CLUSTER_RE_X89_Y39_N9_I10            ; GCLK_CLUSTER_RE                               ;
;   1.125  ;   0.000  ;    ; RE   ; 1      ; CLKBUFBLOCK_INPUT_X89_Y39_N10_I0          ; CLKBUFBLOCK_INPUT                             ;
;   1.125  ;   0.000  ; RR ; IC   ; 1      ; CLKCTRL_G10                               ; clk~inputCLKENA0|inclk                        ;
;   1.632  ;   0.507  ; RR ; CELL ; 1674   ; CLKCTRL_G10                               ; clk~inputCLKENA0|outclk                       ;
;   1.632  ;   0.000  ;    ; RE   ; 1      ; CLKCTRL_G10                               ; ARRIAV_CLKBUF                                 ;
;   1.632  ;   0.000  ;    ; RE   ; 1      ; CLKBUFBLOCK_OUTPUT_X89_Y39_N10_I2         ; CLKBUFBLOCK_OUTPUT                            ;
;   1.632  ;   0.000  ;    ; RE   ; 1      ; GCLK_CLUSTER_RE_X89_Y39_N9_I12            ; GCLK_CLUSTER_RE                               ;
;   1.632  ;   0.000  ;    ; RE   ; 1      ; CLKBUF_CLUSTER_RE_X89_Y39_N3_I417         ; CLKBUF_CLUSTER_RE                             ;
;   2.453  ;   0.821  ;    ; RE   ; 5      ; GLOBAL_CLOCK_X0_Y36_N0_I10                ; GLOBAL_CLOCK                                  ;
;   2.597  ;   0.144  ;    ; RE   ; 16     ; SPINE_CLOCK_X55_Y19_N0_I11                ; SPINE_CLOCK                                   ;
;   3.001  ;   0.404  ;    ; RE   ; 1      ; SCLK_TO_ROWCLK_BUF_X55_Y30_N0_I67         ; SCLK_TO_ROWCLK_BUF                            ;
;   3.095  ;   0.094  ;    ; RE   ; 2      ; SCLK_TO_ROWCLK_BUF_X55_Y30_N0_I70         ; SCLK_TO_ROWCLK_BUF                            ;
;   3.577  ;   0.482  ;    ; RE   ; 10     ; LAB_CLK_X56_Y30_N0_I5                     ; LAB_CLK                                       ;
;   3.717  ;   0.140  ;    ; RE   ; 1      ; BLK_CLK_BUF_X60_Y30_N0_I5                 ; BLK_CLK_BUF                                   ;
;   3.773  ;   0.056  ;    ; RE   ; 1      ; ROWCLKSEL_PREBUF_X60_Y30_N0_I5            ; ROWCLKSEL_PREBUF                              ;
;   3.832  ;   0.059  ;    ; RE   ; 1      ; ROWCLKSEL_X60_Y30_N0_I0                   ; ROWCLKSEL                                     ;
;   3.832  ;   0.000  ;    ; RE   ; 1      ; GLOBAL_LOCAL_SEL_X60_Y30_N0_I0            ; GLOBAL_LOCAL_SEL                              ;
;   3.832  ;   0.000  ;    ; RE   ; 6      ; LAB_INPUT_X60_Y30_N0_I0                   ; LAB_INPUT                                     ;
;   3.832  ;   0.000  ; RR ; IC   ; 1      ; FF_X60_Y30_N56                            ; state_array[2][2][11]|clk                     ;
;   4.487  ;   0.655  ; RR ; CELL ; 1      ; FF_X60_Y30_N56                            ; state_array[2][2][11]                         ;
; 11.241   ; 6.754    ;    ;      ;        ;                                           ; data path                                     ;
;   4.487  ;   0.000  ;    ; uTco ; 1      ; FF_X60_Y30_N56                            ; state_array[2][2][11]                         ;
;   4.487  ;   0.000  ; FF ; CELL ; 6      ; FF_X60_Y30_N56                            ; state_array[2][2][11]|q                       ;
;   4.546  ;   0.059  ;    ; RE   ; 2      ; FF_X60_Y30_N56                            ; ARRIAV_FF                                     ;
;   4.650  ;   0.104  ;    ; RE   ; 2      ; LE_BUFFER_X60_Y30_N0_I37                  ; LE_BUFFER                                     ;
;   4.872  ;   0.222  ;    ; RE   ; 1      ; C4_X59_Y26_N0_I6                          ; V_SEG4                                        ;
;   5.132  ;   0.260  ;    ; RE   ; 1      ; R3_X60_Y29_N0_I3                          ; H_SEG3                                        ;
;   5.334  ;   0.202  ;    ; RE   ; 2      ; LOCAL_INTERCONNECT_X60_Y29_N0_I20         ; LAB_LINE                                      ;
;   5.470  ;   0.136  ;    ; RE   ; 1      ; BLOCK_INPUT_MUX_X60_Y29_N0_I53            ; LEIM_INPUT                                    ;
;   5.469  ;   -0.001 ; FF ; IC   ; 1      ; LABCELL_X60_Y29_N39                       ; KSU|u_theta|C[2][11]|datac                    ;
;   6.070  ;   0.601  ; FF ; CELL ; 2      ; LABCELL_X60_Y29_N39                       ; KSU|u_theta|C[2][11]|combout                  ;
;   6.070  ;   0.000  ;    ; RE   ; 2      ; LABCELL_X60_Y29_N39                       ; ARRIAV_LCELL_COMB                             ;
;   6.180  ;   0.110  ;    ; RE   ; 1      ; LOCAL_LINE_X60_Y29_N0_I13                 ; LOCAL_LINE                                    ;
;   6.341  ;   0.161  ;    ; RE   ; 1      ; BLOCK_INPUT_MUX_X60_Y29_N0_I37            ; LEIM_INPUT                                    ;
;   6.341  ;   0.000  ; FF ; IC   ; 1      ; LABCELL_X60_Y29_N27                       ; KSU|u_theta|state_array_o[3][0][11]~0|datac   ;
;   6.903  ;   0.562  ; FF ; CELL ; 15     ; LABCELL_X60_Y29_N27                       ; KSU|u_theta|state_array_o[3][0][11]~0|combout ;
;   6.903  ;   0.000  ;    ; RE   ; 2      ; LABCELL_X60_Y29_N27                       ; ARRIAV_LCELL_COMB                             ;
;   7.026  ;   0.123  ;    ; RE   ; 3      ; LE_BUFFER_X60_Y29_N0_I19                  ; LE_BUFFER                                     ;
;   7.300  ;   0.274  ;    ; RE   ; 1      ; R6_X60_Y29_N0_I8                          ; H_SEG6                                        ;
;   7.300  ;   0.000  ;    ; RE   ; 1      ; R14_C12_INTERCONNECT_DRIVER_X60_Y29_N0_I2 ; WIRE_MUX                                      ;
;   7.808  ;   0.508  ;    ; RE   ; 2      ; C12_X60_Y30_N0_I0                         ; V_SEG12                                       ;
;   7.808  ;   0.000  ;    ; RE   ; 1      ; R14_C12_INTERCONNECT_DRIVER_X60_Y39_N0_I1 ; WIRE_MUX                                      ;
;   8.243  ;   0.435  ;    ; RE   ; 1      ; R14_X47_Y39_N0_I1                         ; H_SEG14                                       ;
;   8.564  ;   0.321  ;    ; RE   ; 1      ; C2_X52_Y37_N0_I13                         ; V_SEG2                                        ;
;   8.795  ;   0.231  ;    ; RE   ; 3      ; LOCAL_INTERCONNECT_X53_Y37_N0_I10         ; LAB_LINE                                      ;
;   8.953  ;   0.158  ;    ; RE   ; 1      ; BLOCK_INPUT_MUX_X53_Y37_N0_I55            ; LEIM_INPUT                                    ;
;   8.953  ;   0.000  ; FF ; IC   ; 1      ; LABCELL_X53_Y37_N39                       ; state_array~120|dataf                         ;
;   9.040  ;   0.087  ; FF ; CELL ; 1      ; LABCELL_X53_Y37_N39                       ; state_array~120|combout                       ;
;   9.040  ;   0.000  ;    ; RE   ; 1      ; LABCELL_X53_Y37_N39                       ; ARRIAV_LCELL_COMB                             ;
;   9.124  ;   0.084  ;    ; RE   ; 1      ; LE_BUFFER_X53_Y37_N0_I26                  ; LE_BUFFER                                     ;
;   9.344  ;   0.220  ;    ; RE   ; 1      ; R3_X54_Y37_N0_I5                          ; H_SEG3                                        ;
;   9.344  ;   0.000  ;    ; RE   ; 1      ; R14_C12_INTERCONNECT_DRIVER_X54_Y37_N0_I3 ; WIRE_MUX                                      ;
;   9.641  ;   0.297  ;    ; RE   ; 1      ; R14_X55_Y37_N0_I0                         ; H_SEG14                                       ;
;   10.037 ;   0.396  ;    ; RE   ; 1      ; C4_X68_Y33_N0_I5                          ; V_SEG4                                        ;
;   10.461 ;   0.424  ;    ; RE   ; 1      ; R6_X69_Y35_N0_I4                          ; H_SEG6                                        ;
;   10.716 ;   0.255  ;    ; RE   ; 1      ; LOCAL_INTERCONNECT_X70_Y35_N0_I38         ; LAB_LINE                                      ;
;   10.848 ;   0.132  ;    ; RE   ; 1      ; BLOCK_INPUT_MUX_X70_Y35_N0_I49            ; LEIM_INPUT                                    ;
;   10.848 ;   0.000  ; FF ; IC   ; 1      ; LABCELL_X70_Y35_N36                       ; state_array~121|dataf                         ;
;   10.934 ;   0.086  ; FF ; CELL ; 1      ; LABCELL_X70_Y35_N36                       ; state_array~121|combout                       ;
;   10.934 ;   0.000  ;    ; RE   ; 1      ; LABCELL_X70_Y35_N36                       ; ARRIAV_LCELL_COMB                             ;
;   10.934 ;   0.000  ; FF ; IC   ; 1      ; FF_X70_Y35_N38                            ; state_array[4][3][3]|d                        ;
;   11.241 ;   0.307  ; FF ; CELL ; 1      ; FF_X70_Y35_N38                            ; state_array[4][3][3]                          ;
+----------+----------+----+------+--------+-------------------------------------------+-----------------------------------------------+

+-------------------------------------------------------------------------------------------------------------+
; Data Required Path                                                                                          ;
+----------+----------+----+------+--------+---------------------------------------+--------------------------+
; Total    ; Incr     ; RF ; Type ; Fanout ; Location                              ; Element                  ;
+----------+----------+----+------+--------+---------------------------------------+--------------------------+
; 7.407    ; 7.407    ;    ;      ;        ;                                       ; latch edge time          ;
; 11.683   ; 4.276    ;    ;      ;        ;                                       ; clock path               ;
;   7.407  ;   0.000  ;    ;      ;        ;                                       ; source latency           ;
;   7.407  ;   0.000  ;    ;      ; 1      ; PIN_M16                               ; clk                      ;
;   7.407  ;   0.000  ;    ; RE   ; 1      ; IOPAD_X89_Y35_N60                     ; ARRIAV_IO_PAD            ;
;   7.407  ;   0.000  ;    ; RE   ; 1      ; IO_PAD_OUTPUT_X89_Y35_N60_I1          ; IO_PAD_OUTPUT            ;
;   7.407  ;   0.000  ;    ; RE   ; 1      ; IO_INPUT_BUFFER_INPUT_X89_Y35_N61_I0  ; IO_INPUT_BUFFER_INPUT    ;
;   7.407  ;   0.000  ; RR ; IC   ; 1      ; IOIBUF_X89_Y35_N61                    ; clk~input|i              ;
;   8.146  ;   0.739  ; RR ; CELL ; 1      ; IOIBUF_X89_Y35_N61                    ; clk~input|o              ;
;   8.146  ;   0.000  ;    ; RE   ; 1      ; IOIBUF_X89_Y35_N61                    ; ARRIAV_IO_IBUF           ;
;   8.146  ;   0.000  ;    ; RE   ; 1      ; IO_INPUT_BUFFER_OUTPUT_X89_Y35_N61_I2 ; IO_INPUT_BUFFER_OUTPUT   ;
;   8.146  ;   0.000  ;    ; RE   ; 1      ; IO_RE_X89_Y35_N60_I96                 ; IO_RE                    ;
;   8.234  ;   0.088  ;    ; RE   ; 1      ; IO_RE_X89_Y35_N60_I66                 ; IO_RE                    ;
;   8.509  ;   0.275  ;    ; RE   ; 1      ; CLKBUF_CLUSTER_RE_X89_Y39_N3_I421     ; CLKBUF_CLUSTER_RE        ;
;   8.509  ;   0.000  ;    ; RE   ; 1      ; CLKBUF_CLUSTER_RE_X89_Y39_N3_I788     ; CLKBUF_CLUSTER_RE        ;
;   8.509  ;   0.000  ;    ; RE   ; 1      ; CLKBUF_CLUSTER_RE_X89_Y39_N3_I621     ; CLKBUF_CLUSTER_RE        ;
;   8.509  ;   0.000  ;    ; RE   ; 1      ; GCLK_CLUSTER_RE_X89_Y39_N9_I10        ; GCLK_CLUSTER_RE          ;
;   8.509  ;   0.000  ;    ; RE   ; 1      ; CLKBUFBLOCK_INPUT_X89_Y39_N10_I0      ; CLKBUFBLOCK_INPUT        ;
;   8.509  ;   0.000  ; RR ; IC   ; 1      ; CLKCTRL_G10                           ; clk~inputCLKENA0|inclk   ;
;   8.979  ;   0.470  ; RR ; CELL ; 1674   ; CLKCTRL_G10                           ; clk~inputCLKENA0|outclk  ;
;   8.979  ;   0.000  ;    ; RE   ; 1      ; CLKCTRL_G10                           ; ARRIAV_CLKBUF            ;
;   8.979  ;   0.000  ;    ; RE   ; 1      ; CLKBUFBLOCK_OUTPUT_X89_Y39_N10_I2     ; CLKBUFBLOCK_OUTPUT       ;
;   8.979  ;   0.000  ;    ; RE   ; 1      ; GCLK_CLUSTER_RE_X89_Y39_N9_I12        ; GCLK_CLUSTER_RE          ;
;   8.979  ;   0.000  ;    ; RE   ; 1      ; CLKBUF_CLUSTER_RE_X89_Y39_N3_I417     ; CLKBUF_CLUSTER_RE        ;
;   9.761  ;   0.782  ;    ; RE   ; 5      ; GLOBAL_CLOCK_X0_Y36_N0_I10            ; GLOBAL_CLOCK             ;
;   9.904  ;   0.143  ;    ; RE   ; 15     ; SPINE_CLOCK_X77_Y19_N0_I16            ; SPINE_CLOCK              ;
;   10.294 ;   0.390  ;    ; RE   ; 1      ; SCLK_TO_ROWCLK_BUF_X77_Y35_N0_I97     ; SCLK_TO_ROWCLK_BUF       ;
;   10.375 ;   0.081  ;    ; RE   ; 1      ; SCLK_TO_ROWCLK_BUF_X77_Y35_N0_I100    ; SCLK_TO_ROWCLK_BUF       ;
;   10.828 ;   0.453  ;    ; RE   ; 7      ; LAB_CLK_X67_Y35_N0_I5                 ; LAB_CLK                  ;
;   10.952 ;   0.124  ;    ; RE   ; 1      ; BLK_CLK_BUF_X70_Y35_N0_I5             ; BLK_CLK_BUF              ;
;   11.005 ;   0.053  ;    ; RE   ; 1      ; ROWCLKSEL_PREBUF_X70_Y35_N0_I5        ; ROWCLKSEL_PREBUF         ;
;   11.060 ;   0.055  ;    ; RE   ; 1      ; ROWCLKSEL_X70_Y35_N0_I0               ; ROWCLKSEL                ;
;   11.060 ;   0.000  ;    ; RE   ; 1      ; GLOBAL_LOCAL_SEL_X70_Y35_N0_I0        ; GLOBAL_LOCAL_SEL         ;
;   11.060 ;   0.000  ;    ; RE   ; 5      ; LAB_INPUT_X70_Y35_N0_I0               ; LAB_INPUT                ;
;   11.059 ;   -0.001 ; RR ; IC   ; 1      ; FF_X70_Y35_N38                        ; state_array[4][3][3]|clk ;
;   11.623 ;   0.564  ; RR ; CELL ; 1      ; FF_X70_Y35_N38                        ; state_array[4][3][3]     ;
;   11.683 ;   0.060  ;    ;      ;        ;                                       ; clock pessimism removed  ;
; 11.583   ; -0.100   ;    ;      ;        ;                                       ; clock uncertainty        ;
; 11.583   ; 0.000    ;    ; uTsu ; 1      ; FF_X70_Y35_N38                        ; state_array[4][3][3]     ;
+----------+----------+----+------+--------+---------------------------------------+--------------------------+

----------------------------
; Extra Fitter Information ;
----------------------------
HTML report is unavailable in plain text report export.


Path #14: Setup slack is 0.343 
===============================================================================
+--------------------------------------------+
; Path Summary                               ;
+--------------------+-----------------------+
; Property           ; Value                 ;
+--------------------+-----------------------+
; From Node          ; state_array[4][3][56] ;
; To Node            ; state_array[0][3][28] ;
; Launch Clock       ; clk                   ;
; Latch Clock        ; clk                   ;
; Data Arrival Time  ; 11.240                ;
; Data Required Time ; 11.583                ;
; Slack              ; 0.343                 ;
+--------------------+-----------------------+

+------------------------------------------------------------------------------------+
; Statistics                                                                         ;
+------------------------+--------+-------+-------------+------------+-------+-------+
; Property               ; Value  ; Count ; Total Delay ; % of Total ; Min   ; Max   ;
+------------------------+--------+-------+-------------+------------+-------+-------+
; Setup Relationship     ; 7.407  ;       ;             ;            ;       ;       ;
; Clock Skew             ; -0.197 ;       ;             ;            ;       ;       ;
; Data Delay             ; 6.767  ;       ;             ;            ;       ;       ;
; Number of Logic Levels ;        ; 5     ;             ;            ;       ;       ;
; Physical Delays        ;        ;       ;             ;            ;       ;       ;
;  Arrival Path          ;        ;       ;             ;            ;       ;       ;
;   Clock                ;        ;       ;             ;            ;       ;       ;
;    IC                  ;        ; 3     ; 0.001       ; 0          ; 0.000 ; 0.001 ;
;    Cell                ;        ; 3     ; 1.901       ; 42         ; 0.507 ; 0.739 ;
;    Routing Element     ;        ; 26    ; 2.571       ; 57         ; 0.000 ; 0.821 ;
;   Data                 ;        ;       ;             ;            ;       ;       ;
;    IC                  ;        ; 6     ; 0.002       ; 0          ; 0.000 ; 0.001 ;
;    Cell                ;        ; 7     ; 1.494       ; 22         ; 0.000 ; 0.542 ;
;    uTco                ;        ; 1     ; 0.000       ; 0          ; 0.000 ; 0.000 ;
;    Routing Element     ;        ; 31    ; 5.271       ; 78         ; 0.000 ; 0.453 ;
;  Required Path         ;        ;       ;             ;            ;       ;       ;
;   Clock                ;        ;       ;             ;            ;       ;       ;
;    IC                  ;        ; 3     ; 0.001       ; 0          ; 0.000 ; 0.001 ;
;    Cell                ;        ; 3     ; 1.773       ; 42         ; 0.470 ; 0.739 ;
;    Routing Element     ;        ; 26    ; 2.442       ; 58         ; 0.000 ; 0.782 ;
+------------------------+--------+-------+-------------+------------+-------+-------+
Note: Negative delays are omitted from totals when calculating percentages

+---------------------------------------------------------------------------------------------------------------------------------+
; Data Arrival Path                                                                                                               ;
+----------+---------+----+------+--------+---------------------------------------+-----------------------------------------------+
; Total    ; Incr    ; RF ; Type ; Fanout ; Location                              ; Element                                       ;
+----------+---------+----+------+--------+---------------------------------------+-----------------------------------------------+
; 0.000    ; 0.000   ;    ;      ;        ;                                       ; launch edge time                              ;
; 4.473    ; 4.473   ;    ;      ;        ;                                       ; clock path                                    ;
;   0.000  ;   0.000 ;    ;      ;        ;                                       ; source latency                                ;
;   0.000  ;   0.000 ;    ;      ; 1      ; PIN_M16                               ; clk                                           ;
;   0.000  ;   0.000 ;    ; RE   ; 1      ; IOPAD_X89_Y35_N60                     ; ARRIAV_IO_PAD                                 ;
;   0.000  ;   0.000 ;    ; RE   ; 1      ; IO_PAD_OUTPUT_X89_Y35_N60_I1          ; IO_PAD_OUTPUT                                 ;
;   0.000  ;   0.000 ;    ; RE   ; 1      ; IO_INPUT_BUFFER_INPUT_X89_Y35_N61_I0  ; IO_INPUT_BUFFER_INPUT                         ;
;   0.000  ;   0.000 ; RR ; IC   ; 1      ; IOIBUF_X89_Y35_N61                    ; clk~input|i                                   ;
;   0.739  ;   0.739 ; RR ; CELL ; 1      ; IOIBUF_X89_Y35_N61                    ; clk~input|o                                   ;
;   0.739  ;   0.000 ;    ; RE   ; 1      ; IOIBUF_X89_Y35_N61                    ; ARRIAV_IO_IBUF                                ;
;   0.739  ;   0.000 ;    ; RE   ; 1      ; IO_INPUT_BUFFER_OUTPUT_X89_Y35_N61_I2 ; IO_INPUT_BUFFER_OUTPUT                        ;
;   0.739  ;   0.000 ;    ; RE   ; 1      ; IO_RE_X89_Y35_N60_I96                 ; IO_RE                                         ;
;   0.833  ;   0.094 ;    ; RE   ; 1      ; IO_RE_X89_Y35_N60_I66                 ; IO_RE                                         ;
;   1.125  ;   0.292 ;    ; RE   ; 1      ; CLKBUF_CLUSTER_RE_X89_Y39_N3_I421     ; CLKBUF_CLUSTER_RE                             ;
;   1.125  ;   0.000 ;    ; RE   ; 1      ; CLKBUF_CLUSTER_RE_X89_Y39_N3_I788     ; CLKBUF_CLUSTER_RE                             ;
;   1.125  ;   0.000 ;    ; RE   ; 1      ; CLKBUF_CLUSTER_RE_X89_Y39_N3_I621     ; CLKBUF_CLUSTER_RE                             ;
;   1.125  ;   0.000 ;    ; RE   ; 1      ; GCLK_CLUSTER_RE_X89_Y39_N9_I10        ; GCLK_CLUSTER_RE                               ;
;   1.125  ;   0.000 ;    ; RE   ; 1      ; CLKBUFBLOCK_INPUT_X89_Y39_N10_I0      ; CLKBUFBLOCK_INPUT                             ;
;   1.125  ;   0.000 ; RR ; IC   ; 1      ; CLKCTRL_G10                           ; clk~inputCLKENA0|inclk                        ;
;   1.632  ;   0.507 ; RR ; CELL ; 1674   ; CLKCTRL_G10                           ; clk~inputCLKENA0|outclk                       ;
;   1.632  ;   0.000 ;    ; RE   ; 1      ; CLKCTRL_G10                           ; ARRIAV_CLKBUF                                 ;
;   1.632  ;   0.000 ;    ; RE   ; 1      ; CLKBUFBLOCK_OUTPUT_X89_Y39_N10_I2     ; CLKBUFBLOCK_OUTPUT                            ;
;   1.632  ;   0.000 ;    ; RE   ; 1      ; GCLK_CLUSTER_RE_X89_Y39_N9_I12        ; GCLK_CLUSTER_RE                               ;
;   1.632  ;   0.000 ;    ; RE   ; 1      ; CLKBUF_CLUSTER_RE_X89_Y39_N3_I417     ; CLKBUF_CLUSTER_RE                             ;
;   2.453  ;   0.821 ;    ; RE   ; 5      ; GLOBAL_CLOCK_X0_Y36_N0_I10            ; GLOBAL_CLOCK                                  ;
;   2.592  ;   0.139 ;    ; RE   ; 16     ; SPINE_CLOCK_X55_Y19_N0_I11            ; SPINE_CLOCK                                   ;
;   2.997  ;   0.405 ;    ; RE   ; 1      ; SCLK_TO_ROWCLK_BUF_X55_Y27_N0_I66     ; SCLK_TO_ROWCLK_BUF                            ;
;   3.091  ;   0.094 ;    ; RE   ; 2      ; SCLK_TO_ROWCLK_BUF_X55_Y27_N0_I69     ; SCLK_TO_ROWCLK_BUF                            ;
;   3.568  ;   0.477 ;    ; RE   ; 8      ; LAB_CLK_X45_Y27_N0_I2                 ; LAB_CLK                                       ;
;   3.703  ;   0.135 ;    ; RE   ; 1      ; BLK_CLK_BUF_X50_Y27_N0_I2             ; BLK_CLK_BUF                                   ;
;   3.758  ;   0.055 ;    ; RE   ; 1      ; ROWCLKSEL_PREBUF_X50_Y27_N0_I2        ; ROWCLKSEL_PREBUF                              ;
;   3.817  ;   0.059 ;    ; RE   ; 1      ; ROWCLKSEL_X50_Y27_N0_I0               ; ROWCLKSEL                                     ;
;   3.817  ;   0.000 ;    ; RE   ; 1      ; GLOBAL_LOCAL_SEL_X50_Y27_N0_I0        ; GLOBAL_LOCAL_SEL                              ;
;   3.817  ;   0.000 ;    ; RE   ; 4      ; LAB_INPUT_X50_Y27_N0_I0               ; LAB_INPUT                                     ;
;   3.818  ;   0.001 ; RR ; IC   ; 1      ; FF_X50_Y27_N38                        ; state_array[4][3][56]|clk                     ;
;   4.473  ;   0.655 ; RR ; CELL ; 1      ; FF_X50_Y27_N38                        ; state_array[4][3][56]                         ;
; 11.240   ; 6.767   ;    ;      ;        ;                                       ; data path                                     ;
;   4.473  ;   0.000 ;    ; uTco ; 1      ; FF_X50_Y27_N38                        ; state_array[4][3][56]                         ;
;   4.473  ;   0.000 ; FF ; CELL ; 6      ; FF_X50_Y27_N38                        ; state_array[4][3][56]|q                       ;
;   4.532  ;   0.059 ;    ; RE   ; 2      ; FF_X50_Y27_N38                        ; ARRIAV_FF                                     ;
;   4.636  ;   0.104 ;    ; RE   ; 2      ; LE_BUFFER_X50_Y27_N0_I25              ; LE_BUFFER                                     ;
;   4.881  ;   0.245 ;    ; RE   ; 1      ; C2_X49_Y25_N0_I14                     ; V_SEG2                                        ;
;   5.311  ;   0.430 ;    ; RE   ; 2      ; R6_X50_Y25_N0_I7                      ; H_SEG6                                        ;
;   5.595  ;   0.284 ;    ; RE   ; 1      ; LOCAL_INTERCONNECT_X56_Y25_N0_I14     ; LAB_LINE                                      ;
;   5.725  ;   0.130 ;    ; RE   ; 1      ; BLOCK_INPUT_MUX_X56_Y25_N0_I54        ; LEIM_INPUT                                    ;
;   5.726  ;   0.001 ; FF ; IC   ; 1      ; LABCELL_X56_Y25_N39                   ; KSU|u_theta|C[4][56]|datae                    ;
;   6.080  ;   0.354 ; FF ; CELL ; 2      ; LABCELL_X56_Y25_N39                   ; KSU|u_theta|C[4][56]|combout                  ;
;   6.080  ;   0.000 ;    ; RE   ; 2      ; LABCELL_X56_Y25_N39                   ; ARRIAV_LCELL_COMB                             ;
;   6.163  ;   0.083 ;    ; RE   ; 1      ; LE_BUFFER_X56_Y25_N0_I26              ; LE_BUFFER                                     ;
;   6.368  ;   0.205 ;    ; RE   ; 1      ; C4_X56_Y26_N0_I0                      ; V_SEG4                                        ;
;   6.821  ;   0.453 ;    ; RE   ; 1      ; R6_X57_Y26_N0_I8                      ; H_SEG6                                        ;
;   7.097  ;   0.276 ;    ; RE   ; 1      ; LOCAL_INTERCONNECT_X62_Y26_N0_I30     ; LAB_LINE                                      ;
;   7.220  ;   0.123 ;    ; RE   ; 1      ; BLOCK_INPUT_MUX_X62_Y26_N0_I65        ; LEIM_INPUT                                    ;
;   7.220  ;   0.000 ; FF ; IC   ; 1      ; LABCELL_X62_Y26_N48                   ; KSU|u_theta|state_array_o[0][4][56]~0|dataf   ;
;   7.317  ;   0.097 ; FF ; CELL ; 6      ; LABCELL_X62_Y26_N48                   ; KSU|u_theta|state_array_o[0][4][56]~0|combout ;
;   7.317  ;   0.000 ;    ; RE   ; 3      ; LABCELL_X62_Y26_N48                   ; ARRIAV_LCELL_COMB                             ;
;   7.399  ;   0.082 ;    ; RE   ; 1      ; LE_BUFFER_X62_Y26_N0_I32              ; LE_BUFFER                                     ;
;   7.602  ;   0.203 ;    ; RE   ; 2      ; C2_X62_Y24_N0_I21                     ; V_SEG2                                        ;
;   7.840  ;   0.238 ;    ; RE   ; 1      ; R3_X63_Y25_N0_I4                      ; H_SEG3                                        ;
;   8.067  ;   0.227 ;    ; RE   ; 2      ; R3_X66_Y25_N0_I9                      ; H_SEG3                                        ;
;   8.278  ;   0.211 ;    ; RE   ; 1      ; LOCAL_INTERCONNECT_X67_Y25_N0_I18     ; LAB_LINE                                      ;
;   8.412  ;   0.134 ;    ; RE   ; 1      ; BLOCK_INPUT_MUX_X67_Y25_N0_I55        ; LEIM_INPUT                                    ;
;   8.412  ;   0.000 ; FF ; IC   ; 1      ; LABCELL_X67_Y25_N39                   ; KSU|u_theta|state_array_o[0][1][56]|dataf     ;
;   8.520  ;   0.108 ; FR ; CELL ; 3      ; LABCELL_X67_Y25_N39                   ; KSU|u_theta|state_array_o[0][1][56]|combout   ;
;   8.520  ;   0.000 ;    ; RE   ; 2      ; LABCELL_X67_Y25_N39                   ; ARRIAV_LCELL_COMB                             ;
;   8.668  ;   0.148 ;    ; RE   ; 2      ; LOCAL_LINE_X67_Y25_N0_I13             ; LOCAL_LINE                                    ;
;   8.848  ;   0.180 ;    ; RE   ; 1      ; BLOCK_INPUT_MUX_X67_Y25_N0_I5         ; LEIM_INPUT                                    ;
;   8.848  ;   0.000 ; RR ; IC   ; 1      ; LABCELL_X67_Y25_N3                    ; KSU|u_chi|state_array_o[0][3][28]|datac       ;
;   9.390  ;   0.542 ; RF ; CELL ; 1      ; LABCELL_X67_Y25_N3                    ; KSU|u_chi|state_array_o[0][3][28]|combout     ;
;   9.390  ;   0.000 ;    ; RE   ; 1      ; LABCELL_X67_Y25_N3                    ; ARRIAV_LCELL_COMB                             ;
;   9.471  ;   0.081 ;    ; RE   ; 1      ; LE_BUFFER_X67_Y25_N0_I2               ; LE_BUFFER                                     ;
;   9.686  ;   0.215 ;    ; RE   ; 1      ; C2_X67_Y26_N0_I2                      ; V_SEG2                                        ;
;   9.911  ;   0.225 ;    ; RE   ; 1      ; C2_X67_Y28_N0_I2                      ; V_SEG2                                        ;
;   10.247 ;   0.336 ;    ; RE   ; 1      ; C4_X67_Y29_N0_I3                      ; V_SEG4                                        ;
;   10.542 ;   0.295 ;    ; RE   ; 1      ; R3_X65_Y32_N0_I20                     ; H_SEG3                                        ;
;   10.724 ;   0.182 ;    ; RE   ; 1      ; LOCAL_INTERCONNECT_X67_Y32_N0_I28     ; LAB_LINE                                      ;
;   10.846 ;   0.122 ;    ; RE   ; 1      ; BLOCK_INPUT_MUX_X67_Y32_N0_I17        ; LEIM_INPUT                                    ;
;   10.847 ;   0.001 ; FF ; IC   ; 1      ; LABCELL_X67_Y32_N12                   ; state_array~964|dataf                         ;
;   10.933 ;   0.086 ; FF ; CELL ; 1      ; LABCELL_X67_Y32_N12                   ; state_array~964|combout                       ;
;   10.933 ;   0.000 ;    ; RE   ; 1      ; LABCELL_X67_Y32_N12                   ; ARRIAV_LCELL_COMB                             ;
;   10.933 ;   0.000 ; FF ; IC   ; 1      ; FF_X67_Y32_N14                        ; state_array[0][3][28]|d                       ;
;   11.240 ;   0.307 ; FF ; CELL ; 1      ; FF_X67_Y32_N14                        ; state_array[0][3][28]                         ;
+----------+---------+----+------+--------+---------------------------------------+-----------------------------------------------+

+-------------------------------------------------------------------------------------------------------------+
; Data Required Path                                                                                          ;
+----------+---------+----+------+--------+---------------------------------------+---------------------------+
; Total    ; Incr    ; RF ; Type ; Fanout ; Location                              ; Element                   ;
+----------+---------+----+------+--------+---------------------------------------+---------------------------+
; 7.407    ; 7.407   ;    ;      ;        ;                                       ; latch edge time           ;
; 11.683   ; 4.276   ;    ;      ;        ;                                       ; clock path                ;
;   7.407  ;   0.000 ;    ;      ;        ;                                       ; source latency            ;
;   7.407  ;   0.000 ;    ;      ; 1      ; PIN_M16                               ; clk                       ;
;   7.407  ;   0.000 ;    ; RE   ; 1      ; IOPAD_X89_Y35_N60                     ; ARRIAV_IO_PAD             ;
;   7.407  ;   0.000 ;    ; RE   ; 1      ; IO_PAD_OUTPUT_X89_Y35_N60_I1          ; IO_PAD_OUTPUT             ;
;   7.407  ;   0.000 ;    ; RE   ; 1      ; IO_INPUT_BUFFER_INPUT_X89_Y35_N61_I0  ; IO_INPUT_BUFFER_INPUT     ;
;   7.407  ;   0.000 ; RR ; IC   ; 1      ; IOIBUF_X89_Y35_N61                    ; clk~input|i               ;
;   8.146  ;   0.739 ; RR ; CELL ; 1      ; IOIBUF_X89_Y35_N61                    ; clk~input|o               ;
;   8.146  ;   0.000 ;    ; RE   ; 1      ; IOIBUF_X89_Y35_N61                    ; ARRIAV_IO_IBUF            ;
;   8.146  ;   0.000 ;    ; RE   ; 1      ; IO_INPUT_BUFFER_OUTPUT_X89_Y35_N61_I2 ; IO_INPUT_BUFFER_OUTPUT    ;
;   8.146  ;   0.000 ;    ; RE   ; 1      ; IO_RE_X89_Y35_N60_I96                 ; IO_RE                     ;
;   8.234  ;   0.088 ;    ; RE   ; 1      ; IO_RE_X89_Y35_N60_I66                 ; IO_RE                     ;
;   8.509  ;   0.275 ;    ; RE   ; 1      ; CLKBUF_CLUSTER_RE_X89_Y39_N3_I421     ; CLKBUF_CLUSTER_RE         ;
;   8.509  ;   0.000 ;    ; RE   ; 1      ; CLKBUF_CLUSTER_RE_X89_Y39_N3_I788     ; CLKBUF_CLUSTER_RE         ;
;   8.509  ;   0.000 ;    ; RE   ; 1      ; CLKBUF_CLUSTER_RE_X89_Y39_N3_I621     ; CLKBUF_CLUSTER_RE         ;
;   8.509  ;   0.000 ;    ; RE   ; 1      ; GCLK_CLUSTER_RE_X89_Y39_N9_I10        ; GCLK_CLUSTER_RE           ;
;   8.509  ;   0.000 ;    ; RE   ; 1      ; CLKBUFBLOCK_INPUT_X89_Y39_N10_I0      ; CLKBUFBLOCK_INPUT         ;
;   8.509  ;   0.000 ; RR ; IC   ; 1      ; CLKCTRL_G10                           ; clk~inputCLKENA0|inclk    ;
;   8.979  ;   0.470 ; RR ; CELL ; 1674   ; CLKCTRL_G10                           ; clk~inputCLKENA0|outclk   ;
;   8.979  ;   0.000 ;    ; RE   ; 1      ; CLKCTRL_G10                           ; ARRIAV_CLKBUF             ;
;   8.979  ;   0.000 ;    ; RE   ; 1      ; CLKBUFBLOCK_OUTPUT_X89_Y39_N10_I2     ; CLKBUFBLOCK_OUTPUT        ;
;   8.979  ;   0.000 ;    ; RE   ; 1      ; GCLK_CLUSTER_RE_X89_Y39_N9_I12        ; GCLK_CLUSTER_RE           ;
;   8.979  ;   0.000 ;    ; RE   ; 1      ; CLKBUF_CLUSTER_RE_X89_Y39_N3_I417     ; CLKBUF_CLUSTER_RE         ;
;   9.761  ;   0.782 ;    ; RE   ; 5      ; GLOBAL_CLOCK_X0_Y36_N0_I10            ; GLOBAL_CLOCK              ;
;   9.903  ;   0.142 ;    ; RE   ; 15     ; SPINE_CLOCK_X77_Y19_N0_I16            ; SPINE_CLOCK               ;
;   10.293 ;   0.390 ;    ; RE   ; 1      ; SCLK_TO_ROWCLK_BUF_X77_Y32_N0_I97     ; SCLK_TO_ROWCLK_BUF        ;
;   10.374 ;   0.081 ;    ; RE   ; 1      ; SCLK_TO_ROWCLK_BUF_X77_Y32_N0_I100    ; SCLK_TO_ROWCLK_BUF        ;
;   10.827 ;   0.453 ;    ; RE   ; 8      ; LAB_CLK_X67_Y32_N0_I5                 ; LAB_CLK                   ;
;   10.950 ;   0.123 ;    ; RE   ; 1      ; BLK_CLK_BUF_X67_Y32_N0_I5             ; BLK_CLK_BUF               ;
;   11.003 ;   0.053 ;    ; RE   ; 1      ; ROWCLKSEL_PREBUF_X67_Y32_N0_I5        ; ROWCLKSEL_PREBUF          ;
;   11.058 ;   0.055 ;    ; RE   ; 1      ; ROWCLKSEL_X67_Y32_N0_I0               ; ROWCLKSEL                 ;
;   11.058 ;   0.000 ;    ; RE   ; 1      ; GLOBAL_LOCAL_SEL_X67_Y32_N0_I0        ; GLOBAL_LOCAL_SEL          ;
;   11.058 ;   0.000 ;    ; RE   ; 9      ; LAB_INPUT_X67_Y32_N0_I0               ; LAB_INPUT                 ;
;   11.059 ;   0.001 ; RR ; IC   ; 1      ; FF_X67_Y32_N14                        ; state_array[0][3][28]|clk ;
;   11.623 ;   0.564 ; RR ; CELL ; 1      ; FF_X67_Y32_N14                        ; state_array[0][3][28]     ;
;   11.683 ;   0.060 ;    ;      ;        ;                                       ; clock pessimism removed   ;
; 11.583   ; -0.100  ;    ;      ;        ;                                       ; clock uncertainty         ;
; 11.583   ; 0.000   ;    ; uTsu ; 1      ; FF_X67_Y32_N14                        ; state_array[0][3][28]     ;
+----------+---------+----+------+--------+---------------------------------------+---------------------------+

----------------------------
; Extra Fitter Information ;
----------------------------
HTML report is unavailable in plain text report export.


Path #15: Setup slack is 0.359 
===============================================================================
+--------------------------------------------+
; Path Summary                               ;
+--------------------+-----------------------+
; Property           ; Value                 ;
+--------------------+-----------------------+
; From Node          ; state_array[4][4][51] ;
; To Node            ; state_array[3][0][9]  ;
; Launch Clock       ; clk                   ;
; Latch Clock        ; clk                   ;
; Data Arrival Time  ; 11.219                ;
; Data Required Time ; 11.578                ;
; Slack              ; 0.359                 ;
+--------------------+-----------------------+

+-------------------------------------------------------------------------------------+
; Statistics                                                                          ;
+------------------------+--------+-------+-------------+------------+--------+-------+
; Property               ; Value  ; Count ; Total Delay ; % of Total ; Min    ; Max   ;
+------------------------+--------+-------+-------------+------------+--------+-------+
; Setup Relationship     ; 7.407  ;       ;             ;            ;        ;       ;
; Clock Skew             ; -0.222 ;       ;             ;            ;        ;       ;
; Data Delay             ; 6.726  ;       ;             ;            ;        ;       ;
; Number of Logic Levels ;        ; 4     ;             ;            ;        ;       ;
; Physical Delays        ;        ;       ;             ;            ;        ;       ;
;  Arrival Path          ;        ;       ;             ;            ;        ;       ;
;   Clock                ;        ;       ;             ;            ;        ;       ;
;    IC                  ;        ; 3     ; 0.001       ; 0          ; 0.000  ; 0.001 ;
;    Cell                ;        ; 3     ; 1.908       ; 42         ; 0.507  ; 0.739 ;
;    Routing Element     ;        ; 26    ; 2.584       ; 58         ; 0.000  ; 0.821 ;
;   Data                 ;        ;       ;             ;            ;        ;       ;
;    IC                  ;        ; 5     ; 0.001       ; 0          ; -0.001 ; 0.001 ;
;    Cell                ;        ; 6     ; 1.196       ; 18         ; 0.000  ; 0.602 ;
;    uTco                ;        ; 1     ; 0.000       ; 0          ; 0.000  ; 0.000 ;
;    Routing Element     ;        ; 29    ; 5.529       ; 82         ; 0.000  ; 0.452 ;
;  Required Path         ;        ;       ;             ;            ;        ;       ;
;   Clock                ;        ;       ;             ;            ;        ;       ;
;    IC                  ;        ; 3     ; 0.000       ; 0          ; 0.000  ; 0.000 ;
;    Cell                ;        ; 3     ; 1.773       ; 42         ; 0.470  ; 0.739 ;
;    Routing Element     ;        ; 26    ; 2.438       ; 58         ; 0.000  ; 0.782 ;
+------------------------+--------+-------+-------------+------------+--------+-------+
Note: Negative delays are omitted from totals when calculating percentages

+--------------------------------------------------------------------------------------------------------------------------------------+
; Data Arrival Path                                                                                                                    ;
+----------+----------+----+------+--------+-------------------------------------------+-----------------------------------------------+
; Total    ; Incr     ; RF ; Type ; Fanout ; Location                                  ; Element                                       ;
+----------+----------+----+------+--------+-------------------------------------------+-----------------------------------------------+
; 0.000    ; 0.000    ;    ;      ;        ;                                           ; launch edge time                              ;
; 4.493    ; 4.493    ;    ;      ;        ;                                           ; clock path                                    ;
;   0.000  ;   0.000  ;    ;      ;        ;                                           ; source latency                                ;
;   0.000  ;   0.000  ;    ;      ; 1      ; PIN_M16                                   ; clk                                           ;
;   0.000  ;   0.000  ;    ; RE   ; 1      ; IOPAD_X89_Y35_N60                         ; ARRIAV_IO_PAD                                 ;
;   0.000  ;   0.000  ;    ; RE   ; 1      ; IO_PAD_OUTPUT_X89_Y35_N60_I1              ; IO_PAD_OUTPUT                                 ;
;   0.000  ;   0.000  ;    ; RE   ; 1      ; IO_INPUT_BUFFER_INPUT_X89_Y35_N61_I0      ; IO_INPUT_BUFFER_INPUT                         ;
;   0.000  ;   0.000  ; RR ; IC   ; 1      ; IOIBUF_X89_Y35_N61                        ; clk~input|i                                   ;
;   0.739  ;   0.739  ; RR ; CELL ; 1      ; IOIBUF_X89_Y35_N61                        ; clk~input|o                                   ;
;   0.739  ;   0.000  ;    ; RE   ; 1      ; IOIBUF_X89_Y35_N61                        ; ARRIAV_IO_IBUF                                ;
;   0.739  ;   0.000  ;    ; RE   ; 1      ; IO_INPUT_BUFFER_OUTPUT_X89_Y35_N61_I2     ; IO_INPUT_BUFFER_OUTPUT                        ;
;   0.739  ;   0.000  ;    ; RE   ; 1      ; IO_RE_X89_Y35_N60_I96                     ; IO_RE                                         ;
;   0.833  ;   0.094  ;    ; RE   ; 1      ; IO_RE_X89_Y35_N60_I66                     ; IO_RE                                         ;
;   1.125  ;   0.292  ;    ; RE   ; 1      ; CLKBUF_CLUSTER_RE_X89_Y39_N3_I421         ; CLKBUF_CLUSTER_RE                             ;
;   1.125  ;   0.000  ;    ; RE   ; 1      ; CLKBUF_CLUSTER_RE_X89_Y39_N3_I788         ; CLKBUF_CLUSTER_RE                             ;
;   1.125  ;   0.000  ;    ; RE   ; 1      ; CLKBUF_CLUSTER_RE_X89_Y39_N3_I621         ; CLKBUF_CLUSTER_RE                             ;
;   1.125  ;   0.000  ;    ; RE   ; 1      ; GCLK_CLUSTER_RE_X89_Y39_N9_I10            ; GCLK_CLUSTER_RE                               ;
;   1.125  ;   0.000  ;    ; RE   ; 1      ; CLKBUFBLOCK_INPUT_X89_Y39_N10_I0          ; CLKBUFBLOCK_INPUT                             ;
;   1.125  ;   0.000  ; RR ; IC   ; 1      ; CLKCTRL_G10                               ; clk~inputCLKENA0|inclk                        ;
;   1.632  ;   0.507  ; RR ; CELL ; 1674   ; CLKCTRL_G10                               ; clk~inputCLKENA0|outclk                       ;
;   1.632  ;   0.000  ;    ; RE   ; 1      ; CLKCTRL_G10                               ; ARRIAV_CLKBUF                                 ;
;   1.632  ;   0.000  ;    ; RE   ; 1      ; CLKBUFBLOCK_OUTPUT_X89_Y39_N10_I2         ; CLKBUFBLOCK_OUTPUT                            ;
;   1.632  ;   0.000  ;    ; RE   ; 1      ; GCLK_CLUSTER_RE_X89_Y39_N9_I12            ; GCLK_CLUSTER_RE                               ;
;   1.632  ;   0.000  ;    ; RE   ; 1      ; CLKBUF_CLUSTER_RE_X89_Y39_N3_I417         ; CLKBUF_CLUSTER_RE                             ;
;   2.453  ;   0.821  ;    ; RE   ; 5      ; GLOBAL_CLOCK_X0_Y36_N0_I10                ; GLOBAL_CLOCK                                  ;
;   2.600  ;   0.147  ;    ; RE   ; 16     ; SPINE_CLOCK_X55_Y19_N0_I11                ; SPINE_CLOCK                                   ;
;   3.004  ;   0.404  ;    ; RE   ; 1      ; SCLK_TO_ROWCLK_BUF_X55_Y32_N0_I67         ; SCLK_TO_ROWCLK_BUF                            ;
;   3.098  ;   0.094  ;    ; RE   ; 2      ; SCLK_TO_ROWCLK_BUF_X55_Y32_N0_I70         ; SCLK_TO_ROWCLK_BUF                            ;
;   3.575  ;   0.477  ;    ; RE   ; 8      ; LAB_CLK_X56_Y32_N0_I5                     ; LAB_CLK                                       ;
;   3.715  ;   0.140  ;    ; RE   ; 1      ; BLK_CLK_BUF_X56_Y32_N0_I5                 ; BLK_CLK_BUF                                   ;
;   3.771  ;   0.056  ;    ; RE   ; 1      ; ROWCLKSEL_PREBUF_X56_Y32_N0_I5            ; ROWCLKSEL_PREBUF                              ;
;   3.830  ;   0.059  ;    ; RE   ; 1      ; ROWCLKSEL_X56_Y32_N0_I0                   ; ROWCLKSEL                                     ;
;   3.830  ;   0.000  ;    ; RE   ; 1      ; GLOBAL_LOCAL_SEL_X56_Y32_N0_I0            ; GLOBAL_LOCAL_SEL                              ;
;   3.830  ;   0.000  ;    ; RE   ; 5      ; LAB_INPUT_X56_Y32_N0_I0                   ; LAB_INPUT                                     ;
;   3.831  ;   0.001  ; RR ; IC   ; 1      ; FF_X56_Y32_N29                            ; state_array[4][4][51]|clk                     ;
;   4.493  ;   0.662  ; RR ; CELL ; 1      ; FF_X56_Y32_N29                            ; state_array[4][4][51]                         ;
; 11.219   ; 6.726    ;    ;      ;        ;                                           ; data path                                     ;
;   4.493  ;   0.000  ;    ; uTco ; 1      ; FF_X56_Y32_N29                            ; state_array[4][4][51]                         ;
;   4.493  ;   0.000  ; FF ; CELL ; 6      ; FF_X56_Y32_N29                            ; state_array[4][4][51]|q                       ;
;   4.553  ;   0.060  ;    ; RE   ; 2      ; FF_X56_Y32_N29                            ; ARRIAV_FF                                     ;
;   4.680  ;   0.127  ;    ; RE   ; 1      ; LE_BUFFER_X56_Y32_N0_I19                  ; LE_BUFFER                                     ;
;   4.997  ;   0.317  ;    ; RE   ; 1      ; R3_X56_Y32_N0_I11                         ; H_SEG3                                        ;
;   4.997  ;   0.000  ;    ; RE   ; 3      ; R14_C12_INTERCONNECT_DRIVER_X56_Y32_N0_I3 ; WIRE_MUX                                      ;
;   5.449  ;   0.452  ;    ; RE   ; 1      ; C12_X56_Y33_N0_I0                         ; V_SEG12                                       ;
;   5.827  ;   0.378  ;    ; RE   ; 1      ; C2_X56_Y39_N0_I18                         ; V_SEG2                                        ;
;   6.022  ;   0.195  ;    ; RE   ; 1      ; LOCAL_INTERCONNECT_X57_Y39_N0_I0          ; LAB_LINE                                      ;
;   6.155  ;   0.133  ;    ; RE   ; 1      ; BLOCK_INPUT_MUX_X57_Y39_N0_I13            ; LEIM_INPUT                                    ;
;   6.154  ;   -0.001 ; FF ; IC   ; 1      ; LABCELL_X57_Y39_N6                        ; KSU|u_theta|C[4][51]|datad                    ;
;   6.756  ;   0.602  ; FF ; CELL ; 2      ; LABCELL_X57_Y39_N6                        ; KSU|u_theta|C[4][51]|combout                  ;
;   6.756  ;   0.000  ;    ; RE   ; 2      ; LABCELL_X57_Y39_N6                        ; ARRIAV_LCELL_COMB                             ;
;   6.849  ;   0.093  ;    ; RE   ; 1      ; LE_BUFFER_X57_Y39_N0_I5                   ; LE_BUFFER                                     ;
;   7.215  ;   0.366  ;    ; RE   ; 1      ; C4_X56_Y35_N0_I5                          ; V_SEG4                                        ;
;   7.614  ;   0.399  ;    ; RE   ; 1      ; R3_X57_Y36_N0_I9                          ; H_SEG3                                        ;
;   7.882  ;   0.268  ;    ; RE   ; 1      ; R3_X60_Y36_N0_I7                          ; H_SEG3                                        ;
;   8.076  ;   0.194  ;    ; RE   ; 1      ; LOCAL_INTERCONNECT_X61_Y36_N0_I21         ; LAB_LINE                                      ;
;   8.205  ;   0.129  ;    ; RE   ; 1      ; BLOCK_INPUT_MUX_X61_Y36_N0_I39            ; LEIM_INPUT                                    ;
;   8.206  ;   0.001  ; FF ; IC   ; 1      ; LABCELL_X61_Y36_N27                       ; KSU|u_theta|state_array_o[3][0][52]~0|dataf   ;
;   8.296  ;   0.090  ; FF ; CELL ; 15     ; LABCELL_X61_Y36_N27                       ; KSU|u_theta|state_array_o[3][0][52]~0|combout ;
;   8.296  ;   0.000  ;    ; RE   ; 2      ; LABCELL_X61_Y36_N27                       ; ARRIAV_LCELL_COMB                             ;
;   8.375  ;   0.079  ;    ; RE   ; 1      ; LE_BUFFER_X61_Y36_N0_I18                  ; LE_BUFFER                                     ;
;   8.588  ;   0.213  ;    ; RE   ; 3      ; R3_X62_Y36_N0_I9                          ; H_SEG3                                        ;
;   8.588  ;   0.000  ;    ; RE   ; 2      ; R14_C12_INTERCONNECT_DRIVER_X62_Y36_N0_I3 ; WIRE_MUX                                      ;
;   8.972  ;   0.384  ;    ; RE   ; 3      ; C12_X62_Y24_N0_I1                         ; V_SEG12                                       ;
;   9.395  ;   0.423  ;    ; RE   ; 1      ; R6_X63_Y30_N0_I14                         ; H_SEG6                                        ;
;   9.653  ;   0.258  ;    ; RE   ; 1      ; C2_X68_Y31_N0_I10                         ; V_SEG2                                        ;
;   10.024 ;   0.371  ;    ; RE   ; 1      ; R6_X69_Y31_N0_I8                          ; H_SEG6                                        ;
;   10.297 ;   0.273  ;    ; RE   ; 3      ; LOCAL_INTERCONNECT_X74_Y31_N0_I30         ; LAB_LINE                                      ;
;   10.430 ;   0.133  ;    ; RE   ; 1      ; BLOCK_INPUT_MUX_X74_Y31_N0_I9             ; LEIM_INPUT                                    ;
;   10.431 ;   0.001  ; FF ; IC   ; 1      ; LABCELL_X74_Y31_N6                        ; KSU|u_chi|state_array_o[3][0][9]|dataf        ;
;   10.535 ;   0.104  ; FR ; CELL ; 1      ; LABCELL_X74_Y31_N6                        ; KSU|u_chi|state_array_o[3][0][9]|combout      ;
;   10.535 ;   0.000  ;    ; RE   ; 1      ; LABCELL_X74_Y31_N6                        ; ARRIAV_LCELL_COMB                             ;
;   10.654 ;   0.119  ;    ; RE   ; 1      ; LOCAL_LINE_X74_Y31_N0_I2                  ; LOCAL_LINE                                    ;
;   10.819 ;   0.165  ;    ; RE   ; 1      ; BLOCK_INPUT_MUX_X74_Y31_N0_I73            ; LEIM_INPUT                                    ;
;   10.819 ;   0.000  ; RR ; IC   ; 1      ; LABCELL_X74_Y31_N54                       ; state_array~330|dataf                         ;
;   10.913 ;   0.094  ; RR ; CELL ; 1      ; LABCELL_X74_Y31_N54                       ; state_array~330|combout                       ;
;   10.913 ;   0.000  ;    ; RE   ; 1      ; LABCELL_X74_Y31_N54                       ; ARRIAV_LCELL_COMB                             ;
;   10.913 ;   0.000  ; RR ; IC   ; 1      ; FF_X74_Y31_N56                            ; state_array[3][0][9]|d                        ;
;   11.219 ;   0.306  ; RR ; CELL ; 1      ; FF_X74_Y31_N56                            ; state_array[3][0][9]                          ;
+----------+----------+----+------+--------+-------------------------------------------+-----------------------------------------------+

+------------------------------------------------------------------------------------------------------------+
; Data Required Path                                                                                         ;
+----------+---------+----+------+--------+---------------------------------------+--------------------------+
; Total    ; Incr    ; RF ; Type ; Fanout ; Location                              ; Element                  ;
+----------+---------+----+------+--------+---------------------------------------+--------------------------+
; 7.407    ; 7.407   ;    ;      ;        ;                                       ; latch edge time          ;
; 11.678   ; 4.271   ;    ;      ;        ;                                       ; clock path               ;
;   7.407  ;   0.000 ;    ;      ;        ;                                       ; source latency           ;
;   7.407  ;   0.000 ;    ;      ; 1      ; PIN_M16                               ; clk                      ;
;   7.407  ;   0.000 ;    ; RE   ; 1      ; IOPAD_X89_Y35_N60                     ; ARRIAV_IO_PAD            ;
;   7.407  ;   0.000 ;    ; RE   ; 1      ; IO_PAD_OUTPUT_X89_Y35_N60_I1          ; IO_PAD_OUTPUT            ;
;   7.407  ;   0.000 ;    ; RE   ; 1      ; IO_INPUT_BUFFER_INPUT_X89_Y35_N61_I0  ; IO_INPUT_BUFFER_INPUT    ;
;   7.407  ;   0.000 ; RR ; IC   ; 1      ; IOIBUF_X89_Y35_N61                    ; clk~input|i              ;
;   8.146  ;   0.739 ; RR ; CELL ; 1      ; IOIBUF_X89_Y35_N61                    ; clk~input|o              ;
;   8.146  ;   0.000 ;    ; RE   ; 1      ; IOIBUF_X89_Y35_N61                    ; ARRIAV_IO_IBUF           ;
;   8.146  ;   0.000 ;    ; RE   ; 1      ; IO_INPUT_BUFFER_OUTPUT_X89_Y35_N61_I2 ; IO_INPUT_BUFFER_OUTPUT   ;
;   8.146  ;   0.000 ;    ; RE   ; 1      ; IO_RE_X89_Y35_N60_I96                 ; IO_RE                    ;
;   8.234  ;   0.088 ;    ; RE   ; 1      ; IO_RE_X89_Y35_N60_I66                 ; IO_RE                    ;
;   8.509  ;   0.275 ;    ; RE   ; 1      ; CLKBUF_CLUSTER_RE_X89_Y39_N3_I421     ; CLKBUF_CLUSTER_RE        ;
;   8.509  ;   0.000 ;    ; RE   ; 1      ; CLKBUF_CLUSTER_RE_X89_Y39_N3_I788     ; CLKBUF_CLUSTER_RE        ;
;   8.509  ;   0.000 ;    ; RE   ; 1      ; CLKBUF_CLUSTER_RE_X89_Y39_N3_I621     ; CLKBUF_CLUSTER_RE        ;
;   8.509  ;   0.000 ;    ; RE   ; 1      ; GCLK_CLUSTER_RE_X89_Y39_N9_I10        ; GCLK_CLUSTER_RE          ;
;   8.509  ;   0.000 ;    ; RE   ; 1      ; CLKBUFBLOCK_INPUT_X89_Y39_N10_I0      ; CLKBUFBLOCK_INPUT        ;
;   8.509  ;   0.000 ; RR ; IC   ; 1      ; CLKCTRL_G10                           ; clk~inputCLKENA0|inclk   ;
;   8.979  ;   0.470 ; RR ; CELL ; 1674   ; CLKCTRL_G10                           ; clk~inputCLKENA0|outclk  ;
;   8.979  ;   0.000 ;    ; RE   ; 1      ; CLKCTRL_G10                           ; ARRIAV_CLKBUF            ;
;   8.979  ;   0.000 ;    ; RE   ; 1      ; CLKBUFBLOCK_OUTPUT_X89_Y39_N10_I2     ; CLKBUFBLOCK_OUTPUT       ;
;   8.979  ;   0.000 ;    ; RE   ; 1      ; GCLK_CLUSTER_RE_X89_Y39_N9_I12        ; GCLK_CLUSTER_RE          ;
;   8.979  ;   0.000 ;    ; RE   ; 1      ; CLKBUF_CLUSTER_RE_X89_Y39_N3_I417     ; CLKBUF_CLUSTER_RE        ;
;   9.761  ;   0.782 ;    ; RE   ; 5      ; GLOBAL_CLOCK_X0_Y36_N0_I10            ; GLOBAL_CLOCK             ;
;   9.901  ;   0.140 ;    ; RE   ; 15     ; SPINE_CLOCK_X77_Y19_N0_I16            ; SPINE_CLOCK              ;
;   10.291 ;   0.390 ;    ; RE   ; 1      ; SCLK_TO_ROWCLK_BUF_X77_Y31_N0_I97     ; SCLK_TO_ROWCLK_BUF       ;
;   10.372 ;   0.081 ;    ; RE   ; 1      ; SCLK_TO_ROWCLK_BUF_X77_Y31_N0_I100    ; SCLK_TO_ROWCLK_BUF       ;
;   10.823 ;   0.451 ;    ; RE   ; 7      ; LAB_CLK_X67_Y31_N0_I5                 ; LAB_CLK                  ;
;   10.947 ;   0.124 ;    ; RE   ; 1      ; BLK_CLK_BUF_X74_Y31_N0_I5             ; BLK_CLK_BUF              ;
;   11.000 ;   0.053 ;    ; RE   ; 1      ; ROWCLKSEL_PREBUF_X74_Y31_N0_I5        ; ROWCLKSEL_PREBUF         ;
;   11.054 ;   0.054 ;    ; RE   ; 1      ; ROWCLKSEL_X74_Y31_N0_I0               ; ROWCLKSEL                ;
;   11.054 ;   0.000 ;    ; RE   ; 1      ; GLOBAL_LOCAL_SEL_X74_Y31_N0_I0        ; GLOBAL_LOCAL_SEL         ;
;   11.054 ;   0.000 ;    ; RE   ; 5      ; LAB_INPUT_X74_Y31_N0_I0               ; LAB_INPUT                ;
;   11.054 ;   0.000 ; RR ; IC   ; 1      ; FF_X74_Y31_N56                        ; state_array[3][0][9]|clk ;
;   11.618 ;   0.564 ; RR ; CELL ; 1      ; FF_X74_Y31_N56                        ; state_array[3][0][9]     ;
;   11.678 ;   0.060 ;    ;      ;        ;                                       ; clock pessimism removed  ;
; 11.578   ; -0.100  ;    ;      ;        ;                                       ; clock uncertainty        ;
; 11.578   ; 0.000   ;    ; uTsu ; 1      ; FF_X74_Y31_N56                        ; state_array[3][0][9]     ;
+----------+---------+----+------+--------+---------------------------------------+--------------------------+

----------------------------
; Extra Fitter Information ;
----------------------------
HTML report is unavailable in plain text report export.


Path #16: Setup slack is 0.367 
===============================================================================
+--------------------------------------------+
; Path Summary                               ;
+--------------------+-----------------------+
; Property           ; Value                 ;
+--------------------+-----------------------+
; From Node          ; state_array[4][4][51] ;
; To Node            ; state_array[2][0][9]  ;
; Launch Clock       ; clk                   ;
; Latch Clock        ; clk                   ;
; Data Arrival Time  ; 11.211                ;
; Data Required Time ; 11.578                ;
; Slack              ; 0.367                 ;
+--------------------+-----------------------+

+-------------------------------------------------------------------------------------+
; Statistics                                                                          ;
+------------------------+--------+-------+-------------+------------+--------+-------+
; Property               ; Value  ; Count ; Total Delay ; % of Total ; Min    ; Max   ;
+------------------------+--------+-------+-------------+------------+--------+-------+
; Setup Relationship     ; 7.407  ;       ;             ;            ;        ;       ;
; Clock Skew             ; -0.222 ;       ;             ;            ;        ;       ;
; Data Delay             ; 6.718  ;       ;             ;            ;        ;       ;
; Number of Logic Levels ;        ; 4     ;             ;            ;        ;       ;
; Physical Delays        ;        ;       ;             ;            ;        ;       ;
;  Arrival Path          ;        ;       ;             ;            ;        ;       ;
;   Clock                ;        ;       ;             ;            ;        ;       ;
;    IC                  ;        ; 3     ; 0.001       ; 0          ; 0.000  ; 0.001 ;
;    Cell                ;        ; 3     ; 1.908       ; 42         ; 0.507  ; 0.739 ;
;    Routing Element     ;        ; 26    ; 2.584       ; 58         ; 0.000  ; 0.821 ;
;   Data                 ;        ;       ;             ;            ;        ;       ;
;    IC                  ;        ; 5     ; 0.000       ; 0          ; -0.001 ; 0.001 ;
;    Cell                ;        ; 6     ; 1.198       ; 18         ; 0.000  ; 0.602 ;
;    uTco                ;        ; 1     ; 0.000       ; 0          ; 0.000  ; 0.000 ;
;    Routing Element     ;        ; 29    ; 5.520       ; 82         ; 0.000  ; 0.452 ;
;  Required Path         ;        ;       ;             ;            ;        ;       ;
;   Clock                ;        ;       ;             ;            ;        ;       ;
;    IC                  ;        ; 3     ; 0.000       ; 0          ; 0.000  ; 0.000 ;
;    Cell                ;        ; 3     ; 1.773       ; 42         ; 0.470  ; 0.739 ;
;    Routing Element     ;        ; 26    ; 2.438       ; 58         ; 0.000  ; 0.782 ;
+------------------------+--------+-------+-------------+------------+--------+-------+
Note: Negative delays are omitted from totals when calculating percentages

+--------------------------------------------------------------------------------------------------------------------------------------+
; Data Arrival Path                                                                                                                    ;
+----------+----------+----+------+--------+-------------------------------------------+-----------------------------------------------+
; Total    ; Incr     ; RF ; Type ; Fanout ; Location                                  ; Element                                       ;
+----------+----------+----+------+--------+-------------------------------------------+-----------------------------------------------+
; 0.000    ; 0.000    ;    ;      ;        ;                                           ; launch edge time                              ;
; 4.493    ; 4.493    ;    ;      ;        ;                                           ; clock path                                    ;
;   0.000  ;   0.000  ;    ;      ;        ;                                           ; source latency                                ;
;   0.000  ;   0.000  ;    ;      ; 1      ; PIN_M16                                   ; clk                                           ;
;   0.000  ;   0.000  ;    ; RE   ; 1      ; IOPAD_X89_Y35_N60                         ; ARRIAV_IO_PAD                                 ;
;   0.000  ;   0.000  ;    ; RE   ; 1      ; IO_PAD_OUTPUT_X89_Y35_N60_I1              ; IO_PAD_OUTPUT                                 ;
;   0.000  ;   0.000  ;    ; RE   ; 1      ; IO_INPUT_BUFFER_INPUT_X89_Y35_N61_I0      ; IO_INPUT_BUFFER_INPUT                         ;
;   0.000  ;   0.000  ; RR ; IC   ; 1      ; IOIBUF_X89_Y35_N61                        ; clk~input|i                                   ;
;   0.739  ;   0.739  ; RR ; CELL ; 1      ; IOIBUF_X89_Y35_N61                        ; clk~input|o                                   ;
;   0.739  ;   0.000  ;    ; RE   ; 1      ; IOIBUF_X89_Y35_N61                        ; ARRIAV_IO_IBUF                                ;
;   0.739  ;   0.000  ;    ; RE   ; 1      ; IO_INPUT_BUFFER_OUTPUT_X89_Y35_N61_I2     ; IO_INPUT_BUFFER_OUTPUT                        ;
;   0.739  ;   0.000  ;    ; RE   ; 1      ; IO_RE_X89_Y35_N60_I96                     ; IO_RE                                         ;
;   0.833  ;   0.094  ;    ; RE   ; 1      ; IO_RE_X89_Y35_N60_I66                     ; IO_RE                                         ;
;   1.125  ;   0.292  ;    ; RE   ; 1      ; CLKBUF_CLUSTER_RE_X89_Y39_N3_I421         ; CLKBUF_CLUSTER_RE                             ;
;   1.125  ;   0.000  ;    ; RE   ; 1      ; CLKBUF_CLUSTER_RE_X89_Y39_N3_I788         ; CLKBUF_CLUSTER_RE                             ;
;   1.125  ;   0.000  ;    ; RE   ; 1      ; CLKBUF_CLUSTER_RE_X89_Y39_N3_I621         ; CLKBUF_CLUSTER_RE                             ;
;   1.125  ;   0.000  ;    ; RE   ; 1      ; GCLK_CLUSTER_RE_X89_Y39_N9_I10            ; GCLK_CLUSTER_RE                               ;
;   1.125  ;   0.000  ;    ; RE   ; 1      ; CLKBUFBLOCK_INPUT_X89_Y39_N10_I0          ; CLKBUFBLOCK_INPUT                             ;
;   1.125  ;   0.000  ; RR ; IC   ; 1      ; CLKCTRL_G10                               ; clk~inputCLKENA0|inclk                        ;
;   1.632  ;   0.507  ; RR ; CELL ; 1674   ; CLKCTRL_G10                               ; clk~inputCLKENA0|outclk                       ;
;   1.632  ;   0.000  ;    ; RE   ; 1      ; CLKCTRL_G10                               ; ARRIAV_CLKBUF                                 ;
;   1.632  ;   0.000  ;    ; RE   ; 1      ; CLKBUFBLOCK_OUTPUT_X89_Y39_N10_I2         ; CLKBUFBLOCK_OUTPUT                            ;
;   1.632  ;   0.000  ;    ; RE   ; 1      ; GCLK_CLUSTER_RE_X89_Y39_N9_I12            ; GCLK_CLUSTER_RE                               ;
;   1.632  ;   0.000  ;    ; RE   ; 1      ; CLKBUF_CLUSTER_RE_X89_Y39_N3_I417         ; CLKBUF_CLUSTER_RE                             ;
;   2.453  ;   0.821  ;    ; RE   ; 5      ; GLOBAL_CLOCK_X0_Y36_N0_I10                ; GLOBAL_CLOCK                                  ;
;   2.600  ;   0.147  ;    ; RE   ; 16     ; SPINE_CLOCK_X55_Y19_N0_I11                ; SPINE_CLOCK                                   ;
;   3.004  ;   0.404  ;    ; RE   ; 1      ; SCLK_TO_ROWCLK_BUF_X55_Y32_N0_I67         ; SCLK_TO_ROWCLK_BUF                            ;
;   3.098  ;   0.094  ;    ; RE   ; 2      ; SCLK_TO_ROWCLK_BUF_X55_Y32_N0_I70         ; SCLK_TO_ROWCLK_BUF                            ;
;   3.575  ;   0.477  ;    ; RE   ; 8      ; LAB_CLK_X56_Y32_N0_I5                     ; LAB_CLK                                       ;
;   3.715  ;   0.140  ;    ; RE   ; 1      ; BLK_CLK_BUF_X56_Y32_N0_I5                 ; BLK_CLK_BUF                                   ;
;   3.771  ;   0.056  ;    ; RE   ; 1      ; ROWCLKSEL_PREBUF_X56_Y32_N0_I5            ; ROWCLKSEL_PREBUF                              ;
;   3.830  ;   0.059  ;    ; RE   ; 1      ; ROWCLKSEL_X56_Y32_N0_I0                   ; ROWCLKSEL                                     ;
;   3.830  ;   0.000  ;    ; RE   ; 1      ; GLOBAL_LOCAL_SEL_X56_Y32_N0_I0            ; GLOBAL_LOCAL_SEL                              ;
;   3.830  ;   0.000  ;    ; RE   ; 5      ; LAB_INPUT_X56_Y32_N0_I0                   ; LAB_INPUT                                     ;
;   3.831  ;   0.001  ; RR ; IC   ; 1      ; FF_X56_Y32_N29                            ; state_array[4][4][51]|clk                     ;
;   4.493  ;   0.662  ; RR ; CELL ; 1      ; FF_X56_Y32_N29                            ; state_array[4][4][51]                         ;
; 11.211   ; 6.718    ;    ;      ;        ;                                           ; data path                                     ;
;   4.493  ;   0.000  ;    ; uTco ; 1      ; FF_X56_Y32_N29                            ; state_array[4][4][51]                         ;
;   4.493  ;   0.000  ; FF ; CELL ; 6      ; FF_X56_Y32_N29                            ; state_array[4][4][51]|q                       ;
;   4.553  ;   0.060  ;    ; RE   ; 2      ; FF_X56_Y32_N29                            ; ARRIAV_FF                                     ;
;   4.680  ;   0.127  ;    ; RE   ; 1      ; LE_BUFFER_X56_Y32_N0_I19                  ; LE_BUFFER                                     ;
;   4.997  ;   0.317  ;    ; RE   ; 1      ; R3_X56_Y32_N0_I11                         ; H_SEG3                                        ;
;   4.997  ;   0.000  ;    ; RE   ; 3      ; R14_C12_INTERCONNECT_DRIVER_X56_Y32_N0_I3 ; WIRE_MUX                                      ;
;   5.449  ;   0.452  ;    ; RE   ; 1      ; C12_X56_Y33_N0_I0                         ; V_SEG12                                       ;
;   5.827  ;   0.378  ;    ; RE   ; 1      ; C2_X56_Y39_N0_I18                         ; V_SEG2                                        ;
;   6.022  ;   0.195  ;    ; RE   ; 1      ; LOCAL_INTERCONNECT_X57_Y39_N0_I0          ; LAB_LINE                                      ;
;   6.155  ;   0.133  ;    ; RE   ; 1      ; BLOCK_INPUT_MUX_X57_Y39_N0_I13            ; LEIM_INPUT                                    ;
;   6.154  ;   -0.001 ; FF ; IC   ; 1      ; LABCELL_X57_Y39_N6                        ; KSU|u_theta|C[4][51]|datad                    ;
;   6.756  ;   0.602  ; FF ; CELL ; 2      ; LABCELL_X57_Y39_N6                        ; KSU|u_theta|C[4][51]|combout                  ;
;   6.756  ;   0.000  ;    ; RE   ; 2      ; LABCELL_X57_Y39_N6                        ; ARRIAV_LCELL_COMB                             ;
;   6.849  ;   0.093  ;    ; RE   ; 1      ; LE_BUFFER_X57_Y39_N0_I5                   ; LE_BUFFER                                     ;
;   7.215  ;   0.366  ;    ; RE   ; 1      ; C4_X56_Y35_N0_I5                          ; V_SEG4                                        ;
;   7.614  ;   0.399  ;    ; RE   ; 1      ; R3_X57_Y36_N0_I9                          ; H_SEG3                                        ;
;   7.882  ;   0.268  ;    ; RE   ; 1      ; R3_X60_Y36_N0_I7                          ; H_SEG3                                        ;
;   8.076  ;   0.194  ;    ; RE   ; 1      ; LOCAL_INTERCONNECT_X61_Y36_N0_I21         ; LAB_LINE                                      ;
;   8.205  ;   0.129  ;    ; RE   ; 1      ; BLOCK_INPUT_MUX_X61_Y36_N0_I39            ; LEIM_INPUT                                    ;
;   8.206  ;   0.001  ; FF ; IC   ; 1      ; LABCELL_X61_Y36_N27                       ; KSU|u_theta|state_array_o[3][0][52]~0|dataf   ;
;   8.296  ;   0.090  ; FF ; CELL ; 15     ; LABCELL_X61_Y36_N27                       ; KSU|u_theta|state_array_o[3][0][52]~0|combout ;
;   8.296  ;   0.000  ;    ; RE   ; 2      ; LABCELL_X61_Y36_N27                       ; ARRIAV_LCELL_COMB                             ;
;   8.375  ;   0.079  ;    ; RE   ; 1      ; LE_BUFFER_X61_Y36_N0_I18                  ; LE_BUFFER                                     ;
;   8.588  ;   0.213  ;    ; RE   ; 3      ; R3_X62_Y36_N0_I9                          ; H_SEG3                                        ;
;   8.588  ;   0.000  ;    ; RE   ; 2      ; R14_C12_INTERCONNECT_DRIVER_X62_Y36_N0_I3 ; WIRE_MUX                                      ;
;   8.972  ;   0.384  ;    ; RE   ; 3      ; C12_X62_Y24_N0_I1                         ; V_SEG12                                       ;
;   9.395  ;   0.423  ;    ; RE   ; 1      ; R6_X63_Y30_N0_I14                         ; H_SEG6                                        ;
;   9.653  ;   0.258  ;    ; RE   ; 1      ; C2_X68_Y31_N0_I10                         ; V_SEG2                                        ;
;   10.024 ;   0.371  ;    ; RE   ; 1      ; R6_X69_Y31_N0_I8                          ; H_SEG6                                        ;
;   10.285 ;   0.261  ;    ; RE   ; 3      ; LOCAL_INTERCONNECT_X74_Y31_N0_I30         ; LAB_LINE                                      ;
;   10.429 ;   0.144  ;    ; RE   ; 1      ; BLOCK_INPUT_MUX_X74_Y31_N0_I71            ; LEIM_INPUT                                    ;
;   10.430 ;   0.001  ; FF ; IC   ; 1      ; LABCELL_X74_Y31_N51                       ; KSU|u_chi|state_array_o[2][0][9]|dataf        ;
;   10.536 ;   0.106  ; FR ; CELL ; 1      ; LABCELL_X74_Y31_N51                       ; KSU|u_chi|state_array_o[2][0][9]|combout      ;
;   10.536 ;   0.000  ;    ; RE   ; 1      ; LABCELL_X74_Y31_N51                       ; ARRIAV_LCELL_COMB                             ;
;   10.645 ;   0.109  ;    ; RE   ; 1      ; LOCAL_LINE_X74_Y31_N0_I17                 ; LOCAL_LINE                                    ;
;   10.812 ;   0.167  ;    ; RE   ; 1      ; BLOCK_INPUT_MUX_X74_Y31_N0_I33            ; LEIM_INPUT                                    ;
;   10.811 ;   -0.001 ; RR ; IC   ; 1      ; LABCELL_X74_Y31_N24                       ; state_array~322|dataf                         ;
;   10.905 ;   0.094  ; RR ; CELL ; 1      ; LABCELL_X74_Y31_N24                       ; state_array~322|combout                       ;
;   10.905 ;   0.000  ;    ; RE   ; 1      ; LABCELL_X74_Y31_N24                       ; ARRIAV_LCELL_COMB                             ;
;   10.905 ;   0.000  ; RR ; IC   ; 1      ; FF_X74_Y31_N26                            ; state_array[2][0][9]|d                        ;
;   11.211 ;   0.306  ; RR ; CELL ; 1      ; FF_X74_Y31_N26                            ; state_array[2][0][9]                          ;
+----------+----------+----+------+--------+-------------------------------------------+-----------------------------------------------+

+------------------------------------------------------------------------------------------------------------+
; Data Required Path                                                                                         ;
+----------+---------+----+------+--------+---------------------------------------+--------------------------+
; Total    ; Incr    ; RF ; Type ; Fanout ; Location                              ; Element                  ;
+----------+---------+----+------+--------+---------------------------------------+--------------------------+
; 7.407    ; 7.407   ;    ;      ;        ;                                       ; latch edge time          ;
; 11.678   ; 4.271   ;    ;      ;        ;                                       ; clock path               ;
;   7.407  ;   0.000 ;    ;      ;        ;                                       ; source latency           ;
;   7.407  ;   0.000 ;    ;      ; 1      ; PIN_M16                               ; clk                      ;
;   7.407  ;   0.000 ;    ; RE   ; 1      ; IOPAD_X89_Y35_N60                     ; ARRIAV_IO_PAD            ;
;   7.407  ;   0.000 ;    ; RE   ; 1      ; IO_PAD_OUTPUT_X89_Y35_N60_I1          ; IO_PAD_OUTPUT            ;
;   7.407  ;   0.000 ;    ; RE   ; 1      ; IO_INPUT_BUFFER_INPUT_X89_Y35_N61_I0  ; IO_INPUT_BUFFER_INPUT    ;
;   7.407  ;   0.000 ; RR ; IC   ; 1      ; IOIBUF_X89_Y35_N61                    ; clk~input|i              ;
;   8.146  ;   0.739 ; RR ; CELL ; 1      ; IOIBUF_X89_Y35_N61                    ; clk~input|o              ;
;   8.146  ;   0.000 ;    ; RE   ; 1      ; IOIBUF_X89_Y35_N61                    ; ARRIAV_IO_IBUF           ;
;   8.146  ;   0.000 ;    ; RE   ; 1      ; IO_INPUT_BUFFER_OUTPUT_X89_Y35_N61_I2 ; IO_INPUT_BUFFER_OUTPUT   ;
;   8.146  ;   0.000 ;    ; RE   ; 1      ; IO_RE_X89_Y35_N60_I96                 ; IO_RE                    ;
;   8.234  ;   0.088 ;    ; RE   ; 1      ; IO_RE_X89_Y35_N60_I66                 ; IO_RE                    ;
;   8.509  ;   0.275 ;    ; RE   ; 1      ; CLKBUF_CLUSTER_RE_X89_Y39_N3_I421     ; CLKBUF_CLUSTER_RE        ;
;   8.509  ;   0.000 ;    ; RE   ; 1      ; CLKBUF_CLUSTER_RE_X89_Y39_N3_I788     ; CLKBUF_CLUSTER_RE        ;
;   8.509  ;   0.000 ;    ; RE   ; 1      ; CLKBUF_CLUSTER_RE_X89_Y39_N3_I621     ; CLKBUF_CLUSTER_RE        ;
;   8.509  ;   0.000 ;    ; RE   ; 1      ; GCLK_CLUSTER_RE_X89_Y39_N9_I10        ; GCLK_CLUSTER_RE          ;
;   8.509  ;   0.000 ;    ; RE   ; 1      ; CLKBUFBLOCK_INPUT_X89_Y39_N10_I0      ; CLKBUFBLOCK_INPUT        ;
;   8.509  ;   0.000 ; RR ; IC   ; 1      ; CLKCTRL_G10                           ; clk~inputCLKENA0|inclk   ;
;   8.979  ;   0.470 ; RR ; CELL ; 1674   ; CLKCTRL_G10                           ; clk~inputCLKENA0|outclk  ;
;   8.979  ;   0.000 ;    ; RE   ; 1      ; CLKCTRL_G10                           ; ARRIAV_CLKBUF            ;
;   8.979  ;   0.000 ;    ; RE   ; 1      ; CLKBUFBLOCK_OUTPUT_X89_Y39_N10_I2     ; CLKBUFBLOCK_OUTPUT       ;
;   8.979  ;   0.000 ;    ; RE   ; 1      ; GCLK_CLUSTER_RE_X89_Y39_N9_I12        ; GCLK_CLUSTER_RE          ;
;   8.979  ;   0.000 ;    ; RE   ; 1      ; CLKBUF_CLUSTER_RE_X89_Y39_N3_I417     ; CLKBUF_CLUSTER_RE        ;
;   9.761  ;   0.782 ;    ; RE   ; 5      ; GLOBAL_CLOCK_X0_Y36_N0_I10            ; GLOBAL_CLOCK             ;
;   9.901  ;   0.140 ;    ; RE   ; 15     ; SPINE_CLOCK_X77_Y19_N0_I16            ; SPINE_CLOCK              ;
;   10.291 ;   0.390 ;    ; RE   ; 1      ; SCLK_TO_ROWCLK_BUF_X77_Y31_N0_I97     ; SCLK_TO_ROWCLK_BUF       ;
;   10.372 ;   0.081 ;    ; RE   ; 1      ; SCLK_TO_ROWCLK_BUF_X77_Y31_N0_I100    ; SCLK_TO_ROWCLK_BUF       ;
;   10.823 ;   0.451 ;    ; RE   ; 7      ; LAB_CLK_X67_Y31_N0_I5                 ; LAB_CLK                  ;
;   10.947 ;   0.124 ;    ; RE   ; 1      ; BLK_CLK_BUF_X74_Y31_N0_I5             ; BLK_CLK_BUF              ;
;   11.000 ;   0.053 ;    ; RE   ; 1      ; ROWCLKSEL_PREBUF_X74_Y31_N0_I5        ; ROWCLKSEL_PREBUF         ;
;   11.054 ;   0.054 ;    ; RE   ; 1      ; ROWCLKSEL_X74_Y31_N0_I0               ; ROWCLKSEL                ;
;   11.054 ;   0.000 ;    ; RE   ; 1      ; GLOBAL_LOCAL_SEL_X74_Y31_N0_I0        ; GLOBAL_LOCAL_SEL         ;
;   11.054 ;   0.000 ;    ; RE   ; 5      ; LAB_INPUT_X74_Y31_N0_I0               ; LAB_INPUT                ;
;   11.054 ;   0.000 ; RR ; IC   ; 1      ; FF_X74_Y31_N26                        ; state_array[2][0][9]|clk ;
;   11.618 ;   0.564 ; RR ; CELL ; 1      ; FF_X74_Y31_N26                        ; state_array[2][0][9]     ;
;   11.678 ;   0.060 ;    ;      ;        ;                                       ; clock pessimism removed  ;
; 11.578   ; -0.100  ;    ;      ;        ;                                       ; clock uncertainty        ;
; 11.578   ; 0.000   ;    ; uTsu ; 1      ; FF_X74_Y31_N26                        ; state_array[2][0][9]     ;
+----------+---------+----+------+--------+---------------------------------------+--------------------------+

----------------------------
; Extra Fitter Information ;
----------------------------
HTML report is unavailable in plain text report export.


Path #17: Setup slack is 0.373 
===============================================================================
+--------------------------------------------+
; Path Summary                               ;
+--------------------+-----------------------+
; Property           ; Value                 ;
+--------------------+-----------------------+
; From Node          ; state_array[2][2][2]  ;
; To Node            ; state_array[2][3][13] ;
; Launch Clock       ; clk                   ;
; Latch Clock        ; clk                   ;
; Data Arrival Time  ; 11.219                ;
; Data Required Time ; 11.592                ;
; Slack              ; 0.373                 ;
+--------------------+-----------------------+

+-------------------------------------------------------------------------------------+
; Statistics                                                                          ;
+------------------------+--------+-------+-------------+------------+--------+-------+
; Property               ; Value  ; Count ; Total Delay ; % of Total ; Min    ; Max   ;
+------------------------+--------+-------+-------------+------------+--------+-------+
; Setup Relationship     ; 7.407  ;       ;             ;            ;        ;       ;
; Clock Skew             ; -0.271 ;       ;             ;            ;        ;       ;
; Data Delay             ; 6.663  ;       ;             ;            ;        ;       ;
; Number of Logic Levels ;        ; 4     ;             ;            ;        ;       ;
; Physical Delays        ;        ;       ;             ;            ;        ;       ;
;  Arrival Path          ;        ;       ;             ;            ;        ;       ;
;   Clock                ;        ;       ;             ;            ;        ;       ;
;    IC                  ;        ; 3     ; 0.000       ; 0          ; 0.000  ; 0.000 ;
;    Cell                ;        ; 3     ; 1.901       ; 42         ; 0.507  ; 0.739 ;
;    Routing Element     ;        ; 26    ; 2.655       ; 58         ; 0.000  ; 0.838 ;
;   Data                 ;        ;       ;             ;            ;        ;       ;
;    IC                  ;        ; 5     ; 0.000       ; 0          ; -0.001 ; 0.001 ;
;    Cell                ;        ; 6     ; 1.667       ; 25         ; 0.000  ; 0.600 ;
;    uTco                ;        ; 1     ; 0.000       ; 0          ; 0.000  ; 0.000 ;
;    Routing Element     ;        ; 26    ; 4.996       ; 75         ; 0.000  ; 0.525 ;
;  Required Path         ;        ;       ;             ;            ;        ;       ;
;   Clock                ;        ;       ;             ;            ;        ;       ;
;    IC                  ;        ; 3     ; 0.000       ; 0          ; 0.000  ; 0.000 ;
;    Cell                ;        ; 3     ; 1.773       ; 42         ; 0.470  ; 0.739 ;
;    Routing Element     ;        ; 26    ; 2.452       ; 58         ; 0.000  ; 0.776 ;
+------------------------+--------+-------+-------------+------------+--------+-------+
Note: Negative delays are omitted from totals when calculating percentages

+---------------------------------------------------------------------------------------------------------------------------------+
; Data Arrival Path                                                                                                               ;
+----------+----------+----+------+--------+---------------------------------------+----------------------------------------------+
; Total    ; Incr     ; RF ; Type ; Fanout ; Location                              ; Element                                      ;
+----------+----------+----+------+--------+---------------------------------------+----------------------------------------------+
; 0.000    ; 0.000    ;    ;      ;        ;                                       ; launch edge time                             ;
; 4.556    ; 4.556    ;    ;      ;        ;                                       ; clock path                                   ;
;   0.000  ;   0.000  ;    ;      ;        ;                                       ; source latency                               ;
;   0.000  ;   0.000  ;    ;      ; 1      ; PIN_M16                               ; clk                                          ;
;   0.000  ;   0.000  ;    ; RE   ; 1      ; IOPAD_X89_Y35_N60                     ; ARRIAV_IO_PAD                                ;
;   0.000  ;   0.000  ;    ; RE   ; 1      ; IO_PAD_OUTPUT_X89_Y35_N60_I1          ; IO_PAD_OUTPUT                                ;
;   0.000  ;   0.000  ;    ; RE   ; 1      ; IO_INPUT_BUFFER_INPUT_X89_Y35_N61_I0  ; IO_INPUT_BUFFER_INPUT                        ;
;   0.000  ;   0.000  ; RR ; IC   ; 1      ; IOIBUF_X89_Y35_N61                    ; clk~input|i                                  ;
;   0.739  ;   0.739  ; RR ; CELL ; 1      ; IOIBUF_X89_Y35_N61                    ; clk~input|o                                  ;
;   0.739  ;   0.000  ;    ; RE   ; 1      ; IOIBUF_X89_Y35_N61                    ; ARRIAV_IO_IBUF                               ;
;   0.739  ;   0.000  ;    ; RE   ; 1      ; IO_INPUT_BUFFER_OUTPUT_X89_Y35_N61_I2 ; IO_INPUT_BUFFER_OUTPUT                       ;
;   0.739  ;   0.000  ;    ; RE   ; 1      ; IO_RE_X89_Y35_N60_I96                 ; IO_RE                                        ;
;   0.833  ;   0.094  ;    ; RE   ; 1      ; IO_RE_X89_Y35_N60_I66                 ; IO_RE                                        ;
;   1.125  ;   0.292  ;    ; RE   ; 1      ; CLKBUF_CLUSTER_RE_X89_Y39_N3_I421     ; CLKBUF_CLUSTER_RE                            ;
;   1.125  ;   0.000  ;    ; RE   ; 1      ; CLKBUF_CLUSTER_RE_X89_Y39_N3_I788     ; CLKBUF_CLUSTER_RE                            ;
;   1.125  ;   0.000  ;    ; RE   ; 1      ; CLKBUF_CLUSTER_RE_X89_Y39_N3_I621     ; CLKBUF_CLUSTER_RE                            ;
;   1.125  ;   0.000  ;    ; RE   ; 1      ; GCLK_CLUSTER_RE_X89_Y39_N9_I10        ; GCLK_CLUSTER_RE                              ;
;   1.125  ;   0.000  ;    ; RE   ; 1      ; CLKBUFBLOCK_INPUT_X89_Y39_N10_I0      ; CLKBUFBLOCK_INPUT                            ;
;   1.125  ;   0.000  ; RR ; IC   ; 1      ; CLKCTRL_G10                           ; clk~inputCLKENA0|inclk                       ;
;   1.632  ;   0.507  ; RR ; CELL ; 1674   ; CLKCTRL_G10                           ; clk~inputCLKENA0|outclk                      ;
;   1.632  ;   0.000  ;    ; RE   ; 1      ; CLKCTRL_G10                           ; ARRIAV_CLKBUF                                ;
;   1.632  ;   0.000  ;    ; RE   ; 1      ; CLKBUFBLOCK_OUTPUT_X89_Y39_N10_I2     ; CLKBUFBLOCK_OUTPUT                           ;
;   1.632  ;   0.000  ;    ; RE   ; 1      ; GCLK_CLUSTER_RE_X89_Y39_N9_I12        ; GCLK_CLUSTER_RE                              ;
;   1.632  ;   0.000  ;    ; RE   ; 1      ; CLKBUF_CLUSTER_RE_X89_Y39_N3_I417     ; CLKBUF_CLUSTER_RE                            ;
;   2.470  ;   0.838  ;    ; RE   ; 5      ; GLOBAL_CLOCK_X0_Y36_N0_I10            ; GLOBAL_CLOCK                                 ;
;   2.629  ;   0.159  ;    ; RE   ; 4      ; SPINE_CLOCK_X55_Y37_N0_I11            ; SPINE_CLOCK                                  ;
;   3.067  ;   0.438  ;    ; RE   ; 1      ; SCLK_TO_ROWCLK_BUF_X55_Y37_N0_I66     ; SCLK_TO_ROWCLK_BUF                           ;
;   3.162  ;   0.095  ;    ; RE   ; 2      ; SCLK_TO_ROWCLK_BUF_X55_Y37_N0_I69     ; SCLK_TO_ROWCLK_BUF                           ;
;   3.646  ;   0.484  ;    ; RE   ; 10     ; LAB_CLK_X56_Y37_N0_I2                 ; LAB_CLK                                      ;
;   3.786  ;   0.140  ;    ; RE   ; 1      ; BLK_CLK_BUF_X63_Y37_N0_I2             ; BLK_CLK_BUF                                  ;
;   3.842  ;   0.056  ;    ; RE   ; 1      ; ROWCLKSEL_PREBUF_X63_Y37_N0_I2        ; ROWCLKSEL_PREBUF                             ;
;   3.901  ;   0.059  ;    ; RE   ; 1      ; ROWCLKSEL_X63_Y37_N0_I0               ; ROWCLKSEL                                    ;
;   3.901  ;   0.000  ;    ; RE   ; 1      ; GLOBAL_LOCAL_SEL_X63_Y37_N0_I0        ; GLOBAL_LOCAL_SEL                             ;
;   3.901  ;   0.000  ;    ; RE   ; 8      ; LAB_INPUT_X63_Y37_N0_I0               ; LAB_INPUT                                    ;
;   3.901  ;   0.000  ; RR ; IC   ; 1      ; FF_X63_Y37_N14                        ; state_array[2][2][2]|clk                     ;
;   4.556  ;   0.655  ; RR ; CELL ; 1      ; FF_X63_Y37_N14                        ; state_array[2][2][2]                         ;
; 11.219   ; 6.663    ;    ;      ;        ;                                       ; data path                                    ;
;   4.556  ;   0.000  ;    ; uTco ; 1      ; FF_X63_Y37_N14                        ; state_array[2][2][2]                         ;
;   4.556  ;   0.000  ; FF ; CELL ; 6      ; FF_X63_Y37_N14                        ; state_array[2][2][2]|q                       ;
;   4.615  ;   0.059  ;    ; RE   ; 2      ; FF_X63_Y37_N14                        ; ARRIAV_FF                                    ;
;   4.718  ;   0.103  ;    ; RE   ; 2      ; LE_BUFFER_X63_Y37_N0_I9               ; LE_BUFFER                                    ;
;   5.077  ;   0.359  ;    ; RE   ; 2      ; C2_X62_Y35_N0_I11                     ; V_SEG2                                       ;
;   5.420  ;   0.343  ;    ; RE   ; 1      ; C2_X62_Y33_N0_I11                     ; V_SEG2                                       ;
;   5.677  ;   0.257  ;    ; RE   ; 1      ; R3_X60_Y33_N0_I15                     ; H_SEG3                                       ;
;   5.868  ;   0.191  ;    ; RE   ; 1      ; LOCAL_INTERCONNECT_X60_Y33_N0_I23     ; LAB_LINE                                     ;
;   6.000  ;   0.132  ;    ; RE   ; 1      ; BLOCK_INPUT_MUX_X60_Y33_N0_I29        ; LEIM_INPUT                                   ;
;   6.000  ;   0.000  ; FF ; IC   ; 1      ; LABCELL_X60_Y33_N18                   ; KSU|u_theta|C[2][2]|datad                    ;
;   6.600  ;   0.600  ; FF ; CELL ; 2      ; LABCELL_X60_Y33_N18                   ; KSU|u_theta|C[2][2]|combout                  ;
;   6.600  ;   0.000  ;    ; RE   ; 2      ; LABCELL_X60_Y33_N18                   ; ARRIAV_LCELL_COMB                            ;
;   6.706  ;   0.106  ;    ; RE   ; 1      ; LE_BUFFER_X60_Y33_N0_I12              ; LE_BUFFER                                    ;
;   6.991  ;   0.285  ;    ; RE   ; 1      ; C2_X60_Y34_N0_I8                      ; V_SEG2                                       ;
;   7.281  ;   0.290  ;    ; RE   ; 1      ; R6_X61_Y35_N0_I12                     ; H_SEG6                                       ;
;   7.494  ;   0.213  ;    ; RE   ; 1      ; LOCAL_INTERCONNECT_X61_Y35_N0_I20     ; LAB_LINE                                     ;
;   7.620  ;   0.126  ;    ; RE   ; 1      ; BLOCK_INPUT_MUX_X61_Y35_N0_I37        ; LEIM_INPUT                                   ;
;   7.621  ;   0.001  ; FF ; IC   ; 1      ; LABCELL_X61_Y35_N27                   ; KSU|u_theta|state_array_o[1][4][3]~0|datac   ;
;   8.185  ;   0.564  ; FF ; CELL ; 13     ; LABCELL_X61_Y35_N27                   ; KSU|u_theta|state_array_o[1][4][3]~0|combout ;
;   8.185  ;   0.000  ;    ; RE   ; 2      ; LABCELL_X61_Y35_N27                   ; ARRIAV_LCELL_COMB                            ;
;   8.268  ;   0.083  ;    ; RE   ; 2      ; LE_BUFFER_X61_Y35_N0_I18              ; LE_BUFFER                                    ;
;   8.584  ;   0.316  ;    ; RE   ; 2      ; C4_X61_Y31_N0_I7                      ; V_SEG4                                       ;
;   8.939  ;   0.355  ;    ; RE   ; 1      ; C4_X61_Y27_N0_I7                      ; V_SEG4                                       ;
;   9.464  ;   0.525  ;    ; RE   ; 1      ; R6_X56_Y29_N0_I31                     ; H_SEG6                                       ;
;   9.914  ;   0.450  ;    ; RE   ; 1      ; R6_X50_Y29_N0_I30                     ; H_SEG6                                       ;
;   10.160 ;   0.246  ;    ; RE   ; 1      ; LOCAL_INTERCONNECT_X52_Y29_N0_I0      ; LAB_LINE                                     ;
;   10.299 ;   0.139  ;    ; RE   ; 1      ; BLOCK_INPUT_MUX_X52_Y29_N0_I25        ; LEIM_INPUT                                   ;
;   10.299 ;   0.000  ; FF ; IC   ; 1      ; MLABCELL_X52_Y29_N18                  ; state_array~449|dataf                        ;
;   10.402 ;   0.103  ; FR ; CELL ; 1      ; MLABCELL_X52_Y29_N18                  ; state_array~449|combout                      ;
;   10.402 ;   0.000  ;    ; RE   ; 1      ; MLABCELL_X52_Y29_N18                  ; ARRIAV_LCELL_COMB                            ;
;   10.512 ;   0.110  ;    ; RE   ; 1      ; LE_BUFFER_X52_Y29_N0_I13              ; LE_BUFFER                                    ;
;   10.659 ;   0.147  ;    ; RE   ; 1      ; LOCAL_INTERCONNECT_X51_Y29_N0_I36     ; LAB_LINE                                     ;
;   10.820 ;   0.161  ;    ; RE   ; 1      ; BLOCK_INPUT_MUX_X51_Y29_N0_I49        ; LEIM_INPUT                                   ;
;   10.819 ;   -0.001 ; RR ; IC   ; 1      ; LABCELL_X51_Y29_N36                   ; state_array~450|dataf                        ;
;   10.913 ;   0.094  ; RR ; CELL ; 1      ; LABCELL_X51_Y29_N36                   ; state_array~450|combout                      ;
;   10.913 ;   0.000  ;    ; RE   ; 1      ; LABCELL_X51_Y29_N36                   ; ARRIAV_LCELL_COMB                            ;
;   10.913 ;   0.000  ; RR ; IC   ; 1      ; FF_X51_Y29_N38                        ; state_array[2][3][13]|d                      ;
;   11.219 ;   0.306  ; RR ; CELL ; 1      ; FF_X51_Y29_N38                        ; state_array[2][3][13]                        ;
+----------+----------+----+------+--------+---------------------------------------+----------------------------------------------+

+-------------------------------------------------------------------------------------------------------------+
; Data Required Path                                                                                          ;
+----------+---------+----+------+--------+---------------------------------------+---------------------------+
; Total    ; Incr    ; RF ; Type ; Fanout ; Location                              ; Element                   ;
+----------+---------+----+------+--------+---------------------------------------+---------------------------+
; 7.407    ; 7.407   ;    ;      ;        ;                                       ; latch edge time           ;
; 11.692   ; 4.285   ;    ;      ;        ;                                       ; clock path                ;
;   7.407  ;   0.000 ;    ;      ;        ;                                       ; source latency            ;
;   7.407  ;   0.000 ;    ;      ; 1      ; PIN_M16                               ; clk                       ;
;   7.407  ;   0.000 ;    ; RE   ; 1      ; IOPAD_X89_Y35_N60                     ; ARRIAV_IO_PAD             ;
;   7.407  ;   0.000 ;    ; RE   ; 1      ; IO_PAD_OUTPUT_X89_Y35_N60_I1          ; IO_PAD_OUTPUT             ;
;   7.407  ;   0.000 ;    ; RE   ; 1      ; IO_INPUT_BUFFER_INPUT_X89_Y35_N61_I0  ; IO_INPUT_BUFFER_INPUT     ;
;   7.407  ;   0.000 ; RR ; IC   ; 1      ; IOIBUF_X89_Y35_N61                    ; clk~input|i               ;
;   8.146  ;   0.739 ; RR ; CELL ; 1      ; IOIBUF_X89_Y35_N61                    ; clk~input|o               ;
;   8.146  ;   0.000 ;    ; RE   ; 1      ; IOIBUF_X89_Y35_N61                    ; ARRIAV_IO_IBUF            ;
;   8.146  ;   0.000 ;    ; RE   ; 1      ; IO_INPUT_BUFFER_OUTPUT_X89_Y35_N61_I2 ; IO_INPUT_BUFFER_OUTPUT    ;
;   8.146  ;   0.000 ;    ; RE   ; 1      ; IO_RE_X89_Y35_N60_I96                 ; IO_RE                     ;
;   8.234  ;   0.088 ;    ; RE   ; 1      ; IO_RE_X89_Y35_N60_I66                 ; IO_RE                     ;
;   8.509  ;   0.275 ;    ; RE   ; 1      ; CLKBUF_CLUSTER_RE_X89_Y39_N3_I421     ; CLKBUF_CLUSTER_RE         ;
;   8.509  ;   0.000 ;    ; RE   ; 1      ; CLKBUF_CLUSTER_RE_X89_Y39_N3_I788     ; CLKBUF_CLUSTER_RE         ;
;   8.509  ;   0.000 ;    ; RE   ; 1      ; CLKBUF_CLUSTER_RE_X89_Y39_N3_I621     ; CLKBUF_CLUSTER_RE         ;
;   8.509  ;   0.000 ;    ; RE   ; 1      ; GCLK_CLUSTER_RE_X89_Y39_N9_I10        ; GCLK_CLUSTER_RE           ;
;   8.509  ;   0.000 ;    ; RE   ; 1      ; CLKBUFBLOCK_INPUT_X89_Y39_N10_I0      ; CLKBUFBLOCK_INPUT         ;
;   8.509  ;   0.000 ; RR ; IC   ; 1      ; CLKCTRL_G10                           ; clk~inputCLKENA0|inclk    ;
;   8.979  ;   0.470 ; RR ; CELL ; 1674   ; CLKCTRL_G10                           ; clk~inputCLKENA0|outclk   ;
;   8.979  ;   0.000 ;    ; RE   ; 1      ; CLKCTRL_G10                           ; ARRIAV_CLKBUF             ;
;   8.979  ;   0.000 ;    ; RE   ; 1      ; CLKBUFBLOCK_OUTPUT_X89_Y39_N10_I2     ; CLKBUFBLOCK_OUTPUT        ;
;   8.979  ;   0.000 ;    ; RE   ; 1      ; GCLK_CLUSTER_RE_X89_Y39_N9_I12        ; GCLK_CLUSTER_RE           ;
;   8.979  ;   0.000 ;    ; RE   ; 1      ; CLKBUF_CLUSTER_RE_X89_Y39_N3_I417     ; CLKBUF_CLUSTER_RE         ;
;   9.755  ;   0.776 ;    ; RE   ; 5      ; GLOBAL_CLOCK_X0_Y36_N0_I10            ; GLOBAL_CLOCK              ;
;   9.892  ;   0.137 ;    ; RE   ; 16     ; SPINE_CLOCK_X55_Y19_N0_I11            ; SPINE_CLOCK               ;
;   10.283 ;   0.391 ;    ; RE   ; 1      ; SCLK_TO_ROWCLK_BUF_X55_Y29_N0_I67     ; SCLK_TO_ROWCLK_BUF        ;
;   10.374 ;   0.091 ;    ; RE   ; 2      ; SCLK_TO_ROWCLK_BUF_X55_Y29_N0_I70     ; SCLK_TO_ROWCLK_BUF        ;
;   10.835 ;   0.461 ;    ; RE   ; 7      ; LAB_CLK_X45_Y29_N0_I5                 ; LAB_CLK                   ;
;   10.960 ;   0.125 ;    ; RE   ; 1      ; BLK_CLK_BUF_X51_Y29_N0_I5             ; BLK_CLK_BUF               ;
;   11.013 ;   0.053 ;    ; RE   ; 1      ; ROWCLKSEL_PREBUF_X51_Y29_N0_I5        ; ROWCLKSEL_PREBUF          ;
;   11.068 ;   0.055 ;    ; RE   ; 1      ; ROWCLKSEL_X51_Y29_N0_I0               ; ROWCLKSEL                 ;
;   11.068 ;   0.000 ;    ; RE   ; 1      ; GLOBAL_LOCAL_SEL_X51_Y29_N0_I0        ; GLOBAL_LOCAL_SEL          ;
;   11.068 ;   0.000 ;    ; RE   ; 6      ; LAB_INPUT_X51_Y29_N0_I0               ; LAB_INPUT                 ;
;   11.068 ;   0.000 ; RR ; IC   ; 1      ; FF_X51_Y29_N38                        ; state_array[2][3][13]|clk ;
;   11.632 ;   0.564 ; RR ; CELL ; 1      ; FF_X51_Y29_N38                        ; state_array[2][3][13]     ;
;   11.692 ;   0.060 ;    ;      ;        ;                                       ; clock pessimism removed   ;
; 11.592   ; -0.100  ;    ;      ;        ;                                       ; clock uncertainty         ;
; 11.592   ; 0.000   ;    ; uTsu ; 1      ; FF_X51_Y29_N38                        ; state_array[2][3][13]     ;
+----------+---------+----+------+--------+---------------------------------------+---------------------------+

----------------------------
; Extra Fitter Information ;
----------------------------
HTML report is unavailable in plain text report export.


Path #18: Setup slack is 0.385 
===============================================================================
+--------------------------------------------+
; Path Summary                               ;
+--------------------+-----------------------+
; Property           ; Value                 ;
+--------------------+-----------------------+
; From Node          ; state_array[3][2][12] ;
; To Node            ; state_array[2][3][28] ;
; Launch Clock       ; clk                   ;
; Latch Clock        ; clk                   ;
; Data Arrival Time  ; 11.205                ;
; Data Required Time ; 11.590                ;
; Slack              ; 0.385                 ;
+--------------------+-----------------------+

+------------------------------------------------------------------------------------+
; Statistics                                                                         ;
+------------------------+--------+-------+-------------+------------+-------+-------+
; Property               ; Value  ; Count ; Total Delay ; % of Total ; Min   ; Max   ;
+------------------------+--------+-------+-------------+------------+-------+-------+
; Setup Relationship     ; 7.407  ;       ;             ;            ;       ;       ;
; Clock Skew             ; -0.201 ;       ;             ;            ;       ;       ;
; Data Delay             ; 6.721  ;       ;             ;            ;       ;       ;
; Number of Logic Levels ;        ; 4     ;             ;            ;       ;       ;
; Physical Delays        ;        ;       ;             ;            ;       ;       ;
;  Arrival Path          ;        ;       ;             ;            ;       ;       ;
;   Clock                ;        ;       ;             ;            ;       ;       ;
;    IC                  ;        ; 3     ; 0.001       ; 0          ; 0.000 ; 0.001 ;
;    Cell                ;        ; 3     ; 1.908       ; 43         ; 0.507 ; 0.739 ;
;    Routing Element     ;        ; 26    ; 2.575       ; 57         ; 0.000 ; 0.821 ;
;   Data                 ;        ;       ;             ;            ;       ;       ;
;    IC                  ;        ; 5     ; 0.000       ; 0          ; 0.000 ; 0.000 ;
;    Cell                ;        ; 6     ; 1.304       ; 19         ; 0.000 ; 0.422 ;
;    uTco                ;        ; 1     ; 0.000       ; 0          ; 0.000 ; 0.000 ;
;    Routing Element     ;        ; 27    ; 5.417       ; 81         ; 0.000 ; 0.438 ;
;  Required Path         ;        ;       ;             ;            ;       ;       ;
;   Clock                ;        ;       ;             ;            ;       ;       ;
;    IC                  ;        ; 3     ; 0.001       ; 0          ; 0.000 ; 0.001 ;
;    Cell                ;        ; 3     ; 1.780       ; 42         ; 0.470 ; 0.739 ;
;    Routing Element     ;        ; 26    ; 2.442       ; 58         ; 0.000 ; 0.782 ;
+------------------------+--------+-------+-------------+------------+-------+-------+
Note: Negative delays are omitted from totals when calculating percentages

+---------------------------------------------------------------------------------------------------------------------------------+
; Data Arrival Path                                                                                                               ;
+----------+---------+----+------+--------+---------------------------------------+-----------------------------------------------+
; Total    ; Incr    ; RF ; Type ; Fanout ; Location                              ; Element                                       ;
+----------+---------+----+------+--------+---------------------------------------+-----------------------------------------------+
; 0.000    ; 0.000   ;    ;      ;        ;                                       ; launch edge time                              ;
; 4.484    ; 4.484   ;    ;      ;        ;                                       ; clock path                                    ;
;   0.000  ;   0.000 ;    ;      ;        ;                                       ; source latency                                ;
;   0.000  ;   0.000 ;    ;      ; 1      ; PIN_M16                               ; clk                                           ;
;   0.000  ;   0.000 ;    ; RE   ; 1      ; IOPAD_X89_Y35_N60                     ; ARRIAV_IO_PAD                                 ;
;   0.000  ;   0.000 ;    ; RE   ; 1      ; IO_PAD_OUTPUT_X89_Y35_N60_I1          ; IO_PAD_OUTPUT                                 ;
;   0.000  ;   0.000 ;    ; RE   ; 1      ; IO_INPUT_BUFFER_INPUT_X89_Y35_N61_I0  ; IO_INPUT_BUFFER_INPUT                         ;
;   0.000  ;   0.000 ; RR ; IC   ; 1      ; IOIBUF_X89_Y35_N61                    ; clk~input|i                                   ;
;   0.739  ;   0.739 ; RR ; CELL ; 1      ; IOIBUF_X89_Y35_N61                    ; clk~input|o                                   ;
;   0.739  ;   0.000 ;    ; RE   ; 1      ; IOIBUF_X89_Y35_N61                    ; ARRIAV_IO_IBUF                                ;
;   0.739  ;   0.000 ;    ; RE   ; 1      ; IO_INPUT_BUFFER_OUTPUT_X89_Y35_N61_I2 ; IO_INPUT_BUFFER_OUTPUT                        ;
;   0.739  ;   0.000 ;    ; RE   ; 1      ; IO_RE_X89_Y35_N60_I96                 ; IO_RE                                         ;
;   0.833  ;   0.094 ;    ; RE   ; 1      ; IO_RE_X89_Y35_N60_I66                 ; IO_RE                                         ;
;   1.125  ;   0.292 ;    ; RE   ; 1      ; CLKBUF_CLUSTER_RE_X89_Y39_N3_I421     ; CLKBUF_CLUSTER_RE                             ;
;   1.125  ;   0.000 ;    ; RE   ; 1      ; CLKBUF_CLUSTER_RE_X89_Y39_N3_I788     ; CLKBUF_CLUSTER_RE                             ;
;   1.125  ;   0.000 ;    ; RE   ; 1      ; CLKBUF_CLUSTER_RE_X89_Y39_N3_I621     ; CLKBUF_CLUSTER_RE                             ;
;   1.125  ;   0.000 ;    ; RE   ; 1      ; GCLK_CLUSTER_RE_X89_Y39_N9_I10        ; GCLK_CLUSTER_RE                               ;
;   1.125  ;   0.000 ;    ; RE   ; 1      ; CLKBUFBLOCK_INPUT_X89_Y39_N10_I0      ; CLKBUFBLOCK_INPUT                             ;
;   1.125  ;   0.000 ; RR ; IC   ; 1      ; CLKCTRL_G10                           ; clk~inputCLKENA0|inclk                        ;
;   1.632  ;   0.507 ; RR ; CELL ; 1674   ; CLKCTRL_G10                           ; clk~inputCLKENA0|outclk                       ;
;   1.632  ;   0.000 ;    ; RE   ; 1      ; CLKCTRL_G10                           ; ARRIAV_CLKBUF                                 ;
;   1.632  ;   0.000 ;    ; RE   ; 1      ; CLKBUFBLOCK_OUTPUT_X89_Y39_N10_I2     ; CLKBUFBLOCK_OUTPUT                            ;
;   1.632  ;   0.000 ;    ; RE   ; 1      ; GCLK_CLUSTER_RE_X89_Y39_N9_I12        ; GCLK_CLUSTER_RE                               ;
;   1.632  ;   0.000 ;    ; RE   ; 1      ; CLKBUF_CLUSTER_RE_X89_Y39_N3_I417     ; CLKBUF_CLUSTER_RE                             ;
;   2.453  ;   0.821 ;    ; RE   ; 5      ; GLOBAL_CLOCK_X0_Y36_N0_I10            ; GLOBAL_CLOCK                                  ;
;   2.595  ;   0.142 ;    ; RE   ; 16     ; SPINE_CLOCK_X55_Y19_N0_I11            ; SPINE_CLOCK                                   ;
;   3.000  ;   0.405 ;    ; RE   ; 1      ; SCLK_TO_ROWCLK_BUF_X55_Y29_N0_I67     ; SCLK_TO_ROWCLK_BUF                            ;
;   3.094  ;   0.094 ;    ; RE   ; 2      ; SCLK_TO_ROWCLK_BUF_X55_Y29_N0_I70     ; SCLK_TO_ROWCLK_BUF                            ;
;   3.572  ;   0.478 ;    ; RE   ; 7      ; LAB_CLK_X45_Y29_N0_I5                 ; LAB_CLK                                       ;
;   3.707  ;   0.135 ;    ; RE   ; 1      ; BLK_CLK_BUF_X48_Y29_N0_I5             ; BLK_CLK_BUF                                   ;
;   3.762  ;   0.055 ;    ; RE   ; 1      ; ROWCLKSEL_PREBUF_X48_Y29_N0_I5        ; ROWCLKSEL_PREBUF                              ;
;   3.821  ;   0.059 ;    ; RE   ; 1      ; ROWCLKSEL_X48_Y29_N0_I0               ; ROWCLKSEL                                     ;
;   3.821  ;   0.000 ;    ; RE   ; 1      ; GLOBAL_LOCAL_SEL_X48_Y29_N0_I0        ; GLOBAL_LOCAL_SEL                              ;
;   3.821  ;   0.000 ;    ; RE   ; 4      ; LAB_INPUT_X48_Y29_N0_I0               ; LAB_INPUT                                     ;
;   3.822  ;   0.001 ; RR ; IC   ; 1      ; FF_X48_Y29_N5                         ; state_array[3][2][12]|clk                     ;
;   4.484  ;   0.662 ; RR ; CELL ; 1      ; FF_X48_Y29_N5                         ; state_array[3][2][12]                         ;
; 11.205   ; 6.721   ;    ;      ;        ;                                       ; data path                                     ;
;   4.484  ;   0.000 ;    ; uTco ; 1      ; FF_X48_Y29_N5                         ; state_array[3][2][12]                         ;
;   4.484  ;   0.000 ; FF ; CELL ; 6      ; FF_X48_Y29_N5                         ; state_array[3][2][12]|q                       ;
;   4.544  ;   0.060 ;    ; RE   ; 2      ; FF_X48_Y29_N5                         ; ARRIAV_FF                                     ;
;   4.653  ;   0.109 ;    ; RE   ; 3      ; LE_BUFFER_X48_Y29_N0_I3               ; LE_BUFFER                                     ;
;   4.881  ;   0.228 ;    ; RE   ; 1      ; C2_X47_Y27_N0_I19                     ; V_SEG2                                        ;
;   5.246  ;   0.365 ;    ; RE   ; 1      ; R6_X48_Y28_N0_I3                      ; H_SEG6                                        ;
;   5.609  ;   0.363 ;    ; RE   ; 1      ; R6_X54_Y28_N0_I8                      ; H_SEG6                                        ;
;   5.914  ;   0.305 ;    ; RE   ; 1      ; LOCAL_INTERCONNECT_X55_Y28_N0_I43     ; LAB_LINE                                      ;
;   6.056  ;   0.142 ;    ; RE   ; 1      ; BLOCK_INPUT_MUX_X55_Y28_N0_I6         ; LEIM_INPUT                                    ;
;   6.056  ;   0.000 ; FF ; IC   ; 1      ; LABCELL_X55_Y28_N3                    ; KSU|u_theta|C[3][12]|datae                    ;
;   6.458  ;   0.402 ; FR ; CELL ; 2      ; LABCELL_X55_Y28_N3                    ; KSU|u_theta|C[3][12]|combout                  ;
;   6.458  ;   0.000 ;    ; RE   ; 2      ; LABCELL_X55_Y28_N3                    ; ARRIAV_LCELL_COMB                             ;
;   6.580  ;   0.122 ;    ; RE   ; 1      ; LOCAL_LINE_X55_Y28_N0_I1              ; LOCAL_LINE                                    ;
;   6.738  ;   0.158 ;    ; RE   ; 1      ; BLOCK_INPUT_MUX_X55_Y28_N0_I62        ; LEIM_INPUT                                    ;
;   6.738  ;   0.000 ; RR ; IC   ; 1      ; LABCELL_X55_Y28_N45                   ; KSU|u_theta|state_array_o[2][0][13]~0|datad   ;
;   7.160  ;   0.422 ; RF ; CELL ; 15     ; LABCELL_X55_Y28_N45                   ; KSU|u_theta|state_array_o[2][0][13]~0|combout ;
;   7.160  ;   0.000 ;    ; RE   ; 1      ; LABCELL_X55_Y28_N45                   ; ARRIAV_LCELL_COMB                             ;
;   7.276  ;   0.116 ;    ; RE   ; 3      ; LE_BUFFER_X55_Y28_N0_I31              ; LE_BUFFER                                     ;
;   7.686  ;   0.410 ;    ; RE   ; 2      ; R6_X55_Y28_N0_I17                     ; H_SEG6                                        ;
;   8.124  ;   0.438 ;    ; RE   ; 2      ; R6_X60_Y28_N0_I13                     ; H_SEG6                                        ;
;   8.485  ;   0.361 ;    ; RE   ; 2      ; C4_X64_Y24_N0_I7                      ; V_SEG4                                        ;
;   8.813  ;   0.328 ;    ; RE   ; 1      ; R3_X65_Y25_N0_I3                      ; H_SEG3                                        ;
;   9.024  ;   0.211 ;    ; RE   ; 2      ; LOCAL_INTERCONNECT_X67_Y25_N0_I36     ; LAB_LINE                                      ;
;   9.162  ;   0.138 ;    ; RE   ; 1      ; BLOCK_INPUT_MUX_X67_Y25_N0_I41        ; LEIM_INPUT                                    ;
;   9.162  ;   0.000 ; FF ; IC   ; 1      ; LABCELL_X67_Y25_N30                   ; state_array~943|dataf                         ;
;   9.252  ;   0.090 ; FF ; CELL ; 1      ; LABCELL_X67_Y25_N30                   ; state_array~943|combout                       ;
;   9.252  ;   0.000 ;    ; RE   ; 1      ; LABCELL_X67_Y25_N30                   ; ARRIAV_LCELL_COMB                             ;
;   9.331  ;   0.079 ;    ; RE   ; 1      ; LE_BUFFER_X67_Y25_N0_I20              ; LE_BUFFER                                     ;
;   9.501  ;   0.170 ;    ; RE   ; 1      ; R3_X65_Y25_N0_I20                     ; H_SEG3                                        ;
;   9.775  ;   0.274 ;    ; RE   ; 1      ; C4_X67_Y26_N0_I4                      ; V_SEG4                                        ;
;   10.139 ;   0.364 ;    ; RE   ; 1      ; C4_X67_Y30_N0_I4                      ; V_SEG4                                        ;
;   10.461 ;   0.322 ;    ; RE   ; 1      ; R6_X62_Y32_N0_I39                     ; H_SEG6                                        ;
;   10.680 ;   0.219 ;    ; RE   ; 1      ; LOCAL_INTERCONNECT_X67_Y32_N0_I30     ; LAB_LINE                                      ;
;   10.815 ;   0.135 ;    ; RE   ; 1      ; BLOCK_INPUT_MUX_X67_Y32_N0_I7         ; LEIM_INPUT                                    ;
;   10.815 ;   0.000 ; FF ; IC   ; 1      ; LABCELL_X67_Y32_N3                    ; state_array~944|dataf                         ;
;   10.899 ;   0.084 ; FF ; CELL ; 1      ; LABCELL_X67_Y32_N3                    ; state_array~944|combout                       ;
;   10.899 ;   0.000 ;    ; RE   ; 1      ; LABCELL_X67_Y32_N3                    ; ARRIAV_LCELL_COMB                             ;
;   10.899 ;   0.000 ; FF ; IC   ; 1      ; FF_X67_Y32_N5                         ; state_array[2][3][28]|d                       ;
;   11.205 ;   0.306 ; FF ; CELL ; 1      ; FF_X67_Y32_N5                         ; state_array[2][3][28]                         ;
+----------+---------+----+------+--------+---------------------------------------+-----------------------------------------------+

+-------------------------------------------------------------------------------------------------------------+
; Data Required Path                                                                                          ;
+----------+---------+----+------+--------+---------------------------------------+---------------------------+
; Total    ; Incr    ; RF ; Type ; Fanout ; Location                              ; Element                   ;
+----------+---------+----+------+--------+---------------------------------------+---------------------------+
; 7.407    ; 7.407   ;    ;      ;        ;                                       ; latch edge time           ;
; 11.690   ; 4.283   ;    ;      ;        ;                                       ; clock path                ;
;   7.407  ;   0.000 ;    ;      ;        ;                                       ; source latency            ;
;   7.407  ;   0.000 ;    ;      ; 1      ; PIN_M16                               ; clk                       ;
;   7.407  ;   0.000 ;    ; RE   ; 1      ; IOPAD_X89_Y35_N60                     ; ARRIAV_IO_PAD             ;
;   7.407  ;   0.000 ;    ; RE   ; 1      ; IO_PAD_OUTPUT_X89_Y35_N60_I1          ; IO_PAD_OUTPUT             ;
;   7.407  ;   0.000 ;    ; RE   ; 1      ; IO_INPUT_BUFFER_INPUT_X89_Y35_N61_I0  ; IO_INPUT_BUFFER_INPUT     ;
;   7.407  ;   0.000 ; RR ; IC   ; 1      ; IOIBUF_X89_Y35_N61                    ; clk~input|i               ;
;   8.146  ;   0.739 ; RR ; CELL ; 1      ; IOIBUF_X89_Y35_N61                    ; clk~input|o               ;
;   8.146  ;   0.000 ;    ; RE   ; 1      ; IOIBUF_X89_Y35_N61                    ; ARRIAV_IO_IBUF            ;
;   8.146  ;   0.000 ;    ; RE   ; 1      ; IO_INPUT_BUFFER_OUTPUT_X89_Y35_N61_I2 ; IO_INPUT_BUFFER_OUTPUT    ;
;   8.146  ;   0.000 ;    ; RE   ; 1      ; IO_RE_X89_Y35_N60_I96                 ; IO_RE                     ;
;   8.234  ;   0.088 ;    ; RE   ; 1      ; IO_RE_X89_Y35_N60_I66                 ; IO_RE                     ;
;   8.509  ;   0.275 ;    ; RE   ; 1      ; CLKBUF_CLUSTER_RE_X89_Y39_N3_I421     ; CLKBUF_CLUSTER_RE         ;
;   8.509  ;   0.000 ;    ; RE   ; 1      ; CLKBUF_CLUSTER_RE_X89_Y39_N3_I788     ; CLKBUF_CLUSTER_RE         ;
;   8.509  ;   0.000 ;    ; RE   ; 1      ; CLKBUF_CLUSTER_RE_X89_Y39_N3_I621     ; CLKBUF_CLUSTER_RE         ;
;   8.509  ;   0.000 ;    ; RE   ; 1      ; GCLK_CLUSTER_RE_X89_Y39_N9_I10        ; GCLK_CLUSTER_RE           ;
;   8.509  ;   0.000 ;    ; RE   ; 1      ; CLKBUFBLOCK_INPUT_X89_Y39_N10_I0      ; CLKBUFBLOCK_INPUT         ;
;   8.509  ;   0.000 ; RR ; IC   ; 1      ; CLKCTRL_G10                           ; clk~inputCLKENA0|inclk    ;
;   8.979  ;   0.470 ; RR ; CELL ; 1674   ; CLKCTRL_G10                           ; clk~inputCLKENA0|outclk   ;
;   8.979  ;   0.000 ;    ; RE   ; 1      ; CLKCTRL_G10                           ; ARRIAV_CLKBUF             ;
;   8.979  ;   0.000 ;    ; RE   ; 1      ; CLKBUFBLOCK_OUTPUT_X89_Y39_N10_I2     ; CLKBUFBLOCK_OUTPUT        ;
;   8.979  ;   0.000 ;    ; RE   ; 1      ; GCLK_CLUSTER_RE_X89_Y39_N9_I12        ; GCLK_CLUSTER_RE           ;
;   8.979  ;   0.000 ;    ; RE   ; 1      ; CLKBUF_CLUSTER_RE_X89_Y39_N3_I417     ; CLKBUF_CLUSTER_RE         ;
;   9.761  ;   0.782 ;    ; RE   ; 5      ; GLOBAL_CLOCK_X0_Y36_N0_I10            ; GLOBAL_CLOCK              ;
;   9.903  ;   0.142 ;    ; RE   ; 15     ; SPINE_CLOCK_X77_Y19_N0_I16            ; SPINE_CLOCK               ;
;   10.293 ;   0.390 ;    ; RE   ; 1      ; SCLK_TO_ROWCLK_BUF_X77_Y32_N0_I97     ; SCLK_TO_ROWCLK_BUF        ;
;   10.374 ;   0.081 ;    ; RE   ; 1      ; SCLK_TO_ROWCLK_BUF_X77_Y32_N0_I100    ; SCLK_TO_ROWCLK_BUF        ;
;   10.827 ;   0.453 ;    ; RE   ; 8      ; LAB_CLK_X67_Y32_N0_I5                 ; LAB_CLK                   ;
;   10.950 ;   0.123 ;    ; RE   ; 1      ; BLK_CLK_BUF_X67_Y32_N0_I5             ; BLK_CLK_BUF               ;
;   11.003 ;   0.053 ;    ; RE   ; 1      ; ROWCLKSEL_PREBUF_X67_Y32_N0_I5        ; ROWCLKSEL_PREBUF          ;
;   11.058 ;   0.055 ;    ; RE   ; 1      ; ROWCLKSEL_X67_Y32_N0_I0               ; ROWCLKSEL                 ;
;   11.058 ;   0.000 ;    ; RE   ; 1      ; GLOBAL_LOCAL_SEL_X67_Y32_N0_I0        ; GLOBAL_LOCAL_SEL          ;
;   11.058 ;   0.000 ;    ; RE   ; 9      ; LAB_INPUT_X67_Y32_N0_I0               ; LAB_INPUT                 ;
;   11.059 ;   0.001 ; RR ; IC   ; 1      ; FF_X67_Y32_N5                         ; state_array[2][3][28]|clk ;
;   11.630 ;   0.571 ; RR ; CELL ; 1      ; FF_X67_Y32_N5                         ; state_array[2][3][28]     ;
;   11.690 ;   0.060 ;    ;      ;        ;                                       ; clock pessimism removed   ;
; 11.590   ; -0.100  ;    ;      ;        ;                                       ; clock uncertainty         ;
; 11.590   ; 0.000   ;    ; uTsu ; 1      ; FF_X67_Y32_N5                         ; state_array[2][3][28]     ;
+----------+---------+----+------+--------+---------------------------------------+---------------------------+

----------------------------
; Extra Fitter Information ;
----------------------------
HTML report is unavailable in plain text report export.


Path #19: Setup slack is 0.388 
===============================================================================
+--------------------------------------------+
; Path Summary                               ;
+--------------------+-----------------------+
; Property           ; Value                 ;
+--------------------+-----------------------+
; From Node          ; state_array[0][3][48] ;
; To Node            ; state_array[4][4][50] ;
; Launch Clock       ; clk                   ;
; Latch Clock        ; clk                   ;
; Data Arrival Time  ; 11.284                ;
; Data Required Time ; 11.672                ;
; Slack              ; 0.388                 ;
+--------------------+-----------------------+

+-------------------------------------------------------------------------------------+
; Statistics                                                                          ;
+------------------------+--------+-------+-------------+------------+--------+-------+
; Property               ; Value  ; Count ; Total Delay ; % of Total ; Min    ; Max   ;
+------------------------+--------+-------+-------------+------------+--------+-------+
; Setup Relationship     ; 7.407  ;       ;             ;            ;        ;       ;
; Clock Skew             ; -0.109 ;       ;             ;            ;        ;       ;
; Data Delay             ; 6.810  ;       ;             ;            ;        ;       ;
; Number of Logic Levels ;        ; 4     ;             ;            ;        ;       ;
; Physical Delays        ;        ;       ;             ;            ;        ;       ;
;  Arrival Path          ;        ;       ;             ;            ;        ;       ;
;   Clock                ;        ;       ;             ;            ;        ;       ;
;    IC                  ;        ; 3     ; 0.000       ; 0          ; 0.000  ; 0.000 ;
;    Cell                ;        ; 3     ; 1.901       ; 42         ; 0.507  ; 0.739 ;
;    Routing Element     ;        ; 26    ; 2.573       ; 58         ; 0.000  ; 0.821 ;
;   Data                 ;        ;       ;             ;            ;        ;       ;
;    IC                  ;        ; 5     ; 0.000       ; 0          ; -0.001 ; 0.001 ;
;    Cell                ;        ; 6     ; 1.370       ; 20         ; 0.000  ; 0.621 ;
;    uTco                ;        ; 1     ; 0.000       ; 0          ; 0.000  ; 0.000 ;
;    Routing Element     ;        ; 27    ; 5.440       ; 80         ; 0.000  ; 0.605 ;
;  Required Path         ;        ;       ;             ;            ;        ;       ;
;   Clock                ;        ;       ;             ;            ;        ;       ;
;    IC                  ;        ; 3     ; -0.002      ; 0          ; -0.002 ; 0.000 ;
;    Cell                ;        ; 3     ; 1.780       ; 41         ; 0.470  ; 0.739 ;
;    Routing Element     ;        ; 26    ; 2.527       ; 59         ; 0.000  ; 0.792 ;
+------------------------+--------+-------+-------------+------------+--------+-------+
Note: Negative delays are omitted from totals when calculating percentages

+----------------------------------------------------------------------------------------------------------------------------------+
; Data Arrival Path                                                                                                                ;
+----------+----------+----+------+--------+---------------------------------------+-----------------------------------------------+
; Total    ; Incr     ; RF ; Type ; Fanout ; Location                              ; Element                                       ;
+----------+----------+----+------+--------+---------------------------------------+-----------------------------------------------+
; 0.000    ; 0.000    ;    ;      ;        ;                                       ; launch edge time                              ;
; 4.474    ; 4.474    ;    ;      ;        ;                                       ; clock path                                    ;
;   0.000  ;   0.000  ;    ;      ;        ;                                       ; source latency                                ;
;   0.000  ;   0.000  ;    ;      ; 1      ; PIN_M16                               ; clk                                           ;
;   0.000  ;   0.000  ;    ; RE   ; 1      ; IOPAD_X89_Y35_N60                     ; ARRIAV_IO_PAD                                 ;
;   0.000  ;   0.000  ;    ; RE   ; 1      ; IO_PAD_OUTPUT_X89_Y35_N60_I1          ; IO_PAD_OUTPUT                                 ;
;   0.000  ;   0.000  ;    ; RE   ; 1      ; IO_INPUT_BUFFER_INPUT_X89_Y35_N61_I0  ; IO_INPUT_BUFFER_INPUT                         ;
;   0.000  ;   0.000  ; RR ; IC   ; 1      ; IOIBUF_X89_Y35_N61                    ; clk~input|i                                   ;
;   0.739  ;   0.739  ; RR ; CELL ; 1      ; IOIBUF_X89_Y35_N61                    ; clk~input|o                                   ;
;   0.739  ;   0.000  ;    ; RE   ; 1      ; IOIBUF_X89_Y35_N61                    ; ARRIAV_IO_IBUF                                ;
;   0.739  ;   0.000  ;    ; RE   ; 1      ; IO_INPUT_BUFFER_OUTPUT_X89_Y35_N61_I2 ; IO_INPUT_BUFFER_OUTPUT                        ;
;   0.739  ;   0.000  ;    ; RE   ; 1      ; IO_RE_X89_Y35_N60_I96                 ; IO_RE                                         ;
;   0.833  ;   0.094  ;    ; RE   ; 1      ; IO_RE_X89_Y35_N60_I66                 ; IO_RE                                         ;
;   1.125  ;   0.292  ;    ; RE   ; 1      ; CLKBUF_CLUSTER_RE_X89_Y39_N3_I421     ; CLKBUF_CLUSTER_RE                             ;
;   1.125  ;   0.000  ;    ; RE   ; 1      ; CLKBUF_CLUSTER_RE_X89_Y39_N3_I788     ; CLKBUF_CLUSTER_RE                             ;
;   1.125  ;   0.000  ;    ; RE   ; 1      ; CLKBUF_CLUSTER_RE_X89_Y39_N3_I621     ; CLKBUF_CLUSTER_RE                             ;
;   1.125  ;   0.000  ;    ; RE   ; 1      ; GCLK_CLUSTER_RE_X89_Y39_N9_I10        ; GCLK_CLUSTER_RE                               ;
;   1.125  ;   0.000  ;    ; RE   ; 1      ; CLKBUFBLOCK_INPUT_X89_Y39_N10_I0      ; CLKBUFBLOCK_INPUT                             ;
;   1.125  ;   0.000  ; RR ; IC   ; 1      ; CLKCTRL_G10                           ; clk~inputCLKENA0|inclk                        ;
;   1.632  ;   0.507  ; RR ; CELL ; 1674   ; CLKCTRL_G10                           ; clk~inputCLKENA0|outclk                       ;
;   1.632  ;   0.000  ;    ; RE   ; 1      ; CLKCTRL_G10                           ; ARRIAV_CLKBUF                                 ;
;   1.632  ;   0.000  ;    ; RE   ; 1      ; CLKBUFBLOCK_OUTPUT_X89_Y39_N10_I2     ; CLKBUFBLOCK_OUTPUT                            ;
;   1.632  ;   0.000  ;    ; RE   ; 1      ; GCLK_CLUSTER_RE_X89_Y39_N9_I12        ; GCLK_CLUSTER_RE                               ;
;   1.632  ;   0.000  ;    ; RE   ; 1      ; CLKBUF_CLUSTER_RE_X89_Y39_N3_I417     ; CLKBUF_CLUSTER_RE                             ;
;   2.453  ;   0.821  ;    ; RE   ; 5      ; GLOBAL_CLOCK_X0_Y36_N0_I10            ; GLOBAL_CLOCK                                  ;
;   2.598  ;   0.145  ;    ; RE   ; 16     ; SPINE_CLOCK_X55_Y19_N0_I11            ; SPINE_CLOCK                                   ;
;   3.002  ;   0.404  ;    ; RE   ; 1      ; SCLK_TO_ROWCLK_BUF_X55_Y31_N0_I67     ; SCLK_TO_ROWCLK_BUF                            ;
;   3.096  ;   0.094  ;    ; RE   ; 2      ; SCLK_TO_ROWCLK_BUF_X55_Y31_N0_I70     ; SCLK_TO_ROWCLK_BUF                            ;
;   3.574  ;   0.478  ;    ; RE   ; 7      ; LAB_CLK_X45_Y31_N0_I5                 ; LAB_CLK                                       ;
;   3.707  ;   0.133  ;    ; RE   ; 1      ; BLK_CLK_BUF_X51_Y31_N0_I5             ; BLK_CLK_BUF                                   ;
;   3.760  ;   0.053  ;    ; RE   ; 1      ; ROWCLKSEL_PREBUF_X51_Y31_N0_I5        ; ROWCLKSEL_PREBUF                              ;
;   3.819  ;   0.059  ;    ; RE   ; 1      ; ROWCLKSEL_X51_Y31_N0_I0               ; ROWCLKSEL                                     ;
;   3.819  ;   0.000  ;    ; RE   ; 1      ; GLOBAL_LOCAL_SEL_X51_Y31_N0_I0        ; GLOBAL_LOCAL_SEL                              ;
;   3.819  ;   0.000  ;    ; RE   ; 5      ; LAB_INPUT_X51_Y31_N0_I0               ; LAB_INPUT                                     ;
;   3.819  ;   0.000  ; RR ; IC   ; 1      ; FF_X51_Y31_N44                        ; state_array[0][3][48]|clk                     ;
;   4.474  ;   0.655  ; RR ; CELL ; 1      ; FF_X51_Y31_N44                        ; state_array[0][3][48]                         ;
; 11.284   ; 6.810    ;    ;      ;        ;                                       ; data path                                     ;
;   4.474  ;   0.000  ;    ; uTco ; 1      ; FF_X51_Y31_N44                        ; state_array[0][3][48]                         ;
;   4.474  ;   0.000  ; FF ; CELL ; 4      ; FF_X51_Y31_N44                        ; state_array[0][3][48]|q                       ;
;   4.533  ;   0.059  ;    ; RE   ; 2      ; FF_X51_Y31_N44                        ; ARRIAV_FF                                     ;
;   4.638  ;   0.105  ;    ; RE   ; 2      ; LE_BUFFER_X51_Y31_N0_I29              ; LE_BUFFER                                     ;
;   4.966  ;   0.328  ;    ; RE   ; 1      ; C4_X50_Y32_N0_I4                      ; V_SEG4                                        ;
;   5.413  ;   0.447  ;    ; RE   ; 1      ; C4_X50_Y36_N0_I4                      ; V_SEG4                                        ;
;   5.765  ;   0.352  ;    ; RE   ; 1      ; R3_X51_Y37_N0_I11                     ; H_SEG3                                        ;
;   5.948  ;   0.183  ;    ; RE   ; 1      ; LOCAL_INTERCONNECT_X52_Y37_N0_I31     ; LAB_LINE                                      ;
;   6.076  ;   0.128  ;    ; RE   ; 1      ; BLOCK_INPUT_MUX_X52_Y37_N0_I24        ; LEIM_INPUT                                    ;
;   6.076  ;   0.000  ; FF ; IC   ; 1      ; MLABCELL_X52_Y37_N18                  ; KSU|u_theta|C[0][48]|datae                    ;
;   6.338  ;   0.262  ; FF ; CELL ; 2      ; MLABCELL_X52_Y37_N18                  ; KSU|u_theta|C[0][48]|combout                  ;
;   6.338  ;   0.000  ;    ; RE   ; 2      ; MLABCELL_X52_Y37_N18                  ; ARRIAV_LCELL_COMB                             ;
;   6.441  ;   0.103  ;    ; RE   ; 1      ; LE_BUFFER_X52_Y37_N0_I12              ; LE_BUFFER                                     ;
;   6.640  ;   0.199  ;    ; RE   ; 1      ; R3_X53_Y37_N0_I9                      ; H_SEG3                                        ;
;   7.088  ;   0.448  ;    ; RE   ; 1      ; C4_X53_Y33_N0_I9                      ; V_SEG4                                        ;
;   7.693  ;   0.605  ;    ; RE   ; 1      ; R6_X54_Y33_N0_I5                      ; H_SEG6                                        ;
;   8.008  ;   0.315  ;    ; RE   ; 1      ; LOCAL_INTERCONNECT_X59_Y33_N0_I10     ; LAB_LINE                                      ;
;   8.139  ;   0.131  ;    ; RE   ; 1      ; BLOCK_INPUT_MUX_X59_Y33_N0_I25        ; LEIM_INPUT                                    ;
;   8.139  ;   0.000  ; FF ; IC   ; 1      ; MLABCELL_X59_Y33_N18                  ; KSU|u_theta|state_array_o[1][4][48]~0|dataf   ;
;   8.236  ;   0.097  ; FF ; CELL ; 15     ; MLABCELL_X59_Y33_N18                  ; KSU|u_theta|state_array_o[1][4][48]~0|combout ;
;   8.236  ;   0.000  ;    ; RE   ; 3      ; MLABCELL_X59_Y33_N18                  ; ARRIAV_LCELL_COMB                             ;
;   8.341  ;   0.105  ;    ; RE   ; 2      ; LE_BUFFER_X59_Y33_N0_I13              ; LE_BUFFER                                     ;
;   8.588  ;   0.247  ;    ; RE   ; 2      ; C2_X58_Y34_N0_I6                      ; V_SEG2                                        ;
;   8.853  ;   0.265  ;    ; RE   ; 1      ; C2_X58_Y36_N0_I6                      ; V_SEG2                                        ;
;   9.106  ;   0.253  ;    ; RE   ; 2      ; LOCAL_INTERCONNECT_X59_Y36_N0_I6      ; LAB_LINE                                      ;
;   9.215  ;   0.109  ;    ; RE   ; 1      ; BLOCK_INPUT_MUX_X59_Y36_N0_I75        ; LEIM_INPUT                                    ;
;   9.216  ;   0.001  ; FF ; IC   ; 1      ; MLABCELL_X59_Y36_N54                  ; state_array~1658|datab                        ;
;   9.837  ;   0.621  ; FF ; CELL ; 1      ; MLABCELL_X59_Y36_N54                  ; state_array~1658|combout                      ;
;   9.837  ;   0.000  ;    ; RE   ; 1      ; MLABCELL_X59_Y36_N54                  ; ARRIAV_LCELL_COMB                             ;
;   9.916  ;   0.079  ;    ; RE   ; 1      ; LE_BUFFER_X59_Y36_N0_I36              ; LE_BUFFER                                     ;
;   10.250 ;   0.334  ;    ; RE   ; 1      ; C2_X59_Y37_N0_I5                      ; V_SEG2                                        ;
;   10.554 ;   0.304  ;    ; RE   ; 1      ; R3_X57_Y38_N0_I23                     ; H_SEG3                                        ;
;   10.747 ;   0.193  ;    ; RE   ; 1      ; LOCAL_INTERCONNECT_X59_Y38_N0_I45     ; LAB_LINE                                      ;
;   10.895 ;   0.148  ;    ; RE   ; 1      ; BLOCK_INPUT_MUX_X59_Y38_N0_I7         ; LEIM_INPUT                                    ;
;   10.894 ;   -0.001 ; FF ; IC   ; 1      ; MLABCELL_X59_Y38_N3                   ; state_array~1659|dataf                        ;
;   10.978 ;   0.084  ; FF ; CELL ; 1      ; MLABCELL_X59_Y38_N3                   ; state_array~1659|combout                      ;
;   10.978 ;   0.000  ;    ; RE   ; 1      ; MLABCELL_X59_Y38_N3                   ; ARRIAV_LCELL_COMB                             ;
;   10.978 ;   0.000  ; FF ; IC   ; 1      ; FF_X59_Y38_N5                         ; state_array[4][4][50]|d                       ;
;   11.284 ;   0.306  ; FF ; CELL ; 1      ; FF_X59_Y38_N5                         ; state_array[4][4][50]                         ;
+----------+----------+----+------+--------+---------------------------------------+-----------------------------------------------+

+--------------------------------------------------------------------------------------------------------------+
; Data Required Path                                                                                           ;
+----------+----------+----+------+--------+---------------------------------------+---------------------------+
; Total    ; Incr     ; RF ; Type ; Fanout ; Location                              ; Element                   ;
+----------+----------+----+------+--------+---------------------------------------+---------------------------+
; 7.407    ; 7.407    ;    ;      ;        ;                                       ; latch edge time           ;
; 11.772   ; 4.365    ;    ;      ;        ;                                       ; clock path                ;
;   7.407  ;   0.000  ;    ;      ;        ;                                       ; source latency            ;
;   7.407  ;   0.000  ;    ;      ; 1      ; PIN_M16                               ; clk                       ;
;   7.407  ;   0.000  ;    ; RE   ; 1      ; IOPAD_X89_Y35_N60                     ; ARRIAV_IO_PAD             ;
;   7.407  ;   0.000  ;    ; RE   ; 1      ; IO_PAD_OUTPUT_X89_Y35_N60_I1          ; IO_PAD_OUTPUT             ;
;   7.407  ;   0.000  ;    ; RE   ; 1      ; IO_INPUT_BUFFER_INPUT_X89_Y35_N61_I0  ; IO_INPUT_BUFFER_INPUT     ;
;   7.407  ;   0.000  ; RR ; IC   ; 1      ; IOIBUF_X89_Y35_N61                    ; clk~input|i               ;
;   8.146  ;   0.739  ; RR ; CELL ; 1      ; IOIBUF_X89_Y35_N61                    ; clk~input|o               ;
;   8.146  ;   0.000  ;    ; RE   ; 1      ; IOIBUF_X89_Y35_N61                    ; ARRIAV_IO_IBUF            ;
;   8.146  ;   0.000  ;    ; RE   ; 1      ; IO_INPUT_BUFFER_OUTPUT_X89_Y35_N61_I2 ; IO_INPUT_BUFFER_OUTPUT    ;
;   8.146  ;   0.000  ;    ; RE   ; 1      ; IO_RE_X89_Y35_N60_I96                 ; IO_RE                     ;
;   8.234  ;   0.088  ;    ; RE   ; 1      ; IO_RE_X89_Y35_N60_I66                 ; IO_RE                     ;
;   8.509  ;   0.275  ;    ; RE   ; 1      ; CLKBUF_CLUSTER_RE_X89_Y39_N3_I421     ; CLKBUF_CLUSTER_RE         ;
;   8.509  ;   0.000  ;    ; RE   ; 1      ; CLKBUF_CLUSTER_RE_X89_Y39_N3_I788     ; CLKBUF_CLUSTER_RE         ;
;   8.509  ;   0.000  ;    ; RE   ; 1      ; CLKBUF_CLUSTER_RE_X89_Y39_N3_I621     ; CLKBUF_CLUSTER_RE         ;
;   8.509  ;   0.000  ;    ; RE   ; 1      ; GCLK_CLUSTER_RE_X89_Y39_N9_I10        ; GCLK_CLUSTER_RE           ;
;   8.509  ;   0.000  ;    ; RE   ; 1      ; CLKBUFBLOCK_INPUT_X89_Y39_N10_I0      ; CLKBUFBLOCK_INPUT         ;
;   8.509  ;   0.000  ; RR ; IC   ; 1      ; CLKCTRL_G10                           ; clk~inputCLKENA0|inclk    ;
;   8.979  ;   0.470  ; RR ; CELL ; 1674   ; CLKCTRL_G10                           ; clk~inputCLKENA0|outclk   ;
;   8.979  ;   0.000  ;    ; RE   ; 1      ; CLKCTRL_G10                           ; ARRIAV_CLKBUF             ;
;   8.979  ;   0.000  ;    ; RE   ; 1      ; CLKBUFBLOCK_OUTPUT_X89_Y39_N10_I2     ; CLKBUFBLOCK_OUTPUT        ;
;   8.979  ;   0.000  ;    ; RE   ; 1      ; GCLK_CLUSTER_RE_X89_Y39_N9_I12        ; GCLK_CLUSTER_RE           ;
;   8.979  ;   0.000  ;    ; RE   ; 1      ; CLKBUF_CLUSTER_RE_X89_Y39_N3_I417     ; CLKBUF_CLUSTER_RE         ;
;   9.771  ;   0.792  ;    ; RE   ; 5      ; GLOBAL_CLOCK_X0_Y36_N0_I10            ; GLOBAL_CLOCK              ;
;   9.925  ;   0.154  ;    ; RE   ; 4      ; SPINE_CLOCK_X55_Y37_N0_I11            ; SPINE_CLOCK               ;
;   10.348 ;   0.423  ;    ; RE   ; 1      ; SCLK_TO_ROWCLK_BUF_X55_Y38_N0_I67     ; SCLK_TO_ROWCLK_BUF        ;
;   10.440 ;   0.092  ;    ; RE   ; 2      ; SCLK_TO_ROWCLK_BUF_X55_Y38_N0_I70     ; SCLK_TO_ROWCLK_BUF        ;
;   10.905 ;   0.465  ;    ; RE   ; 10     ; LAB_CLK_X56_Y38_N0_I5                 ; LAB_CLK                   ;
;   11.034 ;   0.129  ;    ; RE   ; 1      ; BLK_CLK_BUF_X59_Y38_N0_I5             ; BLK_CLK_BUF               ;
;   11.089 ;   0.055  ;    ; RE   ; 1      ; ROWCLKSEL_PREBUF_X59_Y38_N0_I5        ; ROWCLKSEL_PREBUF          ;
;   11.143 ;   0.054  ;    ; RE   ; 1      ; ROWCLKSEL_X59_Y38_N0_I0               ; ROWCLKSEL                 ;
;   11.143 ;   0.000  ;    ; RE   ; 1      ; GLOBAL_LOCAL_SEL_X59_Y38_N0_I0        ; GLOBAL_LOCAL_SEL          ;
;   11.143 ;   0.000  ;    ; RE   ; 4      ; LAB_INPUT_X59_Y38_N0_I0               ; LAB_INPUT                 ;
;   11.141 ;   -0.002 ; RR ; IC   ; 1      ; FF_X59_Y38_N5                         ; state_array[4][4][50]|clk ;
;   11.712 ;   0.571  ; RR ; CELL ; 1      ; FF_X59_Y38_N5                         ; state_array[4][4][50]     ;
;   11.772 ;   0.060  ;    ;      ;        ;                                       ; clock pessimism removed   ;
; 11.672   ; -0.100   ;    ;      ;        ;                                       ; clock uncertainty         ;
; 11.672   ; 0.000    ;    ; uTsu ; 1      ; FF_X59_Y38_N5                         ; state_array[4][4][50]     ;
+----------+----------+----+------+--------+---------------------------------------+---------------------------+

----------------------------
; Extra Fitter Information ;
----------------------------
HTML report is unavailable in plain text report export.


Path #20: Setup slack is 0.390 
===============================================================================
+--------------------------------------------+
; Path Summary                               ;
+--------------------+-----------------------+
; Property           ; Value                 ;
+--------------------+-----------------------+
; From Node          ; state_array[1][1][47] ;
; To Node            ; state_array[0][3][20] ;
; Launch Clock       ; clk                   ;
; Latch Clock        ; clk                   ;
; Data Arrival Time  ; 11.253                ;
; Data Required Time ; 11.643                ;
; Slack              ; 0.390                 ;
+--------------------+-----------------------+

+-------------------------------------------------------------------------------------+
; Statistics                                                                          ;
+------------------------+--------+-------+-------------+------------+--------+-------+
; Property               ; Value  ; Count ; Total Delay ; % of Total ; Min    ; Max   ;
+------------------------+--------+-------+-------------+------------+--------+-------+
; Setup Relationship     ; 7.407  ;       ;             ;            ;        ;       ;
; Clock Skew             ; -0.162 ;       ;             ;            ;        ;       ;
; Data Delay             ; 6.755  ;       ;             ;            ;        ;       ;
; Number of Logic Levels ;        ; 5     ;             ;            ;        ;       ;
; Physical Delays        ;        ;       ;             ;            ;        ;       ;
;  Arrival Path          ;        ;       ;             ;            ;        ;       ;
;   Clock                ;        ;       ;             ;            ;        ;       ;
;    IC                  ;        ; 3     ; -0.001      ; 0          ; -0.001 ; 0.000 ;
;    Cell                ;        ; 3     ; 1.908       ; 42         ; 0.507  ; 0.739 ;
;    Routing Element     ;        ; 26    ; 2.591       ; 58         ; 0.000  ; 0.821 ;
;   Data                 ;        ;       ;             ;            ;        ;       ;
;    IC                  ;        ; 6     ; -0.002      ; 0          ; -0.001 ; 0.000 ;
;    Cell                ;        ; 7     ; 1.110       ; 16         ; 0.000  ; 0.413 ;
;    uTco                ;        ; 1     ; 0.000       ; 0          ; 0.000  ; 0.000 ;
;    Routing Element     ;        ; 34    ; 5.647       ; 84         ; 0.000  ; 0.464 ;
;  Required Path         ;        ;       ;             ;            ;        ;       ;
;   Clock                ;        ;       ;             ;            ;        ;       ;
;    IC                  ;        ; 3     ; 0.000       ; 0          ; 0.000  ; 0.000 ;
;    Cell                ;        ; 3     ; 1.773       ; 42         ; 0.470  ; 0.739 ;
;    Routing Element     ;        ; 26    ; 2.458       ; 58         ; 0.000  ; 0.776 ;
+------------------------+--------+-------+-------------+------------+--------+-------+
Note: Negative delays are omitted from totals when calculating percentages

+--------------------------------------------------------------------------------------------------------------------------------------+
; Data Arrival Path                                                                                                                    ;
+----------+----------+----+------+--------+-------------------------------------------+-----------------------------------------------+
; Total    ; Incr     ; RF ; Type ; Fanout ; Location                                  ; Element                                       ;
+----------+----------+----+------+--------+-------------------------------------------+-----------------------------------------------+
; 0.000    ; 0.000    ;    ;      ;        ;                                           ; launch edge time                              ;
; 4.498    ; 4.498    ;    ;      ;        ;                                           ; clock path                                    ;
;   0.000  ;   0.000  ;    ;      ;        ;                                           ; source latency                                ;
;   0.000  ;   0.000  ;    ;      ; 1      ; PIN_M16                                   ; clk                                           ;
;   0.000  ;   0.000  ;    ; RE   ; 1      ; IOPAD_X89_Y35_N60                         ; ARRIAV_IO_PAD                                 ;
;   0.000  ;   0.000  ;    ; RE   ; 1      ; IO_PAD_OUTPUT_X89_Y35_N60_I1              ; IO_PAD_OUTPUT                                 ;
;   0.000  ;   0.000  ;    ; RE   ; 1      ; IO_INPUT_BUFFER_INPUT_X89_Y35_N61_I0      ; IO_INPUT_BUFFER_INPUT                         ;
;   0.000  ;   0.000  ; RR ; IC   ; 1      ; IOIBUF_X89_Y35_N61                        ; clk~input|i                                   ;
;   0.739  ;   0.739  ; RR ; CELL ; 1      ; IOIBUF_X89_Y35_N61                        ; clk~input|o                                   ;
;   0.739  ;   0.000  ;    ; RE   ; 1      ; IOIBUF_X89_Y35_N61                        ; ARRIAV_IO_IBUF                                ;
;   0.739  ;   0.000  ;    ; RE   ; 1      ; IO_INPUT_BUFFER_OUTPUT_X89_Y35_N61_I2     ; IO_INPUT_BUFFER_OUTPUT                        ;
;   0.739  ;   0.000  ;    ; RE   ; 1      ; IO_RE_X89_Y35_N60_I96                     ; IO_RE                                         ;
;   0.833  ;   0.094  ;    ; RE   ; 1      ; IO_RE_X89_Y35_N60_I66                     ; IO_RE                                         ;
;   1.125  ;   0.292  ;    ; RE   ; 1      ; CLKBUF_CLUSTER_RE_X89_Y39_N3_I421         ; CLKBUF_CLUSTER_RE                             ;
;   1.125  ;   0.000  ;    ; RE   ; 1      ; CLKBUF_CLUSTER_RE_X89_Y39_N3_I788         ; CLKBUF_CLUSTER_RE                             ;
;   1.125  ;   0.000  ;    ; RE   ; 1      ; CLKBUF_CLUSTER_RE_X89_Y39_N3_I621         ; CLKBUF_CLUSTER_RE                             ;
;   1.125  ;   0.000  ;    ; RE   ; 1      ; GCLK_CLUSTER_RE_X89_Y39_N9_I10            ; GCLK_CLUSTER_RE                               ;
;   1.125  ;   0.000  ;    ; RE   ; 1      ; CLKBUFBLOCK_INPUT_X89_Y39_N10_I0          ; CLKBUFBLOCK_INPUT                             ;
;   1.125  ;   0.000  ; RR ; IC   ; 1      ; CLKCTRL_G10                               ; clk~inputCLKENA0|inclk                        ;
;   1.632  ;   0.507  ; RR ; CELL ; 1674   ; CLKCTRL_G10                               ; clk~inputCLKENA0|outclk                       ;
;   1.632  ;   0.000  ;    ; RE   ; 1      ; CLKCTRL_G10                               ; ARRIAV_CLKBUF                                 ;
;   1.632  ;   0.000  ;    ; RE   ; 1      ; CLKBUFBLOCK_OUTPUT_X89_Y39_N10_I2         ; CLKBUFBLOCK_OUTPUT                            ;
;   1.632  ;   0.000  ;    ; RE   ; 1      ; GCLK_CLUSTER_RE_X89_Y39_N9_I12            ; GCLK_CLUSTER_RE                               ;
;   1.632  ;   0.000  ;    ; RE   ; 1      ; CLKBUF_CLUSTER_RE_X89_Y39_N3_I417         ; CLKBUF_CLUSTER_RE                             ;
;   2.453  ;   0.821  ;    ; RE   ; 5      ; GLOBAL_CLOCK_X0_Y36_N0_I10                ; GLOBAL_CLOCK                                  ;
;   2.601  ;   0.148  ;    ; RE   ; 16     ; SPINE_CLOCK_X55_Y19_N0_I11                ; SPINE_CLOCK                                   ;
;   3.005  ;   0.404  ;    ; RE   ; 1      ; SCLK_TO_ROWCLK_BUF_X55_Y36_N0_I67         ; SCLK_TO_ROWCLK_BUF                            ;
;   3.099  ;   0.094  ;    ; RE   ; 2      ; SCLK_TO_ROWCLK_BUF_X55_Y36_N0_I70         ; SCLK_TO_ROWCLK_BUF                            ;
;   3.581  ;   0.482  ;    ; RE   ; 10     ; LAB_CLK_X56_Y36_N0_I5                     ; LAB_CLK                                       ;
;   3.721  ;   0.140  ;    ; RE   ; 1      ; BLK_CLK_BUF_X60_Y36_N0_I5                 ; BLK_CLK_BUF                                   ;
;   3.778  ;   0.057  ;    ; RE   ; 1      ; ROWCLKSEL_PREBUF_X60_Y36_N0_I5            ; ROWCLKSEL_PREBUF                              ;
;   3.837  ;   0.059  ;    ; RE   ; 1      ; ROWCLKSEL_X60_Y36_N0_I0                   ; ROWCLKSEL                                     ;
;   3.837  ;   0.000  ;    ; RE   ; 1      ; GLOBAL_LOCAL_SEL_X60_Y36_N0_I0            ; GLOBAL_LOCAL_SEL                              ;
;   3.837  ;   0.000  ;    ; RE   ; 3      ; LAB_INPUT_X60_Y36_N0_I0                   ; LAB_INPUT                                     ;
;   3.836  ;   -0.001 ; RR ; IC   ; 1      ; FF_X60_Y36_N5                             ; state_array[1][1][47]|clk                     ;
;   4.498  ;   0.662  ; RR ; CELL ; 1      ; FF_X60_Y36_N5                             ; state_array[1][1][47]                         ;
; 11.253   ; 6.755    ;    ;      ;        ;                                           ; data path                                     ;
;   4.498  ;   0.000  ;    ; uTco ; 1      ; FF_X60_Y36_N5                             ; state_array[1][1][47]                         ;
;   4.498  ;   0.000  ; FF ; CELL ; 7      ; FF_X60_Y36_N5                             ; state_array[1][1][47]|q                       ;
;   4.558  ;   0.060  ;    ; RE   ; 2      ; FF_X60_Y36_N5                             ; ARRIAV_FF                                     ;
;   4.651  ;   0.093  ;    ; RE   ; 1      ; LE_BUFFER_X60_Y36_N0_I3                   ; LE_BUFFER                                     ;
;   4.870  ;   0.219  ;    ; RE   ; 2      ; C2_X59_Y34_N0_I19                         ; V_SEG2                                        ;
;   5.124  ;   0.254  ;    ; RE   ; 1      ; R3_X60_Y35_N0_I9                          ; H_SEG3                                        ;
;   5.321  ;   0.197  ;    ; RE   ; 1      ; LOCAL_INTERCONNECT_X61_Y35_N0_I31         ; LAB_LINE                                      ;
;   5.454  ;   0.133  ;    ; RE   ; 1      ; BLOCK_INPUT_MUX_X61_Y35_N0_I40            ; LEIM_INPUT                                    ;
;   5.454  ;   0.000  ; FF ; IC   ; 1      ; LABCELL_X61_Y35_N30                       ; KSU|u_theta|C[1][47]|datad                    ;
;   5.867  ;   0.413  ; FF ; CELL ; 2      ; LABCELL_X61_Y35_N30                       ; KSU|u_theta|C[1][47]|combout                  ;
;   5.867  ;   0.000  ;    ; RE   ; 2      ; LABCELL_X61_Y35_N30                       ; ARRIAV_LCELL_COMB                             ;
;   5.983  ;   0.116  ;    ; RE   ; 1      ; LE_BUFFER_X61_Y35_N0_I21                  ; LE_BUFFER                                     ;
;   6.245  ;   0.262  ;    ; RE   ; 1      ; R3_X58_Y35_N0_I19                         ; H_SEG3                                        ;
;   6.491  ;   0.246  ;    ; RE   ; 1      ; C2_X57_Y36_N0_I1                          ; V_SEG2                                        ;
;   6.955  ;   0.464  ;    ; RE   ; 1      ; R6_X52_Y36_N0_I26                         ; H_SEG6                                        ;
;   7.249  ;   0.294  ;    ; RE   ; 1      ; LOCAL_INTERCONNECT_X53_Y36_N0_I28         ; LAB_LINE                                      ;
;   7.390  ;   0.141  ;    ; RE   ; 1      ; BLOCK_INPUT_MUX_X53_Y36_N0_I23            ; LEIM_INPUT                                    ;
;   7.390  ;   0.000  ; FF ; IC   ; 1      ; LABCELL_X53_Y36_N15                       ; KSU|u_theta|state_array_o[0][4][48]~0|dataf   ;
;   7.485  ;   0.095  ; FF ; CELL ; 6      ; LABCELL_X53_Y36_N15                       ; KSU|u_theta|state_array_o[0][4][48]~0|combout ;
;   7.485  ;   0.000  ;    ; RE   ; 3      ; LABCELL_X53_Y36_N15                       ; ARRIAV_LCELL_COMB                             ;
;   7.565  ;   0.080  ;    ; RE   ; 1      ; LE_BUFFER_X53_Y36_N0_I10                  ; LE_BUFFER                                     ;
;   7.759  ;   0.194  ;    ; RE   ; 1      ; R3_X51_Y36_N0_I18                         ; H_SEG3                                        ;
;   7.759  ;   0.000  ;    ; RE   ; 1      ; R14_C12_INTERCONNECT_DRIVER_X53_Y36_N0_I1 ; WIRE_MUX                                      ;
;   8.050  ;   0.291  ;    ; RE   ; 2      ; R14_X54_Y36_N0_I0                         ; H_SEG14                                       ;
;   8.050  ;   0.000  ;    ; RE   ; 1      ; R14_C12_INTERCONNECT_DRIVER_X67_Y36_N0_I2 ; WIRE_MUX                                      ;
;   8.443  ;   0.393  ;    ; RE   ; 1      ; C12_X67_Y24_N0_I1                         ; V_SEG12                                       ;
;   8.809  ;   0.366  ;    ; RE   ; 1      ; C2_X67_Y28_N0_I14                         ; V_SEG2                                        ;
;   9.037  ;   0.228  ;    ; RE   ; 1      ; R3_X65_Y28_N0_I20                         ; H_SEG3                                        ;
;   9.217  ;   0.180  ;    ; RE   ; 1      ; LOCAL_INTERCONNECT_X67_Y28_N0_I28         ; LAB_LINE                                      ;
;   9.362  ;   0.145  ;    ; RE   ; 1      ; BLOCK_INPUT_MUX_X67_Y28_N0_I71            ; LEIM_INPUT                                    ;
;   9.361  ;   -0.001 ; FF ; IC   ; 1      ; LABCELL_X67_Y28_N51                       ; KSU|u_theta|state_array_o[0][1][48]|dataf     ;
;   9.467  ;   0.106  ; FR ; CELL ; 3      ; LABCELL_X67_Y28_N51                       ; KSU|u_theta|state_array_o[0][1][48]|combout   ;
;   9.467  ;   0.000  ;    ; RE   ; 1      ; LABCELL_X67_Y28_N51                       ; ARRIAV_LCELL_COMB                             ;
;   9.618  ;   0.151  ;    ; RE   ; 3      ; LOCAL_LINE_X67_Y28_N0_I17                 ; LOCAL_LINE                                    ;
;   9.806  ;   0.188  ;    ; RE   ; 1      ; BLOCK_INPUT_MUX_X67_Y28_N0_I39            ; LEIM_INPUT                                    ;
;   9.806  ;   0.000  ; RR ; IC   ; 1      ; LABCELL_X67_Y28_N27                       ; KSU|u_chi|state_array_o[0][3][20]|dataf       ;
;   9.909  ;   0.103  ; RF ; CELL ; 1      ; LABCELL_X67_Y28_N27                       ; KSU|u_chi|state_array_o[0][3][20]|combout     ;
;   9.909  ;   0.000  ;    ; RE   ; 1      ; LABCELL_X67_Y28_N27                       ; ARRIAV_LCELL_COMB                             ;
;   9.984  ;   0.075  ;    ; RE   ; 1      ; LE_BUFFER_X67_Y28_N0_I18                  ; LE_BUFFER                                     ;
;   10.259 ;   0.275  ;    ; RE   ; 1      ; C4_X67_Y24_N0_I7                          ; V_SEG4                                        ;
;   10.561 ;   0.302  ;    ; RE   ; 1      ; R3_X65_Y24_N0_I22                         ; H_SEG3                                        ;
;   10.743 ;   0.182  ;    ; RE   ; 1      ; LOCAL_INTERCONNECT_X66_Y24_N0_I18         ; LAB_LINE                                      ;
;   10.861 ;   0.118  ;    ; RE   ; 1      ; BLOCK_INPUT_MUX_X66_Y24_N0_I73            ; LEIM_INPUT                                    ;
;   10.860 ;   -0.001 ; FF ; IC   ; 1      ; LABCELL_X66_Y24_N54                       ; state_array~703|dataf                         ;
;   10.946 ;   0.086  ; FF ; CELL ; 1      ; LABCELL_X66_Y24_N54                       ; state_array~703|combout                       ;
;   10.946 ;   0.000  ;    ; RE   ; 1      ; LABCELL_X66_Y24_N54                       ; ARRIAV_LCELL_COMB                             ;
;   10.946 ;   0.000  ; FF ; IC   ; 1      ; FF_X66_Y24_N56                            ; state_array[0][3][20]|d                       ;
;   11.253 ;   0.307  ; FF ; CELL ; 1      ; FF_X66_Y24_N56                            ; state_array[0][3][20]                         ;
+----------+----------+----+------+--------+-------------------------------------------+-----------------------------------------------+

+-------------------------------------------------------------------------------------------------------------+
; Data Required Path                                                                                          ;
+----------+---------+----+------+--------+---------------------------------------+---------------------------+
; Total    ; Incr    ; RF ; Type ; Fanout ; Location                              ; Element                   ;
+----------+---------+----+------+--------+---------------------------------------+---------------------------+
; 7.407    ; 7.407   ;    ;      ;        ;                                       ; latch edge time           ;
; 11.743   ; 4.336   ;    ;      ;        ;                                       ; clock path                ;
;   7.407  ;   0.000 ;    ;      ;        ;                                       ; source latency            ;
;   7.407  ;   0.000 ;    ;      ; 1      ; PIN_M16                               ; clk                       ;
;   7.407  ;   0.000 ;    ; RE   ; 1      ; IOPAD_X89_Y35_N60                     ; ARRIAV_IO_PAD             ;
;   7.407  ;   0.000 ;    ; RE   ; 1      ; IO_PAD_OUTPUT_X89_Y35_N60_I1          ; IO_PAD_OUTPUT             ;
;   7.407  ;   0.000 ;    ; RE   ; 1      ; IO_INPUT_BUFFER_INPUT_X89_Y35_N61_I0  ; IO_INPUT_BUFFER_INPUT     ;
;   7.407  ;   0.000 ; RR ; IC   ; 1      ; IOIBUF_X89_Y35_N61                    ; clk~input|i               ;
;   8.146  ;   0.739 ; RR ; CELL ; 1      ; IOIBUF_X89_Y35_N61                    ; clk~input|o               ;
;   8.146  ;   0.000 ;    ; RE   ; 1      ; IOIBUF_X89_Y35_N61                    ; ARRIAV_IO_IBUF            ;
;   8.146  ;   0.000 ;    ; RE   ; 1      ; IO_INPUT_BUFFER_OUTPUT_X89_Y35_N61_I2 ; IO_INPUT_BUFFER_OUTPUT    ;
;   8.146  ;   0.000 ;    ; RE   ; 1      ; IO_RE_X89_Y35_N60_I96                 ; IO_RE                     ;
;   8.234  ;   0.088 ;    ; RE   ; 1      ; IO_RE_X89_Y35_N60_I66                 ; IO_RE                     ;
;   8.509  ;   0.275 ;    ; RE   ; 1      ; CLKBUF_CLUSTER_RE_X89_Y39_N3_I421     ; CLKBUF_CLUSTER_RE         ;
;   8.509  ;   0.000 ;    ; RE   ; 1      ; CLKBUF_CLUSTER_RE_X89_Y39_N3_I788     ; CLKBUF_CLUSTER_RE         ;
;   8.509  ;   0.000 ;    ; RE   ; 1      ; CLKBUF_CLUSTER_RE_X89_Y39_N3_I621     ; CLKBUF_CLUSTER_RE         ;
;   8.509  ;   0.000 ;    ; RE   ; 1      ; GCLK_CLUSTER_RE_X89_Y39_N9_I10        ; GCLK_CLUSTER_RE           ;
;   8.509  ;   0.000 ;    ; RE   ; 1      ; CLKBUFBLOCK_INPUT_X89_Y39_N10_I0      ; CLKBUFBLOCK_INPUT         ;
;   8.509  ;   0.000 ; RR ; IC   ; 1      ; CLKCTRL_G10                           ; clk~inputCLKENA0|inclk    ;
;   8.979  ;   0.470 ; RR ; CELL ; 1674   ; CLKCTRL_G10                           ; clk~inputCLKENA0|outclk   ;
;   8.979  ;   0.000 ;    ; RE   ; 1      ; CLKCTRL_G10                           ; ARRIAV_CLKBUF             ;
;   8.979  ;   0.000 ;    ; RE   ; 1      ; CLKBUFBLOCK_OUTPUT_X89_Y39_N10_I2     ; CLKBUFBLOCK_OUTPUT        ;
;   8.979  ;   0.000 ;    ; RE   ; 1      ; GCLK_CLUSTER_RE_X89_Y39_N9_I12        ; GCLK_CLUSTER_RE           ;
;   8.979  ;   0.000 ;    ; RE   ; 1      ; CLKBUF_CLUSTER_RE_X89_Y39_N3_I417     ; CLKBUF_CLUSTER_RE         ;
;   9.755  ;   0.776 ;    ; RE   ; 5      ; GLOBAL_CLOCK_X0_Y36_N0_I10            ; GLOBAL_CLOCK              ;
;   9.887  ;   0.132 ;    ; RE   ; 16     ; SPINE_CLOCK_X55_Y19_N0_I11            ; SPINE_CLOCK               ;
;   10.278 ;   0.391 ;    ; RE   ; 1      ; SCLK_TO_ROWCLK_BUF_X55_Y24_N0_I67     ; SCLK_TO_ROWCLK_BUF        ;
;   10.369 ;   0.091 ;    ; RE   ; 2      ; SCLK_TO_ROWCLK_BUF_X55_Y24_N0_I70     ; SCLK_TO_ROWCLK_BUF        ;
;   10.836 ;   0.467 ;    ; RE   ; 10     ; LAB_CLK_X56_Y24_N0_I5                 ; LAB_CLK                   ;
;   10.965 ;   0.129 ;    ; RE   ; 1      ; BLK_CLK_BUF_X66_Y24_N0_I5             ; BLK_CLK_BUF               ;
;   11.019 ;   0.054 ;    ; RE   ; 1      ; ROWCLKSEL_PREBUF_X66_Y24_N0_I5        ; ROWCLKSEL_PREBUF          ;
;   11.074 ;   0.055 ;    ; RE   ; 1      ; ROWCLKSEL_X66_Y24_N0_I0               ; ROWCLKSEL                 ;
;   11.074 ;   0.000 ;    ; RE   ; 1      ; GLOBAL_LOCAL_SEL_X66_Y24_N0_I0        ; GLOBAL_LOCAL_SEL          ;
;   11.074 ;   0.000 ;    ; RE   ; 5      ; LAB_INPUT_X66_Y24_N0_I0               ; LAB_INPUT                 ;
;   11.074 ;   0.000 ; RR ; IC   ; 1      ; FF_X66_Y24_N56                        ; state_array[0][3][20]|clk ;
;   11.638 ;   0.564 ; RR ; CELL ; 1      ; FF_X66_Y24_N56                        ; state_array[0][3][20]     ;
;   11.743 ;   0.105 ;    ;      ;        ;                                       ; clock pessimism removed   ;
; 11.643   ; -0.100  ;    ;      ;        ;                                       ; clock uncertainty         ;
; 11.643   ; 0.000   ;    ; uTsu ; 1      ; FF_X66_Y24_N56                        ; state_array[0][3][20]     ;
+----------+---------+----+------+--------+---------------------------------------+---------------------------+

----------------------------
; Extra Fitter Information ;
----------------------------
HTML report is unavailable in plain text report export.


