----------------
; Command Info ;
----------------
Report Timing: Found 20 hold paths (0 violated).  Worst case slack is 0.494 

Tcl Command:
    report_timing -hold -show_routing -multi_corner -file critical_paths/worst_hold_paths.rpt -panel_name {LightHD challenge: worst hold paths} -npaths 20 -detail full_path

Options:
    -hold 
    -npaths 20 
    -show_routing 
    -detail full_path 
    -panel_name {LightHD challenge: worst hold paths} 
    -file {critical_paths/worst_hold_paths.rpt} 
    -multi_corner 

Delay Model:
    Slow 1100mV 85C Model

+-----------------------------------------------------------------------------------------------------------------------------------------+
; Summary of Paths                                                                                                                        ;
+-------+-----------------------------+-----------------------------+--------------+-------------+--------------+------------+------------+
; Slack ; From Node                   ; To Node                     ; Launch Clock ; Latch Clock ; Relationship ; Clock Skew ; Data Delay ;
+-------+-----------------------------+-----------------------------+--------------+-------------+--------------+------------+------------+
; 0.494 ; message_bytes_remaining[3]  ; message_bytes_remaining[3]  ; clk          ; clk         ; 0.000        ; 0.123      ; 0.617      ;
; 0.495 ; message_bytes_remaining[12] ; message_bytes_remaining[12] ; clk          ; clk         ; 0.000        ; 0.123      ; 0.618      ;
; 0.496 ; message_bytes_remaining[5]  ; message_bytes_remaining[5]  ; clk          ; clk         ; 0.000        ; 0.123      ; 0.619      ;
; 0.498 ; xof_bytes_remaining[3]      ; xof_bytes_remaining[3]      ; clk          ; clk         ; 0.000        ; 0.123      ; 0.621      ;
; 0.498 ; message_bytes_remaining[15] ; message_bytes_remaining[15] ; clk          ; clk         ; 0.000        ; 0.123      ; 0.621      ;
; 0.508 ; message_bytes_remaining[8]  ; message_bytes_remaining[8]  ; clk          ; clk         ; 0.000        ; 0.123      ; 0.631      ;
; 0.509 ; xof_bytes_remaining[11]     ; xof_bytes_remaining[11]     ; clk          ; clk         ; 0.000        ; 0.123      ; 0.632      ;
; 0.510 ; xof_bytes_remaining[15]     ; xof_bytes_remaining[15]     ; clk          ; clk         ; 0.000        ; 0.123      ; 0.633      ;
; 0.512 ; message_bytes_remaining[7]  ; message_bytes_remaining[7]  ; clk          ; clk         ; 0.000        ; 0.123      ; 0.635      ;
; 0.515 ; message_bytes_remaining[0]  ; message_bytes_remaining[0]  ; clk          ; clk         ; 0.000        ; 0.123      ; 0.638      ;
; 0.515 ; message_bytes_remaining[13] ; message_bytes_remaining[13] ; clk          ; clk         ; 0.000        ; 0.123      ; 0.638      ;
; 0.516 ; message_bytes_remaining[6]  ; message_bytes_remaining[6]  ; clk          ; clk         ; 0.000        ; 0.123      ; 0.639      ;
; 0.518 ; xof_bytes_remaining[9]      ; xof_bytes_remaining[9]      ; clk          ; clk         ; 0.000        ; 0.123      ; 0.641      ;
; 0.518 ; xof_bytes_remaining[6]      ; xof_bytes_remaining[6]      ; clk          ; clk         ; 0.000        ; 0.123      ; 0.641      ;
; 0.524 ; state_array[0][1][47]       ; state_array[0][1][47]       ; clk          ; clk         ; 0.000        ; 0.127      ; 0.651      ;
; 0.524 ; state_array[0][0][47]       ; state_array[0][0][47]       ; clk          ; clk         ; 0.000        ; 0.127      ; 0.651      ;
; 0.524 ; state_array[2][1][45]       ; state_array[2][1][45]       ; clk          ; clk         ; 0.000        ; 0.127      ; 0.651      ;
; 0.524 ; state_array[3][2][3]        ; state_array[3][2][3]        ; clk          ; clk         ; 0.000        ; 0.127      ; 0.651      ;
; 0.524 ; state_array[4][2][3]        ; state_array[4][2][3]        ; clk          ; clk         ; 0.000        ; 0.127      ; 0.651      ;
; 0.524 ; state_array[2][0][46]       ; state_array[2][0][46]       ; clk          ; clk         ; 0.000        ; 0.127      ; 0.651      ;
+-------+-----------------------------+-----------------------------+--------------+-------------+--------------+------------+------------+

Path #1: Hold slack is 0.494 
===============================================================================
+-------------------------------------------------+
; Path Summary                                    ;
+--------------------+----------------------------+
; Property           ; Value                      ;
+--------------------+----------------------------+
; From Node          ; message_bytes_remaining[3] ;
; To Node            ; message_bytes_remaining[3] ;
; Launch Clock       ; clk                        ;
; Latch Clock        ; clk                        ;
; Data Arrival Time  ; 4.820                      ;
; Data Required Time ; 4.326                      ;
; Slack              ; 0.494                      ;
+--------------------+----------------------------+

+------------------------------------------------------------------------------------+
; Statistics                                                                         ;
+------------------------+-------+-------+-------------+------------+--------+-------+
; Property               ; Value ; Count ; Total Delay ; % of Total ; Min    ; Max   ;
+------------------------+-------+-------+-------------+------------+--------+-------+
; Hold Relationship      ; 0.000 ;       ;             ;            ;        ;       ;
; Clock Skew             ; 0.123 ;       ;             ;            ;        ;       ;
; Data Delay             ; 0.617 ;       ;             ;            ;        ;       ;
; Number of Logic Levels ;       ; 1     ;             ;            ;        ;       ;
; Physical Delays        ;       ;       ;             ;            ;        ;       ;
;  Arrival Path          ;       ;       ;             ;            ;        ;       ;
;   Clock                ;       ;       ;             ;            ;        ;       ;
;    IC                  ;       ; 3     ; 0.000       ; 0          ; 0.000  ; 0.000 ;
;    Cell                ;       ; 3     ; 1.770       ; 42         ; 0.470  ; 0.739 ;
;    Routing Element     ;       ; 26    ; 2.433       ; 58         ; 0.000  ; 0.776 ;
;   Data                 ;       ;       ;             ;            ;        ;       ;
;    IC                  ;       ; 2     ; 0.000       ; 0          ; 0.000  ; 0.000 ;
;    Cell                ;       ; 3     ; 0.353       ; 57         ; 0.000  ; 0.271 ;
;    uTco                ;       ; 1     ; 0.000       ; 0          ; 0.000  ; 0.000 ;
;    Routing Element     ;       ; 4     ; 0.264       ; 43         ; 0.000  ; 0.133 ;
;  Required Path         ;       ;       ;             ;            ;        ;       ;
;   Clock                ;       ;       ;             ;            ;        ;       ;
;    IC                  ;       ; 3     ; -0.001      ; 0          ; -0.001 ; 0.000 ;
;    Cell                ;       ; 3     ; 1.897       ; 43         ; 0.507  ; 0.739 ;
;    Routing Element     ;       ; 26    ; 2.557       ; 57         ; 0.000  ; 0.821 ;
+------------------------+-------+-------+-------------+------------+--------+-------+
Note: Negative delays are omitted from totals when calculating percentages

+-----------------------------------------------------------------------------------------------------------------+
; Data Arrival Path                                                                                               ;
+---------+---------+----+------+--------+---------------------------------------+--------------------------------+
; Total   ; Incr    ; RF ; Type ; Fanout ; Location                              ; Element                        ;
+---------+---------+----+------+--------+---------------------------------------+--------------------------------+
; 0.000   ; 0.000   ;    ;      ;        ;                                       ; launch edge time               ;
; 4.203   ; 4.203   ;    ;      ;        ;                                       ; clock path                     ;
;   0.000 ;   0.000 ;    ;      ;        ;                                       ; source latency                 ;
;   0.000 ;   0.000 ;    ;      ; 1      ; PIN_M16                               ; clk                            ;
;   0.000 ;   0.000 ;    ; RE   ; 1      ; IOPAD_X89_Y35_N60                     ; ARRIAV_IO_PAD                  ;
;   0.000 ;   0.000 ;    ; RE   ; 1      ; IO_PAD_OUTPUT_X89_Y35_N60_I1          ; IO_PAD_OUTPUT                  ;
;   0.000 ;   0.000 ;    ; RE   ; 1      ; IO_INPUT_BUFFER_INPUT_X89_Y35_N61_I0  ; IO_INPUT_BUFFER_INPUT          ;
;   0.000 ;   0.000 ; RR ; IC   ; 1      ; IOIBUF_X89_Y35_N61                    ; clk~input|i                    ;
;   0.739 ;   0.739 ; RR ; CELL ; 1      ; IOIBUF_X89_Y35_N61                    ; clk~input|o                    ;
;   0.739 ;   0.000 ;    ; RE   ; 1      ; IOIBUF_X89_Y35_N61                    ; ARRIAV_IO_IBUF                 ;
;   0.739 ;   0.000 ;    ; RE   ; 1      ; IO_INPUT_BUFFER_OUTPUT_X89_Y35_N61_I2 ; IO_INPUT_BUFFER_OUTPUT         ;
;   0.739 ;   0.000 ;    ; RE   ; 1      ; IO_RE_X89_Y35_N60_I96                 ; IO_RE                          ;
;   0.827 ;   0.088 ;    ; RE   ; 1      ; IO_RE_X89_Y35_N60_I66                 ; IO_RE                          ;
;   1.102 ;   0.275 ;    ; RE   ; 1      ; CLKBUF_CLUSTER_RE_X89_Y39_N3_I421     ; CLKBUF_CLUSTER_RE              ;
;   1.102 ;   0.000 ;    ; RE   ; 1      ; CLKBUF_CLUSTER_RE_X89_Y39_N3_I772     ; CLKBUF_CLUSTER_RE              ;
;   1.102 ;   0.000 ;    ; RE   ; 1      ; CLKBUF_CLUSTER_RE_X89_Y39_N3_I557     ; CLKBUF_CLUSTER_RE              ;
;   1.102 ;   0.000 ;    ; RE   ; 1      ; GCLK_CLUSTER_RE_X89_Y39_N6_I10        ; GCLK_CLUSTER_RE                ;
;   1.102 ;   0.000 ;    ; RE   ; 1      ; CLKBUFBLOCK_INPUT_X89_Y39_N7_I0       ; CLKBUFBLOCK_INPUT              ;
;   1.102 ;   0.000 ; RR ; IC   ; 1      ; CLKCTRL_G9                            ; clk~inputCLKENA0|inclk         ;
;   1.572 ;   0.470 ; RR ; CELL ; 1673   ; CLKCTRL_G9                            ; clk~inputCLKENA0|outclk        ;
;   1.572 ;   0.000 ;    ; RE   ; 1      ; CLKCTRL_G9                            ; ARRIAV_CLKBUF                  ;
;   1.572 ;   0.000 ;    ; RE   ; 1      ; CLKBUFBLOCK_OUTPUT_X89_Y39_N7_I2      ; CLKBUFBLOCK_OUTPUT             ;
;   1.572 ;   0.000 ;    ; RE   ; 1      ; GCLK_CLUSTER_RE_X89_Y39_N6_I12        ; GCLK_CLUSTER_RE                ;
;   1.572 ;   0.000 ;    ; RE   ; 1      ; CLKBUF_CLUSTER_RE_X89_Y39_N3_I416     ; CLKBUF_CLUSTER_RE              ;
;   2.348 ;   0.776 ;    ; RE   ; 6      ; GLOBAL_CLOCK_X0_Y36_N0_I9             ; GLOBAL_CLOCK                   ;
;   2.486 ;   0.138 ;    ; RE   ; 16     ; SPINE_CLOCK_X55_Y19_N0_I22            ; SPINE_CLOCK                    ;
;   2.875 ;   0.389 ;    ; RE   ; 1      ; SCLK_TO_ROWCLK_BUF_X55_Y35_N0_I133    ; SCLK_TO_ROWCLK_BUF             ;
;   2.956 ;   0.081 ;    ; RE   ; 1      ; SCLK_TO_ROWCLK_BUF_X55_Y35_N0_I136    ; SCLK_TO_ROWCLK_BUF             ;
;   3.410 ;   0.454 ;    ; RE   ; 1      ; LAB_CLK_X45_Y35_N0_I5                 ; LAB_CLK                        ;
;   3.534 ;   0.124 ;    ; RE   ; 1      ; BLK_CLK_BUF_X46_Y35_N0_I5             ; BLK_CLK_BUF                    ;
;   3.587 ;   0.053 ;    ; RE   ; 1      ; ROWCLKSEL_PREBUF_X46_Y35_N0_I5        ; ROWCLKSEL_PREBUF               ;
;   3.642 ;   0.055 ;    ; RE   ; 1      ; ROWCLKSEL_X46_Y35_N0_I0               ; ROWCLKSEL                      ;
;   3.642 ;   0.000 ;    ; RE   ; 1      ; GLOBAL_LOCAL_SEL_X46_Y35_N0_I0        ; GLOBAL_LOCAL_SEL               ;
;   3.642 ;   0.000 ;    ; RE   ; 16     ; LAB_INPUT_X46_Y35_N0_I2               ; LAB_INPUT                      ;
;   3.642 ;   0.000 ; RR ; IC   ; 1      ; FF_X46_Y35_N11                        ; message_bytes_remaining[3]|clk ;
;   4.203 ;   0.561 ; RR ; CELL ; 1      ; FF_X46_Y35_N11                        ; message_bytes_remaining[3]     ;
; 4.820   ; 0.617   ;    ;      ;        ;                                       ; data path                      ;
;   4.203 ;   0.000 ;    ; uTco ; 1      ; FF_X46_Y35_N11                        ; message_bytes_remaining[3]     ;
;   4.203 ;   0.000 ; FF ; CELL ; 6      ; FF_X46_Y35_N11                        ; message_bytes_remaining[3]|q   ;
;   4.257 ;   0.054 ;    ; RE   ; 2      ; FF_X46_Y35_N11                        ; ARRIAV_FF                      ;
;   4.334 ;   0.077 ;    ; RE   ; 1      ; LOCAL_LINE_X46_Y35_N0_I3              ; LOCAL_LINE                     ;
;   4.467 ;   0.133 ;    ; RE   ; 1      ; BLOCK_INPUT_MUX_X46_Y35_N0_I13        ; LEIM_INPUT                     ;
;   4.467 ;   0.000 ; FF ; IC   ; 4      ; LABCELL_X46_Y35_N9                    ; Add1~37|datac                  ;
;   4.738 ;   0.271 ; FR ; CELL ; 1      ; LABCELL_X46_Y35_N9                    ; Add1~37|sumout                 ;
;   4.738 ;   0.000 ;    ; RE   ; 3      ; LABCELL_X46_Y35_N9                    ; ARRIAV_LCELL_COMB              ;
;   4.738 ;   0.000 ; RR ; IC   ; 1      ; FF_X46_Y35_N11                        ; message_bytes_remaining[3]|d   ;
;   4.820 ;   0.082 ; RR ; CELL ; 1      ; FF_X46_Y35_N11                        ; message_bytes_remaining[3]     ;
+---------+---------+----+------+--------+---------------------------------------+--------------------------------+

+------------------------------------------------------------------------------------------------------------------+
; Data Required Path                                                                                               ;
+---------+----------+----+------+--------+---------------------------------------+--------------------------------+
; Total   ; Incr     ; RF ; Type ; Fanout ; Location                              ; Element                        ;
+---------+----------+----+------+--------+---------------------------------------+--------------------------------+
; 0.000   ; 0.000    ;    ;      ;        ;                                       ; latch edge time                ;
; 4.326   ; 4.326    ;    ;      ;        ;                                       ; clock path                     ;
;   0.000 ;   0.000  ;    ;      ;        ;                                       ; source latency                 ;
;   0.000 ;   0.000  ;    ;      ; 1      ; PIN_M16                               ; clk                            ;
;   0.000 ;   0.000  ;    ; RE   ; 1      ; IOPAD_X89_Y35_N60                     ; ARRIAV_IO_PAD                  ;
;   0.000 ;   0.000  ;    ; RE   ; 1      ; IO_PAD_OUTPUT_X89_Y35_N60_I1          ; IO_PAD_OUTPUT                  ;
;   0.000 ;   0.000  ;    ; RE   ; 1      ; IO_INPUT_BUFFER_INPUT_X89_Y35_N61_I0  ; IO_INPUT_BUFFER_INPUT          ;
;   0.000 ;   0.000  ; RR ; IC   ; 1      ; IOIBUF_X89_Y35_N61                    ; clk~input|i                    ;
;   0.739 ;   0.739  ; RR ; CELL ; 1      ; IOIBUF_X89_Y35_N61                    ; clk~input|o                    ;
;   0.739 ;   0.000  ;    ; RE   ; 1      ; IOIBUF_X89_Y35_N61                    ; ARRIAV_IO_IBUF                 ;
;   0.739 ;   0.000  ;    ; RE   ; 1      ; IO_INPUT_BUFFER_OUTPUT_X89_Y35_N61_I2 ; IO_INPUT_BUFFER_OUTPUT         ;
;   0.739 ;   0.000  ;    ; RE   ; 1      ; IO_RE_X89_Y35_N60_I96                 ; IO_RE                          ;
;   0.833 ;   0.094  ;    ; RE   ; 1      ; IO_RE_X89_Y35_N60_I66                 ; IO_RE                          ;
;   1.125 ;   0.292  ;    ; RE   ; 1      ; CLKBUF_CLUSTER_RE_X89_Y39_N3_I421     ; CLKBUF_CLUSTER_RE              ;
;   1.125 ;   0.000  ;    ; RE   ; 1      ; CLKBUF_CLUSTER_RE_X89_Y39_N3_I772     ; CLKBUF_CLUSTER_RE              ;
;   1.125 ;   0.000  ;    ; RE   ; 1      ; CLKBUF_CLUSTER_RE_X89_Y39_N3_I557     ; CLKBUF_CLUSTER_RE              ;
;   1.125 ;   0.000  ;    ; RE   ; 1      ; GCLK_CLUSTER_RE_X89_Y39_N6_I10        ; GCLK_CLUSTER_RE                ;
;   1.125 ;   0.000  ;    ; RE   ; 1      ; CLKBUFBLOCK_INPUT_X89_Y39_N7_I0       ; CLKBUFBLOCK_INPUT              ;
;   1.125 ;   0.000  ; RR ; IC   ; 1      ; CLKCTRL_G9                            ; clk~inputCLKENA0|inclk         ;
;   1.632 ;   0.507  ; RR ; CELL ; 1673   ; CLKCTRL_G9                            ; clk~inputCLKENA0|outclk        ;
;   1.632 ;   0.000  ;    ; RE   ; 1      ; CLKCTRL_G9                            ; ARRIAV_CLKBUF                  ;
;   1.632 ;   0.000  ;    ; RE   ; 1      ; CLKBUFBLOCK_OUTPUT_X89_Y39_N7_I2      ; CLKBUFBLOCK_OUTPUT             ;
;   1.632 ;   0.000  ;    ; RE   ; 1      ; GCLK_CLUSTER_RE_X89_Y39_N6_I12        ; GCLK_CLUSTER_RE                ;
;   1.632 ;   0.000  ;    ; RE   ; 1      ; CLKBUF_CLUSTER_RE_X89_Y39_N3_I416     ; CLKBUF_CLUSTER_RE              ;
;   2.453 ;   0.821  ;    ; RE   ; 6      ; GLOBAL_CLOCK_X0_Y36_N0_I9             ; GLOBAL_CLOCK                   ;
;   2.596 ;   0.143  ;    ; RE   ; 16     ; SPINE_CLOCK_X55_Y19_N0_I22            ; SPINE_CLOCK                    ;
;   2.999 ;   0.403  ;    ; RE   ; 1      ; SCLK_TO_ROWCLK_BUF_X55_Y35_N0_I133    ; SCLK_TO_ROWCLK_BUF             ;
;   3.083 ;   0.084  ;    ; RE   ; 1      ; SCLK_TO_ROWCLK_BUF_X55_Y35_N0_I136    ; SCLK_TO_ROWCLK_BUF             ;
;   3.553 ;   0.470  ;    ; RE   ; 1      ; LAB_CLK_X45_Y35_N0_I5                 ; LAB_CLK                        ;
;   3.688 ;   0.135  ;    ; RE   ; 1      ; BLK_CLK_BUF_X46_Y35_N0_I5             ; BLK_CLK_BUF                    ;
;   3.743 ;   0.055  ;    ; RE   ; 1      ; ROWCLKSEL_PREBUF_X46_Y35_N0_I5        ; ROWCLKSEL_PREBUF               ;
;   3.803 ;   0.060  ;    ; RE   ; 1      ; ROWCLKSEL_X46_Y35_N0_I0               ; ROWCLKSEL                      ;
;   3.803 ;   0.000  ;    ; RE   ; 1      ; GLOBAL_LOCAL_SEL_X46_Y35_N0_I0        ; GLOBAL_LOCAL_SEL               ;
;   3.803 ;   0.000  ;    ; RE   ; 16     ; LAB_INPUT_X46_Y35_N0_I2               ; LAB_INPUT                      ;
;   3.802 ;   -0.001 ; RR ; IC   ; 1      ; FF_X46_Y35_N11                        ; message_bytes_remaining[3]|clk ;
;   4.453 ;   0.651  ; RR ; CELL ; 1      ; FF_X46_Y35_N11                        ; message_bytes_remaining[3]     ;
;   4.326 ;   -0.127 ;    ;      ;        ;                                       ; clock pessimism removed        ;
; 4.326   ; 0.000    ;    ;      ;        ;                                       ; clock uncertainty              ;
; 4.326   ; 0.000    ;    ; uTh  ; 1      ; FF_X46_Y35_N11                        ; message_bytes_remaining[3]     ;
+---------+----------+----+------+--------+---------------------------------------+--------------------------------+

----------------------------
; Extra Fitter Information ;
----------------------------
HTML report is unavailable in plain text report export.


Path #2: Hold slack is 0.495 
===============================================================================
+--------------------------------------------------+
; Path Summary                                     ;
+--------------------+-----------------------------+
; Property           ; Value                       ;
+--------------------+-----------------------------+
; From Node          ; message_bytes_remaining[12] ;
; To Node            ; message_bytes_remaining[12] ;
; Launch Clock       ; clk                         ;
; Latch Clock        ; clk                         ;
; Data Arrival Time  ; 4.815                       ;
; Data Required Time ; 4.320                       ;
; Slack              ; 0.495                       ;
+--------------------+-----------------------------+

+------------------------------------------------------------------------------------+
; Statistics                                                                         ;
+------------------------+-------+-------+-------------+------------+--------+-------+
; Property               ; Value ; Count ; Total Delay ; % of Total ; Min    ; Max   ;
+------------------------+-------+-------+-------------+------------+--------+-------+
; Hold Relationship      ; 0.000 ;       ;             ;            ;        ;       ;
; Clock Skew             ; 0.123 ;       ;             ;            ;        ;       ;
; Data Delay             ; 0.618 ;       ;             ;            ;        ;       ;
; Number of Logic Levels ;       ; 1     ;             ;            ;        ;       ;
; Physical Delays        ;       ;       ;             ;            ;        ;       ;
;  Arrival Path          ;       ;       ;             ;            ;        ;       ;
;   Clock                ;       ;       ;             ;            ;        ;       ;
;    IC                  ;       ; 3     ; 0.000       ; 0          ; 0.000  ; 0.000 ;
;    Cell                ;       ; 3     ; 1.764       ; 42         ; 0.470  ; 0.739 ;
;    Routing Element     ;       ; 26    ; 2.433       ; 58         ; 0.000  ; 0.776 ;
;   Data                 ;       ;       ;             ;            ;        ;       ;
;    IC                  ;       ; 2     ; 0.001       ; 0          ; 0.000  ; 0.001 ;
;    Cell                ;       ; 3     ; 0.347       ; 56         ; 0.000  ; 0.265 ;
;    uTco                ;       ; 1     ; 0.000       ; 0          ; 0.000  ; 0.000 ;
;    Routing Element     ;       ; 4     ; 0.270       ; 44         ; 0.000  ; 0.137 ;
;  Required Path         ;       ;       ;             ;            ;        ;       ;
;   Clock                ;       ;       ;             ;            ;        ;       ;
;    IC                  ;       ; 3     ; -0.001      ; 0          ; -0.001 ; 0.000 ;
;    Cell                ;       ; 3     ; 1.891       ; 43         ; 0.507  ; 0.739 ;
;    Routing Element     ;       ; 26    ; 2.557       ; 57         ; 0.000  ; 0.821 ;
+------------------------+-------+-------+-------------+------------+--------+-------+
Note: Negative delays are omitted from totals when calculating percentages

+------------------------------------------------------------------------------------------------------------------+
; Data Arrival Path                                                                                                ;
+---------+---------+----+------+--------+---------------------------------------+---------------------------------+
; Total   ; Incr    ; RF ; Type ; Fanout ; Location                              ; Element                         ;
+---------+---------+----+------+--------+---------------------------------------+---------------------------------+
; 0.000   ; 0.000   ;    ;      ;        ;                                       ; launch edge time                ;
; 4.197   ; 4.197   ;    ;      ;        ;                                       ; clock path                      ;
;   0.000 ;   0.000 ;    ;      ;        ;                                       ; source latency                  ;
;   0.000 ;   0.000 ;    ;      ; 1      ; PIN_M16                               ; clk                             ;
;   0.000 ;   0.000 ;    ; RE   ; 1      ; IOPAD_X89_Y35_N60                     ; ARRIAV_IO_PAD                   ;
;   0.000 ;   0.000 ;    ; RE   ; 1      ; IO_PAD_OUTPUT_X89_Y35_N60_I1          ; IO_PAD_OUTPUT                   ;
;   0.000 ;   0.000 ;    ; RE   ; 1      ; IO_INPUT_BUFFER_INPUT_X89_Y35_N61_I0  ; IO_INPUT_BUFFER_INPUT           ;
;   0.000 ;   0.000 ; RR ; IC   ; 1      ; IOIBUF_X89_Y35_N61                    ; clk~input|i                     ;
;   0.739 ;   0.739 ; RR ; CELL ; 1      ; IOIBUF_X89_Y35_N61                    ; clk~input|o                     ;
;   0.739 ;   0.000 ;    ; RE   ; 1      ; IOIBUF_X89_Y35_N61                    ; ARRIAV_IO_IBUF                  ;
;   0.739 ;   0.000 ;    ; RE   ; 1      ; IO_INPUT_BUFFER_OUTPUT_X89_Y35_N61_I2 ; IO_INPUT_BUFFER_OUTPUT          ;
;   0.739 ;   0.000 ;    ; RE   ; 1      ; IO_RE_X89_Y35_N60_I96                 ; IO_RE                           ;
;   0.827 ;   0.088 ;    ; RE   ; 1      ; IO_RE_X89_Y35_N60_I66                 ; IO_RE                           ;
;   1.102 ;   0.275 ;    ; RE   ; 1      ; CLKBUF_CLUSTER_RE_X89_Y39_N3_I421     ; CLKBUF_CLUSTER_RE               ;
;   1.102 ;   0.000 ;    ; RE   ; 1      ; CLKBUF_CLUSTER_RE_X89_Y39_N3_I772     ; CLKBUF_CLUSTER_RE               ;
;   1.102 ;   0.000 ;    ; RE   ; 1      ; CLKBUF_CLUSTER_RE_X89_Y39_N3_I557     ; CLKBUF_CLUSTER_RE               ;
;   1.102 ;   0.000 ;    ; RE   ; 1      ; GCLK_CLUSTER_RE_X89_Y39_N6_I10        ; GCLK_CLUSTER_RE                 ;
;   1.102 ;   0.000 ;    ; RE   ; 1      ; CLKBUFBLOCK_INPUT_X89_Y39_N7_I0       ; CLKBUFBLOCK_INPUT               ;
;   1.102 ;   0.000 ; RR ; IC   ; 1      ; CLKCTRL_G9                            ; clk~inputCLKENA0|inclk          ;
;   1.572 ;   0.470 ; RR ; CELL ; 1673   ; CLKCTRL_G9                            ; clk~inputCLKENA0|outclk         ;
;   1.572 ;   0.000 ;    ; RE   ; 1      ; CLKCTRL_G9                            ; ARRIAV_CLKBUF                   ;
;   1.572 ;   0.000 ;    ; RE   ; 1      ; CLKBUFBLOCK_OUTPUT_X89_Y39_N7_I2      ; CLKBUFBLOCK_OUTPUT              ;
;   1.572 ;   0.000 ;    ; RE   ; 1      ; GCLK_CLUSTER_RE_X89_Y39_N6_I12        ; GCLK_CLUSTER_RE                 ;
;   1.572 ;   0.000 ;    ; RE   ; 1      ; CLKBUF_CLUSTER_RE_X89_Y39_N3_I416     ; CLKBUF_CLUSTER_RE               ;
;   2.348 ;   0.776 ;    ; RE   ; 6      ; GLOBAL_CLOCK_X0_Y36_N0_I9             ; GLOBAL_CLOCK                    ;
;   2.486 ;   0.138 ;    ; RE   ; 16     ; SPINE_CLOCK_X55_Y19_N0_I22            ; SPINE_CLOCK                     ;
;   2.875 ;   0.389 ;    ; RE   ; 1      ; SCLK_TO_ROWCLK_BUF_X55_Y35_N0_I133    ; SCLK_TO_ROWCLK_BUF              ;
;   2.956 ;   0.081 ;    ; RE   ; 1      ; SCLK_TO_ROWCLK_BUF_X55_Y35_N0_I136    ; SCLK_TO_ROWCLK_BUF              ;
;   3.410 ;   0.454 ;    ; RE   ; 1      ; LAB_CLK_X45_Y35_N0_I5                 ; LAB_CLK                         ;
;   3.534 ;   0.124 ;    ; RE   ; 1      ; BLK_CLK_BUF_X46_Y35_N0_I5             ; BLK_CLK_BUF                     ;
;   3.587 ;   0.053 ;    ; RE   ; 1      ; ROWCLKSEL_PREBUF_X46_Y35_N0_I5        ; ROWCLKSEL_PREBUF                ;
;   3.642 ;   0.055 ;    ; RE   ; 1      ; ROWCLKSEL_X46_Y35_N0_I0               ; ROWCLKSEL                       ;
;   3.642 ;   0.000 ;    ; RE   ; 1      ; GLOBAL_LOCAL_SEL_X46_Y35_N0_I0        ; GLOBAL_LOCAL_SEL                ;
;   3.642 ;   0.000 ;    ; RE   ; 16     ; LAB_INPUT_X46_Y35_N0_I2               ; LAB_INPUT                       ;
;   3.642 ;   0.000 ; RR ; IC   ; 1      ; FF_X46_Y35_N38                        ; message_bytes_remaining[12]|clk ;
;   4.197 ;   0.555 ; RR ; CELL ; 1      ; FF_X46_Y35_N38                        ; message_bytes_remaining[12]     ;
; 4.815   ; 0.618   ;    ;      ;        ;                                       ; data path                       ;
;   4.197 ;   0.000 ;    ; uTco ; 1      ; FF_X46_Y35_N38                        ; message_bytes_remaining[12]     ;
;   4.197 ;   0.000 ; FF ; CELL ; 3      ; FF_X46_Y35_N38                        ; message_bytes_remaining[12]|q   ;
;   4.254 ;   0.057 ;    ; RE   ; 2      ; FF_X46_Y35_N38                        ; ARRIAV_FF                       ;
;   4.330 ;   0.076 ;    ; RE   ; 1      ; LOCAL_LINE_X46_Y35_N0_I12             ; LOCAL_LINE                      ;
;   4.467 ;   0.137 ;    ; RE   ; 1      ; BLOCK_INPUT_MUX_X46_Y35_N0_I52        ; LEIM_INPUT                      ;
;   4.468 ;   0.001 ; FF ; IC   ; 3      ; LABCELL_X46_Y35_N36                   ; Add1~49|datac                   ;
;   4.733 ;   0.265 ; FR ; CELL ; 1      ; LABCELL_X46_Y35_N36                   ; Add1~49|sumout                  ;
;   4.733 ;   0.000 ;    ; RE   ; 3      ; LABCELL_X46_Y35_N36                   ; ARRIAV_LCELL_COMB               ;
;   4.733 ;   0.000 ; RR ; IC   ; 1      ; FF_X46_Y35_N38                        ; message_bytes_remaining[12]|d   ;
;   4.815 ;   0.082 ; RR ; CELL ; 1      ; FF_X46_Y35_N38                        ; message_bytes_remaining[12]     ;
+---------+---------+----+------+--------+---------------------------------------+---------------------------------+

+-------------------------------------------------------------------------------------------------------------------+
; Data Required Path                                                                                                ;
+---------+----------+----+------+--------+---------------------------------------+---------------------------------+
; Total   ; Incr     ; RF ; Type ; Fanout ; Location                              ; Element                         ;
+---------+----------+----+------+--------+---------------------------------------+---------------------------------+
; 0.000   ; 0.000    ;    ;      ;        ;                                       ; latch edge time                 ;
; 4.320   ; 4.320    ;    ;      ;        ;                                       ; clock path                      ;
;   0.000 ;   0.000  ;    ;      ;        ;                                       ; source latency                  ;
;   0.000 ;   0.000  ;    ;      ; 1      ; PIN_M16                               ; clk                             ;
;   0.000 ;   0.000  ;    ; RE   ; 1      ; IOPAD_X89_Y35_N60                     ; ARRIAV_IO_PAD                   ;
;   0.000 ;   0.000  ;    ; RE   ; 1      ; IO_PAD_OUTPUT_X89_Y35_N60_I1          ; IO_PAD_OUTPUT                   ;
;   0.000 ;   0.000  ;    ; RE   ; 1      ; IO_INPUT_BUFFER_INPUT_X89_Y35_N61_I0  ; IO_INPUT_BUFFER_INPUT           ;
;   0.000 ;   0.000  ; RR ; IC   ; 1      ; IOIBUF_X89_Y35_N61                    ; clk~input|i                     ;
;   0.739 ;   0.739  ; RR ; CELL ; 1      ; IOIBUF_X89_Y35_N61                    ; clk~input|o                     ;
;   0.739 ;   0.000  ;    ; RE   ; 1      ; IOIBUF_X89_Y35_N61                    ; ARRIAV_IO_IBUF                  ;
;   0.739 ;   0.000  ;    ; RE   ; 1      ; IO_INPUT_BUFFER_OUTPUT_X89_Y35_N61_I2 ; IO_INPUT_BUFFER_OUTPUT          ;
;   0.739 ;   0.000  ;    ; RE   ; 1      ; IO_RE_X89_Y35_N60_I96                 ; IO_RE                           ;
;   0.833 ;   0.094  ;    ; RE   ; 1      ; IO_RE_X89_Y35_N60_I66                 ; IO_RE                           ;
;   1.125 ;   0.292  ;    ; RE   ; 1      ; CLKBUF_CLUSTER_RE_X89_Y39_N3_I421     ; CLKBUF_CLUSTER_RE               ;
;   1.125 ;   0.000  ;    ; RE   ; 1      ; CLKBUF_CLUSTER_RE_X89_Y39_N3_I772     ; CLKBUF_CLUSTER_RE               ;
;   1.125 ;   0.000  ;    ; RE   ; 1      ; CLKBUF_CLUSTER_RE_X89_Y39_N3_I557     ; CLKBUF_CLUSTER_RE               ;
;   1.125 ;   0.000  ;    ; RE   ; 1      ; GCLK_CLUSTER_RE_X89_Y39_N6_I10        ; GCLK_CLUSTER_RE                 ;
;   1.125 ;   0.000  ;    ; RE   ; 1      ; CLKBUFBLOCK_INPUT_X89_Y39_N7_I0       ; CLKBUFBLOCK_INPUT               ;
;   1.125 ;   0.000  ; RR ; IC   ; 1      ; CLKCTRL_G9                            ; clk~inputCLKENA0|inclk          ;
;   1.632 ;   0.507  ; RR ; CELL ; 1673   ; CLKCTRL_G9                            ; clk~inputCLKENA0|outclk         ;
;   1.632 ;   0.000  ;    ; RE   ; 1      ; CLKCTRL_G9                            ; ARRIAV_CLKBUF                   ;
;   1.632 ;   0.000  ;    ; RE   ; 1      ; CLKBUFBLOCK_OUTPUT_X89_Y39_N7_I2      ; CLKBUFBLOCK_OUTPUT              ;
;   1.632 ;   0.000  ;    ; RE   ; 1      ; GCLK_CLUSTER_RE_X89_Y39_N6_I12        ; GCLK_CLUSTER_RE                 ;
;   1.632 ;   0.000  ;    ; RE   ; 1      ; CLKBUF_CLUSTER_RE_X89_Y39_N3_I416     ; CLKBUF_CLUSTER_RE               ;
;   2.453 ;   0.821  ;    ; RE   ; 6      ; GLOBAL_CLOCK_X0_Y36_N0_I9             ; GLOBAL_CLOCK                    ;
;   2.596 ;   0.143  ;    ; RE   ; 16     ; SPINE_CLOCK_X55_Y19_N0_I22            ; SPINE_CLOCK                     ;
;   2.999 ;   0.403  ;    ; RE   ; 1      ; SCLK_TO_ROWCLK_BUF_X55_Y35_N0_I133    ; SCLK_TO_ROWCLK_BUF              ;
;   3.083 ;   0.084  ;    ; RE   ; 1      ; SCLK_TO_ROWCLK_BUF_X55_Y35_N0_I136    ; SCLK_TO_ROWCLK_BUF              ;
;   3.553 ;   0.470  ;    ; RE   ; 1      ; LAB_CLK_X45_Y35_N0_I5                 ; LAB_CLK                         ;
;   3.688 ;   0.135  ;    ; RE   ; 1      ; BLK_CLK_BUF_X46_Y35_N0_I5             ; BLK_CLK_BUF                     ;
;   3.743 ;   0.055  ;    ; RE   ; 1      ; ROWCLKSEL_PREBUF_X46_Y35_N0_I5        ; ROWCLKSEL_PREBUF                ;
;   3.803 ;   0.060  ;    ; RE   ; 1      ; ROWCLKSEL_X46_Y35_N0_I0               ; ROWCLKSEL                       ;
;   3.803 ;   0.000  ;    ; RE   ; 1      ; GLOBAL_LOCAL_SEL_X46_Y35_N0_I0        ; GLOBAL_LOCAL_SEL                ;
;   3.803 ;   0.000  ;    ; RE   ; 16     ; LAB_INPUT_X46_Y35_N0_I2               ; LAB_INPUT                       ;
;   3.802 ;   -0.001 ; RR ; IC   ; 1      ; FF_X46_Y35_N38                        ; message_bytes_remaining[12]|clk ;
;   4.447 ;   0.645  ; RR ; CELL ; 1      ; FF_X46_Y35_N38                        ; message_bytes_remaining[12]     ;
;   4.320 ;   -0.127 ;    ;      ;        ;                                       ; clock pessimism removed         ;
; 4.320   ; 0.000    ;    ;      ;        ;                                       ; clock uncertainty               ;
; 4.320   ; 0.000    ;    ; uTh  ; 1      ; FF_X46_Y35_N38                        ; message_bytes_remaining[12]     ;
+---------+----------+----+------+--------+---------------------------------------+---------------------------------+

----------------------------
; Extra Fitter Information ;
----------------------------
HTML report is unavailable in plain text report export.


Path #3: Hold slack is 0.496 
===============================================================================
+-------------------------------------------------+
; Path Summary                                    ;
+--------------------+----------------------------+
; Property           ; Value                      ;
+--------------------+----------------------------+
; From Node          ; message_bytes_remaining[5] ;
; To Node            ; message_bytes_remaining[5] ;
; Launch Clock       ; clk                        ;
; Latch Clock        ; clk                        ;
; Data Arrival Time  ; 4.822                      ;
; Data Required Time ; 4.326                      ;
; Slack              ; 0.496                      ;
+--------------------+----------------------------+

+------------------------------------------------------------------------------------+
; Statistics                                                                         ;
+------------------------+-------+-------+-------------+------------+--------+-------+
; Property               ; Value ; Count ; Total Delay ; % of Total ; Min    ; Max   ;
+------------------------+-------+-------+-------------+------------+--------+-------+
; Hold Relationship      ; 0.000 ;       ;             ;            ;        ;       ;
; Clock Skew             ; 0.123 ;       ;             ;            ;        ;       ;
; Data Delay             ; 0.619 ;       ;             ;            ;        ;       ;
; Number of Logic Levels ;       ; 1     ;             ;            ;        ;       ;
; Physical Delays        ;       ;       ;             ;            ;        ;       ;
;  Arrival Path          ;       ;       ;             ;            ;        ;       ;
;   Clock                ;       ;       ;             ;            ;        ;       ;
;    IC                  ;       ; 3     ; 0.000       ; 0          ; 0.000  ; 0.000 ;
;    Cell                ;       ; 3     ; 1.770       ; 42         ; 0.470  ; 0.739 ;
;    Routing Element     ;       ; 26    ; 2.433       ; 58         ; 0.000  ; 0.776 ;
;   Data                 ;       ;       ;             ;            ;        ;       ;
;    IC                  ;       ; 2     ; 0.000       ; 0          ; 0.000  ; 0.000 ;
;    Cell                ;       ; 3     ; 0.353       ; 57         ; 0.000  ; 0.271 ;
;    uTco                ;       ; 1     ; 0.000       ; 0          ; 0.000  ; 0.000 ;
;    Routing Element     ;       ; 4     ; 0.266       ; 43         ; 0.000  ; 0.134 ;
;  Required Path         ;       ;       ;             ;            ;        ;       ;
;   Clock                ;       ;       ;             ;            ;        ;       ;
;    IC                  ;       ; 3     ; -0.001      ; 0          ; -0.001 ; 0.000 ;
;    Cell                ;       ; 3     ; 1.897       ; 43         ; 0.507  ; 0.739 ;
;    Routing Element     ;       ; 26    ; 2.557       ; 57         ; 0.000  ; 0.821 ;
+------------------------+-------+-------+-------------+------------+--------+-------+
Note: Negative delays are omitted from totals when calculating percentages

+-----------------------------------------------------------------------------------------------------------------+
; Data Arrival Path                                                                                               ;
+---------+---------+----+------+--------+---------------------------------------+--------------------------------+
; Total   ; Incr    ; RF ; Type ; Fanout ; Location                              ; Element                        ;
+---------+---------+----+------+--------+---------------------------------------+--------------------------------+
; 0.000   ; 0.000   ;    ;      ;        ;                                       ; launch edge time               ;
; 4.203   ; 4.203   ;    ;      ;        ;                                       ; clock path                     ;
;   0.000 ;   0.000 ;    ;      ;        ;                                       ; source latency                 ;
;   0.000 ;   0.000 ;    ;      ; 1      ; PIN_M16                               ; clk                            ;
;   0.000 ;   0.000 ;    ; RE   ; 1      ; IOPAD_X89_Y35_N60                     ; ARRIAV_IO_PAD                  ;
;   0.000 ;   0.000 ;    ; RE   ; 1      ; IO_PAD_OUTPUT_X89_Y35_N60_I1          ; IO_PAD_OUTPUT                  ;
;   0.000 ;   0.000 ;    ; RE   ; 1      ; IO_INPUT_BUFFER_INPUT_X89_Y35_N61_I0  ; IO_INPUT_BUFFER_INPUT          ;
;   0.000 ;   0.000 ; RR ; IC   ; 1      ; IOIBUF_X89_Y35_N61                    ; clk~input|i                    ;
;   0.739 ;   0.739 ; RR ; CELL ; 1      ; IOIBUF_X89_Y35_N61                    ; clk~input|o                    ;
;   0.739 ;   0.000 ;    ; RE   ; 1      ; IOIBUF_X89_Y35_N61                    ; ARRIAV_IO_IBUF                 ;
;   0.739 ;   0.000 ;    ; RE   ; 1      ; IO_INPUT_BUFFER_OUTPUT_X89_Y35_N61_I2 ; IO_INPUT_BUFFER_OUTPUT         ;
;   0.739 ;   0.000 ;    ; RE   ; 1      ; IO_RE_X89_Y35_N60_I96                 ; IO_RE                          ;
;   0.827 ;   0.088 ;    ; RE   ; 1      ; IO_RE_X89_Y35_N60_I66                 ; IO_RE                          ;
;   1.102 ;   0.275 ;    ; RE   ; 1      ; CLKBUF_CLUSTER_RE_X89_Y39_N3_I421     ; CLKBUF_CLUSTER_RE              ;
;   1.102 ;   0.000 ;    ; RE   ; 1      ; CLKBUF_CLUSTER_RE_X89_Y39_N3_I772     ; CLKBUF_CLUSTER_RE              ;
;   1.102 ;   0.000 ;    ; RE   ; 1      ; CLKBUF_CLUSTER_RE_X89_Y39_N3_I557     ; CLKBUF_CLUSTER_RE              ;
;   1.102 ;   0.000 ;    ; RE   ; 1      ; GCLK_CLUSTER_RE_X89_Y39_N6_I10        ; GCLK_CLUSTER_RE                ;
;   1.102 ;   0.000 ;    ; RE   ; 1      ; CLKBUFBLOCK_INPUT_X89_Y39_N7_I0       ; CLKBUFBLOCK_INPUT              ;
;   1.102 ;   0.000 ; RR ; IC   ; 1      ; CLKCTRL_G9                            ; clk~inputCLKENA0|inclk         ;
;   1.572 ;   0.470 ; RR ; CELL ; 1673   ; CLKCTRL_G9                            ; clk~inputCLKENA0|outclk        ;
;   1.572 ;   0.000 ;    ; RE   ; 1      ; CLKCTRL_G9                            ; ARRIAV_CLKBUF                  ;
;   1.572 ;   0.000 ;    ; RE   ; 1      ; CLKBUFBLOCK_OUTPUT_X89_Y39_N7_I2      ; CLKBUFBLOCK_OUTPUT             ;
;   1.572 ;   0.000 ;    ; RE   ; 1      ; GCLK_CLUSTER_RE_X89_Y39_N6_I12        ; GCLK_CLUSTER_RE                ;
;   1.572 ;   0.000 ;    ; RE   ; 1      ; CLKBUF_CLUSTER_RE_X89_Y39_N3_I416     ; CLKBUF_CLUSTER_RE              ;
;   2.348 ;   0.776 ;    ; RE   ; 6      ; GLOBAL_CLOCK_X0_Y36_N0_I9             ; GLOBAL_CLOCK                   ;
;   2.486 ;   0.138 ;    ; RE   ; 16     ; SPINE_CLOCK_X55_Y19_N0_I22            ; SPINE_CLOCK                    ;
;   2.875 ;   0.389 ;    ; RE   ; 1      ; SCLK_TO_ROWCLK_BUF_X55_Y35_N0_I133    ; SCLK_TO_ROWCLK_BUF             ;
;   2.956 ;   0.081 ;    ; RE   ; 1      ; SCLK_TO_ROWCLK_BUF_X55_Y35_N0_I136    ; SCLK_TO_ROWCLK_BUF             ;
;   3.410 ;   0.454 ;    ; RE   ; 1      ; LAB_CLK_X45_Y35_N0_I5                 ; LAB_CLK                        ;
;   3.534 ;   0.124 ;    ; RE   ; 1      ; BLK_CLK_BUF_X46_Y35_N0_I5             ; BLK_CLK_BUF                    ;
;   3.587 ;   0.053 ;    ; RE   ; 1      ; ROWCLKSEL_PREBUF_X46_Y35_N0_I5        ; ROWCLKSEL_PREBUF               ;
;   3.642 ;   0.055 ;    ; RE   ; 1      ; ROWCLKSEL_X46_Y35_N0_I0               ; ROWCLKSEL                      ;
;   3.642 ;   0.000 ;    ; RE   ; 1      ; GLOBAL_LOCAL_SEL_X46_Y35_N0_I0        ; GLOBAL_LOCAL_SEL               ;
;   3.642 ;   0.000 ;    ; RE   ; 16     ; LAB_INPUT_X46_Y35_N0_I2               ; LAB_INPUT                      ;
;   3.642 ;   0.000 ; RR ; IC   ; 1      ; FF_X46_Y35_N17                        ; message_bytes_remaining[5]|clk ;
;   4.203 ;   0.561 ; RR ; CELL ; 1      ; FF_X46_Y35_N17                        ; message_bytes_remaining[5]     ;
; 4.822   ; 0.619   ;    ;      ;        ;                                       ; data path                      ;
;   4.203 ;   0.000 ;    ; uTco ; 1      ; FF_X46_Y35_N17                        ; message_bytes_remaining[5]     ;
;   4.203 ;   0.000 ; FF ; CELL ; 3      ; FF_X46_Y35_N17                        ; message_bytes_remaining[5]|q   ;
;   4.257 ;   0.054 ;    ; RE   ; 2      ; FF_X46_Y35_N17                        ; ARRIAV_FF                      ;
;   4.335 ;   0.078 ;    ; RE   ; 1      ; LOCAL_LINE_X46_Y35_N0_I5              ; LOCAL_LINE                     ;
;   4.469 ;   0.134 ;    ; RE   ; 1      ; BLOCK_INPUT_MUX_X46_Y35_N0_I21        ; LEIM_INPUT                     ;
;   4.469 ;   0.000 ; FF ; IC   ; 4      ; LABCELL_X46_Y35_N15                   ; Add1~13|datac                  ;
;   4.740 ;   0.271 ; FR ; CELL ; 1      ; LABCELL_X46_Y35_N15                   ; Add1~13|sumout                 ;
;   4.740 ;   0.000 ;    ; RE   ; 3      ; LABCELL_X46_Y35_N15                   ; ARRIAV_LCELL_COMB              ;
;   4.740 ;   0.000 ; RR ; IC   ; 1      ; FF_X46_Y35_N17                        ; message_bytes_remaining[5]|d   ;
;   4.822 ;   0.082 ; RR ; CELL ; 1      ; FF_X46_Y35_N17                        ; message_bytes_remaining[5]     ;
+---------+---------+----+------+--------+---------------------------------------+--------------------------------+

+------------------------------------------------------------------------------------------------------------------+
; Data Required Path                                                                                               ;
+---------+----------+----+------+--------+---------------------------------------+--------------------------------+
; Total   ; Incr     ; RF ; Type ; Fanout ; Location                              ; Element                        ;
+---------+----------+----+------+--------+---------------------------------------+--------------------------------+
; 0.000   ; 0.000    ;    ;      ;        ;                                       ; latch edge time                ;
; 4.326   ; 4.326    ;    ;      ;        ;                                       ; clock path                     ;
;   0.000 ;   0.000  ;    ;      ;        ;                                       ; source latency                 ;
;   0.000 ;   0.000  ;    ;      ; 1      ; PIN_M16                               ; clk                            ;
;   0.000 ;   0.000  ;    ; RE   ; 1      ; IOPAD_X89_Y35_N60                     ; ARRIAV_IO_PAD                  ;
;   0.000 ;   0.000  ;    ; RE   ; 1      ; IO_PAD_OUTPUT_X89_Y35_N60_I1          ; IO_PAD_OUTPUT                  ;
;   0.000 ;   0.000  ;    ; RE   ; 1      ; IO_INPUT_BUFFER_INPUT_X89_Y35_N61_I0  ; IO_INPUT_BUFFER_INPUT          ;
;   0.000 ;   0.000  ; RR ; IC   ; 1      ; IOIBUF_X89_Y35_N61                    ; clk~input|i                    ;
;   0.739 ;   0.739  ; RR ; CELL ; 1      ; IOIBUF_X89_Y35_N61                    ; clk~input|o                    ;
;   0.739 ;   0.000  ;    ; RE   ; 1      ; IOIBUF_X89_Y35_N61                    ; ARRIAV_IO_IBUF                 ;
;   0.739 ;   0.000  ;    ; RE   ; 1      ; IO_INPUT_BUFFER_OUTPUT_X89_Y35_N61_I2 ; IO_INPUT_BUFFER_OUTPUT         ;
;   0.739 ;   0.000  ;    ; RE   ; 1      ; IO_RE_X89_Y35_N60_I96                 ; IO_RE                          ;
;   0.833 ;   0.094  ;    ; RE   ; 1      ; IO_RE_X89_Y35_N60_I66                 ; IO_RE                          ;
;   1.125 ;   0.292  ;    ; RE   ; 1      ; CLKBUF_CLUSTER_RE_X89_Y39_N3_I421     ; CLKBUF_CLUSTER_RE              ;
;   1.125 ;   0.000  ;    ; RE   ; 1      ; CLKBUF_CLUSTER_RE_X89_Y39_N3_I772     ; CLKBUF_CLUSTER_RE              ;
;   1.125 ;   0.000  ;    ; RE   ; 1      ; CLKBUF_CLUSTER_RE_X89_Y39_N3_I557     ; CLKBUF_CLUSTER_RE              ;
;   1.125 ;   0.000  ;    ; RE   ; 1      ; GCLK_CLUSTER_RE_X89_Y39_N6_I10        ; GCLK_CLUSTER_RE                ;
;   1.125 ;   0.000  ;    ; RE   ; 1      ; CLKBUFBLOCK_INPUT_X89_Y39_N7_I0       ; CLKBUFBLOCK_INPUT              ;
;   1.125 ;   0.000  ; RR ; IC   ; 1      ; CLKCTRL_G9                            ; clk~inputCLKENA0|inclk         ;
;   1.632 ;   0.507  ; RR ; CELL ; 1673   ; CLKCTRL_G9                            ; clk~inputCLKENA0|outclk        ;
;   1.632 ;   0.000  ;    ; RE   ; 1      ; CLKCTRL_G9                            ; ARRIAV_CLKBUF                  ;
;   1.632 ;   0.000  ;    ; RE   ; 1      ; CLKBUFBLOCK_OUTPUT_X89_Y39_N7_I2      ; CLKBUFBLOCK_OUTPUT             ;
;   1.632 ;   0.000  ;    ; RE   ; 1      ; GCLK_CLUSTER_RE_X89_Y39_N6_I12        ; GCLK_CLUSTER_RE                ;
;   1.632 ;   0.000  ;    ; RE   ; 1      ; CLKBUF_CLUSTER_RE_X89_Y39_N3_I416     ; CLKBUF_CLUSTER_RE              ;
;   2.453 ;   0.821  ;    ; RE   ; 6      ; GLOBAL_CLOCK_X0_Y36_N0_I9             ; GLOBAL_CLOCK                   ;
;   2.596 ;   0.143  ;    ; RE   ; 16     ; SPINE_CLOCK_X55_Y19_N0_I22            ; SPINE_CLOCK                    ;
;   2.999 ;   0.403  ;    ; RE   ; 1      ; SCLK_TO_ROWCLK_BUF_X55_Y35_N0_I133    ; SCLK_TO_ROWCLK_BUF             ;
;   3.083 ;   0.084  ;    ; RE   ; 1      ; SCLK_TO_ROWCLK_BUF_X55_Y35_N0_I136    ; SCLK_TO_ROWCLK_BUF             ;
;   3.553 ;   0.470  ;    ; RE   ; 1      ; LAB_CLK_X45_Y35_N0_I5                 ; LAB_CLK                        ;
;   3.688 ;   0.135  ;    ; RE   ; 1      ; BLK_CLK_BUF_X46_Y35_N0_I5             ; BLK_CLK_BUF                    ;
;   3.743 ;   0.055  ;    ; RE   ; 1      ; ROWCLKSEL_PREBUF_X46_Y35_N0_I5        ; ROWCLKSEL_PREBUF               ;
;   3.803 ;   0.060  ;    ; RE   ; 1      ; ROWCLKSEL_X46_Y35_N0_I0               ; ROWCLKSEL                      ;
;   3.803 ;   0.000  ;    ; RE   ; 1      ; GLOBAL_LOCAL_SEL_X46_Y35_N0_I0        ; GLOBAL_LOCAL_SEL               ;
;   3.803 ;   0.000  ;    ; RE   ; 16     ; LAB_INPUT_X46_Y35_N0_I2               ; LAB_INPUT                      ;
;   3.802 ;   -0.001 ; RR ; IC   ; 1      ; FF_X46_Y35_N17                        ; message_bytes_remaining[5]|clk ;
;   4.453 ;   0.651  ; RR ; CELL ; 1      ; FF_X46_Y35_N17                        ; message_bytes_remaining[5]     ;
;   4.326 ;   -0.127 ;    ;      ;        ;                                       ; clock pessimism removed        ;
; 4.326   ; 0.000    ;    ;      ;        ;                                       ; clock uncertainty              ;
; 4.326   ; 0.000    ;    ; uTh  ; 1      ; FF_X46_Y35_N17                        ; message_bytes_remaining[5]     ;
+---------+----------+----+------+--------+---------------------------------------+--------------------------------+

----------------------------
; Extra Fitter Information ;
----------------------------
HTML report is unavailable in plain text report export.


Path #4: Hold slack is 0.498 
===============================================================================
+---------------------------------------------+
; Path Summary                                ;
+--------------------+------------------------+
; Property           ; Value                  ;
+--------------------+------------------------+
; From Node          ; xof_bytes_remaining[3] ;
; To Node            ; xof_bytes_remaining[3] ;
; Launch Clock       ; clk                    ;
; Latch Clock        ; clk                    ;
; Data Arrival Time  ; 4.819                  ;
; Data Required Time ; 4.321                  ;
; Slack              ; 0.498                  ;
+--------------------+------------------------+

+-----------------------------------------------------------------------------------+
; Statistics                                                                        ;
+------------------------+-------+-------+-------------+------------+-------+-------+
; Property               ; Value ; Count ; Total Delay ; % of Total ; Min   ; Max   ;
+------------------------+-------+-------+-------------+------------+-------+-------+
; Hold Relationship      ; 0.000 ;       ;             ;            ;       ;       ;
; Clock Skew             ; 0.123 ;       ;             ;            ;       ;       ;
; Data Delay             ; 0.621 ;       ;             ;            ;       ;       ;
; Number of Logic Levels ;       ; 1     ;             ;            ;       ;       ;
; Physical Delays        ;       ;       ;             ;            ;       ;       ;
;  Arrival Path          ;       ;       ;             ;            ;       ;       ;
;   Clock                ;       ;       ;             ;            ;       ;       ;
;    IC                  ;       ; 3     ; 0.000       ; 0          ; 0.000 ; 0.000 ;
;    Cell                ;       ; 3     ; 1.759       ; 42         ; 0.470 ; 0.739 ;
;    Routing Element     ;       ; 26    ; 2.439       ; 58         ; 0.000 ; 0.763 ;
;   Data                 ;       ;       ;             ;            ;       ;       ;
;    IC                  ;       ; 2     ; 0.001       ; 0          ; 0.000 ; 0.001 ;
;    Cell                ;       ; 3     ; 0.349       ; 56         ; 0.000 ; 0.266 ;
;    uTco                ;       ; 1     ; 0.000       ; 0          ; 0.000 ; 0.000 ;
;    Routing Element     ;       ; 4     ; 0.271       ; 44         ; 0.000 ; 0.139 ;
;  Required Path         ;       ;       ;             ;            ;       ;       ;
;   Clock                ;       ;       ;             ;            ;       ;       ;
;    IC                  ;       ; 3     ; 0.001       ; 0          ; 0.000 ; 0.001 ;
;    Cell                ;       ; 3     ; 1.885       ; 42         ; 0.507 ; 0.739 ;
;    Routing Element     ;       ; 26    ; 2.560       ; 58         ; 0.000 ; 0.806 ;
+------------------------+-------+-------+-------------+------------+-------+-------+
Note: Negative delays are omitted from totals when calculating percentages

+-------------------------------------------------------------------------------------------------------------+
; Data Arrival Path                                                                                           ;
+---------+---------+----+------+--------+---------------------------------------+----------------------------+
; Total   ; Incr    ; RF ; Type ; Fanout ; Location                              ; Element                    ;
+---------+---------+----+------+--------+---------------------------------------+----------------------------+
; 0.000   ; 0.000   ;    ;      ;        ;                                       ; launch edge time           ;
; 4.198   ; 4.198   ;    ;      ;        ;                                       ; clock path                 ;
;   0.000 ;   0.000 ;    ;      ;        ;                                       ; source latency             ;
;   0.000 ;   0.000 ;    ;      ; 1      ; PIN_M16                               ; clk                        ;
;   0.000 ;   0.000 ;    ; RE   ; 1      ; IOPAD_X89_Y35_N60                     ; ARRIAV_IO_PAD              ;
;   0.000 ;   0.000 ;    ; RE   ; 1      ; IO_PAD_OUTPUT_X89_Y35_N60_I1          ; IO_PAD_OUTPUT              ;
;   0.000 ;   0.000 ;    ; RE   ; 1      ; IO_INPUT_BUFFER_INPUT_X89_Y35_N61_I0  ; IO_INPUT_BUFFER_INPUT      ;
;   0.000 ;   0.000 ; RR ; IC   ; 1      ; IOIBUF_X89_Y35_N61                    ; clk~input|i                ;
;   0.739 ;   0.739 ; RR ; CELL ; 1      ; IOIBUF_X89_Y35_N61                    ; clk~input|o                ;
;   0.739 ;   0.000 ;    ; RE   ; 1      ; IOIBUF_X89_Y35_N61                    ; ARRIAV_IO_IBUF             ;
;   0.739 ;   0.000 ;    ; RE   ; 1      ; IO_INPUT_BUFFER_OUTPUT_X89_Y35_N61_I2 ; IO_INPUT_BUFFER_OUTPUT     ;
;   0.739 ;   0.000 ;    ; RE   ; 1      ; IO_RE_X89_Y35_N60_I96                 ; IO_RE                      ;
;   0.827 ;   0.088 ;    ; RE   ; 1      ; IO_RE_X89_Y35_N60_I66                 ; IO_RE                      ;
;   1.102 ;   0.275 ;    ; RE   ; 1      ; CLKBUF_CLUSTER_RE_X89_Y39_N3_I421     ; CLKBUF_CLUSTER_RE          ;
;   1.102 ;   0.000 ;    ; RE   ; 1      ; CLKBUF_CLUSTER_RE_X89_Y39_N3_I772     ; CLKBUF_CLUSTER_RE          ;
;   1.102 ;   0.000 ;    ; RE   ; 1      ; CLKBUF_CLUSTER_RE_X89_Y39_N3_I557     ; CLKBUF_CLUSTER_RE          ;
;   1.102 ;   0.000 ;    ; RE   ; 1      ; GCLK_CLUSTER_RE_X89_Y39_N6_I10        ; GCLK_CLUSTER_RE            ;
;   1.102 ;   0.000 ;    ; RE   ; 1      ; CLKBUFBLOCK_INPUT_X89_Y39_N7_I0       ; CLKBUFBLOCK_INPUT          ;
;   1.102 ;   0.000 ; RR ; IC   ; 1      ; CLKCTRL_G9                            ; clk~inputCLKENA0|inclk     ;
;   1.572 ;   0.470 ; RR ; CELL ; 1673   ; CLKCTRL_G9                            ; clk~inputCLKENA0|outclk    ;
;   1.572 ;   0.000 ;    ; RE   ; 1      ; CLKCTRL_G9                            ; ARRIAV_CLKBUF              ;
;   1.572 ;   0.000 ;    ; RE   ; 1      ; CLKBUFBLOCK_OUTPUT_X89_Y39_N7_I2      ; CLKBUFBLOCK_OUTPUT         ;
;   1.572 ;   0.000 ;    ; RE   ; 1      ; GCLK_CLUSTER_RE_X89_Y39_N6_I12        ; GCLK_CLUSTER_RE            ;
;   1.572 ;   0.000 ;    ; RE   ; 1      ; CLKBUF_CLUSTER_RE_X89_Y39_N3_I416     ; CLKBUF_CLUSTER_RE          ;
;   2.335 ;   0.763 ;    ; RE   ; 6      ; GLOBAL_CLOCK_X0_Y36_N0_I9             ; GLOBAL_CLOCK               ;
;   2.473 ;   0.138 ;    ; RE   ; 18     ; SPINE_CLOCK_X33_Y19_N0_I22            ; SPINE_CLOCK                ;
;   2.862 ;   0.389 ;    ; RE   ; 1      ; SCLK_TO_ROWCLK_BUF_X33_Y36_N0_I133    ; SCLK_TO_ROWCLK_BUF         ;
;   2.943 ;   0.081 ;    ; RE   ; 1      ; SCLK_TO_ROWCLK_BUF_X33_Y36_N0_I136    ; SCLK_TO_ROWCLK_BUF         ;
;   3.407 ;   0.464 ;    ; RE   ; 3      ; LAB_CLK_X34_Y36_N0_I5                 ; LAB_CLK                    ;
;   3.540 ;   0.133 ;    ; RE   ; 1      ; BLK_CLK_BUF_X40_Y36_N0_I5             ; BLK_CLK_BUF                ;
;   3.594 ;   0.054 ;    ; RE   ; 1      ; ROWCLKSEL_PREBUF_X40_Y36_N0_I5        ; ROWCLKSEL_PREBUF           ;
;   3.648 ;   0.054 ;    ; RE   ; 1      ; ROWCLKSEL_X40_Y36_N0_I1               ; ROWCLKSEL                  ;
;   3.648 ;   0.000 ;    ; RE   ; 1      ; GLOBAL_LOCAL_SEL_X40_Y36_N0_I1        ; GLOBAL_LOCAL_SEL           ;
;   3.648 ;   0.000 ;    ; RE   ; 13     ; LAB_INPUT_X40_Y36_N0_I2               ; LAB_INPUT                  ;
;   3.648 ;   0.000 ; RR ; IC   ; 1      ; FF_X40_Y36_N2                         ; xof_bytes_remaining[3]|clk ;
;   4.198 ;   0.550 ; RR ; CELL ; 1      ; FF_X40_Y36_N2                         ; xof_bytes_remaining[3]     ;
; 4.819   ; 0.621   ;    ;      ;        ;                                       ; data path                  ;
;   4.198 ;   0.000 ;    ; uTco ; 1      ; FF_X40_Y36_N2                         ; xof_bytes_remaining[3]     ;
;   4.198 ;   0.000 ; FF ; CELL ; 6      ; FF_X40_Y36_N2                         ; xof_bytes_remaining[3]|q   ;
;   4.252 ;   0.054 ;    ; RE   ; 2      ; FF_X40_Y36_N2                         ; ARRIAV_FF                  ;
;   4.330 ;   0.078 ;    ; RE   ; 1      ; LOCAL_LINE_X40_Y36_N0_I0              ; LOCAL_LINE                 ;
;   4.469 ;   0.139 ;    ; RE   ; 1      ; BLOCK_INPUT_MUX_X40_Y36_N0_I4         ; LEIM_INPUT                 ;
;   4.470 ;   0.001 ; FF ; IC   ; 3      ; LABCELL_X40_Y36_N0                    ; Add5~1|datac               ;
;   4.736 ;   0.266 ; FR ; CELL ; 1      ; LABCELL_X40_Y36_N0                    ; Add5~1|sumout              ;
;   4.736 ;   0.000 ;    ; RE   ; 2      ; LABCELL_X40_Y36_N0                    ; ARRIAV_LCELL_COMB          ;
;   4.736 ;   0.000 ; RR ; IC   ; 1      ; FF_X40_Y36_N2                         ; xof_bytes_remaining[3]|d   ;
;   4.819 ;   0.083 ; RR ; CELL ; 1      ; FF_X40_Y36_N2                         ; xof_bytes_remaining[3]     ;
+---------+---------+----+------+--------+---------------------------------------+----------------------------+

+--------------------------------------------------------------------------------------------------------------+
; Data Required Path                                                                                           ;
+---------+----------+----+------+--------+---------------------------------------+----------------------------+
; Total   ; Incr     ; RF ; Type ; Fanout ; Location                              ; Element                    ;
+---------+----------+----+------+--------+---------------------------------------+----------------------------+
; 0.000   ; 0.000    ;    ;      ;        ;                                       ; latch edge time            ;
; 4.321   ; 4.321    ;    ;      ;        ;                                       ; clock path                 ;
;   0.000 ;   0.000  ;    ;      ;        ;                                       ; source latency             ;
;   0.000 ;   0.000  ;    ;      ; 1      ; PIN_M16                               ; clk                        ;
;   0.000 ;   0.000  ;    ; RE   ; 1      ; IOPAD_X89_Y35_N60                     ; ARRIAV_IO_PAD              ;
;   0.000 ;   0.000  ;    ; RE   ; 1      ; IO_PAD_OUTPUT_X89_Y35_N60_I1          ; IO_PAD_OUTPUT              ;
;   0.000 ;   0.000  ;    ; RE   ; 1      ; IO_INPUT_BUFFER_INPUT_X89_Y35_N61_I0  ; IO_INPUT_BUFFER_INPUT      ;
;   0.000 ;   0.000  ; RR ; IC   ; 1      ; IOIBUF_X89_Y35_N61                    ; clk~input|i                ;
;   0.739 ;   0.739  ; RR ; CELL ; 1      ; IOIBUF_X89_Y35_N61                    ; clk~input|o                ;
;   0.739 ;   0.000  ;    ; RE   ; 1      ; IOIBUF_X89_Y35_N61                    ; ARRIAV_IO_IBUF             ;
;   0.739 ;   0.000  ;    ; RE   ; 1      ; IO_INPUT_BUFFER_OUTPUT_X89_Y35_N61_I2 ; IO_INPUT_BUFFER_OUTPUT     ;
;   0.739 ;   0.000  ;    ; RE   ; 1      ; IO_RE_X89_Y35_N60_I96                 ; IO_RE                      ;
;   0.833 ;   0.094  ;    ; RE   ; 1      ; IO_RE_X89_Y35_N60_I66                 ; IO_RE                      ;
;   1.125 ;   0.292  ;    ; RE   ; 1      ; CLKBUF_CLUSTER_RE_X89_Y39_N3_I421     ; CLKBUF_CLUSTER_RE          ;
;   1.125 ;   0.000  ;    ; RE   ; 1      ; CLKBUF_CLUSTER_RE_X89_Y39_N3_I772     ; CLKBUF_CLUSTER_RE          ;
;   1.125 ;   0.000  ;    ; RE   ; 1      ; CLKBUF_CLUSTER_RE_X89_Y39_N3_I557     ; CLKBUF_CLUSTER_RE          ;
;   1.125 ;   0.000  ;    ; RE   ; 1      ; GCLK_CLUSTER_RE_X89_Y39_N6_I10        ; GCLK_CLUSTER_RE            ;
;   1.125 ;   0.000  ;    ; RE   ; 1      ; CLKBUFBLOCK_INPUT_X89_Y39_N7_I0       ; CLKBUFBLOCK_INPUT          ;
;   1.125 ;   0.000  ; RR ; IC   ; 1      ; CLKCTRL_G9                            ; clk~inputCLKENA0|inclk     ;
;   1.632 ;   0.507  ; RR ; CELL ; 1673   ; CLKCTRL_G9                            ; clk~inputCLKENA0|outclk    ;
;   1.632 ;   0.000  ;    ; RE   ; 1      ; CLKCTRL_G9                            ; ARRIAV_CLKBUF              ;
;   1.632 ;   0.000  ;    ; RE   ; 1      ; CLKBUFBLOCK_OUTPUT_X89_Y39_N7_I2      ; CLKBUFBLOCK_OUTPUT         ;
;   1.632 ;   0.000  ;    ; RE   ; 1      ; GCLK_CLUSTER_RE_X89_Y39_N6_I12        ; GCLK_CLUSTER_RE            ;
;   1.632 ;   0.000  ;    ; RE   ; 1      ; CLKBUF_CLUSTER_RE_X89_Y39_N3_I416     ; CLKBUF_CLUSTER_RE          ;
;   2.438 ;   0.806  ;    ; RE   ; 6      ; GLOBAL_CLOCK_X0_Y36_N0_I9             ; GLOBAL_CLOCK               ;
;   2.581 ;   0.143  ;    ; RE   ; 18     ; SPINE_CLOCK_X33_Y19_N0_I22            ; SPINE_CLOCK                ;
;   2.984 ;   0.403  ;    ; RE   ; 1      ; SCLK_TO_ROWCLK_BUF_X33_Y36_N0_I133    ; SCLK_TO_ROWCLK_BUF         ;
;   3.068 ;   0.084  ;    ; RE   ; 1      ; SCLK_TO_ROWCLK_BUF_X33_Y36_N0_I136    ; SCLK_TO_ROWCLK_BUF         ;
;   3.548 ;   0.480  ;    ; RE   ; 3      ; LAB_CLK_X34_Y36_N0_I5                 ; LAB_CLK                    ;
;   3.692 ;   0.144  ;    ; RE   ; 1      ; BLK_CLK_BUF_X40_Y36_N0_I5             ; BLK_CLK_BUF                ;
;   3.748 ;   0.056  ;    ; RE   ; 1      ; ROWCLKSEL_PREBUF_X40_Y36_N0_I5        ; ROWCLKSEL_PREBUF           ;
;   3.806 ;   0.058  ;    ; RE   ; 1      ; ROWCLKSEL_X40_Y36_N0_I1               ; ROWCLKSEL                  ;
;   3.806 ;   0.000  ;    ; RE   ; 1      ; GLOBAL_LOCAL_SEL_X40_Y36_N0_I1        ; GLOBAL_LOCAL_SEL           ;
;   3.806 ;   0.000  ;    ; RE   ; 13     ; LAB_INPUT_X40_Y36_N0_I2               ; LAB_INPUT                  ;
;   3.807 ;   0.001  ; RR ; IC   ; 1      ; FF_X40_Y36_N2                         ; xof_bytes_remaining[3]|clk ;
;   4.446 ;   0.639  ; RR ; CELL ; 1      ; FF_X40_Y36_N2                         ; xof_bytes_remaining[3]     ;
;   4.321 ;   -0.125 ;    ;      ;        ;                                       ; clock pessimism removed    ;
; 4.321   ; 0.000    ;    ;      ;        ;                                       ; clock uncertainty          ;
; 4.321   ; 0.000    ;    ; uTh  ; 1      ; FF_X40_Y36_N2                         ; xof_bytes_remaining[3]     ;
+---------+----------+----+------+--------+---------------------------------------+----------------------------+

----------------------------
; Extra Fitter Information ;
----------------------------
HTML report is unavailable in plain text report export.


Path #5: Hold slack is 0.498 
===============================================================================
+--------------------------------------------------+
; Path Summary                                     ;
+--------------------+-----------------------------+
; Property           ; Value                       ;
+--------------------+-----------------------------+
; From Node          ; message_bytes_remaining[15] ;
; To Node            ; message_bytes_remaining[15] ;
; Launch Clock       ; clk                         ;
; Latch Clock        ; clk                         ;
; Data Arrival Time  ; 4.824                       ;
; Data Required Time ; 4.326                       ;
; Slack              ; 0.498                       ;
+--------------------+-----------------------------+

+------------------------------------------------------------------------------------+
; Statistics                                                                         ;
+------------------------+-------+-------+-------------+------------+--------+-------+
; Property               ; Value ; Count ; Total Delay ; % of Total ; Min    ; Max   ;
+------------------------+-------+-------+-------------+------------+--------+-------+
; Hold Relationship      ; 0.000 ;       ;             ;            ;        ;       ;
; Clock Skew             ; 0.123 ;       ;             ;            ;        ;       ;
; Data Delay             ; 0.621 ;       ;             ;            ;        ;       ;
; Number of Logic Levels ;       ; 1     ;             ;            ;        ;       ;
; Physical Delays        ;       ;       ;             ;            ;        ;       ;
;  Arrival Path          ;       ;       ;             ;            ;        ;       ;
;   Clock                ;       ;       ;             ;            ;        ;       ;
;    IC                  ;       ; 3     ; 0.000       ; 0          ; 0.000  ; 0.000 ;
;    Cell                ;       ; 3     ; 1.770       ; 42         ; 0.470  ; 0.739 ;
;    Routing Element     ;       ; 26    ; 2.433       ; 58         ; 0.000  ; 0.776 ;
;   Data                 ;       ;       ;             ;            ;        ;       ;
;    IC                  ;       ; 2     ; 0.000       ; 0          ; 0.000  ; 0.000 ;
;    Cell                ;       ; 3     ; 0.353       ; 57         ; 0.000  ; 0.271 ;
;    uTco                ;       ; 1     ; 0.000       ; 0          ; 0.000  ; 0.000 ;
;    Routing Element     ;       ; 4     ; 0.268       ; 43         ; 0.000  ; 0.134 ;
;  Required Path         ;       ;       ;             ;            ;        ;       ;
;   Clock                ;       ;       ;             ;            ;        ;       ;
;    IC                  ;       ; 3     ; -0.001      ; 0          ; -0.001 ; 0.000 ;
;    Cell                ;       ; 3     ; 1.897       ; 43         ; 0.507  ; 0.739 ;
;    Routing Element     ;       ; 26    ; 2.557       ; 57         ; 0.000  ; 0.821 ;
+------------------------+-------+-------+-------------+------------+--------+-------+
Note: Negative delays are omitted from totals when calculating percentages

+------------------------------------------------------------------------------------------------------------------+
; Data Arrival Path                                                                                                ;
+---------+---------+----+------+--------+---------------------------------------+---------------------------------+
; Total   ; Incr    ; RF ; Type ; Fanout ; Location                              ; Element                         ;
+---------+---------+----+------+--------+---------------------------------------+---------------------------------+
; 0.000   ; 0.000   ;    ;      ;        ;                                       ; launch edge time                ;
; 4.203   ; 4.203   ;    ;      ;        ;                                       ; clock path                      ;
;   0.000 ;   0.000 ;    ;      ;        ;                                       ; source latency                  ;
;   0.000 ;   0.000 ;    ;      ; 1      ; PIN_M16                               ; clk                             ;
;   0.000 ;   0.000 ;    ; RE   ; 1      ; IOPAD_X89_Y35_N60                     ; ARRIAV_IO_PAD                   ;
;   0.000 ;   0.000 ;    ; RE   ; 1      ; IO_PAD_OUTPUT_X89_Y35_N60_I1          ; IO_PAD_OUTPUT                   ;
;   0.000 ;   0.000 ;    ; RE   ; 1      ; IO_INPUT_BUFFER_INPUT_X89_Y35_N61_I0  ; IO_INPUT_BUFFER_INPUT           ;
;   0.000 ;   0.000 ; RR ; IC   ; 1      ; IOIBUF_X89_Y35_N61                    ; clk~input|i                     ;
;   0.739 ;   0.739 ; RR ; CELL ; 1      ; IOIBUF_X89_Y35_N61                    ; clk~input|o                     ;
;   0.739 ;   0.000 ;    ; RE   ; 1      ; IOIBUF_X89_Y35_N61                    ; ARRIAV_IO_IBUF                  ;
;   0.739 ;   0.000 ;    ; RE   ; 1      ; IO_INPUT_BUFFER_OUTPUT_X89_Y35_N61_I2 ; IO_INPUT_BUFFER_OUTPUT          ;
;   0.739 ;   0.000 ;    ; RE   ; 1      ; IO_RE_X89_Y35_N60_I96                 ; IO_RE                           ;
;   0.827 ;   0.088 ;    ; RE   ; 1      ; IO_RE_X89_Y35_N60_I66                 ; IO_RE                           ;
;   1.102 ;   0.275 ;    ; RE   ; 1      ; CLKBUF_CLUSTER_RE_X89_Y39_N3_I421     ; CLKBUF_CLUSTER_RE               ;
;   1.102 ;   0.000 ;    ; RE   ; 1      ; CLKBUF_CLUSTER_RE_X89_Y39_N3_I772     ; CLKBUF_CLUSTER_RE               ;
;   1.102 ;   0.000 ;    ; RE   ; 1      ; CLKBUF_CLUSTER_RE_X89_Y39_N3_I557     ; CLKBUF_CLUSTER_RE               ;
;   1.102 ;   0.000 ;    ; RE   ; 1      ; GCLK_CLUSTER_RE_X89_Y39_N6_I10        ; GCLK_CLUSTER_RE                 ;
;   1.102 ;   0.000 ;    ; RE   ; 1      ; CLKBUFBLOCK_INPUT_X89_Y39_N7_I0       ; CLKBUFBLOCK_INPUT               ;
;   1.102 ;   0.000 ; RR ; IC   ; 1      ; CLKCTRL_G9                            ; clk~inputCLKENA0|inclk          ;
;   1.572 ;   0.470 ; RR ; CELL ; 1673   ; CLKCTRL_G9                            ; clk~inputCLKENA0|outclk         ;
;   1.572 ;   0.000 ;    ; RE   ; 1      ; CLKCTRL_G9                            ; ARRIAV_CLKBUF                   ;
;   1.572 ;   0.000 ;    ; RE   ; 1      ; CLKBUFBLOCK_OUTPUT_X89_Y39_N7_I2      ; CLKBUFBLOCK_OUTPUT              ;
;   1.572 ;   0.000 ;    ; RE   ; 1      ; GCLK_CLUSTER_RE_X89_Y39_N6_I12        ; GCLK_CLUSTER_RE                 ;
;   1.572 ;   0.000 ;    ; RE   ; 1      ; CLKBUF_CLUSTER_RE_X89_Y39_N3_I416     ; CLKBUF_CLUSTER_RE               ;
;   2.348 ;   0.776 ;    ; RE   ; 6      ; GLOBAL_CLOCK_X0_Y36_N0_I9             ; GLOBAL_CLOCK                    ;
;   2.486 ;   0.138 ;    ; RE   ; 16     ; SPINE_CLOCK_X55_Y19_N0_I22            ; SPINE_CLOCK                     ;
;   2.875 ;   0.389 ;    ; RE   ; 1      ; SCLK_TO_ROWCLK_BUF_X55_Y35_N0_I133    ; SCLK_TO_ROWCLK_BUF              ;
;   2.956 ;   0.081 ;    ; RE   ; 1      ; SCLK_TO_ROWCLK_BUF_X55_Y35_N0_I136    ; SCLK_TO_ROWCLK_BUF              ;
;   3.410 ;   0.454 ;    ; RE   ; 1      ; LAB_CLK_X45_Y35_N0_I5                 ; LAB_CLK                         ;
;   3.534 ;   0.124 ;    ; RE   ; 1      ; BLK_CLK_BUF_X46_Y35_N0_I5             ; BLK_CLK_BUF                     ;
;   3.587 ;   0.053 ;    ; RE   ; 1      ; ROWCLKSEL_PREBUF_X46_Y35_N0_I5        ; ROWCLKSEL_PREBUF                ;
;   3.642 ;   0.055 ;    ; RE   ; 1      ; ROWCLKSEL_X46_Y35_N0_I0               ; ROWCLKSEL                       ;
;   3.642 ;   0.000 ;    ; RE   ; 1      ; GLOBAL_LOCAL_SEL_X46_Y35_N0_I0        ; GLOBAL_LOCAL_SEL                ;
;   3.642 ;   0.000 ;    ; RE   ; 16     ; LAB_INPUT_X46_Y35_N0_I2               ; LAB_INPUT                       ;
;   3.642 ;   0.000 ; RR ; IC   ; 1      ; FF_X46_Y35_N47                        ; message_bytes_remaining[15]|clk ;
;   4.203 ;   0.561 ; RR ; CELL ; 1      ; FF_X46_Y35_N47                        ; message_bytes_remaining[15]     ;
; 4.824   ; 0.621   ;    ;      ;        ;                                       ; data path                       ;
;   4.203 ;   0.000 ;    ; uTco ; 1      ; FF_X46_Y35_N47                        ; message_bytes_remaining[15]     ;
;   4.203 ;   0.000 ; FF ; CELL ; 3      ; FF_X46_Y35_N47                        ; message_bytes_remaining[15]|q   ;
;   4.260 ;   0.057 ;    ; RE   ; 2      ; FF_X46_Y35_N47                        ; ARRIAV_FF                       ;
;   4.337 ;   0.077 ;    ; RE   ; 1      ; LOCAL_LINE_X46_Y35_N0_I15             ; LOCAL_LINE                      ;
;   4.471 ;   0.134 ;    ; RE   ; 1      ; BLOCK_INPUT_MUX_X46_Y35_N0_I61        ; LEIM_INPUT                      ;
;   4.471 ;   0.000 ; FF ; IC   ; 1      ; LABCELL_X46_Y35_N45                   ; Add1~61|datac                   ;
;   4.742 ;   0.271 ; FR ; CELL ; 1      ; LABCELL_X46_Y35_N45                   ; Add1~61|sumout                  ;
;   4.742 ;   0.000 ;    ; RE   ; 1      ; LABCELL_X46_Y35_N45                   ; ARRIAV_LCELL_COMB               ;
;   4.742 ;   0.000 ; RR ; IC   ; 1      ; FF_X46_Y35_N47                        ; message_bytes_remaining[15]|d   ;
;   4.824 ;   0.082 ; RR ; CELL ; 1      ; FF_X46_Y35_N47                        ; message_bytes_remaining[15]     ;
+---------+---------+----+------+--------+---------------------------------------+---------------------------------+

+-------------------------------------------------------------------------------------------------------------------+
; Data Required Path                                                                                                ;
+---------+----------+----+------+--------+---------------------------------------+---------------------------------+
; Total   ; Incr     ; RF ; Type ; Fanout ; Location                              ; Element                         ;
+---------+----------+----+------+--------+---------------------------------------+---------------------------------+
; 0.000   ; 0.000    ;    ;      ;        ;                                       ; latch edge time                 ;
; 4.326   ; 4.326    ;    ;      ;        ;                                       ; clock path                      ;
;   0.000 ;   0.000  ;    ;      ;        ;                                       ; source latency                  ;
;   0.000 ;   0.000  ;    ;      ; 1      ; PIN_M16                               ; clk                             ;
;   0.000 ;   0.000  ;    ; RE   ; 1      ; IOPAD_X89_Y35_N60                     ; ARRIAV_IO_PAD                   ;
;   0.000 ;   0.000  ;    ; RE   ; 1      ; IO_PAD_OUTPUT_X89_Y35_N60_I1          ; IO_PAD_OUTPUT                   ;
;   0.000 ;   0.000  ;    ; RE   ; 1      ; IO_INPUT_BUFFER_INPUT_X89_Y35_N61_I0  ; IO_INPUT_BUFFER_INPUT           ;
;   0.000 ;   0.000  ; RR ; IC   ; 1      ; IOIBUF_X89_Y35_N61                    ; clk~input|i                     ;
;   0.739 ;   0.739  ; RR ; CELL ; 1      ; IOIBUF_X89_Y35_N61                    ; clk~input|o                     ;
;   0.739 ;   0.000  ;    ; RE   ; 1      ; IOIBUF_X89_Y35_N61                    ; ARRIAV_IO_IBUF                  ;
;   0.739 ;   0.000  ;    ; RE   ; 1      ; IO_INPUT_BUFFER_OUTPUT_X89_Y35_N61_I2 ; IO_INPUT_BUFFER_OUTPUT          ;
;   0.739 ;   0.000  ;    ; RE   ; 1      ; IO_RE_X89_Y35_N60_I96                 ; IO_RE                           ;
;   0.833 ;   0.094  ;    ; RE   ; 1      ; IO_RE_X89_Y35_N60_I66                 ; IO_RE                           ;
;   1.125 ;   0.292  ;    ; RE   ; 1      ; CLKBUF_CLUSTER_RE_X89_Y39_N3_I421     ; CLKBUF_CLUSTER_RE               ;
;   1.125 ;   0.000  ;    ; RE   ; 1      ; CLKBUF_CLUSTER_RE_X89_Y39_N3_I772     ; CLKBUF_CLUSTER_RE               ;
;   1.125 ;   0.000  ;    ; RE   ; 1      ; CLKBUF_CLUSTER_RE_X89_Y39_N3_I557     ; CLKBUF_CLUSTER_RE               ;
;   1.125 ;   0.000  ;    ; RE   ; 1      ; GCLK_CLUSTER_RE_X89_Y39_N6_I10        ; GCLK_CLUSTER_RE                 ;
;   1.125 ;   0.000  ;    ; RE   ; 1      ; CLKBUFBLOCK_INPUT_X89_Y39_N7_I0       ; CLKBUFBLOCK_INPUT               ;
;   1.125 ;   0.000  ; RR ; IC   ; 1      ; CLKCTRL_G9                            ; clk~inputCLKENA0|inclk          ;
;   1.632 ;   0.507  ; RR ; CELL ; 1673   ; CLKCTRL_G9                            ; clk~inputCLKENA0|outclk         ;
;   1.632 ;   0.000  ;    ; RE   ; 1      ; CLKCTRL_G9                            ; ARRIAV_CLKBUF                   ;
;   1.632 ;   0.000  ;    ; RE   ; 1      ; CLKBUFBLOCK_OUTPUT_X89_Y39_N7_I2      ; CLKBUFBLOCK_OUTPUT              ;
;   1.632 ;   0.000  ;    ; RE   ; 1      ; GCLK_CLUSTER_RE_X89_Y39_N6_I12        ; GCLK_CLUSTER_RE                 ;
;   1.632 ;   0.000  ;    ; RE   ; 1      ; CLKBUF_CLUSTER_RE_X89_Y39_N3_I416     ; CLKBUF_CLUSTER_RE               ;
;   2.453 ;   0.821  ;    ; RE   ; 6      ; GLOBAL_CLOCK_X0_Y36_N0_I9             ; GLOBAL_CLOCK                    ;
;   2.596 ;   0.143  ;    ; RE   ; 16     ; SPINE_CLOCK_X55_Y19_N0_I22            ; SPINE_CLOCK                     ;
;   2.999 ;   0.403  ;    ; RE   ; 1      ; SCLK_TO_ROWCLK_BUF_X55_Y35_N0_I133    ; SCLK_TO_ROWCLK_BUF              ;
;   3.083 ;   0.084  ;    ; RE   ; 1      ; SCLK_TO_ROWCLK_BUF_X55_Y35_N0_I136    ; SCLK_TO_ROWCLK_BUF              ;
;   3.553 ;   0.470  ;    ; RE   ; 1      ; LAB_CLK_X45_Y35_N0_I5                 ; LAB_CLK                         ;
;   3.688 ;   0.135  ;    ; RE   ; 1      ; BLK_CLK_BUF_X46_Y35_N0_I5             ; BLK_CLK_BUF                     ;
;   3.743 ;   0.055  ;    ; RE   ; 1      ; ROWCLKSEL_PREBUF_X46_Y35_N0_I5        ; ROWCLKSEL_PREBUF                ;
;   3.803 ;   0.060  ;    ; RE   ; 1      ; ROWCLKSEL_X46_Y35_N0_I0               ; ROWCLKSEL                       ;
;   3.803 ;   0.000  ;    ; RE   ; 1      ; GLOBAL_LOCAL_SEL_X46_Y35_N0_I0        ; GLOBAL_LOCAL_SEL                ;
;   3.803 ;   0.000  ;    ; RE   ; 16     ; LAB_INPUT_X46_Y35_N0_I2               ; LAB_INPUT                       ;
;   3.802 ;   -0.001 ; RR ; IC   ; 1      ; FF_X46_Y35_N47                        ; message_bytes_remaining[15]|clk ;
;   4.453 ;   0.651  ; RR ; CELL ; 1      ; FF_X46_Y35_N47                        ; message_bytes_remaining[15]     ;
;   4.326 ;   -0.127 ;    ;      ;        ;                                       ; clock pessimism removed         ;
; 4.326   ; 0.000    ;    ;      ;        ;                                       ; clock uncertainty               ;
; 4.326   ; 0.000    ;    ; uTh  ; 1      ; FF_X46_Y35_N47                        ; message_bytes_remaining[15]     ;
+---------+----------+----+------+--------+---------------------------------------+---------------------------------+

----------------------------
; Extra Fitter Information ;
----------------------------
HTML report is unavailable in plain text report export.


Path #6: Hold slack is 0.508 
===============================================================================
+-------------------------------------------------+
; Path Summary                                    ;
+--------------------+----------------------------+
; Property           ; Value                      ;
+--------------------+----------------------------+
; From Node          ; message_bytes_remaining[8] ;
; To Node            ; message_bytes_remaining[8] ;
; Launch Clock       ; clk                        ;
; Latch Clock        ; clk                        ;
; Data Arrival Time  ; 4.828                      ;
; Data Required Time ; 4.320                      ;
; Slack              ; 0.508                      ;
+--------------------+----------------------------+

+------------------------------------------------------------------------------------+
; Statistics                                                                         ;
+------------------------+-------+-------+-------------+------------+--------+-------+
; Property               ; Value ; Count ; Total Delay ; % of Total ; Min    ; Max   ;
+------------------------+-------+-------+-------------+------------+--------+-------+
; Hold Relationship      ; 0.000 ;       ;             ;            ;        ;       ;
; Clock Skew             ; 0.123 ;       ;             ;            ;        ;       ;
; Data Delay             ; 0.631 ;       ;             ;            ;        ;       ;
; Number of Logic Levels ;       ; 1     ;             ;            ;        ;       ;
; Physical Delays        ;       ;       ;             ;            ;        ;       ;
;  Arrival Path          ;       ;       ;             ;            ;        ;       ;
;   Clock                ;       ;       ;             ;            ;        ;       ;
;    IC                  ;       ; 3     ; 0.000       ; 0          ; 0.000  ; 0.000 ;
;    Cell                ;       ; 3     ; 1.764       ; 42         ; 0.470  ; 0.739 ;
;    Routing Element     ;       ; 26    ; 2.433       ; 58         ; 0.000  ; 0.776 ;
;   Data                 ;       ;       ;             ;            ;        ;       ;
;    IC                  ;       ; 2     ; 0.000       ; 0          ; 0.000  ; 0.000 ;
;    Cell                ;       ; 3     ; 0.348       ; 55         ; 0.000  ; 0.265 ;
;    uTco                ;       ; 1     ; 0.000       ; 0          ; 0.000  ; 0.000 ;
;    Routing Element     ;       ; 4     ; 0.283       ; 45         ; 0.000  ; 0.141 ;
;  Required Path         ;       ;       ;             ;            ;        ;       ;
;   Clock                ;       ;       ;             ;            ;        ;       ;
;    IC                  ;       ; 3     ; -0.001      ; 0          ; -0.001 ; 0.000 ;
;    Cell                ;       ; 3     ; 1.891       ; 43         ; 0.507  ; 0.739 ;
;    Routing Element     ;       ; 26    ; 2.557       ; 57         ; 0.000  ; 0.821 ;
+------------------------+-------+-------+-------------+------------+--------+-------+
Note: Negative delays are omitted from totals when calculating percentages

+-----------------------------------------------------------------------------------------------------------------+
; Data Arrival Path                                                                                               ;
+---------+---------+----+------+--------+---------------------------------------+--------------------------------+
; Total   ; Incr    ; RF ; Type ; Fanout ; Location                              ; Element                        ;
+---------+---------+----+------+--------+---------------------------------------+--------------------------------+
; 0.000   ; 0.000   ;    ;      ;        ;                                       ; launch edge time               ;
; 4.197   ; 4.197   ;    ;      ;        ;                                       ; clock path                     ;
;   0.000 ;   0.000 ;    ;      ;        ;                                       ; source latency                 ;
;   0.000 ;   0.000 ;    ;      ; 1      ; PIN_M16                               ; clk                            ;
;   0.000 ;   0.000 ;    ; RE   ; 1      ; IOPAD_X89_Y35_N60                     ; ARRIAV_IO_PAD                  ;
;   0.000 ;   0.000 ;    ; RE   ; 1      ; IO_PAD_OUTPUT_X89_Y35_N60_I1          ; IO_PAD_OUTPUT                  ;
;   0.000 ;   0.000 ;    ; RE   ; 1      ; IO_INPUT_BUFFER_INPUT_X89_Y35_N61_I0  ; IO_INPUT_BUFFER_INPUT          ;
;   0.000 ;   0.000 ; RR ; IC   ; 1      ; IOIBUF_X89_Y35_N61                    ; clk~input|i                    ;
;   0.739 ;   0.739 ; RR ; CELL ; 1      ; IOIBUF_X89_Y35_N61                    ; clk~input|o                    ;
;   0.739 ;   0.000 ;    ; RE   ; 1      ; IOIBUF_X89_Y35_N61                    ; ARRIAV_IO_IBUF                 ;
;   0.739 ;   0.000 ;    ; RE   ; 1      ; IO_INPUT_BUFFER_OUTPUT_X89_Y35_N61_I2 ; IO_INPUT_BUFFER_OUTPUT         ;
;   0.739 ;   0.000 ;    ; RE   ; 1      ; IO_RE_X89_Y35_N60_I96                 ; IO_RE                          ;
;   0.827 ;   0.088 ;    ; RE   ; 1      ; IO_RE_X89_Y35_N60_I66                 ; IO_RE                          ;
;   1.102 ;   0.275 ;    ; RE   ; 1      ; CLKBUF_CLUSTER_RE_X89_Y39_N3_I421     ; CLKBUF_CLUSTER_RE              ;
;   1.102 ;   0.000 ;    ; RE   ; 1      ; CLKBUF_CLUSTER_RE_X89_Y39_N3_I772     ; CLKBUF_CLUSTER_RE              ;
;   1.102 ;   0.000 ;    ; RE   ; 1      ; CLKBUF_CLUSTER_RE_X89_Y39_N3_I557     ; CLKBUF_CLUSTER_RE              ;
;   1.102 ;   0.000 ;    ; RE   ; 1      ; GCLK_CLUSTER_RE_X89_Y39_N6_I10        ; GCLK_CLUSTER_RE                ;
;   1.102 ;   0.000 ;    ; RE   ; 1      ; CLKBUFBLOCK_INPUT_X89_Y39_N7_I0       ; CLKBUFBLOCK_INPUT              ;
;   1.102 ;   0.000 ; RR ; IC   ; 1      ; CLKCTRL_G9                            ; clk~inputCLKENA0|inclk         ;
;   1.572 ;   0.470 ; RR ; CELL ; 1673   ; CLKCTRL_G9                            ; clk~inputCLKENA0|outclk        ;
;   1.572 ;   0.000 ;    ; RE   ; 1      ; CLKCTRL_G9                            ; ARRIAV_CLKBUF                  ;
;   1.572 ;   0.000 ;    ; RE   ; 1      ; CLKBUFBLOCK_OUTPUT_X89_Y39_N7_I2      ; CLKBUFBLOCK_OUTPUT             ;
;   1.572 ;   0.000 ;    ; RE   ; 1      ; GCLK_CLUSTER_RE_X89_Y39_N6_I12        ; GCLK_CLUSTER_RE                ;
;   1.572 ;   0.000 ;    ; RE   ; 1      ; CLKBUF_CLUSTER_RE_X89_Y39_N3_I416     ; CLKBUF_CLUSTER_RE              ;
;   2.348 ;   0.776 ;    ; RE   ; 6      ; GLOBAL_CLOCK_X0_Y36_N0_I9             ; GLOBAL_CLOCK                   ;
;   2.486 ;   0.138 ;    ; RE   ; 16     ; SPINE_CLOCK_X55_Y19_N0_I22            ; SPINE_CLOCK                    ;
;   2.875 ;   0.389 ;    ; RE   ; 1      ; SCLK_TO_ROWCLK_BUF_X55_Y35_N0_I133    ; SCLK_TO_ROWCLK_BUF             ;
;   2.956 ;   0.081 ;    ; RE   ; 1      ; SCLK_TO_ROWCLK_BUF_X55_Y35_N0_I136    ; SCLK_TO_ROWCLK_BUF             ;
;   3.410 ;   0.454 ;    ; RE   ; 1      ; LAB_CLK_X45_Y35_N0_I5                 ; LAB_CLK                        ;
;   3.534 ;   0.124 ;    ; RE   ; 1      ; BLK_CLK_BUF_X46_Y35_N0_I5             ; BLK_CLK_BUF                    ;
;   3.587 ;   0.053 ;    ; RE   ; 1      ; ROWCLKSEL_PREBUF_X46_Y35_N0_I5        ; ROWCLKSEL_PREBUF               ;
;   3.642 ;   0.055 ;    ; RE   ; 1      ; ROWCLKSEL_X46_Y35_N0_I0               ; ROWCLKSEL                      ;
;   3.642 ;   0.000 ;    ; RE   ; 1      ; GLOBAL_LOCAL_SEL_X46_Y35_N0_I0        ; GLOBAL_LOCAL_SEL               ;
;   3.642 ;   0.000 ;    ; RE   ; 16     ; LAB_INPUT_X46_Y35_N0_I2               ; LAB_INPUT                      ;
;   3.642 ;   0.000 ; RR ; IC   ; 1      ; FF_X46_Y35_N26                        ; message_bytes_remaining[8]|clk ;
;   4.197 ;   0.555 ; RR ; CELL ; 1      ; FF_X46_Y35_N26                        ; message_bytes_remaining[8]     ;
; 4.828   ; 0.631   ;    ;      ;        ;                                       ; data path                      ;
;   4.197 ;   0.000 ;    ; uTco ; 1      ; FF_X46_Y35_N26                        ; message_bytes_remaining[8]     ;
;   4.197 ;   0.000 ; FF ; CELL ; 3      ; FF_X46_Y35_N26                        ; message_bytes_remaining[8]|q   ;
;   4.254 ;   0.057 ;    ; RE   ; 2      ; FF_X46_Y35_N26                        ; ARRIAV_FF                      ;
;   4.339 ;   0.085 ;    ; RE   ; 1      ; LOCAL_LINE_X46_Y35_N0_I8              ; LOCAL_LINE                     ;
;   4.480 ;   0.141 ;    ; RE   ; 1      ; BLOCK_INPUT_MUX_X46_Y35_N0_I36        ; LEIM_INPUT                     ;
;   4.480 ;   0.000 ; FF ; IC   ; 4      ; LABCELL_X46_Y35_N24                   ; Add1~21|datac                  ;
;   4.745 ;   0.265 ; FR ; CELL ; 1      ; LABCELL_X46_Y35_N24                   ; Add1~21|sumout                 ;
;   4.745 ;   0.000 ;    ; RE   ; 3      ; LABCELL_X46_Y35_N24                   ; ARRIAV_LCELL_COMB              ;
;   4.745 ;   0.000 ; RR ; IC   ; 1      ; FF_X46_Y35_N26                        ; message_bytes_remaining[8]|d   ;
;   4.828 ;   0.083 ; RR ; CELL ; 1      ; FF_X46_Y35_N26                        ; message_bytes_remaining[8]     ;
+---------+---------+----+------+--------+---------------------------------------+--------------------------------+

+------------------------------------------------------------------------------------------------------------------+
; Data Required Path                                                                                               ;
+---------+----------+----+------+--------+---------------------------------------+--------------------------------+
; Total   ; Incr     ; RF ; Type ; Fanout ; Location                              ; Element                        ;
+---------+----------+----+------+--------+---------------------------------------+--------------------------------+
; 0.000   ; 0.000    ;    ;      ;        ;                                       ; latch edge time                ;
; 4.320   ; 4.320    ;    ;      ;        ;                                       ; clock path                     ;
;   0.000 ;   0.000  ;    ;      ;        ;                                       ; source latency                 ;
;   0.000 ;   0.000  ;    ;      ; 1      ; PIN_M16                               ; clk                            ;
;   0.000 ;   0.000  ;    ; RE   ; 1      ; IOPAD_X89_Y35_N60                     ; ARRIAV_IO_PAD                  ;
;   0.000 ;   0.000  ;    ; RE   ; 1      ; IO_PAD_OUTPUT_X89_Y35_N60_I1          ; IO_PAD_OUTPUT                  ;
;   0.000 ;   0.000  ;    ; RE   ; 1      ; IO_INPUT_BUFFER_INPUT_X89_Y35_N61_I0  ; IO_INPUT_BUFFER_INPUT          ;
;   0.000 ;   0.000  ; RR ; IC   ; 1      ; IOIBUF_X89_Y35_N61                    ; clk~input|i                    ;
;   0.739 ;   0.739  ; RR ; CELL ; 1      ; IOIBUF_X89_Y35_N61                    ; clk~input|o                    ;
;   0.739 ;   0.000  ;    ; RE   ; 1      ; IOIBUF_X89_Y35_N61                    ; ARRIAV_IO_IBUF                 ;
;   0.739 ;   0.000  ;    ; RE   ; 1      ; IO_INPUT_BUFFER_OUTPUT_X89_Y35_N61_I2 ; IO_INPUT_BUFFER_OUTPUT         ;
;   0.739 ;   0.000  ;    ; RE   ; 1      ; IO_RE_X89_Y35_N60_I96                 ; IO_RE                          ;
;   0.833 ;   0.094  ;    ; RE   ; 1      ; IO_RE_X89_Y35_N60_I66                 ; IO_RE                          ;
;   1.125 ;   0.292  ;    ; RE   ; 1      ; CLKBUF_CLUSTER_RE_X89_Y39_N3_I421     ; CLKBUF_CLUSTER_RE              ;
;   1.125 ;   0.000  ;    ; RE   ; 1      ; CLKBUF_CLUSTER_RE_X89_Y39_N3_I772     ; CLKBUF_CLUSTER_RE              ;
;   1.125 ;   0.000  ;    ; RE   ; 1      ; CLKBUF_CLUSTER_RE_X89_Y39_N3_I557     ; CLKBUF_CLUSTER_RE              ;
;   1.125 ;   0.000  ;    ; RE   ; 1      ; GCLK_CLUSTER_RE_X89_Y39_N6_I10        ; GCLK_CLUSTER_RE                ;
;   1.125 ;   0.000  ;    ; RE   ; 1      ; CLKBUFBLOCK_INPUT_X89_Y39_N7_I0       ; CLKBUFBLOCK_INPUT              ;
;   1.125 ;   0.000  ; RR ; IC   ; 1      ; CLKCTRL_G9                            ; clk~inputCLKENA0|inclk         ;
;   1.632 ;   0.507  ; RR ; CELL ; 1673   ; CLKCTRL_G9                            ; clk~inputCLKENA0|outclk        ;
;   1.632 ;   0.000  ;    ; RE   ; 1      ; CLKCTRL_G9                            ; ARRIAV_CLKBUF                  ;
;   1.632 ;   0.000  ;    ; RE   ; 1      ; CLKBUFBLOCK_OUTPUT_X89_Y39_N7_I2      ; CLKBUFBLOCK_OUTPUT             ;
;   1.632 ;   0.000  ;    ; RE   ; 1      ; GCLK_CLUSTER_RE_X89_Y39_N6_I12        ; GCLK_CLUSTER_RE                ;
;   1.632 ;   0.000  ;    ; RE   ; 1      ; CLKBUF_CLUSTER_RE_X89_Y39_N3_I416     ; CLKBUF_CLUSTER_RE              ;
;   2.453 ;   0.821  ;    ; RE   ; 6      ; GLOBAL_CLOCK_X0_Y36_N0_I9             ; GLOBAL_CLOCK                   ;
;   2.596 ;   0.143  ;    ; RE   ; 16     ; SPINE_CLOCK_X55_Y19_N0_I22            ; SPINE_CLOCK                    ;
;   2.999 ;   0.403  ;    ; RE   ; 1      ; SCLK_TO_ROWCLK_BUF_X55_Y35_N0_I133    ; SCLK_TO_ROWCLK_BUF             ;
;   3.083 ;   0.084  ;    ; RE   ; 1      ; SCLK_TO_ROWCLK_BUF_X55_Y35_N0_I136    ; SCLK_TO_ROWCLK_BUF             ;
;   3.553 ;   0.470  ;    ; RE   ; 1      ; LAB_CLK_X45_Y35_N0_I5                 ; LAB_CLK                        ;
;   3.688 ;   0.135  ;    ; RE   ; 1      ; BLK_CLK_BUF_X46_Y35_N0_I5             ; BLK_CLK_BUF                    ;
;   3.743 ;   0.055  ;    ; RE   ; 1      ; ROWCLKSEL_PREBUF_X46_Y35_N0_I5        ; ROWCLKSEL_PREBUF               ;
;   3.803 ;   0.060  ;    ; RE   ; 1      ; ROWCLKSEL_X46_Y35_N0_I0               ; ROWCLKSEL                      ;
;   3.803 ;   0.000  ;    ; RE   ; 1      ; GLOBAL_LOCAL_SEL_X46_Y35_N0_I0        ; GLOBAL_LOCAL_SEL               ;
;   3.803 ;   0.000  ;    ; RE   ; 16     ; LAB_INPUT_X46_Y35_N0_I2               ; LAB_INPUT                      ;
;   3.802 ;   -0.001 ; RR ; IC   ; 1      ; FF_X46_Y35_N26                        ; message_bytes_remaining[8]|clk ;
;   4.447 ;   0.645  ; RR ; CELL ; 1      ; FF_X46_Y35_N26                        ; message_bytes_remaining[8]     ;
;   4.320 ;   -0.127 ;    ;      ;        ;                                       ; clock pessimism removed        ;
; 4.320   ; 0.000    ;    ;      ;        ;                                       ; clock uncertainty              ;
; 4.320   ; 0.000    ;    ; uTh  ; 1      ; FF_X46_Y35_N26                        ; message_bytes_remaining[8]     ;
+---------+----------+----+------+--------+---------------------------------------+--------------------------------+

----------------------------
; Extra Fitter Information ;
----------------------------
HTML report is unavailable in plain text report export.


Path #7: Hold slack is 0.509 
===============================================================================
+----------------------------------------------+
; Path Summary                                 ;
+--------------------+-------------------------+
; Property           ; Value                   ;
+--------------------+-------------------------+
; From Node          ; xof_bytes_remaining[11] ;
; To Node            ; xof_bytes_remaining[11] ;
; Launch Clock       ; clk                     ;
; Latch Clock        ; clk                     ;
; Data Arrival Time  ; 4.830                   ;
; Data Required Time ; 4.321                   ;
; Slack              ; 0.509                   ;
+--------------------+-------------------------+

+-----------------------------------------------------------------------------------+
; Statistics                                                                        ;
+------------------------+-------+-------+-------------+------------+-------+-------+
; Property               ; Value ; Count ; Total Delay ; % of Total ; Min   ; Max   ;
+------------------------+-------+-------+-------------+------------+-------+-------+
; Hold Relationship      ; 0.000 ;       ;             ;            ;       ;       ;
; Clock Skew             ; 0.123 ;       ;             ;            ;       ;       ;
; Data Delay             ; 0.632 ;       ;             ;            ;       ;       ;
; Number of Logic Levels ;       ; 1     ;             ;            ;       ;       ;
; Physical Delays        ;       ;       ;             ;            ;       ;       ;
;  Arrival Path          ;       ;       ;             ;            ;       ;       ;
;   Clock                ;       ;       ;             ;            ;       ;       ;
;    IC                  ;       ; 3     ; 0.000       ; 0          ; 0.000 ; 0.000 ;
;    Cell                ;       ; 3     ; 1.759       ; 42         ; 0.470 ; 0.739 ;
;    Routing Element     ;       ; 26    ; 2.439       ; 58         ; 0.000 ; 0.763 ;
;   Data                 ;       ;       ;             ;            ;       ;       ;
;    IC                  ;       ; 2     ; 0.001       ; 0          ; 0.000 ; 0.001 ;
;    Cell                ;       ; 3     ; 0.348       ; 55         ; 0.000 ; 0.266 ;
;    uTco                ;       ; 1     ; 0.000       ; 0          ; 0.000 ; 0.000 ;
;    Routing Element     ;       ; 4     ; 0.283       ; 45         ; 0.000 ; 0.141 ;
;  Required Path         ;       ;       ;             ;            ;       ;       ;
;   Clock                ;       ;       ;             ;            ;       ;       ;
;    IC                  ;       ; 3     ; 0.001       ; 0          ; 0.000 ; 0.001 ;
;    Cell                ;       ; 3     ; 1.885       ; 42         ; 0.507 ; 0.739 ;
;    Routing Element     ;       ; 26    ; 2.560       ; 58         ; 0.000 ; 0.806 ;
+------------------------+-------+-------+-------------+------------+-------+-------+
Note: Negative delays are omitted from totals when calculating percentages

+--------------------------------------------------------------------------------------------------------------+
; Data Arrival Path                                                                                            ;
+---------+---------+----+------+--------+---------------------------------------+-----------------------------+
; Total   ; Incr    ; RF ; Type ; Fanout ; Location                              ; Element                     ;
+---------+---------+----+------+--------+---------------------------------------+-----------------------------+
; 0.000   ; 0.000   ;    ;      ;        ;                                       ; launch edge time            ;
; 4.198   ; 4.198   ;    ;      ;        ;                                       ; clock path                  ;
;   0.000 ;   0.000 ;    ;      ;        ;                                       ; source latency              ;
;   0.000 ;   0.000 ;    ;      ; 1      ; PIN_M16                               ; clk                         ;
;   0.000 ;   0.000 ;    ; RE   ; 1      ; IOPAD_X89_Y35_N60                     ; ARRIAV_IO_PAD               ;
;   0.000 ;   0.000 ;    ; RE   ; 1      ; IO_PAD_OUTPUT_X89_Y35_N60_I1          ; IO_PAD_OUTPUT               ;
;   0.000 ;   0.000 ;    ; RE   ; 1      ; IO_INPUT_BUFFER_INPUT_X89_Y35_N61_I0  ; IO_INPUT_BUFFER_INPUT       ;
;   0.000 ;   0.000 ; RR ; IC   ; 1      ; IOIBUF_X89_Y35_N61                    ; clk~input|i                 ;
;   0.739 ;   0.739 ; RR ; CELL ; 1      ; IOIBUF_X89_Y35_N61                    ; clk~input|o                 ;
;   0.739 ;   0.000 ;    ; RE   ; 1      ; IOIBUF_X89_Y35_N61                    ; ARRIAV_IO_IBUF              ;
;   0.739 ;   0.000 ;    ; RE   ; 1      ; IO_INPUT_BUFFER_OUTPUT_X89_Y35_N61_I2 ; IO_INPUT_BUFFER_OUTPUT      ;
;   0.739 ;   0.000 ;    ; RE   ; 1      ; IO_RE_X89_Y35_N60_I96                 ; IO_RE                       ;
;   0.827 ;   0.088 ;    ; RE   ; 1      ; IO_RE_X89_Y35_N60_I66                 ; IO_RE                       ;
;   1.102 ;   0.275 ;    ; RE   ; 1      ; CLKBUF_CLUSTER_RE_X89_Y39_N3_I421     ; CLKBUF_CLUSTER_RE           ;
;   1.102 ;   0.000 ;    ; RE   ; 1      ; CLKBUF_CLUSTER_RE_X89_Y39_N3_I772     ; CLKBUF_CLUSTER_RE           ;
;   1.102 ;   0.000 ;    ; RE   ; 1      ; CLKBUF_CLUSTER_RE_X89_Y39_N3_I557     ; CLKBUF_CLUSTER_RE           ;
;   1.102 ;   0.000 ;    ; RE   ; 1      ; GCLK_CLUSTER_RE_X89_Y39_N6_I10        ; GCLK_CLUSTER_RE             ;
;   1.102 ;   0.000 ;    ; RE   ; 1      ; CLKBUFBLOCK_INPUT_X89_Y39_N7_I0       ; CLKBUFBLOCK_INPUT           ;
;   1.102 ;   0.000 ; RR ; IC   ; 1      ; CLKCTRL_G9                            ; clk~inputCLKENA0|inclk      ;
;   1.572 ;   0.470 ; RR ; CELL ; 1673   ; CLKCTRL_G9                            ; clk~inputCLKENA0|outclk     ;
;   1.572 ;   0.000 ;    ; RE   ; 1      ; CLKCTRL_G9                            ; ARRIAV_CLKBUF               ;
;   1.572 ;   0.000 ;    ; RE   ; 1      ; CLKBUFBLOCK_OUTPUT_X89_Y39_N7_I2      ; CLKBUFBLOCK_OUTPUT          ;
;   1.572 ;   0.000 ;    ; RE   ; 1      ; GCLK_CLUSTER_RE_X89_Y39_N6_I12        ; GCLK_CLUSTER_RE             ;
;   1.572 ;   0.000 ;    ; RE   ; 1      ; CLKBUF_CLUSTER_RE_X89_Y39_N3_I416     ; CLKBUF_CLUSTER_RE           ;
;   2.335 ;   0.763 ;    ; RE   ; 6      ; GLOBAL_CLOCK_X0_Y36_N0_I9             ; GLOBAL_CLOCK                ;
;   2.473 ;   0.138 ;    ; RE   ; 18     ; SPINE_CLOCK_X33_Y19_N0_I22            ; SPINE_CLOCK                 ;
;   2.862 ;   0.389 ;    ; RE   ; 1      ; SCLK_TO_ROWCLK_BUF_X33_Y36_N0_I133    ; SCLK_TO_ROWCLK_BUF          ;
;   2.943 ;   0.081 ;    ; RE   ; 1      ; SCLK_TO_ROWCLK_BUF_X33_Y36_N0_I136    ; SCLK_TO_ROWCLK_BUF          ;
;   3.407 ;   0.464 ;    ; RE   ; 3      ; LAB_CLK_X34_Y36_N0_I5                 ; LAB_CLK                     ;
;   3.540 ;   0.133 ;    ; RE   ; 1      ; BLK_CLK_BUF_X40_Y36_N0_I5             ; BLK_CLK_BUF                 ;
;   3.594 ;   0.054 ;    ; RE   ; 1      ; ROWCLKSEL_PREBUF_X40_Y36_N0_I5        ; ROWCLKSEL_PREBUF            ;
;   3.648 ;   0.054 ;    ; RE   ; 1      ; ROWCLKSEL_X40_Y36_N0_I1               ; ROWCLKSEL                   ;
;   3.648 ;   0.000 ;    ; RE   ; 1      ; GLOBAL_LOCAL_SEL_X40_Y36_N0_I1        ; GLOBAL_LOCAL_SEL            ;
;   3.648 ;   0.000 ;    ; RE   ; 13     ; LAB_INPUT_X40_Y36_N0_I2               ; LAB_INPUT                   ;
;   3.648 ;   0.000 ; RR ; IC   ; 1      ; FF_X40_Y36_N26                        ; xof_bytes_remaining[11]|clk ;
;   4.198 ;   0.550 ; RR ; CELL ; 1      ; FF_X40_Y36_N26                        ; xof_bytes_remaining[11]     ;
; 4.830   ; 0.632   ;    ;      ;        ;                                       ; data path                   ;
;   4.198 ;   0.000 ;    ; uTco ; 1      ; FF_X40_Y36_N26                        ; xof_bytes_remaining[11]     ;
;   4.198 ;   0.000 ; FF ; CELL ; 2      ; FF_X40_Y36_N26                        ; xof_bytes_remaining[11]|q   ;
;   4.252 ;   0.054 ;    ; RE   ; 1      ; FF_X40_Y36_N26                        ; ARRIAV_FF                   ;
;   4.340 ;   0.088 ;    ; RE   ; 2      ; LOCAL_LINE_X40_Y36_N0_I8              ; LOCAL_LINE                  ;
;   4.481 ;   0.141 ;    ; RE   ; 1      ; BLOCK_INPUT_MUX_X40_Y36_N0_I36        ; LEIM_INPUT                  ;
;   4.482 ;   0.001 ; FF ; IC   ; 3      ; LABCELL_X40_Y36_N24                   ; Add5~41|datac               ;
;   4.748 ;   0.266 ; FR ; CELL ; 1      ; LABCELL_X40_Y36_N24                   ; Add5~41|sumout              ;
;   4.748 ;   0.000 ;    ; RE   ; 2      ; LABCELL_X40_Y36_N24                   ; ARRIAV_LCELL_COMB           ;
;   4.748 ;   0.000 ; RR ; IC   ; 1      ; FF_X40_Y36_N26                        ; xof_bytes_remaining[11]|d   ;
;   4.830 ;   0.082 ; RR ; CELL ; 1      ; FF_X40_Y36_N26                        ; xof_bytes_remaining[11]     ;
+---------+---------+----+------+--------+---------------------------------------+-----------------------------+

+---------------------------------------------------------------------------------------------------------------+
; Data Required Path                                                                                            ;
+---------+----------+----+------+--------+---------------------------------------+-----------------------------+
; Total   ; Incr     ; RF ; Type ; Fanout ; Location                              ; Element                     ;
+---------+----------+----+------+--------+---------------------------------------+-----------------------------+
; 0.000   ; 0.000    ;    ;      ;        ;                                       ; latch edge time             ;
; 4.321   ; 4.321    ;    ;      ;        ;                                       ; clock path                  ;
;   0.000 ;   0.000  ;    ;      ;        ;                                       ; source latency              ;
;   0.000 ;   0.000  ;    ;      ; 1      ; PIN_M16                               ; clk                         ;
;   0.000 ;   0.000  ;    ; RE   ; 1      ; IOPAD_X89_Y35_N60                     ; ARRIAV_IO_PAD               ;
;   0.000 ;   0.000  ;    ; RE   ; 1      ; IO_PAD_OUTPUT_X89_Y35_N60_I1          ; IO_PAD_OUTPUT               ;
;   0.000 ;   0.000  ;    ; RE   ; 1      ; IO_INPUT_BUFFER_INPUT_X89_Y35_N61_I0  ; IO_INPUT_BUFFER_INPUT       ;
;   0.000 ;   0.000  ; RR ; IC   ; 1      ; IOIBUF_X89_Y35_N61                    ; clk~input|i                 ;
;   0.739 ;   0.739  ; RR ; CELL ; 1      ; IOIBUF_X89_Y35_N61                    ; clk~input|o                 ;
;   0.739 ;   0.000  ;    ; RE   ; 1      ; IOIBUF_X89_Y35_N61                    ; ARRIAV_IO_IBUF              ;
;   0.739 ;   0.000  ;    ; RE   ; 1      ; IO_INPUT_BUFFER_OUTPUT_X89_Y35_N61_I2 ; IO_INPUT_BUFFER_OUTPUT      ;
;   0.739 ;   0.000  ;    ; RE   ; 1      ; IO_RE_X89_Y35_N60_I96                 ; IO_RE                       ;
;   0.833 ;   0.094  ;    ; RE   ; 1      ; IO_RE_X89_Y35_N60_I66                 ; IO_RE                       ;
;   1.125 ;   0.292  ;    ; RE   ; 1      ; CLKBUF_CLUSTER_RE_X89_Y39_N3_I421     ; CLKBUF_CLUSTER_RE           ;
;   1.125 ;   0.000  ;    ; RE   ; 1      ; CLKBUF_CLUSTER_RE_X89_Y39_N3_I772     ; CLKBUF_CLUSTER_RE           ;
;   1.125 ;   0.000  ;    ; RE   ; 1      ; CLKBUF_CLUSTER_RE_X89_Y39_N3_I557     ; CLKBUF_CLUSTER_RE           ;
;   1.125 ;   0.000  ;    ; RE   ; 1      ; GCLK_CLUSTER_RE_X89_Y39_N6_I10        ; GCLK_CLUSTER_RE             ;
;   1.125 ;   0.000  ;    ; RE   ; 1      ; CLKBUFBLOCK_INPUT_X89_Y39_N7_I0       ; CLKBUFBLOCK_INPUT           ;
;   1.125 ;   0.000  ; RR ; IC   ; 1      ; CLKCTRL_G9                            ; clk~inputCLKENA0|inclk      ;
;   1.632 ;   0.507  ; RR ; CELL ; 1673   ; CLKCTRL_G9                            ; clk~inputCLKENA0|outclk     ;
;   1.632 ;   0.000  ;    ; RE   ; 1      ; CLKCTRL_G9                            ; ARRIAV_CLKBUF               ;
;   1.632 ;   0.000  ;    ; RE   ; 1      ; CLKBUFBLOCK_OUTPUT_X89_Y39_N7_I2      ; CLKBUFBLOCK_OUTPUT          ;
;   1.632 ;   0.000  ;    ; RE   ; 1      ; GCLK_CLUSTER_RE_X89_Y39_N6_I12        ; GCLK_CLUSTER_RE             ;
;   1.632 ;   0.000  ;    ; RE   ; 1      ; CLKBUF_CLUSTER_RE_X89_Y39_N3_I416     ; CLKBUF_CLUSTER_RE           ;
;   2.438 ;   0.806  ;    ; RE   ; 6      ; GLOBAL_CLOCK_X0_Y36_N0_I9             ; GLOBAL_CLOCK                ;
;   2.581 ;   0.143  ;    ; RE   ; 18     ; SPINE_CLOCK_X33_Y19_N0_I22            ; SPINE_CLOCK                 ;
;   2.984 ;   0.403  ;    ; RE   ; 1      ; SCLK_TO_ROWCLK_BUF_X33_Y36_N0_I133    ; SCLK_TO_ROWCLK_BUF          ;
;   3.068 ;   0.084  ;    ; RE   ; 1      ; SCLK_TO_ROWCLK_BUF_X33_Y36_N0_I136    ; SCLK_TO_ROWCLK_BUF          ;
;   3.548 ;   0.480  ;    ; RE   ; 3      ; LAB_CLK_X34_Y36_N0_I5                 ; LAB_CLK                     ;
;   3.692 ;   0.144  ;    ; RE   ; 1      ; BLK_CLK_BUF_X40_Y36_N0_I5             ; BLK_CLK_BUF                 ;
;   3.748 ;   0.056  ;    ; RE   ; 1      ; ROWCLKSEL_PREBUF_X40_Y36_N0_I5        ; ROWCLKSEL_PREBUF            ;
;   3.806 ;   0.058  ;    ; RE   ; 1      ; ROWCLKSEL_X40_Y36_N0_I1               ; ROWCLKSEL                   ;
;   3.806 ;   0.000  ;    ; RE   ; 1      ; GLOBAL_LOCAL_SEL_X40_Y36_N0_I1        ; GLOBAL_LOCAL_SEL            ;
;   3.806 ;   0.000  ;    ; RE   ; 13     ; LAB_INPUT_X40_Y36_N0_I2               ; LAB_INPUT                   ;
;   3.807 ;   0.001  ; RR ; IC   ; 1      ; FF_X40_Y36_N26                        ; xof_bytes_remaining[11]|clk ;
;   4.446 ;   0.639  ; RR ; CELL ; 1      ; FF_X40_Y36_N26                        ; xof_bytes_remaining[11]     ;
;   4.321 ;   -0.125 ;    ;      ;        ;                                       ; clock pessimism removed     ;
; 4.321   ; 0.000    ;    ;      ;        ;                                       ; clock uncertainty           ;
; 4.321   ; 0.000    ;    ; uTh  ; 1      ; FF_X40_Y36_N26                        ; xof_bytes_remaining[11]     ;
+---------+----------+----+------+--------+---------------------------------------+-----------------------------+

----------------------------
; Extra Fitter Information ;
----------------------------
HTML report is unavailable in plain text report export.


Path #8: Hold slack is 0.510 
===============================================================================
+----------------------------------------------+
; Path Summary                                 ;
+--------------------+-------------------------+
; Property           ; Value                   ;
+--------------------+-------------------------+
; From Node          ; xof_bytes_remaining[15] ;
; To Node            ; xof_bytes_remaining[15] ;
; Launch Clock       ; clk                     ;
; Latch Clock        ; clk                     ;
; Data Arrival Time  ; 4.831                   ;
; Data Required Time ; 4.321                   ;
; Slack              ; 0.510                   ;
+--------------------+-------------------------+

+-----------------------------------------------------------------------------------+
; Statistics                                                                        ;
+------------------------+-------+-------+-------------+------------+-------+-------+
; Property               ; Value ; Count ; Total Delay ; % of Total ; Min   ; Max   ;
+------------------------+-------+-------+-------------+------------+-------+-------+
; Hold Relationship      ; 0.000 ;       ;             ;            ;       ;       ;
; Clock Skew             ; 0.123 ;       ;             ;            ;       ;       ;
; Data Delay             ; 0.633 ;       ;             ;            ;       ;       ;
; Number of Logic Levels ;       ; 1     ;             ;            ;       ;       ;
; Physical Delays        ;       ;       ;             ;            ;       ;       ;
;  Arrival Path          ;       ;       ;             ;            ;       ;       ;
;   Clock                ;       ;       ;             ;            ;       ;       ;
;    IC                  ;       ; 3     ; 0.000       ; 0          ; 0.000 ; 0.000 ;
;    Cell                ;       ; 3     ; 1.759       ; 42         ; 0.470 ; 0.739 ;
;    Routing Element     ;       ; 26    ; 2.439       ; 58         ; 0.000 ; 0.763 ;
;   Data                 ;       ;       ;             ;            ;       ;       ;
;    IC                  ;       ; 2     ; 0.001       ; 0          ; 0.000 ; 0.001 ;
;    Cell                ;       ; 3     ; 0.349       ; 55         ; 0.000 ; 0.266 ;
;    uTco                ;       ; 1     ; 0.000       ; 0          ; 0.000 ; 0.000 ;
;    Routing Element     ;       ; 4     ; 0.283       ; 45         ; 0.000 ; 0.143 ;
;  Required Path         ;       ;       ;             ;            ;       ;       ;
;   Clock                ;       ;       ;             ;            ;       ;       ;
;    IC                  ;       ; 3     ; 0.001       ; 0          ; 0.000 ; 0.001 ;
;    Cell                ;       ; 3     ; 1.885       ; 42         ; 0.507 ; 0.739 ;
;    Routing Element     ;       ; 26    ; 2.560       ; 58         ; 0.000 ; 0.806 ;
+------------------------+-------+-------+-------------+------------+-------+-------+
Note: Negative delays are omitted from totals when calculating percentages

+--------------------------------------------------------------------------------------------------------------+
; Data Arrival Path                                                                                            ;
+---------+---------+----+------+--------+---------------------------------------+-----------------------------+
; Total   ; Incr    ; RF ; Type ; Fanout ; Location                              ; Element                     ;
+---------+---------+----+------+--------+---------------------------------------+-----------------------------+
; 0.000   ; 0.000   ;    ;      ;        ;                                       ; launch edge time            ;
; 4.198   ; 4.198   ;    ;      ;        ;                                       ; clock path                  ;
;   0.000 ;   0.000 ;    ;      ;        ;                                       ; source latency              ;
;   0.000 ;   0.000 ;    ;      ; 1      ; PIN_M16                               ; clk                         ;
;   0.000 ;   0.000 ;    ; RE   ; 1      ; IOPAD_X89_Y35_N60                     ; ARRIAV_IO_PAD               ;
;   0.000 ;   0.000 ;    ; RE   ; 1      ; IO_PAD_OUTPUT_X89_Y35_N60_I1          ; IO_PAD_OUTPUT               ;
;   0.000 ;   0.000 ;    ; RE   ; 1      ; IO_INPUT_BUFFER_INPUT_X89_Y35_N61_I0  ; IO_INPUT_BUFFER_INPUT       ;
;   0.000 ;   0.000 ; RR ; IC   ; 1      ; IOIBUF_X89_Y35_N61                    ; clk~input|i                 ;
;   0.739 ;   0.739 ; RR ; CELL ; 1      ; IOIBUF_X89_Y35_N61                    ; clk~input|o                 ;
;   0.739 ;   0.000 ;    ; RE   ; 1      ; IOIBUF_X89_Y35_N61                    ; ARRIAV_IO_IBUF              ;
;   0.739 ;   0.000 ;    ; RE   ; 1      ; IO_INPUT_BUFFER_OUTPUT_X89_Y35_N61_I2 ; IO_INPUT_BUFFER_OUTPUT      ;
;   0.739 ;   0.000 ;    ; RE   ; 1      ; IO_RE_X89_Y35_N60_I96                 ; IO_RE                       ;
;   0.827 ;   0.088 ;    ; RE   ; 1      ; IO_RE_X89_Y35_N60_I66                 ; IO_RE                       ;
;   1.102 ;   0.275 ;    ; RE   ; 1      ; CLKBUF_CLUSTER_RE_X89_Y39_N3_I421     ; CLKBUF_CLUSTER_RE           ;
;   1.102 ;   0.000 ;    ; RE   ; 1      ; CLKBUF_CLUSTER_RE_X89_Y39_N3_I772     ; CLKBUF_CLUSTER_RE           ;
;   1.102 ;   0.000 ;    ; RE   ; 1      ; CLKBUF_CLUSTER_RE_X89_Y39_N3_I557     ; CLKBUF_CLUSTER_RE           ;
;   1.102 ;   0.000 ;    ; RE   ; 1      ; GCLK_CLUSTER_RE_X89_Y39_N6_I10        ; GCLK_CLUSTER_RE             ;
;   1.102 ;   0.000 ;    ; RE   ; 1      ; CLKBUFBLOCK_INPUT_X89_Y39_N7_I0       ; CLKBUFBLOCK_INPUT           ;
;   1.102 ;   0.000 ; RR ; IC   ; 1      ; CLKCTRL_G9                            ; clk~inputCLKENA0|inclk      ;
;   1.572 ;   0.470 ; RR ; CELL ; 1673   ; CLKCTRL_G9                            ; clk~inputCLKENA0|outclk     ;
;   1.572 ;   0.000 ;    ; RE   ; 1      ; CLKCTRL_G9                            ; ARRIAV_CLKBUF               ;
;   1.572 ;   0.000 ;    ; RE   ; 1      ; CLKBUFBLOCK_OUTPUT_X89_Y39_N7_I2      ; CLKBUFBLOCK_OUTPUT          ;
;   1.572 ;   0.000 ;    ; RE   ; 1      ; GCLK_CLUSTER_RE_X89_Y39_N6_I12        ; GCLK_CLUSTER_RE             ;
;   1.572 ;   0.000 ;    ; RE   ; 1      ; CLKBUF_CLUSTER_RE_X89_Y39_N3_I416     ; CLKBUF_CLUSTER_RE           ;
;   2.335 ;   0.763 ;    ; RE   ; 6      ; GLOBAL_CLOCK_X0_Y36_N0_I9             ; GLOBAL_CLOCK                ;
;   2.473 ;   0.138 ;    ; RE   ; 18     ; SPINE_CLOCK_X33_Y19_N0_I22            ; SPINE_CLOCK                 ;
;   2.862 ;   0.389 ;    ; RE   ; 1      ; SCLK_TO_ROWCLK_BUF_X33_Y36_N0_I133    ; SCLK_TO_ROWCLK_BUF          ;
;   2.943 ;   0.081 ;    ; RE   ; 1      ; SCLK_TO_ROWCLK_BUF_X33_Y36_N0_I136    ; SCLK_TO_ROWCLK_BUF          ;
;   3.407 ;   0.464 ;    ; RE   ; 3      ; LAB_CLK_X34_Y36_N0_I5                 ; LAB_CLK                     ;
;   3.540 ;   0.133 ;    ; RE   ; 1      ; BLK_CLK_BUF_X40_Y36_N0_I5             ; BLK_CLK_BUF                 ;
;   3.594 ;   0.054 ;    ; RE   ; 1      ; ROWCLKSEL_PREBUF_X40_Y36_N0_I5        ; ROWCLKSEL_PREBUF            ;
;   3.648 ;   0.054 ;    ; RE   ; 1      ; ROWCLKSEL_X40_Y36_N0_I1               ; ROWCLKSEL                   ;
;   3.648 ;   0.000 ;    ; RE   ; 1      ; GLOBAL_LOCAL_SEL_X40_Y36_N0_I1        ; GLOBAL_LOCAL_SEL            ;
;   3.648 ;   0.000 ;    ; RE   ; 13     ; LAB_INPUT_X40_Y36_N0_I2               ; LAB_INPUT                   ;
;   3.648 ;   0.000 ; RR ; IC   ; 1      ; FF_X40_Y36_N38                        ; xof_bytes_remaining[15]|clk ;
;   4.198 ;   0.550 ; RR ; CELL ; 1      ; FF_X40_Y36_N38                        ; xof_bytes_remaining[15]     ;
; 4.831   ; 0.633   ;    ;      ;        ;                                       ; data path                   ;
;   4.198 ;   0.000 ;    ; uTco ; 1      ; FF_X40_Y36_N38                        ; xof_bytes_remaining[15]     ;
;   4.198 ;   0.000 ; FF ; CELL ; 2      ; FF_X40_Y36_N38                        ; xof_bytes_remaining[15]|q   ;
;   4.252 ;   0.054 ;    ; RE   ; 1      ; FF_X40_Y36_N38                        ; ARRIAV_FF                   ;
;   4.338 ;   0.086 ;    ; RE   ; 2      ; LOCAL_LINE_X40_Y36_N0_I12             ; LOCAL_LINE                  ;
;   4.481 ;   0.143 ;    ; RE   ; 1      ; BLOCK_INPUT_MUX_X40_Y36_N0_I52        ; LEIM_INPUT                  ;
;   4.482 ;   0.001 ; FF ; IC   ; 1      ; LABCELL_X40_Y36_N36                   ; Add5~13|datac               ;
;   4.748 ;   0.266 ; FR ; CELL ; 1      ; LABCELL_X40_Y36_N36                   ; Add5~13|sumout              ;
;   4.748 ;   0.000 ;    ; RE   ; 1      ; LABCELL_X40_Y36_N36                   ; ARRIAV_LCELL_COMB           ;
;   4.748 ;   0.000 ; RR ; IC   ; 1      ; FF_X40_Y36_N38                        ; xof_bytes_remaining[15]|d   ;
;   4.831 ;   0.083 ; RR ; CELL ; 1      ; FF_X40_Y36_N38                        ; xof_bytes_remaining[15]     ;
+---------+---------+----+------+--------+---------------------------------------+-----------------------------+

+---------------------------------------------------------------------------------------------------------------+
; Data Required Path                                                                                            ;
+---------+----------+----+------+--------+---------------------------------------+-----------------------------+
; Total   ; Incr     ; RF ; Type ; Fanout ; Location                              ; Element                     ;
+---------+----------+----+------+--------+---------------------------------------+-----------------------------+
; 0.000   ; 0.000    ;    ;      ;        ;                                       ; latch edge time             ;
; 4.321   ; 4.321    ;    ;      ;        ;                                       ; clock path                  ;
;   0.000 ;   0.000  ;    ;      ;        ;                                       ; source latency              ;
;   0.000 ;   0.000  ;    ;      ; 1      ; PIN_M16                               ; clk                         ;
;   0.000 ;   0.000  ;    ; RE   ; 1      ; IOPAD_X89_Y35_N60                     ; ARRIAV_IO_PAD               ;
;   0.000 ;   0.000  ;    ; RE   ; 1      ; IO_PAD_OUTPUT_X89_Y35_N60_I1          ; IO_PAD_OUTPUT               ;
;   0.000 ;   0.000  ;    ; RE   ; 1      ; IO_INPUT_BUFFER_INPUT_X89_Y35_N61_I0  ; IO_INPUT_BUFFER_INPUT       ;
;   0.000 ;   0.000  ; RR ; IC   ; 1      ; IOIBUF_X89_Y35_N61                    ; clk~input|i                 ;
;   0.739 ;   0.739  ; RR ; CELL ; 1      ; IOIBUF_X89_Y35_N61                    ; clk~input|o                 ;
;   0.739 ;   0.000  ;    ; RE   ; 1      ; IOIBUF_X89_Y35_N61                    ; ARRIAV_IO_IBUF              ;
;   0.739 ;   0.000  ;    ; RE   ; 1      ; IO_INPUT_BUFFER_OUTPUT_X89_Y35_N61_I2 ; IO_INPUT_BUFFER_OUTPUT      ;
;   0.739 ;   0.000  ;    ; RE   ; 1      ; IO_RE_X89_Y35_N60_I96                 ; IO_RE                       ;
;   0.833 ;   0.094  ;    ; RE   ; 1      ; IO_RE_X89_Y35_N60_I66                 ; IO_RE                       ;
;   1.125 ;   0.292  ;    ; RE   ; 1      ; CLKBUF_CLUSTER_RE_X89_Y39_N3_I421     ; CLKBUF_CLUSTER_RE           ;
;   1.125 ;   0.000  ;    ; RE   ; 1      ; CLKBUF_CLUSTER_RE_X89_Y39_N3_I772     ; CLKBUF_CLUSTER_RE           ;
;   1.125 ;   0.000  ;    ; RE   ; 1      ; CLKBUF_CLUSTER_RE_X89_Y39_N3_I557     ; CLKBUF_CLUSTER_RE           ;
;   1.125 ;   0.000  ;    ; RE   ; 1      ; GCLK_CLUSTER_RE_X89_Y39_N6_I10        ; GCLK_CLUSTER_RE             ;
;   1.125 ;   0.000  ;    ; RE   ; 1      ; CLKBUFBLOCK_INPUT_X89_Y39_N7_I0       ; CLKBUFBLOCK_INPUT           ;
;   1.125 ;   0.000  ; RR ; IC   ; 1      ; CLKCTRL_G9                            ; clk~inputCLKENA0|inclk      ;
;   1.632 ;   0.507  ; RR ; CELL ; 1673   ; CLKCTRL_G9                            ; clk~inputCLKENA0|outclk     ;
;   1.632 ;   0.000  ;    ; RE   ; 1      ; CLKCTRL_G9                            ; ARRIAV_CLKBUF               ;
;   1.632 ;   0.000  ;    ; RE   ; 1      ; CLKBUFBLOCK_OUTPUT_X89_Y39_N7_I2      ; CLKBUFBLOCK_OUTPUT          ;
;   1.632 ;   0.000  ;    ; RE   ; 1      ; GCLK_CLUSTER_RE_X89_Y39_N6_I12        ; GCLK_CLUSTER_RE             ;
;   1.632 ;   0.000  ;    ; RE   ; 1      ; CLKBUF_CLUSTER_RE_X89_Y39_N3_I416     ; CLKBUF_CLUSTER_RE           ;
;   2.438 ;   0.806  ;    ; RE   ; 6      ; GLOBAL_CLOCK_X0_Y36_N0_I9             ; GLOBAL_CLOCK                ;
;   2.581 ;   0.143  ;    ; RE   ; 18     ; SPINE_CLOCK_X33_Y19_N0_I22            ; SPINE_CLOCK                 ;
;   2.984 ;   0.403  ;    ; RE   ; 1      ; SCLK_TO_ROWCLK_BUF_X33_Y36_N0_I133    ; SCLK_TO_ROWCLK_BUF          ;
;   3.068 ;   0.084  ;    ; RE   ; 1      ; SCLK_TO_ROWCLK_BUF_X33_Y36_N0_I136    ; SCLK_TO_ROWCLK_BUF          ;
;   3.548 ;   0.480  ;    ; RE   ; 3      ; LAB_CLK_X34_Y36_N0_I5                 ; LAB_CLK                     ;
;   3.692 ;   0.144  ;    ; RE   ; 1      ; BLK_CLK_BUF_X40_Y36_N0_I5             ; BLK_CLK_BUF                 ;
;   3.748 ;   0.056  ;    ; RE   ; 1      ; ROWCLKSEL_PREBUF_X40_Y36_N0_I5        ; ROWCLKSEL_PREBUF            ;
;   3.806 ;   0.058  ;    ; RE   ; 1      ; ROWCLKSEL_X40_Y36_N0_I1               ; ROWCLKSEL                   ;
;   3.806 ;   0.000  ;    ; RE   ; 1      ; GLOBAL_LOCAL_SEL_X40_Y36_N0_I1        ; GLOBAL_LOCAL_SEL            ;
;   3.806 ;   0.000  ;    ; RE   ; 13     ; LAB_INPUT_X40_Y36_N0_I2               ; LAB_INPUT                   ;
;   3.807 ;   0.001  ; RR ; IC   ; 1      ; FF_X40_Y36_N38                        ; xof_bytes_remaining[15]|clk ;
;   4.446 ;   0.639  ; RR ; CELL ; 1      ; FF_X40_Y36_N38                        ; xof_bytes_remaining[15]     ;
;   4.321 ;   -0.125 ;    ;      ;        ;                                       ; clock pessimism removed     ;
; 4.321   ; 0.000    ;    ;      ;        ;                                       ; clock uncertainty           ;
; 4.321   ; 0.000    ;    ; uTh  ; 1      ; FF_X40_Y36_N38                        ; xof_bytes_remaining[15]     ;
+---------+----------+----+------+--------+---------------------------------------+-----------------------------+

----------------------------
; Extra Fitter Information ;
----------------------------
HTML report is unavailable in plain text report export.


Path #9: Hold slack is 0.512 
===============================================================================
+-------------------------------------------------+
; Path Summary                                    ;
+--------------------+----------------------------+
; Property           ; Value                      ;
+--------------------+----------------------------+
; From Node          ; message_bytes_remaining[7] ;
; To Node            ; message_bytes_remaining[7] ;
; Launch Clock       ; clk                        ;
; Latch Clock        ; clk                        ;
; Data Arrival Time  ; 4.838                      ;
; Data Required Time ; 4.326                      ;
; Slack              ; 0.512                      ;
+--------------------+----------------------------+

+------------------------------------------------------------------------------------+
; Statistics                                                                         ;
+------------------------+-------+-------+-------------+------------+--------+-------+
; Property               ; Value ; Count ; Total Delay ; % of Total ; Min    ; Max   ;
+------------------------+-------+-------+-------------+------------+--------+-------+
; Hold Relationship      ; 0.000 ;       ;             ;            ;        ;       ;
; Clock Skew             ; 0.123 ;       ;             ;            ;        ;       ;
; Data Delay             ; 0.635 ;       ;             ;            ;        ;       ;
; Number of Logic Levels ;       ; 1     ;             ;            ;        ;       ;
; Physical Delays        ;       ;       ;             ;            ;        ;       ;
;  Arrival Path          ;       ;       ;             ;            ;        ;       ;
;   Clock                ;       ;       ;             ;            ;        ;       ;
;    IC                  ;       ; 3     ; 0.000       ; 0          ; 0.000  ; 0.000 ;
;    Cell                ;       ; 3     ; 1.770       ; 42         ; 0.470  ; 0.739 ;
;    Routing Element     ;       ; 26    ; 2.433       ; 58         ; 0.000  ; 0.776 ;
;   Data                 ;       ;       ;             ;            ;        ;       ;
;    IC                  ;       ; 2     ; 0.001       ; 0          ; 0.000  ; 0.001 ;
;    Cell                ;       ; 3     ; 0.330       ; 52         ; 0.000  ; 0.248 ;
;    uTco                ;       ; 1     ; 0.000       ; 0          ; 0.000  ; 0.000 ;
;    Routing Element     ;       ; 4     ; 0.304       ; 48         ; 0.000  ; 0.139 ;
;  Required Path         ;       ;       ;             ;            ;        ;       ;
;   Clock                ;       ;       ;             ;            ;        ;       ;
;    IC                  ;       ; 3     ; -0.001      ; 0          ; -0.001 ; 0.000 ;
;    Cell                ;       ; 3     ; 1.897       ; 43         ; 0.507  ; 0.739 ;
;    Routing Element     ;       ; 26    ; 2.557       ; 57         ; 0.000  ; 0.821 ;
+------------------------+-------+-------+-------------+------------+--------+-------+
Note: Negative delays are omitted from totals when calculating percentages

+-----------------------------------------------------------------------------------------------------------------+
; Data Arrival Path                                                                                               ;
+---------+---------+----+------+--------+---------------------------------------+--------------------------------+
; Total   ; Incr    ; RF ; Type ; Fanout ; Location                              ; Element                        ;
+---------+---------+----+------+--------+---------------------------------------+--------------------------------+
; 0.000   ; 0.000   ;    ;      ;        ;                                       ; launch edge time               ;
; 4.203   ; 4.203   ;    ;      ;        ;                                       ; clock path                     ;
;   0.000 ;   0.000 ;    ;      ;        ;                                       ; source latency                 ;
;   0.000 ;   0.000 ;    ;      ; 1      ; PIN_M16                               ; clk                            ;
;   0.000 ;   0.000 ;    ; RE   ; 1      ; IOPAD_X89_Y35_N60                     ; ARRIAV_IO_PAD                  ;
;   0.000 ;   0.000 ;    ; RE   ; 1      ; IO_PAD_OUTPUT_X89_Y35_N60_I1          ; IO_PAD_OUTPUT                  ;
;   0.000 ;   0.000 ;    ; RE   ; 1      ; IO_INPUT_BUFFER_INPUT_X89_Y35_N61_I0  ; IO_INPUT_BUFFER_INPUT          ;
;   0.000 ;   0.000 ; RR ; IC   ; 1      ; IOIBUF_X89_Y35_N61                    ; clk~input|i                    ;
;   0.739 ;   0.739 ; RR ; CELL ; 1      ; IOIBUF_X89_Y35_N61                    ; clk~input|o                    ;
;   0.739 ;   0.000 ;    ; RE   ; 1      ; IOIBUF_X89_Y35_N61                    ; ARRIAV_IO_IBUF                 ;
;   0.739 ;   0.000 ;    ; RE   ; 1      ; IO_INPUT_BUFFER_OUTPUT_X89_Y35_N61_I2 ; IO_INPUT_BUFFER_OUTPUT         ;
;   0.739 ;   0.000 ;    ; RE   ; 1      ; IO_RE_X89_Y35_N60_I96                 ; IO_RE                          ;
;   0.827 ;   0.088 ;    ; RE   ; 1      ; IO_RE_X89_Y35_N60_I66                 ; IO_RE                          ;
;   1.102 ;   0.275 ;    ; RE   ; 1      ; CLKBUF_CLUSTER_RE_X89_Y39_N3_I421     ; CLKBUF_CLUSTER_RE              ;
;   1.102 ;   0.000 ;    ; RE   ; 1      ; CLKBUF_CLUSTER_RE_X89_Y39_N3_I772     ; CLKBUF_CLUSTER_RE              ;
;   1.102 ;   0.000 ;    ; RE   ; 1      ; CLKBUF_CLUSTER_RE_X89_Y39_N3_I557     ; CLKBUF_CLUSTER_RE              ;
;   1.102 ;   0.000 ;    ; RE   ; 1      ; GCLK_CLUSTER_RE_X89_Y39_N6_I10        ; GCLK_CLUSTER_RE                ;
;   1.102 ;   0.000 ;    ; RE   ; 1      ; CLKBUFBLOCK_INPUT_X89_Y39_N7_I0       ; CLKBUFBLOCK_INPUT              ;
;   1.102 ;   0.000 ; RR ; IC   ; 1      ; CLKCTRL_G9                            ; clk~inputCLKENA0|inclk         ;
;   1.572 ;   0.470 ; RR ; CELL ; 1673   ; CLKCTRL_G9                            ; clk~inputCLKENA0|outclk        ;
;   1.572 ;   0.000 ;    ; RE   ; 1      ; CLKCTRL_G9                            ; ARRIAV_CLKBUF                  ;
;   1.572 ;   0.000 ;    ; RE   ; 1      ; CLKBUFBLOCK_OUTPUT_X89_Y39_N7_I2      ; CLKBUFBLOCK_OUTPUT             ;
;   1.572 ;   0.000 ;    ; RE   ; 1      ; GCLK_CLUSTER_RE_X89_Y39_N6_I12        ; GCLK_CLUSTER_RE                ;
;   1.572 ;   0.000 ;    ; RE   ; 1      ; CLKBUF_CLUSTER_RE_X89_Y39_N3_I416     ; CLKBUF_CLUSTER_RE              ;
;   2.348 ;   0.776 ;    ; RE   ; 6      ; GLOBAL_CLOCK_X0_Y36_N0_I9             ; GLOBAL_CLOCK                   ;
;   2.486 ;   0.138 ;    ; RE   ; 16     ; SPINE_CLOCK_X55_Y19_N0_I22            ; SPINE_CLOCK                    ;
;   2.875 ;   0.389 ;    ; RE   ; 1      ; SCLK_TO_ROWCLK_BUF_X55_Y35_N0_I133    ; SCLK_TO_ROWCLK_BUF             ;
;   2.956 ;   0.081 ;    ; RE   ; 1      ; SCLK_TO_ROWCLK_BUF_X55_Y35_N0_I136    ; SCLK_TO_ROWCLK_BUF             ;
;   3.410 ;   0.454 ;    ; RE   ; 1      ; LAB_CLK_X45_Y35_N0_I5                 ; LAB_CLK                        ;
;   3.534 ;   0.124 ;    ; RE   ; 1      ; BLK_CLK_BUF_X46_Y35_N0_I5             ; BLK_CLK_BUF                    ;
;   3.587 ;   0.053 ;    ; RE   ; 1      ; ROWCLKSEL_PREBUF_X46_Y35_N0_I5        ; ROWCLKSEL_PREBUF               ;
;   3.642 ;   0.055 ;    ; RE   ; 1      ; ROWCLKSEL_X46_Y35_N0_I0               ; ROWCLKSEL                      ;
;   3.642 ;   0.000 ;    ; RE   ; 1      ; GLOBAL_LOCAL_SEL_X46_Y35_N0_I0        ; GLOBAL_LOCAL_SEL               ;
;   3.642 ;   0.000 ;    ; RE   ; 16     ; LAB_INPUT_X46_Y35_N0_I2               ; LAB_INPUT                      ;
;   3.642 ;   0.000 ; RR ; IC   ; 1      ; FF_X46_Y35_N23                        ; message_bytes_remaining[7]|clk ;
;   4.203 ;   0.561 ; RR ; CELL ; 1      ; FF_X46_Y35_N23                        ; message_bytes_remaining[7]     ;
; 4.838   ; 0.635   ;    ;      ;        ;                                       ; data path                      ;
;   4.203 ;   0.000 ;    ; uTco ; 1      ; FF_X46_Y35_N23                        ; message_bytes_remaining[7]     ;
;   4.203 ;   0.000 ; RR ; CELL ; 3      ; FF_X46_Y35_N23                        ; message_bytes_remaining[7]|q   ;
;   4.262 ;   0.059 ;    ; RE   ; 2      ; FF_X46_Y35_N23                        ; ARRIAV_FF                      ;
;   4.368 ;   0.106 ;    ; RE   ; 1      ; LOCAL_LINE_X46_Y35_N0_I7              ; LOCAL_LINE                     ;
;   4.507 ;   0.139 ;    ; RE   ; 1      ; BLOCK_INPUT_MUX_X46_Y35_N0_I30        ; LEIM_INPUT                     ;
;   4.508 ;   0.001 ; RR ; IC   ; 4      ; LABCELL_X46_Y35_N21                   ; Add1~29|datad                  ;
;   4.756 ;   0.248 ; RR ; CELL ; 1      ; LABCELL_X46_Y35_N21                   ; Add1~29|sumout                 ;
;   4.756 ;   0.000 ;    ; RE   ; 3      ; LABCELL_X46_Y35_N21                   ; ARRIAV_LCELL_COMB              ;
;   4.756 ;   0.000 ; RR ; IC   ; 1      ; FF_X46_Y35_N23                        ; message_bytes_remaining[7]|d   ;
;   4.838 ;   0.082 ; RR ; CELL ; 1      ; FF_X46_Y35_N23                        ; message_bytes_remaining[7]     ;
+---------+---------+----+------+--------+---------------------------------------+--------------------------------+

+------------------------------------------------------------------------------------------------------------------+
; Data Required Path                                                                                               ;
+---------+----------+----+------+--------+---------------------------------------+--------------------------------+
; Total   ; Incr     ; RF ; Type ; Fanout ; Location                              ; Element                        ;
+---------+----------+----+------+--------+---------------------------------------+--------------------------------+
; 0.000   ; 0.000    ;    ;      ;        ;                                       ; latch edge time                ;
; 4.326   ; 4.326    ;    ;      ;        ;                                       ; clock path                     ;
;   0.000 ;   0.000  ;    ;      ;        ;                                       ; source latency                 ;
;   0.000 ;   0.000  ;    ;      ; 1      ; PIN_M16                               ; clk                            ;
;   0.000 ;   0.000  ;    ; RE   ; 1      ; IOPAD_X89_Y35_N60                     ; ARRIAV_IO_PAD                  ;
;   0.000 ;   0.000  ;    ; RE   ; 1      ; IO_PAD_OUTPUT_X89_Y35_N60_I1          ; IO_PAD_OUTPUT                  ;
;   0.000 ;   0.000  ;    ; RE   ; 1      ; IO_INPUT_BUFFER_INPUT_X89_Y35_N61_I0  ; IO_INPUT_BUFFER_INPUT          ;
;   0.000 ;   0.000  ; RR ; IC   ; 1      ; IOIBUF_X89_Y35_N61                    ; clk~input|i                    ;
;   0.739 ;   0.739  ; RR ; CELL ; 1      ; IOIBUF_X89_Y35_N61                    ; clk~input|o                    ;
;   0.739 ;   0.000  ;    ; RE   ; 1      ; IOIBUF_X89_Y35_N61                    ; ARRIAV_IO_IBUF                 ;
;   0.739 ;   0.000  ;    ; RE   ; 1      ; IO_INPUT_BUFFER_OUTPUT_X89_Y35_N61_I2 ; IO_INPUT_BUFFER_OUTPUT         ;
;   0.739 ;   0.000  ;    ; RE   ; 1      ; IO_RE_X89_Y35_N60_I96                 ; IO_RE                          ;
;   0.833 ;   0.094  ;    ; RE   ; 1      ; IO_RE_X89_Y35_N60_I66                 ; IO_RE                          ;
;   1.125 ;   0.292  ;    ; RE   ; 1      ; CLKBUF_CLUSTER_RE_X89_Y39_N3_I421     ; CLKBUF_CLUSTER_RE              ;
;   1.125 ;   0.000  ;    ; RE   ; 1      ; CLKBUF_CLUSTER_RE_X89_Y39_N3_I772     ; CLKBUF_CLUSTER_RE              ;
;   1.125 ;   0.000  ;    ; RE   ; 1      ; CLKBUF_CLUSTER_RE_X89_Y39_N3_I557     ; CLKBUF_CLUSTER_RE              ;
;   1.125 ;   0.000  ;    ; RE   ; 1      ; GCLK_CLUSTER_RE_X89_Y39_N6_I10        ; GCLK_CLUSTER_RE                ;
;   1.125 ;   0.000  ;    ; RE   ; 1      ; CLKBUFBLOCK_INPUT_X89_Y39_N7_I0       ; CLKBUFBLOCK_INPUT              ;
;   1.125 ;   0.000  ; RR ; IC   ; 1      ; CLKCTRL_G9                            ; clk~inputCLKENA0|inclk         ;
;   1.632 ;   0.507  ; RR ; CELL ; 1673   ; CLKCTRL_G9                            ; clk~inputCLKENA0|outclk        ;
;   1.632 ;   0.000  ;    ; RE   ; 1      ; CLKCTRL_G9                            ; ARRIAV_CLKBUF                  ;
;   1.632 ;   0.000  ;    ; RE   ; 1      ; CLKBUFBLOCK_OUTPUT_X89_Y39_N7_I2      ; CLKBUFBLOCK_OUTPUT             ;
;   1.632 ;   0.000  ;    ; RE   ; 1      ; GCLK_CLUSTER_RE_X89_Y39_N6_I12        ; GCLK_CLUSTER_RE                ;
;   1.632 ;   0.000  ;    ; RE   ; 1      ; CLKBUF_CLUSTER_RE_X89_Y39_N3_I416     ; CLKBUF_CLUSTER_RE              ;
;   2.453 ;   0.821  ;    ; RE   ; 6      ; GLOBAL_CLOCK_X0_Y36_N0_I9             ; GLOBAL_CLOCK                   ;
;   2.596 ;   0.143  ;    ; RE   ; 16     ; SPINE_CLOCK_X55_Y19_N0_I22            ; SPINE_CLOCK                    ;
;   2.999 ;   0.403  ;    ; RE   ; 1      ; SCLK_TO_ROWCLK_BUF_X55_Y35_N0_I133    ; SCLK_TO_ROWCLK_BUF             ;
;   3.083 ;   0.084  ;    ; RE   ; 1      ; SCLK_TO_ROWCLK_BUF_X55_Y35_N0_I136    ; SCLK_TO_ROWCLK_BUF             ;
;   3.553 ;   0.470  ;    ; RE   ; 1      ; LAB_CLK_X45_Y35_N0_I5                 ; LAB_CLK                        ;
;   3.688 ;   0.135  ;    ; RE   ; 1      ; BLK_CLK_BUF_X46_Y35_N0_I5             ; BLK_CLK_BUF                    ;
;   3.743 ;   0.055  ;    ; RE   ; 1      ; ROWCLKSEL_PREBUF_X46_Y35_N0_I5        ; ROWCLKSEL_PREBUF               ;
;   3.803 ;   0.060  ;    ; RE   ; 1      ; ROWCLKSEL_X46_Y35_N0_I0               ; ROWCLKSEL                      ;
;   3.803 ;   0.000  ;    ; RE   ; 1      ; GLOBAL_LOCAL_SEL_X46_Y35_N0_I0        ; GLOBAL_LOCAL_SEL               ;
;   3.803 ;   0.000  ;    ; RE   ; 16     ; LAB_INPUT_X46_Y35_N0_I2               ; LAB_INPUT                      ;
;   3.802 ;   -0.001 ; RR ; IC   ; 1      ; FF_X46_Y35_N23                        ; message_bytes_remaining[7]|clk ;
;   4.453 ;   0.651  ; RR ; CELL ; 1      ; FF_X46_Y35_N23                        ; message_bytes_remaining[7]     ;
;   4.326 ;   -0.127 ;    ;      ;        ;                                       ; clock pessimism removed        ;
; 4.326   ; 0.000    ;    ;      ;        ;                                       ; clock uncertainty              ;
; 4.326   ; 0.000    ;    ; uTh  ; 1      ; FF_X46_Y35_N23                        ; message_bytes_remaining[7]     ;
+---------+----------+----+------+--------+---------------------------------------+--------------------------------+

----------------------------
; Extra Fitter Information ;
----------------------------
HTML report is unavailable in plain text report export.


Path #10: Hold slack is 0.515 
===============================================================================
+-------------------------------------------------+
; Path Summary                                    ;
+--------------------+----------------------------+
; Property           ; Value                      ;
+--------------------+----------------------------+
; From Node          ; message_bytes_remaining[0] ;
; To Node            ; message_bytes_remaining[0] ;
; Launch Clock       ; clk                        ;
; Latch Clock        ; clk                        ;
; Data Arrival Time  ; 4.835                      ;
; Data Required Time ; 4.320                      ;
; Slack              ; 0.515                      ;
+--------------------+----------------------------+

+------------------------------------------------------------------------------------+
; Statistics                                                                         ;
+------------------------+-------+-------+-------------+------------+--------+-------+
; Property               ; Value ; Count ; Total Delay ; % of Total ; Min    ; Max   ;
+------------------------+-------+-------+-------------+------------+--------+-------+
; Hold Relationship      ; 0.000 ;       ;             ;            ;        ;       ;
; Clock Skew             ; 0.123 ;       ;             ;            ;        ;       ;
; Data Delay             ; 0.638 ;       ;             ;            ;        ;       ;
; Number of Logic Levels ;       ; 1     ;             ;            ;        ;       ;
; Physical Delays        ;       ;       ;             ;            ;        ;       ;
;  Arrival Path          ;       ;       ;             ;            ;        ;       ;
;   Clock                ;       ;       ;             ;            ;        ;       ;
;    IC                  ;       ; 3     ; 0.000       ; 0          ; 0.000  ; 0.000 ;
;    Cell                ;       ; 3     ; 1.764       ; 42         ; 0.470  ; 0.739 ;
;    Routing Element     ;       ; 26    ; 2.433       ; 58         ; 0.000  ; 0.776 ;
;   Data                 ;       ;       ;             ;            ;        ;       ;
;    IC                  ;       ; 2     ; 0.000       ; 0          ; 0.000  ; 0.000 ;
;    Cell                ;       ; 3     ; 0.347       ; 54         ; 0.000  ; 0.265 ;
;    uTco                ;       ; 1     ; 0.000       ; 0          ; 0.000  ; 0.000 ;
;    Routing Element     ;       ; 4     ; 0.291       ; 46         ; 0.000  ; 0.148 ;
;  Required Path         ;       ;       ;             ;            ;        ;       ;
;   Clock                ;       ;       ;             ;            ;        ;       ;
;    IC                  ;       ; 3     ; -0.001      ; 0          ; -0.001 ; 0.000 ;
;    Cell                ;       ; 3     ; 1.891       ; 43         ; 0.507  ; 0.739 ;
;    Routing Element     ;       ; 26    ; 2.557       ; 57         ; 0.000  ; 0.821 ;
+------------------------+-------+-------+-------------+------------+--------+-------+
Note: Negative delays are omitted from totals when calculating percentages

+-----------------------------------------------------------------------------------------------------------------+
; Data Arrival Path                                                                                               ;
+---------+---------+----+------+--------+---------------------------------------+--------------------------------+
; Total   ; Incr    ; RF ; Type ; Fanout ; Location                              ; Element                        ;
+---------+---------+----+------+--------+---------------------------------------+--------------------------------+
; 0.000   ; 0.000   ;    ;      ;        ;                                       ; launch edge time               ;
; 4.197   ; 4.197   ;    ;      ;        ;                                       ; clock path                     ;
;   0.000 ;   0.000 ;    ;      ;        ;                                       ; source latency                 ;
;   0.000 ;   0.000 ;    ;      ; 1      ; PIN_M16                               ; clk                            ;
;   0.000 ;   0.000 ;    ; RE   ; 1      ; IOPAD_X89_Y35_N60                     ; ARRIAV_IO_PAD                  ;
;   0.000 ;   0.000 ;    ; RE   ; 1      ; IO_PAD_OUTPUT_X89_Y35_N60_I1          ; IO_PAD_OUTPUT                  ;
;   0.000 ;   0.000 ;    ; RE   ; 1      ; IO_INPUT_BUFFER_INPUT_X89_Y35_N61_I0  ; IO_INPUT_BUFFER_INPUT          ;
;   0.000 ;   0.000 ; RR ; IC   ; 1      ; IOIBUF_X89_Y35_N61                    ; clk~input|i                    ;
;   0.739 ;   0.739 ; RR ; CELL ; 1      ; IOIBUF_X89_Y35_N61                    ; clk~input|o                    ;
;   0.739 ;   0.000 ;    ; RE   ; 1      ; IOIBUF_X89_Y35_N61                    ; ARRIAV_IO_IBUF                 ;
;   0.739 ;   0.000 ;    ; RE   ; 1      ; IO_INPUT_BUFFER_OUTPUT_X89_Y35_N61_I2 ; IO_INPUT_BUFFER_OUTPUT         ;
;   0.739 ;   0.000 ;    ; RE   ; 1      ; IO_RE_X89_Y35_N60_I96                 ; IO_RE                          ;
;   0.827 ;   0.088 ;    ; RE   ; 1      ; IO_RE_X89_Y35_N60_I66                 ; IO_RE                          ;
;   1.102 ;   0.275 ;    ; RE   ; 1      ; CLKBUF_CLUSTER_RE_X89_Y39_N3_I421     ; CLKBUF_CLUSTER_RE              ;
;   1.102 ;   0.000 ;    ; RE   ; 1      ; CLKBUF_CLUSTER_RE_X89_Y39_N3_I772     ; CLKBUF_CLUSTER_RE              ;
;   1.102 ;   0.000 ;    ; RE   ; 1      ; CLKBUF_CLUSTER_RE_X89_Y39_N3_I557     ; CLKBUF_CLUSTER_RE              ;
;   1.102 ;   0.000 ;    ; RE   ; 1      ; GCLK_CLUSTER_RE_X89_Y39_N6_I10        ; GCLK_CLUSTER_RE                ;
;   1.102 ;   0.000 ;    ; RE   ; 1      ; CLKBUFBLOCK_INPUT_X89_Y39_N7_I0       ; CLKBUFBLOCK_INPUT              ;
;   1.102 ;   0.000 ; RR ; IC   ; 1      ; CLKCTRL_G9                            ; clk~inputCLKENA0|inclk         ;
;   1.572 ;   0.470 ; RR ; CELL ; 1673   ; CLKCTRL_G9                            ; clk~inputCLKENA0|outclk        ;
;   1.572 ;   0.000 ;    ; RE   ; 1      ; CLKCTRL_G9                            ; ARRIAV_CLKBUF                  ;
;   1.572 ;   0.000 ;    ; RE   ; 1      ; CLKBUFBLOCK_OUTPUT_X89_Y39_N7_I2      ; CLKBUFBLOCK_OUTPUT             ;
;   1.572 ;   0.000 ;    ; RE   ; 1      ; GCLK_CLUSTER_RE_X89_Y39_N6_I12        ; GCLK_CLUSTER_RE                ;
;   1.572 ;   0.000 ;    ; RE   ; 1      ; CLKBUF_CLUSTER_RE_X89_Y39_N3_I416     ; CLKBUF_CLUSTER_RE              ;
;   2.348 ;   0.776 ;    ; RE   ; 6      ; GLOBAL_CLOCK_X0_Y36_N0_I9             ; GLOBAL_CLOCK                   ;
;   2.486 ;   0.138 ;    ; RE   ; 16     ; SPINE_CLOCK_X55_Y19_N0_I22            ; SPINE_CLOCK                    ;
;   2.875 ;   0.389 ;    ; RE   ; 1      ; SCLK_TO_ROWCLK_BUF_X55_Y35_N0_I133    ; SCLK_TO_ROWCLK_BUF             ;
;   2.956 ;   0.081 ;    ; RE   ; 1      ; SCLK_TO_ROWCLK_BUF_X55_Y35_N0_I136    ; SCLK_TO_ROWCLK_BUF             ;
;   3.410 ;   0.454 ;    ; RE   ; 1      ; LAB_CLK_X45_Y35_N0_I5                 ; LAB_CLK                        ;
;   3.534 ;   0.124 ;    ; RE   ; 1      ; BLK_CLK_BUF_X46_Y35_N0_I5             ; BLK_CLK_BUF                    ;
;   3.587 ;   0.053 ;    ; RE   ; 1      ; ROWCLKSEL_PREBUF_X46_Y35_N0_I5        ; ROWCLKSEL_PREBUF               ;
;   3.642 ;   0.055 ;    ; RE   ; 1      ; ROWCLKSEL_X46_Y35_N0_I0               ; ROWCLKSEL                      ;
;   3.642 ;   0.000 ;    ; RE   ; 1      ; GLOBAL_LOCAL_SEL_X46_Y35_N0_I0        ; GLOBAL_LOCAL_SEL               ;
;   3.642 ;   0.000 ;    ; RE   ; 16     ; LAB_INPUT_X46_Y35_N0_I2               ; LAB_INPUT                      ;
;   3.642 ;   0.000 ; RR ; IC   ; 1      ; FF_X46_Y35_N2                         ; message_bytes_remaining[0]|clk ;
;   4.197 ;   0.555 ; RR ; CELL ; 1      ; FF_X46_Y35_N2                         ; message_bytes_remaining[0]     ;
; 4.835   ; 0.638   ;    ;      ;        ;                                       ; data path                      ;
;   4.197 ;   0.000 ;    ; uTco ; 1      ; FF_X46_Y35_N2                         ; message_bytes_remaining[0]     ;
;   4.197 ;   0.000 ; FF ; CELL ; 7      ; FF_X46_Y35_N2                         ; message_bytes_remaining[0]|q   ;
;   4.254 ;   0.057 ;    ; RE   ; 2      ; FF_X46_Y35_N2                         ; ARRIAV_FF                      ;
;   4.340 ;   0.086 ;    ; RE   ; 1      ; LOCAL_LINE_X46_Y35_N0_I0              ; LOCAL_LINE                     ;
;   4.488 ;   0.148 ;    ; RE   ; 1      ; BLOCK_INPUT_MUX_X46_Y35_N0_I4         ; LEIM_INPUT                     ;
;   4.488 ;   0.000 ; FF ; IC   ; 2      ; LABCELL_X46_Y35_N0                    ; Add1~9|datac                   ;
;   4.753 ;   0.265 ; FR ; CELL ; 1      ; LABCELL_X46_Y35_N0                    ; Add1~9|sumout                  ;
;   4.753 ;   0.000 ;    ; RE   ; 3      ; LABCELL_X46_Y35_N0                    ; ARRIAV_LCELL_COMB              ;
;   4.753 ;   0.000 ; RR ; IC   ; 1      ; FF_X46_Y35_N2                         ; message_bytes_remaining[0]|d   ;
;   4.835 ;   0.082 ; RR ; CELL ; 1      ; FF_X46_Y35_N2                         ; message_bytes_remaining[0]     ;
+---------+---------+----+------+--------+---------------------------------------+--------------------------------+

+------------------------------------------------------------------------------------------------------------------+
; Data Required Path                                                                                               ;
+---------+----------+----+------+--------+---------------------------------------+--------------------------------+
; Total   ; Incr     ; RF ; Type ; Fanout ; Location                              ; Element                        ;
+---------+----------+----+------+--------+---------------------------------------+--------------------------------+
; 0.000   ; 0.000    ;    ;      ;        ;                                       ; latch edge time                ;
; 4.320   ; 4.320    ;    ;      ;        ;                                       ; clock path                     ;
;   0.000 ;   0.000  ;    ;      ;        ;                                       ; source latency                 ;
;   0.000 ;   0.000  ;    ;      ; 1      ; PIN_M16                               ; clk                            ;
;   0.000 ;   0.000  ;    ; RE   ; 1      ; IOPAD_X89_Y35_N60                     ; ARRIAV_IO_PAD                  ;
;   0.000 ;   0.000  ;    ; RE   ; 1      ; IO_PAD_OUTPUT_X89_Y35_N60_I1          ; IO_PAD_OUTPUT                  ;
;   0.000 ;   0.000  ;    ; RE   ; 1      ; IO_INPUT_BUFFER_INPUT_X89_Y35_N61_I0  ; IO_INPUT_BUFFER_INPUT          ;
;   0.000 ;   0.000  ; RR ; IC   ; 1      ; IOIBUF_X89_Y35_N61                    ; clk~input|i                    ;
;   0.739 ;   0.739  ; RR ; CELL ; 1      ; IOIBUF_X89_Y35_N61                    ; clk~input|o                    ;
;   0.739 ;   0.000  ;    ; RE   ; 1      ; IOIBUF_X89_Y35_N61                    ; ARRIAV_IO_IBUF                 ;
;   0.739 ;   0.000  ;    ; RE   ; 1      ; IO_INPUT_BUFFER_OUTPUT_X89_Y35_N61_I2 ; IO_INPUT_BUFFER_OUTPUT         ;
;   0.739 ;   0.000  ;    ; RE   ; 1      ; IO_RE_X89_Y35_N60_I96                 ; IO_RE                          ;
;   0.833 ;   0.094  ;    ; RE   ; 1      ; IO_RE_X89_Y35_N60_I66                 ; IO_RE                          ;
;   1.125 ;   0.292  ;    ; RE   ; 1      ; CLKBUF_CLUSTER_RE_X89_Y39_N3_I421     ; CLKBUF_CLUSTER_RE              ;
;   1.125 ;   0.000  ;    ; RE   ; 1      ; CLKBUF_CLUSTER_RE_X89_Y39_N3_I772     ; CLKBUF_CLUSTER_RE              ;
;   1.125 ;   0.000  ;    ; RE   ; 1      ; CLKBUF_CLUSTER_RE_X89_Y39_N3_I557     ; CLKBUF_CLUSTER_RE              ;
;   1.125 ;   0.000  ;    ; RE   ; 1      ; GCLK_CLUSTER_RE_X89_Y39_N6_I10        ; GCLK_CLUSTER_RE                ;
;   1.125 ;   0.000  ;    ; RE   ; 1      ; CLKBUFBLOCK_INPUT_X89_Y39_N7_I0       ; CLKBUFBLOCK_INPUT              ;
;   1.125 ;   0.000  ; RR ; IC   ; 1      ; CLKCTRL_G9                            ; clk~inputCLKENA0|inclk         ;
;   1.632 ;   0.507  ; RR ; CELL ; 1673   ; CLKCTRL_G9                            ; clk~inputCLKENA0|outclk        ;
;   1.632 ;   0.000  ;    ; RE   ; 1      ; CLKCTRL_G9                            ; ARRIAV_CLKBUF                  ;
;   1.632 ;   0.000  ;    ; RE   ; 1      ; CLKBUFBLOCK_OUTPUT_X89_Y39_N7_I2      ; CLKBUFBLOCK_OUTPUT             ;
;   1.632 ;   0.000  ;    ; RE   ; 1      ; GCLK_CLUSTER_RE_X89_Y39_N6_I12        ; GCLK_CLUSTER_RE                ;
;   1.632 ;   0.000  ;    ; RE   ; 1      ; CLKBUF_CLUSTER_RE_X89_Y39_N3_I416     ; CLKBUF_CLUSTER_RE              ;
;   2.453 ;   0.821  ;    ; RE   ; 6      ; GLOBAL_CLOCK_X0_Y36_N0_I9             ; GLOBAL_CLOCK                   ;
;   2.596 ;   0.143  ;    ; RE   ; 16     ; SPINE_CLOCK_X55_Y19_N0_I22            ; SPINE_CLOCK                    ;
;   2.999 ;   0.403  ;    ; RE   ; 1      ; SCLK_TO_ROWCLK_BUF_X55_Y35_N0_I133    ; SCLK_TO_ROWCLK_BUF             ;
;   3.083 ;   0.084  ;    ; RE   ; 1      ; SCLK_TO_ROWCLK_BUF_X55_Y35_N0_I136    ; SCLK_TO_ROWCLK_BUF             ;
;   3.553 ;   0.470  ;    ; RE   ; 1      ; LAB_CLK_X45_Y35_N0_I5                 ; LAB_CLK                        ;
;   3.688 ;   0.135  ;    ; RE   ; 1      ; BLK_CLK_BUF_X46_Y35_N0_I5             ; BLK_CLK_BUF                    ;
;   3.743 ;   0.055  ;    ; RE   ; 1      ; ROWCLKSEL_PREBUF_X46_Y35_N0_I5        ; ROWCLKSEL_PREBUF               ;
;   3.803 ;   0.060  ;    ; RE   ; 1      ; ROWCLKSEL_X46_Y35_N0_I0               ; ROWCLKSEL                      ;
;   3.803 ;   0.000  ;    ; RE   ; 1      ; GLOBAL_LOCAL_SEL_X46_Y35_N0_I0        ; GLOBAL_LOCAL_SEL               ;
;   3.803 ;   0.000  ;    ; RE   ; 16     ; LAB_INPUT_X46_Y35_N0_I2               ; LAB_INPUT                      ;
;   3.802 ;   -0.001 ; RR ; IC   ; 1      ; FF_X46_Y35_N2                         ; message_bytes_remaining[0]|clk ;
;   4.447 ;   0.645  ; RR ; CELL ; 1      ; FF_X46_Y35_N2                         ; message_bytes_remaining[0]     ;
;   4.320 ;   -0.127 ;    ;      ;        ;                                       ; clock pessimism removed        ;
; 4.320   ; 0.000    ;    ;      ;        ;                                       ; clock uncertainty              ;
; 4.320   ; 0.000    ;    ; uTh  ; 1      ; FF_X46_Y35_N2                         ; message_bytes_remaining[0]     ;
+---------+----------+----+------+--------+---------------------------------------+--------------------------------+

----------------------------
; Extra Fitter Information ;
----------------------------
HTML report is unavailable in plain text report export.


Path #11: Hold slack is 0.515 
===============================================================================
+--------------------------------------------------+
; Path Summary                                     ;
+--------------------+-----------------------------+
; Property           ; Value                       ;
+--------------------+-----------------------------+
; From Node          ; message_bytes_remaining[13] ;
; To Node            ; message_bytes_remaining[13] ;
; Launch Clock       ; clk                         ;
; Latch Clock        ; clk                         ;
; Data Arrival Time  ; 4.841                       ;
; Data Required Time ; 4.326                       ;
; Slack              ; 0.515                       ;
+--------------------+-----------------------------+

+------------------------------------------------------------------------------------+
; Statistics                                                                         ;
+------------------------+-------+-------+-------------+------------+--------+-------+
; Property               ; Value ; Count ; Total Delay ; % of Total ; Min    ; Max   ;
+------------------------+-------+-------+-------------+------------+--------+-------+
; Hold Relationship      ; 0.000 ;       ;             ;            ;        ;       ;
; Clock Skew             ; 0.123 ;       ;             ;            ;        ;       ;
; Data Delay             ; 0.638 ;       ;             ;            ;        ;       ;
; Number of Logic Levels ;       ; 1     ;             ;            ;        ;       ;
; Physical Delays        ;       ;       ;             ;            ;        ;       ;
;  Arrival Path          ;       ;       ;             ;            ;        ;       ;
;   Clock                ;       ;       ;             ;            ;        ;       ;
;    IC                  ;       ; 3     ; 0.000       ; 0          ; 0.000  ; 0.000 ;
;    Cell                ;       ; 3     ; 1.770       ; 42         ; 0.470  ; 0.739 ;
;    Routing Element     ;       ; 26    ; 2.433       ; 58         ; 0.000  ; 0.776 ;
;   Data                 ;       ;       ;             ;            ;        ;       ;
;    IC                  ;       ; 2     ; -0.001      ; 0          ; -0.001 ; 0.000 ;
;    Cell                ;       ; 3     ; 0.353       ; 55         ; 0.000  ; 0.271 ;
;    uTco                ;       ; 1     ; 0.000       ; 0          ; 0.000  ; 0.000 ;
;    Routing Element     ;       ; 4     ; 0.286       ; 45         ; 0.000  ; 0.141 ;
;  Required Path         ;       ;       ;             ;            ;        ;       ;
;   Clock                ;       ;       ;             ;            ;        ;       ;
;    IC                  ;       ; 3     ; -0.001      ; 0          ; -0.001 ; 0.000 ;
;    Cell                ;       ; 3     ; 1.897       ; 43         ; 0.507  ; 0.739 ;
;    Routing Element     ;       ; 26    ; 2.557       ; 57         ; 0.000  ; 0.821 ;
+------------------------+-------+-------+-------------+------------+--------+-------+
Note: Negative delays are omitted from totals when calculating percentages

+-------------------------------------------------------------------------------------------------------------------+
; Data Arrival Path                                                                                                 ;
+---------+----------+----+------+--------+---------------------------------------+---------------------------------+
; Total   ; Incr     ; RF ; Type ; Fanout ; Location                              ; Element                         ;
+---------+----------+----+------+--------+---------------------------------------+---------------------------------+
; 0.000   ; 0.000    ;    ;      ;        ;                                       ; launch edge time                ;
; 4.203   ; 4.203    ;    ;      ;        ;                                       ; clock path                      ;
;   0.000 ;   0.000  ;    ;      ;        ;                                       ; source latency                  ;
;   0.000 ;   0.000  ;    ;      ; 1      ; PIN_M16                               ; clk                             ;
;   0.000 ;   0.000  ;    ; RE   ; 1      ; IOPAD_X89_Y35_N60                     ; ARRIAV_IO_PAD                   ;
;   0.000 ;   0.000  ;    ; RE   ; 1      ; IO_PAD_OUTPUT_X89_Y35_N60_I1          ; IO_PAD_OUTPUT                   ;
;   0.000 ;   0.000  ;    ; RE   ; 1      ; IO_INPUT_BUFFER_INPUT_X89_Y35_N61_I0  ; IO_INPUT_BUFFER_INPUT           ;
;   0.000 ;   0.000  ; RR ; IC   ; 1      ; IOIBUF_X89_Y35_N61                    ; clk~input|i                     ;
;   0.739 ;   0.739  ; RR ; CELL ; 1      ; IOIBUF_X89_Y35_N61                    ; clk~input|o                     ;
;   0.739 ;   0.000  ;    ; RE   ; 1      ; IOIBUF_X89_Y35_N61                    ; ARRIAV_IO_IBUF                  ;
;   0.739 ;   0.000  ;    ; RE   ; 1      ; IO_INPUT_BUFFER_OUTPUT_X89_Y35_N61_I2 ; IO_INPUT_BUFFER_OUTPUT          ;
;   0.739 ;   0.000  ;    ; RE   ; 1      ; IO_RE_X89_Y35_N60_I96                 ; IO_RE                           ;
;   0.827 ;   0.088  ;    ; RE   ; 1      ; IO_RE_X89_Y35_N60_I66                 ; IO_RE                           ;
;   1.102 ;   0.275  ;    ; RE   ; 1      ; CLKBUF_CLUSTER_RE_X89_Y39_N3_I421     ; CLKBUF_CLUSTER_RE               ;
;   1.102 ;   0.000  ;    ; RE   ; 1      ; CLKBUF_CLUSTER_RE_X89_Y39_N3_I772     ; CLKBUF_CLUSTER_RE               ;
;   1.102 ;   0.000  ;    ; RE   ; 1      ; CLKBUF_CLUSTER_RE_X89_Y39_N3_I557     ; CLKBUF_CLUSTER_RE               ;
;   1.102 ;   0.000  ;    ; RE   ; 1      ; GCLK_CLUSTER_RE_X89_Y39_N6_I10        ; GCLK_CLUSTER_RE                 ;
;   1.102 ;   0.000  ;    ; RE   ; 1      ; CLKBUFBLOCK_INPUT_X89_Y39_N7_I0       ; CLKBUFBLOCK_INPUT               ;
;   1.102 ;   0.000  ; RR ; IC   ; 1      ; CLKCTRL_G9                            ; clk~inputCLKENA0|inclk          ;
;   1.572 ;   0.470  ; RR ; CELL ; 1673   ; CLKCTRL_G9                            ; clk~inputCLKENA0|outclk         ;
;   1.572 ;   0.000  ;    ; RE   ; 1      ; CLKCTRL_G9                            ; ARRIAV_CLKBUF                   ;
;   1.572 ;   0.000  ;    ; RE   ; 1      ; CLKBUFBLOCK_OUTPUT_X89_Y39_N7_I2      ; CLKBUFBLOCK_OUTPUT              ;
;   1.572 ;   0.000  ;    ; RE   ; 1      ; GCLK_CLUSTER_RE_X89_Y39_N6_I12        ; GCLK_CLUSTER_RE                 ;
;   1.572 ;   0.000  ;    ; RE   ; 1      ; CLKBUF_CLUSTER_RE_X89_Y39_N3_I416     ; CLKBUF_CLUSTER_RE               ;
;   2.348 ;   0.776  ;    ; RE   ; 6      ; GLOBAL_CLOCK_X0_Y36_N0_I9             ; GLOBAL_CLOCK                    ;
;   2.486 ;   0.138  ;    ; RE   ; 16     ; SPINE_CLOCK_X55_Y19_N0_I22            ; SPINE_CLOCK                     ;
;   2.875 ;   0.389  ;    ; RE   ; 1      ; SCLK_TO_ROWCLK_BUF_X55_Y35_N0_I133    ; SCLK_TO_ROWCLK_BUF              ;
;   2.956 ;   0.081  ;    ; RE   ; 1      ; SCLK_TO_ROWCLK_BUF_X55_Y35_N0_I136    ; SCLK_TO_ROWCLK_BUF              ;
;   3.410 ;   0.454  ;    ; RE   ; 1      ; LAB_CLK_X45_Y35_N0_I5                 ; LAB_CLK                         ;
;   3.534 ;   0.124  ;    ; RE   ; 1      ; BLK_CLK_BUF_X46_Y35_N0_I5             ; BLK_CLK_BUF                     ;
;   3.587 ;   0.053  ;    ; RE   ; 1      ; ROWCLKSEL_PREBUF_X46_Y35_N0_I5        ; ROWCLKSEL_PREBUF                ;
;   3.642 ;   0.055  ;    ; RE   ; 1      ; ROWCLKSEL_X46_Y35_N0_I0               ; ROWCLKSEL                       ;
;   3.642 ;   0.000  ;    ; RE   ; 1      ; GLOBAL_LOCAL_SEL_X46_Y35_N0_I0        ; GLOBAL_LOCAL_SEL                ;
;   3.642 ;   0.000  ;    ; RE   ; 16     ; LAB_INPUT_X46_Y35_N0_I2               ; LAB_INPUT                       ;
;   3.642 ;   0.000  ; RR ; IC   ; 1      ; FF_X46_Y35_N41                        ; message_bytes_remaining[13]|clk ;
;   4.203 ;   0.561  ; RR ; CELL ; 1      ; FF_X46_Y35_N41                        ; message_bytes_remaining[13]     ;
; 4.841   ; 0.638    ;    ;      ;        ;                                       ; data path                       ;
;   4.203 ;   0.000  ;    ; uTco ; 1      ; FF_X46_Y35_N41                        ; message_bytes_remaining[13]     ;
;   4.203 ;   0.000  ; FF ; CELL ; 3      ; FF_X46_Y35_N41                        ; message_bytes_remaining[13]|q   ;
;   4.260 ;   0.057  ;    ; RE   ; 2      ; FF_X46_Y35_N41                        ; ARRIAV_FF                       ;
;   4.348 ;   0.088  ;    ; RE   ; 1      ; LOCAL_LINE_X46_Y35_N0_I13             ; LOCAL_LINE                      ;
;   4.489 ;   0.141  ;    ; RE   ; 1      ; BLOCK_INPUT_MUX_X46_Y35_N0_I53        ; LEIM_INPUT                      ;
;   4.488 ;   -0.001 ; FF ; IC   ; 3      ; LABCELL_X46_Y35_N39                   ; Add1~53|datac                   ;
;   4.759 ;   0.271  ; FR ; CELL ; 1      ; LABCELL_X46_Y35_N39                   ; Add1~53|sumout                  ;
;   4.759 ;   0.000  ;    ; RE   ; 3      ; LABCELL_X46_Y35_N39                   ; ARRIAV_LCELL_COMB               ;
;   4.759 ;   0.000  ; RR ; IC   ; 1      ; FF_X46_Y35_N41                        ; message_bytes_remaining[13]|d   ;
;   4.841 ;   0.082  ; RR ; CELL ; 1      ; FF_X46_Y35_N41                        ; message_bytes_remaining[13]     ;
+---------+----------+----+------+--------+---------------------------------------+---------------------------------+

+-------------------------------------------------------------------------------------------------------------------+
; Data Required Path                                                                                                ;
+---------+----------+----+------+--------+---------------------------------------+---------------------------------+
; Total   ; Incr     ; RF ; Type ; Fanout ; Location                              ; Element                         ;
+---------+----------+----+------+--------+---------------------------------------+---------------------------------+
; 0.000   ; 0.000    ;    ;      ;        ;                                       ; latch edge time                 ;
; 4.326   ; 4.326    ;    ;      ;        ;                                       ; clock path                      ;
;   0.000 ;   0.000  ;    ;      ;        ;                                       ; source latency                  ;
;   0.000 ;   0.000  ;    ;      ; 1      ; PIN_M16                               ; clk                             ;
;   0.000 ;   0.000  ;    ; RE   ; 1      ; IOPAD_X89_Y35_N60                     ; ARRIAV_IO_PAD                   ;
;   0.000 ;   0.000  ;    ; RE   ; 1      ; IO_PAD_OUTPUT_X89_Y35_N60_I1          ; IO_PAD_OUTPUT                   ;
;   0.000 ;   0.000  ;    ; RE   ; 1      ; IO_INPUT_BUFFER_INPUT_X89_Y35_N61_I0  ; IO_INPUT_BUFFER_INPUT           ;
;   0.000 ;   0.000  ; RR ; IC   ; 1      ; IOIBUF_X89_Y35_N61                    ; clk~input|i                     ;
;   0.739 ;   0.739  ; RR ; CELL ; 1      ; IOIBUF_X89_Y35_N61                    ; clk~input|o                     ;
;   0.739 ;   0.000  ;    ; RE   ; 1      ; IOIBUF_X89_Y35_N61                    ; ARRIAV_IO_IBUF                  ;
;   0.739 ;   0.000  ;    ; RE   ; 1      ; IO_INPUT_BUFFER_OUTPUT_X89_Y35_N61_I2 ; IO_INPUT_BUFFER_OUTPUT          ;
;   0.739 ;   0.000  ;    ; RE   ; 1      ; IO_RE_X89_Y35_N60_I96                 ; IO_RE                           ;
;   0.833 ;   0.094  ;    ; RE   ; 1      ; IO_RE_X89_Y35_N60_I66                 ; IO_RE                           ;
;   1.125 ;   0.292  ;    ; RE   ; 1      ; CLKBUF_CLUSTER_RE_X89_Y39_N3_I421     ; CLKBUF_CLUSTER_RE               ;
;   1.125 ;   0.000  ;    ; RE   ; 1      ; CLKBUF_CLUSTER_RE_X89_Y39_N3_I772     ; CLKBUF_CLUSTER_RE               ;
;   1.125 ;   0.000  ;    ; RE   ; 1      ; CLKBUF_CLUSTER_RE_X89_Y39_N3_I557     ; CLKBUF_CLUSTER_RE               ;
;   1.125 ;   0.000  ;    ; RE   ; 1      ; GCLK_CLUSTER_RE_X89_Y39_N6_I10        ; GCLK_CLUSTER_RE                 ;
;   1.125 ;   0.000  ;    ; RE   ; 1      ; CLKBUFBLOCK_INPUT_X89_Y39_N7_I0       ; CLKBUFBLOCK_INPUT               ;
;   1.125 ;   0.000  ; RR ; IC   ; 1      ; CLKCTRL_G9                            ; clk~inputCLKENA0|inclk          ;
;   1.632 ;   0.507  ; RR ; CELL ; 1673   ; CLKCTRL_G9                            ; clk~inputCLKENA0|outclk         ;
;   1.632 ;   0.000  ;    ; RE   ; 1      ; CLKCTRL_G9                            ; ARRIAV_CLKBUF                   ;
;   1.632 ;   0.000  ;    ; RE   ; 1      ; CLKBUFBLOCK_OUTPUT_X89_Y39_N7_I2      ; CLKBUFBLOCK_OUTPUT              ;
;   1.632 ;   0.000  ;    ; RE   ; 1      ; GCLK_CLUSTER_RE_X89_Y39_N6_I12        ; GCLK_CLUSTER_RE                 ;
;   1.632 ;   0.000  ;    ; RE   ; 1      ; CLKBUF_CLUSTER_RE_X89_Y39_N3_I416     ; CLKBUF_CLUSTER_RE               ;
;   2.453 ;   0.821  ;    ; RE   ; 6      ; GLOBAL_CLOCK_X0_Y36_N0_I9             ; GLOBAL_CLOCK                    ;
;   2.596 ;   0.143  ;    ; RE   ; 16     ; SPINE_CLOCK_X55_Y19_N0_I22            ; SPINE_CLOCK                     ;
;   2.999 ;   0.403  ;    ; RE   ; 1      ; SCLK_TO_ROWCLK_BUF_X55_Y35_N0_I133    ; SCLK_TO_ROWCLK_BUF              ;
;   3.083 ;   0.084  ;    ; RE   ; 1      ; SCLK_TO_ROWCLK_BUF_X55_Y35_N0_I136    ; SCLK_TO_ROWCLK_BUF              ;
;   3.553 ;   0.470  ;    ; RE   ; 1      ; LAB_CLK_X45_Y35_N0_I5                 ; LAB_CLK                         ;
;   3.688 ;   0.135  ;    ; RE   ; 1      ; BLK_CLK_BUF_X46_Y35_N0_I5             ; BLK_CLK_BUF                     ;
;   3.743 ;   0.055  ;    ; RE   ; 1      ; ROWCLKSEL_PREBUF_X46_Y35_N0_I5        ; ROWCLKSEL_PREBUF                ;
;   3.803 ;   0.060  ;    ; RE   ; 1      ; ROWCLKSEL_X46_Y35_N0_I0               ; ROWCLKSEL                       ;
;   3.803 ;   0.000  ;    ; RE   ; 1      ; GLOBAL_LOCAL_SEL_X46_Y35_N0_I0        ; GLOBAL_LOCAL_SEL                ;
;   3.803 ;   0.000  ;    ; RE   ; 16     ; LAB_INPUT_X46_Y35_N0_I2               ; LAB_INPUT                       ;
;   3.802 ;   -0.001 ; RR ; IC   ; 1      ; FF_X46_Y35_N41                        ; message_bytes_remaining[13]|clk ;
;   4.453 ;   0.651  ; RR ; CELL ; 1      ; FF_X46_Y35_N41                        ; message_bytes_remaining[13]     ;
;   4.326 ;   -0.127 ;    ;      ;        ;                                       ; clock pessimism removed         ;
; 4.326   ; 0.000    ;    ;      ;        ;                                       ; clock uncertainty               ;
; 4.326   ; 0.000    ;    ; uTh  ; 1      ; FF_X46_Y35_N41                        ; message_bytes_remaining[13]     ;
+---------+----------+----+------+--------+---------------------------------------+---------------------------------+

----------------------------
; Extra Fitter Information ;
----------------------------
HTML report is unavailable in plain text report export.


Path #12: Hold slack is 0.516 
===============================================================================
+-------------------------------------------------+
; Path Summary                                    ;
+--------------------+----------------------------+
; Property           ; Value                      ;
+--------------------+----------------------------+
; From Node          ; message_bytes_remaining[6] ;
; To Node            ; message_bytes_remaining[6] ;
; Launch Clock       ; clk                        ;
; Latch Clock        ; clk                        ;
; Data Arrival Time  ; 4.836                      ;
; Data Required Time ; 4.320                      ;
; Slack              ; 0.516                      ;
+--------------------+----------------------------+

+------------------------------------------------------------------------------------+
; Statistics                                                                         ;
+------------------------+-------+-------+-------------+------------+--------+-------+
; Property               ; Value ; Count ; Total Delay ; % of Total ; Min    ; Max   ;
+------------------------+-------+-------+-------------+------------+--------+-------+
; Hold Relationship      ; 0.000 ;       ;             ;            ;        ;       ;
; Clock Skew             ; 0.123 ;       ;             ;            ;        ;       ;
; Data Delay             ; 0.639 ;       ;             ;            ;        ;       ;
; Number of Logic Levels ;       ; 1     ;             ;            ;        ;       ;
; Physical Delays        ;       ;       ;             ;            ;        ;       ;
;  Arrival Path          ;       ;       ;             ;            ;        ;       ;
;   Clock                ;       ;       ;             ;            ;        ;       ;
;    IC                  ;       ; 3     ; 0.000       ; 0          ; 0.000  ; 0.000 ;
;    Cell                ;       ; 3     ; 1.764       ; 42         ; 0.470  ; 0.739 ;
;    Routing Element     ;       ; 26    ; 2.433       ; 58         ; 0.000  ; 0.776 ;
;   Data                 ;       ;       ;             ;            ;        ;       ;
;    IC                  ;       ; 2     ; 0.000       ; 0          ; 0.000  ; 0.000 ;
;    Cell                ;       ; 3     ; 0.347       ; 54         ; 0.000  ; 0.265 ;
;    uTco                ;       ; 1     ; 0.000       ; 0          ; 0.000  ; 0.000 ;
;    Routing Element     ;       ; 4     ; 0.292       ; 46         ; 0.000  ; 0.147 ;
;  Required Path         ;       ;       ;             ;            ;        ;       ;
;   Clock                ;       ;       ;             ;            ;        ;       ;
;    IC                  ;       ; 3     ; -0.001      ; 0          ; -0.001 ; 0.000 ;
;    Cell                ;       ; 3     ; 1.891       ; 43         ; 0.507  ; 0.739 ;
;    Routing Element     ;       ; 26    ; 2.557       ; 57         ; 0.000  ; 0.821 ;
+------------------------+-------+-------+-------------+------------+--------+-------+
Note: Negative delays are omitted from totals when calculating percentages

+-----------------------------------------------------------------------------------------------------------------+
; Data Arrival Path                                                                                               ;
+---------+---------+----+------+--------+---------------------------------------+--------------------------------+
; Total   ; Incr    ; RF ; Type ; Fanout ; Location                              ; Element                        ;
+---------+---------+----+------+--------+---------------------------------------+--------------------------------+
; 0.000   ; 0.000   ;    ;      ;        ;                                       ; launch edge time               ;
; 4.197   ; 4.197   ;    ;      ;        ;                                       ; clock path                     ;
;   0.000 ;   0.000 ;    ;      ;        ;                                       ; source latency                 ;
;   0.000 ;   0.000 ;    ;      ; 1      ; PIN_M16                               ; clk                            ;
;   0.000 ;   0.000 ;    ; RE   ; 1      ; IOPAD_X89_Y35_N60                     ; ARRIAV_IO_PAD                  ;
;   0.000 ;   0.000 ;    ; RE   ; 1      ; IO_PAD_OUTPUT_X89_Y35_N60_I1          ; IO_PAD_OUTPUT                  ;
;   0.000 ;   0.000 ;    ; RE   ; 1      ; IO_INPUT_BUFFER_INPUT_X89_Y35_N61_I0  ; IO_INPUT_BUFFER_INPUT          ;
;   0.000 ;   0.000 ; RR ; IC   ; 1      ; IOIBUF_X89_Y35_N61                    ; clk~input|i                    ;
;   0.739 ;   0.739 ; RR ; CELL ; 1      ; IOIBUF_X89_Y35_N61                    ; clk~input|o                    ;
;   0.739 ;   0.000 ;    ; RE   ; 1      ; IOIBUF_X89_Y35_N61                    ; ARRIAV_IO_IBUF                 ;
;   0.739 ;   0.000 ;    ; RE   ; 1      ; IO_INPUT_BUFFER_OUTPUT_X89_Y35_N61_I2 ; IO_INPUT_BUFFER_OUTPUT         ;
;   0.739 ;   0.000 ;    ; RE   ; 1      ; IO_RE_X89_Y35_N60_I96                 ; IO_RE                          ;
;   0.827 ;   0.088 ;    ; RE   ; 1      ; IO_RE_X89_Y35_N60_I66                 ; IO_RE                          ;
;   1.102 ;   0.275 ;    ; RE   ; 1      ; CLKBUF_CLUSTER_RE_X89_Y39_N3_I421     ; CLKBUF_CLUSTER_RE              ;
;   1.102 ;   0.000 ;    ; RE   ; 1      ; CLKBUF_CLUSTER_RE_X89_Y39_N3_I772     ; CLKBUF_CLUSTER_RE              ;
;   1.102 ;   0.000 ;    ; RE   ; 1      ; CLKBUF_CLUSTER_RE_X89_Y39_N3_I557     ; CLKBUF_CLUSTER_RE              ;
;   1.102 ;   0.000 ;    ; RE   ; 1      ; GCLK_CLUSTER_RE_X89_Y39_N6_I10        ; GCLK_CLUSTER_RE                ;
;   1.102 ;   0.000 ;    ; RE   ; 1      ; CLKBUFBLOCK_INPUT_X89_Y39_N7_I0       ; CLKBUFBLOCK_INPUT              ;
;   1.102 ;   0.000 ; RR ; IC   ; 1      ; CLKCTRL_G9                            ; clk~inputCLKENA0|inclk         ;
;   1.572 ;   0.470 ; RR ; CELL ; 1673   ; CLKCTRL_G9                            ; clk~inputCLKENA0|outclk        ;
;   1.572 ;   0.000 ;    ; RE   ; 1      ; CLKCTRL_G9                            ; ARRIAV_CLKBUF                  ;
;   1.572 ;   0.000 ;    ; RE   ; 1      ; CLKBUFBLOCK_OUTPUT_X89_Y39_N7_I2      ; CLKBUFBLOCK_OUTPUT             ;
;   1.572 ;   0.000 ;    ; RE   ; 1      ; GCLK_CLUSTER_RE_X89_Y39_N6_I12        ; GCLK_CLUSTER_RE                ;
;   1.572 ;   0.000 ;    ; RE   ; 1      ; CLKBUF_CLUSTER_RE_X89_Y39_N3_I416     ; CLKBUF_CLUSTER_RE              ;
;   2.348 ;   0.776 ;    ; RE   ; 6      ; GLOBAL_CLOCK_X0_Y36_N0_I9             ; GLOBAL_CLOCK                   ;
;   2.486 ;   0.138 ;    ; RE   ; 16     ; SPINE_CLOCK_X55_Y19_N0_I22            ; SPINE_CLOCK                    ;
;   2.875 ;   0.389 ;    ; RE   ; 1      ; SCLK_TO_ROWCLK_BUF_X55_Y35_N0_I133    ; SCLK_TO_ROWCLK_BUF             ;
;   2.956 ;   0.081 ;    ; RE   ; 1      ; SCLK_TO_ROWCLK_BUF_X55_Y35_N0_I136    ; SCLK_TO_ROWCLK_BUF             ;
;   3.410 ;   0.454 ;    ; RE   ; 1      ; LAB_CLK_X45_Y35_N0_I5                 ; LAB_CLK                        ;
;   3.534 ;   0.124 ;    ; RE   ; 1      ; BLK_CLK_BUF_X46_Y35_N0_I5             ; BLK_CLK_BUF                    ;
;   3.587 ;   0.053 ;    ; RE   ; 1      ; ROWCLKSEL_PREBUF_X46_Y35_N0_I5        ; ROWCLKSEL_PREBUF               ;
;   3.642 ;   0.055 ;    ; RE   ; 1      ; ROWCLKSEL_X46_Y35_N0_I0               ; ROWCLKSEL                      ;
;   3.642 ;   0.000 ;    ; RE   ; 1      ; GLOBAL_LOCAL_SEL_X46_Y35_N0_I0        ; GLOBAL_LOCAL_SEL               ;
;   3.642 ;   0.000 ;    ; RE   ; 16     ; LAB_INPUT_X46_Y35_N0_I2               ; LAB_INPUT                      ;
;   3.642 ;   0.000 ; RR ; IC   ; 1      ; FF_X46_Y35_N20                        ; message_bytes_remaining[6]|clk ;
;   4.197 ;   0.555 ; RR ; CELL ; 1      ; FF_X46_Y35_N20                        ; message_bytes_remaining[6]     ;
; 4.836   ; 0.639   ;    ;      ;        ;                                       ; data path                      ;
;   4.197 ;   0.000 ;    ; uTco ; 1      ; FF_X46_Y35_N20                        ; message_bytes_remaining[6]     ;
;   4.197 ;   0.000 ; FF ; CELL ; 3      ; FF_X46_Y35_N20                        ; message_bytes_remaining[6]|q   ;
;   4.254 ;   0.057 ;    ; RE   ; 2      ; FF_X46_Y35_N20                        ; ARRIAV_FF                      ;
;   4.342 ;   0.088 ;    ; RE   ; 1      ; LOCAL_LINE_X46_Y35_N0_I6              ; LOCAL_LINE                     ;
;   4.489 ;   0.147 ;    ; RE   ; 1      ; BLOCK_INPUT_MUX_X46_Y35_N0_I28        ; LEIM_INPUT                     ;
;   4.489 ;   0.000 ; FF ; IC   ; 4      ; LABCELL_X46_Y35_N18                   ; Add1~17|datac                  ;
;   4.754 ;   0.265 ; FR ; CELL ; 1      ; LABCELL_X46_Y35_N18                   ; Add1~17|sumout                 ;
;   4.754 ;   0.000 ;    ; RE   ; 3      ; LABCELL_X46_Y35_N18                   ; ARRIAV_LCELL_COMB              ;
;   4.754 ;   0.000 ; RR ; IC   ; 1      ; FF_X46_Y35_N20                        ; message_bytes_remaining[6]|d   ;
;   4.836 ;   0.082 ; RR ; CELL ; 1      ; FF_X46_Y35_N20                        ; message_bytes_remaining[6]     ;
+---------+---------+----+------+--------+---------------------------------------+--------------------------------+

+------------------------------------------------------------------------------------------------------------------+
; Data Required Path                                                                                               ;
+---------+----------+----+------+--------+---------------------------------------+--------------------------------+
; Total   ; Incr     ; RF ; Type ; Fanout ; Location                              ; Element                        ;
+---------+----------+----+------+--------+---------------------------------------+--------------------------------+
; 0.000   ; 0.000    ;    ;      ;        ;                                       ; latch edge time                ;
; 4.320   ; 4.320    ;    ;      ;        ;                                       ; clock path                     ;
;   0.000 ;   0.000  ;    ;      ;        ;                                       ; source latency                 ;
;   0.000 ;   0.000  ;    ;      ; 1      ; PIN_M16                               ; clk                            ;
;   0.000 ;   0.000  ;    ; RE   ; 1      ; IOPAD_X89_Y35_N60                     ; ARRIAV_IO_PAD                  ;
;   0.000 ;   0.000  ;    ; RE   ; 1      ; IO_PAD_OUTPUT_X89_Y35_N60_I1          ; IO_PAD_OUTPUT                  ;
;   0.000 ;   0.000  ;    ; RE   ; 1      ; IO_INPUT_BUFFER_INPUT_X89_Y35_N61_I0  ; IO_INPUT_BUFFER_INPUT          ;
;   0.000 ;   0.000  ; RR ; IC   ; 1      ; IOIBUF_X89_Y35_N61                    ; clk~input|i                    ;
;   0.739 ;   0.739  ; RR ; CELL ; 1      ; IOIBUF_X89_Y35_N61                    ; clk~input|o                    ;
;   0.739 ;   0.000  ;    ; RE   ; 1      ; IOIBUF_X89_Y35_N61                    ; ARRIAV_IO_IBUF                 ;
;   0.739 ;   0.000  ;    ; RE   ; 1      ; IO_INPUT_BUFFER_OUTPUT_X89_Y35_N61_I2 ; IO_INPUT_BUFFER_OUTPUT         ;
;   0.739 ;   0.000  ;    ; RE   ; 1      ; IO_RE_X89_Y35_N60_I96                 ; IO_RE                          ;
;   0.833 ;   0.094  ;    ; RE   ; 1      ; IO_RE_X89_Y35_N60_I66                 ; IO_RE                          ;
;   1.125 ;   0.292  ;    ; RE   ; 1      ; CLKBUF_CLUSTER_RE_X89_Y39_N3_I421     ; CLKBUF_CLUSTER_RE              ;
;   1.125 ;   0.000  ;    ; RE   ; 1      ; CLKBUF_CLUSTER_RE_X89_Y39_N3_I772     ; CLKBUF_CLUSTER_RE              ;
;   1.125 ;   0.000  ;    ; RE   ; 1      ; CLKBUF_CLUSTER_RE_X89_Y39_N3_I557     ; CLKBUF_CLUSTER_RE              ;
;   1.125 ;   0.000  ;    ; RE   ; 1      ; GCLK_CLUSTER_RE_X89_Y39_N6_I10        ; GCLK_CLUSTER_RE                ;
;   1.125 ;   0.000  ;    ; RE   ; 1      ; CLKBUFBLOCK_INPUT_X89_Y39_N7_I0       ; CLKBUFBLOCK_INPUT              ;
;   1.125 ;   0.000  ; RR ; IC   ; 1      ; CLKCTRL_G9                            ; clk~inputCLKENA0|inclk         ;
;   1.632 ;   0.507  ; RR ; CELL ; 1673   ; CLKCTRL_G9                            ; clk~inputCLKENA0|outclk        ;
;   1.632 ;   0.000  ;    ; RE   ; 1      ; CLKCTRL_G9                            ; ARRIAV_CLKBUF                  ;
;   1.632 ;   0.000  ;    ; RE   ; 1      ; CLKBUFBLOCK_OUTPUT_X89_Y39_N7_I2      ; CLKBUFBLOCK_OUTPUT             ;
;   1.632 ;   0.000  ;    ; RE   ; 1      ; GCLK_CLUSTER_RE_X89_Y39_N6_I12        ; GCLK_CLUSTER_RE                ;
;   1.632 ;   0.000  ;    ; RE   ; 1      ; CLKBUF_CLUSTER_RE_X89_Y39_N3_I416     ; CLKBUF_CLUSTER_RE              ;
;   2.453 ;   0.821  ;    ; RE   ; 6      ; GLOBAL_CLOCK_X0_Y36_N0_I9             ; GLOBAL_CLOCK                   ;
;   2.596 ;   0.143  ;    ; RE   ; 16     ; SPINE_CLOCK_X55_Y19_N0_I22            ; SPINE_CLOCK                    ;
;   2.999 ;   0.403  ;    ; RE   ; 1      ; SCLK_TO_ROWCLK_BUF_X55_Y35_N0_I133    ; SCLK_TO_ROWCLK_BUF             ;
;   3.083 ;   0.084  ;    ; RE   ; 1      ; SCLK_TO_ROWCLK_BUF_X55_Y35_N0_I136    ; SCLK_TO_ROWCLK_BUF             ;
;   3.553 ;   0.470  ;    ; RE   ; 1      ; LAB_CLK_X45_Y35_N0_I5                 ; LAB_CLK                        ;
;   3.688 ;   0.135  ;    ; RE   ; 1      ; BLK_CLK_BUF_X46_Y35_N0_I5             ; BLK_CLK_BUF                    ;
;   3.743 ;   0.055  ;    ; RE   ; 1      ; ROWCLKSEL_PREBUF_X46_Y35_N0_I5        ; ROWCLKSEL_PREBUF               ;
;   3.803 ;   0.060  ;    ; RE   ; 1      ; ROWCLKSEL_X46_Y35_N0_I0               ; ROWCLKSEL                      ;
;   3.803 ;   0.000  ;    ; RE   ; 1      ; GLOBAL_LOCAL_SEL_X46_Y35_N0_I0        ; GLOBAL_LOCAL_SEL               ;
;   3.803 ;   0.000  ;    ; RE   ; 16     ; LAB_INPUT_X46_Y35_N0_I2               ; LAB_INPUT                      ;
;   3.802 ;   -0.001 ; RR ; IC   ; 1      ; FF_X46_Y35_N20                        ; message_bytes_remaining[6]|clk ;
;   4.447 ;   0.645  ; RR ; CELL ; 1      ; FF_X46_Y35_N20                        ; message_bytes_remaining[6]     ;
;   4.320 ;   -0.127 ;    ;      ;        ;                                       ; clock pessimism removed        ;
; 4.320   ; 0.000    ;    ;      ;        ;                                       ; clock uncertainty              ;
; 4.320   ; 0.000    ;    ; uTh  ; 1      ; FF_X46_Y35_N20                        ; message_bytes_remaining[6]     ;
+---------+----------+----+------+--------+---------------------------------------+--------------------------------+

----------------------------
; Extra Fitter Information ;
----------------------------
HTML report is unavailable in plain text report export.


Path #13: Hold slack is 0.518 
===============================================================================
+---------------------------------------------+
; Path Summary                                ;
+--------------------+------------------------+
; Property           ; Value                  ;
+--------------------+------------------------+
; From Node          ; xof_bytes_remaining[9] ;
; To Node            ; xof_bytes_remaining[9] ;
; Launch Clock       ; clk                    ;
; Latch Clock        ; clk                    ;
; Data Arrival Time  ; 4.839                  ;
; Data Required Time ; 4.321                  ;
; Slack              ; 0.518                  ;
+--------------------+------------------------+

+-----------------------------------------------------------------------------------+
; Statistics                                                                        ;
+------------------------+-------+-------+-------------+------------+-------+-------+
; Property               ; Value ; Count ; Total Delay ; % of Total ; Min   ; Max   ;
+------------------------+-------+-------+-------------+------------+-------+-------+
; Hold Relationship      ; 0.000 ;       ;             ;            ;       ;       ;
; Clock Skew             ; 0.123 ;       ;             ;            ;       ;       ;
; Data Delay             ; 0.641 ;       ;             ;            ;       ;       ;
; Number of Logic Levels ;       ; 1     ;             ;            ;       ;       ;
; Physical Delays        ;       ;       ;             ;            ;       ;       ;
;  Arrival Path          ;       ;       ;             ;            ;       ;       ;
;   Clock                ;       ;       ;             ;            ;       ;       ;
;    IC                  ;       ; 3     ; 0.000       ; 0          ; 0.000 ; 0.000 ;
;    Cell                ;       ; 3     ; 1.759       ; 42         ; 0.470 ; 0.739 ;
;    Routing Element     ;       ; 26    ; 2.439       ; 58         ; 0.000 ; 0.763 ;
;   Data                 ;       ;       ;             ;            ;       ;       ;
;    IC                  ;       ; 2     ; 0.000       ; 0          ; 0.000 ; 0.000 ;
;    Cell                ;       ; 3     ; 0.348       ; 54         ; 0.000 ; 0.266 ;
;    uTco                ;       ; 1     ; 0.000       ; 0          ; 0.000 ; 0.000 ;
;    Routing Element     ;       ; 4     ; 0.293       ; 46         ; 0.000 ; 0.149 ;
;  Required Path         ;       ;       ;             ;            ;       ;       ;
;   Clock                ;       ;       ;             ;            ;       ;       ;
;    IC                  ;       ; 3     ; 0.001       ; 0          ; 0.000 ; 0.001 ;
;    Cell                ;       ; 3     ; 1.885       ; 42         ; 0.507 ; 0.739 ;
;    Routing Element     ;       ; 26    ; 2.560       ; 58         ; 0.000 ; 0.806 ;
+------------------------+-------+-------+-------------+------------+-------+-------+
Note: Negative delays are omitted from totals when calculating percentages

+-------------------------------------------------------------------------------------------------------------+
; Data Arrival Path                                                                                           ;
+---------+---------+----+------+--------+---------------------------------------+----------------------------+
; Total   ; Incr    ; RF ; Type ; Fanout ; Location                              ; Element                    ;
+---------+---------+----+------+--------+---------------------------------------+----------------------------+
; 0.000   ; 0.000   ;    ;      ;        ;                                       ; launch edge time           ;
; 4.198   ; 4.198   ;    ;      ;        ;                                       ; clock path                 ;
;   0.000 ;   0.000 ;    ;      ;        ;                                       ; source latency             ;
;   0.000 ;   0.000 ;    ;      ; 1      ; PIN_M16                               ; clk                        ;
;   0.000 ;   0.000 ;    ; RE   ; 1      ; IOPAD_X89_Y35_N60                     ; ARRIAV_IO_PAD              ;
;   0.000 ;   0.000 ;    ; RE   ; 1      ; IO_PAD_OUTPUT_X89_Y35_N60_I1          ; IO_PAD_OUTPUT              ;
;   0.000 ;   0.000 ;    ; RE   ; 1      ; IO_INPUT_BUFFER_INPUT_X89_Y35_N61_I0  ; IO_INPUT_BUFFER_INPUT      ;
;   0.000 ;   0.000 ; RR ; IC   ; 1      ; IOIBUF_X89_Y35_N61                    ; clk~input|i                ;
;   0.739 ;   0.739 ; RR ; CELL ; 1      ; IOIBUF_X89_Y35_N61                    ; clk~input|o                ;
;   0.739 ;   0.000 ;    ; RE   ; 1      ; IOIBUF_X89_Y35_N61                    ; ARRIAV_IO_IBUF             ;
;   0.739 ;   0.000 ;    ; RE   ; 1      ; IO_INPUT_BUFFER_OUTPUT_X89_Y35_N61_I2 ; IO_INPUT_BUFFER_OUTPUT     ;
;   0.739 ;   0.000 ;    ; RE   ; 1      ; IO_RE_X89_Y35_N60_I96                 ; IO_RE                      ;
;   0.827 ;   0.088 ;    ; RE   ; 1      ; IO_RE_X89_Y35_N60_I66                 ; IO_RE                      ;
;   1.102 ;   0.275 ;    ; RE   ; 1      ; CLKBUF_CLUSTER_RE_X89_Y39_N3_I421     ; CLKBUF_CLUSTER_RE          ;
;   1.102 ;   0.000 ;    ; RE   ; 1      ; CLKBUF_CLUSTER_RE_X89_Y39_N3_I772     ; CLKBUF_CLUSTER_RE          ;
;   1.102 ;   0.000 ;    ; RE   ; 1      ; CLKBUF_CLUSTER_RE_X89_Y39_N3_I557     ; CLKBUF_CLUSTER_RE          ;
;   1.102 ;   0.000 ;    ; RE   ; 1      ; GCLK_CLUSTER_RE_X89_Y39_N6_I10        ; GCLK_CLUSTER_RE            ;
;   1.102 ;   0.000 ;    ; RE   ; 1      ; CLKBUFBLOCK_INPUT_X89_Y39_N7_I0       ; CLKBUFBLOCK_INPUT          ;
;   1.102 ;   0.000 ; RR ; IC   ; 1      ; CLKCTRL_G9                            ; clk~inputCLKENA0|inclk     ;
;   1.572 ;   0.470 ; RR ; CELL ; 1673   ; CLKCTRL_G9                            ; clk~inputCLKENA0|outclk    ;
;   1.572 ;   0.000 ;    ; RE   ; 1      ; CLKCTRL_G9                            ; ARRIAV_CLKBUF              ;
;   1.572 ;   0.000 ;    ; RE   ; 1      ; CLKBUFBLOCK_OUTPUT_X89_Y39_N7_I2      ; CLKBUFBLOCK_OUTPUT         ;
;   1.572 ;   0.000 ;    ; RE   ; 1      ; GCLK_CLUSTER_RE_X89_Y39_N6_I12        ; GCLK_CLUSTER_RE            ;
;   1.572 ;   0.000 ;    ; RE   ; 1      ; CLKBUF_CLUSTER_RE_X89_Y39_N3_I416     ; CLKBUF_CLUSTER_RE          ;
;   2.335 ;   0.763 ;    ; RE   ; 6      ; GLOBAL_CLOCK_X0_Y36_N0_I9             ; GLOBAL_CLOCK               ;
;   2.473 ;   0.138 ;    ; RE   ; 18     ; SPINE_CLOCK_X33_Y19_N0_I22            ; SPINE_CLOCK                ;
;   2.862 ;   0.389 ;    ; RE   ; 1      ; SCLK_TO_ROWCLK_BUF_X33_Y36_N0_I133    ; SCLK_TO_ROWCLK_BUF         ;
;   2.943 ;   0.081 ;    ; RE   ; 1      ; SCLK_TO_ROWCLK_BUF_X33_Y36_N0_I136    ; SCLK_TO_ROWCLK_BUF         ;
;   3.407 ;   0.464 ;    ; RE   ; 3      ; LAB_CLK_X34_Y36_N0_I5                 ; LAB_CLK                    ;
;   3.540 ;   0.133 ;    ; RE   ; 1      ; BLK_CLK_BUF_X40_Y36_N0_I5             ; BLK_CLK_BUF                ;
;   3.594 ;   0.054 ;    ; RE   ; 1      ; ROWCLKSEL_PREBUF_X40_Y36_N0_I5        ; ROWCLKSEL_PREBUF           ;
;   3.648 ;   0.054 ;    ; RE   ; 1      ; ROWCLKSEL_X40_Y36_N0_I1               ; ROWCLKSEL                  ;
;   3.648 ;   0.000 ;    ; RE   ; 1      ; GLOBAL_LOCAL_SEL_X40_Y36_N0_I1        ; GLOBAL_LOCAL_SEL           ;
;   3.648 ;   0.000 ;    ; RE   ; 13     ; LAB_INPUT_X40_Y36_N0_I2               ; LAB_INPUT                  ;
;   3.648 ;   0.000 ; RR ; IC   ; 1      ; FF_X40_Y36_N20                        ; xof_bytes_remaining[9]|clk ;
;   4.198 ;   0.550 ; RR ; CELL ; 1      ; FF_X40_Y36_N20                        ; xof_bytes_remaining[9]     ;
; 4.839   ; 0.641   ;    ;      ;        ;                                       ; data path                  ;
;   4.198 ;   0.000 ;    ; uTco ; 1      ; FF_X40_Y36_N20                        ; xof_bytes_remaining[9]     ;
;   4.198 ;   0.000 ; FF ; CELL ; 2      ; FF_X40_Y36_N20                        ; xof_bytes_remaining[9]|q   ;
;   4.252 ;   0.054 ;    ; RE   ; 1      ; FF_X40_Y36_N20                        ; ARRIAV_FF                  ;
;   4.342 ;   0.090 ;    ; RE   ; 2      ; LOCAL_LINE_X40_Y36_N0_I6              ; LOCAL_LINE                 ;
;   4.491 ;   0.149 ;    ; RE   ; 1      ; BLOCK_INPUT_MUX_X40_Y36_N0_I28        ; LEIM_INPUT                 ;
;   4.491 ;   0.000 ; FF ; IC   ; 3      ; LABCELL_X40_Y36_N18                   ; Add5~33|datac              ;
;   4.757 ;   0.266 ; FR ; CELL ; 1      ; LABCELL_X40_Y36_N18                   ; Add5~33|sumout             ;
;   4.757 ;   0.000 ;    ; RE   ; 2      ; LABCELL_X40_Y36_N18                   ; ARRIAV_LCELL_COMB          ;
;   4.757 ;   0.000 ; RR ; IC   ; 1      ; FF_X40_Y36_N20                        ; xof_bytes_remaining[9]|d   ;
;   4.839 ;   0.082 ; RR ; CELL ; 1      ; FF_X40_Y36_N20                        ; xof_bytes_remaining[9]     ;
+---------+---------+----+------+--------+---------------------------------------+----------------------------+

+--------------------------------------------------------------------------------------------------------------+
; Data Required Path                                                                                           ;
+---------+----------+----+------+--------+---------------------------------------+----------------------------+
; Total   ; Incr     ; RF ; Type ; Fanout ; Location                              ; Element                    ;
+---------+----------+----+------+--------+---------------------------------------+----------------------------+
; 0.000   ; 0.000    ;    ;      ;        ;                                       ; latch edge time            ;
; 4.321   ; 4.321    ;    ;      ;        ;                                       ; clock path                 ;
;   0.000 ;   0.000  ;    ;      ;        ;                                       ; source latency             ;
;   0.000 ;   0.000  ;    ;      ; 1      ; PIN_M16                               ; clk                        ;
;   0.000 ;   0.000  ;    ; RE   ; 1      ; IOPAD_X89_Y35_N60                     ; ARRIAV_IO_PAD              ;
;   0.000 ;   0.000  ;    ; RE   ; 1      ; IO_PAD_OUTPUT_X89_Y35_N60_I1          ; IO_PAD_OUTPUT              ;
;   0.000 ;   0.000  ;    ; RE   ; 1      ; IO_INPUT_BUFFER_INPUT_X89_Y35_N61_I0  ; IO_INPUT_BUFFER_INPUT      ;
;   0.000 ;   0.000  ; RR ; IC   ; 1      ; IOIBUF_X89_Y35_N61                    ; clk~input|i                ;
;   0.739 ;   0.739  ; RR ; CELL ; 1      ; IOIBUF_X89_Y35_N61                    ; clk~input|o                ;
;   0.739 ;   0.000  ;    ; RE   ; 1      ; IOIBUF_X89_Y35_N61                    ; ARRIAV_IO_IBUF             ;
;   0.739 ;   0.000  ;    ; RE   ; 1      ; IO_INPUT_BUFFER_OUTPUT_X89_Y35_N61_I2 ; IO_INPUT_BUFFER_OUTPUT     ;
;   0.739 ;   0.000  ;    ; RE   ; 1      ; IO_RE_X89_Y35_N60_I96                 ; IO_RE                      ;
;   0.833 ;   0.094  ;    ; RE   ; 1      ; IO_RE_X89_Y35_N60_I66                 ; IO_RE                      ;
;   1.125 ;   0.292  ;    ; RE   ; 1      ; CLKBUF_CLUSTER_RE_X89_Y39_N3_I421     ; CLKBUF_CLUSTER_RE          ;
;   1.125 ;   0.000  ;    ; RE   ; 1      ; CLKBUF_CLUSTER_RE_X89_Y39_N3_I772     ; CLKBUF_CLUSTER_RE          ;
;   1.125 ;   0.000  ;    ; RE   ; 1      ; CLKBUF_CLUSTER_RE_X89_Y39_N3_I557     ; CLKBUF_CLUSTER_RE          ;
;   1.125 ;   0.000  ;    ; RE   ; 1      ; GCLK_CLUSTER_RE_X89_Y39_N6_I10        ; GCLK_CLUSTER_RE            ;
;   1.125 ;   0.000  ;    ; RE   ; 1      ; CLKBUFBLOCK_INPUT_X89_Y39_N7_I0       ; CLKBUFBLOCK_INPUT          ;
;   1.125 ;   0.000  ; RR ; IC   ; 1      ; CLKCTRL_G9                            ; clk~inputCLKENA0|inclk     ;
;   1.632 ;   0.507  ; RR ; CELL ; 1673   ; CLKCTRL_G9                            ; clk~inputCLKENA0|outclk    ;
;   1.632 ;   0.000  ;    ; RE   ; 1      ; CLKCTRL_G9                            ; ARRIAV_CLKBUF              ;
;   1.632 ;   0.000  ;    ; RE   ; 1      ; CLKBUFBLOCK_OUTPUT_X89_Y39_N7_I2      ; CLKBUFBLOCK_OUTPUT         ;
;   1.632 ;   0.000  ;    ; RE   ; 1      ; GCLK_CLUSTER_RE_X89_Y39_N6_I12        ; GCLK_CLUSTER_RE            ;
;   1.632 ;   0.000  ;    ; RE   ; 1      ; CLKBUF_CLUSTER_RE_X89_Y39_N3_I416     ; CLKBUF_CLUSTER_RE          ;
;   2.438 ;   0.806  ;    ; RE   ; 6      ; GLOBAL_CLOCK_X0_Y36_N0_I9             ; GLOBAL_CLOCK               ;
;   2.581 ;   0.143  ;    ; RE   ; 18     ; SPINE_CLOCK_X33_Y19_N0_I22            ; SPINE_CLOCK                ;
;   2.984 ;   0.403  ;    ; RE   ; 1      ; SCLK_TO_ROWCLK_BUF_X33_Y36_N0_I133    ; SCLK_TO_ROWCLK_BUF         ;
;   3.068 ;   0.084  ;    ; RE   ; 1      ; SCLK_TO_ROWCLK_BUF_X33_Y36_N0_I136    ; SCLK_TO_ROWCLK_BUF         ;
;   3.548 ;   0.480  ;    ; RE   ; 3      ; LAB_CLK_X34_Y36_N0_I5                 ; LAB_CLK                    ;
;   3.692 ;   0.144  ;    ; RE   ; 1      ; BLK_CLK_BUF_X40_Y36_N0_I5             ; BLK_CLK_BUF                ;
;   3.748 ;   0.056  ;    ; RE   ; 1      ; ROWCLKSEL_PREBUF_X40_Y36_N0_I5        ; ROWCLKSEL_PREBUF           ;
;   3.806 ;   0.058  ;    ; RE   ; 1      ; ROWCLKSEL_X40_Y36_N0_I1               ; ROWCLKSEL                  ;
;   3.806 ;   0.000  ;    ; RE   ; 1      ; GLOBAL_LOCAL_SEL_X40_Y36_N0_I1        ; GLOBAL_LOCAL_SEL           ;
;   3.806 ;   0.000  ;    ; RE   ; 13     ; LAB_INPUT_X40_Y36_N0_I2               ; LAB_INPUT                  ;
;   3.807 ;   0.001  ; RR ; IC   ; 1      ; FF_X40_Y36_N20                        ; xof_bytes_remaining[9]|clk ;
;   4.446 ;   0.639  ; RR ; CELL ; 1      ; FF_X40_Y36_N20                        ; xof_bytes_remaining[9]     ;
;   4.321 ;   -0.125 ;    ;      ;        ;                                       ; clock pessimism removed    ;
; 4.321   ; 0.000    ;    ;      ;        ;                                       ; clock uncertainty          ;
; 4.321   ; 0.000    ;    ; uTh  ; 1      ; FF_X40_Y36_N20                        ; xof_bytes_remaining[9]     ;
+---------+----------+----+------+--------+---------------------------------------+----------------------------+

----------------------------
; Extra Fitter Information ;
----------------------------
HTML report is unavailable in plain text report export.


Path #14: Hold slack is 0.518 
===============================================================================
+---------------------------------------------+
; Path Summary                                ;
+--------------------+------------------------+
; Property           ; Value                  ;
+--------------------+------------------------+
; From Node          ; xof_bytes_remaining[6] ;
; To Node            ; xof_bytes_remaining[6] ;
; Launch Clock       ; clk                    ;
; Latch Clock        ; clk                    ;
; Data Arrival Time  ; 4.845                  ;
; Data Required Time ; 4.327                  ;
; Slack              ; 0.518                  ;
+--------------------+------------------------+

+-----------------------------------------------------------------------------------+
; Statistics                                                                        ;
+------------------------+-------+-------+-------------+------------+-------+-------+
; Property               ; Value ; Count ; Total Delay ; % of Total ; Min   ; Max   ;
+------------------------+-------+-------+-------------+------------+-------+-------+
; Hold Relationship      ; 0.000 ;       ;             ;            ;       ;       ;
; Clock Skew             ; 0.123 ;       ;             ;            ;       ;       ;
; Data Delay             ; 0.641 ;       ;             ;            ;       ;       ;
; Number of Logic Levels ;       ; 1     ;             ;            ;       ;       ;
; Physical Delays        ;       ;       ;             ;            ;       ;       ;
;  Arrival Path          ;       ;       ;             ;            ;       ;       ;
;   Clock                ;       ;       ;             ;            ;       ;       ;
;    IC                  ;       ; 3     ; 0.000       ; 0          ; 0.000 ; 0.000 ;
;    Cell                ;       ; 3     ; 1.765       ; 42         ; 0.470 ; 0.739 ;
;    Routing Element     ;       ; 26    ; 2.439       ; 58         ; 0.000 ; 0.763 ;
;   Data                 ;       ;       ;             ;            ;       ;       ;
;    IC                  ;       ; 2     ; 0.000       ; 0          ; 0.000 ; 0.000 ;
;    Cell                ;       ; 3     ; 0.353       ; 55         ; 0.000 ; 0.271 ;
;    uTco                ;       ; 1     ; 0.000       ; 0          ; 0.000 ; 0.000 ;
;    Routing Element     ;       ; 4     ; 0.288       ; 45         ; 0.000 ; 0.145 ;
;  Required Path         ;       ;       ;             ;            ;       ;       ;
;   Clock                ;       ;       ;             ;            ;       ;       ;
;    IC                  ;       ; 3     ; 0.001       ; 0          ; 0.000 ; 0.001 ;
;    Cell                ;       ; 3     ; 1.891       ; 42         ; 0.507 ; 0.739 ;
;    Routing Element     ;       ; 26    ; 2.560       ; 58         ; 0.000 ; 0.806 ;
+------------------------+-------+-------+-------------+------------+-------+-------+
Note: Negative delays are omitted from totals when calculating percentages

+-------------------------------------------------------------------------------------------------------------+
; Data Arrival Path                                                                                           ;
+---------+---------+----+------+--------+---------------------------------------+----------------------------+
; Total   ; Incr    ; RF ; Type ; Fanout ; Location                              ; Element                    ;
+---------+---------+----+------+--------+---------------------------------------+----------------------------+
; 0.000   ; 0.000   ;    ;      ;        ;                                       ; launch edge time           ;
; 4.204   ; 4.204   ;    ;      ;        ;                                       ; clock path                 ;
;   0.000 ;   0.000 ;    ;      ;        ;                                       ; source latency             ;
;   0.000 ;   0.000 ;    ;      ; 1      ; PIN_M16                               ; clk                        ;
;   0.000 ;   0.000 ;    ; RE   ; 1      ; IOPAD_X89_Y35_N60                     ; ARRIAV_IO_PAD              ;
;   0.000 ;   0.000 ;    ; RE   ; 1      ; IO_PAD_OUTPUT_X89_Y35_N60_I1          ; IO_PAD_OUTPUT              ;
;   0.000 ;   0.000 ;    ; RE   ; 1      ; IO_INPUT_BUFFER_INPUT_X89_Y35_N61_I0  ; IO_INPUT_BUFFER_INPUT      ;
;   0.000 ;   0.000 ; RR ; IC   ; 1      ; IOIBUF_X89_Y35_N61                    ; clk~input|i                ;
;   0.739 ;   0.739 ; RR ; CELL ; 1      ; IOIBUF_X89_Y35_N61                    ; clk~input|o                ;
;   0.739 ;   0.000 ;    ; RE   ; 1      ; IOIBUF_X89_Y35_N61                    ; ARRIAV_IO_IBUF             ;
;   0.739 ;   0.000 ;    ; RE   ; 1      ; IO_INPUT_BUFFER_OUTPUT_X89_Y35_N61_I2 ; IO_INPUT_BUFFER_OUTPUT     ;
;   0.739 ;   0.000 ;    ; RE   ; 1      ; IO_RE_X89_Y35_N60_I96                 ; IO_RE                      ;
;   0.827 ;   0.088 ;    ; RE   ; 1      ; IO_RE_X89_Y35_N60_I66                 ; IO_RE                      ;
;   1.102 ;   0.275 ;    ; RE   ; 1      ; CLKBUF_CLUSTER_RE_X89_Y39_N3_I421     ; CLKBUF_CLUSTER_RE          ;
;   1.102 ;   0.000 ;    ; RE   ; 1      ; CLKBUF_CLUSTER_RE_X89_Y39_N3_I772     ; CLKBUF_CLUSTER_RE          ;
;   1.102 ;   0.000 ;    ; RE   ; 1      ; CLKBUF_CLUSTER_RE_X89_Y39_N3_I557     ; CLKBUF_CLUSTER_RE          ;
;   1.102 ;   0.000 ;    ; RE   ; 1      ; GCLK_CLUSTER_RE_X89_Y39_N6_I10        ; GCLK_CLUSTER_RE            ;
;   1.102 ;   0.000 ;    ; RE   ; 1      ; CLKBUFBLOCK_INPUT_X89_Y39_N7_I0       ; CLKBUFBLOCK_INPUT          ;
;   1.102 ;   0.000 ; RR ; IC   ; 1      ; CLKCTRL_G9                            ; clk~inputCLKENA0|inclk     ;
;   1.572 ;   0.470 ; RR ; CELL ; 1673   ; CLKCTRL_G9                            ; clk~inputCLKENA0|outclk    ;
;   1.572 ;   0.000 ;    ; RE   ; 1      ; CLKCTRL_G9                            ; ARRIAV_CLKBUF              ;
;   1.572 ;   0.000 ;    ; RE   ; 1      ; CLKBUFBLOCK_OUTPUT_X89_Y39_N7_I2      ; CLKBUFBLOCK_OUTPUT         ;
;   1.572 ;   0.000 ;    ; RE   ; 1      ; GCLK_CLUSTER_RE_X89_Y39_N6_I12        ; GCLK_CLUSTER_RE            ;
;   1.572 ;   0.000 ;    ; RE   ; 1      ; CLKBUF_CLUSTER_RE_X89_Y39_N3_I416     ; CLKBUF_CLUSTER_RE          ;
;   2.335 ;   0.763 ;    ; RE   ; 6      ; GLOBAL_CLOCK_X0_Y36_N0_I9             ; GLOBAL_CLOCK               ;
;   2.473 ;   0.138 ;    ; RE   ; 18     ; SPINE_CLOCK_X33_Y19_N0_I22            ; SPINE_CLOCK                ;
;   2.862 ;   0.389 ;    ; RE   ; 1      ; SCLK_TO_ROWCLK_BUF_X33_Y36_N0_I133    ; SCLK_TO_ROWCLK_BUF         ;
;   2.943 ;   0.081 ;    ; RE   ; 1      ; SCLK_TO_ROWCLK_BUF_X33_Y36_N0_I136    ; SCLK_TO_ROWCLK_BUF         ;
;   3.407 ;   0.464 ;    ; RE   ; 3      ; LAB_CLK_X34_Y36_N0_I5                 ; LAB_CLK                    ;
;   3.540 ;   0.133 ;    ; RE   ; 1      ; BLK_CLK_BUF_X40_Y36_N0_I5             ; BLK_CLK_BUF                ;
;   3.594 ;   0.054 ;    ; RE   ; 1      ; ROWCLKSEL_PREBUF_X40_Y36_N0_I5        ; ROWCLKSEL_PREBUF           ;
;   3.648 ;   0.054 ;    ; RE   ; 1      ; ROWCLKSEL_X40_Y36_N0_I1               ; ROWCLKSEL                  ;
;   3.648 ;   0.000 ;    ; RE   ; 1      ; GLOBAL_LOCAL_SEL_X40_Y36_N0_I1        ; GLOBAL_LOCAL_SEL           ;
;   3.648 ;   0.000 ;    ; RE   ; 13     ; LAB_INPUT_X40_Y36_N0_I2               ; LAB_INPUT                  ;
;   3.648 ;   0.000 ; RR ; IC   ; 1      ; FF_X40_Y36_N11                        ; xof_bytes_remaining[6]|clk ;
;   4.204 ;   0.556 ; RR ; CELL ; 1      ; FF_X40_Y36_N11                        ; xof_bytes_remaining[6]     ;
; 4.845   ; 0.641   ;    ;      ;        ;                                       ; data path                  ;
;   4.204 ;   0.000 ;    ; uTco ; 1      ; FF_X40_Y36_N11                        ; xof_bytes_remaining[6]     ;
;   4.204 ;   0.000 ; FF ; CELL ; 2      ; FF_X40_Y36_N11                        ; xof_bytes_remaining[6]|q   ;
;   4.261 ;   0.057 ;    ; RE   ; 1      ; FF_X40_Y36_N11                        ; ARRIAV_FF                  ;
;   4.347 ;   0.086 ;    ; RE   ; 2      ; LOCAL_LINE_X40_Y36_N0_I3              ; LOCAL_LINE                 ;
;   4.492 ;   0.145 ;    ; RE   ; 1      ; BLOCK_INPUT_MUX_X40_Y36_N0_I13        ; LEIM_INPUT                 ;
;   4.492 ;   0.000 ; FF ; IC   ; 3      ; LABCELL_X40_Y36_N9                    ; Add5~9|datac               ;
;   4.763 ;   0.271 ; FR ; CELL ; 1      ; LABCELL_X40_Y36_N9                    ; Add5~9|sumout              ;
;   4.763 ;   0.000 ;    ; RE   ; 2      ; LABCELL_X40_Y36_N9                    ; ARRIAV_LCELL_COMB          ;
;   4.763 ;   0.000 ; RR ; IC   ; 1      ; FF_X40_Y36_N11                        ; xof_bytes_remaining[6]|d   ;
;   4.845 ;   0.082 ; RR ; CELL ; 1      ; FF_X40_Y36_N11                        ; xof_bytes_remaining[6]     ;
+---------+---------+----+------+--------+---------------------------------------+----------------------------+

+--------------------------------------------------------------------------------------------------------------+
; Data Required Path                                                                                           ;
+---------+----------+----+------+--------+---------------------------------------+----------------------------+
; Total   ; Incr     ; RF ; Type ; Fanout ; Location                              ; Element                    ;
+---------+----------+----+------+--------+---------------------------------------+----------------------------+
; 0.000   ; 0.000    ;    ;      ;        ;                                       ; latch edge time            ;
; 4.327   ; 4.327    ;    ;      ;        ;                                       ; clock path                 ;
;   0.000 ;   0.000  ;    ;      ;        ;                                       ; source latency             ;
;   0.000 ;   0.000  ;    ;      ; 1      ; PIN_M16                               ; clk                        ;
;   0.000 ;   0.000  ;    ; RE   ; 1      ; IOPAD_X89_Y35_N60                     ; ARRIAV_IO_PAD              ;
;   0.000 ;   0.000  ;    ; RE   ; 1      ; IO_PAD_OUTPUT_X89_Y35_N60_I1          ; IO_PAD_OUTPUT              ;
;   0.000 ;   0.000  ;    ; RE   ; 1      ; IO_INPUT_BUFFER_INPUT_X89_Y35_N61_I0  ; IO_INPUT_BUFFER_INPUT      ;
;   0.000 ;   0.000  ; RR ; IC   ; 1      ; IOIBUF_X89_Y35_N61                    ; clk~input|i                ;
;   0.739 ;   0.739  ; RR ; CELL ; 1      ; IOIBUF_X89_Y35_N61                    ; clk~input|o                ;
;   0.739 ;   0.000  ;    ; RE   ; 1      ; IOIBUF_X89_Y35_N61                    ; ARRIAV_IO_IBUF             ;
;   0.739 ;   0.000  ;    ; RE   ; 1      ; IO_INPUT_BUFFER_OUTPUT_X89_Y35_N61_I2 ; IO_INPUT_BUFFER_OUTPUT     ;
;   0.739 ;   0.000  ;    ; RE   ; 1      ; IO_RE_X89_Y35_N60_I96                 ; IO_RE                      ;
;   0.833 ;   0.094  ;    ; RE   ; 1      ; IO_RE_X89_Y35_N60_I66                 ; IO_RE                      ;
;   1.125 ;   0.292  ;    ; RE   ; 1      ; CLKBUF_CLUSTER_RE_X89_Y39_N3_I421     ; CLKBUF_CLUSTER_RE          ;
;   1.125 ;   0.000  ;    ; RE   ; 1      ; CLKBUF_CLUSTER_RE_X89_Y39_N3_I772     ; CLKBUF_CLUSTER_RE          ;
;   1.125 ;   0.000  ;    ; RE   ; 1      ; CLKBUF_CLUSTER_RE_X89_Y39_N3_I557     ; CLKBUF_CLUSTER_RE          ;
;   1.125 ;   0.000  ;    ; RE   ; 1      ; GCLK_CLUSTER_RE_X89_Y39_N6_I10        ; GCLK_CLUSTER_RE            ;
;   1.125 ;   0.000  ;    ; RE   ; 1      ; CLKBUFBLOCK_INPUT_X89_Y39_N7_I0       ; CLKBUFBLOCK_INPUT          ;
;   1.125 ;   0.000  ; RR ; IC   ; 1      ; CLKCTRL_G9                            ; clk~inputCLKENA0|inclk     ;
;   1.632 ;   0.507  ; RR ; CELL ; 1673   ; CLKCTRL_G9                            ; clk~inputCLKENA0|outclk    ;
;   1.632 ;   0.000  ;    ; RE   ; 1      ; CLKCTRL_G9                            ; ARRIAV_CLKBUF              ;
;   1.632 ;   0.000  ;    ; RE   ; 1      ; CLKBUFBLOCK_OUTPUT_X89_Y39_N7_I2      ; CLKBUFBLOCK_OUTPUT         ;
;   1.632 ;   0.000  ;    ; RE   ; 1      ; GCLK_CLUSTER_RE_X89_Y39_N6_I12        ; GCLK_CLUSTER_RE            ;
;   1.632 ;   0.000  ;    ; RE   ; 1      ; CLKBUF_CLUSTER_RE_X89_Y39_N3_I416     ; CLKBUF_CLUSTER_RE          ;
;   2.438 ;   0.806  ;    ; RE   ; 6      ; GLOBAL_CLOCK_X0_Y36_N0_I9             ; GLOBAL_CLOCK               ;
;   2.581 ;   0.143  ;    ; RE   ; 18     ; SPINE_CLOCK_X33_Y19_N0_I22            ; SPINE_CLOCK                ;
;   2.984 ;   0.403  ;    ; RE   ; 1      ; SCLK_TO_ROWCLK_BUF_X33_Y36_N0_I133    ; SCLK_TO_ROWCLK_BUF         ;
;   3.068 ;   0.084  ;    ; RE   ; 1      ; SCLK_TO_ROWCLK_BUF_X33_Y36_N0_I136    ; SCLK_TO_ROWCLK_BUF         ;
;   3.548 ;   0.480  ;    ; RE   ; 3      ; LAB_CLK_X34_Y36_N0_I5                 ; LAB_CLK                    ;
;   3.692 ;   0.144  ;    ; RE   ; 1      ; BLK_CLK_BUF_X40_Y36_N0_I5             ; BLK_CLK_BUF                ;
;   3.748 ;   0.056  ;    ; RE   ; 1      ; ROWCLKSEL_PREBUF_X40_Y36_N0_I5        ; ROWCLKSEL_PREBUF           ;
;   3.806 ;   0.058  ;    ; RE   ; 1      ; ROWCLKSEL_X40_Y36_N0_I1               ; ROWCLKSEL                  ;
;   3.806 ;   0.000  ;    ; RE   ; 1      ; GLOBAL_LOCAL_SEL_X40_Y36_N0_I1        ; GLOBAL_LOCAL_SEL           ;
;   3.806 ;   0.000  ;    ; RE   ; 13     ; LAB_INPUT_X40_Y36_N0_I2               ; LAB_INPUT                  ;
;   3.807 ;   0.001  ; RR ; IC   ; 1      ; FF_X40_Y36_N11                        ; xof_bytes_remaining[6]|clk ;
;   4.452 ;   0.645  ; RR ; CELL ; 1      ; FF_X40_Y36_N11                        ; xof_bytes_remaining[6]     ;
;   4.327 ;   -0.125 ;    ;      ;        ;                                       ; clock pessimism removed    ;
; 4.327   ; 0.000    ;    ;      ;        ;                                       ; clock uncertainty          ;
; 4.327   ; 0.000    ;    ; uTh  ; 1      ; FF_X40_Y36_N11                        ; xof_bytes_remaining[6]     ;
+---------+----------+----+------+--------+---------------------------------------+----------------------------+

----------------------------
; Extra Fitter Information ;
----------------------------
HTML report is unavailable in plain text report export.


Path #15: Hold slack is 0.524 
===============================================================================
+--------------------------------------------+
; Path Summary                               ;
+--------------------+-----------------------+
; Property           ; Value                 ;
+--------------------+-----------------------+
; From Node          ; state_array[0][1][47] ;
; To Node            ; state_array[0][1][47] ;
; Launch Clock       ; clk                   ;
; Latch Clock        ; clk                   ;
; Data Arrival Time  ; 4.880                 ;
; Data Required Time ; 4.356                 ;
; Slack              ; 0.524                 ;
+--------------------+-----------------------+

+------------------------------------------------------------------------------------+
; Statistics                                                                         ;
+------------------------+-------+-------+-------------+------------+--------+-------+
; Property               ; Value ; Count ; Total Delay ; % of Total ; Min    ; Max   ;
+------------------------+-------+-------+-------------+------------+--------+-------+
; Hold Relationship      ; 0.000 ;       ;             ;            ;        ;       ;
; Clock Skew             ; 0.127 ;       ;             ;            ;        ;       ;
; Data Delay             ; 0.651 ;       ;             ;            ;        ;       ;
; Number of Logic Levels ;       ; 1     ;             ;            ;        ;       ;
; Physical Delays        ;       ;       ;             ;            ;        ;       ;
;  Arrival Path          ;       ;       ;             ;            ;        ;       ;
;   Clock                ;       ;       ;             ;            ;        ;       ;
;    IC                  ;       ; 3     ; -0.001      ; 0          ; -0.001 ; 0.000 ;
;    Cell                ;       ; 3     ; 1.773       ; 42         ; 0.470  ; 0.739 ;
;    Routing Element     ;       ; 26    ; 2.457       ; 58         ; 0.000  ; 0.763 ;
;   Data                 ;       ;       ;             ;            ;        ;       ;
;    IC                  ;       ; 2     ; 0.000       ; 0          ; 0.000  ; 0.000 ;
;    Cell                ;       ; 3     ; 0.651       ; 100        ; 0.000  ; 0.568 ;
;    uTco                ;       ; 1     ; 0.000       ; 0          ; 0.000  ; 0.000 ;
;    Routing Element     ;       ; 2     ; 0.000       ; 0          ; 0.000  ; 0.000 ;
;  Required Path         ;       ;       ;             ;            ;        ;       ;
;   Clock                ;       ;       ;             ;            ;        ;       ;
;    IC                  ;       ; 3     ; 0.001       ; 0          ; 0.000  ; 0.001 ;
;    Cell                ;       ; 3     ; 1.901       ; 42         ; 0.507  ; 0.739 ;
;    Routing Element     ;       ; 26    ; 2.578       ; 58         ; 0.000  ; 0.806 ;
+------------------------+-------+-------+-------------+------------+--------+-------+
Note: Negative delays are omitted from totals when calculating percentages

+-------------------------------------------------------------------------------------------------------------+
; Data Arrival Path                                                                                           ;
+---------+----------+----+------+--------+---------------------------------------+---------------------------+
; Total   ; Incr     ; RF ; Type ; Fanout ; Location                              ; Element                   ;
+---------+----------+----+------+--------+---------------------------------------+---------------------------+
; 0.000   ; 0.000    ;    ;      ;        ;                                       ; launch edge time          ;
; 4.229   ; 4.229    ;    ;      ;        ;                                       ; clock path                ;
;   0.000 ;   0.000  ;    ;      ;        ;                                       ; source latency            ;
;   0.000 ;   0.000  ;    ;      ; 1      ; PIN_M16                               ; clk                       ;
;   0.000 ;   0.000  ;    ; RE   ; 1      ; IOPAD_X89_Y35_N60                     ; ARRIAV_IO_PAD             ;
;   0.000 ;   0.000  ;    ; RE   ; 1      ; IO_PAD_OUTPUT_X89_Y35_N60_I1          ; IO_PAD_OUTPUT             ;
;   0.000 ;   0.000  ;    ; RE   ; 1      ; IO_INPUT_BUFFER_INPUT_X89_Y35_N61_I0  ; IO_INPUT_BUFFER_INPUT     ;
;   0.000 ;   0.000  ; RR ; IC   ; 1      ; IOIBUF_X89_Y35_N61                    ; clk~input|i               ;
;   0.739 ;   0.739  ; RR ; CELL ; 1      ; IOIBUF_X89_Y35_N61                    ; clk~input|o               ;
;   0.739 ;   0.000  ;    ; RE   ; 1      ; IOIBUF_X89_Y35_N61                    ; ARRIAV_IO_IBUF            ;
;   0.739 ;   0.000  ;    ; RE   ; 1      ; IO_INPUT_BUFFER_OUTPUT_X89_Y35_N61_I2 ; IO_INPUT_BUFFER_OUTPUT    ;
;   0.739 ;   0.000  ;    ; RE   ; 1      ; IO_RE_X89_Y35_N60_I96                 ; IO_RE                     ;
;   0.827 ;   0.088  ;    ; RE   ; 1      ; IO_RE_X89_Y35_N60_I66                 ; IO_RE                     ;
;   1.102 ;   0.275  ;    ; RE   ; 1      ; CLKBUF_CLUSTER_RE_X89_Y39_N3_I421     ; CLKBUF_CLUSTER_RE         ;
;   1.102 ;   0.000  ;    ; RE   ; 1      ; CLKBUF_CLUSTER_RE_X89_Y39_N3_I772     ; CLKBUF_CLUSTER_RE         ;
;   1.102 ;   0.000  ;    ; RE   ; 1      ; CLKBUF_CLUSTER_RE_X89_Y39_N3_I557     ; CLKBUF_CLUSTER_RE         ;
;   1.102 ;   0.000  ;    ; RE   ; 1      ; GCLK_CLUSTER_RE_X89_Y39_N6_I10        ; GCLK_CLUSTER_RE           ;
;   1.102 ;   0.000  ;    ; RE   ; 1      ; CLKBUFBLOCK_INPUT_X89_Y39_N7_I0       ; CLKBUFBLOCK_INPUT         ;
;   1.102 ;   0.000  ; RR ; IC   ; 1      ; CLKCTRL_G9                            ; clk~inputCLKENA0|inclk    ;
;   1.572 ;   0.470  ; RR ; CELL ; 1673   ; CLKCTRL_G9                            ; clk~inputCLKENA0|outclk   ;
;   1.572 ;   0.000  ;    ; RE   ; 1      ; CLKCTRL_G9                            ; ARRIAV_CLKBUF             ;
;   1.572 ;   0.000  ;    ; RE   ; 1      ; CLKBUFBLOCK_OUTPUT_X89_Y39_N7_I2      ; CLKBUFBLOCK_OUTPUT        ;
;   1.572 ;   0.000  ;    ; RE   ; 1      ; GCLK_CLUSTER_RE_X89_Y39_N6_I12        ; GCLK_CLUSTER_RE           ;
;   1.572 ;   0.000  ;    ; RE   ; 1      ; CLKBUF_CLUSTER_RE_X89_Y39_N3_I416     ; CLKBUF_CLUSTER_RE         ;
;   2.335 ;   0.763  ;    ; RE   ; 6      ; GLOBAL_CLOCK_X0_Y36_N0_I9             ; GLOBAL_CLOCK              ;
;   2.473 ;   0.138  ;    ; RE   ; 18     ; SPINE_CLOCK_X33_Y19_N0_I22            ; SPINE_CLOCK               ;
;   2.862 ;   0.389  ;    ; RE   ; 1      ; SCLK_TO_ROWCLK_BUF_X33_Y33_N0_I133    ; SCLK_TO_ROWCLK_BUF        ;
;   2.953 ;   0.091  ;    ; RE   ; 2      ; SCLK_TO_ROWCLK_BUF_X33_Y33_N0_I136    ; SCLK_TO_ROWCLK_BUF        ;
;   3.424 ;   0.471  ;    ; RE   ; 8      ; LAB_CLK_X34_Y33_N0_I5                 ; LAB_CLK                   ;
;   3.557 ;   0.133  ;    ; RE   ; 1      ; BLK_CLK_BUF_X40_Y33_N0_I5             ; BLK_CLK_BUF               ;
;   3.612 ;   0.055  ;    ; RE   ; 1      ; ROWCLKSEL_PREBUF_X40_Y33_N0_I5        ; ROWCLKSEL_PREBUF          ;
;   3.666 ;   0.054  ;    ; RE   ; 1      ; ROWCLKSEL_X40_Y33_N0_I0               ; ROWCLKSEL                 ;
;   3.666 ;   0.000  ;    ; RE   ; 1      ; GLOBAL_LOCAL_SEL_X40_Y33_N0_I0        ; GLOBAL_LOCAL_SEL          ;
;   3.666 ;   0.000  ;    ; RE   ; 5      ; LAB_INPUT_X40_Y33_N0_I0               ; LAB_INPUT                 ;
;   3.665 ;   -0.001 ; RR ; IC   ; 1      ; FF_X40_Y33_N8                         ; state_array[0][1][47]|clk ;
;   4.229 ;   0.564  ; RR ; CELL ; 1      ; FF_X40_Y33_N8                         ; state_array[0][1][47]     ;
; 4.880   ; 0.651    ;    ;      ;        ;                                       ; data path                 ;
;   4.229 ;   0.000  ;    ; uTco ; 1      ; FF_X40_Y33_N8                         ; state_array[0][1][47]     ;
;   4.229 ;   0.000  ; FF ; CELL ; 4      ; FF_X40_Y33_N8                         ; state_array[0][1][47]|q   ;
;   4.229 ;   0.000  ;    ; RE   ; 3      ; FF_X40_Y33_N8                         ; ARRIAV_FF                 ;
;   4.229 ;   0.000  ; FF ; IC   ; 1      ; LABCELL_X40_Y33_N6                    ; state_array~1192|datae    ;
;   4.797 ;   0.568  ; FF ; CELL ; 1      ; LABCELL_X40_Y33_N6                    ; state_array~1192|combout  ;
;   4.797 ;   0.000  ;    ; RE   ; 1      ; LABCELL_X40_Y33_N6                    ; ARRIAV_LCELL_COMB         ;
;   4.797 ;   0.000  ; FF ; IC   ; 1      ; FF_X40_Y33_N8                         ; state_array[0][1][47]|d   ;
;   4.880 ;   0.083  ; FF ; CELL ; 1      ; FF_X40_Y33_N8                         ; state_array[0][1][47]     ;
+---------+----------+----+------+--------+---------------------------------------+---------------------------+

+-------------------------------------------------------------------------------------------------------------+
; Data Required Path                                                                                          ;
+---------+----------+----+------+--------+---------------------------------------+---------------------------+
; Total   ; Incr     ; RF ; Type ; Fanout ; Location                              ; Element                   ;
+---------+----------+----+------+--------+---------------------------------------+---------------------------+
; 0.000   ; 0.000    ;    ;      ;        ;                                       ; latch edge time           ;
; 4.356   ; 4.356    ;    ;      ;        ;                                       ; clock path                ;
;   0.000 ;   0.000  ;    ;      ;        ;                                       ; source latency            ;
;   0.000 ;   0.000  ;    ;      ; 1      ; PIN_M16                               ; clk                       ;
;   0.000 ;   0.000  ;    ; RE   ; 1      ; IOPAD_X89_Y35_N60                     ; ARRIAV_IO_PAD             ;
;   0.000 ;   0.000  ;    ; RE   ; 1      ; IO_PAD_OUTPUT_X89_Y35_N60_I1          ; IO_PAD_OUTPUT             ;
;   0.000 ;   0.000  ;    ; RE   ; 1      ; IO_INPUT_BUFFER_INPUT_X89_Y35_N61_I0  ; IO_INPUT_BUFFER_INPUT     ;
;   0.000 ;   0.000  ; RR ; IC   ; 1      ; IOIBUF_X89_Y35_N61                    ; clk~input|i               ;
;   0.739 ;   0.739  ; RR ; CELL ; 1      ; IOIBUF_X89_Y35_N61                    ; clk~input|o               ;
;   0.739 ;   0.000  ;    ; RE   ; 1      ; IOIBUF_X89_Y35_N61                    ; ARRIAV_IO_IBUF            ;
;   0.739 ;   0.000  ;    ; RE   ; 1      ; IO_INPUT_BUFFER_OUTPUT_X89_Y35_N61_I2 ; IO_INPUT_BUFFER_OUTPUT    ;
;   0.739 ;   0.000  ;    ; RE   ; 1      ; IO_RE_X89_Y35_N60_I96                 ; IO_RE                     ;
;   0.833 ;   0.094  ;    ; RE   ; 1      ; IO_RE_X89_Y35_N60_I66                 ; IO_RE                     ;
;   1.125 ;   0.292  ;    ; RE   ; 1      ; CLKBUF_CLUSTER_RE_X89_Y39_N3_I421     ; CLKBUF_CLUSTER_RE         ;
;   1.125 ;   0.000  ;    ; RE   ; 1      ; CLKBUF_CLUSTER_RE_X89_Y39_N3_I772     ; CLKBUF_CLUSTER_RE         ;
;   1.125 ;   0.000  ;    ; RE   ; 1      ; CLKBUF_CLUSTER_RE_X89_Y39_N3_I557     ; CLKBUF_CLUSTER_RE         ;
;   1.125 ;   0.000  ;    ; RE   ; 1      ; GCLK_CLUSTER_RE_X89_Y39_N6_I10        ; GCLK_CLUSTER_RE           ;
;   1.125 ;   0.000  ;    ; RE   ; 1      ; CLKBUFBLOCK_INPUT_X89_Y39_N7_I0       ; CLKBUFBLOCK_INPUT         ;
;   1.125 ;   0.000  ; RR ; IC   ; 1      ; CLKCTRL_G9                            ; clk~inputCLKENA0|inclk    ;
;   1.632 ;   0.507  ; RR ; CELL ; 1673   ; CLKCTRL_G9                            ; clk~inputCLKENA0|outclk   ;
;   1.632 ;   0.000  ;    ; RE   ; 1      ; CLKCTRL_G9                            ; ARRIAV_CLKBUF             ;
;   1.632 ;   0.000  ;    ; RE   ; 1      ; CLKBUFBLOCK_OUTPUT_X89_Y39_N7_I2      ; CLKBUFBLOCK_OUTPUT        ;
;   1.632 ;   0.000  ;    ; RE   ; 1      ; GCLK_CLUSTER_RE_X89_Y39_N6_I12        ; GCLK_CLUSTER_RE           ;
;   1.632 ;   0.000  ;    ; RE   ; 1      ; CLKBUF_CLUSTER_RE_X89_Y39_N3_I416     ; CLKBUF_CLUSTER_RE         ;
;   2.438 ;   0.806  ;    ; RE   ; 6      ; GLOBAL_CLOCK_X0_Y36_N0_I9             ; GLOBAL_CLOCK              ;
;   2.580 ;   0.142  ;    ; RE   ; 18     ; SPINE_CLOCK_X33_Y19_N0_I22            ; SPINE_CLOCK               ;
;   2.983 ;   0.403  ;    ; RE   ; 1      ; SCLK_TO_ROWCLK_BUF_X33_Y33_N0_I133    ; SCLK_TO_ROWCLK_BUF        ;
;   3.077 ;   0.094  ;    ; RE   ; 2      ; SCLK_TO_ROWCLK_BUF_X33_Y33_N0_I136    ; SCLK_TO_ROWCLK_BUF        ;
;   3.565 ;   0.488  ;    ; RE   ; 8      ; LAB_CLK_X34_Y33_N0_I5                 ; LAB_CLK                   ;
;   3.709 ;   0.144  ;    ; RE   ; 1      ; BLK_CLK_BUF_X40_Y33_N0_I5             ; BLK_CLK_BUF               ;
;   3.766 ;   0.057  ;    ; RE   ; 1      ; ROWCLKSEL_PREBUF_X40_Y33_N0_I5        ; ROWCLKSEL_PREBUF          ;
;   3.824 ;   0.058  ;    ; RE   ; 1      ; ROWCLKSEL_X40_Y33_N0_I0               ; ROWCLKSEL                 ;
;   3.824 ;   0.000  ;    ; RE   ; 1      ; GLOBAL_LOCAL_SEL_X40_Y33_N0_I0        ; GLOBAL_LOCAL_SEL          ;
;   3.824 ;   0.000  ;    ; RE   ; 5      ; LAB_INPUT_X40_Y33_N0_I0               ; LAB_INPUT                 ;
;   3.825 ;   0.001  ; RR ; IC   ; 1      ; FF_X40_Y33_N8                         ; state_array[0][1][47]|clk ;
;   4.480 ;   0.655  ; RR ; CELL ; 1      ; FF_X40_Y33_N8                         ; state_array[0][1][47]     ;
;   4.356 ;   -0.124 ;    ;      ;        ;                                       ; clock pessimism removed   ;
; 4.356   ; 0.000    ;    ;      ;        ;                                       ; clock uncertainty         ;
; 4.356   ; 0.000    ;    ; uTh  ; 1      ; FF_X40_Y33_N8                         ; state_array[0][1][47]     ;
+---------+----------+----+------+--------+---------------------------------------+---------------------------+

----------------------------
; Extra Fitter Information ;
----------------------------
HTML report is unavailable in plain text report export.


Path #16: Hold slack is 0.524 
===============================================================================
+--------------------------------------------+
; Path Summary                               ;
+--------------------+-----------------------+
; Property           ; Value                 ;
+--------------------+-----------------------+
; From Node          ; state_array[0][0][47] ;
; To Node            ; state_array[0][0][47] ;
; Launch Clock       ; clk                   ;
; Latch Clock        ; clk                   ;
; Data Arrival Time  ; 4.880                 ;
; Data Required Time ; 4.356                 ;
; Slack              ; 0.524                 ;
+--------------------+-----------------------+

+------------------------------------------------------------------------------------+
; Statistics                                                                         ;
+------------------------+-------+-------+-------------+------------+--------+-------+
; Property               ; Value ; Count ; Total Delay ; % of Total ; Min    ; Max   ;
+------------------------+-------+-------+-------------+------------+--------+-------+
; Hold Relationship      ; 0.000 ;       ;             ;            ;        ;       ;
; Clock Skew             ; 0.127 ;       ;             ;            ;        ;       ;
; Data Delay             ; 0.651 ;       ;             ;            ;        ;       ;
; Number of Logic Levels ;       ; 1     ;             ;            ;        ;       ;
; Physical Delays        ;       ;       ;             ;            ;        ;       ;
;  Arrival Path          ;       ;       ;             ;            ;        ;       ;
;   Clock                ;       ;       ;             ;            ;        ;       ;
;    IC                  ;       ; 3     ; -0.001      ; 0          ; -0.001 ; 0.000 ;
;    Cell                ;       ; 3     ; 1.773       ; 42         ; 0.470  ; 0.739 ;
;    Routing Element     ;       ; 26    ; 2.457       ; 58         ; 0.000  ; 0.763 ;
;   Data                 ;       ;       ;             ;            ;        ;       ;
;    IC                  ;       ; 2     ; 0.000       ; 0          ; 0.000  ; 0.000 ;
;    Cell                ;       ; 3     ; 0.651       ; 100        ; 0.000  ; 0.568 ;
;    uTco                ;       ; 1     ; 0.000       ; 0          ; 0.000  ; 0.000 ;
;    Routing Element     ;       ; 2     ; 0.000       ; 0          ; 0.000  ; 0.000 ;
;  Required Path         ;       ;       ;             ;            ;        ;       ;
;   Clock                ;       ;       ;             ;            ;        ;       ;
;    IC                  ;       ; 3     ; 0.001       ; 0          ; 0.000  ; 0.001 ;
;    Cell                ;       ; 3     ; 1.901       ; 42         ; 0.507  ; 0.739 ;
;    Routing Element     ;       ; 26    ; 2.578       ; 58         ; 0.000  ; 0.806 ;
+------------------------+-------+-------+-------------+------------+--------+-------+
Note: Negative delays are omitted from totals when calculating percentages

+-------------------------------------------------------------------------------------------------------------+
; Data Arrival Path                                                                                           ;
+---------+----------+----+------+--------+---------------------------------------+---------------------------+
; Total   ; Incr     ; RF ; Type ; Fanout ; Location                              ; Element                   ;
+---------+----------+----+------+--------+---------------------------------------+---------------------------+
; 0.000   ; 0.000    ;    ;      ;        ;                                       ; launch edge time          ;
; 4.229   ; 4.229    ;    ;      ;        ;                                       ; clock path                ;
;   0.000 ;   0.000  ;    ;      ;        ;                                       ; source latency            ;
;   0.000 ;   0.000  ;    ;      ; 1      ; PIN_M16                               ; clk                       ;
;   0.000 ;   0.000  ;    ; RE   ; 1      ; IOPAD_X89_Y35_N60                     ; ARRIAV_IO_PAD             ;
;   0.000 ;   0.000  ;    ; RE   ; 1      ; IO_PAD_OUTPUT_X89_Y35_N60_I1          ; IO_PAD_OUTPUT             ;
;   0.000 ;   0.000  ;    ; RE   ; 1      ; IO_INPUT_BUFFER_INPUT_X89_Y35_N61_I0  ; IO_INPUT_BUFFER_INPUT     ;
;   0.000 ;   0.000  ; RR ; IC   ; 1      ; IOIBUF_X89_Y35_N61                    ; clk~input|i               ;
;   0.739 ;   0.739  ; RR ; CELL ; 1      ; IOIBUF_X89_Y35_N61                    ; clk~input|o               ;
;   0.739 ;   0.000  ;    ; RE   ; 1      ; IOIBUF_X89_Y35_N61                    ; ARRIAV_IO_IBUF            ;
;   0.739 ;   0.000  ;    ; RE   ; 1      ; IO_INPUT_BUFFER_OUTPUT_X89_Y35_N61_I2 ; IO_INPUT_BUFFER_OUTPUT    ;
;   0.739 ;   0.000  ;    ; RE   ; 1      ; IO_RE_X89_Y35_N60_I96                 ; IO_RE                     ;
;   0.827 ;   0.088  ;    ; RE   ; 1      ; IO_RE_X89_Y35_N60_I66                 ; IO_RE                     ;
;   1.102 ;   0.275  ;    ; RE   ; 1      ; CLKBUF_CLUSTER_RE_X89_Y39_N3_I421     ; CLKBUF_CLUSTER_RE         ;
;   1.102 ;   0.000  ;    ; RE   ; 1      ; CLKBUF_CLUSTER_RE_X89_Y39_N3_I772     ; CLKBUF_CLUSTER_RE         ;
;   1.102 ;   0.000  ;    ; RE   ; 1      ; CLKBUF_CLUSTER_RE_X89_Y39_N3_I557     ; CLKBUF_CLUSTER_RE         ;
;   1.102 ;   0.000  ;    ; RE   ; 1      ; GCLK_CLUSTER_RE_X89_Y39_N6_I10        ; GCLK_CLUSTER_RE           ;
;   1.102 ;   0.000  ;    ; RE   ; 1      ; CLKBUFBLOCK_INPUT_X89_Y39_N7_I0       ; CLKBUFBLOCK_INPUT         ;
;   1.102 ;   0.000  ; RR ; IC   ; 1      ; CLKCTRL_G9                            ; clk~inputCLKENA0|inclk    ;
;   1.572 ;   0.470  ; RR ; CELL ; 1673   ; CLKCTRL_G9                            ; clk~inputCLKENA0|outclk   ;
;   1.572 ;   0.000  ;    ; RE   ; 1      ; CLKCTRL_G9                            ; ARRIAV_CLKBUF             ;
;   1.572 ;   0.000  ;    ; RE   ; 1      ; CLKBUFBLOCK_OUTPUT_X89_Y39_N7_I2      ; CLKBUFBLOCK_OUTPUT        ;
;   1.572 ;   0.000  ;    ; RE   ; 1      ; GCLK_CLUSTER_RE_X89_Y39_N6_I12        ; GCLK_CLUSTER_RE           ;
;   1.572 ;   0.000  ;    ; RE   ; 1      ; CLKBUF_CLUSTER_RE_X89_Y39_N3_I416     ; CLKBUF_CLUSTER_RE         ;
;   2.335 ;   0.763  ;    ; RE   ; 6      ; GLOBAL_CLOCK_X0_Y36_N0_I9             ; GLOBAL_CLOCK              ;
;   2.473 ;   0.138  ;    ; RE   ; 18     ; SPINE_CLOCK_X33_Y19_N0_I22            ; SPINE_CLOCK               ;
;   2.862 ;   0.389  ;    ; RE   ; 1      ; SCLK_TO_ROWCLK_BUF_X33_Y33_N0_I133    ; SCLK_TO_ROWCLK_BUF        ;
;   2.953 ;   0.091  ;    ; RE   ; 2      ; SCLK_TO_ROWCLK_BUF_X33_Y33_N0_I136    ; SCLK_TO_ROWCLK_BUF        ;
;   3.424 ;   0.471  ;    ; RE   ; 8      ; LAB_CLK_X34_Y33_N0_I5                 ; LAB_CLK                   ;
;   3.557 ;   0.133  ;    ; RE   ; 1      ; BLK_CLK_BUF_X40_Y33_N0_I5             ; BLK_CLK_BUF               ;
;   3.612 ;   0.055  ;    ; RE   ; 1      ; ROWCLKSEL_PREBUF_X40_Y33_N0_I5        ; ROWCLKSEL_PREBUF          ;
;   3.666 ;   0.054  ;    ; RE   ; 1      ; ROWCLKSEL_X40_Y33_N0_I0               ; ROWCLKSEL                 ;
;   3.666 ;   0.000  ;    ; RE   ; 1      ; GLOBAL_LOCAL_SEL_X40_Y33_N0_I0        ; GLOBAL_LOCAL_SEL          ;
;   3.666 ;   0.000  ;    ; RE   ; 5      ; LAB_INPUT_X40_Y33_N0_I0               ; LAB_INPUT                 ;
;   3.665 ;   -0.001 ; RR ; IC   ; 1      ; FF_X40_Y33_N38                        ; state_array[0][0][47]|clk ;
;   4.229 ;   0.564  ; RR ; CELL ; 1      ; FF_X40_Y33_N38                        ; state_array[0][0][47]     ;
; 4.880   ; 0.651    ;    ;      ;        ;                                       ; data path                 ;
;   4.229 ;   0.000  ;    ; uTco ; 1      ; FF_X40_Y33_N38                        ; state_array[0][0][47]     ;
;   4.229 ;   0.000  ; FF ; CELL ; 4      ; FF_X40_Y33_N38                        ; state_array[0][0][47]|q   ;
;   4.229 ;   0.000  ;    ; RE   ; 3      ; FF_X40_Y33_N38                        ; ARRIAV_FF                 ;
;   4.229 ;   0.000  ; FF ; IC   ; 1      ; LABCELL_X40_Y33_N36                   ; state_array~1186|datae    ;
;   4.797 ;   0.568  ; FF ; CELL ; 1      ; LABCELL_X40_Y33_N36                   ; state_array~1186|combout  ;
;   4.797 ;   0.000  ;    ; RE   ; 1      ; LABCELL_X40_Y33_N36                   ; ARRIAV_LCELL_COMB         ;
;   4.797 ;   0.000  ; FF ; IC   ; 1      ; FF_X40_Y33_N38                        ; state_array[0][0][47]|d   ;
;   4.880 ;   0.083  ; FF ; CELL ; 1      ; FF_X40_Y33_N38                        ; state_array[0][0][47]     ;
+---------+----------+----+------+--------+---------------------------------------+---------------------------+

+-------------------------------------------------------------------------------------------------------------+
; Data Required Path                                                                                          ;
+---------+----------+----+------+--------+---------------------------------------+---------------------------+
; Total   ; Incr     ; RF ; Type ; Fanout ; Location                              ; Element                   ;
+---------+----------+----+------+--------+---------------------------------------+---------------------------+
; 0.000   ; 0.000    ;    ;      ;        ;                                       ; latch edge time           ;
; 4.356   ; 4.356    ;    ;      ;        ;                                       ; clock path                ;
;   0.000 ;   0.000  ;    ;      ;        ;                                       ; source latency            ;
;   0.000 ;   0.000  ;    ;      ; 1      ; PIN_M16                               ; clk                       ;
;   0.000 ;   0.000  ;    ; RE   ; 1      ; IOPAD_X89_Y35_N60                     ; ARRIAV_IO_PAD             ;
;   0.000 ;   0.000  ;    ; RE   ; 1      ; IO_PAD_OUTPUT_X89_Y35_N60_I1          ; IO_PAD_OUTPUT             ;
;   0.000 ;   0.000  ;    ; RE   ; 1      ; IO_INPUT_BUFFER_INPUT_X89_Y35_N61_I0  ; IO_INPUT_BUFFER_INPUT     ;
;   0.000 ;   0.000  ; RR ; IC   ; 1      ; IOIBUF_X89_Y35_N61                    ; clk~input|i               ;
;   0.739 ;   0.739  ; RR ; CELL ; 1      ; IOIBUF_X89_Y35_N61                    ; clk~input|o               ;
;   0.739 ;   0.000  ;    ; RE   ; 1      ; IOIBUF_X89_Y35_N61                    ; ARRIAV_IO_IBUF            ;
;   0.739 ;   0.000  ;    ; RE   ; 1      ; IO_INPUT_BUFFER_OUTPUT_X89_Y35_N61_I2 ; IO_INPUT_BUFFER_OUTPUT    ;
;   0.739 ;   0.000  ;    ; RE   ; 1      ; IO_RE_X89_Y35_N60_I96                 ; IO_RE                     ;
;   0.833 ;   0.094  ;    ; RE   ; 1      ; IO_RE_X89_Y35_N60_I66                 ; IO_RE                     ;
;   1.125 ;   0.292  ;    ; RE   ; 1      ; CLKBUF_CLUSTER_RE_X89_Y39_N3_I421     ; CLKBUF_CLUSTER_RE         ;
;   1.125 ;   0.000  ;    ; RE   ; 1      ; CLKBUF_CLUSTER_RE_X89_Y39_N3_I772     ; CLKBUF_CLUSTER_RE         ;
;   1.125 ;   0.000  ;    ; RE   ; 1      ; CLKBUF_CLUSTER_RE_X89_Y39_N3_I557     ; CLKBUF_CLUSTER_RE         ;
;   1.125 ;   0.000  ;    ; RE   ; 1      ; GCLK_CLUSTER_RE_X89_Y39_N6_I10        ; GCLK_CLUSTER_RE           ;
;   1.125 ;   0.000  ;    ; RE   ; 1      ; CLKBUFBLOCK_INPUT_X89_Y39_N7_I0       ; CLKBUFBLOCK_INPUT         ;
;   1.125 ;   0.000  ; RR ; IC   ; 1      ; CLKCTRL_G9                            ; clk~inputCLKENA0|inclk    ;
;   1.632 ;   0.507  ; RR ; CELL ; 1673   ; CLKCTRL_G9                            ; clk~inputCLKENA0|outclk   ;
;   1.632 ;   0.000  ;    ; RE   ; 1      ; CLKCTRL_G9                            ; ARRIAV_CLKBUF             ;
;   1.632 ;   0.000  ;    ; RE   ; 1      ; CLKBUFBLOCK_OUTPUT_X89_Y39_N7_I2      ; CLKBUFBLOCK_OUTPUT        ;
;   1.632 ;   0.000  ;    ; RE   ; 1      ; GCLK_CLUSTER_RE_X89_Y39_N6_I12        ; GCLK_CLUSTER_RE           ;
;   1.632 ;   0.000  ;    ; RE   ; 1      ; CLKBUF_CLUSTER_RE_X89_Y39_N3_I416     ; CLKBUF_CLUSTER_RE         ;
;   2.438 ;   0.806  ;    ; RE   ; 6      ; GLOBAL_CLOCK_X0_Y36_N0_I9             ; GLOBAL_CLOCK              ;
;   2.580 ;   0.142  ;    ; RE   ; 18     ; SPINE_CLOCK_X33_Y19_N0_I22            ; SPINE_CLOCK               ;
;   2.983 ;   0.403  ;    ; RE   ; 1      ; SCLK_TO_ROWCLK_BUF_X33_Y33_N0_I133    ; SCLK_TO_ROWCLK_BUF        ;
;   3.077 ;   0.094  ;    ; RE   ; 2      ; SCLK_TO_ROWCLK_BUF_X33_Y33_N0_I136    ; SCLK_TO_ROWCLK_BUF        ;
;   3.565 ;   0.488  ;    ; RE   ; 8      ; LAB_CLK_X34_Y33_N0_I5                 ; LAB_CLK                   ;
;   3.709 ;   0.144  ;    ; RE   ; 1      ; BLK_CLK_BUF_X40_Y33_N0_I5             ; BLK_CLK_BUF               ;
;   3.766 ;   0.057  ;    ; RE   ; 1      ; ROWCLKSEL_PREBUF_X40_Y33_N0_I5        ; ROWCLKSEL_PREBUF          ;
;   3.824 ;   0.058  ;    ; RE   ; 1      ; ROWCLKSEL_X40_Y33_N0_I0               ; ROWCLKSEL                 ;
;   3.824 ;   0.000  ;    ; RE   ; 1      ; GLOBAL_LOCAL_SEL_X40_Y33_N0_I0        ; GLOBAL_LOCAL_SEL          ;
;   3.824 ;   0.000  ;    ; RE   ; 5      ; LAB_INPUT_X40_Y33_N0_I0               ; LAB_INPUT                 ;
;   3.825 ;   0.001  ; RR ; IC   ; 1      ; FF_X40_Y33_N38                        ; state_array[0][0][47]|clk ;
;   4.480 ;   0.655  ; RR ; CELL ; 1      ; FF_X40_Y33_N38                        ; state_array[0][0][47]     ;
;   4.356 ;   -0.124 ;    ;      ;        ;                                       ; clock pessimism removed   ;
; 4.356   ; 0.000    ;    ;      ;        ;                                       ; clock uncertainty         ;
; 4.356   ; 0.000    ;    ; uTh  ; 1      ; FF_X40_Y33_N38                        ; state_array[0][0][47]     ;
+---------+----------+----+------+--------+---------------------------------------+---------------------------+

----------------------------
; Extra Fitter Information ;
----------------------------
HTML report is unavailable in plain text report export.


Path #17: Hold slack is 0.524 
===============================================================================
+--------------------------------------------+
; Path Summary                               ;
+--------------------+-----------------------+
; Property           ; Value                 ;
+--------------------+-----------------------+
; From Node          ; state_array[2][1][45] ;
; To Node            ; state_array[2][1][45] ;
; Launch Clock       ; clk                   ;
; Latch Clock        ; clk                   ;
; Data Arrival Time  ; 4.880                 ;
; Data Required Time ; 4.356                 ;
; Slack              ; 0.524                 ;
+--------------------+-----------------------+

+------------------------------------------------------------------------------------+
; Statistics                                                                         ;
+------------------------+-------+-------+-------------+------------+--------+-------+
; Property               ; Value ; Count ; Total Delay ; % of Total ; Min    ; Max   ;
+------------------------+-------+-------+-------------+------------+--------+-------+
; Hold Relationship      ; 0.000 ;       ;             ;            ;        ;       ;
; Clock Skew             ; 0.127 ;       ;             ;            ;        ;       ;
; Data Delay             ; 0.651 ;       ;             ;            ;        ;       ;
; Number of Logic Levels ;       ; 1     ;             ;            ;        ;       ;
; Physical Delays        ;       ;       ;             ;            ;        ;       ;
;  Arrival Path          ;       ;       ;             ;            ;        ;       ;
;   Clock                ;       ;       ;             ;            ;        ;       ;
;    IC                  ;       ; 3     ; -0.001      ; 0          ; -0.001 ; 0.000 ;
;    Cell                ;       ; 3     ; 1.773       ; 42         ; 0.470  ; 0.739 ;
;    Routing Element     ;       ; 26    ; 2.457       ; 58         ; 0.000  ; 0.763 ;
;   Data                 ;       ;       ;             ;            ;        ;       ;
;    IC                  ;       ; 2     ; 0.000       ; 0          ; 0.000  ; 0.000 ;
;    Cell                ;       ; 3     ; 0.651       ; 100        ; 0.000  ; 0.568 ;
;    uTco                ;       ; 1     ; 0.000       ; 0          ; 0.000  ; 0.000 ;
;    Routing Element     ;       ; 2     ; 0.000       ; 0          ; 0.000  ; 0.000 ;
;  Required Path         ;       ;       ;             ;            ;        ;       ;
;   Clock                ;       ;       ;             ;            ;        ;       ;
;    IC                  ;       ; 3     ; 0.001       ; 0          ; 0.000  ; 0.001 ;
;    Cell                ;       ; 3     ; 1.901       ; 42         ; 0.507  ; 0.739 ;
;    Routing Element     ;       ; 26    ; 2.578       ; 58         ; 0.000  ; 0.806 ;
+------------------------+-------+-------+-------------+------------+--------+-------+
Note: Negative delays are omitted from totals when calculating percentages

+-------------------------------------------------------------------------------------------------------------+
; Data Arrival Path                                                                                           ;
+---------+----------+----+------+--------+---------------------------------------+---------------------------+
; Total   ; Incr     ; RF ; Type ; Fanout ; Location                              ; Element                   ;
+---------+----------+----+------+--------+---------------------------------------+---------------------------+
; 0.000   ; 0.000    ;    ;      ;        ;                                       ; launch edge time          ;
; 4.229   ; 4.229    ;    ;      ;        ;                                       ; clock path                ;
;   0.000 ;   0.000  ;    ;      ;        ;                                       ; source latency            ;
;   0.000 ;   0.000  ;    ;      ; 1      ; PIN_M16                               ; clk                       ;
;   0.000 ;   0.000  ;    ; RE   ; 1      ; IOPAD_X89_Y35_N60                     ; ARRIAV_IO_PAD             ;
;   0.000 ;   0.000  ;    ; RE   ; 1      ; IO_PAD_OUTPUT_X89_Y35_N60_I1          ; IO_PAD_OUTPUT             ;
;   0.000 ;   0.000  ;    ; RE   ; 1      ; IO_INPUT_BUFFER_INPUT_X89_Y35_N61_I0  ; IO_INPUT_BUFFER_INPUT     ;
;   0.000 ;   0.000  ; RR ; IC   ; 1      ; IOIBUF_X89_Y35_N61                    ; clk~input|i               ;
;   0.739 ;   0.739  ; RR ; CELL ; 1      ; IOIBUF_X89_Y35_N61                    ; clk~input|o               ;
;   0.739 ;   0.000  ;    ; RE   ; 1      ; IOIBUF_X89_Y35_N61                    ; ARRIAV_IO_IBUF            ;
;   0.739 ;   0.000  ;    ; RE   ; 1      ; IO_INPUT_BUFFER_OUTPUT_X89_Y35_N61_I2 ; IO_INPUT_BUFFER_OUTPUT    ;
;   0.739 ;   0.000  ;    ; RE   ; 1      ; IO_RE_X89_Y35_N60_I96                 ; IO_RE                     ;
;   0.827 ;   0.088  ;    ; RE   ; 1      ; IO_RE_X89_Y35_N60_I66                 ; IO_RE                     ;
;   1.102 ;   0.275  ;    ; RE   ; 1      ; CLKBUF_CLUSTER_RE_X89_Y39_N3_I421     ; CLKBUF_CLUSTER_RE         ;
;   1.102 ;   0.000  ;    ; RE   ; 1      ; CLKBUF_CLUSTER_RE_X89_Y39_N3_I772     ; CLKBUF_CLUSTER_RE         ;
;   1.102 ;   0.000  ;    ; RE   ; 1      ; CLKBUF_CLUSTER_RE_X89_Y39_N3_I557     ; CLKBUF_CLUSTER_RE         ;
;   1.102 ;   0.000  ;    ; RE   ; 1      ; GCLK_CLUSTER_RE_X89_Y39_N6_I10        ; GCLK_CLUSTER_RE           ;
;   1.102 ;   0.000  ;    ; RE   ; 1      ; CLKBUFBLOCK_INPUT_X89_Y39_N7_I0       ; CLKBUFBLOCK_INPUT         ;
;   1.102 ;   0.000  ; RR ; IC   ; 1      ; CLKCTRL_G9                            ; clk~inputCLKENA0|inclk    ;
;   1.572 ;   0.470  ; RR ; CELL ; 1673   ; CLKCTRL_G9                            ; clk~inputCLKENA0|outclk   ;
;   1.572 ;   0.000  ;    ; RE   ; 1      ; CLKCTRL_G9                            ; ARRIAV_CLKBUF             ;
;   1.572 ;   0.000  ;    ; RE   ; 1      ; CLKBUFBLOCK_OUTPUT_X89_Y39_N7_I2      ; CLKBUFBLOCK_OUTPUT        ;
;   1.572 ;   0.000  ;    ; RE   ; 1      ; GCLK_CLUSTER_RE_X89_Y39_N6_I12        ; GCLK_CLUSTER_RE           ;
;   1.572 ;   0.000  ;    ; RE   ; 1      ; CLKBUF_CLUSTER_RE_X89_Y39_N3_I416     ; CLKBUF_CLUSTER_RE         ;
;   2.335 ;   0.763  ;    ; RE   ; 6      ; GLOBAL_CLOCK_X0_Y36_N0_I9             ; GLOBAL_CLOCK              ;
;   2.473 ;   0.138  ;    ; RE   ; 18     ; SPINE_CLOCK_X33_Y19_N0_I22            ; SPINE_CLOCK               ;
;   2.862 ;   0.389  ;    ; RE   ; 1      ; SCLK_TO_ROWCLK_BUF_X33_Y33_N0_I133    ; SCLK_TO_ROWCLK_BUF        ;
;   2.953 ;   0.091  ;    ; RE   ; 2      ; SCLK_TO_ROWCLK_BUF_X33_Y33_N0_I136    ; SCLK_TO_ROWCLK_BUF        ;
;   3.424 ;   0.471  ;    ; RE   ; 8      ; LAB_CLK_X34_Y33_N0_I5                 ; LAB_CLK                   ;
;   3.557 ;   0.133  ;    ; RE   ; 1      ; BLK_CLK_BUF_X40_Y33_N0_I5             ; BLK_CLK_BUF               ;
;   3.612 ;   0.055  ;    ; RE   ; 1      ; ROWCLKSEL_PREBUF_X40_Y33_N0_I5        ; ROWCLKSEL_PREBUF          ;
;   3.666 ;   0.054  ;    ; RE   ; 1      ; ROWCLKSEL_X40_Y33_N0_I0               ; ROWCLKSEL                 ;
;   3.666 ;   0.000  ;    ; RE   ; 1      ; GLOBAL_LOCAL_SEL_X40_Y33_N0_I0        ; GLOBAL_LOCAL_SEL          ;
;   3.666 ;   0.000  ;    ; RE   ; 5      ; LAB_INPUT_X40_Y33_N0_I0               ; LAB_INPUT                 ;
;   3.665 ;   -0.001 ; RR ; IC   ; 1      ; FF_X40_Y33_N56                        ; state_array[2][1][45]|clk ;
;   4.229 ;   0.564  ; RR ; CELL ; 1      ; FF_X40_Y33_N56                        ; state_array[2][1][45]     ;
; 4.880   ; 0.651    ;    ;      ;        ;                                       ; data path                 ;
;   4.229 ;   0.000  ;    ; uTco ; 1      ; FF_X40_Y33_N56                        ; state_array[2][1][45]     ;
;   4.229 ;   0.000  ; FF ; CELL ; 6      ; FF_X40_Y33_N56                        ; state_array[2][1][45]|q   ;
;   4.229 ;   0.000  ;    ; RE   ; 2      ; FF_X40_Y33_N56                        ; ARRIAV_FF                 ;
;   4.229 ;   0.000  ; FF ; IC   ; 1      ; LABCELL_X40_Y33_N54                   ; state_array~1149|datae    ;
;   4.797 ;   0.568  ; FF ; CELL ; 1      ; LABCELL_X40_Y33_N54                   ; state_array~1149|combout  ;
;   4.797 ;   0.000  ;    ; RE   ; 1      ; LABCELL_X40_Y33_N54                   ; ARRIAV_LCELL_COMB         ;
;   4.797 ;   0.000  ; FF ; IC   ; 1      ; FF_X40_Y33_N56                        ; state_array[2][1][45]|d   ;
;   4.880 ;   0.083  ; FF ; CELL ; 1      ; FF_X40_Y33_N56                        ; state_array[2][1][45]     ;
+---------+----------+----+------+--------+---------------------------------------+---------------------------+

+-------------------------------------------------------------------------------------------------------------+
; Data Required Path                                                                                          ;
+---------+----------+----+------+--------+---------------------------------------+---------------------------+
; Total   ; Incr     ; RF ; Type ; Fanout ; Location                              ; Element                   ;
+---------+----------+----+------+--------+---------------------------------------+---------------------------+
; 0.000   ; 0.000    ;    ;      ;        ;                                       ; latch edge time           ;
; 4.356   ; 4.356    ;    ;      ;        ;                                       ; clock path                ;
;   0.000 ;   0.000  ;    ;      ;        ;                                       ; source latency            ;
;   0.000 ;   0.000  ;    ;      ; 1      ; PIN_M16                               ; clk                       ;
;   0.000 ;   0.000  ;    ; RE   ; 1      ; IOPAD_X89_Y35_N60                     ; ARRIAV_IO_PAD             ;
;   0.000 ;   0.000  ;    ; RE   ; 1      ; IO_PAD_OUTPUT_X89_Y35_N60_I1          ; IO_PAD_OUTPUT             ;
;   0.000 ;   0.000  ;    ; RE   ; 1      ; IO_INPUT_BUFFER_INPUT_X89_Y35_N61_I0  ; IO_INPUT_BUFFER_INPUT     ;
;   0.000 ;   0.000  ; RR ; IC   ; 1      ; IOIBUF_X89_Y35_N61                    ; clk~input|i               ;
;   0.739 ;   0.739  ; RR ; CELL ; 1      ; IOIBUF_X89_Y35_N61                    ; clk~input|o               ;
;   0.739 ;   0.000  ;    ; RE   ; 1      ; IOIBUF_X89_Y35_N61                    ; ARRIAV_IO_IBUF            ;
;   0.739 ;   0.000  ;    ; RE   ; 1      ; IO_INPUT_BUFFER_OUTPUT_X89_Y35_N61_I2 ; IO_INPUT_BUFFER_OUTPUT    ;
;   0.739 ;   0.000  ;    ; RE   ; 1      ; IO_RE_X89_Y35_N60_I96                 ; IO_RE                     ;
;   0.833 ;   0.094  ;    ; RE   ; 1      ; IO_RE_X89_Y35_N60_I66                 ; IO_RE                     ;
;   1.125 ;   0.292  ;    ; RE   ; 1      ; CLKBUF_CLUSTER_RE_X89_Y39_N3_I421     ; CLKBUF_CLUSTER_RE         ;
;   1.125 ;   0.000  ;    ; RE   ; 1      ; CLKBUF_CLUSTER_RE_X89_Y39_N3_I772     ; CLKBUF_CLUSTER_RE         ;
;   1.125 ;   0.000  ;    ; RE   ; 1      ; CLKBUF_CLUSTER_RE_X89_Y39_N3_I557     ; CLKBUF_CLUSTER_RE         ;
;   1.125 ;   0.000  ;    ; RE   ; 1      ; GCLK_CLUSTER_RE_X89_Y39_N6_I10        ; GCLK_CLUSTER_RE           ;
;   1.125 ;   0.000  ;    ; RE   ; 1      ; CLKBUFBLOCK_INPUT_X89_Y39_N7_I0       ; CLKBUFBLOCK_INPUT         ;
;   1.125 ;   0.000  ; RR ; IC   ; 1      ; CLKCTRL_G9                            ; clk~inputCLKENA0|inclk    ;
;   1.632 ;   0.507  ; RR ; CELL ; 1673   ; CLKCTRL_G9                            ; clk~inputCLKENA0|outclk   ;
;   1.632 ;   0.000  ;    ; RE   ; 1      ; CLKCTRL_G9                            ; ARRIAV_CLKBUF             ;
;   1.632 ;   0.000  ;    ; RE   ; 1      ; CLKBUFBLOCK_OUTPUT_X89_Y39_N7_I2      ; CLKBUFBLOCK_OUTPUT        ;
;   1.632 ;   0.000  ;    ; RE   ; 1      ; GCLK_CLUSTER_RE_X89_Y39_N6_I12        ; GCLK_CLUSTER_RE           ;
;   1.632 ;   0.000  ;    ; RE   ; 1      ; CLKBUF_CLUSTER_RE_X89_Y39_N3_I416     ; CLKBUF_CLUSTER_RE         ;
;   2.438 ;   0.806  ;    ; RE   ; 6      ; GLOBAL_CLOCK_X0_Y36_N0_I9             ; GLOBAL_CLOCK              ;
;   2.580 ;   0.142  ;    ; RE   ; 18     ; SPINE_CLOCK_X33_Y19_N0_I22            ; SPINE_CLOCK               ;
;   2.983 ;   0.403  ;    ; RE   ; 1      ; SCLK_TO_ROWCLK_BUF_X33_Y33_N0_I133    ; SCLK_TO_ROWCLK_BUF        ;
;   3.077 ;   0.094  ;    ; RE   ; 2      ; SCLK_TO_ROWCLK_BUF_X33_Y33_N0_I136    ; SCLK_TO_ROWCLK_BUF        ;
;   3.565 ;   0.488  ;    ; RE   ; 8      ; LAB_CLK_X34_Y33_N0_I5                 ; LAB_CLK                   ;
;   3.709 ;   0.144  ;    ; RE   ; 1      ; BLK_CLK_BUF_X40_Y33_N0_I5             ; BLK_CLK_BUF               ;
;   3.766 ;   0.057  ;    ; RE   ; 1      ; ROWCLKSEL_PREBUF_X40_Y33_N0_I5        ; ROWCLKSEL_PREBUF          ;
;   3.824 ;   0.058  ;    ; RE   ; 1      ; ROWCLKSEL_X40_Y33_N0_I0               ; ROWCLKSEL                 ;
;   3.824 ;   0.000  ;    ; RE   ; 1      ; GLOBAL_LOCAL_SEL_X40_Y33_N0_I0        ; GLOBAL_LOCAL_SEL          ;
;   3.824 ;   0.000  ;    ; RE   ; 5      ; LAB_INPUT_X40_Y33_N0_I0               ; LAB_INPUT                 ;
;   3.825 ;   0.001  ; RR ; IC   ; 1      ; FF_X40_Y33_N56                        ; state_array[2][1][45]|clk ;
;   4.480 ;   0.655  ; RR ; CELL ; 1      ; FF_X40_Y33_N56                        ; state_array[2][1][45]     ;
;   4.356 ;   -0.124 ;    ;      ;        ;                                       ; clock pessimism removed   ;
; 4.356   ; 0.000    ;    ;      ;        ;                                       ; clock uncertainty         ;
; 4.356   ; 0.000    ;    ; uTh  ; 1      ; FF_X40_Y33_N56                        ; state_array[2][1][45]     ;
+---------+----------+----+------+--------+---------------------------------------+---------------------------+

----------------------------
; Extra Fitter Information ;
----------------------------
HTML report is unavailable in plain text report export.


Path #18: Hold slack is 0.524 
===============================================================================
+-------------------------------------------+
; Path Summary                              ;
+--------------------+----------------------+
; Property           ; Value                ;
+--------------------+----------------------+
; From Node          ; state_array[3][2][3] ;
; To Node            ; state_array[3][2][3] ;
; Launch Clock       ; clk                  ;
; Latch Clock        ; clk                  ;
; Data Arrival Time  ; 4.881                ;
; Data Required Time ; 4.357                ;
; Slack              ; 0.524                ;
+--------------------+----------------------+

+------------------------------------------------------------------------------------+
; Statistics                                                                         ;
+------------------------+-------+-------+-------------+------------+--------+-------+
; Property               ; Value ; Count ; Total Delay ; % of Total ; Min    ; Max   ;
+------------------------+-------+-------+-------------+------------+--------+-------+
; Hold Relationship      ; 0.000 ;       ;             ;            ;        ;       ;
; Clock Skew             ; 0.127 ;       ;             ;            ;        ;       ;
; Data Delay             ; 0.651 ;       ;             ;            ;        ;       ;
; Number of Logic Levels ;       ; 1     ;             ;            ;        ;       ;
; Physical Delays        ;       ;       ;             ;            ;        ;       ;
;  Arrival Path          ;       ;       ;             ;            ;        ;       ;
;   Clock                ;       ;       ;             ;            ;        ;       ;
;    IC                  ;       ; 3     ; -0.001      ; 0          ; -0.001 ; 0.000 ;
;    Cell                ;       ; 3     ; 1.773       ; 42         ; 0.470  ; 0.739 ;
;    Routing Element     ;       ; 26    ; 2.458       ; 58         ; 0.000  ; 0.763 ;
;   Data                 ;       ;       ;             ;            ;        ;       ;
;    IC                  ;       ; 2     ; 0.000       ; 0          ; 0.000  ; 0.000 ;
;    Cell                ;       ; 3     ; 0.651       ; 100        ; 0.000  ; 0.568 ;
;    uTco                ;       ; 1     ; 0.000       ; 0          ; 0.000  ; 0.000 ;
;    Routing Element     ;       ; 2     ; 0.000       ; 0          ; 0.000  ; 0.000 ;
;  Required Path         ;       ;       ;             ;            ;        ;       ;
;   Clock                ;       ;       ;             ;            ;        ;       ;
;    IC                  ;       ; 3     ; 0.002       ; 0          ; 0.000  ; 0.002 ;
;    Cell                ;       ; 3     ; 1.901       ; 42         ; 0.507  ; 0.739 ;
;    Routing Element     ;       ; 26    ; 2.578       ; 58         ; 0.000  ; 0.806 ;
+------------------------+-------+-------+-------------+------------+--------+-------+
Note: Negative delays are omitted from totals when calculating percentages

+------------------------------------------------------------------------------------------------------------+
; Data Arrival Path                                                                                          ;
+---------+----------+----+------+--------+---------------------------------------+--------------------------+
; Total   ; Incr     ; RF ; Type ; Fanout ; Location                              ; Element                  ;
+---------+----------+----+------+--------+---------------------------------------+--------------------------+
; 0.000   ; 0.000    ;    ;      ;        ;                                       ; launch edge time         ;
; 4.230   ; 4.230    ;    ;      ;        ;                                       ; clock path               ;
;   0.000 ;   0.000  ;    ;      ;        ;                                       ; source latency           ;
;   0.000 ;   0.000  ;    ;      ; 1      ; PIN_M16                               ; clk                      ;
;   0.000 ;   0.000  ;    ; RE   ; 1      ; IOPAD_X89_Y35_N60                     ; ARRIAV_IO_PAD            ;
;   0.000 ;   0.000  ;    ; RE   ; 1      ; IO_PAD_OUTPUT_X89_Y35_N60_I1          ; IO_PAD_OUTPUT            ;
;   0.000 ;   0.000  ;    ; RE   ; 1      ; IO_INPUT_BUFFER_INPUT_X89_Y35_N61_I0  ; IO_INPUT_BUFFER_INPUT    ;
;   0.000 ;   0.000  ; RR ; IC   ; 1      ; IOIBUF_X89_Y35_N61                    ; clk~input|i              ;
;   0.739 ;   0.739  ; RR ; CELL ; 1      ; IOIBUF_X89_Y35_N61                    ; clk~input|o              ;
;   0.739 ;   0.000  ;    ; RE   ; 1      ; IOIBUF_X89_Y35_N61                    ; ARRIAV_IO_IBUF           ;
;   0.739 ;   0.000  ;    ; RE   ; 1      ; IO_INPUT_BUFFER_OUTPUT_X89_Y35_N61_I2 ; IO_INPUT_BUFFER_OUTPUT   ;
;   0.739 ;   0.000  ;    ; RE   ; 1      ; IO_RE_X89_Y35_N60_I96                 ; IO_RE                    ;
;   0.827 ;   0.088  ;    ; RE   ; 1      ; IO_RE_X89_Y35_N60_I66                 ; IO_RE                    ;
;   1.102 ;   0.275  ;    ; RE   ; 1      ; CLKBUF_CLUSTER_RE_X89_Y39_N3_I421     ; CLKBUF_CLUSTER_RE        ;
;   1.102 ;   0.000  ;    ; RE   ; 1      ; CLKBUF_CLUSTER_RE_X89_Y39_N3_I772     ; CLKBUF_CLUSTER_RE        ;
;   1.102 ;   0.000  ;    ; RE   ; 1      ; CLKBUF_CLUSTER_RE_X89_Y39_N3_I557     ; CLKBUF_CLUSTER_RE        ;
;   1.102 ;   0.000  ;    ; RE   ; 1      ; GCLK_CLUSTER_RE_X89_Y39_N6_I10        ; GCLK_CLUSTER_RE          ;
;   1.102 ;   0.000  ;    ; RE   ; 1      ; CLKBUFBLOCK_INPUT_X89_Y39_N7_I0       ; CLKBUFBLOCK_INPUT        ;
;   1.102 ;   0.000  ; RR ; IC   ; 1      ; CLKCTRL_G9                            ; clk~inputCLKENA0|inclk   ;
;   1.572 ;   0.470  ; RR ; CELL ; 1673   ; CLKCTRL_G9                            ; clk~inputCLKENA0|outclk  ;
;   1.572 ;   0.000  ;    ; RE   ; 1      ; CLKCTRL_G9                            ; ARRIAV_CLKBUF            ;
;   1.572 ;   0.000  ;    ; RE   ; 1      ; CLKBUFBLOCK_OUTPUT_X89_Y39_N7_I2      ; CLKBUFBLOCK_OUTPUT       ;
;   1.572 ;   0.000  ;    ; RE   ; 1      ; GCLK_CLUSTER_RE_X89_Y39_N6_I12        ; GCLK_CLUSTER_RE          ;
;   1.572 ;   0.000  ;    ; RE   ; 1      ; CLKBUF_CLUSTER_RE_X89_Y39_N3_I416     ; CLKBUF_CLUSTER_RE        ;
;   2.335 ;   0.763  ;    ; RE   ; 6      ; GLOBAL_CLOCK_X0_Y36_N0_I9             ; GLOBAL_CLOCK             ;
;   2.473 ;   0.138  ;    ; RE   ; 18     ; SPINE_CLOCK_X33_Y19_N0_I22            ; SPINE_CLOCK              ;
;   2.862 ;   0.389  ;    ; RE   ; 1      ; SCLK_TO_ROWCLK_BUF_X33_Y33_N0_I133    ; SCLK_TO_ROWCLK_BUF       ;
;   2.953 ;   0.091  ;    ; RE   ; 2      ; SCLK_TO_ROWCLK_BUF_X33_Y33_N0_I136    ; SCLK_TO_ROWCLK_BUF       ;
;   3.425 ;   0.472  ;    ; RE   ; 8      ; LAB_CLK_X34_Y33_N0_I5                 ; LAB_CLK                  ;
;   3.558 ;   0.133  ;    ; RE   ; 1      ; BLK_CLK_BUF_X42_Y33_N0_I5             ; BLK_CLK_BUF              ;
;   3.613 ;   0.055  ;    ; RE   ; 1      ; ROWCLKSEL_PREBUF_X42_Y33_N0_I5        ; ROWCLKSEL_PREBUF         ;
;   3.667 ;   0.054  ;    ; RE   ; 1      ; ROWCLKSEL_X42_Y33_N0_I0               ; ROWCLKSEL                ;
;   3.667 ;   0.000  ;    ; RE   ; 1      ; GLOBAL_LOCAL_SEL_X42_Y33_N0_I0        ; GLOBAL_LOCAL_SEL         ;
;   3.667 ;   0.000  ;    ; RE   ; 5      ; LAB_INPUT_X42_Y33_N0_I0               ; LAB_INPUT                ;
;   3.666 ;   -0.001 ; RR ; IC   ; 1      ; FF_X42_Y33_N26                        ; state_array[3][2][3]|clk ;
;   4.230 ;   0.564  ; RR ; CELL ; 1      ; FF_X42_Y33_N26                        ; state_array[3][2][3]     ;
; 4.881   ; 0.651    ;    ;      ;        ;                                       ; data path                ;
;   4.230 ;   0.000  ;    ; uTco ; 1      ; FF_X42_Y33_N26                        ; state_array[3][2][3]     ;
;   4.230 ;   0.000  ; FF ; CELL ; 6      ; FF_X42_Y33_N26                        ; state_array[3][2][3]|q   ;
;   4.230 ;   0.000  ;    ; RE   ; 2      ; FF_X42_Y33_N26                        ; ARRIAV_FF                ;
;   4.230 ;   0.000  ; FF ; IC   ; 1      ; LABCELL_X42_Y33_N24                   ; state_array~95|datae     ;
;   4.798 ;   0.568  ; FF ; CELL ; 1      ; LABCELL_X42_Y33_N24                   ; state_array~95|combout   ;
;   4.798 ;   0.000  ;    ; RE   ; 1      ; LABCELL_X42_Y33_N24                   ; ARRIAV_LCELL_COMB        ;
;   4.798 ;   0.000  ; FF ; IC   ; 1      ; FF_X42_Y33_N26                        ; state_array[3][2][3]|d   ;
;   4.881 ;   0.083  ; FF ; CELL ; 1      ; FF_X42_Y33_N26                        ; state_array[3][2][3]     ;
+---------+----------+----+------+--------+---------------------------------------+--------------------------+

+------------------------------------------------------------------------------------------------------------+
; Data Required Path                                                                                         ;
+---------+----------+----+------+--------+---------------------------------------+--------------------------+
; Total   ; Incr     ; RF ; Type ; Fanout ; Location                              ; Element                  ;
+---------+----------+----+------+--------+---------------------------------------+--------------------------+
; 0.000   ; 0.000    ;    ;      ;        ;                                       ; latch edge time          ;
; 4.357   ; 4.357    ;    ;      ;        ;                                       ; clock path               ;
;   0.000 ;   0.000  ;    ;      ;        ;                                       ; source latency           ;
;   0.000 ;   0.000  ;    ;      ; 1      ; PIN_M16                               ; clk                      ;
;   0.000 ;   0.000  ;    ; RE   ; 1      ; IOPAD_X89_Y35_N60                     ; ARRIAV_IO_PAD            ;
;   0.000 ;   0.000  ;    ; RE   ; 1      ; IO_PAD_OUTPUT_X89_Y35_N60_I1          ; IO_PAD_OUTPUT            ;
;   0.000 ;   0.000  ;    ; RE   ; 1      ; IO_INPUT_BUFFER_INPUT_X89_Y35_N61_I0  ; IO_INPUT_BUFFER_INPUT    ;
;   0.000 ;   0.000  ; RR ; IC   ; 1      ; IOIBUF_X89_Y35_N61                    ; clk~input|i              ;
;   0.739 ;   0.739  ; RR ; CELL ; 1      ; IOIBUF_X89_Y35_N61                    ; clk~input|o              ;
;   0.739 ;   0.000  ;    ; RE   ; 1      ; IOIBUF_X89_Y35_N61                    ; ARRIAV_IO_IBUF           ;
;   0.739 ;   0.000  ;    ; RE   ; 1      ; IO_INPUT_BUFFER_OUTPUT_X89_Y35_N61_I2 ; IO_INPUT_BUFFER_OUTPUT   ;
;   0.739 ;   0.000  ;    ; RE   ; 1      ; IO_RE_X89_Y35_N60_I96                 ; IO_RE                    ;
;   0.833 ;   0.094  ;    ; RE   ; 1      ; IO_RE_X89_Y35_N60_I66                 ; IO_RE                    ;
;   1.125 ;   0.292  ;    ; RE   ; 1      ; CLKBUF_CLUSTER_RE_X89_Y39_N3_I421     ; CLKBUF_CLUSTER_RE        ;
;   1.125 ;   0.000  ;    ; RE   ; 1      ; CLKBUF_CLUSTER_RE_X89_Y39_N3_I772     ; CLKBUF_CLUSTER_RE        ;
;   1.125 ;   0.000  ;    ; RE   ; 1      ; CLKBUF_CLUSTER_RE_X89_Y39_N3_I557     ; CLKBUF_CLUSTER_RE        ;
;   1.125 ;   0.000  ;    ; RE   ; 1      ; GCLK_CLUSTER_RE_X89_Y39_N6_I10        ; GCLK_CLUSTER_RE          ;
;   1.125 ;   0.000  ;    ; RE   ; 1      ; CLKBUFBLOCK_INPUT_X89_Y39_N7_I0       ; CLKBUFBLOCK_INPUT        ;
;   1.125 ;   0.000  ; RR ; IC   ; 1      ; CLKCTRL_G9                            ; clk~inputCLKENA0|inclk   ;
;   1.632 ;   0.507  ; RR ; CELL ; 1673   ; CLKCTRL_G9                            ; clk~inputCLKENA0|outclk  ;
;   1.632 ;   0.000  ;    ; RE   ; 1      ; CLKCTRL_G9                            ; ARRIAV_CLKBUF            ;
;   1.632 ;   0.000  ;    ; RE   ; 1      ; CLKBUFBLOCK_OUTPUT_X89_Y39_N7_I2      ; CLKBUFBLOCK_OUTPUT       ;
;   1.632 ;   0.000  ;    ; RE   ; 1      ; GCLK_CLUSTER_RE_X89_Y39_N6_I12        ; GCLK_CLUSTER_RE          ;
;   1.632 ;   0.000  ;    ; RE   ; 1      ; CLKBUF_CLUSTER_RE_X89_Y39_N3_I416     ; CLKBUF_CLUSTER_RE        ;
;   2.438 ;   0.806  ;    ; RE   ; 6      ; GLOBAL_CLOCK_X0_Y36_N0_I9             ; GLOBAL_CLOCK             ;
;   2.580 ;   0.142  ;    ; RE   ; 18     ; SPINE_CLOCK_X33_Y19_N0_I22            ; SPINE_CLOCK              ;
;   2.983 ;   0.403  ;    ; RE   ; 1      ; SCLK_TO_ROWCLK_BUF_X33_Y33_N0_I133    ; SCLK_TO_ROWCLK_BUF       ;
;   3.077 ;   0.094  ;    ; RE   ; 2      ; SCLK_TO_ROWCLK_BUF_X33_Y33_N0_I136    ; SCLK_TO_ROWCLK_BUF       ;
;   3.566 ;   0.489  ;    ; RE   ; 8      ; LAB_CLK_X34_Y33_N0_I5                 ; LAB_CLK                  ;
;   3.710 ;   0.144  ;    ; RE   ; 1      ; BLK_CLK_BUF_X42_Y33_N0_I5             ; BLK_CLK_BUF              ;
;   3.766 ;   0.056  ;    ; RE   ; 1      ; ROWCLKSEL_PREBUF_X42_Y33_N0_I5        ; ROWCLKSEL_PREBUF         ;
;   3.824 ;   0.058  ;    ; RE   ; 1      ; ROWCLKSEL_X42_Y33_N0_I0               ; ROWCLKSEL                ;
;   3.824 ;   0.000  ;    ; RE   ; 1      ; GLOBAL_LOCAL_SEL_X42_Y33_N0_I0        ; GLOBAL_LOCAL_SEL         ;
;   3.824 ;   0.000  ;    ; RE   ; 5      ; LAB_INPUT_X42_Y33_N0_I0               ; LAB_INPUT                ;
;   3.826 ;   0.002  ; RR ; IC   ; 1      ; FF_X42_Y33_N26                        ; state_array[3][2][3]|clk ;
;   4.481 ;   0.655  ; RR ; CELL ; 1      ; FF_X42_Y33_N26                        ; state_array[3][2][3]     ;
;   4.357 ;   -0.124 ;    ;      ;        ;                                       ; clock pessimism removed  ;
; 4.357   ; 0.000    ;    ;      ;        ;                                       ; clock uncertainty        ;
; 4.357   ; 0.000    ;    ; uTh  ; 1      ; FF_X42_Y33_N26                        ; state_array[3][2][3]     ;
+---------+----------+----+------+--------+---------------------------------------+--------------------------+

----------------------------
; Extra Fitter Information ;
----------------------------
HTML report is unavailable in plain text report export.


Path #19: Hold slack is 0.524 
===============================================================================
+-------------------------------------------+
; Path Summary                              ;
+--------------------+----------------------+
; Property           ; Value                ;
+--------------------+----------------------+
; From Node          ; state_array[4][2][3] ;
; To Node            ; state_array[4][2][3] ;
; Launch Clock       ; clk                  ;
; Latch Clock        ; clk                  ;
; Data Arrival Time  ; 4.881                ;
; Data Required Time ; 4.357                ;
; Slack              ; 0.524                ;
+--------------------+----------------------+

+------------------------------------------------------------------------------------+
; Statistics                                                                         ;
+------------------------+-------+-------+-------------+------------+--------+-------+
; Property               ; Value ; Count ; Total Delay ; % of Total ; Min    ; Max   ;
+------------------------+-------+-------+-------------+------------+--------+-------+
; Hold Relationship      ; 0.000 ;       ;             ;            ;        ;       ;
; Clock Skew             ; 0.127 ;       ;             ;            ;        ;       ;
; Data Delay             ; 0.651 ;       ;             ;            ;        ;       ;
; Number of Logic Levels ;       ; 1     ;             ;            ;        ;       ;
; Physical Delays        ;       ;       ;             ;            ;        ;       ;
;  Arrival Path          ;       ;       ;             ;            ;        ;       ;
;   Clock                ;       ;       ;             ;            ;        ;       ;
;    IC                  ;       ; 3     ; -0.001      ; 0          ; -0.001 ; 0.000 ;
;    Cell                ;       ; 3     ; 1.773       ; 42         ; 0.470  ; 0.739 ;
;    Routing Element     ;       ; 26    ; 2.458       ; 58         ; 0.000  ; 0.763 ;
;   Data                 ;       ;       ;             ;            ;        ;       ;
;    IC                  ;       ; 2     ; 0.000       ; 0          ; 0.000  ; 0.000 ;
;    Cell                ;       ; 3     ; 0.651       ; 100        ; 0.000  ; 0.568 ;
;    uTco                ;       ; 1     ; 0.000       ; 0          ; 0.000  ; 0.000 ;
;    Routing Element     ;       ; 2     ; 0.000       ; 0          ; 0.000  ; 0.000 ;
;  Required Path         ;       ;       ;             ;            ;        ;       ;
;   Clock                ;       ;       ;             ;            ;        ;       ;
;    IC                  ;       ; 3     ; 0.002       ; 0          ; 0.000  ; 0.002 ;
;    Cell                ;       ; 3     ; 1.901       ; 42         ; 0.507  ; 0.739 ;
;    Routing Element     ;       ; 26    ; 2.578       ; 58         ; 0.000  ; 0.806 ;
+------------------------+-------+-------+-------------+------------+--------+-------+
Note: Negative delays are omitted from totals when calculating percentages

+------------------------------------------------------------------------------------------------------------+
; Data Arrival Path                                                                                          ;
+---------+----------+----+------+--------+---------------------------------------+--------------------------+
; Total   ; Incr     ; RF ; Type ; Fanout ; Location                              ; Element                  ;
+---------+----------+----+------+--------+---------------------------------------+--------------------------+
; 0.000   ; 0.000    ;    ;      ;        ;                                       ; launch edge time         ;
; 4.230   ; 4.230    ;    ;      ;        ;                                       ; clock path               ;
;   0.000 ;   0.000  ;    ;      ;        ;                                       ; source latency           ;
;   0.000 ;   0.000  ;    ;      ; 1      ; PIN_M16                               ; clk                      ;
;   0.000 ;   0.000  ;    ; RE   ; 1      ; IOPAD_X89_Y35_N60                     ; ARRIAV_IO_PAD            ;
;   0.000 ;   0.000  ;    ; RE   ; 1      ; IO_PAD_OUTPUT_X89_Y35_N60_I1          ; IO_PAD_OUTPUT            ;
;   0.000 ;   0.000  ;    ; RE   ; 1      ; IO_INPUT_BUFFER_INPUT_X89_Y35_N61_I0  ; IO_INPUT_BUFFER_INPUT    ;
;   0.000 ;   0.000  ; RR ; IC   ; 1      ; IOIBUF_X89_Y35_N61                    ; clk~input|i              ;
;   0.739 ;   0.739  ; RR ; CELL ; 1      ; IOIBUF_X89_Y35_N61                    ; clk~input|o              ;
;   0.739 ;   0.000  ;    ; RE   ; 1      ; IOIBUF_X89_Y35_N61                    ; ARRIAV_IO_IBUF           ;
;   0.739 ;   0.000  ;    ; RE   ; 1      ; IO_INPUT_BUFFER_OUTPUT_X89_Y35_N61_I2 ; IO_INPUT_BUFFER_OUTPUT   ;
;   0.739 ;   0.000  ;    ; RE   ; 1      ; IO_RE_X89_Y35_N60_I96                 ; IO_RE                    ;
;   0.827 ;   0.088  ;    ; RE   ; 1      ; IO_RE_X89_Y35_N60_I66                 ; IO_RE                    ;
;   1.102 ;   0.275  ;    ; RE   ; 1      ; CLKBUF_CLUSTER_RE_X89_Y39_N3_I421     ; CLKBUF_CLUSTER_RE        ;
;   1.102 ;   0.000  ;    ; RE   ; 1      ; CLKBUF_CLUSTER_RE_X89_Y39_N3_I772     ; CLKBUF_CLUSTER_RE        ;
;   1.102 ;   0.000  ;    ; RE   ; 1      ; CLKBUF_CLUSTER_RE_X89_Y39_N3_I557     ; CLKBUF_CLUSTER_RE        ;
;   1.102 ;   0.000  ;    ; RE   ; 1      ; GCLK_CLUSTER_RE_X89_Y39_N6_I10        ; GCLK_CLUSTER_RE          ;
;   1.102 ;   0.000  ;    ; RE   ; 1      ; CLKBUFBLOCK_INPUT_X89_Y39_N7_I0       ; CLKBUFBLOCK_INPUT        ;
;   1.102 ;   0.000  ; RR ; IC   ; 1      ; CLKCTRL_G9                            ; clk~inputCLKENA0|inclk   ;
;   1.572 ;   0.470  ; RR ; CELL ; 1673   ; CLKCTRL_G9                            ; clk~inputCLKENA0|outclk  ;
;   1.572 ;   0.000  ;    ; RE   ; 1      ; CLKCTRL_G9                            ; ARRIAV_CLKBUF            ;
;   1.572 ;   0.000  ;    ; RE   ; 1      ; CLKBUFBLOCK_OUTPUT_X89_Y39_N7_I2      ; CLKBUFBLOCK_OUTPUT       ;
;   1.572 ;   0.000  ;    ; RE   ; 1      ; GCLK_CLUSTER_RE_X89_Y39_N6_I12        ; GCLK_CLUSTER_RE          ;
;   1.572 ;   0.000  ;    ; RE   ; 1      ; CLKBUF_CLUSTER_RE_X89_Y39_N3_I416     ; CLKBUF_CLUSTER_RE        ;
;   2.335 ;   0.763  ;    ; RE   ; 6      ; GLOBAL_CLOCK_X0_Y36_N0_I9             ; GLOBAL_CLOCK             ;
;   2.473 ;   0.138  ;    ; RE   ; 18     ; SPINE_CLOCK_X33_Y19_N0_I22            ; SPINE_CLOCK              ;
;   2.862 ;   0.389  ;    ; RE   ; 1      ; SCLK_TO_ROWCLK_BUF_X33_Y33_N0_I133    ; SCLK_TO_ROWCLK_BUF       ;
;   2.953 ;   0.091  ;    ; RE   ; 2      ; SCLK_TO_ROWCLK_BUF_X33_Y33_N0_I136    ; SCLK_TO_ROWCLK_BUF       ;
;   3.425 ;   0.472  ;    ; RE   ; 8      ; LAB_CLK_X34_Y33_N0_I5                 ; LAB_CLK                  ;
;   3.558 ;   0.133  ;    ; RE   ; 1      ; BLK_CLK_BUF_X42_Y33_N0_I5             ; BLK_CLK_BUF              ;
;   3.613 ;   0.055  ;    ; RE   ; 1      ; ROWCLKSEL_PREBUF_X42_Y33_N0_I5        ; ROWCLKSEL_PREBUF         ;
;   3.667 ;   0.054  ;    ; RE   ; 1      ; ROWCLKSEL_X42_Y33_N0_I0               ; ROWCLKSEL                ;
;   3.667 ;   0.000  ;    ; RE   ; 1      ; GLOBAL_LOCAL_SEL_X42_Y33_N0_I0        ; GLOBAL_LOCAL_SEL         ;
;   3.667 ;   0.000  ;    ; RE   ; 5      ; LAB_INPUT_X42_Y33_N0_I0               ; LAB_INPUT                ;
;   3.666 ;   -0.001 ; RR ; IC   ; 1      ; FF_X42_Y33_N56                        ; state_array[4][2][3]|clk ;
;   4.230 ;   0.564  ; RR ; CELL ; 1      ; FF_X42_Y33_N56                        ; state_array[4][2][3]     ;
; 4.881   ; 0.651    ;    ;      ;        ;                                       ; data path                ;
;   4.230 ;   0.000  ;    ; uTco ; 1      ; FF_X42_Y33_N56                        ; state_array[4][2][3]     ;
;   4.230 ;   0.000  ; FF ; CELL ; 6      ; FF_X42_Y33_N56                        ; state_array[4][2][3]|q   ;
;   4.230 ;   0.000  ;    ; RE   ; 2      ; FF_X42_Y33_N56                        ; ARRIAV_FF                ;
;   4.230 ;   0.000  ; FF ; IC   ; 1      ; LABCELL_X42_Y33_N54                   ; state_array~91|datae     ;
;   4.798 ;   0.568  ; FF ; CELL ; 1      ; LABCELL_X42_Y33_N54                   ; state_array~91|combout   ;
;   4.798 ;   0.000  ;    ; RE   ; 1      ; LABCELL_X42_Y33_N54                   ; ARRIAV_LCELL_COMB        ;
;   4.798 ;   0.000  ; FF ; IC   ; 1      ; FF_X42_Y33_N56                        ; state_array[4][2][3]|d   ;
;   4.881 ;   0.083  ; FF ; CELL ; 1      ; FF_X42_Y33_N56                        ; state_array[4][2][3]     ;
+---------+----------+----+------+--------+---------------------------------------+--------------------------+

+------------------------------------------------------------------------------------------------------------+
; Data Required Path                                                                                         ;
+---------+----------+----+------+--------+---------------------------------------+--------------------------+
; Total   ; Incr     ; RF ; Type ; Fanout ; Location                              ; Element                  ;
+---------+----------+----+------+--------+---------------------------------------+--------------------------+
; 0.000   ; 0.000    ;    ;      ;        ;                                       ; latch edge time          ;
; 4.357   ; 4.357    ;    ;      ;        ;                                       ; clock path               ;
;   0.000 ;   0.000  ;    ;      ;        ;                                       ; source latency           ;
;   0.000 ;   0.000  ;    ;      ; 1      ; PIN_M16                               ; clk                      ;
;   0.000 ;   0.000  ;    ; RE   ; 1      ; IOPAD_X89_Y35_N60                     ; ARRIAV_IO_PAD            ;
;   0.000 ;   0.000  ;    ; RE   ; 1      ; IO_PAD_OUTPUT_X89_Y35_N60_I1          ; IO_PAD_OUTPUT            ;
;   0.000 ;   0.000  ;    ; RE   ; 1      ; IO_INPUT_BUFFER_INPUT_X89_Y35_N61_I0  ; IO_INPUT_BUFFER_INPUT    ;
;   0.000 ;   0.000  ; RR ; IC   ; 1      ; IOIBUF_X89_Y35_N61                    ; clk~input|i              ;
;   0.739 ;   0.739  ; RR ; CELL ; 1      ; IOIBUF_X89_Y35_N61                    ; clk~input|o              ;
;   0.739 ;   0.000  ;    ; RE   ; 1      ; IOIBUF_X89_Y35_N61                    ; ARRIAV_IO_IBUF           ;
;   0.739 ;   0.000  ;    ; RE   ; 1      ; IO_INPUT_BUFFER_OUTPUT_X89_Y35_N61_I2 ; IO_INPUT_BUFFER_OUTPUT   ;
;   0.739 ;   0.000  ;    ; RE   ; 1      ; IO_RE_X89_Y35_N60_I96                 ; IO_RE                    ;
;   0.833 ;   0.094  ;    ; RE   ; 1      ; IO_RE_X89_Y35_N60_I66                 ; IO_RE                    ;
;   1.125 ;   0.292  ;    ; RE   ; 1      ; CLKBUF_CLUSTER_RE_X89_Y39_N3_I421     ; CLKBUF_CLUSTER_RE        ;
;   1.125 ;   0.000  ;    ; RE   ; 1      ; CLKBUF_CLUSTER_RE_X89_Y39_N3_I772     ; CLKBUF_CLUSTER_RE        ;
;   1.125 ;   0.000  ;    ; RE   ; 1      ; CLKBUF_CLUSTER_RE_X89_Y39_N3_I557     ; CLKBUF_CLUSTER_RE        ;
;   1.125 ;   0.000  ;    ; RE   ; 1      ; GCLK_CLUSTER_RE_X89_Y39_N6_I10        ; GCLK_CLUSTER_RE          ;
;   1.125 ;   0.000  ;    ; RE   ; 1      ; CLKBUFBLOCK_INPUT_X89_Y39_N7_I0       ; CLKBUFBLOCK_INPUT        ;
;   1.125 ;   0.000  ; RR ; IC   ; 1      ; CLKCTRL_G9                            ; clk~inputCLKENA0|inclk   ;
;   1.632 ;   0.507  ; RR ; CELL ; 1673   ; CLKCTRL_G9                            ; clk~inputCLKENA0|outclk  ;
;   1.632 ;   0.000  ;    ; RE   ; 1      ; CLKCTRL_G9                            ; ARRIAV_CLKBUF            ;
;   1.632 ;   0.000  ;    ; RE   ; 1      ; CLKBUFBLOCK_OUTPUT_X89_Y39_N7_I2      ; CLKBUFBLOCK_OUTPUT       ;
;   1.632 ;   0.000  ;    ; RE   ; 1      ; GCLK_CLUSTER_RE_X89_Y39_N6_I12        ; GCLK_CLUSTER_RE          ;
;   1.632 ;   0.000  ;    ; RE   ; 1      ; CLKBUF_CLUSTER_RE_X89_Y39_N3_I416     ; CLKBUF_CLUSTER_RE        ;
;   2.438 ;   0.806  ;    ; RE   ; 6      ; GLOBAL_CLOCK_X0_Y36_N0_I9             ; GLOBAL_CLOCK             ;
;   2.580 ;   0.142  ;    ; RE   ; 18     ; SPINE_CLOCK_X33_Y19_N0_I22            ; SPINE_CLOCK              ;
;   2.983 ;   0.403  ;    ; RE   ; 1      ; SCLK_TO_ROWCLK_BUF_X33_Y33_N0_I133    ; SCLK_TO_ROWCLK_BUF       ;
;   3.077 ;   0.094  ;    ; RE   ; 2      ; SCLK_TO_ROWCLK_BUF_X33_Y33_N0_I136    ; SCLK_TO_ROWCLK_BUF       ;
;   3.566 ;   0.489  ;    ; RE   ; 8      ; LAB_CLK_X34_Y33_N0_I5                 ; LAB_CLK                  ;
;   3.710 ;   0.144  ;    ; RE   ; 1      ; BLK_CLK_BUF_X42_Y33_N0_I5             ; BLK_CLK_BUF              ;
;   3.766 ;   0.056  ;    ; RE   ; 1      ; ROWCLKSEL_PREBUF_X42_Y33_N0_I5        ; ROWCLKSEL_PREBUF         ;
;   3.824 ;   0.058  ;    ; RE   ; 1      ; ROWCLKSEL_X42_Y33_N0_I0               ; ROWCLKSEL                ;
;   3.824 ;   0.000  ;    ; RE   ; 1      ; GLOBAL_LOCAL_SEL_X42_Y33_N0_I0        ; GLOBAL_LOCAL_SEL         ;
;   3.824 ;   0.000  ;    ; RE   ; 5      ; LAB_INPUT_X42_Y33_N0_I0               ; LAB_INPUT                ;
;   3.826 ;   0.002  ; RR ; IC   ; 1      ; FF_X42_Y33_N56                        ; state_array[4][2][3]|clk ;
;   4.481 ;   0.655  ; RR ; CELL ; 1      ; FF_X42_Y33_N56                        ; state_array[4][2][3]     ;
;   4.357 ;   -0.124 ;    ;      ;        ;                                       ; clock pessimism removed  ;
; 4.357   ; 0.000    ;    ;      ;        ;                                       ; clock uncertainty        ;
; 4.357   ; 0.000    ;    ; uTh  ; 1      ; FF_X42_Y33_N56                        ; state_array[4][2][3]     ;
+---------+----------+----+------+--------+---------------------------------------+--------------------------+

----------------------------
; Extra Fitter Information ;
----------------------------
HTML report is unavailable in plain text report export.


Path #20: Hold slack is 0.524 
===============================================================================
+--------------------------------------------+
; Path Summary                               ;
+--------------------+-----------------------+
; Property           ; Value                 ;
+--------------------+-----------------------+
; From Node          ; state_array[2][0][46] ;
; To Node            ; state_array[2][0][46] ;
; Launch Clock       ; clk                   ;
; Latch Clock        ; clk                   ;
; Data Arrival Time  ; 4.881                 ;
; Data Required Time ; 4.357                 ;
; Slack              ; 0.524                 ;
+--------------------+-----------------------+

+------------------------------------------------------------------------------------+
; Statistics                                                                         ;
+------------------------+-------+-------+-------------+------------+--------+-------+
; Property               ; Value ; Count ; Total Delay ; % of Total ; Min    ; Max   ;
+------------------------+-------+-------+-------------+------------+--------+-------+
; Hold Relationship      ; 0.000 ;       ;             ;            ;        ;       ;
; Clock Skew             ; 0.127 ;       ;             ;            ;        ;       ;
; Data Delay             ; 0.651 ;       ;             ;            ;        ;       ;
; Number of Logic Levels ;       ; 1     ;             ;            ;        ;       ;
; Physical Delays        ;       ;       ;             ;            ;        ;       ;
;  Arrival Path          ;       ;       ;             ;            ;        ;       ;
;   Clock                ;       ;       ;             ;            ;        ;       ;
;    IC                  ;       ; 3     ; -0.001      ; 0          ; -0.001 ; 0.000 ;
;    Cell                ;       ; 3     ; 1.773       ; 42         ; 0.470  ; 0.739 ;
;    Routing Element     ;       ; 26    ; 2.458       ; 58         ; 0.000  ; 0.763 ;
;   Data                 ;       ;       ;             ;            ;        ;       ;
;    IC                  ;       ; 2     ; 0.000       ; 0          ; 0.000  ; 0.000 ;
;    Cell                ;       ; 3     ; 0.651       ; 100        ; 0.000  ; 0.568 ;
;    uTco                ;       ; 1     ; 0.000       ; 0          ; 0.000  ; 0.000 ;
;    Routing Element     ;       ; 2     ; 0.000       ; 0          ; 0.000  ; 0.000 ;
;  Required Path         ;       ;       ;             ;            ;        ;       ;
;   Clock                ;       ;       ;             ;            ;        ;       ;
;    IC                  ;       ; 3     ; 0.002       ; 0          ; 0.000  ; 0.002 ;
;    Cell                ;       ; 3     ; 1.901       ; 42         ; 0.507  ; 0.739 ;
;    Routing Element     ;       ; 26    ; 2.578       ; 58         ; 0.000  ; 0.806 ;
+------------------------+-------+-------+-------------+------------+--------+-------+
Note: Negative delays are omitted from totals when calculating percentages

+-------------------------------------------------------------------------------------------------------------+
; Data Arrival Path                                                                                           ;
+---------+----------+----+------+--------+---------------------------------------+---------------------------+
; Total   ; Incr     ; RF ; Type ; Fanout ; Location                              ; Element                   ;
+---------+----------+----+------+--------+---------------------------------------+---------------------------+
; 0.000   ; 0.000    ;    ;      ;        ;                                       ; launch edge time          ;
; 4.230   ; 4.230    ;    ;      ;        ;                                       ; clock path                ;
;   0.000 ;   0.000  ;    ;      ;        ;                                       ; source latency            ;
;   0.000 ;   0.000  ;    ;      ; 1      ; PIN_M16                               ; clk                       ;
;   0.000 ;   0.000  ;    ; RE   ; 1      ; IOPAD_X89_Y35_N60                     ; ARRIAV_IO_PAD             ;
;   0.000 ;   0.000  ;    ; RE   ; 1      ; IO_PAD_OUTPUT_X89_Y35_N60_I1          ; IO_PAD_OUTPUT             ;
;   0.000 ;   0.000  ;    ; RE   ; 1      ; IO_INPUT_BUFFER_INPUT_X89_Y35_N61_I0  ; IO_INPUT_BUFFER_INPUT     ;
;   0.000 ;   0.000  ; RR ; IC   ; 1      ; IOIBUF_X89_Y35_N61                    ; clk~input|i               ;
;   0.739 ;   0.739  ; RR ; CELL ; 1      ; IOIBUF_X89_Y35_N61                    ; clk~input|o               ;
;   0.739 ;   0.000  ;    ; RE   ; 1      ; IOIBUF_X89_Y35_N61                    ; ARRIAV_IO_IBUF            ;
;   0.739 ;   0.000  ;    ; RE   ; 1      ; IO_INPUT_BUFFER_OUTPUT_X89_Y35_N61_I2 ; IO_INPUT_BUFFER_OUTPUT    ;
;   0.739 ;   0.000  ;    ; RE   ; 1      ; IO_RE_X89_Y35_N60_I96                 ; IO_RE                     ;
;   0.827 ;   0.088  ;    ; RE   ; 1      ; IO_RE_X89_Y35_N60_I66                 ; IO_RE                     ;
;   1.102 ;   0.275  ;    ; RE   ; 1      ; CLKBUF_CLUSTER_RE_X89_Y39_N3_I421     ; CLKBUF_CLUSTER_RE         ;
;   1.102 ;   0.000  ;    ; RE   ; 1      ; CLKBUF_CLUSTER_RE_X89_Y39_N3_I772     ; CLKBUF_CLUSTER_RE         ;
;   1.102 ;   0.000  ;    ; RE   ; 1      ; CLKBUF_CLUSTER_RE_X89_Y39_N3_I557     ; CLKBUF_CLUSTER_RE         ;
;   1.102 ;   0.000  ;    ; RE   ; 1      ; GCLK_CLUSTER_RE_X89_Y39_N6_I10        ; GCLK_CLUSTER_RE           ;
;   1.102 ;   0.000  ;    ; RE   ; 1      ; CLKBUFBLOCK_INPUT_X89_Y39_N7_I0       ; CLKBUFBLOCK_INPUT         ;
;   1.102 ;   0.000  ; RR ; IC   ; 1      ; CLKCTRL_G9                            ; clk~inputCLKENA0|inclk    ;
;   1.572 ;   0.470  ; RR ; CELL ; 1673   ; CLKCTRL_G9                            ; clk~inputCLKENA0|outclk   ;
;   1.572 ;   0.000  ;    ; RE   ; 1      ; CLKCTRL_G9                            ; ARRIAV_CLKBUF             ;
;   1.572 ;   0.000  ;    ; RE   ; 1      ; CLKBUFBLOCK_OUTPUT_X89_Y39_N7_I2      ; CLKBUFBLOCK_OUTPUT        ;
;   1.572 ;   0.000  ;    ; RE   ; 1      ; GCLK_CLUSTER_RE_X89_Y39_N6_I12        ; GCLK_CLUSTER_RE           ;
;   1.572 ;   0.000  ;    ; RE   ; 1      ; CLKBUF_CLUSTER_RE_X89_Y39_N3_I416     ; CLKBUF_CLUSTER_RE         ;
;   2.335 ;   0.763  ;    ; RE   ; 6      ; GLOBAL_CLOCK_X0_Y36_N0_I9             ; GLOBAL_CLOCK              ;
;   2.473 ;   0.138  ;    ; RE   ; 18     ; SPINE_CLOCK_X33_Y19_N0_I22            ; SPINE_CLOCK               ;
;   2.862 ;   0.389  ;    ; RE   ; 1      ; SCLK_TO_ROWCLK_BUF_X33_Y33_N0_I133    ; SCLK_TO_ROWCLK_BUF        ;
;   2.953 ;   0.091  ;    ; RE   ; 2      ; SCLK_TO_ROWCLK_BUF_X33_Y33_N0_I136    ; SCLK_TO_ROWCLK_BUF        ;
;   3.425 ;   0.472  ;    ; RE   ; 8      ; LAB_CLK_X34_Y33_N0_I5                 ; LAB_CLK                   ;
;   3.558 ;   0.133  ;    ; RE   ; 1      ; BLK_CLK_BUF_X43_Y33_N0_I5             ; BLK_CLK_BUF               ;
;   3.613 ;   0.055  ;    ; RE   ; 1      ; ROWCLKSEL_PREBUF_X43_Y33_N0_I5        ; ROWCLKSEL_PREBUF          ;
;   3.667 ;   0.054  ;    ; RE   ; 1      ; ROWCLKSEL_X43_Y33_N0_I0               ; ROWCLKSEL                 ;
;   3.667 ;   0.000  ;    ; RE   ; 1      ; GLOBAL_LOCAL_SEL_X43_Y33_N0_I0        ; GLOBAL_LOCAL_SEL          ;
;   3.667 ;   0.000  ;    ; RE   ; 6      ; LAB_INPUT_X43_Y33_N0_I0               ; LAB_INPUT                 ;
;   3.666 ;   -0.001 ; RR ; IC   ; 1      ; FF_X43_Y33_N38                        ; state_array[2][0][46]|clk ;
;   4.230 ;   0.564  ; RR ; CELL ; 1      ; FF_X43_Y33_N38                        ; state_array[2][0][46]     ;
; 4.881   ; 0.651    ;    ;      ;        ;                                       ; data path                 ;
;   4.230 ;   0.000  ;    ; uTco ; 1      ; FF_X43_Y33_N38                        ; state_array[2][0][46]     ;
;   4.230 ;   0.000  ; FF ; CELL ; 7      ; FF_X43_Y33_N38                        ; state_array[2][0][46]|q   ;
;   4.230 ;   0.000  ;    ; RE   ; 2      ; FF_X43_Y33_N38                        ; ARRIAV_FF                 ;
;   4.230 ;   0.000  ; FF ; IC   ; 1      ; LABCELL_X43_Y33_N36                   ; state_array~1163|datae    ;
;   4.798 ;   0.568  ; FF ; CELL ; 1      ; LABCELL_X43_Y33_N36                   ; state_array~1163|combout  ;
;   4.798 ;   0.000  ;    ; RE   ; 1      ; LABCELL_X43_Y33_N36                   ; ARRIAV_LCELL_COMB         ;
;   4.798 ;   0.000  ; FF ; IC   ; 1      ; FF_X43_Y33_N38                        ; state_array[2][0][46]|d   ;
;   4.881 ;   0.083  ; FF ; CELL ; 1      ; FF_X43_Y33_N38                        ; state_array[2][0][46]     ;
+---------+----------+----+------+--------+---------------------------------------+---------------------------+

+-------------------------------------------------------------------------------------------------------------+
; Data Required Path                                                                                          ;
+---------+----------+----+------+--------+---------------------------------------+---------------------------+
; Total   ; Incr     ; RF ; Type ; Fanout ; Location                              ; Element                   ;
+---------+----------+----+------+--------+---------------------------------------+---------------------------+
; 0.000   ; 0.000    ;    ;      ;        ;                                       ; latch edge time           ;
; 4.357   ; 4.357    ;    ;      ;        ;                                       ; clock path                ;
;   0.000 ;   0.000  ;    ;      ;        ;                                       ; source latency            ;
;   0.000 ;   0.000  ;    ;      ; 1      ; PIN_M16                               ; clk                       ;
;   0.000 ;   0.000  ;    ; RE   ; 1      ; IOPAD_X89_Y35_N60                     ; ARRIAV_IO_PAD             ;
;   0.000 ;   0.000  ;    ; RE   ; 1      ; IO_PAD_OUTPUT_X89_Y35_N60_I1          ; IO_PAD_OUTPUT             ;
;   0.000 ;   0.000  ;    ; RE   ; 1      ; IO_INPUT_BUFFER_INPUT_X89_Y35_N61_I0  ; IO_INPUT_BUFFER_INPUT     ;
;   0.000 ;   0.000  ; RR ; IC   ; 1      ; IOIBUF_X89_Y35_N61                    ; clk~input|i               ;
;   0.739 ;   0.739  ; RR ; CELL ; 1      ; IOIBUF_X89_Y35_N61                    ; clk~input|o               ;
;   0.739 ;   0.000  ;    ; RE   ; 1      ; IOIBUF_X89_Y35_N61                    ; ARRIAV_IO_IBUF            ;
;   0.739 ;   0.000  ;    ; RE   ; 1      ; IO_INPUT_BUFFER_OUTPUT_X89_Y35_N61_I2 ; IO_INPUT_BUFFER_OUTPUT    ;
;   0.739 ;   0.000  ;    ; RE   ; 1      ; IO_RE_X89_Y35_N60_I96                 ; IO_RE                     ;
;   0.833 ;   0.094  ;    ; RE   ; 1      ; IO_RE_X89_Y35_N60_I66                 ; IO_RE                     ;
;   1.125 ;   0.292  ;    ; RE   ; 1      ; CLKBUF_CLUSTER_RE_X89_Y39_N3_I421     ; CLKBUF_CLUSTER_RE         ;
;   1.125 ;   0.000  ;    ; RE   ; 1      ; CLKBUF_CLUSTER_RE_X89_Y39_N3_I772     ; CLKBUF_CLUSTER_RE         ;
;   1.125 ;   0.000  ;    ; RE   ; 1      ; CLKBUF_CLUSTER_RE_X89_Y39_N3_I557     ; CLKBUF_CLUSTER_RE         ;
;   1.125 ;   0.000  ;    ; RE   ; 1      ; GCLK_CLUSTER_RE_X89_Y39_N6_I10        ; GCLK_CLUSTER_RE           ;
;   1.125 ;   0.000  ;    ; RE   ; 1      ; CLKBUFBLOCK_INPUT_X89_Y39_N7_I0       ; CLKBUFBLOCK_INPUT         ;
;   1.125 ;   0.000  ; RR ; IC   ; 1      ; CLKCTRL_G9                            ; clk~inputCLKENA0|inclk    ;
;   1.632 ;   0.507  ; RR ; CELL ; 1673   ; CLKCTRL_G9                            ; clk~inputCLKENA0|outclk   ;
;   1.632 ;   0.000  ;    ; RE   ; 1      ; CLKCTRL_G9                            ; ARRIAV_CLKBUF             ;
;   1.632 ;   0.000  ;    ; RE   ; 1      ; CLKBUFBLOCK_OUTPUT_X89_Y39_N7_I2      ; CLKBUFBLOCK_OUTPUT        ;
;   1.632 ;   0.000  ;    ; RE   ; 1      ; GCLK_CLUSTER_RE_X89_Y39_N6_I12        ; GCLK_CLUSTER_RE           ;
;   1.632 ;   0.000  ;    ; RE   ; 1      ; CLKBUF_CLUSTER_RE_X89_Y39_N3_I416     ; CLKBUF_CLUSTER_RE         ;
;   2.438 ;   0.806  ;    ; RE   ; 6      ; GLOBAL_CLOCK_X0_Y36_N0_I9             ; GLOBAL_CLOCK              ;
;   2.580 ;   0.142  ;    ; RE   ; 18     ; SPINE_CLOCK_X33_Y19_N0_I22            ; SPINE_CLOCK               ;
;   2.983 ;   0.403  ;    ; RE   ; 1      ; SCLK_TO_ROWCLK_BUF_X33_Y33_N0_I133    ; SCLK_TO_ROWCLK_BUF        ;
;   3.077 ;   0.094  ;    ; RE   ; 2      ; SCLK_TO_ROWCLK_BUF_X33_Y33_N0_I136    ; SCLK_TO_ROWCLK_BUF        ;
;   3.566 ;   0.489  ;    ; RE   ; 8      ; LAB_CLK_X34_Y33_N0_I5                 ; LAB_CLK                   ;
;   3.710 ;   0.144  ;    ; RE   ; 1      ; BLK_CLK_BUF_X43_Y33_N0_I5             ; BLK_CLK_BUF               ;
;   3.766 ;   0.056  ;    ; RE   ; 1      ; ROWCLKSEL_PREBUF_X43_Y33_N0_I5        ; ROWCLKSEL_PREBUF          ;
;   3.824 ;   0.058  ;    ; RE   ; 1      ; ROWCLKSEL_X43_Y33_N0_I0               ; ROWCLKSEL                 ;
;   3.824 ;   0.000  ;    ; RE   ; 1      ; GLOBAL_LOCAL_SEL_X43_Y33_N0_I0        ; GLOBAL_LOCAL_SEL          ;
;   3.824 ;   0.000  ;    ; RE   ; 6      ; LAB_INPUT_X43_Y33_N0_I0               ; LAB_INPUT                 ;
;   3.826 ;   0.002  ; RR ; IC   ; 1      ; FF_X43_Y33_N38                        ; state_array[2][0][46]|clk ;
;   4.481 ;   0.655  ; RR ; CELL ; 1      ; FF_X43_Y33_N38                        ; state_array[2][0][46]     ;
;   4.357 ;   -0.124 ;    ;      ;        ;                                       ; clock pessimism removed   ;
; 4.357   ; 0.000    ;    ;      ;        ;                                       ; clock uncertainty         ;
; 4.357   ; 0.000    ;    ; uTh  ; 1      ; FF_X43_Y33_N38                        ; state_array[2][0][46]     ;
+---------+----------+----+------+--------+---------------------------------------+---------------------------+

----------------------------
; Extra Fitter Information ;
----------------------------
HTML report is unavailable in plain text report export.


